dataset,source,algorithm,sigma,true_mem,pred_mem,true_rt,pred_rt,pred_rt_median
accidents,training LODO,FPgrowth_Gen_Borgelt,0.3,101.22,26.788134934008056,0.593,1.1448748305919596,0.1452
accidents,training LODO,FPgrowth_Gen_Borgelt,0.4,87.92,22.972189983142435,0.4903,1.1441354413062452,0.1452
accidents,training LODO,FPgrowth_Gen_Borgelt,0.5,73.08,17.164142168562382,0.4175,1.0818421371395786,0.1118
accidents,training LODO,FPgrowth_Gen_Borgelt,0.6,65.38,15.578000063669124,0.3781,1.0030700314036478,0.1041
accidents,training LODO,FPgrowth_Gen_Borgelt,0.7,61.46,12.303114401376442,0.3313,0.8241881957309871,0.0825
accidents,training LODO,FPgrowth_Gen_Borgelt,0.8,61.38,10.212984998594584,0.2994,0.7418579248726787,0.0801
accidents,training LODO,DefMe,0.3,1034.79,585.3703661384945,6.6613,927.9226786659476,4.9336
accidents,training LODO,DefMe,0.4,1056.2,585.1348427506553,1.9654,844.6600067484874,3.4386
accidents,training LODO,DefMe,0.5,909.47,571.8558324642422,1.0604,762.2708393120695,2.1924
accidents,training LODO,DefMe,0.6,879.69,518.5886220459977,0.8599,714.2623137840932,1.9531
accidents,training LODO,DefMe,0.7,758.89,472.8946691878034,0.7956,595.1090521227834,1.5365
accidents,training LODO,DefMe,0.8,683.68,428.5613019238326,0.7786,501.0069937481801,0.8963
accidents,training LODO,Talky_G,0.3,848.32,423.11171520405765,2.18,1217.3894858987458,36.2326
accidents,training LODO,Talky_G,0.4,846.63,421.4639229476225,1.3443,1069.095985920571,5.7824
accidents,training LODO,Talky_G,0.5,813.12,402.62777438123305,1.1971,907.9417436283093,2.2952
accidents,training LODO,Talky_G,0.6,791.38,348.9944765281789,1.1451,713.6826084910075,2.0549
accidents,training LODO,Talky_G,0.7,773.59,317.08583894685313,1.1149,655.6944205455712,1.5897
accidents,training LODO,Talky_G,0.8,715.07,293.17388241328246,1.1148,562.7346809193805,0.877
accidents,training LODO,Pascal,0.3,465.76,454.58351969957687,2867.3672,2256.1206205934027,3600.0
accidents,training LODO,Pascal,0.4,425.86,454.4514076360589,701.2038,2188.924404899842,3600.0
accidents,training LODO,Pascal,0.5,408.96,454.37241913148745,138.517,2031.4642952809024,3600.0
accidents,training LODO,Pascal,0.6,409.96,455.80327983597874,47.193,1903.9958458059025,3600.0
accidents,training LODO,Pascal,0.7,409.09,450.8779620345816,11.4804,1505.1782317902896,83.7692
accidents,training LODO,Pascal,0.8,410.24,450.2000134556487,3.5074,1031.0924362847338,16.4821
accidents,training LODO,Zart,0.4,864.61,693.70730617654,908.8655,2366.1037006839033,3600.0
accidents,training LODO,Zart,0.5,832.92,690.0670204389659,212.8178,2312.20336007299,3600.0
accidents,training LODO,Zart,0.6,814.38,692.3826291192171,45.8235,2218.055779190253,3600.0
accidents,training LODO,Zart,0.7,828.85,681.6676022847175,7.8675,2054.4895733251738,3600.0
accidents,training LODO,Zart,0.8,799.09,681.8016185486351,2.0683,1616.1828502112849,354.6493
accidents,training LODO,TalkyG_Diffset,0.3,974.49,477.53483494869147,3.1233,1144.0378764438092,39.8986
accidents,training LODO,TalkyG_Diffset,0.4,846.75,472.7767366711793,1.5555,1053.0483036920234,6.6818
accidents,training LODO,TalkyG_Diffset,0.5,808.49,459.1453583237256,1.2459,927.7823876323012,2.0118
accidents,training LODO,TalkyG_Diffset,0.6,771.27,402.4708753695862,1.1479,827.3339600061103,1.8575
accidents,training LODO,TalkyG_Diffset,0.7,712.12,367.8547321121484,1.1223,699.1575056887766,1.7948
accidents,training LODO,TalkyG_Diffset,0.8,694.46,339.0513017388103,1.0921,566.5968730695306,0.7851
accidents,training LODO,Apriori_Gen_Borgelt,0.3,63.36,39.164408623747214,32.0856,18.7630132515207,0.5342
accidents,training LODO,Apriori_Gen_Borgelt,0.4,61.95,37.04846545107612,8.26,17.345682432473083,0.5342
accidents,training LODO,Apriori_Gen_Borgelt,0.5,61.27,35.04045765128868,1.3671,13.95437814080642,0.5174
accidents,training LODO,Apriori_Gen_Borgelt,0.6,61.43,34.32581308623675,0.4831,11.784216425696528,0.484
accidents,training LODO,Apriori_Gen_Borgelt,0.7,61.22,28.39732134798053,0.3345,8.944152525742311,0.3985
accidents,training LODO,Apriori_Gen_Borgelt,0.8,61.28,27.48786516345856,0.3086,7.203840635031634,0.1226
accidents,training LODO,Eclat_Gen_Borgelt,0.3,119.01,30.816368702553603,0.9889,1.1798706559948222,0.15
accidents,training LODO,Eclat_Gen_Borgelt,0.4,110.16,26.535841377966165,0.7314,1.159000474717766,0.15
accidents,training LODO,Eclat_Gen_Borgelt,0.5,82.89,20.331609558613057,0.4974,0.8652523009082422,0.1403
accidents,training LODO,Eclat_Gen_Borgelt,0.6,69.04,19.279553460800383,0.4086,0.825823075313004,0.1222
accidents,training LODO,Eclat_Gen_Borgelt,0.7,61.64,15.26020195544848,0.3524,0.6574892401939564,0.093
accidents,training LODO,Eclat_Gen_Borgelt,0.8,61.41,11.797114633702389,0.3181,0.45079048344792466,0.0852
accidents,training LODO,Gr_growth,0.3,40.92,52.66665963781344,0.503,1.0115021269938396,0.1445
accidents,training LODO,Gr_growth,0.4,31.11,38.9827667146609,0.3499,0.9046293017773893,0.1065
accidents,training LODO,Gr_growth,0.5,18.89,26.776280115143848,0.2394,0.750806484804085,0.0788
accidents,training LODO,Gr_growth,0.6,15.3,26.018778005232697,0.2226,0.7475613676795427,0.0788
accidents,training LODO,Gr_growth,0.7,13.73,17.357982444253164,0.192,0.5517243786102788,0.0564
accidents,training LODO,Gr_growth,0.8,13.58,15.014958534007008,0.1769,0.38794446805833055,0.0344
bms1,training LODO,Apriori_Gen_Borgelt,0.009894802187846,5.62,12.321740565205744,0.0323,2.71254977196427,0.0749
bms1,training LODO,Eclat_Gen_Borgelt,0.009894802187846,6.32,14.89875885890637,0.0194,0.3319578910391509,0.0739
bms1,training LODO,DefMe,0.009894802187846,115.83,463.27540566057866,0.3444,42.28961060605432,0.6457
bms1,training LODO,FPgrowth_Gen_Borgelt,0.009894802187846,6.37,18.833260309834905,0.0173,0.18775429578472996,0.084
bms1,training LODO,Gr_growth,0.009894802187846,14.54,18.179402313805593,0.0219,0.2386350865347071,0.1445
bms1,training LODO,TalkyG_Diffset,0.009894802187846,7802.34,552.3280332068925,1.7675,89.69917197349014,0.6031
bms1,training LODO,Pascal,0.009894802187846,98.51,133.00165648852365,2.0055,946.3883861586261,92.667
bms1,training LODO,Talky_G,0.009894802187846,7795.6,383.2813269685229,1.8774,113.13293677503609,0.6108
bms1,training LODO,Apriori_Gen_Borgelt,0.0038547364182409,5.46,13.812961404333759,0.0179,2.7159855559045125,0.1027
bms1,training LODO,Zart,0.009894802187846,478.28,679.9231668828717,1.8868,1070.7502316483099,44.2896
bms1,training LODO,Eclat_Gen_Borgelt,0.0038547364182409,7.0,21.596179607915623,0.0197,0.33885317080105565,0.075
bms1,training LODO,FPgrowth_Gen_Borgelt,0.0038547364182409,7.29,25.509038008252332,0.0154,0.19238800547087717,0.0983
bms1,training LODO,DefMe,0.0038547364182409,179.56,593.7285657502989,0.3177,45.38145954419118,0.9878
bms1,training LODO,TalkyG_Diffset,0.0038547364182409,7790.54,556.1663706871706,1.7948,89.71285610970948,0.6061
bms1,training LODO,Talky_G,0.0038547364182409,7791.96,383.94103803436883,1.7659,113.14333308831169,0.6118
bms1,training LODO,Pascal,0.0038547364182409,99.99,143.01568505230887,12.1523,1083.7258397707292,478.7567
bms1,training LODO,Apriori_Gen_Borgelt,0.0012709305056877,5.78,17.693072482064462,0.0219,2.731142105309275,0.141
bms1,training LODO,DefMe,0.0012709305056877,399.54,824.0941602750995,0.4143,75.34433217858873,1.1293
bms1,training LODO,Eclat_Gen_Borgelt,0.0012709305056877,9.06,26.665121240571057,0.0205,0.34630812771497516,0.0919
bms1,training LODO,FPgrowth_Gen_Borgelt,0.0012709305056877,9.97,34.00024153483817,0.0275,0.19574666102643273,0.0983
bms1,training LODO,Zart,0.0038547364182409,501.68,951.1394540843951,10.9244,1210.6187987787655,367.5665
bms1,training LODO,TalkyG_Diffset,0.0012709305056877,7950.78,574.9868206481805,1.7989,89.84385290500168,0.623
bms1,training LODO,Talky_G,0.0012709305056877,7791.57,405.0575005050424,1.7784,113.28113224969337,0.6294
bms1,training LODO,Pascal,0.0012709305056877,114.13,198.25406416883726,32.0492,1467.3436711528545,834.7978
bms1,training LODO,Apriori_Gen_Borgelt,0.0005662561659004,24.74,32.07589927537156,0.3635,2.712507456662088,0.1482
bms1,training LODO,Gr_growth,0.0038547364182409,15.61,22.42225434532281,0.0249,0.2570991107771314,0.1572
bms1,training LODO,Gr_growth,0.0012709305056877,16.26,27.67290989611799,0.0302,0.27482508046667387,0.1649
bms1,training LODO,DefMe,0.0005662561659004,814.25,868.662143939317,4.6728,122.69152930001728,3.6265
bms1,training LODO,Eclat_Gen_Borgelt,0.0005662561659004,25.1,33.364585055934924,0.1071,0.3480268360483085,0.0919
bms1,training LODO,FPgrowth_Gen_Borgelt,0.0005662561659004,29.68,43.832780608072085,0.0825,0.19773398066928985,0.0983
bms1,training LODO,Gr_growth,0.0005662561659004,21.1,32.59395622295397,0.1316,0.27282902213334054,0.1649
bms1,training LODO,Zart,0.0012709305056877,644.7,1361.6251230450978,39.8572,1653.9656272756522,719.7062
bms1,training LODO,TalkyG_Diffset,0.0005662561659004,7983.2,630.9017852712587,58.7362,89.87405145023979,0.623
bms1,training LODO,Talky_G,0.0005662561659004,7968.68,425.39956186084623,60.9755,113.30381595207432,0.6294
bms1,training LODO,DefMe,0.0001803630750645,987.26,868.2712226184699,254.9194,120.51170225140622,3.6265
bms1,training LODO,Eclat_Gen_Borgelt,0.0001803630750645,234.53,35.25654049606356,2.0514,0.3488295503340227,0.0919
bms1,training LODO,FPgrowth_Gen_Borgelt,0.0001803630750645,245.4,46.089814176762594,1.8038,0.19842623066928985,0.0983
bms1,training LODO,Gr_growth,0.0001803630750645,132.79,32.62169966129502,4.5285,0.2735466649904834,0.1649
bms2,training LODO,Apriori_Gen_Borgelt,0.0123819537619981,7.46,11.315863896742439,0.0236,0.0925109152130549,0.0498
bms2,training LODO,Eclat_Gen_Borgelt,0.0123819537619981,7.83,13.918374073848225,0.0295,0.23173057298575606,0.0529
bms2,training LODO,DefMe,0.0123819537619981,172.55,326.4792419020089,0.3223,29.17834000052309,0.4143
bms2,training LODO,Gr_growth,0.0123819537619981,15.68,16.747691448684613,0.0233,0.29608849513819513,0.0602
bms2,training LODO,FPgrowth_Gen_Borgelt,0.0123819537619981,7.95,14.02570291387753,0.0375,0.19145138982855556,0.0522
bms2,training LODO,Pascal,0.0123819537619981,109.96,126.08156233034146,1.2747,830.5660615870471,12.1523
bms2,training LODO,Zart,0.0123819537619981,515.0,638.2680152206711,0.9866,800.7617321039513,10.9244
bms2,training LODO,Apriori_Gen_Borgelt,0.0052862782536897,7.28,11.653325518052869,0.0286,0.09903798187972158,0.0538
bms2,training LODO,Eclat_Gen_Borgelt,0.0052862782536897,9.09,15.934975350744885,0.0351,0.23978578400667955,0.0597
bms2,training LODO,FPgrowth_Gen_Borgelt,0.0052862782536897,9.28,16.73786705282935,0.0247,0.19420319191952012,0.0569
bms2,training LODO,DefMe,0.0052862782536897,247.65,398.46975532056734,0.3407,21.025971416335054,0.4591
bms2,training LODO,Gr_growth,0.0052862782536897,16.79,18.25571859768835,0.0468,0.3225521596223221,0.0788
bms2,training LODO,Zart,0.0052862782536897,573.18,697.6217412060217,7.2682,924.8927098102646,25.105
bms2,training LODO,Pascal,0.0052862782536897,111.29,132.9055239238865,14.0866,948.1888272867402,32.0492
bms2,training LODO,Apriori_Gen_Borgelt,0.0012094901434616,10.25,16.50925142120121,0.0685,0.1560667883912656,0.0627
bms2,training LODO,DefMe,0.0012094901434616,663.53,736.679116096556,1.1293,52.089459923164334,0.9871
bms2,training LODO,Eclat_Gen_Borgelt,0.0012094901434616,18.57,21.309580727846534,0.0571,0.2667605865860446,0.0743
bms2,training LODO,FPgrowth_Gen_Borgelt,0.0012094901434616,20.92,25.15957587488994,0.0448,0.23554288338777413,0.0825
bms2,training LODO,Gr_growth,0.0012094901434616,21.7,24.90122845673955,0.0688,0.37945108882506373,0.1034
bms2,training LODO,Zart,0.0012094901434616,1518.68,813.946490930074,367.5665,1497.5519987424782,579.5006
bms2,training LODO,Pascal,0.0012094901434616,142.18,160.9660623392841,478.7567,1738.00603498067,1162.8797
bms2,training LODO,Apriori_Gen_Borgelt,0.0004354164516461,20.54,22.286568246452006,0.1611,0.15907490327221796,0.0627
bms2,training LODO,DefMe,0.0004354164516461,671.47,922.0900640506385,5.0359,142.8132010852384,2.0546
bms2,training LODO,Eclat_Gen_Borgelt,0.0004354164516461,27.68,39.97889583924354,0.1039,0.3085293925384256,0.0746
bms2,training LODO,FPgrowth_Gen_Borgelt,0.0004354164516461,33.12,48.529336364685776,0.0983,0.2729205296970203,0.0825
bms2,training LODO,Gr_growth,0.0004354164516461,26.77,36.45808244953035,0.1649,0.4570252310869685,0.1316
bms2,training LODO,Pascal,0.0004354164516461,399.44,184.7865689695723,2035.6853,2062.0604026628134,3519.7285
bms2,training LODO,Zart,0.0004354164516461,1883.97,816.2462024213252,3479.1071,1689.621120565296,719.7062
bms2,training LODO,Apriori_Gen_Borgelt,0.0001515894313138,57.46,22.286568246452006,0.669,0.15907490327221796,0.0627
bms2,training LODO,DefMe,0.0001515894313138,731.47,926.0235091700957,24.1012,147.0487905352384,2.1924
bms2,training LODO,Eclat_Gen_Borgelt,0.0001515894313138,58.48,45.856132984371826,0.3445,0.3215521592050923,0.075
bms2,training LODO,FPgrowth_Gen_Borgelt,0.0001515894313138,70.45,54.92659019175798,0.3056,0.29362345112559174,0.0825
bms2,training LODO,Gr_growth,0.0001515894313138,42.28,36.694395874507286,0.4422,0.46842953108696855,0.1316
c20d10k,training LODO,Apriori_Gen_Borgelt,0.946075,4.14,5.207378539622671,0.0118,0.44693243289356843,0.0211
c20d10k,training LODO,Eclat_Gen_Borgelt,0.946075,4.29,5.722145328478114,0.0217,0.27789923065443545,0.0208
c20d10k,training LODO,DefMe,0.946075,98.77,164.1354909171515,0.2391,150.97133178668625,0.2757
c20d10k,training LODO,FPgrowth_Gen_Borgelt,0.946075,4.43,6.168157561674112,0.0118,0.11340861116076262,0.0161
c20d10k,training LODO,Gr_growth,0.946075,13.75,13.087307169076444,0.0126,0.13226495600102514,0.0171
c20d10k,training LODO,Pascal,0.946075,103.89,129.476735946403,0.318,297.9041535797661,0.7386
c20d10k,training LODO,TalkyG_Diffset,0.946075,99.81,214.55214957458918,0.2403,63.261251935697395,0.3083
c20d10k,training LODO,Talky_G,0.946075,101.68,229.87053793190023,0.3011,148.01046873902655,0.3976
c20d10k,training LODO,Zart,0.946075,110.67,156.17966084484164,0.2848,359.65831431939034,1.2506
c20d10k,training LODO,Apriori_Gen_Borgelt,0.337575,4.13,5.832508772189494,0.0134,2.0712484063243046,0.0237
c20d10k,training LODO,DefMe,0.337575,114.39,238.27438464893385,0.2431,274.85732719675127,0.3782
c20d10k,training LODO,Eclat_Gen_Borgelt,0.337575,5.07,7.96813688584371,0.0124,0.45405423963850694,0.0208
c20d10k,training LODO,FPgrowth_Gen_Borgelt,0.337575,5.22,8.8662015367117,0.0108,0.18890982940709963,0.0211
c20d10k,training LODO,Gr_growth,0.337575,13.73,13.89657107382092,0.0117,0.31568773905824565,0.0168
c20d10k,training LODO,Pascal,0.337575,99.71,130.62069465742871,0.4246,914.2235767232005,7.1688
c20d10k,training LODO,TalkyG_Diffset,0.337575,99.7,455.6879681009824,0.323,141.97135681809965,0.3009
c20d10k,training LODO,Talky_G,0.337575,99.73,521.6092060269666,0.2526,259.1306217113931,0.2879
c20d10k,training LODO,Zart,0.337575,399.09,206.71892573512807,2.2742,1083.0929070932903,44.2896
c20d10k,training LODO,Apriori_Gen_Borgelt,0.034375,5.03,6.620695349478251,0.096,2.05524877140367,0.0685
c20d10k,training LODO,DefMe,0.034375,379.36,338.65833869306357,0.4247,372.38974671914116,0.4789
c20d10k,training LODO,Eclat_Gen_Borgelt,0.034375,15.01,13.517976187558158,0.0358,0.4101166122575546,0.0215
c20d10k,training LODO,FPgrowth_Gen_Borgelt,0.034375,15.33,14.386874262606023,0.0218,0.18765760420868688,0.0212
c20d10k,training LODO,Gr_growth,0.034375,15.32,16.097487648233265,0.0344,0.33257614540745206,0.0219
c20d10k,training LODO,Pascal,0.034375,327.26,171.39524896548065,83.7692,1238.1215443824317,57.691
c20d10k,training LODO,TalkyG_Diffset,0.034375,172.0,466.6975429058118,0.3174,244.20663060078363,0.3009
c20d10k,training LODO,Talky_G,0.034375,162.32,528.555684498474,0.3053,345.3689510433375,0.2879
c20d10k,training LODO,Apriori_Gen_Borgelt,0.001275,21.29,6.989045484966883,0.3985,2.0666316727925587,0.1027
c20d10k,training LODO,DefMe,0.001275,750.96,449.72718414190757,2.6059,363.34727583670843,0.7956
c20d10k,training LODO,Eclat_Gen_Borgelt,0.001275,39.88,17.204877024438765,0.1722,0.41122078574240306,0.0215
c20d10k,training LODO,FPgrowth_Gen_Borgelt,0.001275,42.9,19.400095223379488,0.1464,0.18657220474981243,0.0212
c20d10k,training LODO,Gr_growth,0.001275,27.5,21.184359388545236,0.2013,0.3381918638545278,0.0255
c20d10k,training LODO,TalkyG_Diffset,0.001275,408.34,540.1887433423401,12.5032,249.37955342875978,0.3009
c20d10k,training LODO,Talky_G,0.001275,405.26,625.8141499721839,12.7513,370.4178672131788,0.3183
c73d10k,training LODO,Apriori_Gen_Borgelt,0.979375,6.17,5.7492582885218875,0.0208,1.5644857404478283,0.0967
c73d10k,training LODO,Eclat_Gen_Borgelt,0.979375,6.14,13.880519141492407,0.0238,0.16433311573704076,0.0477
c73d10k,training LODO,DefMe,0.979375,125.91,196.65597093901602,0.2679,1.0037096338995972,0.3504
c73d10k,training LODO,FPgrowth_Gen_Borgelt,0.979375,6.41,10.469412749551587,0.0252,0.1399460100351038,0.0801
c73d10k,training LODO,Gr_growth,0.979375,13.59,14.242680386081393,0.0171,0.16741232041430795,0.0641
c73d10k,training LODO,Pascal,0.979375,119.76,323.6093739724459,0.3183,471.4738675977301,7.7666
c73d10k,training LODO,TalkyG_Diffset,0.979375,135.26,199.31556141526573,0.4297,19.93633831694603,0.6369
c73d10k,training LODO,Talky_G,0.979375,138.0,218.83934076464658,0.4063,7.377974573906759,0.5064
c73d10k,training LODO,Zart,0.979375,138.92,501.23603266023076,0.3495,795.7438829433893,8.3215
c73d10k,training LODO,Apriori_Gen_Borgelt,0.919975,5.96,5.7492582885218875,0.0237,1.5644857404478283,0.0967
c73d10k,training LODO,DefMe,0.919975,148.35,196.65597093901602,0.2757,1.0037096338995972,0.3504
c73d10k,training LODO,Eclat_Gen_Borgelt,0.919975,7.05,13.880519141492407,0.0208,0.16433311573704076,0.0477
c73d10k,training LODO,FPgrowth_Gen_Borgelt,0.919975,7.12,10.469412749551587,0.0211,0.1399460100351038,0.0801
c73d10k,training LODO,Gr_growth,0.919975,13.6,14.239723146736882,0.0174,0.16741232041430795,0.0641
c73d10k,training LODO,Pascal,0.919975,123.84,324.81268773791396,0.7386,471.4738675977301,7.7666
c73d10k,training LODO,TalkyG_Diffset,0.919975,136.63,199.31556141526573,0.3322,19.93633831694603,0.6369
c73d10k,training LODO,Talky_G,0.919975,139.19,218.83934076464658,0.3976,7.377974573906759,0.5064
c73d10k,training LODO,Zart,0.919975,409.61,501.23603266023076,4.2575,795.7438829433893,8.3215
c73d10k,training LODO,Apriori_Gen_Borgelt,0.446675,62.72,7.1357728390841695,20.9821,11.028260177641188,0.3985
c73d10k,training LODO,DefMe,0.446675,754.11,307.98743781998843,10.1829,18.556401958347372,0.4203
c73d10k,training LODO,Eclat_Gen_Borgelt,0.446675,171.44,48.78321379172352,0.9654,0.48916471683455426,0.0878
c73d10k,training LODO,FPgrowth_Gen_Borgelt,0.446675,173.3,26.221998875321173,0.8252,0.5046688564276003,0.088
c73d10k,training LODO,Gr_growth,0.446675,98.6,39.23932351260319,1.0828,0.4684900218822844,0.0689
c73d10k,training LODO,TalkyG_Diffset,0.446675,574.95,250.10881524099452,58.1968,46.40717237240723,0.7851
c73d10k,training LODO,Talky_G,0.446675,574.09,276.6107317002246,58.2635,29.52579477303125,0.7056
chess,training LODO,DefMe,0.2,751.8,268.1693772721617,33.3844,255.47596725489163,0.3504
chess,training LODO,DefMe,0.3,590.56,247.21666346456487,6.4614,176.76017363670982,0.3504
chess,training LODO,DefMe,0.5,473.41,230.0230407999251,0.6254,154.57447654715355,0.3504
chess,training LODO,DefMe,0.7,158.77,216.2387463406789,0.2326,119.65986794189214,0.3504
chess,training LODO,Talky_G,0.3,871.21,405.32358515404104,994.1657,157.05258671119992,0.2879
chess,training LODO,Talky_G,0.5,379.3,355.76399284019857,3.0274,119.45743597364581,0.2402
chess,training LODO,Talky_G,0.7,115.34,278.34236534313595,0.2556,104.33595471432041,0.2879
chess,training LODO,Pascal,0.5,415.89,196.10570543111663,441.1246,1322.8210696345432,19.602
chess,training LODO,Pascal,0.7,104.99,208.53444869055468,3.0817,960.1744290751827,16.4821
chess,training LODO,Zart,0.7,404.79,229.58068814292116,44.1872,1420.8711128442362,98.4032
chess,training LODO,TalkyG_Diffset,0.3,912.7,485.60294016090995,946.3379,121.72477985254883,0.3009
chess,training LODO,TalkyG_Diffset,0.5,410.01,401.64868417790086,2.9883,70.98390952271478,0.3009
chess,training LODO,TalkyG_Diffset,0.7,127.71,315.7874952616178,0.2685,60.52517396201854,0.3009
chess,training LODO,DefMe,0.4,617.02,242.39991746764878,1.72,166.08875129623362,0.3504
chess,training LODO,DefMe,0.6,394.71,226.37664474608047,0.3581,146.18499660319753,0.3504
chess,training LODO,DefMe,0.8,109.58,194.92081510908216,0.1958,114.24655423797802,0.3504
chess,training LODO,DefMe,0.9,93.38,167.90328891294854,0.1878,99.55007944880052,0.3444
chess,training LODO,Talky_G,0.4,497.43,394.6556145472551,49.3159,129.4626724748363,0.2879
chess,training LODO,Talky_G,0.6,168.39,301.2843024574895,0.4304,119.24776428316962,0.2526
chess,training LODO,Talky_G,0.8,94.47,257.14659244585914,0.2161,86.90994761074897,0.2879
chess,training LODO,Talky_G,0.9,94.63,251.47229205387205,0.2059,61.115935666924734,0.2879
chess,training LODO,Pascal,0.6,175.95,207.48054598218638,20.6284,1216.258301850381,19.602
chess,training LODO,Pascal,0.8,97.04,223.1507342403261,0.8281,775.1684886710161,3.5074
chess,training LODO,Pascal,0.9,95.89,217.97219499108263,0.3224,679.3101792277622,2.493
chess,training LODO,Zart,0.6,515.32,230.2877319345968,1330.0085,1464.6603605174046,126.5752
chess,training LODO,Zart,0.8,395.5,243.49178243967893,3.0932,1318.0845709305459,98.4032
chess,training LODO,Zart,0.9,134.93,244.00128016754323,0.3299,1149.251920091856,10.9244
chess,training LODO,TalkyG_Diffset,0.4,500.45,462.0972836014194,51.5933,91.48029472866718,0.3009
chess,training LODO,TalkyG_Diffset,0.6,214.24,344.44063730573464,0.4589,70.68759393263542,0.3009
chess,training LODO,TalkyG_Diffset,0.8,96.53,287.95654642777436,0.2159,47.96963758245505,0.3009
chess,training LODO,TalkyG_Diffset,0.9,94.46,271.66350796723765,0.2065,38.62598225312604,0.3009
chess,training LODO,Apriori_Gen_Borgelt,0.2,847.88,6.395518469443129,233.4849,18.224731386625873,0.2227
chess,training LODO,Apriori_Gen_Borgelt,0.3,187.9,6.315077340416037,55.4055,18.221941400911586,0.2227
chess,training LODO,Apriori_Gen_Borgelt,0.4,48.58,6.1129543262761485,14.8769,17.675318646708845,0.2227
chess,training LODO,Apriori_Gen_Borgelt,0.5,14.91,5.7470816534147575,3.4445,15.499538003256463,0.2125
chess,training LODO,Apriori_Gen_Borgelt,0.6,6.29,5.702370944072989,0.5387,12.620644804789649,0.1783
chess,training LODO,Apriori_Gen_Borgelt,0.7,3.62,5.287926594717446,0.0475,8.792341105096293,0.1273
chess,training LODO,Apriori_Gen_Borgelt,0.8,3.47,5.123628364993029,0.0121,7.848179763718227,0.096
chess,training LODO,Apriori_Gen_Borgelt,0.9,3.48,5.093147235512474,0.0071,6.675399636940837,0.089
chess,training LODO,Eclat_Gen_Borgelt,0.2,2220.04,28.03852197638879,28.9072,0.6726745698871306,0.0366
chess,training LODO,Eclat_Gen_Borgelt,0.3,507.63,24.600919490893517,3.1402,0.6677650996490354,0.0366
chess,training LODO,Eclat_Gen_Borgelt,0.4,134.43,20.459075987237398,0.6688,0.465186396435582,0.0366
chess,training LODO,Eclat_Gen_Borgelt,0.5,42.21,16.44375288408527,0.1569,0.4210097553641534,0.0311
chess,training LODO,Eclat_Gen_Borgelt,0.6,19.68,15.728512527019008,0.0477,0.41483709400884206,0.0311
chess,training LODO,Eclat_Gen_Borgelt,0.7,12.99,12.445862533106373,0.0184,0.40749191455357514,0.0366
chess,training LODO,Eclat_Gen_Borgelt,0.8,8.62,11.149122170933156,0.0113,0.4019079607837339,0.0366
chess,training LODO,Eclat_Gen_Borgelt,0.9,4.28,9.423010005089765,0.0045,0.3874403346085202,0.0238
chess,training LODO,FPgrowth_Gen_Borgelt,0.2,2222.71,18.8750698149377,21.8235,0.517233101352814,0.0212
chess,training LODO,FPgrowth_Gen_Borgelt,0.3,510.39,16.46690566895755,2.6837,0.49211287911255425,0.0212
chess,training LODO,FPgrowth_Gen_Borgelt,0.4,135.39,13.533253652734933,0.5515,0.4390127897727274,0.0212
chess,training LODO,FPgrowth_Gen_Borgelt,0.5,42.25,11.830307131893044,0.1118,0.4046932921536797,0.0212
chess,training LODO,FPgrowth_Gen_Borgelt,0.6,19.91,11.197572790027175,0.0345,0.39584696358225113,0.0212
chess,training LODO,FPgrowth_Gen_Borgelt,0.7,13.04,9.905786430894619,0.0161,0.37774644096320353,0.0212
chess,training LODO,FPgrowth_Gen_Borgelt,0.8,8.68,8.904782197112935,0.0121,0.3747593135822511,0.0212
chess,training LODO,FPgrowth_Gen_Borgelt,0.9,4.07,8.12969576849917,0.0076,0.36904797965367964,0.0212
chess,training LODO,Gr_growth,0.2,1208.89,51.926624860989484,19.8408,0.43820372226707116,0.055
chess,training LODO,Gr_growth,0.3,285.14,36.871329677044834,3.4843,0.4056617645289759,0.055
chess,training LODO,Gr_growth,0.4,79.81,30.4258324097114,0.736,0.4045242889337378,0.055
chess,training LODO,Gr_growth,0.5,28.72,21.970880637117524,0.1798,0.29156228536230927,0.0468
chess,training LODO,Gr_growth,0.6,17.68,20.425794798749607,0.0535,0.25562534905278544,0.0468
chess,training LODO,Gr_growth,0.7,14.5,17.167300111875328,0.0184,0.16584329786230925,0.0302
chess,training LODO,Gr_growth,0.8,13.9,15.472610092345192,0.0102,0.13088179667183308,0.0302
chess,training LODO,Gr_growth,0.9,13.59,15.11544237753645,0.0093,0.11820336353691244,0.0255
chicago,training LODO,Apriori_Gen_Borgelt,0.0313061894768789,132.53,124.35975155433893,0.5734,2.5516887402553587,0.163
chicago,training LODO,DefMe,0.0313061894768789,612.49,896.4881014034108,0.6457,311.00751427507146,0.9878
chicago,training LODO,Eclat_Gen_Borgelt,0.0313061894768789,132.82,101.98052900346569,0.5361,1.1261518857912922,0.1804
chicago,training LODO,FPgrowth_Gen_Borgelt,0.0313061894768789,132.81,104.88875026605918,0.5306,1.5036701443709068,0.2202
chicago,training LODO,Gr_growth,0.0313061894768789,13.75,21.65289884641562,0.2006,1.048168970110445,0.1769
chicago,training LODO,TalkyG_Diffset,0.0313061894768789,683.88,1051.5653625146829,0.7181,321.6381302726302,1.3352
chicago,training LODO,Talky_G,0.0313061894768789,600.74,1076.3585094186037,0.6972,329.6869208214897,1.3443
chicago,training LODO,Pascal,0.0313061894768789,381.42,579.7268618689302,2.4853,900.7993841500967,40.6292
chicago,training LODO,Zart,0.0313061894768789,905.32,1184.592079009659,2.2804,1013.8273347285306,90.7496
chicago,training LODO,Apriori_Gen_Borgelt,0.0014940977925552,132.84,121.65137902774147,0.5623,2.6012279252747255,0.1783
chicago,training LODO,Eclat_Gen_Borgelt,0.0014940977925552,132.85,116.99068962115547,0.5576,1.1472564772109837,0.1804
chicago,training LODO,DefMe,0.0014940977925552,996.71,1491.7843963590096,0.9103,350.8962013689929,2.1924
chicago,training LODO,Gr_growth,0.0014940977925552,14.53,28.090756614464723,0.1865,1.1018988625707626,0.2092
chicago,training LODO,FPgrowth_Gen_Borgelt,0.0014940977925552,132.33,132.42447997311567,0.5575,1.5031306338369965,0.2202
chicago,training LODO,TalkyG_Diffset,0.0014940977925552,895.71,1220.4489515090913,0.8067,333.10553105219367,1.4233
chicago,training LODO,Talky_G,0.0014940977925552,820.85,1218.5817125921753,0.7825,356.0912866824412,1.4308
chicago,training LODO,Pascal,0.0014940977925552,379.52,582.630415196399,16.6443,1513.8367726934057,834.7978
chicago,training LODO,Zart,0.0014940977925552,1229.48,1276.4802657524492,25.105,1599.4778001726859,719.7062
chicago,training LODO,Apriori_Gen_Borgelt,9.29644154754388e-06,132.49,121.6497538458413,0.5379,2.6143596330669334,0.1783
chicago,training LODO,DefMe,9.29644154754388e-06,1836.28,1495.6905934010304,7.0549,408.8389103352749,4.6728
chicago,training LODO,Eclat_Gen_Borgelt,9.29644154754388e-06,135.05,125.65118123357941,0.5375,1.1873818927232491,0.223
chicago,training LODO,FPgrowth_Gen_Borgelt,9.29644154754388e-06,134.06,143.59571559705125,0.5184,1.4841398934149186,0.2224
chicago,training LODO,Gr_growth,9.29644154754388e-06,15.3,29.93606309089931,0.2069,1.1413081339993338,0.2094
chicago,training LODO,TalkyG_Diffset,9.29644154754388e-06,1864.03,1558.672410349173,3.398,374.07098974624125,1.7948
chicago,training LODO,Talky_G,9.29644154754388e-06,1903.22,1398.401851609491,2.2952,395.22845292876156,1.6833
chicago,training LODO,Pascal,9.29644154754388e-06,394.77,584.5257198630544,229.861,2038.074531259892,3519.7285
chicago,training LODO,Zart,9.29644154754388e-06,1695.39,1326.4402630724283,1057.9855,1903.6170119034398,908.8655
connect,training LODO,DefMe,0.2,1112.82,353.4936526418406,39.339,451.56541101916963,1.5887
connect,training LODO,DefMe,0.3,997.82,349.9352558429593,12.4079,368.1817023062727,1.5887
connect,training LODO,DefMe,0.5,1090.26,299.1708009096389,3.4386,230.00705452418555,0.7956
connect,training LODO,DefMe,0.7,890.95,203.39853443626274,1.2143,172.47314413347493,0.6254
connect,training LODO,Talky_G,0.2,728.72,409.9870022038476,36.2326,1359.9157094689144,49.3159
connect,training LODO,Talky_G,0.3,643.98,406.4258093108903,2.9281,1151.4119597468907,49.3159
connect,training LODO,Talky_G,0.5,514.44,359.19326553697823,0.877,844.5510210357947,2.18
connect,training LODO,Talky_G,0.7,348.08,277.73308850281984,0.5948,643.9638191310332,2.0549
connect,training LODO,TalkyG_Diffset,0.2,876.0,467.12955542439505,39.8986,1373.684544226019,51.5933
connect,training LODO,TalkyG_Diffset,0.3,963.05,460.4314674354838,3.5146,1188.992254966693,51.5933
connect,training LODO,TalkyG_Diffset,0.5,650.89,421.76400862803297,1.0608,808.4020408160432,2.9883
connect,training LODO,TalkyG_Diffset,0.7,359.92,315.4084798351417,0.6369,499.75662062985987,1.7675
connect,training LODO,DefMe,0.4,1119.68,332.4165477310758,6.2768,318.41431626269423,1.4279
connect,training LODO,DefMe,0.6,1136.65,250.0040268261659,1.9531,190.44436361882845,0.6254
connect,training LODO,DefMe,0.8,579.87,183.147698631124,0.686,168.5988124318876,0.5654
connect,training LODO,DefMe,0.9,342.02,170.8839124977587,0.4557,129.5263941937424,0.3782
connect,training LODO,Talky_G,0.4,657.92,394.0873857744115,1.2828,992.1576901969061,3.0274
connect,training LODO,Talky_G,0.6,406.39,296.0717054215603,0.6738,730.6317909365886,2.0549
connect,training LODO,Talky_G,0.8,292.77,254.78629349218446,0.539,540.4645343268662,1.1148
connect,training LODO,Talky_G,0.9,278.12,248.99335943624237,0.5064,418.9713270783635,0.7056
connect,training LODO,Pascal,0.8,356.96,111.22213779195984,124.7782,532.178804307688,3.0817
connect,training LODO,Pascal,0.9,294.99,111.67423765065543,16.4821,402.2151957984889,2.493
connect,training LODO,Zart,0.9,429.09,266.1957515323456,130.6938,479.62300629230225,2.8441
connect,training LODO,TalkyG_Diffset,0.4,813.61,443.2946848949583,1.6257,983.9709131565738,3.1233
connect,training LODO,TalkyG_Diffset,0.6,469.87,338.2413858545413,0.7822,616.3358357589,1.8575
connect,training LODO,TalkyG_Diffset,0.8,334.2,287.000686063156,0.5556,394.2540951767364,1.026
connect,training LODO,TalkyG_Diffset,0.9,280.16,284.2296938039506,0.5108,347.9666978031364,0.7154
connect,training LODO,Apriori_Gen_Borgelt,0.2,73.55,44.101301779485745,145.698,36.261382075918746,1.3671
connect,training LODO,Apriori_Gen_Borgelt,0.3,27.08,42.62852146797034,26.3211,36.355225584252075,1.3671
connect,training LODO,Apriori_Gen_Borgelt,0.4,17.37,27.036569724057696,6.4563,33.52595341004573,1.3671
connect,training LODO,Apriori_Gen_Borgelt,0.5,16.42,14.587160014721425,1.2209,30.48290022512509,0.754
connect,training LODO,Apriori_Gen_Borgelt,0.6,16.85,10.786179453268542,0.4512,24.698122242188585,0.6862
connect,training LODO,Apriori_Gen_Borgelt,0.7,16.86,6.490865015130089,0.1273,19.601163122148897,0.484
connect,training LODO,Apriori_Gen_Borgelt,0.8,16.83,5.903083645715695,0.0894,15.450952625630144,0.2227
connect,training LODO,Apriori_Gen_Borgelt,0.9,16.91,5.810427671683109,0.0699,12.498588335209455,0.089
connect,training LODO,Eclat_Gen_Borgelt,0.2,158.61,142.36391492289894,0.9549,5.018267865061327,0.5512
connect,training LODO,Eclat_Gen_Borgelt,0.3,56.72,128.55588663915023,0.3196,5.017918799585137,0.5512
connect,training LODO,Eclat_Gen_Borgelt,0.4,34.26,90.16920911039716,0.1932,4.213744194426407,0.4974
connect,training LODO,Eclat_Gen_Borgelt,0.5,25.3,44.46866335264259,0.1403,3.27882841823593,0.223
connect,training LODO,Eclat_Gen_Borgelt,0.6,24.83,30.94163484655554,0.1188,2.789498119967532,0.1957
connect,training LODO,Eclat_Gen_Borgelt,0.7,24.62,15.337885283266717,0.093,2.158635682178932,0.1569
connect,training LODO,Eclat_Gen_Borgelt,0.8,24.71,11.039476477630918,0.0852,1.9257566430735933,0.1082
connect,training LODO,Eclat_Gen_Borgelt,0.9,21.07,8.926721859355064,0.0736,1.7547357871212126,0.0878
connect,training LODO,FPgrowth_Gen_Borgelt,0.2,147.07,134.43921713898072,0.6854,3.169868958712529,0.2224
connect,training LODO,FPgrowth_Gen_Borgelt,0.3,52.06,119.90916525836387,0.2305,3.077591416667074,0.2224
connect,training LODO,FPgrowth_Gen_Borgelt,0.4,32.41,83.46633829221946,0.1523,2.341061642136049,0.2202
connect,training LODO,FPgrowth_Gen_Borgelt,0.5,25.45,43.85780098769344,0.1205,1.8901951788965117,0.153
connect,training LODO,FPgrowth_Gen_Borgelt,0.6,25.29,33.50178249722952,0.1046,1.6969941999282578,0.1118
connect,training LODO,FPgrowth_Gen_Borgelt,0.7,25.1,17.69914468567302,0.0846,1.199637496194492,0.0914
connect,training LODO,FPgrowth_Gen_Borgelt,0.8,24.67,13.270107599137258,0.081,1.101064669210365,0.0442
connect,training LODO,FPgrowth_Gen_Borgelt,0.9,20.9,10.68335107116331,0.0677,0.9200043296360505,0.0345
connect,training LODO,Gr_growth,0.2,83.43,159.64713987471163,0.8426,3.4679103711778407,0.4039
connect,training LODO,Gr_growth,0.3,31.86,107.49885247458586,0.2639,3.40497562117784,0.4039
connect,training LODO,Gr_growth,0.4,22.62,71.58228392300657,0.1446,3.094579057685777,0.3499
connect,training LODO,Gr_growth,0.5,18.42,32.95797316165991,0.1029,2.488495844193714,0.1984
connect,training LODO,Gr_growth,0.6,16.09,27.655425470739,0.0788,2.220553723360381,0.192
connect,training LODO,Gr_growth,0.7,14.83,16.257805084170958,0.0649,1.5679876815494145,0.1769
connect,training LODO,Gr_growth,0.8,14.2,14.378723536997763,0.0564,1.2097722435429767,0.0983
connect,training LODO,Gr_growth,0.9,13.74,13.91544474820388,0.055,0.8832234923067132,0.0641
kddcup99,training LODO,Apriori_Gen_Borgelt,0.76716775,109.04,144.31057551764476,0.4103,2.234321826554736,0.1783
kddcup99,training LODO,DefMe,0.76716775,654.63,674.1407045993909,0.9647,163.2909430998082,0.686
kddcup99,training LODO,Eclat_Gen_Borgelt,0.76716775,109.38,81.80557183827995,0.4224,1.1989056100288604,0.3181
kddcup99,training LODO,FPgrowth_Gen_Borgelt,0.76716775,109.52,98.96570822277266,0.3795,1.3096032219842662,0.3033
kddcup99,training LODO,Gr_growth,0.76716775,13.6,14.303787704611219,0.3125,0.7461055043345542,0.1065
kddcup99,training LODO,Pascal,0.76716775,638.95,413.5088066848688,1.3842,406.95698603743415,2.493
kddcup99,training LODO,TalkyG_Diffset,0.76716775,697.42,692.4273459797125,1.3352,95.50764006997521,0.6012
kddcup99,training LODO,Talky_G,0.76716775,683.85,651.1499833509621,1.4308,76.07314085985162,0.6705
kddcup99,training LODO,Zart,0.76716775,1333.46,990.7346434277179,2.0421,726.6432368737132,2.8441
kddcup99,training LODO,Apriori_Gen_Borgelt,0.45114675,109.21,146.47230122469574,0.4542,3.625704847189657,0.2227
kddcup99,training LODO,DefMe,0.45114675,1415.4,806.3537357811208,1.5365,185.48171702603477,0.7757
kddcup99,training LODO,Eclat_Gen_Borgelt,0.45114675,109.32,100.11030483158913,0.4993,1.2820555747835503,0.3524
kddcup99,training LODO,FPgrowth_Gen_Borgelt,0.45114675,109.38,116.25084830698837,0.4676,1.6286720639214953,0.4765
kddcup99,training LODO,Gr_growth,0.45114675,13.64,15.015705579018872,0.2815,0.9815969147963152,0.1769
kddcup99,training LODO,TalkyG_Diffset,0.45114675,818.47,726.0807716854102,1.4233,106.98956407870537,0.6137
kddcup99,training LODO,Talky_G,0.45114675,815.58,674.7236941829177,1.3662,104.74289113360703,0.6806
kddcup99,training LODO,Pascal,0.45114675,622.07,410.1691479948111,40.6292,539.3005492345662,7.1688
kddcup99,training LODO,Zart,0.45114675,1336.42,999.2112233607844,354.6493,1007.0271574280604,25.105
kddcup99,training LODO,Apriori_Gen_Borgelt,0.00029375,113.03,149.52027806087366,0.5174,5.452750572766857,0.3985
kddcup99,training LODO,DefMe,0.00029375,1379.25,1572.465118070749,16.3038,397.07824314993013,2.6059
kddcup99,training LODO,Eclat_Gen_Borgelt,0.00029375,113.06,132.77139892470367,0.553,1.4526297347582977,0.4086
kddcup99,training LODO,FPgrowth_Gen_Borgelt,0.00029375,113.27,154.47628014665773,0.5021,1.8001322686521812,0.4903
kddcup99,training LODO,Gr_growth,0.00029375,16.14,21.91168380553744,0.3426,1.2107389599469973,0.2006
kddcup99,training LODO,TalkyG_Diffset,0.00029375,1547.34,1049.4316508889265,4.2389,167.56811587644924,0.8796
kddcup99,training LODO,Talky_G,0.00029375,1499.53,929.6583205539091,3.3176,179.020256711475,0.8454
kddcup99,training LODO,Pascal,0.00029375,767.3,412.56743819230155,3588.2038,1463.322778275175,229.861
kddcup99,training LODO,Apriori_Gen_Borgelt,2.775e-05,113.26,149.52027806087366,0.5342,5.452750572766857,0.3985
kddcup99,training LODO,DefMe,2.775e-05,1297.85,1582.693544747584,22.6675,416.91888548683494,2.6059
kddcup99,training LODO,Eclat_Gen_Borgelt,2.775e-05,112.89,136.88863042489217,0.5512,1.453368634758298,0.4086
kddcup99,training LODO,FPgrowth_Gen_Borgelt,2.775e-05,113.39,156.06626576441542,0.5121,1.8001322686521812,0.4903
kddcup99,training LODO,Gr_growth,2.775e-05,16.73,22.69197906213393,0.3537,1.2196419474469973,0.2006
kddcup99,training LODO,TalkyG_Diffset,2.775e-05,1534.2,1064.8387414903636,5.1374,190.8204812722826,0.8799
kddcup99,training LODO,Talky_G,2.775e-05,1542.3,949.4093838528419,4.014,190.26987721147503,0.8454
kosarak,training LODO,Apriori_Gen_Borgelt,0.0600247505990574,80.5,129.2574844050163,0.478,0.6219205289624848,0.0538
kosarak,training LODO,Eclat_Gen_Borgelt,0.0600247505990574,80.63,94.57027718667916,0.5085,0.27650637909521036,0.0544
kosarak,training LODO,FPgrowth_Gen_Borgelt,0.0600247505990574,80.34,85.58471793600046,0.4765,0.28153091159534915,0.0522
kosarak,training LODO,Gr_growth,0.0600247505990574,13.8,16.199005191907464,0.2381,0.38084983710602266,0.0381
kosarak,training LODO,DefMe,0.0600247505990574,7895.45,583.241574983396,3.3042,95.40400280355064,0.3992
kosarak,training LODO,Pascal,0.0600247505990574,478.26,405.36168898182564,1.5701,627.459966583903,4.288
kosarak,training LODO,Zart,0.0600247505990574,1065.57,890.1414257795732,2.3451,644.8206466923514,2.2642
kosarak,training LODO,Apriori_Gen_Borgelt,0.0126772285392901,80.88,127.18009042801965,0.5105,0.6290438688700188,0.0627
kosarak,training LODO,Eclat_Gen_Borgelt,0.0126772285392901,94.79,94.11125192766545,0.5745,0.27982214515692644,0.0597
kosarak,training LODO,FPgrowth_Gen_Borgelt,0.0126772285392901,89.23,86.84752922232116,0.5933,0.2899382946220447,0.084
kosarak,training LODO,DefMe,0.0126772285392901,7918.0,603.9329686616364,3.3132,100.83452073648712,0.4591
kosarak,training LODO,Gr_growth,0.0126772285392901,21.45,19.589620977874397,0.3354,0.3762707382672883,0.1011
kosarak,training LODO,Pascal,0.0126772285392901,485.96,403.9766822099444,17.0601,863.7328487984232,19.602
kosarak,training LODO,Zart,0.0126772285392901,1626.61,952.4505860301505,12.2491,809.0003694846436,10.9244
kosarak,training LODO,Apriori_Gen_Borgelt,0.0032752349487756,81.42,127.26017920921021,0.8635,0.6378936158036408,0.0749
kosarak,training LODO,DefMe,0.0032752349487756,7989.88,786.2329061501151,4.3816,101.15476446026058,0.5899
kosarak,training LODO,Eclat_Gen_Borgelt,0.0032752349487756,124.94,95.60070751027644,0.6783,0.2876207921626984,0.0784
kosarak,training LODO,FPgrowth_Gen_Borgelt,0.0032752349487756,135.61,86.01266558204651,0.9033,0.29268815091713846,0.0914
kosarak,training LODO,Gr_growth,0.0032752349487756,63.79,21.589746229731624,0.9369,0.3749273290681541,0.1316
kosarak,training LODO,Pascal,0.0032752349487756,492.09,403.9284514110814,686.1005,1142.831532313192,56.3277
kosarak,training LODO,Zart,0.0032752349487756,1732.91,985.0475325768614,550.9333,976.9079017798819,25.105
kosarak,training LODO,Apriori_Gen_Borgelt,0.0013246977425311,93.03,126.32429032798903,10.8181,0.6535959328851704,0.0749
kosarak,training LODO,DefMe,0.0013246977425311,8012.86,1478.2429294348162,206.058,103.97609436558164,1.2698
kosarak,training LODO,Eclat_Gen_Borgelt,0.0013246977425311,154.16,97.2110961047268,1.2067,0.29530229216269843,0.0784
kosarak,training LODO,FPgrowth_Gen_Borgelt,0.0013246977425311,212.75,88.89474798416977,1.9742,0.29783560320790325,0.1091
kosarak,training LODO,Gr_growth,0.0013246977425311,120.23,25.031731175752416,2.9051,0.38353331121101125,0.1445
mushroom,training LODO,DefMe,0.2,122.4,346.31730350288956,0.2205,544.8441544005334,2.6059
mushroom,training LODO,DefMe,0.3,94.34,336.1142442819571,0.2045,484.5838150284012,1.9531
mushroom,training LODO,DefMe,0.5,96.62,325.2295231028651,0.2096,361.4142255774634,1.3447
mushroom,training LODO,DefMe,0.7,93.88,247.58838321836913,0.2074,270.76715241213515,0.9647
mushroom,training LODO,Talky_G,0.2,98.43,256.6937846682708,0.2252,617.049083146659,2.0661
mushroom,training LODO,Talky_G,0.3,96.07,255.23759333021513,0.2265,497.17475639552254,2.0549
mushroom,training LODO,Talky_G,0.5,96.1,237.452993303961,0.2102,349.7332645779359,1.3662
mushroom,training LODO,Talky_G,0.7,96.0,184.19113445946437,0.215,272.7931671723623,0.7813
mushroom,training LODO,Pascal,0.2,109.09,177.15864675215394,0.9832,2034.3804871989796,3600.0
mushroom,training LODO,Pascal,0.3,98.48,177.74364474578815,0.3789,2011.533411599773,3600.0
mushroom,training LODO,Pascal,0.5,99.4,184.77638310428958,0.224,1720.2447468862804,441.1246
mushroom,training LODO,Pascal,0.7,102.22,139.39360926876867,0.1977,1181.3854008121464,54.9236
mushroom,training LODO,Zart,0.2,395.38,316.81935466493513,44.2896,2475.359600820266,3600.0
mushroom,training LODO,Zart,0.3,198.01,318.20474374732294,1.2506,2457.957876820267,3600.0
mushroom,training LODO,Zart,0.5,107.58,297.27474446028714,0.2785,2306.733579200624,3600.0
mushroom,training LODO,Zart,0.7,95.3,285.92405862059525,0.2146,1843.7651810788234,1330.0085
mushroom,training LODO,TalkyG_Diffset,0.2,99.75,239.5115974985664,0.2252,718.5141046389798,2.9883
mushroom,training LODO,TalkyG_Diffset,0.3,97.12,239.77816329384302,0.2251,560.0348749068063,2.0118
mushroom,training LODO,TalkyG_Diffset,0.5,96.25,229.2450898895913,0.2134,339.87146328831375,1.3352
mushroom,training LODO,TalkyG_Diffset,0.7,97.82,170.13785152458365,0.2185,227.42254056573086,1.0608
mushroom,training LODO,Apriori_Gen_Borgelt,0.1,4.95,10.47043399311042,0.1027,23.945913609758293,0.4542
mushroom,training LODO,Apriori_Gen_Borgelt,0.15,3.95,10.319947732154565,0.0356,23.945913609758293,0.4542
mushroom,training LODO,Apriori_Gen_Borgelt,0.2,3.96,10.29654955428504,0.0211,23.945913609758293,0.4542
mushroom,training LODO,Apriori_Gen_Borgelt,0.3,3.94,9.563835865479673,0.009,23.945867159758293,0.4542
mushroom,training LODO,Apriori_Gen_Borgelt,0.4,3.99,8.451742986400966,0.0083,21.12526723217893,0.4542
mushroom,training LODO,Apriori_Gen_Borgelt,0.5,3.97,7.5029054494476295,0.008,16.356171175234486,0.4512
mushroom,training LODO,Apriori_Gen_Borgelt,0.6,4.05,6.346993215640683,0.0088,10.951160619587354,0.3985
mushroom,training LODO,Apriori_Gen_Borgelt,0.7,3.95,5.540258569242995,0.0062,8.662085882484181,0.2227
mushroom,training LODO,Eclat_Gen_Borgelt,0.1,11.43,26.88478032558039,0.0215,1.8313018384219943,0.1722
mushroom,training LODO,Eclat_Gen_Borgelt,0.15,7.88,24.797934771108046,0.0156,1.8313018384219943,0.1722
mushroom,training LODO,Eclat_Gen_Borgelt,0.2,6.52,24.797934771108046,0.0116,1.8313018384219943,0.1722
mushroom,training LODO,Eclat_Gen_Borgelt,0.3,4.71,21.663933920330987,0.0084,1.8312069431838989,0.1722
mushroom,training LODO,Eclat_Gen_Borgelt,0.4,4.25,16.34392474357351,0.0084,1.4198587319104505,0.1722
mushroom,training LODO,Eclat_Gen_Borgelt,0.5,4.24,13.811130448695536,0.0082,1.0243650803051119,0.1481
mushroom,training LODO,Eclat_Gen_Borgelt,0.6,4.09,12.798356568772764,0.007,0.9689260219717785,0.1188
mushroom,training LODO,Eclat_Gen_Borgelt,0.7,4.08,11.766395569281109,0.0078,0.6818148909652847,0.093
mushroom,training LODO,FPgrowth_Gen_Borgelt,0.1,10.66,26.501441364435085,0.0144,1.547916995745921,0.1464
mushroom,training LODO,FPgrowth_Gen_Borgelt,0.15,7.55,24.546478143287064,0.0108,1.547916995745921,0.1464
mushroom,training LODO,FPgrowth_Gen_Borgelt,0.2,6.26,24.453030002193476,0.0131,1.547916995745921,0.1464
mushroom,training LODO,FPgrowth_Gen_Borgelt,0.3,4.6,21.99990581125931,0.0099,1.4433602957459204,0.1464
mushroom,training LODO,FPgrowth_Gen_Borgelt,0.4,4.45,18.16427681180725,0.009,1.0645148930402932,0.1464
mushroom,training LODO,FPgrowth_Gen_Borgelt,0.5,4.09,15.098821058093248,0.0073,0.6032102665792541,0.1091
mushroom,training LODO,FPgrowth_Gen_Borgelt,0.6,4.06,13.95855724831748,0.0074,0.5563947713411589,0.1046
mushroom,training LODO,FPgrowth_Gen_Borgelt,0.7,3.96,12.448542671993444,0.007,0.4542617403887779,0.0846
mushroom,training LODO,DefMe,0.05,376.26,371.83739000380683,0.3504,562.2089376755334,2.6059
mushroom,training LODO,DefMe,0.1,228.18,364.95846140602697,0.2642,559.8449936338666,2.6059
mushroom,training LODO,DefMe,0.15,127.88,348.5388811712755,0.2208,559.8421119838667,2.6059
mushroom,training LODO,DefMe,0.4,96.41,329.6491589475046,0.1954,409.9021200510744,1.5887
mushroom,training LODO,DefMe,0.6,94.95,299.38088910709916,0.193,331.83461051846626,1.2143
mushroom,training LODO,Talky_G,0.05,134.96,268.45971664731763,0.2879,642.1674186292347,2.0661
mushroom,training LODO,Talky_G,0.1,124.39,270.4640928102614,0.2402,634.756669221659,2.18
mushroom,training LODO,Talky_G,0.15,96.02,258.9489238618258,0.2217,617.049083146659,2.0661
mushroom,training LODO,Talky_G,0.4,94.93,246.71389477495438,0.216,401.47022610591216,1.7659
mushroom,training LODO,Talky_G,0.6,95.32,210.72104264885635,0.2097,295.7525134944042,1.1451
mushroom,training LODO,Pascal,0.1,260.66,178.65206342622398,57.691,2073.336661003146,3600.0
mushroom,training LODO,Pascal,0.15,120.54,177.09996412229737,2.1117,2064.3681944323125,3600.0
mushroom,training LODO,Pascal,0.4,98.23,181.74481703915058,0.2905,1887.0368288712018,3588.2038
mushroom,training LODO,Pascal,0.6,104.1,165.0705079519681,0.2098,1551.3916210272255,124.7782
mushroom,training LODO,Zart,0.15,415.82,316.6497148514383,126.5752,2486.4314965286,3600.0
mushroom,training LODO,Zart,0.4,143.97,318.35983194860415,0.3876,2334.644256208957,3600.0
mushroom,training LODO,Zart,0.6,98.11,290.52684807733255,0.224,2168.9122784196356,3600.0
mushroom,training LODO,TalkyG_Diffset,0.05,152.96,261.96160156099734,0.3009,763.5482101425512,3.1233
mushroom,training LODO,TalkyG_Diffset,0.1,127.51,264.1151483928398,0.2424,766.3845422925511,3.1233
mushroom,training LODO,TalkyG_Diffset,0.15,97.56,243.50541250148677,0.2287,748.4588887270749,3.1233
mushroom,training LODO,TalkyG_Diffset,0.4,99.7,235.42952951659763,0.2201,455.47638219966336,1.6257
mushroom,training LODO,TalkyG_Diffset,0.6,94.16,206.32523688748657,0.2129,286.7651366962323,1.1223
mushroom,training LODO,Apriori_Gen_Borgelt,0.05,5.95,10.33204973685957,0.212,23.94340188475829,0.4542
mushroom,training LODO,Eclat_Gen_Borgelt,0.05,15.5,27.072618715342028,0.0366,1.76128438663628,0.1722
mushroom,training LODO,FPgrowth_Gen_Borgelt,0.05,14.95,26.13016762799486,0.0212,1.5450260772935402,0.1464
mushroom,training LODO,Gr_growth,0.05,15.32,33.799915470843665,0.0255,1.5269610582251079,0.1446
mushroom,training LODO,Gr_growth,0.1,14.52,32.76066182881382,0.0168,1.5273577415584412,0.1446
mushroom,training LODO,Gr_growth,0.15,14.05,32.627712764511045,0.0134,1.5270359637806634,0.1446
mushroom,training LODO,Gr_growth,0.2,13.93,32.615008500599984,0.0147,1.5270359637806634,0.1446
mushroom,training LODO,Gr_growth,0.3,13.73,25.099819903048655,0.0112,1.423283110209235,0.1446
mushroom,training LODO,Gr_growth,0.4,13.73,22.220636758884115,0.0103,1.2193863731060608,0.1065
mushroom,training LODO,Gr_growth,0.5,13.64,16.758392099685032,0.0106,0.9079908860181486,0.1029
mushroom,training LODO,Gr_growth,0.6,13.73,15.74636773248618,0.0112,0.8981789777208903,0.0999
mushroom,training LODO,Gr_growth,0.7,13.59,14.169551081842673,0.0099,0.8059712901307028,0.0788
onlineretail,training LODO,Apriori_Gen_Borgelt,0.017636528480632,35.79,67.36292185525494,0.1338,1.2512963845765346,0.0685
onlineretail,training LODO,DefMe,0.017636528480632,686.96,460.0160833167783,0.5899,108.96964050571711,0.7757
onlineretail,training LODO,Eclat_Gen_Borgelt,0.017636528480632,35.79,72.20329135063201,0.1429,0.4883825938991565,0.1091
onlineretail,training LODO,FPgrowth_Gen_Borgelt,0.017636528480632,35.91,64.91664934008472,0.1452,0.43432946762020663,0.1095
onlineretail,training LODO,Gr_growth,0.017636528480632,13.6,11.519007703326427,0.1011,0.26368785726024485,0.1571
onlineretail,training LODO,TalkyG_Diffset,0.017636528480632,527.21,837.636467119022,0.5796,104.24183909596239,0.623
onlineretail,training LODO,Talky_G,0.017636528480632,650.92,788.5444235749749,0.6118,87.06553014226178,0.6143
onlineretail,training LODO,Zart,0.017636528480632,826.25,784.0113819614418,4.6665,762.3410375575415,10.9244
onlineretail,training LODO,Pascal,0.017636528480632,276.56,353.3277342452146,7.1688,620.0117800907287,14.0866
onlineretail,training LODO,Apriori_Gen_Borgelt,0.0058890194373259,35.62,67.41265535159908,0.141,1.2604506665029414,0.1082
onlineretail,training LODO,DefMe,0.0058890194373259,1141.87,569.2305785561126,0.7731,109.27824584078203,0.9103
onlineretail,training LODO,Eclat_Gen_Borgelt,0.0058890194373259,35.94,76.46235486874758,0.15,0.5017750444638696,0.1091
onlineretail,training LODO,FPgrowth_Gen_Borgelt,0.0058890194373259,35.62,72.0120504101224,0.1502,0.4390702796873062,0.1104
onlineretail,training LODO,Gr_growth,0.0058890194373259,13.75,22.082109491886943,0.1492,0.28494327905650413,0.192
onlineretail,training LODO,Pascal,0.0058890194373259,282.67,353.58386411112053,92.667,832.3230693238636,53.7008
onlineretail,training LODO,TalkyG_Diffset,0.0058890194373259,570.27,861.4079302992466,0.5556,121.48132374405041,0.7099
onlineretail,training LODO,Talky_G,0.0058890194373259,663.88,805.7787149025966,0.6172,99.71653872456699,0.6968
onlineretail,training LODO,Zart,0.0058890194373259,784.0,971.7488952881878,87.3878,892.8326091735823,98.4032
onlineretail,training LODO,Apriori_Gen_Borgelt,0.0015334301653236,35.82,67.49903163476202,0.1531,1.4304404615967368,0.1611
onlineretail,training LODO,DefMe,0.0015334301653236,2116.93,994.3912238792454,2.1924,113.26518244900716,0.9878
onlineretail,training LODO,Eclat_Gen_Borgelt,0.0015334301653236,35.78,81.47593009446071,0.1481,0.5178583190670442,0.1804
onlineretail,training LODO,FPgrowth_Gen_Borgelt,0.0015334301653236,35.63,78.40830160768925,0.1437,0.46069318760855155,0.1402
onlineretail,training LODO,Gr_growth,0.0015334301653236,13.91,27.026940566943377,0.1445,0.3202916431438058,0.2006
onlineretail,training LODO,Pascal,0.0015334301653236,289.1,362.4192060879791,834.7978,1104.6731850542028,478.7567
onlineretail,training LODO,TalkyG_Diffset,0.0015334301653236,603.0,907.4342963059795,0.6137,112.86303362321708,0.7181
onlineretail,training LODO,Talky_G,0.0015334301653236,969.79,846.6195156425036,0.7463,103.90836730840815,0.6968
onlineretail,training LODO,Zart,0.0015334301653236,882.88,1141.4691920264197,800.5185,1112.303580527262,545.852
onlineretail,training LODO,Apriori_Gen_Borgelt,0.0004010509663154,35.75,67.49903163476202,0.1482,1.404040440168165,0.1611
onlineretail,training LODO,DefMe,0.0004010509663154,2041.07,1163.4007636121178,8.2196,175.62061994610806,1.4279
onlineretail,training LODO,Eclat_Gen_Borgelt,0.0004010509663154,35.91,85.95349017240007,0.1469,0.5403233805749807,0.223
onlineretail,training LODO,FPgrowth_Gen_Borgelt,0.0004010509663154,35.78,85.01352706590293,0.1427,0.48134213362226014,0.1402
onlineretail,training LODO,Gr_growth,0.0004010509663154,13.91,28.948127055399794,0.1572,0.36150878600094866,0.2006
onlineretail,training LODO,TalkyG_Diffset,0.0004010509663154,2096.0,1011.1793107100448,1.0926,132.2910502815504,0.7181
onlineretail,training LODO,Talky_G,0.0004010509663154,1816.75,940.474076581488,1.0922,142.57150177070974,0.6972
onlineretail,training LODO,Zart,0.0004010509663154,1757.5,1177.1243344459504,3069.9668,1605.0555853138908,608.0888
onlineretail,training LODO,Apriori_Gen_Borgelt,4.024386859220471e-05,35.67,67.44547550686993,0.163,1.4064142015318013,0.1783
onlineretail,training LODO,DefMe,4.024386859220471e-05,2115.43,1174.9096068536921,27.3897,181.17768015444142,1.4279
onlineretail,training LODO,Eclat_Gen_Borgelt,4.024386859220471e-05,37.47,90.1972975029581,0.1527,0.5237591305749807,0.223
onlineretail,training LODO,FPgrowth_Gen_Borgelt,4.024386859220471e-05,38.25,91.21767472103096,0.1468,0.4529254633841649,0.1464
onlineretail,training LODO,Gr_growth,4.024386859220471e-05,14.38,30.8315443812627,0.1566,0.4239548226892603,0.2013
onlineretail,training LODO,TalkyG_Diffset,4.024386859220471e-05,1654.93,1075.1048670272812,1.8719,171.8250274720266,0.7181
onlineretail,training LODO,Talky_G,4.024386859220471e-05,2133.53,979.591725356179,1.6833,174.86194028975734,0.6972
pamap,training LODO,Apriori_Gen_Borgelt,0.87309175,139.36,72.20780488740276,0.6862,1.7083989081737707,0.0894
pamap,training LODO,Eclat_Gen_Borgelt,0.87309175,139.21,30.300241798076776,0.6918,0.2885625222999224,0.1071
pamap,training LODO,DefMe,0.87309175,1220.78,445.01285356512176,1.3447,1.9064229223304472,0.4789
pamap,training LODO,FPgrowth_Gen_Borgelt,0.87309175,139.36,32.04517404178189,0.6506,0.28068787491463215,0.0914
pamap,training LODO,Gr_growth,0.87309175,13.6,13.065905731326218,0.4039,0.14644970965199017,0.0649
pamap,training LODO,TalkyG_Diffset,0.87309175,1230.96,277.10286626928877,1.8575,4.839061926798056,0.5556
pamap,training LODO,Pascal,0.87309175,674.12,248.78748516770048,2.493,412.6225867325995,1.3842
pamap,training LODO,Talky_G,0.87309175,1294.46,239.38737307296634,2.0549,4.569339993915113,0.5064
pamap,training LODO,Zart,0.87309175,1778.36,326.80935568768047,2.8441,637.69962477111,2.0683
pamap,training LODO,Apriori_Gen_Borgelt,0.63655675,139.55,72.65873281528857,0.754,4.87171909836275,0.208
pamap,training LODO,DefMe,0.63655675,1705.5,763.5381743554559,1.5887,2.6213560292637914,0.6254
pamap,training LODO,Eclat_Gen_Borgelt,0.63655675,139.68,38.79044668130155,0.7684,0.5667120613691864,0.1569
pamap,training LODO,FPgrowth_Gen_Borgelt,0.63655675,139.71,39.77123912593796,0.7153,0.3596726653186726,0.1523
pamap,training LODO,Gr_growth,0.63655675,14.06,13.536535788414923,0.4392,0.23966285583358632,0.0788
pamap,training LODO,Pascal,0.63655675,675.94,267.6322575072125,54.9236,745.8420161135294,3.0817
pamap,training LODO,TalkyG_Diffset,0.63655675,1745.98,361.3589858859309,2.0118,11.476479639099644,0.5669
pamap,training LODO,Talky_G,0.63655675,1620.77,291.48545819199825,2.0661,14.319819597432428,0.5948
pamap,training LODO,Zart,0.63655675,1883.96,383.5736428081883,90.7496,895.2579446236492,3.0932
pamap,training LODO,Apriori_Gen_Borgelt,0.04525675,825.86,76.99748691325874,147.862,7.0368364793401055,0.212
pamap,training LODO,Eclat_Gen_Borgelt,0.04525675,1946.2,84.49263043600341,28.4018,1.0747170503482628,0.223
pamap,training LODO,FPgrowth_Gen_Borgelt,0.04525675,1960.66,83.29701441878917,23.7877,1.0021711190843514,0.2224
pamap,training LODO,Gr_growth,0.04525675,1033.28,14.806924730374249,21.4911,0.5476986436041491,0.1205
pumsb,training LODO,FPgrowth_Gen_Borgelt,0.6,285.98,20.28441587976246,1.4923,0.3376025520649285,0.2305
pumsb,training LODO,FPgrowth_Gen_Borgelt,0.7,68.51,18.811273568654716,0.3033,0.3000567740887381,0.1468
pumsb,training LODO,FPgrowth_Gen_Borgelt,0.75,32.53,17.31861088904934,0.153,0.2967306865887381,0.1464
pumsb,training LODO,FPgrowth_Gen_Borgelt,0.8,26.45,16.313306842293763,0.1041,0.28414723083476984,0.1402
pumsb,training LODO,FPgrowth_Gen_Borgelt,0.85,25.55,14.821098364262491,0.0914,0.27132341972365875,0.1205
pumsb,training LODO,FPgrowth_Gen_Borgelt,0.9,21.0,14.140070402475171,0.088,0.2410017315201955,0.0846
pumsb,training LODO,FPgrowth_Gen_Borgelt,0.95,18.61,14.04999044139662,0.0801,0.23617655532971932,0.081
pumsb,training LODO,DefMe,0.6,869.07,494.55484146189315,22.3843,672.2454325476785,1.3447
pumsb,training LODO,DefMe,0.7,869.43,392.4029853217493,4.9336,624.4989848985444,0.9647
pumsb,training LODO,DefMe,0.75,882.07,358.8103925331112,2.0546,606.4198990326714,0.8599
pumsb,training LODO,DefMe,0.8,862.44,338.95438161436067,0.8963,602.6170517541361,0.7956
pumsb,training LODO,DefMe,0.85,598.97,306.6219292617384,0.5654,542.49779693894,0.7786
pumsb,training LODO,DefMe,0.9,415.27,286.6992890322945,0.4463,465.71533272040017,0.686
pumsb,training LODO,DefMe,0.95,340.62,283.7910189951308,0.4203,451.29341507873363,0.5899
pumsb,training LODO,Talky_G,0.6,1063.86,515.3006627269796,129.5294,572.733613749657,1.1451
pumsb,training LODO,Talky_G,0.7,966.14,469.1240038541252,5.7824,505.2808825974925,1.1148
pumsb,training LODO,Talky_G,0.75,964.59,448.88339242176494,1.5897,499.07213653856394,1.1148
pumsb,training LODO,Talky_G,0.8,680.41,442.57806088905386,0.895,489.91417635780994,1.1148
pumsb,training LODO,Talky_G,0.85,640.47,429.3038414087933,0.7813,475.7151215171534,1.0922
pumsb,training LODO,Talky_G,0.9,466.01,402.2653968815222,0.7441,395.12965294393916,0.6118
pumsb,training LODO,Talky_G,0.95,451.03,398.98912224599627,0.7056,395.12965294393916,0.6118
pumsb,training LODO,Pascal,0.75,389.08,139.58507635727236,1237.6079,1015.1952569570557,11.4804
pumsb,training LODO,Pascal,0.8,361.36,139.58507635727236,247.1454,997.2377833320558,11.4804
pumsb,training LODO,Pascal,0.85,360.6,139.95418846656807,63.5295,926.0288107151906,3.5074
pumsb,training LODO,Pascal,0.9,361.6,139.95418846656807,7.7666,892.5000683259047,3.5074
pumsb,training LODO,Pascal,0.95,365.98,140.20925521946563,1.0149,889.804625450905,3.5074
pumsb,training LODO,Zart,0.8,964.1,262.0346226491277,1079.0713,1199.6789175644963,7.8675
pumsb,training LODO,Zart,0.85,847.62,246.21531363922244,107.8816,1091.2230692978294,4.2575
pumsb,training LODO,Zart,0.9,833.93,245.53001244652518,8.3215,1075.800143583544,4.2575
pumsb,training LODO,Zart,0.95,830.36,238.80565744119025,0.9708,1045.9555564335442,4.2575
pumsb,training LODO,TalkyG_Diffset,0.6,1069.73,602.1366138627969,122.1556,492.54318278265123,1.1223
pumsb,training LODO,TalkyG_Diffset,0.7,954.39,540.112377863975,6.6818,424.8643250134052,1.0921
pumsb,training LODO,TalkyG_Diffset,0.75,963.41,519.5737696463682,1.8205,404.13195412292913,1.0608
pumsb,training LODO,TalkyG_Diffset,0.8,954.94,505.7592189106478,1.026,385.81003987531017,0.7822
pumsb,training LODO,TalkyG_Diffset,0.85,630.23,487.25019266355133,0.7851,385.69399057044905,0.6369
pumsb,training LODO,TalkyG_Diffset,0.9,464.73,454.73266522996823,0.7378,329.9900988916793,0.5905
pumsb,training LODO,TalkyG_Diffset,0.95,437.13,450.80535703933566,0.7154,329.9900988916793,0.5905
pumsb,training LODO,Apriori_Gen_Borgelt,0.6,91.78,12.760847867337775,19.2979,8.616306235377817,0.4831
pumsb,training LODO,Apriori_Gen_Borgelt,0.7,24.05,11.904494835714438,1.6765,5.561856112064325,0.3086
pumsb,training LODO,Apriori_Gen_Borgelt,0.75,18.57,11.635734871178682,0.484,4.626580704127816,0.3086
pumsb,training LODO,Apriori_Gen_Borgelt,0.8,18.27,11.54129865531085,0.2125,4.506474613850038,0.3086
pumsb,training LODO,Apriori_Gen_Borgelt,0.85,18.36,10.679385164822415,0.1226,4.1962193420246425,0.1273
pumsb,training LODO,Apriori_Gen_Borgelt,0.9,18.2,10.679385164822415,0.0967,3.899812824667,0.0894
pumsb,training LODO,Apriori_Gen_Borgelt,0.95,18.27,10.399740350439114,0.089,3.896094669905095,0.0894
pumsb,training LODO,Eclat_Gen_Borgelt,0.6,284.51,16.536889867889297,1.8571,0.6187596062961549,0.3181
pumsb,training LODO,Eclat_Gen_Borgelt,0.7,68.21,15.68692540059795,0.3982,0.5877147803040914,0.3181
pumsb,training LODO,Eclat_Gen_Borgelt,0.75,31.85,14.183435327297932,0.1957,0.5794283164152025,0.3181
pumsb,training LODO,Eclat_Gen_Borgelt,0.8,26.45,13.836725320035468,0.1222,0.5661037900263137,0.1932
pumsb,training LODO,Eclat_Gen_Borgelt,0.85,25.57,11.639852330134346,0.1082,0.5501877983235719,0.15
pumsb,training LODO,Eclat_Gen_Borgelt,0.9,20.71,11.639852330134346,0.0944,0.45166344588850693,0.093
pumsb,training LODO,Eclat_Gen_Borgelt,0.95,18.43,11.48467503860825,0.0878,0.4463290304123165,0.093
pumsb,training LODO,Gr_growth,0.6,144.86,15.78015291879364,2.0571,0.4744090173624985,0.2006
pumsb,training LODO,Gr_growth,0.7,41.08,14.21545087120746,0.4582,0.4144759056741869,0.1769
pumsb,training LODO,Gr_growth,0.75,23.58,13.951142754869696,0.1984,0.4127885223408535,0.1769
pumsb,training LODO,Gr_growth,0.8,16.23,13.942466163027932,0.0983,0.3728755461503773,0.1769
pumsb,training LODO,Gr_growth,0.85,14.08,13.885688442298672,0.0689,0.3550415223408535,0.1446
pumsb,training LODO,Gr_growth,0.9,13.43,13.885162183588173,0.0661,0.24960538503787874,0.0564
pumsb,training LODO,Gr_growth,0.95,13.73,13.886075447678836,0.0641,0.24863017313311686,0.0564
recordlink,training LODO,Apriori_Gen_Borgelt,0.7772354251860716,46.44,87.18861174769815,0.1783,9.044562573526798,0.096
recordlink,training LODO,DefMe,0.7772354251860716,278.78,866.5748466525238,0.4789,114.64154567537602,0.686
recordlink,training LODO,Eclat_Gen_Borgelt,0.7772354251860716,46.51,54.08866153839093,0.1804,1.6485657703823957,0.15
recordlink,training LODO,FPgrowth_Gen_Borgelt,0.7772354251860716,46.54,45.87725779833537,0.1604,1.3077873848734602,0.1437
recordlink,training LODO,Gr_growth,0.7772354251860716,13.63,13.068686372840125,0.0999,0.9472099721463585,0.0983
recordlink,training LODO,Pascal,0.7772354251860716,337.64,485.3903620781058,0.7135,636.9184932076936,3.0817
recordlink,training LODO,TalkyG_Diffset,0.7772354251860716,279.54,467.71094343377143,0.5669,102.84556056475121,0.5556
recordlink,training LODO,Talky_G,0.7772354251860716,274.68,383.0270024351678,0.6806,139.4409487281746,0.6172
recordlink,training LODO,Zart,0.7772354251860716,547.47,749.8599384331994,1.046,987.6308866660396,25.105
recordlink,training LODO,Apriori_Gen_Borgelt,0.0439401265930671,50.21,88.69821496964201,0.2227,19.580324204768477,0.4103
recordlink,training LODO,DefMe,0.0439401265930671,838.53,1104.9879234048055,0.7757,315.41348694855145,1.3447
recordlink,training LODO,Eclat_Gen_Borgelt,0.0439401265930671,53.15,117.60600284858107,0.2371,3.2990253086219328,0.4993
recordlink,training LODO,FPgrowth_Gen_Borgelt,0.0439401265930671,53.15,118.51619296200042,0.2224,2.7550589486000105,0.4903
recordlink,training LODO,Gr_growth,0.0439401265930671,13.75,43.29675733719442,0.1065,1.980223140736102,0.192
recordlink,training LODO,TalkyG_Diffset,0.0439401265930671,509.01,674.5653794727393,0.6844,309.73043154856316,0.7181
recordlink,training LODO,Talky_G,0.0439401265930671,377.6,554.7896208038007,0.6705,416.27516080636724,0.7825
recordlink,training LODO,Pascal,0.0439401265930671,329.29,499.5392627097084,19.602,1778.5430698620644,701.2038
recordlink,training LODO,Zart,0.0439401265930671,766.5,866.1871898203473,98.4032,2222.863829540927,3600.0
recordlink,training LODO,Apriori_Gen_Borgelt,0.0001021893747401,50.01,83.32322668546354,0.208,19.51015569573168,0.4512
recordlink,training LODO,DefMe,0.0001021893747401,815.78,1512.402017824612,1.4279,397.89116556653494,6.2768
recordlink,training LODO,Eclat_Gen_Borgelt,0.0001021893747401,56.87,131.77601142059058,0.223,3.156752554455267,0.5361
recordlink,training LODO,FPgrowth_Gen_Borgelt,0.0001021893747401,57.17,141.75350337118252,0.2202,2.7260196763958255,0.4903
recordlink,training LODO,Gr_growth,0.0001021893747401,13.92,48.57641599170536,0.1205,1.9047937398411636,0.2013
recordlink,training LODO,Pascal,0.0001021893747401,324.36,504.12338384522724,56.3277,2269.9766421779373,3600.0
recordlink,training LODO,TalkyG_Diffset,0.0001021893747401,829.45,871.2815572353464,0.8799,368.5394254365502,1.3352
recordlink,training LODO,Talky_G,0.0001021893747401,833.45,635.3256085239552,0.8454,458.0252728887086,1.4308
recordlink,training LODO,Zart,0.0001021893747401,830.86,1290.9024905029469,608.0888,2515.0647230844693,3600.0
retail,training LODO,DefMe,0.2,478.55,607.7194085056341,0.378,317.1964604403874,2.1924
retail,training LODO,DefMe,0.3,484.46,605.3191820381619,0.3836,291.14027290586364,2.1924
retail,training LODO,DefMe,0.5,481.9,595.68650473154,0.3782,194.44607125049123,1.5887
retail,training LODO,DefMe,0.7,481.86,555.945891486067,0.3754,141.08247165716094,1.1293
retail,training LODO,Talky_G,0.2,1153.82,714.1884238260777,0.6051,444.7494189558223,1.6833
retail,training LODO,Talky_G,0.3,1152.38,701.4754784056544,0.6143,384.60112473082245,1.6833
retail,training LODO,Talky_G,0.5,1155.51,682.6265504566613,0.6138,309.3255269722906,1.2828
retail,training LODO,Talky_G,0.7,1150.65,674.9343418226679,0.6108,223.9985388441244,1.1451
retail,training LODO,Pascal,0.2,123.56,182.11100746497328,0.271,971.2547032590812,40.6292
retail,training LODO,Pascal,0.3,125.85,179.82099349898917,0.2713,977.2400516090812,40.6292
retail,training LODO,Pascal,0.5,125.28,180.22430972738286,0.2582,907.9146673565782,17.0601
retail,training LODO,Pascal,0.7,124.11,177.20737080598036,0.2531,781.2347709895148,17.0601
retail,training LODO,Zart,0.2,151.78,642.0299571395822,0.3404,999.3543575751142,45.8235
retail,training LODO,Zart,0.3,151.32,641.3630645191818,0.3292,992.6242100810664,45.8235
retail,training LODO,Zart,0.5,152.5,622.929074571683,0.3163,920.3765731045152,45.8235
retail,training LODO,Zart,0.7,151.05,615.4910377866657,0.3161,835.8883594206171,12.2491
retail,training LODO,TalkyG_Diffset,0.2,1161.95,719.9731284249174,0.5924,562.4507165316522,1.7948
retail,training LODO,TalkyG_Diffset,0.3,1117.43,707.6460040646914,0.6091,543.0584463858189,1.7948
retail,training LODO,TalkyG_Diffset,0.5,1116.02,663.7782161944261,0.5985,413.2581607725253,1.5555
retail,training LODO,TalkyG_Diffset,0.7,1159.84,635.0307420041001,0.5905,384.62220421405743,1.2459
retail,training LODO,DefMe,0.0005,1945.27,1167.8005234543812,11.5215,471.99098894397525,5.0359
retail,training LODO,DefMe,0.001,1946.05,1109.8903821149656,3.6265,404.3331129406023,4.3816
retail,training LODO,DefMe,0.002,1950.6,979.2291516525266,1.2698,372.26077471996746,3.3132
retail,training LODO,DefMe,0.005,583.39,781.7785767243598,0.4591,331.8580879486305,3.3042
retail,training LODO,DefMe,0.01,492.42,694.2347540612989,0.3992,343.1162721557733,3.3042
retail,training LODO,DefMe,0.02,482.64,614.8935668584247,0.3888,360.4913065567654,3.3042
retail,training LODO,Talky_G,0.0005,1286.16,1176.4460189067222,0.8334,569.4442892587986,1.7784
retail,training LODO,Talky_G,0.001,1291.24,909.6676866851824,0.6968,534.7628312504653,1.7659
retail,training LODO,Talky_G,0.002,1149.64,810.5626891404412,0.6294,517.5647347746716,1.7659
retail,training LODO,Talky_G,0.005,1155.25,747.9690140019544,0.6054,495.9424112115763,1.7659
retail,training LODO,Talky_G,0.01,1152.18,728.6523685958366,0.6077,488.0552809490763,1.7659
retail,training LODO,Talky_G,0.02,1153.92,718.5656506339923,0.6081,473.5952496387589,1.7659
retail,training LODO,Pascal,0.001,442.03,236.9743707427446,3519.7285,1722.8568350636972,834.7978
retail,training LODO,Pascal,0.002,194.34,208.7140951668046,1162.8797,1501.7095337940546,686.1005
retail,training LODO,Pascal,0.005,130.58,202.18647941252024,53.7008,1198.8256210977174,478.7567
retail,training LODO,Pascal,0.01,121.17,200.53387413162199,4.288,1075.3949063951382,92.667
retail,training LODO,Pascal,0.02,125.52,200.98932992334602,0.5707,1027.4122411903763,83.7692
retail,training LODO,Zart,0.002,1411.37,1087.792648727997,579.5006,1461.0418427178572,550.9333
retail,training LODO,Zart,0.005,643.21,948.7109213106496,24.7684,1136.0337777273814,107.8816
retail,training LODO,Zart,0.01,594.92,861.2578240047532,2.2642,1113.8202678875004,87.3878
retail,training LODO,Zart,0.02,308.81,722.411783515162,0.5581,1089.8600290801412,87.3878
retail,training LODO,TalkyG_Diffset,0.0005,1268.12,1225.6346825429985,0.8796,652.549234440184,1.7989
retail,training LODO,TalkyG_Diffset,0.001,1220.96,854.447262206891,0.7099,637.2671113943506,1.7989
retail,training LODO,TalkyG_Diffset,0.002,1153.26,764.6252883464027,0.623,629.6092753774857,1.7989
retail,training LODO,TalkyG_Diffset,0.005,1153.06,749.30287359141,0.6061,605.9648747298664,1.7948
retail,training LODO,TalkyG_Diffset,0.01,1152.71,735.1999323104648,0.6031,599.2339224798666,1.7948
retail,training LODO,TalkyG_Diffset,0.02,1105.32,725.6256082523031,0.6012,594.7646728385967,1.7948
retail,training LODO,Apriori_Gen_Borgelt,0.0005,46.88,24.845554111368163,0.158,5.211815784742341,0.478
retail,training LODO,Apriori_Gen_Borgelt,0.001,24.06,17.7127229648421,0.1082,5.210149429186785,0.478
retail,training LODO,Apriori_Gen_Borgelt,0.002,15.79,14.502519809073904,0.0749,5.209803383353452,0.478
retail,training LODO,Apriori_Gen_Borgelt,0.005,11.66,12.88391226132547,0.0627,5.155852123615968,0.478
retail,training LODO,Apriori_Gen_Borgelt,0.01,11.57,11.79295276069779,0.0538,5.143702072425491,0.478
retail,training LODO,Apriori_Gen_Borgelt,0.02,11.83,10.702337344062133,0.0498,5.142341939092158,0.4542
retail,training LODO,Apriori_Gen_Borgelt,0.2,11.49,9.857268722840244,0.047,5.350535357422438,0.4542
retail,training LODO,Apriori_Gen_Borgelt,0.3,11.42,10.176585523217211,0.047,5.346954552263708,0.4542
retail,training LODO,Apriori_Gen_Borgelt,0.5,11.59,9.838801974545827,0.0451,3.1419905788149345,0.4103
retail,training LODO,Apriori_Gen_Borgelt,0.7,10.8,9.566641539228087,0.0424,2.5574260466901158,0.3345
retail,training LODO,Eclat_Gen_Borgelt,0.0005,31.95,46.52671216779516,0.1091,0.6129101662282163,0.1722
retail,training LODO,Eclat_Gen_Borgelt,0.001,27.72,40.2246769883833,0.0919,0.5939784031329781,0.1527
retail,training LODO,Eclat_Gen_Borgelt,0.002,22.73,37.73352445611902,0.0784,0.5903789031329781,0.1527
retail,training LODO,Eclat_Gen_Borgelt,0.005,17.43,32.57029516469144,0.0597,0.5717537578948829,0.1527
retail,training LODO,Eclat_Gen_Borgelt,0.01,13.83,29.128903610032573,0.0529,0.569231433490121,0.1527
retail,training LODO,Eclat_Gen_Borgelt,0.02,12.06,26.724815850222125,0.0544,0.5687575239663114,0.1527
retail,training LODO,Eclat_Gen_Borgelt,0.2,11.58,25.263655281534373,0.0491,0.6618637332917082,0.1527
retail,training LODO,Eclat_Gen_Borgelt,0.3,11.42,23.764829703032547,0.0459,0.5767916697996448,0.1527
retail,training LODO,Eclat_Gen_Borgelt,0.5,11.56,20.181474006997163,0.0461,0.5685802007520258,0.1527
retail,training LODO,Eclat_Gen_Borgelt,0.7,10.94,17.791893262670566,0.0411,0.5253471207556332,0.1527
retail,training LODO,FPgrowth_Gen_Borgelt,0.0005,41.54,55.21021245727467,0.1402,0.7214972674617051,0.1502
retail,training LODO,FPgrowth_Gen_Borgelt,0.001,34.3,52.152667058119725,0.1095,0.7199867531759907,0.1502
retail,training LODO,FPgrowth_Gen_Borgelt,0.002,25.18,45.230979771365945,0.084,0.7147318442474193,0.1502
retail,training LODO,FPgrowth_Gen_Borgelt,0.005,16.54,36.147104575682,0.0569,0.7116213371045621,0.1502
retail,training LODO,FPgrowth_Gen_Borgelt,0.01,13.28,32.55101273448842,0.0522,0.7113469871045621,0.1502
retail,training LODO,FPgrowth_Gen_Borgelt,0.02,12.21,28.86858243594256,0.0481,0.709064505556943,0.1502
retail,training LODO,FPgrowth_Gen_Borgelt,0.2,11.75,28.17697302113357,0.0443,0.6646808785617162,0.1502
retail,training LODO,FPgrowth_Gen_Borgelt,0.3,11.45,25.51907212432561,0.0451,0.6637466380855257,0.1502
retail,training LODO,FPgrowth_Gen_Borgelt,0.5,11.43,22.624599275955216,0.0442,0.6367556758019759,0.1502
retail,training LODO,FPgrowth_Gen_Borgelt,0.7,10.89,20.374263068232096,0.0418,0.4757202103063604,0.1468
retail,training LODO,Gr_growth,0.0005,34.98,43.585621315248424,0.2084,0.7700959611936673,0.2049
retail,training LODO,Gr_growth,0.001,30.61,41.46246688038004,0.1571,0.7567670967997281,0.2013
retail,training LODO,Gr_growth,0.002,24.98,41.08826179328146,0.1034,0.7450555217997279,0.2013
retail,training LODO,Gr_growth,0.005,17.8,28.840506619741525,0.0602,0.6720615870775057,0.2006
retail,training LODO,Gr_growth,0.01,14.99,26.122584174266358,0.0427,0.6545846412441725,0.1984
retail,training LODO,Gr_growth,0.02,13.88,23.945271363143522,0.0365,0.6636471523372459,0.1984
retail,training LODO,Gr_growth,0.2,13.73,23.177904144251578,0.036,0.653567448368992,0.1984
retail,training LODO,Gr_growth,0.3,13.72,22.5815763032538,0.0381,0.6344382817023253,0.1984
retail,training LODO,Gr_growth,0.5,4.24,19.604945247254008,0.0161,0.6077098879904818,0.1798
retail,training LODO,Gr_growth,0.7,4.25,17.743540993187846,0.0175,0.5456117311362249,0.1649
t10i4d100k,training LODO,DefMe,0.2,150.71,482.95850760879483,0.2793,53.74398148077129,0.5899
t10i4d100k,training LODO,DefMe,0.3,151.82,481.7354953275706,0.2721,53.73353503672367,0.5899
t10i4d100k,training LODO,DefMe,0.5,149.84,455.369484992701,0.2807,40.73687559408297,0.5899
t10i4d100k,training LODO,DefMe,0.7,154.07,418.7467979752363,0.2792,20.490357540084187,0.4789
t10i4d100k,training LODO,Talky_G,0.2,152.2,2532.0347866018465,0.3068,363.2413317074784,1.2828
t10i4d100k,training LODO,Talky_G,0.3,152.18,2535.2251149368312,0.3159,363.24277531462127,1.2828
t10i4d100k,training LODO,Talky_G,0.5,153.44,2533.596711808212,0.3144,284.72789713264774,0.877
t10i4d100k,training LODO,Talky_G,0.7,151.88,2437.4054432926087,0.3118,245.7144395492062,0.7813
t10i4d100k,training LODO,Pascal,0.2,124.71,149.68834114310658,0.2441,880.9406423319102,14.0866
t10i4d100k,training LODO,Pascal,0.3,129.48,146.02616919651578,0.2513,871.4905501535371,14.0866
t10i4d100k,training LODO,Pascal,0.5,129.3,148.0785930406505,0.2453,801.5527730492636,12.1523
t10i4d100k,training LODO,Pascal,0.7,128.42,134.80612019762057,0.2551,652.034883358986,7.1688
t10i4d100k,training LODO,Zart,0.2,156.22,356.8728562202334,0.3054,1018.1178620134151,44.1872
t10i4d100k,training LODO,Zart,0.3,155.03,334.2802771650073,0.2949,962.8590739142404,25.105
t10i4d100k,training LODO,Zart,0.5,153.89,299.83008932100347,0.306,828.3897105529752,10.9244
t10i4d100k,training LODO,Zart,0.7,150.1,296.02464734522215,0.2976,720.2796891596784,7.2682
t10i4d100k,training LODO,TalkyG_Diffset,0.2,153.45,2729.393450123171,0.3045,323.314632650704,1.3352
t10i4d100k,training LODO,TalkyG_Diffset,0.3,151.56,2729.5396486831783,0.3083,292.72647439177547,1.3352
t10i4d100k,training LODO,TalkyG_Diffset,0.5,151.83,2647.198387842968,0.3079,237.4720454526161,1.1223
t10i4d100k,training LODO,TalkyG_Diffset,0.7,154.51,2480.991377579057,0.3031,212.64643584455752,0.8799
t10i4d100k,training LODO,DefMe,0.001,812.59,911.0054155534093,0.9844,78.36118096617894,1.2698
t10i4d100k,training LODO,DefMe,0.002,750.12,851.1577537652126,0.9919,57.63264959217099,0.9103
t10i4d100k,training LODO,DefMe,0.005,796.69,551.1380049545825,0.9871,55.39099166311255,0.6457
t10i4d100k,training LODO,DefMe,0.01,819.07,516.4234730696155,0.9878,54.70619530299351,0.6254
t10i4d100k,training LODO,DefMe,0.02,152.76,501.8493341872204,0.2763,66.7041238418824,0.6254
t10i4d100k,training LODO,DefMe,0.05,152.14,504.0225905727239,0.2744,58.28793414386653,0.6254
t10i4d100k,training LODO,Talky_G,0.001,150.87,2897.1221054656353,0.3167,417.08885484929084,1.7659
t10i4d100k,training LODO,Talky_G,0.002,151.57,2648.2725946089136,0.3233,388.3760098047395,1.7659
t10i4d100k,training LODO,Talky_G,0.005,152.23,2602.6045922841054,0.3183,366.8047200331125,1.6833
t10i4d100k,training LODO,Talky_G,0.01,153.12,2538.502093567269,0.3107,367.32771742086504,1.4308
t10i4d100k,training LODO,Talky_G,0.02,152.68,2521.600776393546,0.3147,373.2006261266731,1.3662
t10i4d100k,training LODO,Talky_G,0.05,151.77,2522.888574315841,0.3067,371.43571984427496,1.2828
t10i4d100k,training LODO,Pascal,0.001,155.15,276.8525225489813,954.0731,1741.5094060656959,1162.8797
t10i4d100k,training LODO,Pascal,0.002,159.95,180.02110781460183,975.784,1375.249979868004,441.1246
t10i4d100k,training LODO,Pascal,0.005,155.71,157.40631104075115,995.6832,1126.771195708083,54.9236
t10i4d100k,training LODO,Pascal,0.01,165.66,155.293060908248,969.3234,1045.786613940875,40.6292
t10i4d100k,training LODO,Pascal,0.02,128.2,159.24254670281715,0.2401,992.1908346565496,32.0492
t10i4d100k,training LODO,Pascal,0.05,127.62,161.99026670834013,0.2427,995.3734246553589,32.0492
t10i4d100k,training LODO,Zart,0.001,1291.53,995.5737396087496,719.7062,1766.512248191319,800.5185
t10i4d100k,training LODO,Zart,0.002,1310.36,846.2112626520011,545.852,1398.934012925843,367.5665
t10i4d100k,training LODO,Zart,0.005,1314.66,576.1192220677173,550.0992,1213.4392813841769,90.7496
t10i4d100k,training LODO,Zart,0.01,1308.71,562.2715277030517,554.432,1127.4133843471275,87.3878
t10i4d100k,training LODO,Zart,0.02,153.7,454.85653364339316,0.2892,1139.9103470292703,87.3878
t10i4d100k,training LODO,Zart,0.05,153.11,415.21133601511366,0.2905,1165.0787418489133,87.3878
t10i4d100k,training LODO,TalkyG_Diffset,0.001,152.88,3189.6891567608886,0.3115,400.18790189914034,1.7948
t10i4d100k,training LODO,TalkyG_Diffset,0.002,152.97,2890.1952388173218,0.3139,379.7555912554896,1.7948
t10i4d100k,training LODO,TalkyG_Diffset,0.005,154.54,2869.814505511932,0.3134,354.91891975668005,1.7675
t10i4d100k,training LODO,TalkyG_Diffset,0.01,152.23,2765.6734009606125,0.3203,344.6569526682185,1.7675
t10i4d100k,training LODO,TalkyG_Diffset,0.02,153.06,2719.0216351170984,0.3076,338.4707950108772,1.5555
t10i4d100k,training LODO,TalkyG_Diffset,0.05,153.35,2711.841787592599,0.3172,331.98108764832307,1.4233
t10i4d100k,training LODO,Apriori_Gen_Borgelt,0.001,18.48,14.664684381290044,0.0611,7.02926801375569,0.1482
t10i4d100k,training LODO,Apriori_Gen_Borgelt,0.002,18.71,12.087368497540673,0.0635,7.0174017195096585,0.141
t10i4d100k,training LODO,Apriori_Gen_Borgelt,0.005,18.18,11.120491769450592,0.065,7.001163705115719,0.1082
t10i4d100k,training LODO,Apriori_Gen_Borgelt,0.01,18.68,11.093173930008918,0.0593,6.998462919981408,0.1027
t10i4d100k,training LODO,Apriori_Gen_Borgelt,0.02,9.69,11.07358757097722,0.0315,6.998056565814742,0.1027
t10i4d100k,training LODO,Apriori_Gen_Borgelt,0.05,9.84,10.523121417970648,0.0307,6.997845815814742,0.1027
t10i4d100k,training LODO,Apriori_Gen_Borgelt,0.2,10.0,9.02141370631484,0.0317,6.99845980659757,0.0685
t10i4d100k,training LODO,Apriori_Gen_Borgelt,0.3,9.87,8.539463777705565,0.0282,6.997082748264237,0.0685
t10i4d100k,training LODO,Apriori_Gen_Borgelt,0.5,9.65,6.825837762900085,0.027,5.954681160764237,0.0627
t10i4d100k,training LODO,Apriori_Gen_Borgelt,0.7,9.77,6.006307254178993,0.0271,3.518343794728882,0.0498
t10i4d100k,training LODO,Eclat_Gen_Borgelt,0.001,25.45,33.35783558468115,0.0746,1.0792366361597554,0.1071
t10i4d100k,training LODO,Eclat_Gen_Borgelt,0.002,25.47,29.289782547146718,0.0743,1.0682152117549935,0.1071
t10i4d100k,training LODO,Eclat_Gen_Borgelt,0.005,25.38,23.303656935602824,0.075,1.0573677736597553,0.1071
t10i4d100k,training LODO,Eclat_Gen_Borgelt,0.01,25.34,22.02269751404232,0.0739,1.0518361386489328,0.1039
t10i4d100k,training LODO,Eclat_Gen_Borgelt,0.02,9.99,21.876182180369117,0.0259,1.077897863648933,0.1039
t10i4d100k,training LODO,Eclat_Gen_Borgelt,0.05,10.02,21.89007522520135,0.0267,1.1392565604743297,0.1039
t10i4d100k,training LODO,Eclat_Gen_Borgelt,0.2,9.99,19.80149095158786,0.0288,1.1342614600775043,0.1039
t10i4d100k,training LODO,Eclat_Gen_Borgelt,0.3,9.94,17.5290580946919,0.0311,1.1339112870616312,0.1039
t10i4d100k,training LODO,Eclat_Gen_Borgelt,0.5,9.94,12.772722048934083,0.0278,0.7963719664267106,0.0919
t10i4d100k,training LODO,Eclat_Gen_Borgelt,0.7,10.13,11.394722586467424,0.0307,0.6176956013473455,0.0597
t10i4d100k,training LODO,FPgrowth_Gen_Borgelt,0.001,40.63,38.22238923171692,0.1084,0.799922111437174,0.1046
t10i4d100k,training LODO,FPgrowth_Gen_Borgelt,0.002,40.6,33.2832189144719,0.1091,0.7952795221514597,0.0983
t10i4d100k,training LODO,FPgrowth_Gen_Borgelt,0.005,40.83,26.164111225671295,0.1086,0.7835674156038406,0.0983
t10i4d100k,training LODO,FPgrowth_Gen_Borgelt,0.01,40.79,25.04847760569055,0.1104,0.7814114683816185,0.0846
t10i4d100k,training LODO,FPgrowth_Gen_Borgelt,0.02,10.02,24.74594896979084,0.0258,0.779828560048285,0.084
t10i4d100k,training LODO,FPgrowth_Gen_Borgelt,0.05,9.94,24.833248829449367,0.0263,0.8025740112387613,0.0825
t10i4d100k,training LODO,FPgrowth_Gen_Borgelt,0.2,10.0,21.338284520279025,0.0249,0.7961899785006661,0.0825
t10i4d100k,training LODO,FPgrowth_Gen_Borgelt,0.3,9.93,18.64790547305655,0.0264,0.7493498213578089,0.0825
t10i4d100k,training LODO,FPgrowth_Gen_Borgelt,0.5,9.89,13.881280817321276,0.025,0.7337674837579088,0.0825
t10i4d100k,training LODO,FPgrowth_Gen_Borgelt,0.7,9.95,11.493504852239818,0.0258,0.5550389921675547,0.0801
t10i4d100k,training LODO,Gr_growth,0.001,43.88,32.659467709263666,0.2094,0.9717498410957098,0.1445
t10i4d100k,training LODO,Gr_growth,0.002,44.07,29.890092203820387,0.2092,0.9574419666909479,0.1316
t10i4d100k,training LODO,Gr_growth,0.005,43.73,27.921332455085476,0.2096,0.9222434879807693,0.1029
t10i4d100k,training LODO,Gr_growth,0.01,43.89,27.101718443455336,0.2049,0.910647129647436,0.1011
t10i4d100k,training LODO,Gr_growth,0.02,4.06,26.72258665384044,0.0152,0.9086517993444057,0.1011
t10i4d100k,training LODO,Gr_growth,0.05,4.05,26.592769345028316,0.0141,0.942519282677739,0.1011
t10i4d100k,training LODO,Gr_growth,0.2,3.93,26.243537244888774,0.0145,0.9375644580565269,0.1011
t10i4d100k,training LODO,Gr_growth,0.3,4.05,25.378113477435576,0.0138,0.9355061400009713,0.0999
t10i4d100k,training LODO,Gr_growth,0.5,4.07,15.324596086116498,0.0128,0.5975463901993838,0.0688
t10i4d100k,training LODO,Gr_growth,0.7,4.08,12.82592337267299,0.0149,0.4716535388104951,0.0564
chainstore_fim,confirm,Apriori_Gen_Borgelt,0.0033943603884814,85.84,152.1564399696132,0.6459,0.8565223595307472,0.1338
chainstore_fim,confirm,Eclat_Gen_Borgelt,0.0033943603884814,103.39,135.52468956567682,0.7824,0.5704418005161506,0.1429
chainstore_fim,confirm,FPgrowth_Gen_Borgelt,0.0033943603884814,102.81,130.5010963445396,0.7659,0.8794400062049064,0.1452
chainstore_fim,confirm,Gr_growth,0.0033943603884814,38.36,29.021031806505903,1.3177,0.6786695647449773,0.1571
chainstore_fim,confirm,DefMe,0.0033943603884814,8037.29,1981.7551481951537,5.9657,282.05400506498427,1.5887
chainstore_fim,confirm,Zart,0.0033943603884814,1633.54,1424.307086881035,231.2598,963.3126990519308,87.3878
chainstore_fim,confirm,Pascal,0.0033943603884814,560.85,422.73968208217536,495.9643,1013.3803603464834,92.667
chainstore_fim,confirm,Apriori_Gen_Borgelt,0.0015038874198188,85.73,152.54723477189202,0.6751,0.934528015519203,0.1531
chainstore_fim,confirm,DefMe,0.0015038874198188,8052.2,2444.6556510664927,10.6743,305.986012065746,3.3132
chainstore_fim,confirm,Eclat_Gen_Borgelt,0.0015038874198188,123.07,139.9317671161277,0.7101,0.580003791335054,0.1429
chainstore_fim,confirm,FPgrowth_Gen_Borgelt,0.0015038874198188,132.23,130.45927832715074,0.7507,0.8860526347763349,0.1452
chainstore_fim,confirm,Gr_growth,0.0015038874198188,67.46,32.71425210012964,1.3039,0.6592453823676323,0.1571
chainstore_fim,confirm,Zart,0.0015038874198188,1788.67,1479.6293277117204,2584.1126,1311.7582474150258,550.9333
chainstore_fim,confirm,Apriori_Gen_Borgelt,0.0005370866050465,113.2,152.46091220146752,0.9413,0.9175569296065045,0.158
chainstore_fim,confirm,DefMe,0.0005370866050465,8055.89,2601.2636810497256,95.204,422.48729246965337,5.0359
chainstore_fim,confirm,Eclat_Gen_Borgelt,0.0005370866050465,151.75,144.42506077736707,0.9339,0.5764528413350539,0.1429
chainstore_fim,confirm,FPgrowth_Gen_Borgelt,0.0005370866050465,198.49,141.63648088759072,1.2728,0.8497388272366523,0.1452
chainstore_fim,confirm,Gr_growth,0.0005370866050465,133.04,36.115830505761465,3.5271,0.6989975137168386,0.1572
chainstore_fim,confirm,Apriori_Gen_Borgelt,0.0002244038136518,197.46,153.13018948631114,1.1386,0.9222461682428683,0.158
chainstore_fim,confirm,Eclat_Gen_Borgelt,0.0002244038136518,183.76,151.34941355695932,1.3869,0.6150795100080476,0.1469
chainstore_fim,confirm,FPgrowth_Gen_Borgelt,0.0002244038136518,266.93,157.61919651988822,2.2411,0.8728452400072151,0.1468
chainstore_fim,confirm,Gr_growth,0.0002244038136518,189.94,45.438608018407685,8.9319,0.754532587436175,0.1649
chainstore_fim,confirm,DefMe,0.0002244038136518,8057.64,2592.5472525697037,653.3759,422.1087169672724,5.0359
chainstore_fim,confirm,Apriori_Gen_Borgelt,9.951039984761208e-05,410.77,151.9440210342141,1.8655,0.9222461682428683,0.158
chainstore_fim,confirm,Eclat_Gen_Borgelt,9.951039984761208e-05,200.97,151.0004466039887,1.6939,0.6150795100080476,0.1469
chainstore_fim,confirm,FPgrowth_Gen_Borgelt,9.951039984761208e-05,339.42,156.91041485606797,2.8516,0.8728452400072151,0.1468
chainstore_fim,confirm,Gr_growth,9.951039984761208e-05,224.88,45.44193223868049,12.7503,0.754532587436175,0.1649
chainstore_fim,confirm,DefMe,9.951039984761208e-05,8050.61,2586.375312274588,2059.9577,417.3765262172724,5.0359
fruithut,confirm,Apriori_Gen_Borgelt,0.0140888608012309,12.86,12.664030094825034,0.0462,1.1721277912062353,0.141
fruithut,confirm,DefMe,0.0140888608012309,200.05,567.5842798232127,0.3239,136.25364205257273,0.9647
fruithut,confirm,Eclat_Gen_Borgelt,0.0140888608012309,17.54,15.623869645800555,0.0572,0.41053481686369186,0.1469
fruithut,confirm,FPgrowth_Gen_Borgelt,0.0140888608012309,16.52,18.521068978387035,0.0464,0.39949171628649127,0.1437
fruithut,confirm,Gr_growth,0.0140888608012309,17.5,22.640945326327437,0.0517,0.45325250310555454,0.1492
fruithut,confirm,Pascal,0.0140888608012309,117.04,148.9301632981135,6.6971,769.8336222427469,32.0492
fruithut,confirm,TalkyG_Diffset,0.0140888608012309,469.9,778.3502511425299,0.4082,330.12221589725834,0.8796
fruithut,confirm,Talky_G,0.0140888608012309,490.21,848.4690567215539,0.3908,308.84621315759,0.8454
fruithut,confirm,Zart,0.0140888608012309,631.31,724.6635821523728,3.8553,767.0148407090666,24.7684
fruithut,confirm,Apriori_Gen_Borgelt,0.0058402483925921,12.86,13.525126740213258,0.0549,1.1747628638252827,0.141
fruithut,confirm,DefMe,0.0058402483925921,322.25,706.0913229552298,0.3923,126.090593984914,0.9878
fruithut,confirm,Eclat_Gen_Borgelt,0.0058402483925921,19.69,17.68207286125826,0.0577,0.4144920922605173,0.1469
fruithut,confirm,FPgrowth_Gen_Borgelt,0.0058402483925921,19.75,20.70952222168996,0.0601,0.40544980304695305,0.1437
fruithut,confirm,Gr_growth,0.0058402483925921,20.79,24.648502945119137,0.0685,0.46578765900382296,0.1566
fruithut,confirm,Pascal,0.0058402483925921,122.54,151.81741970458484,28.6349,858.017826253858,53.7008
fruithut,confirm,TalkyG_Diffset,0.0058402483925921,466.31,804.9036971067674,0.3917,330.2260105726551,0.8796
fruithut,confirm,Talky_G,0.0058402483925921,485.84,876.0018378418481,0.4067,302.63078920841974,1.0922
fruithut,confirm,Zart,0.0058402483925921,621.94,773.7921346431583,13.5307,917.1669581179954,87.3878
fruithut,confirm,Apriori_Gen_Borgelt,0.0015428367313293,14.32,15.243667888891721,0.1012,1.245520842450824,0.1531
fruithut,confirm,DefMe,0.0015428367313293,703.48,1354.6173086422925,0.55,127.830278447414,2.1924
fruithut,confirm,Eclat_Gen_Borgelt,0.0015428367313293,22.88,24.897389319248095,0.0705,0.4257156605894106,0.1481
fruithut,confirm,FPgrowth_Gen_Borgelt,0.0015428367313293,25.11,30.635797215052953,0.0669,0.4231335665750916,0.1437
fruithut,confirm,Gr_growth,0.0015428367313293,23.18,32.453535609386705,0.0947,0.4994699817130582,0.1571
fruithut,confirm,TalkyG_Diffset,0.0015428367313293,565.58,840.2025481137788,0.447,340.0600734954144,1.0926
fruithut,confirm,Talky_G,0.0015428367313293,559.27,953.4857020741908,0.4636,306.3082370914221,1.0922
fruithut,confirm,Pascal,0.0015428367313293,126.85,174.77252363994958,128.6375,1322.8310205132373,686.1005
fruithut,confirm,Zart,0.0015428367313293,773.02,1138.8080333930175,81.3542,1465.1909305366792,719.7062
fruithut,confirm,Apriori_Gen_Borgelt,0.0003503324723855,16.59,32.53574717572404,0.1125,1.172721620030189,0.1611
fruithut,confirm,DefMe,0.0003503324723855,744.28,1448.2426808254427,1.4673,184.90773694619403,5.0359
fruithut,confirm,Eclat_Gen_Borgelt,0.0003503324723855,29.02,37.77268890462838,0.1256,0.4321851147713398,0.1481
fruithut,confirm,FPgrowth_Gen_Borgelt,0.0003503324723855,43.24,43.48156802047093,0.1081,0.44394220221722724,0.1452
fruithut,confirm,Gr_growth,0.0003503324723855,24.69,36.39377677834701,0.1389,0.5656681276546166,0.1572
fruithut,confirm,TalkyG_Diffset,0.0003503324723855,2513.99,1450.1958028749912,0.937,414.7625896571567,1.0926
fruithut,confirm,Talky_G,0.0003503324723855,2331.0,1606.0953781360777,0.8598,334.8501389325296,1.0922
fruithut,confirm,Pascal,0.0003503324723855,153.48,262.0876057595782,831.2199,2145.317843260985,3519.7285
fruithut,confirm,Zart,0.0003503324723855,918.2,1307.2071499044189,704.4324,2160.2595879964474,3069.9668
fruithut,confirm,Apriori_Gen_Borgelt,6.457108314557345e-05,29.27,32.53574717572404,0.549,1.1773242753332194,0.163
fruithut,confirm,DefMe,6.457108314557345e-05,739.04,1452.1833955903112,12.3805,176.078704971194,5.0359
fruithut,confirm,Eclat_Gen_Borgelt,6.457108314557345e-05,41.22,60.14117380257334,0.3836,0.45707767318792325,0.1481
fruithut,confirm,FPgrowth_Gen_Borgelt,6.457108314557345e-05,66.5,70.64224458904769,0.4145,0.4400180160700411,0.1452
fruithut,confirm,Gr_growth,6.457108314557345e-05,30.46,43.24744911778935,0.5645,0.5866597304323944,0.1572
fruithut,confirm,TalkyG_Diffset,6.457108314557345e-05,1239.79,1438.3158785373062,13.6863,439.48341210764374,1.0926
fruithut,confirm,Talky_G,6.457108314557345e-05,2324.39,1632.176904763193,13.7797,342.05978011487093,1.0922
instacart,confirm,Apriori_Gen_Borgelt,0.0124896158037939,17.27,12.852906798327735,0.0897,0.29886658989042003,0.0627
instacart,confirm,DefMe,0.0124896158037939,1531.06,913.3276870948804,0.7123,112.8891654740239,0.5899
instacart,confirm,Eclat_Gen_Borgelt,0.0124896158037939,20.58,15.188024677352947,0.0951,0.13745400748487624,0.0544
instacart,confirm,FPgrowth_Gen_Borgelt,0.0124896158037939,20.44,16.12226250051338,0.0848,0.15919534735125984,0.0569
instacart,confirm,Gr_growth,0.0124896158037939,17.57,17.618528948260902,0.0735,0.19728157922632922,0.0602
instacart,confirm,Pascal,0.0124896158037939,175.54,132.88447720031937,18.0561,717.9488943310681,7.1688
instacart,confirm,TalkyG_Diffset,0.0124896158037939,6238.85,1074.5344566403373,1.7695,4.4858938410565745,0.6031
instacart,confirm,Talky_G,0.0124896158037939,6344.2,1142.418748084858,1.8744,5.584203799322205,0.6108
instacart,confirm,Zart,0.0124896158037939,691.8,679.9569187015171,3.6769,676.7387382479155,12.2491
instacart,confirm,Apriori_Gen_Borgelt,0.0051044516763331,17.36,13.612887400659865,0.1067,0.3071653576393378,0.065
instacart,confirm,DefMe,0.0051044516763331,1800.1,1109.6014064453,0.8363,113.28825631846834,0.7731
instacart,confirm,Eclat_Gen_Borgelt,0.0051044516763331,23.96,18.979776718301853,0.1082,0.14629687860680984,0.0739
instacart,confirm,FPgrowth_Gen_Borgelt,0.0051044516763331,25.91,20.177092493890584,0.103,0.165072204978355,0.0569
instacart,confirm,Gr_growth,0.0051044516763331,22.73,22.546097419312627,0.1156,0.2040290638944389,0.1034
instacart,confirm,Pascal,0.0051044516763331,180.09,141.82693535085207,155.8404,918.0911295330524,53.7008
instacart,confirm,TalkyG_Diffset,0.0051044516763331,6415.27,1103.2092779364448,1.9018,4.511332577618624,0.6061
instacart,confirm,Talky_G,0.0051044516763331,6344.36,1162.1364277165815,1.9431,5.60593063169955,0.6138
instacart,confirm,Zart,0.0051044516763331,839.86,799.3287824267888,48.2527,810.7532610423601,24.7684
instacart,confirm,Apriori_Gen_Borgelt,0.0016062160370096,21.2,15.030184100533873,0.1277,0.3638233302944605,0.0749
instacart,confirm,DefMe,0.0016062160370096,3550.96,2079.2759654326583,2.3679,117.50683240480006,1.2698
instacart,confirm,Eclat_Gen_Borgelt,0.0016062160370096,30.13,23.17322543665626,0.1328,0.15453748999125877,0.0784
instacart,confirm,FPgrowth_Gen_Borgelt,0.0016062160370096,38.09,24.97354493813222,0.1584,0.18150337263708516,0.084
instacart,confirm,Gr_growth,0.0016062160370096,33.65,29.819004611577427,0.2098,0.2351350179168054,0.1316
instacart,confirm,TalkyG_Diffset,0.0016062160370096,6439.02,1109.202011285871,1.9335,4.605782082664966,0.623
instacart,confirm,Talky_G,0.0016062160370096,6332.77,1169.699174033634,1.9939,5.640487263483738,0.6294
instacart,confirm,Zart,0.0016062160370096,1488.22,1164.1929616217526,931.4396,1327.5909264553648,550.9333
instacart,confirm,Pascal,0.0016062160370096,279.84,166.02894220136042,1409.1824,1411.5496537400868,834.7978
instacart,confirm,Apriori_Gen_Borgelt,0.0005849446303226,42.05,27.486490024642578,0.2013,0.4077335564849367,0.1082
instacart,confirm,DefMe,0.0005849446303226,3440.54,2270.7331582769693,13.1656,208.7894283219787,3.6265
instacart,confirm,Eclat_Gen_Borgelt,0.0005849446303226,36.34,31.038196404263424,0.1698,0.1474274453484016,0.0919
instacart,confirm,FPgrowth_Gen_Borgelt,0.0005849446303226,57.57,35.522745707272186,0.2543,0.21161685670995672,0.1091
instacart,confirm,Gr_growth,0.0005849446303226,43.54,33.78771522937402,0.3837,0.26189004847236097,0.1566
instacart,confirm,TalkyG_Diffset,0.0005849446303226,7084.23,1390.4082104185652,2.2056,24.881433070002632,0.623
instacart,confirm,Talky_G,0.0005849446303226,6751.86,1500.7291209157756,2.2468,5.667153980150405,0.6294
instacart,confirm,Apriori_Gen_Borgelt,0.0002267374951413,118.42,31.632956310736116,0.3648,0.412074961787967,0.1082
instacart,confirm,DefMe,0.0002267374951413,3565.39,2293.3248871946603,60.3934,199.2594240195978,3.6265
instacart,confirm,Eclat_Gen_Borgelt,0.0002267374951413,43.73,58.29208939496782,0.2303,0.18235324443265066,0.0919
instacart,confirm,FPgrowth_Gen_Borgelt,0.0002267374951413,84.72,67.47418439571219,0.386,0.23391251590909093,0.1095
instacart,confirm,Gr_growth,0.0002267374951413,51.17,43.22261847440397,0.6231,0.3133116555250305,0.1566
instacart,confirm,TalkyG_Diffset,0.0002267374951413,7970.41,1442.2784456880856,3.7286,52.48516552048964,0.623
instacart,confirm,Talky_G,0.0002267374951413,7409.39,1596.7387683834838,3.5229,16.480639821221835,0.6294
skin,confirm,Apriori_Gen_Borgelt,0.2363562354880701,17.81,63.00428532909206,0.0414,12.243646432955675,0.208
skin,confirm,DefMe,0.2363562354880701,164.94,514.8128760153675,0.2769,189.2175152329726,0.7757
skin,confirm,Eclat_Gen_Borgelt,0.2363562354880701,17.75,94.66910609428228,0.0406,2.302541054702097,0.223
skin,confirm,FPgrowth_Gen_Borgelt,0.2363562354880701,17.99,85.36171812222638,0.0321,1.6704881700008318,0.2202
skin,confirm,Gr_growth,0.2363562354880701,13.59,13.482323488954195,0.0229,1.2910722732892106,0.1205
skin,confirm,Pascal,0.2363562354880701,131.88,334.646876279096,0.391,959.042680396145,19.602
skin,confirm,TalkyG_Diffset,0.2363562354880701,166.4,459.89692288300796,0.3313,215.34382651452302,0.7181
skin,confirm,Talky_G,0.2363562354880701,163.0,466.9501805863761,0.3276,233.0747273259411,0.6806
skin,confirm,Zart,0.2363562354880701,170.25,747.1553569582218,0.4146,1077.2866098744437,98.4032
skin,confirm,Apriori_Gen_Borgelt,0.0023535340757456,18.5,62.0440694534583,0.0347,11.792489553139658,0.212
skin,confirm,DefMe,0.0023535340757456,164.62,883.5187433170756,0.2986,222.83503818653153,0.9919
skin,confirm,Eclat_Gen_Borgelt,0.0023535340757456,18.77,95.11247225337527,0.036,2.303113301888243,0.223
skin,confirm,FPgrowth_Gen_Borgelt,0.0023535340757456,18.75,82.84521382073893,0.041,1.7198912017593513,0.2202
skin,confirm,Gr_growth,0.0023535340757456,13.46,23.8237527193269,0.0348,1.2680505487221112,0.1445
skin,confirm,Pascal,0.0023535340757456,132.53,328.4912446088192,0.7181,1160.9493573842221,56.3277
skin,confirm,TalkyG_Diffset,0.0023535340757456,165.33,471.01045899738045,0.3216,213.8270465578671,0.8067
skin,confirm,Talky_G,0.0023535340757456,165.97,474.7866530936087,0.3162,241.80499278218068,0.7825
skin,confirm,Zart,0.0023535340757456,196.8,981.2732695449494,0.8849,1300.7020368754968,550.9333
t20i6d100k,confirm,Apriori_Gen_Borgelt,0.0196027901763375,23.61,12.843852027509968,0.1066,4.401567040325607,0.0593
t20i6d100k,confirm,DefMe,0.0196027901763375,723.67,355.45585212108,0.6084,156.98057471317182,0.7731
t20i6d100k,confirm,Eclat_Gen_Borgelt,0.0196027901763375,36.14,12.948904481693269,0.1276,0.8039554591202915,0.0739
t20i6d100k,confirm,FPgrowth_Gen_Borgelt,0.0196027901763375,60.67,14.858814359954552,0.2441,0.5996759851747668,0.0569
t20i6d100k,confirm,Gr_growth,0.0196027901763375,60.32,15.253595783256564,0.2637,0.6898330583312112,0.1029
t20i6d100k,confirm,TalkyG_Diffset,0.0196027901763375,203.99,329.2616713820345,0.4307,541.1272699571317,1.7948
t20i6d100k,confirm,Talky_G,0.0196027901763375,202.11,254.1066137195002,0.4685,572.32792354978,1.7784
t20i6d100k,confirm,Pascal,0.0196027901763375,234.94,144.16074717546707,373.1458,983.6510075267411,32.0492
t20i6d100k,confirm,Zart,0.0196027901763375,760.73,303.04986956074794,262.2743,996.5313008614226,39.8572
t20i6d100k,confirm,Apriori_Gen_Borgelt,0.0145488481015191,24.45,12.905908267817882,0.1165,4.402609406992273,0.0611
t20i6d100k,confirm,DefMe,0.0145488481015191,670.03,356.79160947212364,0.7289,156.99061575536157,0.7731
t20i6d100k,confirm,Eclat_Gen_Borgelt,0.0145488481015191,38.25,13.146585306151067,0.1398,0.8049139159884234,0.0739
t20i6d100k,confirm,FPgrowth_Gen_Borgelt,0.0145488481015191,67.18,15.778817560618258,0.2946,0.6021072006509572,0.081
t20i6d100k,confirm,Gr_growth,0.0145488481015191,66.08,18.957474018716265,0.296,0.6951704778117307,0.1316
t20i6d100k,confirm,Pascal,0.0145488481015191,242.62,143.61968968065378,564.814,1019.7704927961855,53.7008
t20i6d100k,confirm,TalkyG_Diffset,0.0145488481015191,203.63,329.2754150902337,0.4405,543.0477609071318,1.7948
t20i6d100k,confirm,Talky_G,0.0145488481015191,203.78,254.10051689391835,0.455,587.4395704831134,1.7784
t20i6d100k,confirm,Zart,0.0145488481015191,769.92,598.7967234885994,249.2191,1014.6563441120178,45.8235
t20i6d100k,confirm,Apriori_Gen_Borgelt,0.0090045235283521,25.55,16.59458858590087,0.2089,4.405088703787145,0.0635
t20i6d100k,confirm,DefMe,0.0090045235283521,770.93,460.6984716452578,0.925,142.67023442222668,0.8599
t20i6d100k,confirm,Eclat_Gen_Borgelt,0.0090045235283521,41.8,17.95763043492558,0.1789,0.8087162070418145,0.0746
t20i6d100k,confirm,FPgrowth_Gen_Borgelt,0.0090045235283521,74.98,22.622895633997878,0.4117,0.6117995405499471,0.1084
t20i6d100k,confirm,Gr_growth,0.0090045235283521,72.51,22.061269103820784,0.4137,0.7014937344051373,0.1649
t20i6d100k,confirm,TalkyG_Diffset,0.0090045235283521,245.62,330.30562708773954,0.4754,543.1387735460206,1.7948
t20i6d100k,confirm,Talky_G,0.0090045235283521,252.57,257.06243041157006,0.4691,583.1488651918436,1.7784
t20i6d100k,confirm,Pascal,0.0090045235283521,257.16,149.18164770439236,1002.3941,1074.7926430533103,83.7692
t20i6d100k,confirm,Zart,0.0090045235283521,974.8,821.368059829141,651.2928,1073.098487714994,212.8178
t20i6d100k,confirm,Apriori_Gen_Borgelt,0.0050614479293849,27.46,17.61071844857628,0.6358,4.407551665096669,0.0635
t20i6d100k,confirm,DefMe,0.0050614479293849,779.44,558.4983163071925,2.9362,143.03547951230604,0.9844
t20i6d100k,confirm,Eclat_Gen_Borgelt,0.0050614479293849,50.01,21.973855323176366,0.2546,0.8158697397799097,0.075
t20i6d100k,confirm,FPgrowth_Gen_Borgelt,0.0050614479293849,91.42,29.939735951923183,0.5548,0.6178476759520452,0.1084
t20i6d100k,confirm,Gr_growth,0.0050614479293849,76.1,25.725596715119043,0.5866,0.716659263950592,0.1865
t20i6d100k,confirm,TalkyG_Diffset,0.0050614479293849,727.39,331.82948426471665,0.7453,537.8842014091158,1.7948
t20i6d100k,confirm,Talky_G,0.0050614479293849,744.42,257.3349243751433,0.7025,589.1776955192245,1.7784
t20i6d100k,confirm,Pascal,0.0050614479293849,275.01,155.3773822427138,1510.6129,1124.1476990453739,478.7567
t20i6d100k,confirm,Zart,0.0050614479293849,1038.57,901.6549353309176,1241.3761,1138.3902452013035,545.852
t20i6d100k,confirm,Apriori_Gen_Borgelt,0.0022092231940913,35.82,19.018342163726597,1.9238,4.41756808057286,0.065
t20i6d100k,confirm,DefMe,0.0022092231940913,810.84,771.9825532092469,14.4988,144.7912378400297,0.9919
t20i6d100k,confirm,Eclat_Gen_Borgelt,0.0022092231940913,61.54,25.67934907842158,0.4828,0.8208629465259415,0.0784
t20i6d100k,confirm,FPgrowth_Gen_Borgelt,0.0022092231940913,191.92,36.190796912338676,0.9817,0.6341826425465616,0.1086
t20i6d100k,confirm,Gr_growth,0.0022092231940913,83.29,29.32318710657777,1.1086,0.7407119733661762,0.2013
t20i6d100k,confirm,TalkyG_Diffset,0.0022092231940913,787.68,337.1153000933518,2.3992,568.283393131338,1.7948
t20i6d100k,confirm,Talky_G,0.0022092231940913,945.16,265.0649629598477,2.1828,610.2880128500624,1.7784
t20i6d100k,confirm,Pascal,0.0022092231940913,414.8,167.3451445692233,3323.4761,1309.0108435845693,954.0731
liquor,hard,Apriori_Gen_Borgelt,0.0009543266002954,11.58,24.75466884231422,0.0611,0.8142978966188783,0.1611
liquor,hard,DefMe,0.0009543266002954,625.98,1324.1084456036674,0.7542,147.9025728824731,2.6059
liquor,hard,Eclat_Gen_Borgelt,0.0009543266002954,20.0,33.964081656920605,0.0665,0.31003575811827067,0.1481
liquor,hard,FPgrowth_Gen_Borgelt,0.0009543266002954,31.92,44.35986471052112,0.0654,0.3128244264707515,0.1452
liquor,hard,Gr_growth,0.0009543266002954,27.74,21.60662355967535,0.0803,0.3301326654307294,0.1571
liquor,hard,Pascal,0.0009543266002954,134.04,308.4136159666365,224.7158,1780.9152364364536,995.6832
liquor,hard,Zart,0.0009543266002954,1107.96,1169.8459679456007,505.3404,1894.154612701312,1057.9855
liquor,hard,Apriori_Gen_Borgelt,0.0002253937196677,21.46,32.793044104403876,0.1268,0.8134274116441308,0.163
liquor,hard,DefMe,0.0002253937196677,754.27,1370.0382492879767,2.4276,157.17598678048896,5.0359
liquor,hard,Eclat_Gen_Borgelt,0.0002253937196677,26.93,63.37751452726074,0.1104,0.3411554807442558,0.15
liquor,hard,FPgrowth_Gen_Borgelt,0.0002253937196677,48.78,79.15201557554244,0.1111,0.33113143188200683,0.1452
liquor,hard,Gr_growth,0.0002253937196677,30.7,22.246434669731904,0.1452,0.3779552043196183,0.1572
mooc_set,hard,Apriori_Gen_Borgelt,0.0008208638759314,907.1,20.991852958168018,37.8125,0.6455172630854998,0.1482
mooc_set,hard,Eclat_Gen_Borgelt,0.0008208638759314,970.19,26.36752465923431,10.8294,0.3441785048389111,0.1071
mooc_set,hard,FPgrowth_Gen_Borgelt,0.0008208638759314,979.64,30.421825879762498,9.9976,0.320823412964813,0.1095
mooc_set,hard,Gr_growth,0.0008208638759314,523.45,26.13764796183016,9.6539,0.40778225286935277,0.1446
mooc_set,hard,Eclat_Gen_Borgelt,0.0002998727812443,5833.83,39.274810650715395,198.7657,0.37535365920399044,0.1071
mooc_set,hard,FPgrowth_Gen_Borgelt,0.0002998727812443,5862.23,41.04640064561714,198.1182,0.34790548320290826,0.1095
mooc_set,hard,Gr_growth,0.0002998727812443,2986.25,32.40236822367075,87.5891,0.47933048627483615,0.1566
sign_set,hard,Apriori_Gen_Borgelt,0.0503424657534246,4.12,51.147844327874914,0.0395,20.022638171774055,0.3345
sign_set,hard,DefMe,0.0503424657534246,120.34,449.69803314035164,0.2327,208.4533207768634,0.4557
sign_set,hard,Eclat_Gen_Borgelt,0.0503424657534246,4.58,106.19601601670725,0.015,1.0943923874854313,0.0739
sign_set,hard,FPgrowth_Gen_Borgelt,0.0503424657534246,11.94,87.3710219600749,0.0301,1.1069122612096238,0.0914
sign_set,hard,Gr_growth,0.0503424657534246,15.34,50.66770578239687,0.03,1.4333249493117988,0.0788
sign_set,hard,TalkyG_Diffset,0.0503424657534246,111.18,318.52213050468526,0.2625,420.9088022756548,0.3203
sign_set,hard,Talky_G,0.0503424657534246,108.02,287.3592811344222,0.2358,433.8312994345345,0.3233
sign_set,hard,Pascal,0.0503424657534246,93.32,221.0866404760341,2.1433,1501.7173139119902,138.517
sign_set,hard,Zart,0.0503424657534246,518.34,368.9566299150382,28.4174,1569.5885932302672,545.852
sign_set,hard,Apriori_Gen_Borgelt,0.0407534246575342,10.02,51.373558004479186,0.0774,20.02280350510739,0.3345
sign_set,hard,DefMe,0.0407534246575342,250.55,450.5803277198849,0.3537,212.91637894353005,0.6254
sign_set,hard,Eclat_Gen_Borgelt,0.0407534246575342,5.39,106.19601601670725,0.0438,1.0227619499854315,0.0743
sign_set,hard,FPgrowth_Gen_Borgelt,0.0407534246575342,33.32,87.3710219600749,0.0514,1.107245736209624,0.1041
sign_set,hard,Gr_growth,0.0407534246575342,15.79,55.11932706112533,0.05,1.4352654909784657,0.1011
sign_set,hard,Pascal,0.0407534246575342,173.77,222.04776731983523,11.3449,1506.594377953657,138.517
sign_set,hard,TalkyG_Diffset,0.0407534246575342,266.2,319.364205182392,0.4583,419.18415939113095,0.3203
sign_set,hard,Talky_G,0.0407534246575342,264.03,287.9031283701558,0.4676,433.83573234048686,0.3233
bike_set,fresh,Apriori_Gen_Borgelt,0.0555436948477085,4.61,15.74901959238564,0.0179,11.552894976389219,0.1027
bike_set,fresh,DefMe,0.0555436948477085,99.47,287.6311304417333,0.3232,223.64814043898372,0.6254
bike_set,fresh,Eclat_Gen_Borgelt,0.0555436948477085,5.84,19.564530381194462,0.0207,2.4733257470446226,0.15
bike_set,fresh,FPgrowth_Gen_Borgelt,0.0555436948477085,5.96,23.423862415780658,0.015,1.7114318986901988,0.0825
bike_set,fresh,Gr_growth,0.0555436948477085,15.47,24.99921847228769,0.025,1.2682512545017075,0.0649
bike_set,fresh,Pascal,0.0555436948477085,99.61,157.5469601523282,0.6353,801.5620762304578,14.0866
bike_set,fresh,TalkyG_Diffset,0.0555436948477085,131.9,239.04205736284837,0.3685,694.6786305218114,1.7948
bike_set,fresh,Talky_G,0.0555436948477085,133.53,222.72425978728683,0.3488,675.1281297590012,1.7784
bike_set,fresh,Zart,0.0555436948477085,371.31,284.8011950970892,0.8084,956.4512555527318,25.105
bike_set,fresh,FGC_Stream,0.0555436948477085,17.21,78.28254206999718,35.34,652.1065280121919,169.6082
bike_set,fresh,Apriori_Gen_Borgelt,0.0338623209033115,4.9,15.879060142601023,0.0124,11.068556837500328,0.1082
bike_set,fresh,DefMe,0.0338623209033115,100.18,303.47821059127807,0.2436,223.8394800635328,0.6457
bike_set,fresh,Eclat_Gen_Borgelt,0.0338623209033115,5.98,19.861189176406704,0.0132,2.3948771964493845,0.1527
bike_set,fresh,FPgrowth_Gen_Borgelt,0.0338623209033115,6.23,22.36953140502699,0.0121,1.714289853993229,0.1086
bike_set,fresh,Gr_growth,0.0338623209033115,15.79,28.60821507052066,0.0162,1.2967765511286915,0.1029
bike_set,fresh,Pascal,0.0338623209033115,99.88,159.20701147981845,0.7494,812.2718381876005,16.6443
bike_set,fresh,TalkyG_Diffset,0.0338623209033115,133.17,243.12983008345324,0.269,689.2537191384781,1.7948
bike_set,fresh,Talky_G,0.0338623209033115,133.54,226.71976035827018,0.254,673.6579053465013,1.7784
bike_set,fresh,Zart,0.0338623209033115,391.46,305.7498348617265,0.8621,972.1840847777316,25.105
bike_set,fresh,FGC_Stream,0.0338623209033115,17.06,78.16941933112867,40.3202,655.755955412192,169.6082
bike_set,fresh,Apriori_Gen_Borgelt,0.006962235506215,4.86,17.776356452291253,0.0273,11.07065682616028,0.1338
bike_set,fresh,DefMe,0.006962235506215,130.69,428.7947658664797,0.2658,215.74789340341374,0.7757
bike_set,fresh,Eclat_Gen_Borgelt,0.006962235506215,7.83,23.449412938129228,0.0247,2.397238490298591,0.1527
bike_set,fresh,FPgrowth_Gen_Borgelt,0.006962235506215,12.86,27.72555014381021,0.0288,1.7271487076187704,0.1095
bike_set,fresh,Gr_growth,0.006962235506215,15.95,37.23533468155277,0.0286,1.3291347947794852,0.1571
bike_set,fresh,Pascal,0.006962235506215,104.69,154.19940529319462,4.6038,921.2248517679939,32.0492
bike_set,fresh,TalkyG_Diffset,0.006962235506215,148.09,248.0470843622167,0.3042,694.0304563999861,1.7989
bike_set,fresh,Talky_G,0.006962235506215,146.7,232.04667346829916,0.2818,690.6459865534458,1.8774
bike_set,fresh,Zart,0.006962235506215,487.21,607.6739613681984,9.2011,1024.284356462057,44.1872
bike_set,fresh,FGC_Stream,0.006962235506215,20.04,78.6184934202463,112.2492,688.474922431041,201.3183
bike_set,fresh,Apriori_Gen_Borgelt,0.0014588670651864,7.72,20.519533149976677,0.0663,11.111442573707176,0.163
bike_set,fresh,DefMe,0.0014588670651864,507.62,547.1648515581552,0.5252,217.00489827658086,0.9919
bike_set,fresh,Eclat_Gen_Borgelt,0.0014588670651864,17.53,35.16724095539105,0.0841,2.4045974272033526,0.1569
bike_set,fresh,FPgrowth_Gen_Borgelt,0.0014588670651864,25.57,44.56196007375456,0.0691,1.7496307554251307,0.1104
bike_set,fresh,Gr_growth,0.0014588670651864,17.98,43.27479943723059,0.0939,1.3654176155045934,0.1649
bike_set,fresh,Pascal,0.0014588670651864,117.95,170.90616667823565,52.4513,1119.479609096403,92.667
bike_set,fresh,TalkyG_Diffset,0.0014588670651864,429.73,254.1792558717418,0.8663,719.1346999829227,1.7989
bike_set,fresh,Talky_G,0.0014588670651864,723.41,246.77342625025744,0.9273,732.3536206990657,1.8774
bike_set,fresh,Zart,0.0014588670651864,871.59,849.2703261758837,402.7514,1278.7700494578908,367.5665
bike_set,fresh,FGC_Stream,0.0014588670651864,91.87,80.02313155781638,501.1668,712.5129262018744,201.3183
ecommerce_fim,fresh,Apriori_Gen_Borgelt,0.0150751252086811,4.41,12.132787332978364,0.0117,0.42165262231934736,0.0498
ecommerce_fim,fresh,DefMe,0.0150751252086811,118.58,283.2216614512375,0.2756,101.98967879523812,0.4143
ecommerce_fim,fresh,Eclat_Gen_Borgelt,0.0150751252086811,5.51,11.060726162305048,0.0111,0.35118248907758914,0.0459
ecommerce_fim,fresh,FPgrowth_Gen_Borgelt,0.0150751252086811,5.57,11.90180801373082,0.0108,0.23726354972111227,0.0418
ecommerce_fim,fresh,Pascal,0.0150751252086811,96.3,130.75715730112674,2.22,738.0052092877788,14.0866
ecommerce_fim,fresh,Zart,0.0150751252086811,375.58,476.32073111794995,1.7554,860.4724244737531,10.9244
ecommerce_fim,fresh,FGC_Stream,0.0150751252086811,21.67,85.40048749496161,1.1695,385.8197927107989,169.6082
ecommerce_fim,fresh,Apriori_Gen_Borgelt,0.0079966611018363,5.07,14.008798643260137,0.0142,0.42434165624791875,0.0538
ecommerce_fim,fresh,DefMe,0.0079966611018363,187.07,354.55633152758327,0.285,87.86757040019842,0.4203
ecommerce_fim,fresh,Eclat_Gen_Borgelt,0.0079966611018363,6.27,13.35477559653696,0.0132,0.3548891757839383,0.0529
ecommerce_fim,fresh,FPgrowth_Gen_Borgelt,0.0079966611018363,7.19,14.241985751080167,0.0144,0.2477703270895771,0.0448
ecommerce_fim,fresh,Pascal,0.0079966611018363,92.69,131.67560536993741,16.5227,802.0480635252788,16.6443
ecommerce_fim,fresh,FGC_Stream,0.0079966611018363,21.74,85.70216652202859,2.646,457.36112287128424,179.3822
ecommerce_fim,fresh,Zart,0.0079966611018363,632.13,580.1015719714538,12.9185,907.5414673051022,10.9244
ecommerce_fim,fresh,Apriori_Gen_Borgelt,0.002787979966611,7.88,14.92814687758649,0.0242,0.4542183165653791,0.0635
ecommerce_fim,fresh,DefMe,0.002787979966611,536.26,454.1768697721716,0.5778,89.17997849810607,0.6457
ecommerce_fim,fresh,Eclat_Gen_Borgelt,0.002787979966611,8.77,16.714761524237115,0.0192,0.36347006164252416,0.0597
ecommerce_fim,fresh,FPgrowth_Gen_Borgelt,0.002787979966611,11.12,19.254964966826602,0.0263,0.2668452785991786,0.0481
ecommerce_fim,fresh,Pascal,0.002787979966611,180.04,146.6281938532537,140.5301,1030.3581224936772,63.5295
ecommerce_fim,fresh,FGC_Stream,0.002787979966611,24.22,87.80504256051611,6.2718,550.040279893308,201.3183
ecommerce_fim,fresh,Zart,0.002787979966611,1451.16,757.751974997325,168.4304,1074.299849797761,87.3878
ecommerce_fim,fresh,Apriori_Gen_Borgelt,0.001118530884808,13.75,17.911143745241706,0.049,0.5071228498626374,0.0749
ecommerce_fim,fresh,DefMe,0.001118530884808,659.91,568.8039425148623,1.0814,110.23074848858225,1.1293
ecommerce_fim,fresh,Eclat_Gen_Borgelt,0.001118530884808,14.75,24.289922945834554,0.0417,0.37696995738289496,0.0743
ecommerce_fim,fresh,FPgrowth_Gen_Borgelt,0.001118530884808,18.75,30.264834499211993,0.035,0.2841451767718393,0.0569
ecommerce_fim,fresh,Pascal,0.001118530884808,270.27,181.3400261499689,351.1431,1478.5797800676849,954.0731
ecommerce_fim,fresh,FGC_Stream,0.001118530884808,37.57,91.89165313257527,11.955,550.040279893308,201.3183
ecommerce_fim,fresh,Apriori_Gen_Borgelt,0.0007178631051752,19.26,23.61006857920318,0.0759,0.5270295411324788,0.1082
ecommerce_fim,fresh,DefMe,0.0007178631051752,791.89,587.1290847502768,1.5484,134.85895268030302,2.1924
ecommerce_fim,fresh,Eclat_Gen_Borgelt,0.0007178631051752,17.06,27.943782790368797,0.0499,0.3741677089701965,0.0746
ecommerce_fim,fresh,FPgrowth_Gen_Borgelt,0.0007178631051752,23.64,37.350620802725174,0.0542,0.30505401003302257,0.0825
ecommerce_fim,fresh,Pascal,0.0007178631051752,378.69,247.50356424446647,555.4763,1834.7763205530027,1162.8797
ecommerce_fim,fresh,FGC_Stream,0.0007178631051752,60.18,91.89165313257527,18.946,550.040279893308,201.3183
fifa_set,fresh,Apriori_Gen_Borgelt,0.3596943765281173,6.64,24.65729635319584,0.0217,7.22444105622455,0.163
fifa_set,fresh,DefMe,0.3596943765281173,126.01,539.4507356794011,0.2845,316.2048634526195,1.72
fifa_set,fresh,Eclat_Gen_Borgelt,0.3596943765281173,6.62,53.97402974237098,0.0332,0.7083307506604506,0.1429
fifa_set,fresh,FPgrowth_Gen_Borgelt,0.3596943765281173,6.78,38.81330114956286,0.0274,0.5771864082695084,0.1041
fifa_set,fresh,Gr_growth,0.3596943765281173,13.75,38.16589310307446,0.0336,0.6448266749947764,0.1034
fifa_set,fresh,Pascal,0.3596943765281173,120.46,149.65471221231877,0.3668,1060.3576861961872,47.193
fifa_set,fresh,TalkyG_Diffset,0.3596943765281173,142.75,483.8167572176976,0.3269,576.2460918505978,1.8205
fifa_set,fresh,Talky_G,0.3596943765281173,150.66,438.68035191666974,0.3205,636.426965062214,1.8774
fifa_set,fresh,Zart,0.3596943765281173,163.41,383.76860023752056,0.3955,1238.6025699805793,39.8572
fifa_set,fresh,FGC_Stream,0.3596943765281173,71.99,92.99925547623747,35.7517,1943.8079184238397,3600.0
fifa_set,fresh,Apriori_Gen_Borgelt,0.341161369193154,6.62,31.606866865228362,0.0336,8.291136524676931,0.163
fifa_set,fresh,DefMe,0.341161369193154,129.73,540.215459253519,0.3012,355.7445090304695,1.9654
fifa_set,fresh,Eclat_Gen_Borgelt,0.341161369193154,7.2,63.39266651167592,0.0244,0.7836600214937839,0.1429
fifa_set,fresh,FPgrowth_Gen_Borgelt,0.341161369193154,7.41,46.1808571721082,0.029,0.5761713130314131,0.1041
fifa_set,fresh,Gr_growth,0.341161369193154,14.22,41.34641071454091,0.0187,0.8548275077328717,0.1316
fifa_set,fresh,Pascal,0.341161369193154,117.98,150.06496220862502,0.7881,1064.0743813676156,47.193
fifa_set,fresh,TalkyG_Diffset,0.341161369193154,145.58,483.16625687265775,0.3452,653.203439743455,1.8575
fifa_set,fresh,Talky_G,0.341161369193154,154.82,439.8548857943918,0.3359,665.3171743205473,1.8774
fifa_set,fresh,Zart,0.341161369193154,255.66,385.0129885051192,0.7851,1240.6749817514128,39.8572
fifa_set,fresh,FGC_Stream,0.341161369193154,71.87,92.58778203016541,139.9196,1943.8079184238397,3600.0
microblog_set,fresh,Apriori_Gen_Borgelt,0.5635198135198135,8.11,17.11893209928221,0.0414,7.533289976568678,0.1273
microblog_set,fresh,DefMe,0.5635198135198135,98.39,348.2201661461472,0.3068,130.82367513421718,0.4143
microblog_set,fresh,Eclat_Gen_Borgelt,0.5635198135198135,8.34,34.847871906430996,0.0192,0.7533444097645411,0.0529
microblog_set,fresh,FPgrowth_Gen_Borgelt,0.5635198135198135,8.44,26.468986627639904,0.027,0.46232919915501175,0.0451
microblog_set,fresh,Gr_growth,0.5635198135198135,13.96,24.442587819015674,0.0113,0.8395028894972675,0.0641
microblog_set,fresh,Pascal,0.5635198135198135,96.19,216.18447159264554,0.5068,1290.8608047263579,54.9236
microblog_set,fresh,TalkyG_Diffset,0.5635198135198135,6789.62,473.6503869540944,2.3805,330.39302992706035,0.7851
microblog_set,fresh,Zart,0.5635198135198135,106.09,355.1014261380782,0.4141,1694.0407473310622,800.5185
microblog_set,fresh,Talky_G,0.5635198135198135,6759.13,526.1009911950886,2.3291,452.3498183334706,1.1451
microblog_set,fresh,FGC_Stream,0.5635198135198135,22.04,90.15485942755416,0.1462,1791.2786367975646,936.4791
microblog_set,fresh,Apriori_Gen_Borgelt,0.2954545454545454,8.09,39.792833054835654,0.0161,14.497999115854395,0.2125
microblog_set,fresh,DefMe,0.2954545454545454,96.07,461.8186329200826,0.2437,187.03856970003613,0.6254
microblog_set,fresh,Eclat_Gen_Borgelt,0.2954545454545454,8.76,76.9218504987139,0.0134,0.937575846669303,0.0544
microblog_set,fresh,FPgrowth_Gen_Borgelt,0.2954545454545454,8.9,52.63251196922718,0.0156,0.9045283286643914,0.0522
microblog_set,fresh,Gr_growth,0.2954545454545454,13.96,63.67777971576954,0.0135,1.3237984334366613,0.0983
microblog_set,fresh,Pascal,0.2954545454545454,101.8,215.45429241337754,0.3218,1466.3322073933982,124.7782
microblog_set,fresh,TalkyG_Diffset,0.2954545454545454,6741.52,666.2416034118572,1.6101,549.3447848680485,1.7948
microblog_set,fresh,Talky_G,0.2954545454545454,6747.52,696.6524659162071,1.6436,618.1860595666054,1.8774
microblog_set,fresh,Zart,0.2954545454545454,130.64,394.4769896772544,0.3444,1791.150764713241,1079.0713
microblog_set,fresh,FGC_Stream,0.2954545454545454,22.31,80.42830178956375,0.7759,1871.348828234902,2925.0589
microblog_set,fresh,Apriori_Gen_Borgelt,0.1276223776223776,8.09,43.89278954534168,0.03,15.14065293957373,0.2125
microblog_set,fresh,DefMe,0.1276223776223776,116.47,488.4029916221152,0.2564,206.0266942362194,0.6254
microblog_set,fresh,Eclat_Gen_Borgelt,0.1276223776223776,15.73,91.01252565302256,0.0265,1.0417302006375568,0.0571
microblog_set,fresh,FPgrowth_Gen_Borgelt,0.1276223776223776,16.54,61.87008220066039,0.0244,0.9047468645618271,0.0522
microblog_set,fresh,Gr_growth,0.1276223776223776,14.76,81.09097726011004,0.021,1.5030458070477724,0.0983
microblog_set,fresh,Pascal,0.1276223776223776,98.01,223.70324672399283,1.7852,1475.9385565183984,124.7782
microblog_set,fresh,TalkyG_Diffset,0.1276223776223776,6820.73,676.7519953811121,1.7349,614.5522417885572,1.7948
microblog_set,fresh,Talky_G,0.1276223776223776,6761.39,709.546053069833,1.6889,651.7916685261293,1.8774
microblog_set,fresh,Zart,0.1276223776223776,628.55,419.18215056202473,13.7004,1817.233521876931,1079.0713
microblog_set,fresh,FGC_Stream,0.1276223776223776,44.24,81.73586347018932,13.0821,1845.5425542526514,998.0178
microblog_set,fresh,Apriori_Gen_Borgelt,0.0623543123543123,22.38,43.780005319832505,0.3207,15.140851786795952,0.2125
microblog_set,fresh,DefMe,0.0623543123543123,380.18,501.4051063915302,0.5176,217.791083252886,0.6254
microblog_set,fresh,Eclat_Gen_Borgelt,0.0623543123543123,37.04,92.0895763069363,0.1603,1.0425611980581917,0.0597
microblog_set,fresh,FPgrowth_Gen_Borgelt,0.0623543123543123,41.6,61.94669618407859,0.1167,0.9053535371808747,0.0801
microblog_set,fresh,Gr_growth,0.0623543123543123,26.12,81.7479954915401,0.1938,1.500467701889042,0.0983
microblog_set,fresh,Pascal,0.0623543123543123,415.81,228.93176079388067,290.7042,1493.1626810640332,138.517
microblog_set,fresh,TalkyG_Diffset,0.0623543123543123,6773.03,706.0330248749369,120.3767,614.5522976218906,1.7948
microblog_set,fresh,Talky_G,0.0623543123543123,6761.73,735.9373166519717,124.4452,651.7916594677961,1.8774
microblog_set,fresh,FGC_Stream,0.0623543123543123,488.43,82.57706517152646,149.8463,1924.2616370976907,2925.0589
microblog_set,fresh,Apriori_Gen_Borgelt,0.032051282051282,390.14,43.91683095772553,6.4472,15.141297374295952,0.2125
microblog_set,fresh,DefMe,0.032051282051282,497.0,502.39581976981685,3.1029,242.17091716320348,0.6254
microblog_set,fresh,Eclat_Gen_Borgelt,0.032051282051282,380.1,91.3066988976383,2.5584,1.0428663218677154,0.0597
microblog_set,fresh,FPgrowth_Gen_Borgelt,0.032051282051282,393.3,61.88927283146278,2.1351,0.9069288621808747,0.0801
microblog_set,fresh,Gr_growth,0.032051282051282,210.99,84.42254244270902,3.0788,1.5001615034763438,0.0983
msnbc_set,fresh,Apriori_Gen_Borgelt,0.2619613085876062,5.03,16.760592455135907,0.0121,12.63547843060941,0.208
msnbc_set,fresh,DefMe,0.2619613085876062,97.94,286.3597839240686,0.3295,153.6966622141759,0.7757
msnbc_set,fresh,Eclat_Gen_Borgelt,0.2619613085876062,5.06,22.281995621367496,0.0165,2.3342642943887983,0.1932
msnbc_set,fresh,FPgrowth_Gen_Borgelt,0.2619613085876062,5.15,26.050912266232277,0.0117,1.865233918954656,0.1604
msnbc_set,fresh,Gr_growth,0.2619613085876062,13.45,16.826254530791065,0.0161,1.452817718072858,0.1065
msnbc_set,fresh,Pascal,0.2619613085876062,97.16,163.18919626857863,0.3584,944.0831552294254,16.4821
msnbc_set,fresh,TalkyG_Diffset,0.2619613085876062,98.45,544.9161128123022,0.4215,230.82072538690474,0.7822
msnbc_set,fresh,Talky_G,0.2619613085876062,95.93,450.7426103565003,0.3397,275.00174649086864,0.6972
msnbc_set,fresh,Zart,0.2619613085876062,106.45,298.28321857890853,0.4073,1121.5169743258964,90.7496
msnbc_set,fresh,FGC_Stream,0.2619613085876062,24.68,72.3423203539734,159.049,839.081476378462,69.8936
msnbc_set,fresh,Apriori_Gen_Borgelt,0.0345942120163573,5.07,19.139228015928868,0.0224,12.165354269101474,0.208
msnbc_set,fresh,DefMe,0.0345942120163573,97.54,380.14608591014706,0.2344,186.32956208914536,0.7757
msnbc_set,fresh,Eclat_Gen_Borgelt,0.0345942120163573,6.55,31.827511651792197,0.0136,2.434798455481872,0.223
msnbc_set,fresh,FPgrowth_Gen_Borgelt,0.0345942120163573,6.1,31.55177997413566,0.0121,1.9327199522338767,0.1604
msnbc_set,fresh,Gr_growth,0.0345942120163573,14.06,19.560715260802887,0.0185,1.4083415379141284,0.1205
msnbc_set,fresh,Pascal,0.0345942120163573,99.97,188.84925998754474,0.7392,1023.7432961557786,20.6284
msnbc_set,fresh,TalkyG_Diffset,0.0345942120163573,95.84,546.4524693683137,0.249,256.8115092835317,0.8067
msnbc_set,fresh,Talky_G,0.0345942120163573,97.75,461.0492728158107,0.2512,298.2310947203093,0.6972
msnbc_set,fresh,Zart,0.0345942120163573,132.12,369.17464024970036,1.004,1293.6858677112753,98.4032
msnbc_set,fresh,Apriori_Gen_Borgelt,0.0066294432211387,4.86,21.527536128869517,0.0272,12.169063128396346,0.208
msnbc_set,fresh,DefMe,0.0066294432211387,199.18,548.1915568914866,0.2906,192.49369221255805,0.9871
msnbc_set,fresh,Eclat_Gen_Borgelt,0.0066294432211387,12.03,37.22535105695975,0.0237,2.437073131275523,0.223
msnbc_set,fresh,FPgrowth_Gen_Borgelt,0.0066294432211387,11.42,36.64269170855652,0.0216,1.9415350290737035,0.1604
msnbc_set,fresh,Gr_growth,0.0066294432211387,14.38,23.07807566400454,0.0185,1.4106188027950808,0.1446
msnbc_set,fresh,Pascal,0.0066294432211387,109.88,183.89940695071132,3.3579,1105.049612061352,56.3277
msnbc_set,fresh,TalkyG_Diffset,0.0066294432211387,135.69,558.0265925689703,0.2774,261.51537693630945,0.8067
msnbc_set,fresh,Talky_G,0.0066294432211387,119.39,467.94086748841465,0.2698,311.81132491058696,0.7825
msnbc_set,fresh,Zart,0.0066294432211387,188.27,669.3869190895387,10.0951,1331.6981774751641,354.6493
splice,fresh,Apriori_Gen_Borgelt,0.244435736677116,4.03,63.772640558676095,0.0132,27.70450685920606,1.2209
splice,fresh,Eclat_Gen_Borgelt,0.244435736677116,5.05,106.0683731958612,0.0226,1.5500359914814352,0.1569
splice,fresh,FPgrowth_Gen_Borgelt,0.244435736677116,7.08,102.91488431496273,0.0227,1.4008381145354645,0.1205
splice,fresh,DefMe,0.244435736677116,93.85,510.1534338491256,0.3925,253.84183016636553,1.3447
splice,fresh,Gr_growth,0.244435736677116,16.88,65.65033478495097,0.0265,1.9378157728854473,0.1446
splice,fresh,TalkyG_Diffset,0.244435736677116,93.09,334.5356422746039,0.273,728.3049657349153,2.9883
splice,fresh,Talky_G,0.244435736677116,95.01,282.30729560811704,0.2616,840.1148425822705,3.0274
splice,fresh,Pascal,0.244435736677116,98.31,190.12428746113224,1.2166,1975.4822349704864,3600.0
splice,fresh,Zart,0.244435736677116,337.66,363.4161302245874,1.9101,2414.0515874238995,3600.0
splice,fresh,FGC_Stream,0.244435736677116,22.06,60.69611156427301,11.1347,2771.6038426358473,3600.0
splice,fresh,Apriori_Gen_Borgelt,0.1638714733542319,4.59,63.64169936209411,0.0148,27.704734996706062,1.2209
splice,fresh,DefMe,0.1638714733542319,92.34,516.7476211347694,0.2377,253.8428603032703,1.3447
splice,fresh,Eclat_Gen_Borgelt,0.1638714733542319,6.29,109.17206102514393,0.0162,1.5187398307671496,0.1569
splice,fresh,FPgrowth_Gen_Borgelt,0.1638714733542319,10.34,106.11374788518997,0.0286,1.40095600024975,0.1205
splice,fresh,Gr_growth,0.1638714733542319,19.85,65.66658817504248,0.0246,1.934541684790209,0.1446
splice,fresh,Pascal,0.1638714733542319,98.94,194.69252445405644,3.1294,1983.8738599169146,3600.0
splice,fresh,TalkyG_Diffset,0.1638714733542319,93.57,338.47096512919285,0.2544,762.6160033063438,2.9883
splice,fresh,Talky_G,0.1638714733542319,93.19,284.57349381014706,0.2349,867.1006604128263,3.0274
splice,fresh,Zart,0.1638714733542319,374.71,371.74976846101725,5.4377,2433.573225716558,3600.0
splice,fresh,FGC_Stream,0.1638714733542319,22.34,62.35673893956959,73.5106,2775.1732194838996,3600.0
splice,fresh,Apriori_Gen_Borgelt,0.1115203761755486,4.73,63.83362211403099,0.0261,27.704734996706062,1.2209
splice,fresh,DefMe,0.1115203761755486,106.21,528.2271588880805,0.2479,268.79042736993694,1.3447
splice,fresh,Eclat_Gen_Borgelt,0.1115203761755486,7.05,113.62786048891334,0.0229,1.5187398307671496,0.1569
splice,fresh,FPgrowth_Gen_Borgelt,0.1115203761755486,11.0,108.45753398703665,0.0505,1.40095600024975,0.1205
splice,fresh,Gr_growth,0.1115203761755486,20.19,65.72134741590415,0.0396,1.935274109790209,0.1446
splice,fresh,Pascal,0.1115203761755486,102.38,229.65680099297794,3.7488,1995.9284333050102,3600.0
splice,fresh,TalkyG_Diffset,0.1115203761755486,93.88,349.45843373657266,0.2656,796.7581489730105,2.9883
splice,fresh,Talky_G,0.1115203761755486,95.37,293.90724815486055,0.2549,901.9489616628264,3.0274
splice,fresh,Zart,0.1115203761755486,622.81,371.74976846101725,8.8241,2433.573225716558,3600.0
splice,fresh,FGC_Stream,0.1115203761755486,23.18,65.36557042003197,127.1456,2775.1732194838996,3600.0
splice,fresh,Apriori_Gen_Borgelt,0.0751567398119122,5.36,63.58154038724449,0.0536,27.70644043420606,1.2209
splice,fresh,DefMe,0.0751567398119122,125.56,530.5449456591103,0.2482,265.71236881993696,1.2143
splice,fresh,Eclat_Gen_Borgelt,0.0751567398119122,9.23,113.80587580075101,0.0553,1.516978785312604,0.1527
splice,fresh,FPgrowth_Gen_Borgelt,0.0751567398119122,39.09,106.81766826568294,0.0836,1.40116725024975,0.1205
splice,fresh,Gr_growth,0.0751567398119122,20.63,66.33555401672548,0.0757,1.9311871256632251,0.1446
splice,fresh,Pascal,0.0751567398119122,109.96,230.64528999398695,8.1517,1997.537032073264,3600.0
splice,fresh,TalkyG_Diffset,0.0751567398119122,117.89,359.2223924122781,0.2741,796.7581489730105,2.9883
splice,fresh,Talky_G,0.0751567398119122,121.19,300.4380077921778,0.2833,901.9489616628264,3.0274
splice,fresh,Zart,0.0751567398119122,541.96,383.4365292382345,56.7955,2438.4774318971135,3600.0
splice,fresh,FGC_Stream,0.0751567398119122,28.77,65.41228144020104,229.9467,2781.777881300566,3600.0
splice,fresh,Apriori_Gen_Borgelt,0.053526645768025,10.33,63.867479404245984,0.1621,27.70653220087273,1.2209
splice,fresh,DefMe,0.053526645768025,375.64,539.0305559562086,0.4046,280.55519573660365,1.2143
splice,fresh,Eclat_Gen_Borgelt,0.053526645768025,14.63,113.80587580075101,0.178,1.5171136811459374,0.1527
splice,fresh,FPgrowth_Gen_Borgelt,0.053526645768025,150.84,107.81837155885401,0.2691,1.4012474169164166,0.1205
splice,fresh,Gr_growth,0.053526645768025,21.88,66.46021619955799,0.2381,1.9311871256632251,0.1446
splice,fresh,TalkyG_Diffset,0.053526645768025,386.9,363.1011555193633,0.5239,796.7581489730105,2.9883
splice,fresh,Talky_G,0.053526645768025,385.95,305.0327188865591,0.5333,901.9489616628264,3.0274
splice,fresh,Pascal,0.053526645768025,210.96,229.95937705460915,55.2144,1999.9853617343754,3600.0
splice,fresh,FGC_Stream,0.053526645768025,51.27,65.46320730740257,544.3027,2790.497729034494,3600.0
t25i10d10k,fresh,Apriori_Gen_Borgelt,0.0258370088211708,5.5,20.53726511043757,0.023,18.01206761082839,0.3086
t25i10d10k,fresh,DefMe,0.0258370088211708,157.47,362.8697698120841,0.4106,307.9924064415143,0.9878
t25i10d10k,fresh,Eclat_Gen_Borgelt,0.0258370088211708,6.77,16.815163904189262,0.0213,1.328687138377595,0.0919
t25i10d10k,fresh,FPgrowth_Gen_Borgelt,0.0258370088211708,10.41,19.339668371720318,0.0331,1.0883078307012433,0.0846
t25i10d10k,fresh,Gr_growth,0.0258370088211708,19.38,39.850016598520135,0.0428,1.4577448843024623,0.1316
t25i10d10k,fresh,Pascal,0.0258370088211708,99.16,145.52205943186684,14.6151,1254.4203989687683,57.691
t25i10d10k,fresh,TalkyG_Diffset,0.0258370088211708,101.38,272.7345456962312,0.2689,963.6529563096435,4.2389
t25i10d10k,fresh,Talky_G,0.0258370088211708,102.68,240.21705553390703,0.2595,983.3907473235403,3.0274
t25i10d10k,fresh,Zart,0.0258370088211708,506.83,298.4082741665622,23.5708,1376.4711373368555,98.4032
t25i10d10k,fresh,FGC_Stream,0.0258370088211708,27.68,85.50655220493202,21.8244,1367.877210888695,413.828
t25i10d10k,fresh,Apriori_Gen_Borgelt,0.01882016840417,5.69,20.621704627646213,0.0245,18.012393960828387,0.3086
t25i10d10k,fresh,DefMe,0.01882016840417,155.12,374.04644193204217,0.2844,315.2244090442921,0.9878
t25i10d10k,fresh,Eclat_Gen_Borgelt,0.01882016840417,7.0,16.817550644629197,0.0253,1.3291407078220392,0.0919
t25i10d10k,fresh,FPgrowth_Gen_Borgelt,0.01882016840417,11.43,19.907040493538155,0.032,1.0904215807012434,0.0846
t25i10d10k,fresh,Gr_growth,0.01882016840417,20.48,39.979928006191855,0.0279,1.4612494577151607,0.1446
t25i10d10k,fresh,Pascal,0.01882016840417,103.09,144.89622856269006,24.1387,1265.2125541687685,83.7692
t25i10d10k,fresh,TalkyG_Diffset,0.01882016840417,102.18,272.7345456962312,0.28,963.6529563096435,4.2389
t25i10d10k,fresh,Talky_G,0.01882016840417,100.89,240.22948002036566,0.2684,992.4051467485403,3.0274
t25i10d10k,fresh,Zart,0.01882016840417,546.26,312.7732942310093,39.3879,1397.6730080035225,212.8178
t25i10d10k,fresh,FGC_Stream,0.01882016840417,27.72,85.67059308097954,28.435,1367.877210888695,413.828
t25i10d10k,fresh,Apriori_Gen_Borgelt,0.011502606255012,6.5,22.19249188976728,0.0282,18.01330093262326,0.3086
t25i10d10k,fresh,DefMe,0.011502606255012,295.5,390.2240347417422,0.3743,300.84654901512545,0.9878
t25i10d10k,fresh,Eclat_Gen_Borgelt,0.011502606255012,8.16,18.65142832677282,0.0227,1.3305546352029918,0.0919
t25i10d10k,fresh,FPgrowth_Gen_Borgelt,0.011502606255012,13.02,22.01249331017308,0.0319,1.0948374594891221,0.1084
t25i10d10k,fresh,Gr_growth,0.011502606255012,21.42,44.44714268618213,0.0366,1.4701485730290131,0.1649
t25i10d10k,fresh,Pascal,0.011502606255012,136.2,146.89382359426756,43.8949,1319.5480893419826,138.517
t25i10d10k,fresh,TalkyG_Diffset,0.011502606255012,113.05,273.5348249109431,0.2965,965.5197868124214,5.1374
t25i10d10k,fresh,Talky_G,0.011502606255012,112.68,241.04999976666556,0.2748,1000.3300862866356,3.0274
t25i10d10k,fresh,Zart,0.011502606255012,836.54,588.6034501499602,71.455,1414.4073840368558,367.5665
t25i10d10k,fresh,FGC_Stream,0.011502606255012,28.8,85.87598890307514,38.4384,1404.1609200273851,413.828
t25i10d10k,fresh,Apriori_Gen_Borgelt,0.00709202085004,7.4,22.8666875512444,0.0684,18.014428099289926,0.3345
t25i10d10k,fresh,DefMe,0.00709202085004,388.16,430.8976525311995,0.5067,301.1001842222683,0.9919
t25i10d10k,fresh,Eclat_Gen_Borgelt,0.00709202085004,13.65,20.42928916315787,0.0403,1.331971900282357,0.093
t25i10d10k,fresh,FPgrowth_Gen_Borgelt,0.00709202085004,22.7,24.822633051848012,0.0601,1.099076971393884,0.1086
t25i10d10k,fresh,Gr_growth,0.00709202085004,21.88,46.38561008883925,0.0603,1.4728691557671088,0.1798
t25i10d10k,fresh,Pascal,0.00709202085004,134.87,146.68102400081798,62.882,1338.2550417598397,247.1454
t25i10d10k,fresh,TalkyG_Diffset,0.00709202085004,175.72,272.90299788250456,0.323,965.5198068957548,5.1374
t25i10d10k,fresh,Talky_G,0.00709202085004,163.53,243.44735183940747,0.3203,1000.3300862866356,3.0274
t25i10d10k,fresh,FGC_Stream,0.00709202085004,38.44,85.84350555686423,53.6924,1405.3387283857185,413.828
t25i10d10k,fresh,Zart,0.00709202085004,1071.18,613.6390971638082,220.4859,1424.873288180308,545.852
t25i10d10k,fresh,Apriori_Gen_Borgelt,0.0035836006415396,18.32,23.778683083593183,0.3653,18.01693943143278,0.3345
t25i10d10k,fresh,DefMe,0.0035836006415396,831.96,480.18427260572287,1.3771,301.3822684436969,1.0604
t25i10d10k,fresh,Eclat_Gen_Borgelt,0.0035836006415396,23.48,23.542425527559466,0.1073,1.3334183520680711,0.093
t25i10d10k,fresh,FPgrowth_Gen_Borgelt,0.0035836006415396,50.65,29.28611635559484,0.1253,1.1024028422272174,0.1086
t25i10d10k,fresh,Gr_growth,0.0035836006415396,25.79,48.11667299038103,0.1233,1.4752697682671085,0.1865
t25i10d10k,fresh,TalkyG_Diffset,0.0035836006415396,438.06,274.80810628984614,4.0562,952.5712137310721,4.2389
t25i10d10k,fresh,Talky_G,0.0035836006415396,413.12,247.99418577489666,4.1644,1005.1249298759213,3.0274
t25i10d10k,fresh,Pascal,0.0035836006415396,402.8,151.88991829996982,239.5429,1414.8234551868238,701.2038
t25i10d10k,fresh,FGC_Stream,0.0035836006415396,178.98,86.52282298285951,140.6903,1435.0110867428614,452.5109
uscensus,fresh,Apriori_Gen_Borgelt,0.74447675,231.46,169.26409655070086,1.1579,8.996381253670744,0.4512
uscensus,fresh,DefMe,0.74447675,3009.03,950.8530095446854,2.6121,315.4426853361818,1.3447
uscensus,fresh,Eclat_Gen_Borgelt,0.74447675,231.41,134.99223677074824,1.1753,1.5065359667519982,0.3181
uscensus,fresh,FPgrowth_Gen_Borgelt,0.74447675,231.39,134.61632358306716,1.1251,1.5845781120823625,0.3795
uscensus,fresh,Gr_growth,0.74447675,13.47,16.005329579708405,0.7579,1.4118805684343434,0.2381
uscensus,fresh,Pascal,0.74447675,1162.88,497.2218661606596,3.8547,1431.6666134754103,124.7782
uscensus,fresh,TalkyG_Diffset,0.74447675,3177.09,1019.7589361318309,4.6725,375.2024021549797,1.3352
uscensus,fresh,Talky_G,0.74447675,3175.8,883.7680008990819,4.7416,443.9508049744601,1.3662
uscensus,fresh,Zart,0.74447675,3222.89,1025.8924116677313,4.4498,1905.3454985108633,3600.0
uscensus,fresh,Apriori_Gen_Borgelt,0.60401875,231.27,169.265246866691,1.3363,14.098403184532936,0.6862
uscensus,fresh,DefMe,0.60401875,3182.05,1170.843922587686,2.6226,365.0836105403485,1.5887
uscensus,fresh,Eclat_Gen_Borgelt,0.60401875,231.43,139.16893352108636,1.3587,1.9258093904172215,0.4086
uscensus,fresh,FPgrowth_Gen_Borgelt,0.60401875,231.51,140.22883100915175,1.2912,1.8621421749944504,0.4175
uscensus,fresh,Gr_growth,0.60401875,14.07,19.59292454328843,0.7288,1.659386713870851,0.2639
uscensus,fresh,Pascal,0.60401875,1185.35,504.2348137704174,17.043,1777.867023814011,954.0731
uscensus,fresh,TalkyG_Diffset,0.60401875,3187.1,1067.7152832523318,4.6026,447.73781866932643,1.6257
uscensus,fresh,Talky_G,0.60401875,3172.83,905.2909744228386,4.5522,517.3969096912709,1.5897
uscensus,fresh,Zart,0.60401875,3224.42,1036.718422037705,30.018,2160.8554063180063,3600.0
uscensus,fresh,Apriori_Gen_Borgelt,0.25685375,234.77,170.7774845002776,98.2223,26.815503087491088,1.6765
uscensus,fresh,DefMe,0.25685375,3230.0,1205.4342145631028,63.7462,566.2173761064686,4.3816
uscensus,fresh,Eclat_Gen_Borgelt,0.25685375,345.97,165.3190530881181,3.8609,2.440436850085332,0.4993
uscensus,fresh,FPgrowth_Gen_Borgelt,0.25685375,314.22,148.84244049423285,2.3891,2.2180151114982243,0.4765
uscensus,fresh,Gr_growth,0.25685375,78.63,43.079313482626596,1.8738,2.2303083975399596,0.3354
uscensus,fresh,TalkyG_Diffset,0.25685375,3216.86,1112.4103870278245,16.8616,713.51220947929,2.9883
uscensus,fresh,Talky_G,0.25685375,3208.43,919.9615111995067,11.8831,766.6404609091309,2.0661
uscensus,fresh,Gr_growth,0.05409375,5968.44,60.33649084043002,154.8915,2.421822883254245,0.3354
census_kdd,fresh2,Apriori_Gen_Borgelt,0.9695761892112688,40.6,59.66822007209145,0.1772,3.838455932366133,0.096
census_kdd,fresh2,DefMe,0.9695761892112688,663.7,404.68068835614076,0.6467,86.33579913193958,0.4463
census_kdd,fresh2,Eclat_Gen_Borgelt,0.9695761892112688,40.46,45.38160972481646,0.1792,0.3733621832520421,0.0944
census_kdd,fresh2,FPgrowth_Gen_Borgelt,0.9695761892112688,40.49,31.230564979405937,0.1616,0.2421494549002468,0.081
census_kdd,fresh2,Gr_growth,0.9695761892112688,13.61,13.561875068051156,0.129,0.19590166115551116,0.0641
census_kdd,fresh2,Pascal,0.9695761892112688,392.11,428.6333889687085,0.5701,375.9619744706606,3.5074
census_kdd,fresh2,TalkyG_Diffset,0.9695761892112688,662.27,337.98901739912424,1.0517,132.51105172265582,0.7378
census_kdd,fresh2,Talky_G,0.9695761892112688,663.64,379.5075394751756,0.9694,149.4894366232043,0.7441
census_kdd,fresh2,Zart,0.9695761892112688,688.7,659.6658585217136,0.8845,523.0165818461538,4.2575
census_kdd,fresh2,FGC_Stream,0.9695761892112688,745.85,43.76114388385436,4.6986,3074.1480365114926,3600.0
census_kdd,fresh2,Apriori_Gen_Borgelt,0.8078705211930454,40.25,59.93577908576531,0.2122,4.504596779786768,0.3086
census_kdd,fresh2,DefMe,0.8078705211930454,666.75,504.5007806354335,0.6905,146.71624988974986,0.7956
census_kdd,fresh2,Eclat_Gen_Borgelt,0.8078705211930454,40.63,50.020715122456544,0.2102,0.5112973541797255,0.3181
census_kdd,fresh2,FPgrowth_Gen_Borgelt,0.8078705211930454,40.43,35.78685284765071,0.2082,0.3421282247234792,0.2994
census_kdd,fresh2,Gr_growth,0.8078705211930454,13.75,13.900731067419557,0.1185,0.2943661190018315,0.1769
census_kdd,fresh2,Pascal,0.8078705211930454,393.52,428.6333889687085,2.6685,611.4585234146718,12.1523
census_kdd,fresh2,TalkyG_Diffset,0.8078705211930454,663.33,428.6226212157328,0.9469,162.96044173160246,1.0921
census_kdd,fresh2,Talky_G,0.8078705211930454,665.39,464.05624594140215,0.9294,196.7178440829224,1.1149
census_kdd,fresh2,Zart,0.8078705211930454,1872.73,667.8359742503287,10.166,898.6277023587801,45.8235
census_kdd,fresh2,Apriori_Gen_Borgelt,0.2090423159234775,41.65,60.40262055862883,8.3099,17.46378530367261,1.3671
census_kdd,fresh2,DefMe,0.2090423159234775,1879.03,693.4542484688576,90.9122,518.7245141833826,1.9654
census_kdd,fresh2,Eclat_Gen_Borgelt,0.2090423159234775,81.5,83.75559440231392,0.7555,1.272984105514502,0.4974
census_kdd,fresh2,FPgrowth_Gen_Borgelt,0.2090423159234775,82.97,58.85658712353347,0.569,0.6141086071313491,0.3781
census_kdd,fresh2,Gr_growth,0.2090423159234775,44.38,60.76228811305517,0.5966,0.9329151386904762,0.2226
census_kdd,fresh2,TalkyG_Diffset,0.2090423159234775,1915.48,576.7957283474286,9.7533,601.430044337482,1.5555
census_kdd,fresh2,Talky_G,0.2090423159234775,1906.35,588.8563466136277,7.1506,543.416511154985,1.3443
census_kdd,fresh2,Gr_growth,0.015099762934599,5848.29,61.42353898693151,128.3854,0.9329449636904763,0.2226
covertype,fresh2,Apriori_Gen_Borgelt,0.1456747020715579,55.8,65.27080748580201,0.3382,6.28396298094577,0.1783
covertype,fresh2,DefMe,0.1456747020715579,448.23,519.6079883589632,0.5878,115.06301269732003,0.6457
covertype,fresh2,Eclat_Gen_Borgelt,0.1456747020715579,89.37,107.22571637953351,0.3327,1.3330303730991229,0.223
covertype,fresh2,FPgrowth_Gen_Borgelt,0.1456747020715579,84.33,65.51150286119383,0.3031,1.1603705261740453,0.2202
covertype,fresh2,Gr_growth,0.1456747020715579,43.44,13.5982661947052,0.2765,0.8333864500439103,0.1065
covertype,fresh2,TalkyG_Diffset,0.1456747020715579,357.05,394.17936843182883,0.6987,201.33312985429157,0.7181
covertype,fresh2,Talky_G,0.1456747020715579,370.02,304.59513702984964,0.725,173.21609665347046,0.6972
covertype,fresh2,Pascal,0.1456747020715579,358.5,339.3813227760976,8.0131,767.6943118305308,16.6443
covertype,fresh2,Zart,0.1456747020715579,718.64,648.9864777671908,13.207,964.2854365912027,87.3878
covertype,fresh2,Apriori_Gen_Borgelt,0.0938995235898742,55.66,65.27080748580201,0.419,6.293527309914024,0.208
covertype,fresh2,DefMe,0.0938995235898742,486.59,542.2315849722473,0.6166,144.46590090089148,0.6457
covertype,fresh2,Eclat_Gen_Borgelt,0.0938995235898742,91.43,107.47085910301881,0.3643,1.332948023099123,0.223
covertype,fresh2,FPgrowth_Gen_Borgelt,0.0938995235898742,85.79,65.89013769167892,0.328,1.1622367273645218,0.2202
covertype,fresh2,Gr_growth,0.0938995235898742,44.38,13.802670154909972,0.293,0.8303615397264501,0.1065
covertype,fresh2,Pascal,0.0938995235898742,361.36,343.2136955775169,8.4136,835.9334010488391,19.602
covertype,fresh2,TalkyG_Diffset,0.0938995235898742,375.29,404.11243386456664,0.7078,201.33888695548205,0.8067
covertype,fresh2,Talky_G,0.0938995235898742,388.89,313.607647096916,0.7329,184.41461051597048,0.6972
covertype,fresh2,Zart,0.0938995235898742,760.73,662.4654117406994,14.3721,1043.909226649536,90.7496
covertype,fresh2,Apriori_Gen_Borgelt,0.0368869317673301,55.63,65.27080748580201,0.6888,5.81689811983466,0.208
covertype,fresh2,DefMe,0.0368869317673301,770.29,559.3893003803329,0.8465,145.94143153293166,0.7731
covertype,fresh2,Eclat_Gen_Borgelt,0.0368869317673301,99.94,107.16379951313944,0.5691,1.268297260977911,0.223
covertype,fresh2,FPgrowth_Gen_Borgelt,0.0368869317673301,124.51,67.11791923796974,0.4579,1.1796070571985764,0.2202
covertype,fresh2,Gr_growth,0.0368869317673301,52.78,15.332814507281578,0.4927,0.861457912742323,0.1205
covertype,fresh2,Pascal,0.0368869317673301,358.16,342.5909562616595,51.0637,913.2632667572806,40.6292
covertype,fresh2,TalkyG_Diffset,0.0368869317673301,730.07,408.47406148253685,0.9176,195.55356506370714,0.8067
covertype,fresh2,Talky_G,0.0368869317673301,709.16,318.50736386529684,0.9246,183.96137659930378,0.7825
covertype,fresh2,Zart,0.0368869317673301,759.55,705.6554979987201,127.6945,1077.2561812598535,98.4032
covertype,fresh2,Apriori_Gen_Borgelt,0.0002663456176464,186.64,64.40328128337012,11.9249,5.839289505837545,0.212
covertype,fresh2,DefMe,0.0002663456176464,1519.95,1029.9118122242735,319.0277,197.29873760576854,1.5365
covertype,fresh2,Eclat_Gen_Borgelt,0.0002663456176464,349.95,128.1607067608121,4.9099,1.2606839552059053,0.223
covertype,fresh2,FPgrowth_Gen_Borgelt,0.0002663456176464,461.21,91.91223723901132,3.1927,1.2165734176547869,0.2224
covertype,fresh2,Gr_growth,0.0002663456176464,196.1,19.22849731896574,4.2657,0.945203423177721,0.1865
covertype,fresh2,Talky_G,0.0002663456176464,1252.84,360.9954745587619,576.959,253.3814971631927,1.0922
diabetes130,fresh2,Apriori_Gen_Borgelt,0.9999877169192068,24.52,8.97259406379868,0.1507,1.870543487321961,0.089
diabetes130,fresh2,Eclat_Gen_Borgelt,0.9999877169192068,24.54,11.541877267338295,0.1129,0.1942657709920798,0.0736
diabetes130,fresh2,DefMe,0.9999877169192068,417.98,441.3783936791115,0.549,190.74026041220242,0.4203
diabetes130,fresh2,FPgrowth_Gen_Borgelt,0.9999877169192068,24.47,11.127229459861987,0.1235,0.14875844046190737,0.0252
diabetes130,fresh2,Gr_growth,0.9999877169192068,13.6,13.526921506639408,0.0952,0.18315020478965477,0.055
diabetes130,fresh2,Pascal,0.9999877169192068,338.48,263.20248874038384,0.5697,513.2960518300977,3.5074
diabetes130,fresh2,TalkyG_Diffset,0.9999877169192068,412.16,324.22073604709055,0.7385,148.26010542372003,0.7154
diabetes130,fresh2,Talky_G,0.9999877169192068,448.18,355.93605593864186,0.7609,154.82105211673576,0.7056
diabetes130,fresh2,Zart,0.9999877169192068,519.02,475.8600641627068,0.7088,640.7511657783562,4.2575
diabetes130,fresh2,FGC_Stream,0.9999877169192068,433.41,47.136390456566026,3.0414,2422.9410469641043,3600.0
diabetes130,fresh2,Apriori_Gen_Borgelt,0.9969415128824952,24.55,8.97259406379868,0.1213,1.870543487321961,0.089
diabetes130,fresh2,DefMe,0.9969415128824952,640.34,441.3783936791115,0.6392,190.74026041220242,0.4203
diabetes130,fresh2,Eclat_Gen_Borgelt,0.9969415128824952,25.4,11.541877267338295,0.1185,0.1942657709920798,0.0736
diabetes130,fresh2,FPgrowth_Gen_Borgelt,0.9969415128824952,25.27,11.127229459861987,0.1202,0.14875844046190737,0.0252
diabetes130,fresh2,Gr_growth,0.9969415128824952,13.6,13.526921506639408,0.0875,0.18315020478965477,0.055
diabetes130,fresh2,Pascal,0.9969415128824952,339.69,263.20248874038384,9.1594,513.2960518300977,3.5074
diabetes130,fresh2,TalkyG_Diffset,0.9969415128824952,432.84,324.22073604709055,0.7103,148.26010542372003,0.7154
diabetes130,fresh2,Talky_G,0.9969415128824952,462.25,355.93605593864186,0.7309,154.82105211673576,0.7056
diabetes130,fresh2,Zart,0.9969415128824952,844.46,475.8600641627068,122.1168,640.7511657783562,4.2575
diabetes130,fresh2,FGC_Stream,0.9969415128824952,439.55,47.136390456566026,299.9041,2422.9410469641043,3600.0
diabetes130,fresh2,Eclat_Gen_Borgelt,0.2130549495902364,1830.39,60.010491594050805,17.5988,0.6261970924428514,0.15
diabetes130,fresh2,FPgrowth_Gen_Borgelt,0.2130549495902364,1811.39,50.12040082197135,16.3416,0.5920031522001692,0.1464
diabetes130,fresh2,Gr_growth,0.2130549495902364,949.2,70.18638311160875,17.6236,0.8402460642232767,0.1984
poker,fresh2,Apriori_Gen_Borgelt,0.12537575,93.9,171.64526148385224,0.4212,6.587434223063375,0.212
poker,fresh2,DefMe,0.12537575,610.3,550.7867341504082,0.7652,193.71973773745356,0.7731
poker,fresh2,Eclat_Gen_Borgelt,0.12537575,93.75,133.35209683437566,0.4227,1.9828589192196693,0.2371
poker,fresh2,FPgrowth_Gen_Borgelt,0.12537575,94.02,158.25082231922988,0.402,1.677536839818734,0.2305
poker,fresh2,Gr_growth,0.12537575,13.92,14.217930247935426,0.2806,1.0528980575507827,0.1445
poker,fresh2,Pascal,0.12537575,558.83,354.16202757012957,3.7444,775.4643636041419,19.602
poker,fresh2,TalkyG_Diffset,0.12537575,620.39,324.0946390824306,0.9493,226.8729174695832,0.7181
poker,fresh2,Talky_G,0.12537575,641.92,274.7814590261265,0.9772,238.99553479222894,0.7463
poker,fresh2,Zart,0.12537575,777.48,876.6227102691851,3.7903,960.0348135306868,90.7496
poker,fresh2,Apriori_Gen_Borgelt,0.06372875,169.14,171.72156538406014,0.7991,6.600295250245915,0.2227
poker,fresh2,DefMe,0.06372875,806.61,581.3546482232447,0.896,205.06012031364403,0.7757
poker,fresh2,Eclat_Gen_Borgelt,0.06372875,256.43,133.35209683437566,1.1213,1.9808895237651238,0.2371
poker,fresh2,FPgrowth_Gen_Borgelt,0.06372875,235.55,157.56072792710307,0.9344,1.6792323076758768,0.2305
poker,fresh2,Gr_growth,0.06372875,156.25,14.445912789511544,1.6203,1.0532253388999888,0.1492
poker,fresh2,Pascal,0.06372875,561.45,354.6080172543889,46.0455,881.7986755706644,20.6284
poker,fresh2,TalkyG_Diffset,0.06372875,668.2,330.73722550025536,0.9684,226.879169029107,0.8067
poker,fresh2,Talky_G,0.06372875,689.57,281.6208135445868,1.0136,250.19632244639564,0.7825
poker,fresh2,Zart,0.06372875,887.53,920.2974013472436,56.1636,1023.1719474862424,90.7496
poker,fresh2,Apriori_Gen_Borgelt,0.01922275,170.34,170.80274002598887,0.9549,6.211439956198295,0.2227
poker,fresh2,DefMe,0.01922275,1537.75,617.3590567840158,1.1959,226.9969658534223,0.7757
poker,fresh2,Eclat_Gen_Borgelt,0.01922275,258.99,132.84712211629477,1.5146,1.906720084876235,0.2371
poker,fresh2,FPgrowth_Gen_Borgelt,0.01922275,241.55,148.65361604569551,1.2839,1.732568276795646,0.3056
poker,fresh2,Gr_growth,0.01922275,159.07,16.220368573613513,2.4076,1.089000666100566,0.1865
poker,fresh2,Pascal,0.01922275,525.96,353.34305252175625,107.6686,916.9728543981536,40.6292
poker,fresh2,TalkyG_Diffset,0.01922275,865.82,331.24890174772787,1.195,224.82073390399879,0.8067
poker,fresh2,Talky_G,0.01922275,874.94,282.456644456417,1.1827,256.94690066484804,0.7825
poker,fresh2,Zart,0.01922275,846.51,953.5383882612371,167.588,1063.2487314445755,98.4032
poker,fresh2,Apriori_Gen_Borgelt,0.00164075,172.16,168.6701949013453,1.7195,6.228699804502769,0.2227
poker,fresh2,DefMe,0.00164075,1543.84,969.3417873893834,6.6882,232.7101455979389,0.9919
poker,fresh2,Eclat_Gen_Borgelt,0.00164075,273.38,131.28755892359607,2.6697,1.911421998945499,0.2371
poker,fresh2,FPgrowth_Gen_Borgelt,0.00164075,575.35,161.5992571195363,2.3188,1.6828132910397353,0.3795
poker,fresh2,Gr_growth,0.00164075,170.79,21.87437967041344,3.454,1.0726039101939726,0.2006
poker,fresh2,TalkyG_Diffset,0.00164075,1575.28,349.63639534726684,5.1571,225.69298310578446,0.8799
poker,fresh2,Talky_G,0.00164075,1611.64,297.1988419903234,4.2028,270.3338288783401,0.8454
dota2,fresh3,Apriori_Gen_Borgelt,0.1415515380464112,11.5,14.330422137123012,0.0646,7.587092758244276,0.1783
dota2,fresh3,Eclat_Gen_Borgelt,0.1415515380464112,11.55,15.50643418579184,0.0416,1.0839434244810746,0.1481
dota2,fresh3,DefMe,0.1415515380464112,173.39,286.82634312434215,0.3528,124.63500360532107,0.6457
dota2,fresh3,FPgrowth_Gen_Borgelt,0.1415515380464112,11.46,21.820324170831785,0.0416,0.7756070233694154,0.1205
dota2,fresh3,Gr_growth,0.1415515380464112,13.58,14.16998701749022,0.0331,1.111816750186823,0.1065
dota2,fresh3,TalkyG_Diffset,0.1415515380464112,174.38,360.0961436990936,0.3724,178.9567227536061,0.7181
dota2,fresh3,Pascal,0.1415515380464112,148.59,134.66699750165455,0.5603,897.5420782363981,19.602
dota2,fresh3,Talky_G,0.1415515380464112,175.97,251.32970074232657,0.423,184.20516204211347,0.7463
dota2,fresh3,Zart,0.1415515380464112,190.49,274.7165725194806,0.5128,1402.5111701959959,212.8178
dota2,fresh3,FGC_Stream,0.1415515380464112,138.19,77.93584498184384,547.8832,858.5493062921398,179.3822
dota2,fresh3,Apriori_Gen_Borgelt,0.0582703723691311,17.34,14.797055935397527,0.0757,7.602867753879197,0.208
dota2,fresh3,DefMe,0.0582703723691311,175.35,330.5245267544981,0.3341,162.97024226722584,0.7731
dota2,fresh3,Eclat_Gen_Borgelt,0.0582703723691311,24.91,16.398278101791078,0.0795,1.0848183012487511,0.1481
dota2,fresh3,FPgrowth_Gen_Borgelt,0.0582703723691311,22.97,22.740207078188572,0.0661,0.7782536142424312,0.1205
dota2,fresh3,Gr_growth,0.0582703723691311,24.56,14.374155701177388,0.0847,1.1102192537582516,0.1205
dota2,fresh3,Pascal,0.0582703723691311,142.33,165.245367565612,6.5542,1024.4011293564558,40.6292
dota2,fresh3,TalkyG_Diffset,0.0582703723691311,176.29,376.76935612359404,0.3494,178.98452616729656,0.8067
dota2,fresh3,Talky_G,0.0582703723691311,175.21,266.5965847913407,0.3559,195.4059949462801,0.7463
dota2,fresh3,Zart,0.0582703723691311,391.82,298.2433989469776,3.693,1504.441962775163,354.6493
dota2,fresh3,Apriori_Gen_Borgelt,0.0134565569347004,18.91,17.320131774351385,0.108,7.121411806656975,0.208
dota2,fresh3,DefMe,0.0134565569347004,395.48,436.6784289472057,0.4381,166.43873796003444,0.7757
dota2,fresh3,Eclat_Gen_Borgelt,0.0134565569347004,32.71,20.00655990226486,0.1212,1.0209398001803753,0.15
dota2,fresh3,FPgrowth_Gen_Borgelt,0.0134565569347004,41.94,28.406643126755608,0.1482,0.7881004382503678,0.1427
dota2,fresh3,Gr_growth,0.0134565569347004,41.72,16.14779691690809,0.1933,1.0827207889494492,0.1865
dota2,fresh3,Pascal,0.0134565569347004,159.72,164.44095111905415,85.4347,1141.616234948267,83.7692
dota2,fresh3,TalkyG_Diffset,0.0134565569347004,195.72,378.89497599947515,0.3722,181.68463220506717,0.8067
dota2,fresh3,Talky_G,0.0134565569347004,174.35,268.44905352165256,0.3714,205.9563374490579,0.7825
dota2,fresh3,Zart,0.0134565569347004,514.66,649.6746197083695,62.5532,1547.2161141567644,545.852
dota2,fresh3,Apriori_Gen_Borgelt,0.0037317862924986,20.12,19.22184874298094,0.1898,7.1262911568553875,0.208
dota2,fresh3,DefMe,0.0037317862924986,712.11,619.2561578992903,0.7067,166.59642419881513,0.9844
dota2,fresh3,Eclat_Gen_Borgelt,0.0037317862924986,39.59,24.95170621851322,0.1855,1.0266236015512267,0.15
dota2,fresh3,FPgrowth_Gen_Borgelt,0.0037317862924986,87.61,36.224749407371554,0.2911,0.7916104271697817,0.1427
dota2,fresh3,Gr_growth,0.0037317862924986,44.54,18.242575983415794,0.3435,1.08882343218538,0.2013
dota2,fresh3,Pascal,0.0037317862924986,207.27,168.36491516487615,250.632,1248.4598730326645,92.667
dota2,fresh3,TalkyG_Diffset,0.0037317862924986,800.0,395.8115171938944,0.7319,182.64869369494812,1.0608
dota2,fresh3,Talky_G,0.0037317862924986,652.28,277.8250997273001,0.6623,208.11108611471724,0.8454
dota2,fresh3,Zart,0.0037317862924986,774.66,770.4945644858427,552.9712,1635.7684781307726,579.5006
dota2,fresh3,Apriori_Gen_Borgelt,0.0007744198596869,29.95,25.318104303413964,0.5378,7.138217699514117,0.212
dota2,fresh3,DefMe,0.0007744198596869,999.91,841.8792927823808,3.1639,186.7355944767066,1.4279
dota2,fresh3,Eclat_Gen_Borgelt,0.0007744198596869,50.7,33.797470307187375,0.3754,1.0209277954906204,0.1569
dota2,fresh3,FPgrowth_Gen_Borgelt,0.0007744198596869,179.25,45.90555994346835,0.4884,0.8088560463741883,0.1437
dota2,fresh3,Gr_growth,0.0007744198596869,50.2,20.047767081485727,0.6007,1.1134056341695069,0.2013
dota2,fresh3,TalkyG_Diffset,0.0007744198596869,816.17,441.3947094757307,4.4829,198.5838528267122,1.3352
dota2,fresh3,Talky_G,0.0007744198596869,1022.14,295.6975815645777,4.0262,232.8788738476537,1.3443
miniboone,fresh3,Apriori_Gen_Borgelt,0.1890434709066306,63.38,43.41874600864854,0.415,27.796400133481203,1.2209
miniboone,fresh3,DefMe,0.1890434709066306,708.19,542.2660709938572,0.7061,277.2932097641095,1.72
miniboone,fresh3,Eclat_Gen_Borgelt,0.1890434709066306,114.64,80.58187447291857,0.7412,1.4206061036872848,0.1188
miniboone,fresh3,FPgrowth_Gen_Borgelt,0.1890434709066306,255.36,80.96472049671138,1.7427,1.0146779438189006,0.1205
miniboone,fresh3,Gr_growth,0.1890434709066306,233.78,39.45169388598141,1.8091,1.7173999935897433,0.2092
miniboone,fresh3,Pascal,0.1890434709066306,389.75,198.92372020731682,152.3592,1776.777499587456,975.784
miniboone,fresh3,TalkyG_Diffset,0.1890434709066306,535.01,285.9369783502627,0.92,333.0461643521825,0.6369
miniboone,fresh3,Talky_G,0.1890434709066306,542.21,277.794690268213,0.9003,321.6160952100341,0.5948
miniboone,fresh3,Zart,0.1890434709066306,886.55,351.07984432202704,187.2846,2119.594182700859,3600.0
miniboone,fresh3,Apriori_Gen_Borgelt,0.1627256581375323,63.27,43.41874600864854,0.4151,27.79662827098121,1.2209
miniboone,fresh3,DefMe,0.1627256581375323,707.52,542.2660709938572,0.6941,277.2932097641095,1.72
miniboone,fresh3,Eclat_Gen_Borgelt,0.1627256581375323,114.97,80.9937447360462,0.7559,1.4206061036872848,0.1188
miniboone,fresh3,FPgrowth_Gen_Borgelt,0.1627256581375323,255.6,81.58808678493861,2.1366,1.0146779438189006,0.1205
miniboone,fresh3,Gr_growth,0.1627256581375323,233.91,39.46146114417743,1.8249,1.7157351205738702,0.2049
miniboone,fresh3,Pascal,0.1627256581375323,391.71,199.82871156242737,147.1415,1785.1691245338848,975.784
miniboone,fresh3,TalkyG_Diffset,0.1627256581375323,538.28,286.57614731236197,0.916,333.0461643521825,0.6369
miniboone,fresh3,Talky_G,0.1627256581375323,543.18,278.4561057034932,0.9168,321.6160952100341,0.5948
miniboone,fresh3,Zart,0.1627256581375323,886.8,357.27453113964077,189.7931,2126.979681993518,3600.0
miniboone,fresh3,Apriori_Gen_Borgelt,0.0786516637962849,63.93,43.35046854553527,1.2167,27.796959037647873,1.2209
miniboone,fresh3,DefMe,0.0786516637962849,876.27,550.0551202006828,0.8922,305.7384754932762,1.72
miniboone,fresh3,Eclat_Gen_Borgelt,0.0786516637962849,118.07,81.90011217786086,1.0347,1.4191366915660724,0.1188
miniboone,fresh3,FPgrowth_Gen_Borgelt,0.0786516637962849,260.49,80.2609060891038,2.9473,1.016167122985567,0.1205
miniboone,fresh3,Gr_growth,0.0786516637962849,235.63,39.91641265329371,3.64,1.7110815431929178,0.2049
miniboone,fresh3,Pascal,0.0786516637962849,396.79,235.80631832220354,170.2234,1814.48901125948,995.6832
miniboone,fresh3,TalkyG_Diffset,0.0786516637962849,606.91,298.30603079381603,0.9413,350.93433614682533,0.6369
miniboone,fresh3,Talky_G,0.0786516637962849,604.77,287.25458261017934,0.9324,356.4644243445578,0.5948
miniboone,fresh3,Zart,0.0786516637962849,903.07,372.5895091991418,218.1192,2134.770736608796,3600.0
miniboone,fresh3,Apriori_Gen_Borgelt,0.0500196057325624,64.73,43.311668949418305,6.2937,27.797232829314538,1.2209
miniboone,fresh3,DefMe,0.0500196057325624,1486.72,546.9325869283801,2.1032,324.5107590516094,1.72
miniboone,fresh3,Eclat_Gen_Borgelt,0.0500196057325624,131.05,82.16859026525205,2.5111,1.4193109915660727,0.1188
miniboone,fresh3,FPgrowth_Gen_Borgelt,0.0500196057325624,708.55,80.07857438760671,4.3104,1.0170979793347736,0.1205
miniboone,fresh3,Gr_growth,0.0500196057325624,252.33,40.10815334556868,5.1364,1.7139200348595847,0.2092
miniboone,fresh3,TalkyG_Diffset,0.0500196057325624,888.49,300.2828445509987,1.2292,350.9344511218253,0.6369
miniboone,fresh3,Talky_G,0.0500196057325624,885.58,290.468739476973,1.1836,356.46463008582765,0.5948
miniboone,fresh3,Pascal,0.0500196057325624,400.37,235.24212397368856,339.898,1824.175322170591,995.6832
miniboone,fresh3,Apriori_Gen_Borgelt,0.0366261994095214,71.53,43.40365249414915,20.7452,27.797398162647873,1.2209
miniboone,fresh3,DefMe,0.0366261994095214,1494.07,550.4993705290858,6.1333,328.9992675516095,1.72
miniboone,fresh3,Eclat_Gen_Borgelt,0.0366261994095214,137.86,81.63416798990504,6.7618,1.347903929066073,0.1188
miniboone,fresh3,FPgrowth_Gen_Borgelt,0.0366261994095214,3588.06,80.28895687187972,15.2995,1.0175183126681069,0.1205
miniboone,fresh3,Gr_growth,0.0366261994095214,274.54,42.777843643789325,16.063,1.7339831281135525,0.2092
miniboone,fresh3,TalkyG_Diffset,0.0366261994095214,1462.31,300.50886989002913,3.8105,348.8438297562409,0.6369
miniboone,fresh3,Talky_G,0.0366261994095214,1411.04,290.8921278470316,3.5192,366.76088300963715,0.6077
power,fresh3,Apriori_Gen_Borgelt,0.219214919386321,158.79,184.9523873279969,0.4585,7.917865101517815,0.163
power,fresh3,DefMe,0.219214919386321,781.43,420.37951535386844,0.8448,222.7670775623578,0.4789
power,fresh3,Eclat_Gen_Borgelt,0.219214919386321,158.89,122.49011564169777,0.4571,1.4629909981161986,0.0736
power,fresh3,FPgrowth_Gen_Borgelt,0.219214919386321,158.77,134.30833798948603,0.4311,1.232388773814666,0.1427
power,fresh3,Gr_growth,0.219214919386321,13.61,18.981765004600838,0.2759,0.7959161190002808,0.0255
power,fresh3,Pascal,0.219214919386321,792.8,368.84901502273567,1.011,711.3648588209584,16.6443
power,fresh3,TalkyG_Diffset,0.219214919386321,778.32,466.51157509745303,1.0881,214.99076785396272,0.6844
power,fresh3,Talky_G,0.219214919386321,778.06,455.38381489350763,1.0542,206.90853352228916,0.6705
power,fresh3,Zart,0.219214919386321,1201.3,864.85455632728,1.6816,996.1408803613474,98.4032
power,fresh3,Apriori_Gen_Borgelt,0.0564362849391005,172.04,191.2554795015364,0.5716,7.930916317390832,0.1783
power,fresh3,DefMe,0.0564362849391005,979.17,520.9526154636169,0.9551,261.79392981176255,0.4789
power,fresh3,Eclat_Gen_Borgelt,0.0564362849391005,172.48,131.19545330440235,0.5901,1.43618469890985,0.075
power,fresh3,FPgrowth_Gen_Borgelt,0.0564362849391005,172.51,151.67251885667926,0.547,1.255146469052761,0.1427
power,fresh3,Gr_growth,0.0564362849391005,13.76,19.799962221585364,0.3213,0.854167394208406,0.0344
power,fresh3,Pascal,0.0564362849391005,778.37,366.50391622326924,6.1521,852.2467901418457,19.602
power,fresh3,TalkyG_Diffset,0.0564362849391005,780.32,491.1245693717012,1.0227,225.82681567737544,0.6844
power,fresh3,Talky_G,0.0564362849391005,780.89,468.16390606804765,1.0543,220.39353175978914,0.6705
power,fresh3,Zart,0.0564362849391005,1901.09,893.0959506722703,17.0881,1179.3396741834329,98.4032
power,fresh3,Apriori_Gen_Borgelt,0.0136480861570893,173.32,190.20606401437541,0.5615,8.037058622152735,0.1783
power,fresh3,DefMe,0.0136480861570893,1914.76,566.5515182017726,1.5253,295.754762126613,0.6457
power,fresh3,Eclat_Gen_Borgelt,0.0136480861570893,174.46,130.0504547373275,0.5823,1.4323006036717545,0.0852
power,fresh3,FPgrowth_Gen_Borgelt,0.0136480861570893,174.61,140.7235918856456,0.5508,1.295216965084507,0.1437
power,fresh3,Gr_growth,0.0136480861570893,13.75,21.875784965387624,0.3248,0.8652134263693007,0.0649
power,fresh3,Pascal,0.0136480861570893,806.52,365.2631062918269,18.9483,874.7849431559692,20.6284
power,fresh3,TalkyG_Diffset,0.0136480861570893,1357.74,501.78888079286094,1.2834,223.7518247772672,0.6844
power,fresh3,Talky_G,0.0136480861570893,1082.45,472.5837147266929,1.2043,245.64391073906268,0.6806
power,fresh3,Zart,0.0136480861570893,1950.62,964.7671487798542,90.2973,1189.765193984623,126.5752
adult,fresh4,Apriori_Gen_Borgelt,0.6756165351187002,5.81,5.193186207869686,0.0157,0.6586199809394553,0.047
adult,fresh4,DefMe,0.6756165351187002,105.68,259.40793279390647,0.2474,55.43505375803156,0.4247
adult,fresh4,Eclat_Gen_Borgelt,0.6756165351187002,6.09,5.5186001506517535,0.0137,0.25508670851982984,0.0307
adult,fresh4,FPgrowth_Gen_Borgelt,0.6756165351187002,6.11,5.8553997966800955,0.013,0.1851722653753926,0.0218
adult,fresh4,Gr_growth,0.6756165351187002,13.6,13.248135046441465,0.0136,0.2628218846646817,0.0174
adult,fresh4,Pascal,0.6756165351187002,106.55,122.1319055590771,0.2481,485.7676410854882,1.3842
adult,fresh4,TalkyG_Diffset,0.6756165351187002,107.01,329.3671295500842,0.2713,54.14695370819597,0.6031
adult,fresh4,Talky_G,0.6756165351187002,108.06,331.980615256933,0.2712,59.774902249805756,0.6806
adult,fresh4,Zart,0.6756165351187002,119.23,173.2676997212275,0.2918,949.2764214912784,2.2742
adult,fresh4,FGC_Stream,0.6756165351187002,54.32,35.59168245387461,37.085,684.8976257828283,8.3822
adult,fresh4,Apriori_Gen_Borgelt,0.1999861797856331,6.11,5.712804746727825,0.0237,0.781596666550821,0.096
adult,fresh4,DefMe,0.1999861797856331,115.52,309.3293684316399,0.2487,93.7023462868375,0.4247
adult,fresh4,Eclat_Gen_Borgelt,0.1999861797856331,7.45,8.704474855199372,0.0203,0.3172299430436394,0.0358
adult,fresh4,FPgrowth_Gen_Borgelt,0.1999861797856331,7.2,9.228227024359363,0.0165,0.29186659891823863,0.0218
adult,fresh4,Gr_growth,0.1999861797856331,13.89,13.832368325991006,0.0173,0.30663942108104314,0.0255
adult,fresh4,Pascal,0.1999861797856331,109.09,131.23968916917386,0.5482,695.3229895214972,3.5074
adult,fresh4,TalkyG_Diffset,0.1999861797856331,111.58,393.4522919892548,0.2704,78.42115519540738,0.6844
adult,fresh4,Talky_G,0.1999861797856331,110.76,373.52060979930377,0.2645,101.250335366874,0.6806
adult,fresh4,Zart,0.1999861797856331,390.46,311.8590829366172,1.9252,1504.34698428722,354.6493
adult,fresh4,Apriori_Gen_Borgelt,0.0176821964927367,8.54,7.904974176466448,0.1782,0.8073466901619322,0.1226
adult,fresh4,DefMe,0.0176821964927367,513.92,471.24710428443507,0.5011,183.93992558006093,0.5899
adult,fresh4,Eclat_Gen_Borgelt,0.0176821964927367,19.35,13.663516337225474,0.0594,0.29428081348014734,0.0358
adult,fresh4,FPgrowth_Gen_Borgelt,0.0176821964927367,21.27,15.847754929634403,0.0464,0.3402042292753815,0.0252
adult,fresh4,Gr_growth,0.0176821964927367,17.34,14.83016683557873,0.0569,0.33715340405362615,0.0344
adult,fresh4,Pascal,0.0176821964927367,124.13,186.21314422856935,12.5958,1010.0136828168617,56.3277
adult,fresh4,TalkyG_Diffset,0.0176821964927367,210.58,443.13225158779056,0.3537,90.718683701955,0.6844
adult,fresh4,Talky_G,0.0176821964927367,209.29,413.98526751516573,0.3468,128.69009800576288,0.6972
adult,fresh4,Zart,0.0176821964927367,442.4,423.7073783120212,318.737,1747.4596971771011,608.0888
adult,fresh4,Apriori_Gen_Borgelt,0.0004837075028408,47.07,12.052067403141704,0.9702,0.8475378255876176,0.1611
adult,fresh4,DefMe,0.0004837075028408,770.56,724.9913561309273,12.5822,210.18397876199424,1.4279
adult,fresh4,Eclat_Gen_Borgelt,0.0004837075028408,112.73,26.139538350223965,0.6672,0.30518865594046485,0.0366
adult,fresh4,FPgrowth_Gen_Borgelt,0.0004837075028408,119.96,29.370593691117346,0.5195,0.3183761333102355,0.0569
adult,fresh4,Gr_growth,0.0004837075028408,55.79,18.793761746699253,0.6034,0.36010768079371613,0.0688
adult,fresh4,TalkyG_Diffset,0.0004837075028408,470.96,598.8448007512266,191.0628,121.97172904786049,1.0926
adult,fresh4,Talky_G,0.0004837075028408,473.51,565.8498118506494,188.509,158.82344446092438,1.0922
bank_full,fresh4,Apriori_Gen_Borgelt,0.8174725177501051,7.44,4.848847325556495,0.019,2.3518806866309863,0.0211
bank_full,fresh4,DefMe,0.8174725177501051,112.52,164.9434339284262,0.2772,69.73553459324913,0.2763
bank_full,fresh4,Eclat_Gen_Borgelt,0.8174725177501051,7.61,5.574274760611387,0.0193,0.29917286144592425,0.0208
bank_full,fresh4,FPgrowth_Gen_Borgelt,0.8174725177501051,7.36,6.229810539824052,0.0194,0.3426506383764928,0.0121
bank_full,fresh4,Gr_growth,0.8174725177501051,13.62,13.5713176188612,0.0263,0.225842027670777,0.0134
bank_full,fresh4,Pascal,0.8174725177501051,117.58,110.5960817996519,0.2752,330.72185342234303,0.7135
bank_full,fresh4,TalkyG_Diffset,0.8174725177501051,112.12,198.68397138999924,0.2929,82.89693896038823,0.5556
bank_full,fresh4,Talky_G,0.8174725177501051,114.92,175.9878156427623,0.2928,78.81641884060221,0.539
bank_full,fresh4,Zart,0.8174725177501051,118.98,165.43511426069082,0.3108,607.6780242885533,2.0421
bank_full,fresh4,FGC_Stream,0.8174725177501051,82.38,28.639446315889955,19.9207,407.6935295637612,8.3822
bank_full,fresh4,Apriori_Gen_Borgelt,0.2128630200614894,7.8,5.633157984011365,0.0363,5.497221044530358,0.096
bank_full,fresh4,DefMe,0.2128630200614894,125.5,214.63026981743027,0.2776,130.85154506175564,0.3504
bank_full,fresh4,Eclat_Gen_Borgelt,0.2128630200614894,9.07,10.414382075861386,0.0266,1.2277784876003253,0.0217
bank_full,fresh4,FPgrowth_Gen_Borgelt,0.2128630200614894,8.5,11.941501645419462,0.023,0.8145808070633614,0.0144
bank_full,fresh4,Gr_growth,0.2128630200614894,13.91,19.682211180846686,0.0291,0.42754768880686317,0.0168
bank_full,fresh4,Pascal,0.2128630200614894,117.85,124.37174828206074,0.6406,802.2650956205442,2.1117
bank_full,fresh4,TalkyG_Diffset,0.2128630200614894,115.56,279.52584852199584,0.2977,156.7457767058969,0.5669
bank_full,fresh4,Talky_G,0.2128630200614894,115.23,236.29168354261026,0.2818,217.0054779505997,0.6705
bank_full,fresh4,Zart,0.2128630200614894,315.82,308.6917642556283,3.4403,1367.3561906753437,126.5752
bank_full,fresh4,Apriori_Gen_Borgelt,0.0314912300103957,12.46,7.620369542177925,0.4248,5.518632680046231,0.1027
bank_full,fresh4,DefMe,0.0314912300103957,513.23,345.529810163819,0.6335,182.42479072283615,0.4247
bank_full,fresh4,Eclat_Gen_Borgelt,0.0314912300103957,26.3,16.93347958174325,0.1291,1.20014677986223,0.0358
bank_full,fresh4,FPgrowth_Gen_Borgelt,0.0314912300103957,33.98,19.326208259060405,0.0718,0.8184905138093932,0.0212
bank_full,fresh4,Gr_growth,0.0314912300103957,22.49,21.40674463857824,0.0902,0.4577659691737185,0.0255
bank_full,fresh4,Pascal,0.0314912300103957,141.91,183.16342340087914,19.5956,1051.1473443553386,40.6292
bank_full,fresh4,TalkyG_Diffset,0.0314912300103957,291.43,323.8059387470661,0.3967,164.89323892276195,0.5669
bank_full,fresh4,Talky_G,0.0314912300103957,244.51,266.3262868755435,0.3659,244.42711772401242,0.6705
bank_full,fresh4,Zart,0.0314912300103957,437.59,362.3043995537485,319.0143,1646.8811350428657,554.432
bank_full,fresh4,Apriori_Gen_Borgelt,0.0019630178496383,59.42,9.670443421314026,3.3988,5.525707329649406,0.1027
bank_full,fresh4,DefMe,0.0019630178496383,821.01,588.0998999985944,22.989,182.87550697564998,0.4789
bank_full,fresh4,Eclat_Gen_Borgelt,0.0019630178496383,141.59,26.134828107873428,1.1148,1.2046490576400077,0.0358
bank_full,fresh4,FPgrowth_Gen_Borgelt,0.0019630178496383,162.97,32.31786237308961,0.7642,0.8298500565291735,0.0212
bank_full,fresh4,Gr_growth,0.0019630178496383,85.32,25.188568715887254,0.961,0.48603877111222116,0.0255
bank_full,fresh4,TalkyG_Diffset,0.0019630178496383,588.84,339.5115013766071,132.9526,172.84188096542073,0.6844
bank_full,fresh4,Talky_G,0.0019630178496383,500.46,280.6436246485596,127.8616,274.31405143054474,0.7463
car,fresh4,Apriori_Gen_Borgelt,0.1861979166666666,2.95,21.221968095326222,0.006,10.716988322811329,0.1027
car,fresh4,Eclat_Gen_Borgelt,0.1861979166666666,3.29,32.88379639831558,0.0072,1.737871443639548,0.0743
car,fresh4,DefMe,0.1861979166666666,76.54,238.94370825630998,0.2343,77.86916385884476,0.2793
car,fresh4,FPgrowth_Gen_Borgelt,0.1861979166666666,3.2,47.056281050446245,0.0099,1.7831144505189254,0.1046
car,fresh4,Gr_growth,0.1861979166666666,13.76,16.25394554291818,0.0058,1.562507256143856,0.0999
car,fresh4,Pascal,0.1861979166666666,78.08,166.21036208556794,0.2277,650.9084918048709,0.9832
car,fresh4,TalkyG_Diffset,0.1861979166666666,77.76,263.19252769154923,0.2646,98.71228848475693,0.3079
car,fresh4,Talky_G,0.1861979166666666,77.62,281.23167799848113,0.2407,112.2931476901832,0.3144
car,fresh4,Zart,0.1861979166666666,79.55,304.765868653381,0.2371,950.4489234114632,44.1872
car,fresh4,FGC_Stream,0.1861979166666666,5.02,57.5963339394676,0.3397,449.86339189318045,23.4236
car,fresh4,Apriori_Gen_Borgelt,0.0831886574074074,3.01,22.25073416905581,0.0064,10.723296156487374,0.1027
car,fresh4,DefMe,0.0831886574074074,77.19,319.2732962366524,0.1889,92.8780216737257,0.2807
car,fresh4,Eclat_Gen_Borgelt,0.0831886574074074,3.45,36.94361629223515,0.0062,1.7364515981850024,0.0743
car,fresh4,FPgrowth_Gen_Borgelt,0.0831886574074074,3.34,51.97876148031388,0.0062,1.7856102725427352,0.1086
car,fresh4,Gr_growth,0.0831886574074074,13.61,17.199501727012965,0.0061,1.5589894301517924,0.0999
car,fresh4,Pascal,0.0831886574074074,89.55,193.9542181843348,0.2132,746.2606120233773,3.0817
car,fresh4,TalkyG_Diffset,0.0831886574074074,78.5,285.12710889056507,0.1953,106.5545354454712,0.3115
car,fresh4,Talky_G,0.0831886574074074,77.14,299.24478673873307,0.1987,112.29478351637368,0.3144
car,fresh4,Zart,0.0831886574074074,85.31,317.9225694994327,0.2773,1024.0932798746192,87.3878
car,fresh4,FGC_Stream,0.0831886574074074,5.5,62.42524298151697,0.4957,501.916267924241,134.1415
car,fresh4,Apriori_Gen_Borgelt,0.0264756944444444,3.2,22.860653674406063,0.0064,10.725134949344516,0.1273
car,fresh4,DefMe,0.0264756944444444,79.35,360.7208160633795,0.1857,93.10989815978824,0.3581
car,fresh4,Eclat_Gen_Borgelt,0.0264756944444444,3.8,37.336628151467636,0.0098,1.6700303462008754,0.075
car,fresh4,FPgrowth_Gen_Borgelt,0.0264756944444444,3.99,49.368976454075664,0.0061,1.7865026900030525,0.1091
car,fresh4,Gr_growth,0.0264756944444444,13.76,17.761791556107273,0.0089,1.499526824596237,0.1065
car,fresh4,Pascal,0.0264756944444444,83.95,196.99155847941336,0.2525,799.641879851462,19.602
car,fresh4,TalkyG_Diffset,0.0264756944444444,79.25,309.6962246367705,0.2156,104.47001584189978,0.3134
car,fresh4,Talky_G,0.0264756944444444,77.24,321.00487213336345,0.1973,122.57767973532974,0.3147
car,fresh4,Zart,0.0264756944444444,121.18,347.39196131262213,0.4028,1052.9735814615242,98.4032
car,fresh4,FGC_Stream,0.0264756944444444,6.11,62.35095442404952,0.845,513.3554444284077,134.1415
krk,fresh4,Apriori_Gen_Borgelt,0.0697087966923296,6.58,20.47022473409726,0.0137,6.393152471897874,0.1531
krk,fresh4,DefMe,0.0697087966923296,95.91,321.26416359378163,0.2247,114.51712851537503,0.6457
krk,fresh4,Eclat_Gen_Borgelt,0.0697087966923296,8.16,22.60735838293148,0.0168,1.7316117626359748,0.1569
krk,fresh4,FPgrowth_Gen_Borgelt,0.0697087966923296,6.98,35.84238400246442,0.0103,1.3179296424408926,0.1205
krk,fresh4,Gr_growth,0.0697087966923296,15.68,13.707600034265191,0.0155,1.015656138705249,0.1065
krk,fresh4,Pascal,0.0697087966923296,97.16,169.76390786324131,0.4272,889.7202521785065,19.602
krk,fresh4,TalkyG_Diffset,0.0697087966923296,97.14,265.5920768436729,0.2383,199.70170355595098,0.6844
krk,fresh4,Talky_G,0.0697087966923296,96.49,223.69600034220076,0.234,247.55651051181496,0.6972
krk,fresh4,Zart,0.0697087966923296,96.81,303.98634241201097,0.5459,1175.387434722254,98.4032
krk,fresh4,FGC_Stream,0.0697087966923296,25.29,73.54158878241388,70.3115,769.4534138547785,179.3822
krk,fresh4,Apriori_Gen_Borgelt,0.0409805389221556,6.55,20.715462288022398,0.0208,5.908736416342318,0.1531
krk,fresh4,DefMe,0.0409805389221556,97.64,343.6009692008381,0.2261,114.71741593318362,0.6457
krk,fresh4,Eclat_Gen_Borgelt,0.0409805389221556,8.32,22.933374814825434,0.0206,1.6662974753343878,0.1722
krk,fresh4,FPgrowth_Gen_Borgelt,0.0409805389221556,7.45,34.38660926465292,0.016,1.3224438271631147,0.1427
krk,fresh4,Gr_growth,0.0409805389221556,16.1,15.076674824860362,0.0139,1.0423771825544554,0.1065
krk,fresh4,Pascal,0.0409805389221556,94.41,174.2955473679995,0.5047,891.2086991071861,20.6284
krk,fresh4,TalkyG_Diffset,0.0409805389221556,97.68,265.0856553630337,0.2507,197.61722744761767,0.6844
krk,fresh4,Talky_G,0.0409805389221556,98.68,224.89977741278062,0.2331,247.08982967312448,0.6972
krk,fresh4,Zart,0.0409805389221556,121.57,330.0924839406628,0.679,1178.5870624686827,98.4032
krk,fresh4,FGC_Stream,0.0409805389221556,24.71,73.52059886624151,106.585,782.3452518851358,201.3183
krk,fresh4,Apriori_Gen_Borgelt,0.0042326062161391,7.07,23.597266386242406,0.0226,5.9165869185248585,0.163
krk,fresh4,DefMe,0.0042326062161391,168.6,582.256693485229,0.2571,106.84486874149891,0.9844
krk,fresh4,Eclat_Gen_Borgelt,0.0042326062161391,10.8,29.00457798083095,0.0304,1.6613456392232766,0.1722
krk,fresh4,FPgrowth_Gen_Borgelt,0.0042326062161391,13.78,45.72335411862872,0.0262,1.3289245275904653,0.1437
krk,fresh4,Gr_growth,0.0042326062161391,16.41,22.203566147678824,0.0224,1.0689815974714827,0.1571
krk,fresh4,Pascal,0.0042326062161391,100.01,168.18321788430552,2.3198,1044.0494597254583,57.691
krk,fresh4,TalkyG_Diffset,0.0042326062161391,134.73,275.0597762778213,0.255,194.11819508511763,0.7822
krk,fresh4,Talky_G,0.0042326062161391,140.87,234.60265373637273,0.262,255.26087856098795,0.7825
krk,fresh4,Zart,0.0042326062161391,133.46,709.1800195485068,8.1115,1259.800170354,126.5752
krk,fresh4,FGC_Stream,0.0042326062161391,29.46,73.93154579824868,230.9086,823.0945315668818,218.4696
krk,fresh4,Apriori_Gen_Borgelt,0.0019514542343883,7.39,25.501420756327047,0.0343,5.944748900072478,0.1783
krk,fresh4,DefMe,0.0019514542343883,269.83,736.152922075595,0.3206,108.11360692975649,0.9878
krk,fresh4,Eclat_Gen_Borgelt,0.0019514542343883,15.09,37.519206774080594,0.0276,1.6641989237470862,0.1722
krk,fresh4,FPgrowth_Gen_Borgelt,0.0019514542343883,17.87,59.780889700702815,0.0248,1.342946500961539,0.1437
krk,fresh4,Gr_growth,0.0019514542343883,16.57,23.03169502632871,0.0334,1.0852122284238637,0.1572
krk,fresh4,Pascal,0.0019514542343883,102.55,178.099053455804,4.1152,1121.4742631161325,83.7692
krk,fresh4,TalkyG_Diffset,0.0019514542343883,201.76,277.26876055140144,0.2945,197.79787326011763,0.8067
krk,fresh4,Talky_G,0.0019514542343883,199.62,240.05711818254397,0.3032,258.9782185246784,0.8454
krk,fresh4,Zart,0.0019514542343883,162.46,947.0347163078292,23.3557,1351.583632126619,545.852
krk,fresh4,FGC_Stream,0.0019514542343883,37.49,74.69638988266911,266.7521,837.4917641960485,218.4696
letter,fresh4,Apriori_Gen_Borgelt,0.1434875,5.5,13.80667487416549,0.0172,6.288098747060211,0.1027
letter,fresh4,DefMe,0.1434875,104.68,200.45186420764202,0.2365,80.98490001735013,0.4789
letter,fresh4,Eclat_Gen_Borgelt,0.1434875,6.89,13.583256026861262,0.0162,1.0162048898476523,0.1071
letter,fresh4,FPgrowth_Gen_Borgelt,0.1434875,6.64,20.140422486023148,0.0148,0.8343646847689078,0.081
letter,fresh4,Gr_growth,0.1434875,15.32,13.203014210805529,0.0193,0.7354420520766,0.036
letter,fresh4,Pascal,0.1434875,99.17,130.19475470508038,0.4086,816.7848017569969,12.1523
letter,fresh4,TalkyG_Diffset,0.1434875,104.79,168.75962463428672,0.267,172.6591869574301,0.7181
letter,fresh4,Talky_G,0.1434875,105.61,149.43522685605404,0.2563,182.85277194885953,0.6972
letter,fresh4,Zart,0.1434875,196.2,296.9922686121612,0.4997,1372.666618150781,126.5752
letter,fresh4,FGC_Stream,0.1434875,36.73,64.43953365336381,42.8573,681.6846068908425,201.3183
letter,fresh4,Apriori_Gen_Borgelt,0.0615875,6.26,14.971013630914358,0.034,6.3058759534094175,0.141
letter,fresh4,DefMe,0.0615875,117.26,278.8408351040927,0.2547,120.83489324592156,0.5899
letter,fresh4,Eclat_Gen_Borgelt,0.0615875,8.61,15.842827078762715,0.0246,1.0196869471708847,0.1091
letter,fresh4,FPgrowth_Gen_Borgelt,0.0615875,11.14,23.189294087593442,0.0237,0.8365629609593839,0.0825
letter,fresh4,Gr_growth,0.0615875,19.69,13.63456555605028,0.0255,0.7338787929496158,0.0427
letter,fresh4,Pascal,0.0615875,100.65,178.16840179596943,1.8515,980.6539443238802,40.6292
letter,fresh4,TalkyG_Diffset,0.0615875,103.52,203.7568510281704,0.2693,175.7617839794539,0.8067
letter,fresh4,Talky_G,0.0615875,110.01,174.66620544798795,0.2728,194.05355960302614,0.6972
letter,fresh4,Zart,0.0615875,380.79,312.42388557173115,2.3774,1478.9619906089158,126.5752
letter,fresh4,FGC_Stream,0.0615875,36.91,68.09459762131686,171.4058,708.9722655435302,233.2462
letter,fresh4,Apriori_Gen_Borgelt,0.0253875,6.91,15.449565856032816,0.0495,5.823613486742751,0.141
letter,fresh4,DefMe,0.0253875,158.53,299.04710294881096,0.2724,125.36619258479243,0.6457
letter,fresh4,Eclat_Gen_Borgelt,0.0253875,10.3,16.246739007313053,0.0393,0.9539410154248531,0.1403
letter,fresh4,FPgrowth_Gen_Borgelt,0.0253875,17.39,23.50875557522105,0.046,0.8414671804038283,0.0983
letter,fresh4,Gr_growth,0.0253875,21.72,15.040766530633173,0.0515,0.7696165772750126,0.1065
letter,fresh4,Pascal,0.0253875,111.71,176.42319809329948,5.4453,1019.0503822606046,56.3277
letter,fresh4,TalkyG_Diffset,0.0253875,115.44,213.3037292942899,0.278,170.02942446278723,0.8067
letter,fresh4,Talky_G,0.0253875,113.94,181.69810649445046,0.331,193.6940942113595,0.7463
letter,fresh4,Zart,0.0253875,405.02,339.5276212203856,11.2793,1488.0350752208208,354.6493
letter,fresh4,FGC_Stream,0.0253875,38.93,68.25141291157865,334.3325,711.4543913469031,233.2462
letter,fresh4,Apriori_Gen_Borgelt,0.0082875,8.02,17.217839841287432,0.1022,5.82650575063164,0.1482
letter,fresh4,DefMe,0.0082875,383.31,387.1763483763321,0.4081,124.57097215046701,0.7757
letter,fresh4,Eclat_Gen_Borgelt,0.0082875,17.55,18.80266964673951,0.0972,0.9553954828851705,0.1403
letter,fresh4,FPgrowth_Gen_Borgelt,0.0082875,50.93,27.971359686931624,0.0918,0.848410878022876,0.1091
letter,fresh4,Gr_growth,0.0082875,22.82,17.761516249176715,0.0989,0.7847454144503373,0.1492
letter,fresh4,Pascal,0.0082875,124.96,173.33927898158984,32.6666,1142.5196968676391,83.7692
letter,fresh4,TalkyG_Diffset,0.0082875,383.57,218.31884244095227,0.4105,179.2505433433428,0.8799
letter,fresh4,Talky_G,0.0082875,364.48,186.25241216940827,0.4143,207.10128234151819,0.7825
letter,fresh4,Zart,0.0082875,555.38,612.7568326089414,129.4162,1533.2402108359543,550.0992
letter,fresh4,Apriori_Gen_Borgelt,0.0008375,85.64,24.10595821288447,1.8053,5.845904772060211,0.1783
letter,fresh4,DefMe,0.0008375,837.99,593.1084385346692,6.2694,123.44956392275724,1.1293
letter,fresh4,Eclat_Gen_Borgelt,0.0008375,116.78,34.05456151415462,1.0765,0.9581568690864691,0.1429
letter,fresh4,FPgrowth_Gen_Borgelt,0.0008375,171.55,49.8351599104134,0.8946,0.8745991336935941,0.1104
letter,fresh4,Gr_growth,0.0008375,77.04,20.552447744209307,1.1374,0.8076273261566865,0.1572
nursery,fresh4,Apriori_Gen_Borgelt,0.1666473765432098,4.97,19.841201872910336,0.0109,8.293149111539847,0.065
nursery,fresh4,DefMe,0.1666473765432098,91.24,230.03307125268793,0.2141,135.29664844425795,0.3504
nursery,fresh4,Eclat_Gen_Borgelt,0.1666473765432098,5.82,28.457664941724634,0.0074,1.546765185955565,0.0743
nursery,fresh4,FPgrowth_Gen_Borgelt,0.1666473765432098,4.61,39.36215886350788,0.0085,1.5260539260350763,0.1046
nursery,fresh4,Gr_growth,0.1666473765432098,14.38,10.955507513636716,0.0094,1.127451672940948,0.0999
nursery,fresh4,TalkyG_Diffset,0.1666473765432098,97.23,253.56486089987462,0.2384,87.07267057429515,0.3134
nursery,fresh4,Pascal,0.1666473765432098,94.36,166.66143858245843,0.3667,673.3654719061016,2.1117
nursery,fresh4,Talky_G,0.1666473765432098,94.16,276.80171535809376,0.2926,84.28586569451694,0.3147
nursery,fresh4,Zart,0.1666473765432098,98.67,304.93304088024803,0.3421,882.5097240075985,25.105
nursery,fresh4,FGC_Stream,0.1666473765432098,16.05,58.59767537969449,36.7312,472.67118068224966,34.6795
nursery,fresh4,Apriori_Gen_Borgelt,0.1110918209876543,5.03,20.75746745818835,0.0118,8.29656044124764,0.096
nursery,fresh4,DefMe,0.1110918209876543,92.36,268.8012356258066,0.2143,150.2967838400913,0.3504
nursery,fresh4,Eclat_Gen_Borgelt,0.1110918209876543,5.65,30.987210168412172,0.013,1.5468693526222315,0.0743
nursery,fresh4,FPgrowth_Gen_Borgelt,0.1110918209876543,4.95,41.326807304566664,0.0093,1.5270866772255522,0.1046
nursery,fresh4,Gr_growth,0.1110918209876543,14.38,11.150471375873403,0.0094,1.1275105562742813,0.0999
nursery,fresh4,Pascal,0.1110918209876543,99.59,191.55731891462958,0.348,717.5545004775303,2.4853
nursery,fresh4,TalkyG_Diffset,0.1110918209876543,94.5,264.640910086752,0.2445,87.07592855881896,0.3139
nursery,fresh4,Talky_G,0.1110918209876543,96.46,287.583947799714,0.2355,84.28708193618361,0.3147
nursery,fresh4,Zart,0.1110918209876543,120.75,305.40052402842474,0.4223,917.9485836006542,44.1872
nursery,fresh4,FGC_Stream,0.1110918209876543,15.96,62.24894126256947,48.015,483.41229366671934,34.6795
nursery,fresh4,Apriori_Gen_Borgelt,0.0499807098765432,4.9,21.154048093481112,0.0108,8.300620619620656,0.1027
nursery,fresh4,DefMe,0.0499807098765432,91.68,313.25771202691226,0.2149,150.3223257936627,0.4143
nursery,fresh4,Eclat_Gen_Borgelt,0.0499807098765432,6.14,31.88104248394582,0.0174,1.5456605214534003,0.0743
nursery,fresh4,FPgrowth_Gen_Borgelt,0.0499807098765432,6.31,43.367680347444654,0.0119,1.5292692480588854,0.1086
nursery,fresh4,Gr_growth,0.0499807098765432,14.54,11.487130758865867,0.0116,1.1276014443695197,0.0999
nursery,fresh4,Pascal,0.0499807098765432,95.2,194.8214493915529,0.5865,782.8333231680606,16.6443
nursery,fresh4,TalkyG_Diffset,0.0499807098765432,98.33,288.13573578764175,0.2429,94.9016513409618,0.3172
nursery,fresh4,Talky_G,0.0499807098765432,94.91,306.90439602008337,0.2357,84.29000815364392,0.3159
nursery,fresh4,Zart,0.0499807098765432,133.46,319.34661082441926,1.0791,927.0874109768445,44.2896
nursery,fresh4,FGC_Stream,0.0499807098765432,15.8,62.1445348415869,92.0876,499.24589488629005,134.1415
shoppers,fresh4,Apriori_Gen_Borgelt,0.7468572587185726,4.13,4.2938217473378835,0.0072,1.796364487813464,0.0134
shoppers,fresh4,DefMe,0.7468572587185726,96.76,111.3571907853541,0.2229,79.8791563866482,0.2431
shoppers,fresh4,Eclat_Gen_Borgelt,0.7468572587185726,4.43,5.4201100233000075,0.0072,0.24250988482824365,0.0156
shoppers,fresh4,FPgrowth_Gen_Borgelt,0.7468572587185726,4.09,5.723222967585286,0.0112,0.29078893304987496,0.0108
shoppers,fresh4,Gr_growth,0.7468572587185726,13.78,13.920635153185293,0.0139,0.11929004015412692,0.0117
shoppers,fresh4,Pascal,0.7468572587185726,100.48,107.92597244233464,0.2261,333.64742924809076,0.4246
shoppers,fresh4,TalkyG_Diffset,0.7468572587185726,97.91,102.45842210507554,0.2482,76.71023428938838,0.323
shoppers,fresh4,Talky_G,0.7468572587185726,96.03,102.8420942642823,0.238,59.75389405665561,0.3053
shoppers,fresh4,Zart,0.7468572587185726,97.32,129.49446282088408,0.2412,696.6069569566039,1.2506
shoppers,fresh4,FGC_Stream,0.7468572587185726,26.04,23.482761797817105,12.3058,161.28304136249864,8.3822
shoppers,fresh4,Apriori_Gen_Borgelt,0.2178223844282238,3.97,5.100303556398136,0.0219,4.082008631229771,0.0356
shoppers,fresh4,DefMe,0.2178223844282238,115.67,148.39782978912714,0.2292,128.79190901375864,0.2757
shoppers,fresh4,Eclat_Gen_Borgelt,0.2178223844282238,6.09,10.117627380533513,0.0116,1.059592670704867,0.0215
shoppers,fresh4,FPgrowth_Gen_Borgelt,0.2178223844282238,5.94,11.02916805742518,0.0099,0.6413133268477438,0.0131
shoppers,fresh4,Gr_growth,0.2178223844282238,13.88,17.642800186398205,0.0131,0.24094548193595622,0.0147
shoppers,fresh4,Pascal,0.2178223844282238,96.95,120.22579323339941,0.7502,658.9698858618239,1.3842
shoppers,fresh4,TalkyG_Diffset,0.2178223844282238,96.31,113.04465528700855,0.2676,132.92709467742952,0.323
shoppers,fresh4,Talky_G,0.2178223844282238,96.26,114.05158745560894,0.2461,121.92036232484216,0.3053
shoppers,fresh4,Zart,0.2178223844282238,231.39,296.8104173540122,2.269,1325.7744266413804,98.4032
shoppers,fresh4,Apriori_Gen_Borgelt,0.0338807785888077,7.77,6.879685952450697,0.3595,4.104586624483739,0.1027
shoppers,fresh4,DefMe,0.0338807785888077,499.71,304.80879140640394,0.5204,180.36504429008642,0.3504
shoppers,fresh4,Eclat_Gen_Borgelt,0.0338807785888077,20.96,17.054356725603686,0.0954,1.0320609629667719,0.0238
shoppers,fresh4,FPgrowth_Gen_Borgelt,0.0338807785888077,26.93,18.17300355424809,0.0505,0.6453606252604422,0.0144
shoppers,fresh4,Gr_growth,0.0338807785888077,19.52,19.321199847784317,0.0801,0.26772606170757346,0.0168
shoppers,fresh4,TalkyG_Diffset,0.0338807785888077,238.23,162.70396417214826,0.4746,135.35266264429458,0.323
shoppers,fresh4,Talky_G,0.0338807785888077,249.34,151.89224614720052,0.4504,152.94174351928658,0.3118
shoppers,fresh4,Pascal,0.0338807785888077,135.62,194.83264102980377,22.2531,940.3839536001898,20.6284
shoppers,fresh4,Zart,0.0338807785888077,476.2,341.98993234792164,583.2783,1635.7688956783463,354.6493
shoppers,fresh4,Apriori_Gen_Borgelt,0.002250608272506,131.55,8.20347825180403,4.8203,4.110115186388501,0.1027
shoppers,fresh4,DefMe,0.002250608272506,742.77,408.4418115178595,12.6091,180.42771015361456,0.4247
shoppers,fresh4,Eclat_Gen_Borgelt,0.002250608272506,315.32,25.020744997974884,2.243,1.0352004244747084,0.0307
shoppers,fresh4,FPgrowth_Gen_Borgelt,0.002250608272506,326.27,29.751611652101943,1.7049,0.6534547719179513,0.0144
shoppers,fresh4,Gr_growth,0.002250608272506,171.72,22.63621484607935,2.1615,0.297639531503219,0.0168
shuttle,fresh4,Apriori_Gen_Borgelt,0.2299942528735632,5.83,22.474295247518178,0.0145,9.012169939149484,0.1783
shuttle,fresh4,DefMe,0.2299942528735632,96.18,301.9565877207233,0.2464,149.11572796668128,0.686
shuttle,fresh4,Eclat_Gen_Borgelt,0.2299942528735632,5.96,23.53087266291887,0.0185,1.9369814378288384,0.1932
shuttle,fresh4,FPgrowth_Gen_Borgelt,0.2299942528735632,5.94,34.5864229598168,0.0157,1.5697153826728831,0.1502
shuttle,fresh4,Gr_growth,0.2299942528735632,13.61,16.2687722383677,0.0137,1.406988231482406,0.1065
shuttle,fresh4,Pascal,0.2299942528735632,102.67,137.48791499103987,0.2824,646.6517526849542,2.4853
shuttle,fresh4,TalkyG_Diffset,0.2299942528735632,100.3,332.1720490298482,0.292,207.6769652136891,0.6844
shuttle,fresh4,Talky_G,0.2299942528735632,103.6,263.34173269066446,0.2655,203.03028040876518,0.6806
shuttle,fresh4,Zart,0.2299942528735632,128.92,306.29149733348686,0.3182,1023.5059824185798,90.7496
shuttle,fresh4,FGC_Stream,0.2299942528735632,50.1,67.67134946330313,154.6731,838.4330700727995,134.1415
shuttle,fresh4,Apriori_Gen_Borgelt,0.1327068965517241,6.13,22.93564874354476,0.0196,9.015059284982815,0.1783
shuttle,fresh4,DefMe,0.1327068965517241,105.75,318.2887790090998,0.2528,164.11793743096695,0.7731
shuttle,fresh4,Eclat_Gen_Borgelt,0.1327068965517241,6.98,26.86456203711149,0.018,1.9057761330669334,0.1932
shuttle,fresh4,FPgrowth_Gen_Borgelt,0.1327068965517241,6.91,38.83012382381546,0.0163,1.5697405326728828,0.1502
shuttle,fresh4,Gr_growth,0.1327068965517241,14.07,16.57672092312162,0.0241,1.4059224537046282,0.1065
shuttle,fresh4,Pascal,0.1327068965517241,104.47,154.43521545263283,0.6805,718.6503406248352,16.6443
shuttle,fresh4,TalkyG_Diffset,0.1327068965517241,101.61,338.862533003757,0.2817,207.6769652136891,0.6844
shuttle,fresh4,Talky_G,0.1327068965517241,101.02,270.0987327076716,0.2584,203.03129235320964,0.6806
shuttle,fresh4,Zart,0.1327068965517241,148.12,321.90307466765563,0.8677,1132.2998580555457,98.4032
shuttle,fresh4,Apriori_Gen_Borgelt,0.0043160919540229,6.3,27.429762707309276,0.0366,8.546847183593925,0.208
shuttle,fresh4,DefMe,0.0043160919540229,493.91,608.9767069652489,0.5131,167.70557625952588,0.9844
shuttle,fresh4,Eclat_Gen_Borgelt,0.0043160919540229,14.62,36.16598667563249,0.0341,1.8337725850330224,0.223
shuttle,fresh4,FPgrowth_Gen_Borgelt,0.0043160919540229,15.71,49.97534306281029,0.0366,1.5780833956002336,0.1523
shuttle,fresh4,Gr_growth,0.0043160919540229,15.0,20.526650528778095,0.0324,1.3712789287407037,0.1445
shuttle,fresh4,Pascal,0.0043160919540229,117.03,176.05420651939798,16.6497,879.2171870220393,54.9236
shuttle,fresh4,TalkyG_Diffset,0.0043160919540229,392.16,369.7344100019043,0.4336,202.19438909781607,0.7181
shuttle,fresh4,Talky_G,0.0043160919540229,252.76,297.23277311642886,0.3948,232.16227363454357,0.7825
shuttle,fresh4,Zart,0.0043160919540229,398.43,716.9674413325413,137.2946,1219.6702507755854,126.5752
tictactoe,fresh4,Apriori_Gen_Borgelt,0.2346033402922756,2.67,22.684302515277444,0.0074,10.485022548081888,0.1027
tictactoe,fresh4,Eclat_Gen_Borgelt,0.2346033402922756,3.0,31.6078084559631,0.0064,1.6591251767744686,0.0743
tictactoe,fresh4,DefMe,0.2346033402922756,73.73,286.41861604108976,0.2926,66.21358680411338,0.2807
tictactoe,fresh4,FPgrowth_Gen_Borgelt,0.2346033402922756,3.2,46.68673636999015,0.0059,1.5900660623779,0.1046
tictactoe,fresh4,Gr_growth,0.2346033402922756,13.92,16.547191200276597,0.0082,1.5045130450632702,0.0999
tictactoe,fresh4,Pascal,0.2346033402922756,78.55,173.14399019783278,0.2894,738.8826347705452,1.3842
tictactoe,fresh4,TalkyG_Diffset,0.2346033402922756,79.54,283.4523916736383,0.2682,100.6486415672966,0.3079
tictactoe,fresh4,Talky_G,0.2346033402922756,76.44,295.38652529919153,0.2337,129.86468209315942,0.3144
tictactoe,fresh4,Zart,0.2346033402922756,75.28,309.6909046026698,0.215,1031.7123751624551,44.2896
tictactoe,fresh4,FGC_Stream,0.2346033402922756,4.85,59.251612777643665,0.2224,483.05610202620846,23.4236
tictactoe,fresh4,Apriori_Gen_Borgelt,0.1584029227557411,3.0,22.756525252900122,0.0063,10.485958064748555,0.1027
tictactoe,fresh4,DefMe,0.1584029227557411,74.7,296.9967979689935,0.1909,66.21636175924158,0.3177
tictactoe,fresh4,Eclat_Gen_Borgelt,0.1584029227557411,3.14,33.65391312916818,0.0063,1.6593735101078015,0.0743
tictactoe,fresh4,FPgrowth_Gen_Borgelt,0.1584029227557411,3.34,49.848587890558676,0.0062,1.5901248790445668,0.1046
tictactoe,fresh4,Gr_growth,0.1584029227557411,13.75,17.162895467298803,0.0087,1.5049852408966036,0.0999
tictactoe,fresh4,Pascal,0.1584029227557411,77.34,176.6020019322687,0.2008,759.4140684431644,2.1117
tictactoe,fresh4,TalkyG_Diffset,0.1584029227557411,76.82,287.620195948025,0.2158,100.6487841172966,0.3079
tictactoe,fresh4,Talky_G,0.1584029227557411,76.0,297.24486514901673,0.1902,129.86530393760387,0.3144
tictactoe,fresh4,Zart,0.1584029227557411,85.82,315.4208264676936,0.2295,1069.4780083438652,44.2896
tictactoe,fresh4,FGC_Stream,0.1584029227557411,5.02,60.850965952374274,0.3507,528.3674803676586,69.8936
tictactoe,fresh4,Apriori_Gen_Borgelt,0.0581941544885177,3.05,24.201325452774665,0.0062,10.49327008056746,0.1027
tictactoe,fresh4,DefMe,0.0581941544885177,75.84,383.34820412878497,0.2131,81.24054614495586,0.3504
tictactoe,fresh4,Eclat_Gen_Borgelt,0.0581941544885177,4.34,37.87578228244861,0.0095,1.6582688456056371,0.0743
tictactoe,fresh4,FPgrowth_Gen_Borgelt,0.0581941544885177,4.75,53.91400284676776,0.0069,1.593340201068376,0.1086
tictactoe,fresh4,Gr_growth,0.0581941544885177,13.91,17.690484274399633,0.0096,1.5030303385156514,0.1029
tictactoe,fresh4,Pascal,0.0581941544885177,87.46,200.73783745098493,0.2846,853.9753148711949,19.602
tictactoe,fresh4,TalkyG_Diffset,0.0581941544885177,77.2,323.8716351609731,0.2059,108.49100350301087,0.3134
tictactoe,fresh4,Talky_G,0.0581941544885177,74.01,325.22037449326115,0.1959,129.86940723006418,0.3144
tictactoe,fresh4,Zart,0.0581941544885177,99.91,327.1378083604595,0.4031,1108.1455965988255,98.4032
tictactoe,fresh4,FGC_Stream,0.0581941544885177,6.04,63.823162938722575,0.8623,556.9618637775072,134.1415
yearmsd,fresh4,Apriori_Gen_Borgelt,0.1262256352540531,398.04,67.9002328858287,3.296,21.73298250359362,0.4831
yearmsd,fresh4,DefMe,0.1262256352540531,3028.25,621.5883407167732,3.5056,306.1641638728383,0.9844
yearmsd,fresh4,Eclat_Gen_Borgelt,0.1262256352540531,760.3,136.25185522107475,8.2303,1.2515781171005056,0.1188
yearmsd,fresh4,FPgrowth_Gen_Borgelt,0.1262256352540531,1892.57,83.90222614978356,18.9117,1.1927897532677851,0.1523
yearmsd,fresh4,Gr_growth,0.1262256352540531,1679.69,32.001754345267166,22.5402,1.2247161623570872,0.1446
yearmsd,fresh4,TalkyG_Diffset,0.1262256352540531,2770.58,297.96185425275854,5.9251,356.7988972701298,0.6369
yearmsd,fresh4,Talky_G,0.1262256352540531,2791.28,273.36934557262987,5.905,407.07728287503187,0.6077
yearmsd,fresh4,Apriori_Gen_Borgelt,0.1006854631363455,397.96,67.9002328858287,3.5751,21.73298250359362,0.4831
yearmsd,fresh4,DefMe,0.1006854631363455,3039.48,622.0741881551388,3.7691,306.16504131033827,0.9871
yearmsd,fresh4,Eclat_Gen_Borgelt,0.1006854631363455,760.69,136.25185522107475,8.862,1.2515781171005056,0.1188
yearmsd,fresh4,FPgrowth_Gen_Borgelt,0.1006854631363455,1892.55,83.90440312829632,19.9382,1.1930708366011185,0.1523
yearmsd,fresh4,Gr_growth,0.1006854631363455,1679.54,32.191399550141995,23.3846,1.2254485873570875,0.1446
yearmsd,fresh4,TalkyG_Diffset,0.1006854631363455,2805.62,300.75860441108273,5.924,374.6860763201298,0.6369
yearmsd,fresh4,Talky_G,0.1006854631363455,2819.09,275.73379352582134,5.9119,407.07728287503187,0.6077
yearmsd,fresh4,Apriori_Gen_Borgelt,0.0707792837807682,398.45,67.9002328858287,6.4557,21.73483110776029,0.4831
yearmsd,fresh4,DefMe,0.0707792837807682,3033.79,625.878355347014,5.8793,321.0107749662906,0.9871
yearmsd,fresh4,Eclat_Gen_Borgelt,0.0707792837807682,771.41,135.29526991331252,11.7062,1.2501989335507222,0.1188
yearmsd,fresh4,FPgrowth_Gen_Borgelt,0.0707792837807682,1993.01,81.88962849698926,24.9319,1.1940676824344516,0.1523
yearmsd,fresh4,Gr_growth,0.0707792837807682,1695.78,32.61313710844874,29.2883,1.2226817266428016,0.1446
yearmsd,fresh4,TalkyG_Diffset,0.0707792837807682,3011.56,301.6284966814447,6.0979,374.68710283143935,0.6369
yearmsd,fresh4,Talky_G,0.0707792837807682,3010.85,276.69693125514544,6.0943,407.07731905955563,0.6077
yearmsd,fresh4,Apriori_Gen_Borgelt,0.0552654047288709,399.07,67.9002328858287,22.1937,21.73493506609362,0.4831
yearmsd,fresh4,DefMe,0.0552654047288709,3056.11,626.5219321411811,14.29,321.0155301329573,0.9871
yearmsd,fresh4,Eclat_Gen_Borgelt,0.0552654047288709,792.62,135.38747436180478,18.6161,1.250611957955484,0.1188
yearmsd,fresh4,FPgrowth_Gen_Borgelt,0.0552654047288709,3807.36,82.85861072882741,39.9628,1.1945545199344518,0.1523
yearmsd,fresh4,Gr_growth,0.0552654047288709,1771.57,32.872200909188706,49.2876,1.2249190016428018,0.1446
yearmsd,fresh4,TalkyG_Diffset,0.0552654047288709,3046.89,303.23795965986096,7.0946,374.68718403977266,0.6369
yearmsd,fresh4,Talky_G,0.0552654047288709,3097.61,277.6033255342898,7.0846,407.0775248008255,0.6077
yearmsd,fresh4,DefMe,0.0457785561128952,3070.39,627.6348255523833,37.8887,325.5004911329572,0.9871
yearmsd,fresh4,Apriori_Gen_Borgelt,0.0457785561128952,403.64,67.9002328858287,97.2315,21.73510406609362,0.4831
yearmsd,fresh4,Eclat_Gen_Borgelt,0.0457785561128952,809.3,135.38747436180478,38.5119,1.250611957955484,0.1188
yearmsd,fresh4,Gr_growth,0.0457785561128952,1869.86,38.7196194562853,125.2405,1.2433675016428014,0.1446
yearmsd,fresh4,TalkyG_Diffset,0.0457785561128952,3016.31,303.23795965986096,12.9875,374.68718403977266,0.6369
yearmsd,fresh4,Talky_G,0.0457785561128952,3038.34,277.6033255342898,12.7164,407.08193512582545,0.6143
