dataset,source,algorithm,sigma,true_mem,pred_mem,true_rt,pred_rt,pred_rt_median
accidents,summary,FPgrowth_Gen_Borgelt,0.3,101.22,26.788134934008056,0.593,1.1448748305919596,0.1452
accidents,summary,FPgrowth_Gen_Borgelt,0.4,87.92,22.972189983142435,0.4903,1.1441354413062452,0.1452
accidents,summary,FPgrowth_Gen_Borgelt,0.5,73.08,17.164142168562382,0.4175,1.0818421371395786,0.1118
accidents,summary,FPgrowth_Gen_Borgelt,0.6,65.38,15.578000063669124,0.3781,1.0030700314036478,0.1041
accidents,summary,FPgrowth_Gen_Borgelt,0.7,61.46,12.303114401376442,0.3313,0.8241881957309871,0.0825
accidents,summary,FPgrowth_Gen_Borgelt,0.8,61.38,10.212984998594584,0.2994,0.7418579248726787,0.0801
accidents,summary,DefMe,0.3,1034.79,585.3703661384945,6.6613,927.9226786659476,4.9336
accidents,summary,DefMe,0.4,1056.2,585.1348427506553,1.9654,844.6600067484874,3.4386
accidents,summary,DefMe,0.5,909.47,571.8558324642422,1.0604,762.2708393120695,2.1924
accidents,summary,DefMe,0.6,879.69,518.5886220459977,0.8599,714.2623137840932,1.9531
accidents,summary,DefMe,0.7,758.89,472.8946691878034,0.7956,595.1090521227834,1.5365
accidents,summary,DefMe,0.8,683.68,428.5613019238326,0.7786,501.0069937481801,0.8963
accidents,summary,Talky_G,0.3,848.32,423.11171520405765,2.18,1217.3894858987458,36.2326
accidents,summary,Talky_G,0.4,846.63,421.4639229476225,1.3443,1069.095985920571,5.7824
accidents,summary,Talky_G,0.5,813.12,402.62777438123305,1.1971,907.9417436283093,2.2952
accidents,summary,Talky_G,0.6,791.38,348.9944765281789,1.1451,713.6826084910075,2.0549
accidents,summary,Talky_G,0.7,773.59,317.08583894685313,1.1149,655.6944205455712,1.5897
accidents,summary,Talky_G,0.8,715.07,293.17388241328246,1.1148,562.7346809193805,0.877
accidents,summary,Pascal,0.3,465.76,454.58351969957687,2867.3672,2256.1206205934027,3600.0
accidents,summary,Pascal,0.4,425.86,454.4514076360589,701.2038,2188.924404899842,3600.0
accidents,summary,Pascal,0.5,408.96,454.37241913148745,138.517,2031.4642952809024,3600.0
accidents,summary,Pascal,0.6,409.96,455.80327983597874,47.193,1903.9958458059025,3600.0
accidents,summary,Pascal,0.7,409.09,450.8779620345816,11.4804,1505.1782317902896,83.7692
accidents,summary,Pascal,0.8,410.24,450.2000134556487,3.5074,1031.0924362847338,16.4821
accidents,summary,Zart,0.4,864.61,693.70730617654,908.8655,2366.1037006839033,3600.0
accidents,summary,Zart,0.5,832.92,690.0670204389659,212.8178,2312.20336007299,3600.0
accidents,summary,Zart,0.6,814.38,692.3826291192171,45.8235,2218.055779190253,3600.0
accidents,summary,Zart,0.7,828.85,681.6676022847175,7.8675,2054.4895733251738,3600.0
accidents,summary,Zart,0.8,799.09,681.8016185486351,2.0683,1616.1828502112849,354.6493
accidents,summary,TalkyG_Diffset,0.3,974.49,477.53483494869147,3.1233,1144.0378764438092,39.8986
accidents,summary,TalkyG_Diffset,0.4,846.75,472.7767366711793,1.5555,1053.0483036920234,6.6818
accidents,summary,TalkyG_Diffset,0.5,808.49,459.1453583237256,1.2459,927.7823876323012,2.0118
accidents,summary,TalkyG_Diffset,0.6,771.27,402.4708753695862,1.1479,827.3339600061103,1.8575
accidents,summary,TalkyG_Diffset,0.7,712.12,367.8547321121484,1.1223,699.1575056887766,1.7948
accidents,summary,TalkyG_Diffset,0.8,694.46,339.0513017388103,1.0921,566.5968730695306,0.7851
accidents,summary,Apriori_Gen_Borgelt,0.3,63.36,39.164408623747214,32.0856,18.7630132515207,0.5342
accidents,summary,Apriori_Gen_Borgelt,0.4,61.95,37.04846545107612,8.26,17.345682432473083,0.5342
accidents,summary,Apriori_Gen_Borgelt,0.5,61.27,35.04045765128868,1.3671,13.95437814080642,0.5174
accidents,summary,Apriori_Gen_Borgelt,0.6,61.43,34.32581308623675,0.4831,11.784216425696528,0.484
accidents,summary,Apriori_Gen_Borgelt,0.7,61.22,28.39732134798053,0.3345,8.944152525742311,0.3985
accidents,summary,Apriori_Gen_Borgelt,0.8,61.28,27.48786516345856,0.3086,7.203840635031634,0.1226
accidents,summary,Eclat_Gen_Borgelt,0.3,119.01,30.816368702553603,0.9889,1.1798706559948222,0.15
accidents,summary,Eclat_Gen_Borgelt,0.4,110.16,26.535841377966165,0.7314,1.159000474717766,0.15
accidents,summary,Eclat_Gen_Borgelt,0.5,82.89,20.331609558613057,0.4974,0.8652523009082422,0.1403
accidents,summary,Eclat_Gen_Borgelt,0.6,69.04,19.279553460800383,0.4086,0.825823075313004,0.1222
accidents,summary,Eclat_Gen_Borgelt,0.7,61.64,15.26020195544848,0.3524,0.6574892401939564,0.093
accidents,summary,Eclat_Gen_Borgelt,0.8,61.41,11.797114633702389,0.3181,0.45079048344792466,0.0852
accidents,summary,Gr_growth,0.3,40.92,52.66665963781344,0.503,1.0115021269938396,0.1445
accidents,summary,Gr_growth,0.4,31.11,38.9827667146609,0.3499,0.9046293017773893,0.1065
accidents,summary,Gr_growth,0.5,18.89,26.776280115143848,0.2394,0.750806484804085,0.0788
accidents,summary,Gr_growth,0.6,15.3,26.018778005232697,0.2226,0.7475613676795427,0.0788
accidents,summary,Gr_growth,0.7,13.73,17.357982444253164,0.192,0.5517243786102788,0.0564
accidents,summary,Gr_growth,0.8,13.58,15.014958534007008,0.1769,0.38794446805833055,0.0344
adult,fresh4,Apriori_Gen_Borgelt,0.6756165351187002,5.81,5.193186207869686,0.0157,0.6586199809394553,0.047
adult,fresh4,DefMe,0.6756165351187002,105.68,259.40793279390647,0.2474,55.43505375803156,0.4247
adult,fresh4,Eclat_Gen_Borgelt,0.6756165351187002,6.09,5.5186001506517535,0.0137,0.25508670851982984,0.0307
adult,fresh4,FPgrowth_Gen_Borgelt,0.6756165351187002,6.11,5.8553997966800955,0.013,0.1851722653753926,0.0218
adult,fresh4,Gr_growth,0.6756165351187002,13.6,13.248135046441465,0.0136,0.2628218846646817,0.0174
adult,fresh4,Pascal,0.6756165351187002,106.55,122.1319055590771,0.2481,485.7676410854882,1.3842
adult,fresh4,TalkyG_Diffset,0.6756165351187002,107.01,329.3671295500842,0.2713,54.14695370819597,0.6031
adult,fresh4,Talky_G,0.6756165351187002,108.06,331.980615256933,0.2712,59.774902249805756,0.6806
adult,fresh4,Zart,0.6756165351187002,119.23,173.2676997212275,0.2918,949.2764214912784,2.2742
adult,fresh4,FGC_Stream,0.6756165351187002,54.32,35.59168245387461,37.085,684.8976257828283,8.3822
adult,fresh4,Apriori_Gen_Borgelt,0.1999861797856331,6.11,5.712804746727825,0.0237,0.781596666550821,0.096
adult,fresh4,DefMe,0.1999861797856331,115.52,309.3293684316399,0.2487,93.7023462868375,0.4247
adult,fresh4,Eclat_Gen_Borgelt,0.1999861797856331,7.45,8.704474855199372,0.0203,0.3172299430436394,0.0358
adult,fresh4,FPgrowth_Gen_Borgelt,0.1999861797856331,7.2,9.228227024359363,0.0165,0.29186659891823863,0.0218
adult,fresh4,Gr_growth,0.1999861797856331,13.89,13.832368325991006,0.0173,0.30663942108104314,0.0255
adult,fresh4,Pascal,0.1999861797856331,109.09,131.23968916917386,0.5482,695.3229895214972,3.5074
adult,fresh4,TalkyG_Diffset,0.1999861797856331,111.58,393.4522919892548,0.2704,78.42115519540738,0.6844
adult,fresh4,Talky_G,0.1999861797856331,110.76,373.52060979930377,0.2645,101.250335366874,0.6806
adult,fresh4,Zart,0.1999861797856331,390.46,311.8590829366172,1.9252,1504.34698428722,354.6493
adult,fresh4,Apriori_Gen_Borgelt,0.0176821964927367,8.54,7.904974176466448,0.1782,0.8073466901619322,0.1226
adult,fresh4,DefMe,0.0176821964927367,513.92,471.24710428443507,0.5011,183.93992558006093,0.5899
adult,fresh4,Eclat_Gen_Borgelt,0.0176821964927367,19.35,13.663516337225474,0.0594,0.29428081348014734,0.0358
adult,fresh4,FPgrowth_Gen_Borgelt,0.0176821964927367,21.27,15.847754929634403,0.0464,0.3402042292753815,0.0252
adult,fresh4,Gr_growth,0.0176821964927367,17.34,14.83016683557873,0.0569,0.33715340405362615,0.0344
adult,fresh4,Pascal,0.0176821964927367,124.13,186.21314422856935,12.5958,1010.0136828168617,56.3277
adult,fresh4,TalkyG_Diffset,0.0176821964927367,210.58,443.13225158779056,0.3537,90.718683701955,0.6844
adult,fresh4,Talky_G,0.0176821964927367,209.29,413.98526751516573,0.3468,128.69009800576288,0.6972
adult,fresh4,Zart,0.0176821964927367,442.4,423.7073783120212,318.737,1747.4596971771011,608.0888
adult,fresh4,Apriori_Gen_Borgelt,0.0004837075028408,47.07,12.052067403141704,0.9702,0.8475378255876176,0.1611
adult,fresh4,DefMe,0.0004837075028408,770.56,724.9913561309273,12.5822,210.18397876199424,1.4279
adult,fresh4,Eclat_Gen_Borgelt,0.0004837075028408,112.73,26.139538350223965,0.6672,0.30518865594046485,0.0366
adult,fresh4,FPgrowth_Gen_Borgelt,0.0004837075028408,119.96,29.370593691117346,0.5195,0.3183761333102355,0.0569
adult,fresh4,Gr_growth,0.0004837075028408,55.79,18.793761746699253,0.6034,0.36010768079371613,0.0688
adult,fresh4,TalkyG_Diffset,0.0004837075028408,470.96,598.8448007512266,191.0628,121.97172904786049,1.0926
adult,fresh4,Talky_G,0.0004837075028408,473.51,565.8498118506494,188.509,158.82344446092438,1.0922
anneal,fresh5,Apriori_Gen_Borgelt,0.731347438752784,3.13,4.485964017581129,0.0067,1.415113366583305,0.0208
anneal,fresh5,Eclat_Gen_Borgelt,0.731347438752784,3.01,5.534702118803386,0.006,0.457965558628055,0.0124
anneal,fresh5,DefMe,0.731347438752784,71.32,118.34637419241172,0.2065,23.736032436034925,0.2208
anneal,fresh5,FPgrowth_Gen_Borgelt,0.731347438752784,3.19,5.960821120892885,0.0064,0.34726235205725653,0.0118
anneal,fresh5,Gr_growth,0.731347438752784,13.76,13.948878452525063,0.007,0.31747062477089905,0.0117
anneal,fresh5,Pascal,0.731347438752784,72.05,108.03214555029358,0.2561,164.38096826237097,0.3183
anneal,fresh5,TalkyG_Diffset,0.731347438752784,75.68,129.27129665362204,0.2066,49.14055354614275,0.2424
anneal,fresh5,Talky_G,0.731347438752784,74.67,129.05267515161734,0.2753,60.24085141217672,0.2402
anneal,fresh5,Zart,0.731347438752784,75.88,137.1566427637344,0.2173,446.26704131647597,1.046
anneal,fresh5,FGC_Stream,0.731347438752784,5.17,24.42633676452338,0.0638,132.4470054335304,8.3822
anneal,fresh5,Apriori_Gen_Borgelt,0.2213251670378619,3.04,5.832409513578379,0.006,1.4839263850049162,0.0356
anneal,fresh5,DefMe,0.2213251670378619,78.59,158.60749661453943,0.1862,31.80781063904719,0.2642
anneal,fresh5,Eclat_Gen_Borgelt,0.2213251670378619,3.63,10.436615096374782,0.0062,0.9499794812471024,0.0215
anneal,fresh5,FPgrowth_Gen_Borgelt,0.2213251670378619,3.52,10.784134186120166,0.0058,0.5848422633959179,0.0144
anneal,fresh5,Gr_growth,0.2213251670378619,13.75,21.436903773029854,0.0097,0.37987179079515254,0.0147
anneal,fresh5,Pascal,0.2213251670378619,80.05,120.61912423920832,0.2562,440.5246000668327,0.9832
anneal,fresh5,TalkyG_Diffset,0.2213251670378619,80.18,152.36616692724306,0.2223,75.06258990909369,0.3009
anneal,fresh5,Talky_G,0.2213251670378619,74.32,156.53740204933712,0.2199,84.6300227901987,0.2526
anneal,fresh5,Zart,0.2213251670378619,119.02,290.94327029138947,0.3943,1104.3232235556536,44.2896
anneal,fresh5,FGC_Stream,0.2213251670378619,5.81,26.600622751211336,1.1611,284.9036637616924,134.1415
anneal,fresh5,Apriori_Gen_Borgelt,0.0153118040089086,3.41,7.99078233271272,0.0143,1.5075386522668208,0.096
anneal,fresh5,DefMe,0.0153118040089086,104.37,313.68951230133035,0.2175,92.83079169119921,0.2763
anneal,fresh5,Eclat_Gen_Borgelt,0.0153118040089086,10.18,17.258806898807155,0.0112,0.9180326155724995,0.0217
anneal,fresh5,FPgrowth_Gen_Borgelt,0.0153118040089086,10.61,18.060179964870795,0.0117,0.5595777556578228,0.0154
anneal,fresh5,Gr_growth,0.0153118040089086,14.06,22.761497889775633,0.0136,0.38920971683300365,0.0168
anneal,fresh5,Pascal,0.0153118040089086,185.56,176.8596343835944,16.992,706.8580706448809,19.602
anneal,fresh5,TalkyG_Diffset,0.0153118040089086,104.26,213.53201045974475,0.2432,91.20329312397465,0.3009
anneal,fresh5,Talky_G,0.0153118040089086,111.88,204.55904984690068,0.2223,108.55102101420664,0.2879
anneal,fresh5,FGC_Stream,0.0153118040089086,16.9,33.547830324012686,5.8785,381.71288965532517,179.3822
audiology,fresh6,Apriori_Gen_Borgelt,0.9900442477876106,3.09,11.162087908712959,0.0065,6.720856919024836,0.0894
audiology,fresh6,Eclat_Gen_Borgelt,0.9900442477876106,3.02,13.43266784035036,0.0066,0.3399778146825397,0.0852
audiology,fresh6,DefMe,0.9900442477876106,75.05,224.64347406081424,0.2238,55.55597550580808,0.4463
audiology,fresh6,FPgrowth_Gen_Borgelt,0.9900442477876106,3.38,14.206737861471975,0.0067,0.278676873622456,0.081
audiology,fresh6,Gr_growth,0.9900442477876106,13.75,13.966645628505116,0.0067,0.33555842824814075,0.0564
audiology,fresh6,TalkyG_Diffset,0.9900442477876106,78.25,212.78604959065294,0.2477,145.18696972340575,0.5108
audiology,fresh6,Pascal,0.9900442477876106,79.99,198.0139738862977,0.4516,881.5004787316353,16.4821
audiology,fresh6,Talky_G,0.9900442477876106,79.06,222.12608644387666,0.2579,140.1031365077591,0.5064
audiology,fresh6,Zart,0.9900442477876106,119.63,303.02792978398395,0.3227,1113.3841107348403,8.3215
audiology,fresh6,FGC_Stream,0.9900442477876106,5.78,43.58304831649656,0.136,2857.1994505433618,3600.0
audiology,fresh6,Apriori_Gen_Borgelt,0.9502212389380532,2106.5,11.162087908712959,24.8797,6.720856919024836,0.0894
audiology,fresh6,DefMe,0.9502212389380532,476.35,224.64347406081424,13.7761,55.55597550580808,0.4463
audiology,fresh6,Eclat_Gen_Borgelt,0.9502212389380532,3699.65,13.43266784035036,72.0606,0.3399778146825397,0.0852
audiology,fresh6,FPgrowth_Gen_Borgelt,0.9502212389380532,3697.91,14.206737861471975,57.6543,0.278676873622456,0.081
audiology,fresh6,Gr_growth,0.9502212389380532,1956.88,13.966645628505116,39.0975,0.33555842824814075,0.0564
autos,fresh6,Apriori_Gen_Borgelt,0.5841463414634146,3.0,8.28532005919608,0.0069,20.289407621078336,0.5387
autos,fresh6,DefMe,0.5841463414634146,72.16,170.1370990903841,0.2148,178.21150938649333,0.6254
autos,fresh6,Eclat_Gen_Borgelt,0.5841463414634146,3.04,8.993392403663549,0.0073,1.7865480878600566,0.1403
autos,fresh6,FPgrowth_Gen_Borgelt,0.5841463414634146,3.14,12.20060730256561,0.0075,0.9530328495740371,0.081
autos,fresh6,Gr_growth,0.5841463414634146,13.75,20.20289210134687,0.0068,1.4950679298812295,0.1029
autos,fresh6,Pascal,0.5841463414634146,75.97,128.3034696745772,0.3055,1047.3397535242634,16.4821
autos,fresh6,TalkyG_Diffset,0.5841463414634146,74.38,141.0795782257483,0.2211,368.09597508140877,1.026
autos,fresh6,Talky_G,0.5841463414634146,77.4,129.38608716894888,0.2544,485.3436781707537,1.1148
autos,fresh6,Zart,0.5841463414634146,74.1,158.73466182457648,0.2383,1443.57502521561,90.7496
autos,fresh6,FGC_Stream,0.5841463414634146,4.38,60.91125077865671,0.0137,680.8550262201716,8.3822
autos,fresh6,Apriori_Gen_Borgelt,0.2329268292682927,2.88,19.505810255234746,0.0078,39.171558908485366,3.4445
autos,fresh6,DefMe,0.2329268292682927,73.08,238.44750678032347,0.2489,340.2243781150106,1.4279
autos,fresh6,Eclat_Gen_Borgelt,0.2329268292682927,3.26,20.884975681267512,0.0102,2.9858541290397107,0.1932
autos,fresh6,FPgrowth_Gen_Borgelt,0.2329268292682927,3.28,27.317243387293924,0.0079,1.7611248101273729,0.1464
autos,fresh6,Gr_growth,0.2329268292682927,13.75,69.90873392219297,0.0123,2.764152545233932,0.2394
autos,fresh6,Pascal,0.2329268292682927,84.77,134.9437194773733,0.3219,1391.5710114428796,57.691
autos,fresh6,TalkyG_Diffset,0.2329268292682927,75.47,173.5586043593029,0.2558,820.6816358490023,2.0118
autos,fresh6,Talky_G,0.2329268292682927,72.17,156.11160716778159,0.3029,807.8858638508974,3.0274
autos,fresh6,Zart,0.2329268292682927,83.39,318.50724760228115,0.3074,1951.746053754031,3600.0
autos,fresh6,FGC_Stream,0.2329268292682927,4.68,54.859610451178064,0.0952,817.234722730904,179.3822
autos,fresh6,Apriori_Gen_Borgelt,0.0865853658536585,3.3,20.79613900509932,0.01,39.1735663168187,3.4445
autos,fresh6,DefMe,0.0865853658536585,96.38,330.7292071583375,0.2508,355.17292037371027,1.5365
autos,fresh6,Eclat_Gen_Borgelt,0.0865853658536585,8.47,27.06353856678148,0.0149,3.053149055013736,0.1932
autos,fresh6,FPgrowth_Gen_Borgelt,0.0865853658536585,8.81,34.46726010636838,0.009,1.7613635208416585,0.1464
autos,fresh6,Gr_growth,0.0865853658536585,13.97,71.2895385247237,0.0129,2.7585242686466307,0.2096
autos,fresh6,Pascal,0.0865853658536585,106.75,192.278875974756,1.6131,1507.3896416940245,83.7692
autos,fresh6,TalkyG_Diffset,0.0865853658536585,80.88,201.50254629327057,0.2862,889.1718301870975,2.9883
autos,fresh6,Talky_G,0.0865853658536585,82.28,178.96421861433942,0.283,869.6757740897866,3.0274
autos,fresh6,Zart,0.0865853658536585,434.21,341.56071744170623,96.6378,2139.2149985962023,3600.0
autos,fresh6,FGC_Stream,0.0865853658536585,10.5,60.5346628571792,0.643,902.0738115243382,233.2462
autos,fresh6,Apriori_Gen_Borgelt,0.0573170731707317,3.96,21.18206877600774,0.018,39.1735663168187,3.4445
autos,fresh6,DefMe,0.0573170731707317,107.33,357.0897017175797,0.2408,366.93120529037697,1.3447
autos,fresh6,Eclat_Gen_Borgelt,0.0573170731707317,11.38,27.36359809491733,0.0131,3.0557300772359586,0.1932
autos,fresh6,FPgrowth_Gen_Borgelt,0.0573170731707317,11.96,34.95362363718933,0.0166,1.7613635208416585,0.1464
autos,fresh6,Gr_growth,0.0573170731707317,14.23,72.25303814737673,0.0147,2.7585242686466307,0.2096
autos,fresh6,Pascal,0.0573170731707317,310.44,191.71539915522496,50.8072,1530.398762887675,83.7692
autos,fresh6,TalkyG_Diffset,0.0573170731707317,111.92,217.55688166658123,0.3513,889.1718301870975,2.9883
autos,fresh6,Talky_G,0.0573170731707317,115.89,189.98662080323575,0.3495,869.7004917772866,3.0274
autos,fresh6,FGC_Stream,0.0573170731707317,21.56,60.55870852520942,1.189,902.0738115243382,233.2462
balance_scale,fresh6,Apriori_Gen_Borgelt,0.1228,3.0,20.705610006921642,0.0073,5.146394525581364,0.0593
balance_scale,fresh6,Eclat_Gen_Borgelt,0.1228,3.16,23.13117756875492,0.0098,1.2606783767926517,0.0366
balance_scale,fresh6,DefMe,0.1228,71.38,233.09941006754977,0.2258,52.16370232570082,0.2793
balance_scale,fresh6,FPgrowth_Gen_Borgelt,0.1228,3.15,34.72012019891243,0.0079,1.2064467900932403,0.0263
balance_scale,fresh6,Gr_growth,0.1228,13.6,13.478196362458823,0.0092,0.9157706404623157,0.0255
balance_scale,fresh6,Pascal,0.1228,77.88,151.18891211091523,0.3257,468.1147499190272,0.9832
balance_scale,fresh6,TalkyG_Diffset,0.1228,70.96,167.07576562360558,0.2354,74.28694483932041,0.3079
balance_scale,fresh6,Talky_G,0.1228,72.39,164.7135867148364,0.3324,91.96768553442786,0.3118
balance_scale,fresh6,Zart,0.1228,72.52,279.9216544263931,0.2532,783.1013753264658,3.0932
balance_scale,fresh6,FGC_Stream,0.1228,4.38,60.21596591554576,0.0298,432.25640158565875,34.6795
balance_scale,fresh6,Apriori_Gen_Borgelt,0.0396,2.85,21.964802513843296,0.0089,5.15316193128122,0.0635
balance_scale,fresh6,Eclat_Gen_Borgelt,0.0396,3.0,25.145247073375028,0.0081,1.1901163700285826,0.0739
balance_scale,fresh6,DefMe,0.0396,71.14,322.9029705714914,0.281,52.392831208191936,0.2807
balance_scale,fresh6,FPgrowth_Gen_Borgelt,0.0396,3.28,35.312639853240924,0.0085,1.211008658148796,0.0264
balance_scale,fresh6,Gr_growth,0.0396,13.75,14.490558356576749,0.0118,0.9188632765734267,0.0535
balance_scale,fresh6,Pascal,0.0396,73.7,182.2583074072162,0.322,541.9613661084752,2.1117
balance_scale,fresh6,TalkyG_Diffset,0.0396,72.67,196.5773698596668,0.2795,72.21710497384422,0.3115
balance_scale,fresh6,Talky_G,0.0396,74.06,189.9241126335571,0.2898,91.9780481649834,0.3144
balance_scale,fresh6,Zart,0.0396,86.14,313.3969283322677,0.2802,813.5205298409498,25.105
balance_scale,fresh6,FGC_Stream,0.0396,4.21,63.006971387892534,0.0458,450.7866005855325,134.1415
bank_full,fresh4,Apriori_Gen_Borgelt,0.8174725177501051,7.44,4.848847325556495,0.019,2.3518806866309863,0.0211
bank_full,fresh4,DefMe,0.8174725177501051,112.52,164.9434339284262,0.2772,69.73553459324913,0.2763
bank_full,fresh4,Eclat_Gen_Borgelt,0.8174725177501051,7.61,5.574274760611387,0.0193,0.29917286144592425,0.0208
bank_full,fresh4,FPgrowth_Gen_Borgelt,0.8174725177501051,7.36,6.229810539824052,0.0194,0.3426506383764928,0.0121
bank_full,fresh4,Gr_growth,0.8174725177501051,13.62,13.5713176188612,0.0263,0.225842027670777,0.0134
bank_full,fresh4,Pascal,0.8174725177501051,117.58,110.5960817996519,0.2752,330.72185342234303,0.7135
bank_full,fresh4,TalkyG_Diffset,0.8174725177501051,112.12,198.68397138999924,0.2929,82.89693896038823,0.5556
bank_full,fresh4,Talky_G,0.8174725177501051,114.92,175.9878156427623,0.2928,78.81641884060221,0.539
bank_full,fresh4,Zart,0.8174725177501051,118.98,165.43511426069082,0.3108,607.6780242885533,2.0421
bank_full,fresh4,FGC_Stream,0.8174725177501051,82.38,28.639446315889955,19.9207,407.6935295637612,8.3822
bank_full,fresh4,Apriori_Gen_Borgelt,0.2128630200614894,7.8,5.633157984011365,0.0363,5.497221044530358,0.096
bank_full,fresh4,DefMe,0.2128630200614894,125.5,214.63026981743027,0.2776,130.85154506175564,0.3504
bank_full,fresh4,Eclat_Gen_Borgelt,0.2128630200614894,9.07,10.414382075861386,0.0266,1.2277784876003253,0.0217
bank_full,fresh4,FPgrowth_Gen_Borgelt,0.2128630200614894,8.5,11.941501645419462,0.023,0.8145808070633614,0.0144
bank_full,fresh4,Gr_growth,0.2128630200614894,13.91,19.682211180846686,0.0291,0.42754768880686317,0.0168
bank_full,fresh4,Pascal,0.2128630200614894,117.85,124.37174828206074,0.6406,802.2650956205442,2.1117
bank_full,fresh4,TalkyG_Diffset,0.2128630200614894,115.56,279.52584852199584,0.2977,156.7457767058969,0.5669
bank_full,fresh4,Talky_G,0.2128630200614894,115.23,236.29168354261026,0.2818,217.0054779505997,0.6705
bank_full,fresh4,Zart,0.2128630200614894,315.82,308.6917642556283,3.4403,1367.3561906753437,126.5752
bank_full,fresh4,Apriori_Gen_Borgelt,0.0314912300103957,12.46,7.620369542177925,0.4248,5.518632680046231,0.1027
bank_full,fresh4,DefMe,0.0314912300103957,513.23,345.529810163819,0.6335,182.42479072283615,0.4247
bank_full,fresh4,Eclat_Gen_Borgelt,0.0314912300103957,26.3,16.93347958174325,0.1291,1.20014677986223,0.0358
bank_full,fresh4,FPgrowth_Gen_Borgelt,0.0314912300103957,33.98,19.326208259060405,0.0718,0.8184905138093932,0.0212
bank_full,fresh4,Gr_growth,0.0314912300103957,22.49,21.40674463857824,0.0902,0.4577659691737185,0.0255
bank_full,fresh4,Pascal,0.0314912300103957,141.91,183.16342340087914,19.5956,1051.1473443553386,40.6292
bank_full,fresh4,TalkyG_Diffset,0.0314912300103957,291.43,323.8059387470661,0.3967,164.89323892276195,0.5669
bank_full,fresh4,Talky_G,0.0314912300103957,244.51,266.3262868755435,0.3659,244.42711772401242,0.6705
bank_full,fresh4,Zart,0.0314912300103957,437.59,362.3043995537485,319.0143,1646.8811350428657,554.432
bank_full,fresh4,Apriori_Gen_Borgelt,0.0019630178496383,59.42,9.670443421314026,3.3988,5.525707329649406,0.1027
bank_full,fresh4,DefMe,0.0019630178496383,821.01,588.0998999985944,22.989,182.87550697564998,0.4789
bank_full,fresh4,Eclat_Gen_Borgelt,0.0019630178496383,141.59,26.134828107873428,1.1148,1.2046490576400077,0.0358
bank_full,fresh4,FPgrowth_Gen_Borgelt,0.0019630178496383,162.97,32.31786237308961,0.7642,0.8298500565291735,0.0212
bank_full,fresh4,Gr_growth,0.0019630178496383,85.32,25.188568715887254,0.961,0.48603877111222116,0.0255
bank_full,fresh4,TalkyG_Diffset,0.0019630178496383,588.84,339.5115013766071,132.9526,172.84188096542073,0.6844
bank_full,fresh4,Talky_G,0.0019630178496383,500.46,280.6436246485596,127.8616,274.31405143054474,0.7463
bike_set,fresh,Apriori_Gen_Borgelt,0.0555436948477085,4.61,15.74901959238564,0.0179,11.552894976389219,0.1027
bike_set,fresh,DefMe,0.0555436948477085,99.47,287.6311304417333,0.3232,223.64814043898372,0.6254
bike_set,fresh,Eclat_Gen_Borgelt,0.0555436948477085,5.84,19.564530381194462,0.0207,2.4733257470446226,0.15
bike_set,fresh,FPgrowth_Gen_Borgelt,0.0555436948477085,5.96,23.423862415780658,0.015,1.7114318986901988,0.0825
bike_set,fresh,Gr_growth,0.0555436948477085,15.47,24.99921847228769,0.025,1.2682512545017075,0.0649
bike_set,fresh,Pascal,0.0555436948477085,99.61,157.5469601523282,0.6353,801.5620762304578,14.0866
bike_set,fresh,TalkyG_Diffset,0.0555436948477085,131.9,239.04205736284837,0.3685,694.6786305218114,1.7948
bike_set,fresh,Talky_G,0.0555436948477085,133.53,222.72425978728683,0.3488,675.1281297590012,1.7784
bike_set,fresh,Zart,0.0555436948477085,371.31,284.8011950970892,0.8084,956.4512555527318,25.105
bike_set,fresh,FGC_Stream,0.0555436948477085,17.21,78.28254206999718,35.34,652.1065280121919,169.6082
bike_set,fresh,Apriori_Gen_Borgelt,0.0338623209033115,4.9,15.879060142601023,0.0124,11.068556837500328,0.1082
bike_set,fresh,DefMe,0.0338623209033115,100.18,303.47821059127807,0.2436,223.8394800635328,0.6457
bike_set,fresh,Eclat_Gen_Borgelt,0.0338623209033115,5.98,19.861189176406704,0.0132,2.3948771964493845,0.1527
bike_set,fresh,FPgrowth_Gen_Borgelt,0.0338623209033115,6.23,22.36953140502699,0.0121,1.714289853993229,0.1086
bike_set,fresh,Gr_growth,0.0338623209033115,15.79,28.60821507052066,0.0162,1.2967765511286915,0.1029
bike_set,fresh,Pascal,0.0338623209033115,99.88,159.20701147981845,0.7494,812.2718381876005,16.6443
bike_set,fresh,TalkyG_Diffset,0.0338623209033115,133.17,243.12983008345324,0.269,689.2537191384781,1.7948
bike_set,fresh,Talky_G,0.0338623209033115,133.54,226.71976035827018,0.254,673.6579053465013,1.7784
bike_set,fresh,Zart,0.0338623209033115,391.46,305.7498348617265,0.8621,972.1840847777316,25.105
bike_set,fresh,FGC_Stream,0.0338623209033115,17.06,78.16941933112867,40.3202,655.755955412192,169.6082
bike_set,fresh,Apriori_Gen_Borgelt,0.006962235506215,4.86,17.776356452291253,0.0273,11.07065682616028,0.1338
bike_set,fresh,DefMe,0.006962235506215,130.69,428.7947658664797,0.2658,215.74789340341374,0.7757
bike_set,fresh,Eclat_Gen_Borgelt,0.006962235506215,7.83,23.449412938129228,0.0247,2.397238490298591,0.1527
bike_set,fresh,FPgrowth_Gen_Borgelt,0.006962235506215,12.86,27.72555014381021,0.0288,1.7271487076187704,0.1095
bike_set,fresh,Gr_growth,0.006962235506215,15.95,37.23533468155277,0.0286,1.3291347947794852,0.1571
bike_set,fresh,Pascal,0.006962235506215,104.69,154.19940529319462,4.6038,921.2248517679939,32.0492
bike_set,fresh,TalkyG_Diffset,0.006962235506215,148.09,248.0470843622167,0.3042,694.0304563999861,1.7989
bike_set,fresh,Talky_G,0.006962235506215,146.7,232.04667346829916,0.2818,690.6459865534458,1.8774
bike_set,fresh,Zart,0.006962235506215,487.21,607.6739613681984,9.2011,1024.284356462057,44.1872
bike_set,fresh,FGC_Stream,0.006962235506215,20.04,78.6184934202463,112.2492,688.474922431041,201.3183
bike_set,fresh,Apriori_Gen_Borgelt,0.0014588670651864,7.72,20.519533149976677,0.0663,11.111442573707176,0.163
bike_set,fresh,DefMe,0.0014588670651864,507.62,547.1648515581552,0.5252,217.00489827658086,0.9919
bike_set,fresh,Eclat_Gen_Borgelt,0.0014588670651864,17.53,35.16724095539105,0.0841,2.4045974272033526,0.1569
bike_set,fresh,FPgrowth_Gen_Borgelt,0.0014588670651864,25.57,44.56196007375456,0.0691,1.7496307554251307,0.1104
bike_set,fresh,Gr_growth,0.0014588670651864,17.98,43.27479943723059,0.0939,1.3654176155045934,0.1649
bike_set,fresh,Pascal,0.0014588670651864,117.95,170.90616667823565,52.4513,1119.479609096403,92.667
bike_set,fresh,TalkyG_Diffset,0.0014588670651864,429.73,254.1792558717418,0.8663,719.1346999829227,1.7989
bike_set,fresh,Talky_G,0.0014588670651864,723.41,246.77342625025744,0.9273,732.3536206990657,1.8774
bike_set,fresh,Zart,0.0014588670651864,871.59,849.2703261758837,402.7514,1278.7700494578908,367.5665
bike_set,fresh,FGC_Stream,0.0014588670651864,91.87,80.02313155781638,501.1668,712.5129262018744,201.3183
bms1,extra,Apriori_Gen_Borgelt,0.009894802187846,5.62,12.321740565205744,0.0323,2.71254977196427,0.0749
bms1,extra,Eclat_Gen_Borgelt,0.009894802187846,6.32,14.89875885890637,0.0194,0.3319578910391509,0.0739
bms1,extra,DefMe,0.009894802187846,115.83,463.27540566057866,0.3444,42.28961060605432,0.6457
bms1,extra,FPgrowth_Gen_Borgelt,0.009894802187846,6.37,18.833260309834905,0.0173,0.18775429578472996,0.084
bms1,extra,Gr_growth,0.009894802187846,14.54,18.179402313805593,0.0219,0.2386350865347071,0.1445
bms1,extra,TalkyG_Diffset,0.009894802187846,7802.34,552.3280332068925,1.7675,89.69917197349014,0.6031
bms1,extra,Pascal,0.009894802187846,98.51,133.00165648852365,2.0055,946.3883861586261,92.667
bms1,extra,Talky_G,0.009894802187846,7795.6,383.2813269685229,1.8774,113.13293677503609,0.6108
bms1,extra,Apriori_Gen_Borgelt,0.0038547364182409,5.46,13.812961404333759,0.0179,2.7159855559045125,0.1027
bms1,extra,Zart,0.009894802187846,478.28,679.9231668828717,1.8868,1070.7502316483099,44.2896
bms1,extra,Eclat_Gen_Borgelt,0.0038547364182409,7.0,21.596179607915623,0.0197,0.33885317080105565,0.075
bms1,extra,FPgrowth_Gen_Borgelt,0.0038547364182409,7.29,25.509038008252332,0.0154,0.19238800547087717,0.0983
bms1,extra,DefMe,0.0038547364182409,179.56,593.7285657502989,0.3177,45.38145954419118,0.9878
bms1,extra,TalkyG_Diffset,0.0038547364182409,7790.54,556.1663706871706,1.7948,89.71285610970948,0.6061
bms1,extra,Talky_G,0.0038547364182409,7791.96,383.94103803436883,1.7659,113.14333308831169,0.6118
bms1,extra,Pascal,0.0038547364182409,99.99,143.01568505230887,12.1523,1083.7258397707292,478.7567
bms1,extra,Apriori_Gen_Borgelt,0.0012709305056877,5.78,17.693072482064462,0.0219,2.731142105309275,0.141
bms1,extra,DefMe,0.0012709305056877,399.54,824.0941602750995,0.4143,75.34433217858873,1.1293
bms1,extra,Eclat_Gen_Borgelt,0.0012709305056877,9.06,26.665121240571057,0.0205,0.34630812771497516,0.0919
bms1,extra,FPgrowth_Gen_Borgelt,0.0012709305056877,9.97,34.00024153483817,0.0275,0.19574666102643273,0.0983
bms1,extra,Zart,0.0038547364182409,501.68,951.1394540843951,10.9244,1210.6187987787655,367.5665
bms1,extra,TalkyG_Diffset,0.0012709305056877,7950.78,574.9868206481805,1.7989,89.84385290500168,0.623
bms1,extra,Talky_G,0.0012709305056877,7791.57,405.0575005050424,1.7784,113.28113224969337,0.6294
bms1,extra,Pascal,0.0012709305056877,114.13,198.25406416883726,32.0492,1467.3436711528545,834.7978
bms1,extra,Apriori_Gen_Borgelt,0.0005662561659004,24.74,32.07589927537156,0.3635,2.712507456662088,0.1482
bms1,extra,Gr_growth,0.0038547364182409,15.61,22.42225434532281,0.0249,0.2570991107771314,0.1572
bms1,extra,Gr_growth,0.0012709305056877,16.26,27.67290989611799,0.0302,0.27482508046667387,0.1649
bms1,extra,DefMe,0.0005662561659004,814.25,868.662143939317,4.6728,122.69152930001728,3.6265
bms1,extra,Eclat_Gen_Borgelt,0.0005662561659004,25.1,33.364585055934924,0.1071,0.3480268360483085,0.0919
bms1,extra,FPgrowth_Gen_Borgelt,0.0005662561659004,29.68,43.832780608072085,0.0825,0.19773398066928985,0.0983
bms1,extra,Gr_growth,0.0005662561659004,21.1,32.59395622295397,0.1316,0.27282902213334054,0.1649
bms1,extra,Zart,0.0012709305056877,644.7,1361.6251230450978,39.8572,1653.9656272756522,719.7062
bms1,extra,TalkyG_Diffset,0.0005662561659004,7983.2,630.9017852712587,58.7362,89.87405145023979,0.623
bms1,extra,Talky_G,0.0005662561659004,7968.68,425.39956186084623,60.9755,113.30381595207432,0.6294
bms1,extra,DefMe,0.0001803630750645,987.26,868.2712226184699,254.9194,120.51170225140622,3.6265
bms1,extra,Eclat_Gen_Borgelt,0.0001803630750645,234.53,35.25654049606356,2.0514,0.3488295503340227,0.0919
bms1,extra,FPgrowth_Gen_Borgelt,0.0001803630750645,245.4,46.089814176762594,1.8038,0.19842623066928985,0.0983
bms1,extra,Gr_growth,0.0001803630750645,132.79,32.62169966129502,4.5285,0.2735466649904834,0.1649
bms2,extra,Apriori_Gen_Borgelt,0.0123819537619981,7.46,11.315863896742439,0.0236,0.0925109152130549,0.0498
bms2,extra,Eclat_Gen_Borgelt,0.0123819537619981,7.83,13.918374073848225,0.0295,0.23173057298575606,0.0529
bms2,extra,DefMe,0.0123819537619981,172.55,326.4792419020089,0.3223,29.17834000052309,0.4143
bms2,extra,Gr_growth,0.0123819537619981,15.68,16.747691448684613,0.0233,0.29608849513819513,0.0602
bms2,extra,FPgrowth_Gen_Borgelt,0.0123819537619981,7.95,14.02570291387753,0.0375,0.19145138982855556,0.0522
bms2,extra,Pascal,0.0123819537619981,109.96,126.08156233034146,1.2747,830.5660615870471,12.1523
bms2,extra,Zart,0.0123819537619981,515.0,638.2680152206711,0.9866,800.7617321039513,10.9244
bms2,extra,Apriori_Gen_Borgelt,0.0052862782536897,7.28,11.653325518052869,0.0286,0.09903798187972158,0.0538
bms2,extra,Eclat_Gen_Borgelt,0.0052862782536897,9.09,15.934975350744885,0.0351,0.23978578400667955,0.0597
bms2,extra,FPgrowth_Gen_Borgelt,0.0052862782536897,9.28,16.73786705282935,0.0247,0.19420319191952012,0.0569
bms2,extra,DefMe,0.0052862782536897,247.65,398.46975532056734,0.3407,21.025971416335054,0.4591
bms2,extra,Gr_growth,0.0052862782536897,16.79,18.25571859768835,0.0468,0.3225521596223221,0.0788
bms2,extra,Zart,0.0052862782536897,573.18,697.6217412060217,7.2682,924.8927098102646,25.105
bms2,extra,Pascal,0.0052862782536897,111.29,132.9055239238865,14.0866,948.1888272867402,32.0492
bms2,extra,Apriori_Gen_Borgelt,0.0012094901434616,10.25,16.50925142120121,0.0685,0.1560667883912656,0.0627
bms2,extra,DefMe,0.0012094901434616,663.53,736.679116096556,1.1293,52.089459923164334,0.9871
bms2,extra,Eclat_Gen_Borgelt,0.0012094901434616,18.57,21.309580727846534,0.0571,0.2667605865860446,0.0743
bms2,extra,FPgrowth_Gen_Borgelt,0.0012094901434616,20.92,25.15957587488994,0.0448,0.23554288338777413,0.0825
bms2,extra,Gr_growth,0.0012094901434616,21.7,24.90122845673955,0.0688,0.37945108882506373,0.1034
bms2,extra,Zart,0.0012094901434616,1518.68,813.946490930074,367.5665,1497.5519987424782,579.5006
bms2,extra,Pascal,0.0012094901434616,142.18,160.9660623392841,478.7567,1738.00603498067,1162.8797
bms2,extra,Apriori_Gen_Borgelt,0.0004354164516461,20.54,22.286568246452006,0.1611,0.15907490327221796,0.0627
bms2,extra,DefMe,0.0004354164516461,671.47,922.0900640506385,5.0359,142.8132010852384,2.0546
bms2,extra,Eclat_Gen_Borgelt,0.0004354164516461,27.68,39.97889583924354,0.1039,0.3085293925384256,0.0746
bms2,extra,FPgrowth_Gen_Borgelt,0.0004354164516461,33.12,48.529336364685776,0.0983,0.2729205296970203,0.0825
bms2,extra,Gr_growth,0.0004354164516461,26.77,36.45808244953035,0.1649,0.4570252310869685,0.1316
bms2,extra,Pascal,0.0004354164516461,399.44,184.7865689695723,2035.6853,2062.0604026628134,3519.7285
bms2,extra,Zart,0.0004354164516461,1883.97,816.2462024213252,3479.1071,1689.621120565296,719.7062
bms2,extra,Apriori_Gen_Borgelt,0.0001515894313138,57.46,22.286568246452006,0.669,0.15907490327221796,0.0627
bms2,extra,DefMe,0.0001515894313138,731.47,926.0235091700957,24.1012,147.0487905352384,2.1924
bms2,extra,Eclat_Gen_Borgelt,0.0001515894313138,58.48,45.856132984371826,0.3445,0.3215521592050923,0.075
bms2,extra,FPgrowth_Gen_Borgelt,0.0001515894313138,70.45,54.92659019175798,0.3056,0.29362345112559174,0.0825
bms2,extra,Gr_growth,0.0001515894313138,42.28,36.694395874507286,0.4422,0.46842953108696855,0.1316
breast_cancer,fresh5,Apriori_Gen_Borgelt,0.3907342657342657,2.85,13.447821420901604,0.0244,6.714140411563179,0.1531
breast_cancer,fresh5,DefMe,0.3907342657342657,70.72,192.34484201324804,0.1929,61.76466247329628,0.3504
breast_cancer,fresh5,Eclat_Gen_Borgelt,0.3907342657342657,2.94,13.986570619355641,0.0061,1.36271511750888,0.1722
breast_cancer,fresh5,FPgrowth_Gen_Borgelt,0.3907342657342657,3.05,23.13418071840679,0.0058,1.3723067000291376,0.1118
breast_cancer,fresh5,Gr_growth,0.3907342657342657,13.75,16.629065955265013,0.0084,1.1456442805486182,0.0999
breast_cancer,fresh5,Pascal,0.3907342657342657,72.0,124.04352213228783,0.2516,506.97850113122047,1.3842
breast_cancer,fresh5,TalkyG_Diffset,0.3907342657342657,72.08,156.81666199893786,0.1968,132.83182684592214,0.323
breast_cancer,fresh5,Talky_G,0.3907342657342657,72.38,139.9290640061058,0.2171,187.83652715599658,0.6108
breast_cancer,fresh5,Zart,0.3907342657342657,73.34,201.2463300862274,0.2115,822.9192341749407,10.9244
breast_cancer,fresh5,FGC_Stream,0.3907342657342657,4.41,58.43964477110697,0.0234,447.9578662518259,23.4236
breast_cancer,fresh5,Apriori_Gen_Borgelt,0.1284965034965035,2.97,20.925224219872828,0.0062,7.175610296844565,0.1783
breast_cancer,fresh5,DefMe,0.1284965034965035,71.16,251.25823588478826,0.1956,97.84379470187324,0.3504
breast_cancer,fresh5,Eclat_Gen_Borgelt,0.1284965034965035,3.63,24.974308285537038,0.0062,1.9456574222707848,0.1804
breast_cancer,fresh5,FPgrowth_Gen_Borgelt,0.1284965034965035,3.56,38.40551627596915,0.0061,1.6425763476481852,0.1118
breast_cancer,fresh5,Gr_growth,0.1284965034965035,13.76,22.178538761424374,0.0087,1.2057275792859918,0.0999
breast_cancer,fresh5,Pascal,0.1284965034965035,71.74,148.43388029867566,0.1998,638.650052289752,3.0817
breast_cancer,fresh5,TalkyG_Diffset,0.1284965034965035,68.8,174.61219150843402,0.2121,173.55438381477137,0.323
breast_cancer,fresh5,Talky_G,0.1284965034965035,75.34,156.16966619639612,0.195,230.65712877940922,0.6118
breast_cancer,fresh5,Zart,0.1284965034965035,89.98,307.4576535974385,0.2206,1114.4635878623574,98.4032
breast_cancer,fresh5,FGC_Stream,0.1284965034965035,4.39,58.47317106669499,0.0961,594.4873088462704,201.3183
breast_cancer,fresh5,Apriori_Gen_Borgelt,0.0445804195804195,3.02,22.47095186730531,0.006,6.701225540495358,0.208
breast_cancer,fresh5,DefMe,0.0445804195804195,89.05,342.6578024281298,0.1963,110.94801207963299,0.3581
breast_cancer,fresh5,Eclat_Gen_Borgelt,0.0445804195804195,5.35,26.66828571588389,0.0065,1.87845042760989,0.1804
breast_cancer,fresh5,FPgrowth_Gen_Borgelt,0.0445804195804195,5.68,38.59946081387881,0.0071,1.647257441894217,0.1205
breast_cancer,fresh5,Gr_growth,0.0445804195804195,13.75,22.188085920441548,0.0084,1.1360460776986903,0.1011
breast_cancer,fresh5,Pascal,0.0445804195804195,89.6,175.59901088946614,0.282,702.3918756934859,19.602
breast_cancer,fresh5,TalkyG_Diffset,0.0445804195804195,75.46,211.8462443651698,0.205,173.62578738679517,0.4589
breast_cancer,fresh5,Talky_G,0.0445804195804195,72.53,181.888829338039,0.1944,240.48056912167118,0.6705
breast_cancer,fresh5,Zart,0.0445804195804195,102.85,342.05558838470523,0.4752,1149.504582474262,98.4032
breast_cancer,fresh5,FGC_Stream,0.0445804195804195,6.87,61.649643956289125,0.221,612.8922355998418,218.4696
breast_w,fresh6,Apriori_Gen_Borgelt,0.5189556509298998,2.93,10.986698985070598,0.0081,5.384448898861992,0.141
breast_w,fresh6,Eclat_Gen_Borgelt,0.5189556509298998,2.94,11.943559187151175,0.0084,0.8386697324328451,0.1481
breast_w,fresh6,DefMe,0.5189556509298998,75.15,244.83361128173533,0.2568,22.119456007879748,0.3504
breast_w,fresh6,FPgrowth_Gen_Borgelt,0.5189556509298998,2.99,17.254982355657162,0.0092,1.2800326434301812,0.1118
breast_w,fresh6,Gr_growth,0.5189556509298998,13.79,15.094168658174144,0.0108,0.8241572524026628,0.0535
breast_w,fresh6,Pascal,0.5189556509298998,72.87,126.98551937015468,0.318,399.63246189414286,0.9832
breast_w,fresh6,TalkyG_Diffset,0.5189556509298998,75.32,192.130199251561,0.2446,99.6342954107684,0.4589
breast_w,fresh6,Talky_G,0.5189556509298998,75.93,166.722120608587,0.3445,137.04191338099696,0.6051
breast_w,fresh6,Zart,0.5189556509298998,73.81,175.18230251213626,0.2745,669.065016013075,2.0421
breast_w,fresh6,FGC_Stream,0.5189556509298998,4.72,63.651548598239536,0.0691,497.4290647401196,8.3822
breast_w,fresh6,Apriori_Gen_Borgelt,0.0683118741058655,2.99,24.036299674964955,0.0093,6.782690481136417,0.208
breast_w,fresh6,Eclat_Gen_Borgelt,0.0683118741058655,4.31,32.138018446081695,0.0129,1.6459787165598292,0.1722
breast_w,fresh6,DefMe,0.0683118741058655,79.5,419.8883878618251,0.2342,71.25091048940934,0.3581
breast_w,fresh6,FPgrowth_Gen_Borgelt,0.0683118741058655,4.27,43.312526809986345,0.0082,1.7998282781413035,0.1468
breast_w,fresh6,Gr_growth,0.0683118741058655,13.75,23.418157897106937,0.0112,1.2593533535209889,0.0999
breast_w,fresh6,Pascal,0.0683118741058655,76.11,182.67806556213412,0.4007,748.1624783610501,19.602
breast_w,fresh6,TalkyG_Diffset,0.0683118741058655,72.45,246.3953739130464,0.2613,157.2371370431638,0.5556
breast_w,fresh6,Talky_G,0.0683118741058655,76.27,211.06626636319177,0.3319,174.42905129290173,0.6081
breast_w,fresh6,Zart,0.0683118741058655,114.54,331.4885224199875,0.4675,1258.37311575393,98.4032
breast_w,fresh6,FGC_Stream,0.0683118741058655,5.63,64.24068943865483,0.8545,695.5025640909132,233.2462
breast_w,fresh6,Apriori_Gen_Borgelt,0.0168097281831187,3.02,25.05207202133028,0.0099,6.30038802558086,0.208
breast_w,fresh6,DefMe,0.0168097281831187,88.77,451.29282109308554,0.2604,66.85356002918762,0.4247
breast_w,fresh6,Eclat_Gen_Borgelt,0.0168097281831187,6.38,32.22098535721158,0.0089,1.5732960617979244,0.1804
breast_w,fresh6,FPgrowth_Gen_Borgelt,0.0168097281831187,6.6,41.7337139333963,0.0085,1.7740462973873354,0.1502
breast_w,fresh6,Gr_growth,0.0168097281831187,13.91,23.305062294817574,0.0123,1.1969092366559098,0.1065
breast_w,fresh6,Pascal,0.0168097281831187,89.26,179.20895246729512,0.3582,767.0468780849678,19.602
breast_w,fresh6,TalkyG_Diffset,0.0168097281831187,79.61,258.01537139442723,0.2687,164.55340377213204,0.5556
breast_w,fresh6,Talky_G,0.0168097281831187,79.53,219.89416215308472,0.2665,191.5588612145287,0.6172
breast_w,fresh6,Zart,0.0168097281831187,109.55,398.54181148153646,1.138,1275.538375861073,98.4032
breast_w,fresh6,FGC_Stream,0.0168097281831187,8.31,64.30977588555113,1.0399,697.0983547730559,233.2462
c20d10k,extra,Apriori_Gen_Borgelt,0.946075,4.14,5.207378539622671,0.0118,0.44693243289356843,0.0211
c20d10k,extra,Eclat_Gen_Borgelt,0.946075,4.29,5.722145328478114,0.0217,0.27789923065443545,0.0208
c20d10k,extra,DefMe,0.946075,98.77,164.1354909171515,0.2391,150.97133178668625,0.2757
c20d10k,extra,FPgrowth_Gen_Borgelt,0.946075,4.43,6.168157561674112,0.0118,0.11340861116076262,0.0161
c20d10k,extra,Gr_growth,0.946075,13.75,13.087307169076444,0.0126,0.13226495600102514,0.0171
c20d10k,extra,Pascal,0.946075,103.89,129.476735946403,0.318,297.9041535797661,0.7386
c20d10k,extra,TalkyG_Diffset,0.946075,99.81,214.55214957458918,0.2403,63.261251935697395,0.3083
c20d10k,extra,Talky_G,0.946075,101.68,229.87053793190023,0.3011,148.01046873902655,0.3976
c20d10k,extra,Zart,0.946075,110.67,156.17966084484164,0.2848,359.65831431939034,1.2506
c20d10k,extra,Apriori_Gen_Borgelt,0.337575,4.13,5.832508772189494,0.0134,2.0712484063243046,0.0237
c20d10k,extra,DefMe,0.337575,114.39,238.27438464893385,0.2431,274.85732719675127,0.3782
c20d10k,extra,Eclat_Gen_Borgelt,0.337575,5.07,7.96813688584371,0.0124,0.45405423963850694,0.0208
c20d10k,extra,FPgrowth_Gen_Borgelt,0.337575,5.22,8.8662015367117,0.0108,0.18890982940709963,0.0211
c20d10k,extra,Gr_growth,0.337575,13.73,13.89657107382092,0.0117,0.31568773905824565,0.0168
c20d10k,extra,Pascal,0.337575,99.71,130.62069465742871,0.4246,914.2235767232005,7.1688
c20d10k,extra,TalkyG_Diffset,0.337575,99.7,455.6879681009824,0.323,141.97135681809965,0.3009
c20d10k,extra,Talky_G,0.337575,99.73,521.6092060269666,0.2526,259.1306217113931,0.2879
c20d10k,extra,Zart,0.337575,399.09,206.71892573512807,2.2742,1083.0929070932903,44.2896
c20d10k,extra,Apriori_Gen_Borgelt,0.034375,5.03,6.620695349478251,0.096,2.05524877140367,0.0685
c20d10k,extra,DefMe,0.034375,379.36,338.65833869306357,0.4247,372.38974671914116,0.4789
c20d10k,extra,Eclat_Gen_Borgelt,0.034375,15.01,13.517976187558158,0.0358,0.4101166122575546,0.0215
c20d10k,extra,FPgrowth_Gen_Borgelt,0.034375,15.33,14.386874262606023,0.0218,0.18765760420868688,0.0212
c20d10k,extra,Gr_growth,0.034375,15.32,16.097487648233265,0.0344,0.33257614540745206,0.0219
c20d10k,extra,Pascal,0.034375,327.26,171.39524896548065,83.7692,1238.1215443824317,57.691
c20d10k,extra,TalkyG_Diffset,0.034375,172.0,466.6975429058118,0.3174,244.20663060078363,0.3009
c20d10k,extra,Talky_G,0.034375,162.32,528.555684498474,0.3053,345.3689510433375,0.2879
c20d10k,extra,Apriori_Gen_Borgelt,0.001275,21.29,6.989045484966883,0.3985,2.0666316727925587,0.1027
c20d10k,extra,DefMe,0.001275,750.96,449.72718414190757,2.6059,363.34727583670843,0.7956
c20d10k,extra,Eclat_Gen_Borgelt,0.001275,39.88,17.204877024438765,0.1722,0.41122078574240306,0.0215
c20d10k,extra,FPgrowth_Gen_Borgelt,0.001275,42.9,19.400095223379488,0.1464,0.18657220474981243,0.0212
c20d10k,extra,Gr_growth,0.001275,27.5,21.184359388545236,0.2013,0.3381918638545278,0.0255
c20d10k,extra,TalkyG_Diffset,0.001275,408.34,540.1887433423401,12.5032,249.37955342875978,0.3009
c20d10k,extra,Talky_G,0.001275,405.26,625.8141499721839,12.7513,370.4178672131788,0.3183
c73d10k,extra,Apriori_Gen_Borgelt,0.979375,6.17,5.7492582885218875,0.0208,1.5644857404478283,0.0967
c73d10k,extra,Eclat_Gen_Borgelt,0.979375,6.14,13.880519141492407,0.0238,0.16433311573704076,0.0477
c73d10k,extra,DefMe,0.979375,125.91,196.65597093901602,0.2679,1.0037096338995972,0.3504
c73d10k,extra,FPgrowth_Gen_Borgelt,0.979375,6.41,10.469412749551587,0.0252,0.1399460100351038,0.0801
c73d10k,extra,Gr_growth,0.979375,13.59,14.242680386081393,0.0171,0.16741232041430795,0.0641
c73d10k,extra,Pascal,0.979375,119.76,323.6093739724459,0.3183,471.4738675977301,7.7666
c73d10k,extra,TalkyG_Diffset,0.979375,135.26,199.31556141526573,0.4297,19.93633831694603,0.6369
c73d10k,extra,Talky_G,0.979375,138.0,218.83934076464658,0.4063,7.377974573906759,0.5064
c73d10k,extra,Zart,0.979375,138.92,501.23603266023076,0.3495,795.7438829433893,8.3215
c73d10k,extra,Apriori_Gen_Borgelt,0.919975,5.96,5.7492582885218875,0.0237,1.5644857404478283,0.0967
c73d10k,extra,DefMe,0.919975,148.35,196.65597093901602,0.2757,1.0037096338995972,0.3504
c73d10k,extra,Eclat_Gen_Borgelt,0.919975,7.05,13.880519141492407,0.0208,0.16433311573704076,0.0477
c73d10k,extra,FPgrowth_Gen_Borgelt,0.919975,7.12,10.469412749551587,0.0211,0.1399460100351038,0.0801
c73d10k,extra,Gr_growth,0.919975,13.6,14.239723146736882,0.0174,0.16741232041430795,0.0641
c73d10k,extra,Pascal,0.919975,123.84,324.81268773791396,0.7386,471.4738675977301,7.7666
c73d10k,extra,TalkyG_Diffset,0.919975,136.63,199.31556141526573,0.3322,19.93633831694603,0.6369
c73d10k,extra,Talky_G,0.919975,139.19,218.83934076464658,0.3976,7.377974573906759,0.5064
c73d10k,extra,Zart,0.919975,409.61,501.23603266023076,4.2575,795.7438829433893,8.3215
c73d10k,extra,Apriori_Gen_Borgelt,0.446675,62.72,7.1357728390841695,20.9821,11.028260177641188,0.3985
c73d10k,extra,DefMe,0.446675,754.11,307.98743781998843,10.1829,18.556401958347372,0.4203
c73d10k,extra,Eclat_Gen_Borgelt,0.446675,171.44,48.78321379172352,0.9654,0.48916471683455426,0.0878
c73d10k,extra,FPgrowth_Gen_Borgelt,0.446675,173.3,26.221998875321173,0.8252,0.5046688564276003,0.088
c73d10k,extra,Gr_growth,0.446675,98.6,39.23932351260319,1.0828,0.4684900218822844,0.0689
c73d10k,extra,TalkyG_Diffset,0.446675,574.95,250.10881524099452,58.1968,46.40717237240723,0.7851
c73d10k,extra,Talky_G,0.446675,574.09,276.6107317002246,58.2635,29.52579477303125,0.7056
car,fresh4,Apriori_Gen_Borgelt,0.1861979166666666,2.95,21.221968095326222,0.006,10.716988322811329,0.1027
car,fresh4,Eclat_Gen_Borgelt,0.1861979166666666,3.29,32.88379639831558,0.0072,1.737871443639548,0.0743
car,fresh4,DefMe,0.1861979166666666,76.54,238.94370825630998,0.2343,77.86916385884476,0.2793
car,fresh4,FPgrowth_Gen_Borgelt,0.1861979166666666,3.2,47.056281050446245,0.0099,1.7831144505189254,0.1046
car,fresh4,Gr_growth,0.1861979166666666,13.76,16.25394554291818,0.0058,1.562507256143856,0.0999
car,fresh4,Pascal,0.1861979166666666,78.08,166.21036208556794,0.2277,650.9084918048709,0.9832
car,fresh4,TalkyG_Diffset,0.1861979166666666,77.76,263.19252769154923,0.2646,98.71228848475693,0.3079
car,fresh4,Talky_G,0.1861979166666666,77.62,281.23167799848113,0.2407,112.2931476901832,0.3144
car,fresh4,Zart,0.1861979166666666,79.55,304.765868653381,0.2371,950.4489234114632,44.1872
car,fresh4,FGC_Stream,0.1861979166666666,5.02,57.5963339394676,0.3397,449.86339189318045,23.4236
car,fresh4,Apriori_Gen_Borgelt,0.0831886574074074,3.01,22.25073416905581,0.0064,10.723296156487374,0.1027
car,fresh4,DefMe,0.0831886574074074,77.19,319.2732962366524,0.1889,92.8780216737257,0.2807
car,fresh4,Eclat_Gen_Borgelt,0.0831886574074074,3.45,36.94361629223515,0.0062,1.7364515981850024,0.0743
car,fresh4,FPgrowth_Gen_Borgelt,0.0831886574074074,3.34,51.97876148031388,0.0062,1.7856102725427352,0.1086
car,fresh4,Gr_growth,0.0831886574074074,13.61,17.199501727012965,0.0061,1.5589894301517924,0.0999
car,fresh4,Pascal,0.0831886574074074,89.55,193.9542181843348,0.2132,746.2606120233773,3.0817
car,fresh4,TalkyG_Diffset,0.0831886574074074,78.5,285.12710889056507,0.1953,106.5545354454712,0.3115
car,fresh4,Talky_G,0.0831886574074074,77.14,299.24478673873307,0.1987,112.29478351637368,0.3144
car,fresh4,Zart,0.0831886574074074,85.31,317.9225694994327,0.2773,1024.0932798746192,87.3878
car,fresh4,FGC_Stream,0.0831886574074074,5.5,62.42524298151697,0.4957,501.916267924241,134.1415
car,fresh4,Apriori_Gen_Borgelt,0.0264756944444444,3.2,22.860653674406063,0.0064,10.725134949344516,0.1273
car,fresh4,DefMe,0.0264756944444444,79.35,360.7208160633795,0.1857,93.10989815978824,0.3581
car,fresh4,Eclat_Gen_Borgelt,0.0264756944444444,3.8,37.336628151467636,0.0098,1.6700303462008754,0.075
car,fresh4,FPgrowth_Gen_Borgelt,0.0264756944444444,3.99,49.368976454075664,0.0061,1.7865026900030525,0.1091
car,fresh4,Gr_growth,0.0264756944444444,13.76,17.761791556107273,0.0089,1.499526824596237,0.1065
car,fresh4,Pascal,0.0264756944444444,83.95,196.99155847941336,0.2525,799.641879851462,19.602
car,fresh4,TalkyG_Diffset,0.0264756944444444,79.25,309.6962246367705,0.2156,104.47001584189978,0.3134
car,fresh4,Talky_G,0.0264756944444444,77.24,321.00487213336345,0.1973,122.57767973532974,0.3147
car,fresh4,Zart,0.0264756944444444,121.18,347.39196131262213,0.4028,1052.9735814615242,98.4032
car,fresh4,FGC_Stream,0.0264756944444444,6.11,62.35095442404952,0.845,513.3554444284077,134.1415
census_kdd,fresh2,Apriori_Gen_Borgelt,0.9695761892112688,40.6,59.66822007209145,0.1772,3.838455932366133,0.096
census_kdd,fresh2,DefMe,0.9695761892112688,663.7,404.68068835614076,0.6467,86.33579913193958,0.4463
census_kdd,fresh2,Eclat_Gen_Borgelt,0.9695761892112688,40.46,45.38160972481646,0.1792,0.3733621832520421,0.0944
census_kdd,fresh2,FPgrowth_Gen_Borgelt,0.9695761892112688,40.49,31.230564979405937,0.1616,0.2421494549002468,0.081
census_kdd,fresh2,Gr_growth,0.9695761892112688,13.61,13.561875068051156,0.129,0.19590166115551116,0.0641
census_kdd,fresh2,Pascal,0.9695761892112688,392.11,428.6333889687085,0.5701,375.9619744706606,3.5074
census_kdd,fresh2,TalkyG_Diffset,0.9695761892112688,662.27,337.98901739912424,1.0517,132.51105172265582,0.7378
census_kdd,fresh2,Talky_G,0.9695761892112688,663.64,379.5075394751756,0.9694,149.4894366232043,0.7441
census_kdd,fresh2,Zart,0.9695761892112688,688.7,659.6658585217136,0.8845,523.0165818461538,4.2575
census_kdd,fresh2,FGC_Stream,0.9695761892112688,745.85,43.76114388385436,4.6986,3074.1480365114926,3600.0
census_kdd,fresh2,Apriori_Gen_Borgelt,0.8078705211930454,40.25,59.93577908576531,0.2122,4.504596779786768,0.3086
census_kdd,fresh2,DefMe,0.8078705211930454,666.75,504.5007806354335,0.6905,146.71624988974986,0.7956
census_kdd,fresh2,Eclat_Gen_Borgelt,0.8078705211930454,40.63,50.020715122456544,0.2102,0.5112973541797255,0.3181
census_kdd,fresh2,FPgrowth_Gen_Borgelt,0.8078705211930454,40.43,35.78685284765071,0.2082,0.3421282247234792,0.2994
census_kdd,fresh2,Gr_growth,0.8078705211930454,13.75,13.900731067419557,0.1185,0.2943661190018315,0.1769
census_kdd,fresh2,Pascal,0.8078705211930454,393.52,428.6333889687085,2.6685,611.4585234146718,12.1523
census_kdd,fresh2,TalkyG_Diffset,0.8078705211930454,663.33,428.6226212157328,0.9469,162.96044173160246,1.0921
census_kdd,fresh2,Talky_G,0.8078705211930454,665.39,464.05624594140215,0.9294,196.7178440829224,1.1149
census_kdd,fresh2,Zart,0.8078705211930454,1872.73,667.8359742503287,10.166,898.6277023587801,45.8235
census_kdd,fresh2,Apriori_Gen_Borgelt,0.2090423159234775,41.65,60.40262055862883,8.3099,17.46378530367261,1.3671
census_kdd,fresh2,DefMe,0.2090423159234775,1879.03,693.4542484688576,90.9122,518.7245141833826,1.9654
census_kdd,fresh2,Eclat_Gen_Borgelt,0.2090423159234775,81.5,83.75559440231392,0.7555,1.272984105514502,0.4974
census_kdd,fresh2,FPgrowth_Gen_Borgelt,0.2090423159234775,82.97,58.85658712353347,0.569,0.6141086071313491,0.3781
census_kdd,fresh2,Gr_growth,0.2090423159234775,44.38,60.76228811305517,0.5966,0.9329151386904762,0.2226
census_kdd,fresh2,TalkyG_Diffset,0.2090423159234775,1915.48,576.7957283474286,9.7533,601.430044337482,1.5555
census_kdd,fresh2,Talky_G,0.2090423159234775,1906.35,588.8563466136277,7.1506,543.416511154985,1.3443
census_kdd,fresh2,Gr_growth,0.015099762934599,5848.29,61.42353898693151,128.3854,0.9329449636904763,0.2226
chainstore_fim,confirm,Apriori_Gen_Borgelt,0.0033943603884814,85.84,152.1564399696132,0.6459,0.8565223595307472,0.1338
chainstore_fim,confirm,Eclat_Gen_Borgelt,0.0033943603884814,103.39,135.52468956567682,0.7824,0.5704418005161506,0.1429
chainstore_fim,confirm,FPgrowth_Gen_Borgelt,0.0033943603884814,102.81,130.5010963445396,0.7659,0.8794400062049064,0.1452
chainstore_fim,confirm,Gr_growth,0.0033943603884814,38.36,29.021031806505903,1.3177,0.6786695647449773,0.1571
chainstore_fim,confirm,DefMe,0.0033943603884814,8037.29,1981.7551481951537,5.9657,282.05400506498427,1.5887
chainstore_fim,confirm,Zart,0.0033943603884814,1633.54,1424.307086881035,231.2598,963.3126990519308,87.3878
chainstore_fim,confirm,Pascal,0.0033943603884814,560.85,422.73968208217536,495.9643,1013.3803603464834,92.667
chainstore_fim,confirm,Apriori_Gen_Borgelt,0.0015038874198188,85.73,152.54723477189202,0.6751,0.934528015519203,0.1531
chainstore_fim,confirm,DefMe,0.0015038874198188,8052.2,2444.6556510664927,10.6743,305.986012065746,3.3132
chainstore_fim,confirm,Eclat_Gen_Borgelt,0.0015038874198188,123.07,139.9317671161277,0.7101,0.580003791335054,0.1429
chainstore_fim,confirm,FPgrowth_Gen_Borgelt,0.0015038874198188,132.23,130.45927832715074,0.7507,0.8860526347763349,0.1452
chainstore_fim,confirm,Gr_growth,0.0015038874198188,67.46,32.71425210012964,1.3039,0.6592453823676323,0.1571
chainstore_fim,confirm,Zart,0.0015038874198188,1788.67,1479.6293277117204,2584.1126,1311.7582474150258,550.9333
chainstore_fim,confirm,Apriori_Gen_Borgelt,0.0005370866050465,113.2,152.46091220146752,0.9413,0.9175569296065045,0.158
chainstore_fim,confirm,DefMe,0.0005370866050465,8055.89,2601.2636810497256,95.204,422.48729246965337,5.0359
chainstore_fim,confirm,Eclat_Gen_Borgelt,0.0005370866050465,151.75,144.42506077736707,0.9339,0.5764528413350539,0.1429
chainstore_fim,confirm,FPgrowth_Gen_Borgelt,0.0005370866050465,198.49,141.63648088759072,1.2728,0.8497388272366523,0.1452
chainstore_fim,confirm,Gr_growth,0.0005370866050465,133.04,36.115830505761465,3.5271,0.6989975137168386,0.1572
chainstore_fim,confirm,Apriori_Gen_Borgelt,0.0002244038136518,197.46,153.13018948631114,1.1386,0.9222461682428683,0.158
chainstore_fim,confirm,Eclat_Gen_Borgelt,0.0002244038136518,183.76,151.34941355695932,1.3869,0.6150795100080476,0.1469
chainstore_fim,confirm,FPgrowth_Gen_Borgelt,0.0002244038136518,266.93,157.61919651988822,2.2411,0.8728452400072151,0.1468
chainstore_fim,confirm,Gr_growth,0.0002244038136518,189.94,45.438608018407685,8.9319,0.754532587436175,0.1649
chainstore_fim,confirm,DefMe,0.0002244038136518,8057.64,2592.5472525697037,653.3759,422.1087169672724,5.0359
chainstore_fim,confirm,Apriori_Gen_Borgelt,9.951039984761208e-05,410.77,151.9440210342141,1.8655,0.9222461682428683,0.158
chainstore_fim,confirm,Eclat_Gen_Borgelt,9.951039984761208e-05,200.97,151.0004466039887,1.6939,0.6150795100080476,0.1469
chainstore_fim,confirm,FPgrowth_Gen_Borgelt,9.951039984761208e-05,339.42,156.91041485606797,2.8516,0.8728452400072151,0.1468
chainstore_fim,confirm,Gr_growth,9.951039984761208e-05,224.88,45.44193223868049,12.7503,0.754532587436175,0.1649
chainstore_fim,confirm,DefMe,9.951039984761208e-05,8050.61,2586.375312274588,2059.9577,417.3765262172724,5.0359
chess,summary,DefMe,0.2,751.8,268.1693772721617,33.3844,255.47596725489163,0.3504
chess,summary,DefMe,0.3,590.56,247.21666346456487,6.4614,176.76017363670982,0.3504
chess,summary,DefMe,0.5,473.41,230.0230407999251,0.6254,154.57447654715355,0.3504
chess,summary,DefMe,0.7,158.77,216.2387463406789,0.2326,119.65986794189214,0.3504
chess,summary,Talky_G,0.3,871.21,405.32358515404104,994.1657,157.05258671119992,0.2879
chess,summary,Talky_G,0.5,379.3,355.76399284019857,3.0274,119.45743597364581,0.2402
chess,summary,Talky_G,0.7,115.34,278.34236534313595,0.2556,104.33595471432041,0.2879
chess,summary,Pascal,0.5,415.89,196.10570543111663,441.1246,1322.8210696345432,19.602
chess,summary,Pascal,0.7,104.99,208.53444869055468,3.0817,960.1744290751827,16.4821
chess,summary,Zart,0.7,404.79,229.58068814292116,44.1872,1420.8711128442362,98.4032
chess,summary,TalkyG_Diffset,0.3,912.7,485.60294016090995,946.3379,121.72477985254883,0.3009
chess,summary,TalkyG_Diffset,0.5,410.01,401.64868417790086,2.9883,70.98390952271478,0.3009
chess,summary,TalkyG_Diffset,0.7,127.71,315.7874952616178,0.2685,60.52517396201854,0.3009
chess,summary,FGC_Stream,0.7,56.66,22.723079433673735,911.3875,2836.9619527166365,3600.0
chess,summary,DefMe,0.4,617.02,242.39991746764878,1.72,166.08875129623362,0.3504
chess,summary,DefMe,0.6,394.71,226.37664474608047,0.3581,146.18499660319753,0.3504
chess,summary,DefMe,0.8,109.58,194.92081510908216,0.1958,114.24655423797802,0.3504
chess,summary,DefMe,0.9,93.38,167.90328891294854,0.1878,99.55007944880052,0.3444
chess,summary,Talky_G,0.4,497.43,394.6556145472551,49.3159,129.4626724748363,0.2879
chess,summary,Talky_G,0.6,168.39,301.2843024574895,0.4304,119.24776428316962,0.2526
chess,summary,Talky_G,0.8,94.47,257.14659244585914,0.2161,86.90994761074897,0.2879
chess,summary,Talky_G,0.9,94.63,251.47229205387205,0.2059,61.115935666924734,0.2879
chess,summary,Pascal,0.6,175.95,207.48054598218638,20.6284,1216.258301850381,19.602
chess,summary,Pascal,0.8,97.04,223.1507342403261,0.8281,775.1684886710161,3.5074
chess,summary,Pascal,0.9,95.89,217.97219499108263,0.3224,679.3101792277622,2.493
chess,summary,Zart,0.6,515.32,230.2877319345968,1330.0085,1464.6603605174046,126.5752
chess,summary,Zart,0.8,395.5,243.49178243967893,3.0932,1318.0845709305459,98.4032
chess,summary,Zart,0.9,134.93,244.00128016754323,0.3299,1149.251920091856,10.9244
chess,summary,TalkyG_Diffset,0.4,500.45,462.0972836014194,51.5933,91.48029472866718,0.3009
chess,summary,TalkyG_Diffset,0.6,214.24,344.44063730573464,0.4589,70.68759393263542,0.3009
chess,summary,TalkyG_Diffset,0.8,96.53,287.95654642777436,0.2159,47.96963758245505,0.3009
chess,summary,TalkyG_Diffset,0.9,94.46,271.66350796723765,0.2065,38.62598225312604,0.3009
chess,summary,Apriori_Gen_Borgelt,0.2,847.88,6.395518469443129,233.4849,18.224731386625873,0.2227
chess,summary,Apriori_Gen_Borgelt,0.3,187.9,6.315077340416037,55.4055,18.221941400911586,0.2227
chess,summary,Apriori_Gen_Borgelt,0.4,48.58,6.1129543262761485,14.8769,17.675318646708845,0.2227
chess,summary,Apriori_Gen_Borgelt,0.5,14.91,5.7470816534147575,3.4445,15.499538003256463,0.2125
chess,summary,Apriori_Gen_Borgelt,0.6,6.29,5.702370944072989,0.5387,12.620644804789649,0.1783
chess,summary,Apriori_Gen_Borgelt,0.7,3.62,5.287926594717446,0.0475,8.792341105096293,0.1273
chess,summary,Apriori_Gen_Borgelt,0.8,3.47,5.123628364993029,0.0121,7.848179763718227,0.096
chess,summary,Apriori_Gen_Borgelt,0.9,3.48,5.093147235512474,0.0071,6.675399636940837,0.089
chess,summary,Eclat_Gen_Borgelt,0.2,2220.04,28.03852197638879,28.9072,0.6726745698871306,0.0366
chess,summary,Eclat_Gen_Borgelt,0.3,507.63,24.600919490893517,3.1402,0.6677650996490354,0.0366
chess,summary,Eclat_Gen_Borgelt,0.4,134.43,20.459075987237398,0.6688,0.465186396435582,0.0366
chess,summary,Eclat_Gen_Borgelt,0.5,42.21,16.44375288408527,0.1569,0.4210097553641534,0.0311
chess,summary,Eclat_Gen_Borgelt,0.6,19.68,15.728512527019008,0.0477,0.41483709400884206,0.0311
chess,summary,Eclat_Gen_Borgelt,0.7,12.99,12.445862533106373,0.0184,0.40749191455357514,0.0366
chess,summary,Eclat_Gen_Borgelt,0.8,8.62,11.149122170933156,0.0113,0.4019079607837339,0.0366
chess,summary,Eclat_Gen_Borgelt,0.9,4.28,9.423010005089765,0.0045,0.3874403346085202,0.0238
chess,summary,FPgrowth_Gen_Borgelt,0.2,2222.71,18.8750698149377,21.8235,0.517233101352814,0.0212
chess,summary,FPgrowth_Gen_Borgelt,0.3,510.39,16.46690566895755,2.6837,0.49211287911255425,0.0212
chess,summary,FPgrowth_Gen_Borgelt,0.4,135.39,13.533253652734933,0.5515,0.4390127897727274,0.0212
chess,summary,FPgrowth_Gen_Borgelt,0.5,42.25,11.830307131893044,0.1118,0.4046932921536797,0.0212
chess,summary,FPgrowth_Gen_Borgelt,0.6,19.91,11.197572790027175,0.0345,0.39584696358225113,0.0212
chess,summary,FPgrowth_Gen_Borgelt,0.7,13.04,9.905786430894619,0.0161,0.37774644096320353,0.0212
chess,summary,FPgrowth_Gen_Borgelt,0.8,8.68,8.904782197112935,0.0121,0.3747593135822511,0.0212
chess,summary,FPgrowth_Gen_Borgelt,0.9,4.07,8.12969576849917,0.0076,0.36904797965367964,0.0212
chess,summary,FGC_Stream,0.6,195.66,22.723079433673735,3503.2678,2836.9619527166365,3600.0
chess,summary,FGC_Stream,0.8,22.75,22.723079433673735,187.0577,2814.6391108880653,3600.0
chess,summary,FGC_Stream,0.9,15.77,22.723079433673735,9.7388,2722.6736531463985,3600.0
chess,summary,Gr_growth,0.2,1208.89,51.926624860989484,19.8408,0.43820372226707116,0.055
chess,summary,Gr_growth,0.3,285.14,36.871329677044834,3.4843,0.4056617645289759,0.055
chess,summary,Gr_growth,0.4,79.81,30.4258324097114,0.736,0.4045242889337378,0.055
chess,summary,Gr_growth,0.5,28.72,21.970880637117524,0.1798,0.29156228536230927,0.0468
chess,summary,Gr_growth,0.6,17.68,20.425794798749607,0.0535,0.25562534905278544,0.0468
chess,summary,Gr_growth,0.7,14.5,17.167300111875328,0.0184,0.16584329786230925,0.0302
chess,summary,Gr_growth,0.8,13.9,15.472610092345192,0.0102,0.13088179667183308,0.0302
chess,summary,Gr_growth,0.9,13.59,15.11544237753645,0.0093,0.11820336353691244,0.0255
chicago,extra2,Apriori_Gen_Borgelt,0.0313061894768789,132.53,124.35975155433893,0.5734,2.5516887402553587,0.163
chicago,extra2,DefMe,0.0313061894768789,612.49,896.4881014034108,0.6457,311.00751427507146,0.9878
chicago,extra2,Eclat_Gen_Borgelt,0.0313061894768789,132.82,101.98052900346569,0.5361,1.1261518857912922,0.1804
chicago,extra2,FPgrowth_Gen_Borgelt,0.0313061894768789,132.81,104.88875026605918,0.5306,1.5036701443709068,0.2202
chicago,extra2,Gr_growth,0.0313061894768789,13.75,21.65289884641562,0.2006,1.048168970110445,0.1769
chicago,extra2,TalkyG_Diffset,0.0313061894768789,683.88,1051.5653625146829,0.7181,321.6381302726302,1.3352
chicago,extra2,Talky_G,0.0313061894768789,600.74,1076.3585094186037,0.6972,329.6869208214897,1.3443
chicago,extra2,Pascal,0.0313061894768789,381.42,579.7268618689302,2.4853,900.7993841500967,40.6292
chicago,extra2,Zart,0.0313061894768789,905.32,1184.592079009659,2.2804,1013.8273347285306,90.7496
chicago,extra2,Apriori_Gen_Borgelt,0.0014940977925552,132.84,121.65137902774147,0.5623,2.6012279252747255,0.1783
chicago,extra2,Eclat_Gen_Borgelt,0.0014940977925552,132.85,116.99068962115547,0.5576,1.1472564772109837,0.1804
chicago,extra2,DefMe,0.0014940977925552,996.71,1491.7843963590096,0.9103,350.8962013689929,2.1924
chicago,extra2,Gr_growth,0.0014940977925552,14.53,28.090756614464723,0.1865,1.1018988625707626,0.2092
chicago,extra2,FPgrowth_Gen_Borgelt,0.0014940977925552,132.33,132.42447997311567,0.5575,1.5031306338369965,0.2202
chicago,extra2,TalkyG_Diffset,0.0014940977925552,895.71,1220.4489515090913,0.8067,333.10553105219367,1.4233
chicago,extra2,Talky_G,0.0014940977925552,820.85,1218.5817125921753,0.7825,356.0912866824412,1.4308
chicago,extra2,Pascal,0.0014940977925552,379.52,582.630415196399,16.6443,1513.8367726934057,834.7978
chicago,extra2,Zart,0.0014940977925552,1229.48,1276.4802657524492,25.105,1599.4778001726859,719.7062
chicago,extra2,Apriori_Gen_Borgelt,9.29644154754388e-06,132.49,121.6497538458413,0.5379,2.6143596330669334,0.1783
chicago,extra2,DefMe,9.29644154754388e-06,1836.28,1495.6905934010304,7.0549,408.8389103352749,4.6728
chicago,extra2,Eclat_Gen_Borgelt,9.29644154754388e-06,135.05,125.65118123357941,0.5375,1.1873818927232491,0.223
chicago,extra2,FPgrowth_Gen_Borgelt,9.29644154754388e-06,134.06,143.59571559705125,0.5184,1.4841398934149186,0.2224
chicago,extra2,Gr_growth,9.29644154754388e-06,15.3,29.93606309089931,0.2069,1.1413081339993338,0.2094
chicago,extra2,TalkyG_Diffset,9.29644154754388e-06,1864.03,1558.672410349173,3.398,374.07098974624125,1.7948
chicago,extra2,Talky_G,9.29644154754388e-06,1903.22,1398.401851609491,2.2952,395.22845292876156,1.6833
chicago,extra2,Pascal,9.29644154754388e-06,394.77,584.5257198630544,229.861,2038.074531259892,3519.7285
chicago,extra2,Zart,9.29644154754388e-06,1695.39,1326.4402630724283,1057.9855,1903.6170119034398,908.8655
colic,fresh5,Apriori_Gen_Borgelt,0.3634510869565217,2.93,13.928080532861385,0.006,12.321518006765201,0.0356
colic,fresh5,Eclat_Gen_Borgelt,0.3634510869565217,2.96,16.357169104968595,0.0061,2.653414664994728,0.1188
colic,fresh5,DefMe,0.3634510869565217,74.65,199.96382986169084,0.2155,58.225467295121675,0.2793
colic,fresh5,FPgrowth_Gen_Borgelt,0.3634510869565217,3.19,23.345609976836258,0.0066,1.9298307495962364,0.081
colic,fresh5,Gr_growth,0.3634510869565217,13.75,18.727428123346947,0.0081,1.708211972860473,0.0535
colic,fresh5,Pascal,0.3634510869565217,73.35,126.72838734817199,0.2791,626.9700092371569,0.9832
colic,fresh5,TalkyG_Diffset,0.3634510869565217,71.93,158.65641596770865,0.1926,221.41941168434204,0.2685
colic,fresh5,Talky_G,0.3634510869565217,72.25,145.3599106205763,0.2383,265.64092456294094,0.2879
colic,fresh5,Zart,0.3634510869565217,74.68,251.6385444914404,0.2277,1084.8744907156342,44.2896
colic,fresh5,FGC_Stream,0.3634510869565217,4.87,60.15052708513902,0.0386,552.1589329594573,23.4236
colic,fresh5,Apriori_Gen_Borgelt,0.1732336956521739,2.85,19.52609866574844,0.0061,12.77834509063411,0.096
colic,fresh5,DefMe,0.1732336956521739,75.86,231.63981011489358,0.2022,82.52928015672532,0.3223
colic,fresh5,Eclat_Gen_Borgelt,0.1732336956521739,3.48,27.847177616871384,0.0063,3.219703351304252,0.1569
colic,fresh5,FPgrowth_Gen_Borgelt,0.1732336956521739,3.65,36.77904555244878,0.0064,2.2374979023587516,0.0825
colic,fresh5,Gr_growth,0.1732336956521739,13.74,21.97344125308886,0.0088,1.940012002092352,0.0535
colic,fresh5,Pascal,0.1732336956521739,80.19,134.93052828779994,0.2231,713.0279465581882,2.1117
colic,fresh5,TalkyG_Diffset,0.1732336956521739,77.34,167.8667599443623,0.2042,273.21683253473884,0.3009
colic,fresh5,Talky_G,0.1732336956521739,75.17,155.79648740426254,0.2159,304.7216915909172,0.2879
colic,fresh5,Zart,0.1732336956521739,88.35,301.5591475522397,0.2299,1251.0280217289821,90.7496
colic,fresh5,FGC_Stream,0.1732336956521739,5.02,59.4523502802745,0.1581,629.9977772170149,134.1415
colic,fresh5,Apriori_Gen_Borgelt,0.0482336956521739,3.32,20.89685535814826,0.0112,12.794237456110299,0.1027
colic,fresh5,DefMe,0.0482336956521739,96.7,333.0003525403299,0.2126,95.45785196644756,0.3504
colic,fresh5,Eclat_Gen_Borgelt,0.0482336956521739,9.09,33.48432721089027,0.0118,3.2898176566433572,0.15
colic,fresh5,FPgrowth_Gen_Borgelt,0.0482336956521739,10.06,44.00947283489702,0.0104,2.2383910487873235,0.0825
colic,fresh5,Gr_growth,0.0482336956521739,14.07,23.149743674276543,0.0128,1.9391265149891774,0.0535
colic,fresh5,Pascal,0.0482336956521739,98.43,182.25179774034217,0.3758,953.86050341267,20.6284
colic,fresh5,TalkyG_Diffset,0.0482336956521739,97.12,204.66256501569325,0.2222,276.33323610676257,0.3009
colic,fresh5,Talky_G,0.0482336956521739,99.41,182.95942752527006,0.2145,303.89862834925054,0.3011
colic,fresh5,Zart,0.0482336956521739,119.52,327.14694622783827,2.8591,1445.7725368954218,126.5752
colic,fresh5,FGC_Stream,0.0482336956521739,12.66,64.01297124732777,1.1771,700.6932295640207,233.2462
colic,fresh5,Apriori_Gen_Borgelt,0.0319293478260869,3.58,21.010427453259855,0.0172,12.309710067221411,0.1027
colic,fresh5,DefMe,0.0319293478260869,110.9,354.2989195683272,0.2194,99.98852619139902,0.3504
colic,fresh5,Eclat_Gen_Borgelt,0.0319293478260869,11.79,33.60641749112801,0.0178,3.213013821921135,0.1569
colic,fresh5,FPgrowth_Gen_Borgelt,0.0319293478260869,12.77,41.45532489874091,0.0156,2.2402275098984346,0.1046
colic,fresh5,Gr_growth,0.0319293478260869,14.38,23.978021579664677,0.0182,1.8750018512987012,0.0999
colic,fresh5,Pascal,0.0319293478260869,110.6,185.3317907775233,0.7683,933.7130062754766,20.6284
colic,fresh5,TalkyG_Diffset,0.0319293478260869,117.61,209.12163962842084,0.3027,274.2490865198578,0.3009
colic,fresh5,Talky_G,0.0319293478260869,107.46,186.95615611013042,0.3045,313.7419957833775,0.3053
colic,fresh5,Zart,0.0319293478260869,152.46,346.9193591749471,17.9604,1431.1701261787548,126.5752
colic,fresh5,FGC_Stream,0.0319293478260869,25.12,64.07842337696367,1.9657,700.6932295640207,233.2462
connect,summary,DefMe,0.2,1112.82,353.4936526418406,39.339,451.56541101916963,1.5887
connect,summary,DefMe,0.3,997.82,349.9352558429593,12.4079,368.1817023062727,1.5887
connect,summary,DefMe,0.5,1090.26,299.1708009096389,3.4386,230.00705452418555,0.7956
connect,summary,DefMe,0.7,890.95,203.39853443626274,1.2143,172.47314413347493,0.6254
connect,summary,Talky_G,0.2,728.72,409.9870022038476,36.2326,1359.9157094689144,49.3159
connect,summary,Talky_G,0.3,643.98,406.4258093108903,2.9281,1151.4119597468907,49.3159
connect,summary,Talky_G,0.5,514.44,359.19326553697823,0.877,844.5510210357947,2.18
connect,summary,Talky_G,0.7,348.08,277.73308850281984,0.5948,643.9638191310332,2.0549
connect,summary,TalkyG_Diffset,0.2,876.0,467.12955542439505,39.8986,1373.684544226019,51.5933
connect,summary,TalkyG_Diffset,0.3,963.05,460.4314674354838,3.5146,1188.992254966693,51.5933
connect,summary,TalkyG_Diffset,0.5,650.89,421.76400862803297,1.0608,808.4020408160432,2.9883
connect,summary,TalkyG_Diffset,0.7,359.92,315.4084798351417,0.6369,499.75662062985987,1.7675
connect,summary,DefMe,0.4,1119.68,332.4165477310758,6.2768,318.41431626269423,1.4279
connect,summary,DefMe,0.6,1136.65,250.0040268261659,1.9531,190.44436361882845,0.6254
connect,summary,DefMe,0.8,579.87,183.147698631124,0.686,168.5988124318876,0.5654
connect,summary,DefMe,0.9,342.02,170.8839124977587,0.4557,129.5263941937424,0.3782
connect,summary,Talky_G,0.4,657.92,394.0873857744115,1.2828,992.1576901969061,3.0274
connect,summary,Talky_G,0.6,406.39,296.0717054215603,0.6738,730.6317909365886,2.0549
connect,summary,Talky_G,0.8,292.77,254.78629349218446,0.539,540.4645343268662,1.1148
connect,summary,Talky_G,0.9,278.12,248.99335943624237,0.5064,418.9713270783635,0.7056
connect,summary,Pascal,0.8,356.96,111.22213779195984,124.7782,532.178804307688,3.0817
connect,summary,Pascal,0.9,294.99,111.67423765065543,16.4821,402.2151957984889,2.493
connect,summary,Zart,0.9,429.09,266.1957515323456,130.6938,479.62300629230225,2.8441
connect,summary,TalkyG_Diffset,0.4,813.61,443.2946848949583,1.6257,983.9709131565738,3.1233
connect,summary,TalkyG_Diffset,0.6,469.87,338.2413858545413,0.7822,616.3358357589,1.8575
connect,summary,TalkyG_Diffset,0.8,334.2,287.000686063156,0.5556,394.2540951767364,1.026
connect,summary,TalkyG_Diffset,0.9,280.16,284.2296938039506,0.5108,347.9666978031364,0.7154
connect,summary,Apriori_Gen_Borgelt,0.2,73.55,44.101301779485745,145.698,36.261382075918746,1.3671
connect,summary,Apriori_Gen_Borgelt,0.3,27.08,42.62852146797034,26.3211,36.355225584252075,1.3671
connect,summary,Apriori_Gen_Borgelt,0.4,17.37,27.036569724057696,6.4563,33.52595341004573,1.3671
connect,summary,Apriori_Gen_Borgelt,0.5,16.42,14.587160014721425,1.2209,30.48290022512509,0.754
connect,summary,Apriori_Gen_Borgelt,0.6,16.85,10.786179453268542,0.4512,24.698122242188585,0.6862
connect,summary,Apriori_Gen_Borgelt,0.7,16.86,6.490865015130089,0.1273,19.601163122148897,0.484
connect,summary,Apriori_Gen_Borgelt,0.8,16.83,5.903083645715695,0.0894,15.450952625630144,0.2227
connect,summary,Apriori_Gen_Borgelt,0.9,16.91,5.810427671683109,0.0699,12.498588335209455,0.089
connect,summary,Eclat_Gen_Borgelt,0.2,158.61,142.36391492289894,0.9549,5.018267865061327,0.5512
connect,summary,Eclat_Gen_Borgelt,0.3,56.72,128.55588663915023,0.3196,5.017918799585137,0.5512
connect,summary,Eclat_Gen_Borgelt,0.4,34.26,90.16920911039716,0.1932,4.213744194426407,0.4974
connect,summary,Eclat_Gen_Borgelt,0.5,25.3,44.46866335264259,0.1403,3.27882841823593,0.223
connect,summary,Eclat_Gen_Borgelt,0.6,24.83,30.94163484655554,0.1188,2.789498119967532,0.1957
connect,summary,Eclat_Gen_Borgelt,0.7,24.62,15.337885283266717,0.093,2.158635682178932,0.1569
connect,summary,Eclat_Gen_Borgelt,0.8,24.71,11.039476477630918,0.0852,1.9257566430735933,0.1082
connect,summary,Eclat_Gen_Borgelt,0.9,21.07,8.926721859355064,0.0736,1.7547357871212126,0.0878
connect,summary,FPgrowth_Gen_Borgelt,0.2,147.07,134.43921713898072,0.6854,3.169868958712529,0.2224
connect,summary,FPgrowth_Gen_Borgelt,0.3,52.06,119.90916525836387,0.2305,3.077591416667074,0.2224
connect,summary,FPgrowth_Gen_Borgelt,0.4,32.41,83.46633829221946,0.1523,2.341061642136049,0.2202
connect,summary,FPgrowth_Gen_Borgelt,0.5,25.45,43.85780098769344,0.1205,1.8901951788965117,0.153
connect,summary,FPgrowth_Gen_Borgelt,0.6,25.29,33.50178249722952,0.1046,1.6969941999282578,0.1118
connect,summary,FPgrowth_Gen_Borgelt,0.7,25.1,17.69914468567302,0.0846,1.199637496194492,0.0914
connect,summary,FPgrowth_Gen_Borgelt,0.8,24.67,13.270107599137258,0.081,1.101064669210365,0.0442
connect,summary,FPgrowth_Gen_Borgelt,0.9,20.9,10.68335107116331,0.0677,0.9200043296360505,0.0345
connect,summary,Gr_growth,0.2,83.43,159.64713987471163,0.8426,3.4679103711778407,0.4039
connect,summary,Gr_growth,0.3,31.86,107.49885247458586,0.2639,3.40497562117784,0.4039
connect,summary,Gr_growth,0.4,22.62,71.58228392300657,0.1446,3.094579057685777,0.3499
connect,summary,Gr_growth,0.5,18.42,32.95797316165991,0.1029,2.488495844193714,0.1984
connect,summary,Gr_growth,0.6,16.09,27.655425470739,0.0788,2.220553723360381,0.192
connect,summary,Gr_growth,0.7,14.83,16.257805084170958,0.0649,1.5679876815494145,0.1769
connect,summary,Gr_growth,0.8,14.2,14.378723536997763,0.0564,1.2097722435429767,0.0983
connect,summary,Gr_growth,0.9,13.74,13.91544474820388,0.055,0.8832234923067132,0.0641
covertype,fresh2,Apriori_Gen_Borgelt,0.1456747020715579,55.8,65.27080748580201,0.3382,6.28396298094577,0.1783
covertype,fresh2,DefMe,0.1456747020715579,448.23,519.6079883589632,0.5878,115.06301269732003,0.6457
covertype,fresh2,Eclat_Gen_Borgelt,0.1456747020715579,89.37,107.22571637953351,0.3327,1.3330303730991229,0.223
covertype,fresh2,FPgrowth_Gen_Borgelt,0.1456747020715579,84.33,65.51150286119383,0.3031,1.1603705261740453,0.2202
covertype,fresh2,Gr_growth,0.1456747020715579,43.44,13.5982661947052,0.2765,0.8333864500439103,0.1065
covertype,fresh2,TalkyG_Diffset,0.1456747020715579,357.05,394.17936843182883,0.6987,201.33312985429157,0.7181
covertype,fresh2,Talky_G,0.1456747020715579,370.02,304.59513702984964,0.725,173.21609665347046,0.6972
covertype,fresh2,Pascal,0.1456747020715579,358.5,339.3813227760976,8.0131,767.6943118305308,16.6443
covertype,fresh2,Zart,0.1456747020715579,718.64,648.9864777671908,13.207,964.2854365912027,87.3878
covertype,fresh2,Apriori_Gen_Borgelt,0.0938995235898742,55.66,65.27080748580201,0.419,6.293527309914024,0.208
covertype,fresh2,DefMe,0.0938995235898742,486.59,542.2315849722473,0.6166,144.46590090089148,0.6457
covertype,fresh2,Eclat_Gen_Borgelt,0.0938995235898742,91.43,107.47085910301881,0.3643,1.332948023099123,0.223
covertype,fresh2,FPgrowth_Gen_Borgelt,0.0938995235898742,85.79,65.89013769167892,0.328,1.1622367273645218,0.2202
covertype,fresh2,Gr_growth,0.0938995235898742,44.38,13.802670154909972,0.293,0.8303615397264501,0.1065
covertype,fresh2,Pascal,0.0938995235898742,361.36,343.2136955775169,8.4136,835.9334010488391,19.602
covertype,fresh2,TalkyG_Diffset,0.0938995235898742,375.29,404.11243386456664,0.7078,201.33888695548205,0.8067
covertype,fresh2,Talky_G,0.0938995235898742,388.89,313.607647096916,0.7329,184.41461051597048,0.6972
covertype,fresh2,Zart,0.0938995235898742,760.73,662.4654117406994,14.3721,1043.909226649536,90.7496
covertype,fresh2,Apriori_Gen_Borgelt,0.0368869317673301,55.63,65.27080748580201,0.6888,5.81689811983466,0.208
covertype,fresh2,DefMe,0.0368869317673301,770.29,559.3893003803329,0.8465,145.94143153293166,0.7731
covertype,fresh2,Eclat_Gen_Borgelt,0.0368869317673301,99.94,107.16379951313944,0.5691,1.268297260977911,0.223
covertype,fresh2,FPgrowth_Gen_Borgelt,0.0368869317673301,124.51,67.11791923796974,0.4579,1.1796070571985764,0.2202
covertype,fresh2,Gr_growth,0.0368869317673301,52.78,15.332814507281578,0.4927,0.861457912742323,0.1205
covertype,fresh2,Pascal,0.0368869317673301,358.16,342.5909562616595,51.0637,913.2632667572806,40.6292
covertype,fresh2,TalkyG_Diffset,0.0368869317673301,730.07,408.47406148253685,0.9176,195.55356506370714,0.8067
covertype,fresh2,Talky_G,0.0368869317673301,709.16,318.50736386529684,0.9246,183.96137659930378,0.7825
covertype,fresh2,Zart,0.0368869317673301,759.55,705.6554979987201,127.6945,1077.2561812598535,98.4032
covertype,fresh2,Apriori_Gen_Borgelt,0.0002663456176464,186.64,64.40328128337012,11.9249,5.839289505837545,0.212
covertype,fresh2,DefMe,0.0002663456176464,1519.95,1029.9118122242735,319.0277,197.29873760576854,1.5365
covertype,fresh2,Eclat_Gen_Borgelt,0.0002663456176464,349.95,128.1607067608121,4.9099,1.2606839552059053,0.223
covertype,fresh2,FPgrowth_Gen_Borgelt,0.0002663456176464,461.21,91.91223723901132,3.1927,1.2165734176547869,0.2224
covertype,fresh2,Gr_growth,0.0002663456176464,196.1,19.22849731896574,4.2657,0.945203423177721,0.1865
covertype,fresh2,Talky_G,0.0002663456176464,1252.84,360.9954745587619,576.959,253.3814971631927,1.0922
credit_a,fresh5,Apriori_Gen_Borgelt,0.4923913043478261,2.94,10.83740093517501,0.0062,8.027073317713974,0.096
credit_a,fresh5,Eclat_Gen_Borgelt,0.4923913043478261,3.19,11.029849398880263,0.0059,1.4392622526459653,0.1188
credit_a,fresh5,DefMe,0.4923913043478261,77.19,188.73542499264283,0.206,59.21288150271547,0.3407
credit_a,fresh5,FPgrowth_Gen_Borgelt,0.4923913043478261,3.17,15.70555325158499,0.0068,1.2234691758089136,0.0443
credit_a,fresh5,Gr_growth,0.4923913043478261,13.79,15.704544195153158,0.0082,1.1996514711510713,0.055
credit_a,fresh5,Pascal,0.4923913043478261,72.43,133.67857768799666,0.3077,488.2448883422286,0.7135
credit_a,fresh5,TalkyG_Diffset,0.4923913043478261,77.86,157.67074159094668,0.2452,155.39609527866025,0.323
credit_a,fresh5,Talky_G,0.4923913043478261,78.64,142.750988335115,0.2692,238.39872751690922,0.3183
credit_a,fresh5,Zart,0.4923913043478261,76.18,174.71729255439968,0.2107,942.4196220925089,2.8441
credit_a,fresh5,FGC_Stream,0.4923913043478261,5.1,60.29206133844689,0.1265,556.4553667566795,8.3822
credit_a,fresh5,Apriori_Gen_Borgelt,0.1967391304347826,3.05,22.76986567203994,0.0062,10.374086251353944,0.1783
credit_a,fresh5,DefMe,0.1967391304347826,76.79,236.66147777151616,0.183,95.35741267442015,0.3504
credit_a,fresh5,Eclat_Gen_Borgelt,0.1967391304347826,3.87,27.58917001845879,0.0062,2.7699717550088803,0.1804
credit_a,fresh5,FPgrowth_Gen_Borgelt,0.1967391304347826,3.85,38.10499327119967,0.0064,1.9212685158508154,0.1118
credit_a,fresh5,Gr_growth,0.1967391304347826,13.61,23.347338279110108,0.0071,1.9893592543512042,0.1029
credit_a,fresh5,Pascal,0.1967391304347826,80.42,137.5260305961177,0.2693,716.7807453890423,2.1117
credit_a,fresh5,TalkyG_Diffset,0.1967391304347826,80.72,176.41683905031374,0.2056,264.28485803858086,0.323
credit_a,fresh5,Talky_G,0.1967391304347826,78.02,159.98276814614164,0.2014,304.00032146254415,0.4304
credit_a,fresh5,Zart,0.1967391304347826,114.33,317.5704958714974,0.2904,1353.6397228065425,98.4032
credit_a,fresh5,FGC_Stream,0.1967391304347826,5.32,56.75013485401043,0.9831,677.7993373459831,134.1415
credit_a,fresh5,Apriori_Gen_Borgelt,0.0271739130434782,4.38,24.594072883215482,0.0306,9.905802243219023,0.208
credit_a,fresh5,DefMe,0.0271739130434782,119.22,365.3938546579922,0.2269,127.80753311147478,0.3888
credit_a,fresh5,Eclat_Gen_Borgelt,0.0271739130434782,13.62,33.67182334285346,0.0275,2.7645408555860804,0.1932
credit_a,fresh5,FPgrowth_Gen_Borgelt,0.0271739130434782,14.45,43.38106372314054,0.0234,1.9240804309301802,0.1205
credit_a,fresh5,Gr_growth,0.0271739130434782,15.0,24.544497501104615,0.0248,1.9212453763750137,0.1205
credit_a,fresh5,Pascal,0.0271739130434782,103.11,192.21949614750844,1.6976,910.9769078589558,19.602
credit_a,fresh5,TalkyG_Diffset,0.0271739130434782,127.58,218.96972875182863,0.4694,265.31583237489036,0.323
credit_a,fresh5,Talky_G,0.0271739130434782,125.29,194.84648288749145,0.4526,313.0193474478616,0.6705
credit_a,fresh5,Zart,0.0271739130434782,168.04,367.5004548444154,75.1872,1554.562059699858,126.5752
credit_a,fresh5,FGC_Stream,0.0271739130434782,44.38,61.76353944813932,10.1292,754.4740293937826,233.2462
credit_a,fresh5,Apriori_Gen_Borgelt,0.019927536231884,5.34,25.175141218673023,0.037,9.905260034885691,0.208
credit_a,fresh5,DefMe,0.019927536231884,127.31,376.9148550183897,0.2348,127.8074411948081,0.3992
credit_a,fresh5,Eclat_Gen_Borgelt,0.019927536231884,15.28,33.64978419557522,0.031,2.7645408555860804,0.1932
credit_a,fresh5,FPgrowth_Gen_Borgelt,0.019927536231884,16.31,43.3569216029433,0.029,1.9254799237873232,0.1402
credit_a,fresh5,Gr_growth,0.019927536231884,15.79,24.557828489288976,0.0384,1.9212453763750137,0.1205
credit_a,fresh5,Pascal,0.019927536231884,107.84,189.52177923513648,5.1186,915.871393942289,20.6284
credit_a,fresh5,TalkyG_Diffset,0.019927536231884,141.79,218.88718538264158,1.0554,265.3453162082237,0.323
credit_a,fresh5,Talky_G,0.019927536231884,142.11,194.84100914363145,1.066,313.04529057286163,0.6705
credit_a,fresh5,FGC_Stream,0.019927536231884,70.79,61.79619563773445,13.3708,754.4740293937826,233.2462
credit_a,fresh5,Zart,0.019927536231884,238.07,380.62761350208723,266.215,1554.562059699858,126.5752
credit_g,fresh5,Apriori_Gen_Borgelt,0.61075,3.08,7.868466774739099,0.0061,9.799565433280353,0.0685
credit_g,fresh5,Eclat_Gen_Borgelt,0.61075,3.16,10.669621471739749,0.0132,1.6016403887444426,0.0529
credit_g,fresh5,DefMe,0.61075,78.1,164.70976737369918,0.2181,87.88690233656705,0.2807
credit_g,fresh5,FPgrowth_Gen_Borgelt,0.61075,3.29,14.283358513150967,0.0061,1.4590272372113997,0.0418
credit_g,fresh5,Gr_growth,0.61075,13.75,15.469076249598176,0.0097,1.232986276202964,0.0535
credit_g,fresh5,Pascal,0.61075,76.27,129.7594113141723,0.2358,692.0623004435552,0.9832
credit_g,fresh5,TalkyG_Diffset,0.61075,79.26,164.23028505012778,0.2063,132.99690798459457,0.3172
credit_g,fresh5,Talky_G,0.61075,74.75,168.6910679747762,0.2226,170.3301552763512,0.2879
credit_g,fresh5,Zart,0.61075,87.46,171.91533178569085,0.2305,1130.4971914011091,44.1872
credit_g,fresh5,FGC_Stream,0.61075,5.82,64.21334233005017,0.1606,493.3298278579004,8.3822
credit_g,fresh5,Apriori_Gen_Borgelt,0.29575,2.96,20.94806387844933,0.0059,17.237724588430755,0.1531
credit_g,fresh5,DefMe,0.29575,79.73,215.2476329925241,0.2079,132.82715666006993,0.3504
credit_g,fresh5,Eclat_Gen_Borgelt,0.29575,3.97,23.414953007844794,0.0055,3.4063709890510805,0.1804
credit_g,fresh5,FPgrowth_Gen_Borgelt,0.29575,3.95,34.03147346298725,0.006,2.5396091271603396,0.1205
credit_g,fresh5,Gr_growth,0.29575,13.91,28.664854218338782,0.0096,2.2795939946123323,0.1205
credit_g,fresh5,Pascal,0.29575,80.77,134.8900445404767,0.2398,1041.768385030748,3.0817
credit_g,fresh5,TalkyG_Diffset,0.29575,77.19,224.4956591417307,0.2163,251.22129527685644,0.3174
credit_g,fresh5,Talky_G,0.29575,81.07,236.0460144335043,0.2092,314.4344923965352,0.3053
credit_g,fresh5,Zart,0.29575,118.35,289.6031991339411,0.2957,1527.6644257149435,126.5752
credit_g,fresh5,FGC_Stream,0.29575,6.48,54.348336976523555,1.9383,640.3062969749514,69.8936
credit_g,fresh5,Apriori_Gen_Borgelt,0.06075,4.53,24.233376879427215,0.0547,17.25835727255774,0.208
credit_g,fresh5,DefMe,0.06075,130.43,346.94484437486506,0.2563,155.17920657652564,0.3581
credit_g,fresh5,Eclat_Gen_Borgelt,0.06075,14.71,37.05370991019677,0.0369,3.532765490421932,0.1804
credit_g,fresh5,FPgrowth_Gen_Borgelt,0.06075,16.51,53.27771051026175,0.0296,2.670477780731768,0.1464
credit_g,fresh5,Gr_growth,0.06075,15.63,33.17850830438207,0.0361,2.325850062072649,0.1065
credit_g,fresh5,Pascal,0.06075,100.84,195.31341860338307,1.7234,1256.5013655048106,56.3277
credit_g,fresh5,TalkyG_Diffset,0.06075,156.06,267.83747738174907,0.4797,286.7426643597929,0.3174
credit_g,fresh5,Talky_G,0.06075,138.45,269.81178196959826,0.4786,327.0291879770907,0.3067
credit_g,fresh5,Zart,0.06075,256.65,356.74093624405515,31.7331,1841.1828187675849,1330.0085
credit_g,fresh5,FGC_Stream,0.06075,77.32,60.75945851797947,35.3216,752.9795077529096,233.2462
credit_g,fresh5,Apriori_Gen_Borgelt,0.01475,32.66,25.342123715722703,0.4789,16.773287675335517,0.208
credit_g,fresh5,DefMe,0.01475,446.09,382.05883905837607,0.6803,165.77091425981047,0.4557
credit_g,fresh5,Eclat_Gen_Borgelt,0.01475,70.16,37.52524727503965,0.3171,3.456043301533043,0.1804
credit_g,fresh5,FPgrowth_Gen_Borgelt,0.01475,73.5,51.32034463875443,0.2385,2.673843231525419,0.1464
credit_g,fresh5,Gr_growth,0.01475,42.68,36.27272575835457,0.3516,2.2628554468309465,0.1205
credit_g,fresh5,TalkyG_Diffset,0.01475,407.94,277.9939803114122,346.286,284.80608038241195,0.3174
credit_g,fresh5,Talky_G,0.01475,365.62,279.2798436327648,340.8459,352.02945677243565,0.3147
credit_g,fresh5,FGC_Stream,0.01475,1372.61,60.8034410336704,297.5442,749.6939462243382,233.2462
diabetes,fresh6,Apriori_Gen_Borgelt,0.1611328125,3.12,20.957179485115535,0.0085,7.448606169031773,0.0635
diabetes,fresh6,Eclat_Gen_Borgelt,0.1611328125,3.0,24.26818622204313,0.01,1.4090802899475523,0.0366
diabetes,fresh6,DefMe,0.1611328125,76.68,239.9562554179649,0.2522,37.32920185486748,0.2792
diabetes,fresh6,FPgrowth_Gen_Borgelt,0.1611328125,3.2,39.749787571796894,0.0079,1.350222844061494,0.0264
diabetes,fresh6,Gr_growth,0.1611328125,13.75,13.892665154022744,0.01,1.3009175543581417,0.0535
diabetes,fresh6,Pascal,0.1611328125,74.54,139.8174406150403,0.3378,451.76918226783664,0.9832
diabetes,fresh6,TalkyG_Diffset,0.1611328125,70.71,165.1931128006561,0.2367,77.22884435360612,0.3079
diabetes,fresh6,Talky_G,0.1611328125,72.23,157.69519998532562,0.3227,91.97233884395166,0.3118
diabetes,fresh6,Zart,0.1611328125,75.66,281.0544912798564,0.2818,856.7461034411778,25.105
diabetes,fresh6,FGC_Stream,0.1611328125,4.71,59.55652410658715,0.0891,432.1037480922064,34.6795
diabetes,fresh6,Apriori_Gen_Borgelt,0.0843098958333333,2.74,21.854829519634432,0.0085,7.454446921755439,0.096
diabetes,fresh6,DefMe,0.0843098958333333,74.27,308.07612898545085,0.2166,52.33602291974844,0.2793
diabetes,fresh6,Eclat_Gen_Borgelt,0.0843098958333333,3.38,27.591468859739177,0.0077,1.407660444493007,0.0477
diabetes,fresh6,FPgrowth_Gen_Borgelt,0.0843098958333333,3.38,42.81478105476518,0.008,1.3526935160853035,0.0264
diabetes,fresh6,Gr_growth,0.0843098958333333,13.91,14.195801129456074,0.0114,1.2976827769771895,0.0564
diabetes,fresh6,Pascal,0.0843098958333333,73.59,178.0996630331322,0.3759,544.6035393803907,2.1117
diabetes,fresh6,TalkyG_Diffset,0.0843098958333333,71.54,181.38339939980546,0.263,77.2580451393204,0.3083
diabetes,fresh6,Talky_G,0.0843098958333333,78.2,172.4799951649475,0.3422,91.97359127014214,0.3118
diabetes,fresh6,Zart,0.0843098958333333,72.84,290.8657230455652,0.2908,899.3433841628047,44.2896
diabetes,fresh6,FGC_Stream,0.0843098958333333,4.41,62.98660081994507,0.2274,452.1230083401501,134.1415
diabetes,fresh6,Apriori_Gen_Borgelt,0.0257161458333333,3.05,22.76098787438674,0.0103,7.456285714612583,0.096
diabetes,fresh6,DefMe,0.0257161458333333,76.5,349.03934333850833,0.2361,52.57143752485861,0.3444
diabetes,fresh6,Eclat_Gen_Borgelt,0.0257161458333333,4.86,27.957541767792716,0.0083,1.34123919250888,0.0743
diabetes,fresh6,FPgrowth_Gen_Borgelt,0.0257161458333333,5.48,41.136771306700204,0.0095,1.3534840335456209,0.0345
diabetes,fresh6,Gr_growth,0.0257161458333333,13.91,14.998203759797883,0.0128,1.2397776269771894,0.1065
diabetes,fresh6,Pascal,0.0257161458333333,83.3,178.4714014686254,0.3184,592.7722093668085,2.4853
diabetes,fresh6,TalkyG_Diffset,0.0257161458333333,74.71,198.21987687819356,0.2731,75.17352553574898,0.3115
diabetes,fresh6,Talky_G,0.0257161458333333,74.67,187.30597851533014,0.2467,102.27538111538024,0.3147
diabetes,fresh6,Zart,0.0257161458333333,115.93,323.31914127080597,0.5721,933.0460621497095,90.7496
diabetes,fresh6,FGC_Stream,0.0257161458333333,6.13,62.91805782745933,0.4059,463.5621848443168,134.1415
diabetes130,fresh2,Apriori_Gen_Borgelt,0.9999877169192068,24.52,8.97259406379868,0.1507,1.870543487321961,0.089
diabetes130,fresh2,Eclat_Gen_Borgelt,0.9999877169192068,24.54,11.541877267338295,0.1129,0.1942657709920798,0.0736
diabetes130,fresh2,DefMe,0.9999877169192068,417.98,441.3783936791115,0.549,190.74026041220242,0.4203
diabetes130,fresh2,FPgrowth_Gen_Borgelt,0.9999877169192068,24.47,11.127229459861987,0.1235,0.14875844046190737,0.0252
diabetes130,fresh2,Gr_growth,0.9999877169192068,13.6,13.526921506639408,0.0952,0.18315020478965477,0.055
diabetes130,fresh2,Pascal,0.9999877169192068,338.48,263.20248874038384,0.5697,513.2960518300977,3.5074
diabetes130,fresh2,TalkyG_Diffset,0.9999877169192068,412.16,324.22073604709055,0.7385,148.26010542372003,0.7154
diabetes130,fresh2,Talky_G,0.9999877169192068,448.18,355.93605593864186,0.7609,154.82105211673576,0.7056
diabetes130,fresh2,Zart,0.9999877169192068,519.02,475.8600641627068,0.7088,640.7511657783562,4.2575
diabetes130,fresh2,FGC_Stream,0.9999877169192068,433.41,47.136390456566026,3.0414,2422.9410469641043,3600.0
diabetes130,fresh2,Apriori_Gen_Borgelt,0.9969415128824952,24.55,8.97259406379868,0.1213,1.870543487321961,0.089
diabetes130,fresh2,DefMe,0.9969415128824952,640.34,441.3783936791115,0.6392,190.74026041220242,0.4203
diabetes130,fresh2,Eclat_Gen_Borgelt,0.9969415128824952,25.4,11.541877267338295,0.1185,0.1942657709920798,0.0736
diabetes130,fresh2,FPgrowth_Gen_Borgelt,0.9969415128824952,25.27,11.127229459861987,0.1202,0.14875844046190737,0.0252
diabetes130,fresh2,Gr_growth,0.9969415128824952,13.6,13.526921506639408,0.0875,0.18315020478965477,0.055
diabetes130,fresh2,Pascal,0.9969415128824952,339.69,263.20248874038384,9.1594,513.2960518300977,3.5074
diabetes130,fresh2,TalkyG_Diffset,0.9969415128824952,432.84,324.22073604709055,0.7103,148.26010542372003,0.7154
diabetes130,fresh2,Talky_G,0.9969415128824952,462.25,355.93605593864186,0.7309,154.82105211673576,0.7056
diabetes130,fresh2,Zart,0.9969415128824952,844.46,475.8600641627068,122.1168,640.7511657783562,4.2575
diabetes130,fresh2,FGC_Stream,0.9969415128824952,439.55,47.136390456566026,299.9041,2422.9410469641043,3600.0
diabetes130,fresh2,Eclat_Gen_Borgelt,0.2130549495902364,1830.39,60.010491594050805,17.5988,0.6261970924428514,0.15
diabetes130,fresh2,FPgrowth_Gen_Borgelt,0.2130549495902364,1811.39,50.12040082197135,16.3416,0.5920031522001692,0.1464
diabetes130,fresh2,Gr_growth,0.2130549495902364,949.2,70.18638311160875,17.6236,0.8402460642232767,0.1984
dota2,fresh3,Apriori_Gen_Borgelt,0.1415515380464112,11.5,14.330422137123012,0.0646,7.587092758244276,0.1783
dota2,fresh3,Eclat_Gen_Borgelt,0.1415515380464112,11.55,15.50643418579184,0.0416,1.0839434244810746,0.1481
dota2,fresh3,DefMe,0.1415515380464112,173.39,286.82634312434215,0.3528,124.63500360532107,0.6457
dota2,fresh3,FPgrowth_Gen_Borgelt,0.1415515380464112,11.46,21.820324170831785,0.0416,0.7756070233694154,0.1205
dota2,fresh3,Gr_growth,0.1415515380464112,13.58,14.16998701749022,0.0331,1.111816750186823,0.1065
dota2,fresh3,TalkyG_Diffset,0.1415515380464112,174.38,360.0961436990936,0.3724,178.9567227536061,0.7181
dota2,fresh3,Pascal,0.1415515380464112,148.59,134.66699750165455,0.5603,897.5420782363981,19.602
dota2,fresh3,Talky_G,0.1415515380464112,175.97,251.32970074232657,0.423,184.20516204211347,0.7463
dota2,fresh3,Zart,0.1415515380464112,190.49,274.7165725194806,0.5128,1402.5111701959959,212.8178
dota2,fresh3,FGC_Stream,0.1415515380464112,138.19,77.93584498184384,547.8832,858.5493062921398,179.3822
dota2,fresh3,Apriori_Gen_Borgelt,0.0582703723691311,17.34,14.797055935397527,0.0757,7.602867753879197,0.208
dota2,fresh3,DefMe,0.0582703723691311,175.35,330.5245267544981,0.3341,162.97024226722584,0.7731
dota2,fresh3,Eclat_Gen_Borgelt,0.0582703723691311,24.91,16.398278101791078,0.0795,1.0848183012487511,0.1481
dota2,fresh3,FPgrowth_Gen_Borgelt,0.0582703723691311,22.97,22.740207078188572,0.0661,0.7782536142424312,0.1205
dota2,fresh3,Gr_growth,0.0582703723691311,24.56,14.374155701177388,0.0847,1.1102192537582516,0.1205
dota2,fresh3,Pascal,0.0582703723691311,142.33,165.245367565612,6.5542,1024.4011293564558,40.6292
dota2,fresh3,TalkyG_Diffset,0.0582703723691311,176.29,376.76935612359404,0.3494,178.98452616729656,0.8067
dota2,fresh3,Talky_G,0.0582703723691311,175.21,266.5965847913407,0.3559,195.4059949462801,0.7463
dota2,fresh3,Zart,0.0582703723691311,391.82,298.2433989469776,3.693,1504.441962775163,354.6493
dota2,fresh3,Apriori_Gen_Borgelt,0.0134565569347004,18.91,17.320131774351385,0.108,7.121411806656975,0.208
dota2,fresh3,DefMe,0.0134565569347004,395.48,436.6784289472057,0.4381,166.43873796003444,0.7757
dota2,fresh3,Eclat_Gen_Borgelt,0.0134565569347004,32.71,20.00655990226486,0.1212,1.0209398001803753,0.15
dota2,fresh3,FPgrowth_Gen_Borgelt,0.0134565569347004,41.94,28.406643126755608,0.1482,0.7881004382503678,0.1427
dota2,fresh3,Gr_growth,0.0134565569347004,41.72,16.14779691690809,0.1933,1.0827207889494492,0.1865
dota2,fresh3,Pascal,0.0134565569347004,159.72,164.44095111905415,85.4347,1141.616234948267,83.7692
dota2,fresh3,TalkyG_Diffset,0.0134565569347004,195.72,378.89497599947515,0.3722,181.68463220506717,0.8067
dota2,fresh3,Talky_G,0.0134565569347004,174.35,268.44905352165256,0.3714,205.9563374490579,0.7825
dota2,fresh3,Zart,0.0134565569347004,514.66,649.6746197083695,62.5532,1547.2161141567644,545.852
dota2,fresh3,Apriori_Gen_Borgelt,0.0037317862924986,20.12,19.22184874298094,0.1898,7.1262911568553875,0.208
dota2,fresh3,DefMe,0.0037317862924986,712.11,619.2561578992903,0.7067,166.59642419881513,0.9844
dota2,fresh3,Eclat_Gen_Borgelt,0.0037317862924986,39.59,24.95170621851322,0.1855,1.0266236015512267,0.15
dota2,fresh3,FPgrowth_Gen_Borgelt,0.0037317862924986,87.61,36.224749407371554,0.2911,0.7916104271697817,0.1427
dota2,fresh3,Gr_growth,0.0037317862924986,44.54,18.242575983415794,0.3435,1.08882343218538,0.2013
dota2,fresh3,Pascal,0.0037317862924986,207.27,168.36491516487615,250.632,1248.4598730326645,92.667
dota2,fresh3,TalkyG_Diffset,0.0037317862924986,800.0,395.8115171938944,0.7319,182.64869369494812,1.0608
dota2,fresh3,Talky_G,0.0037317862924986,652.28,277.8250997273001,0.6623,208.11108611471724,0.8454
dota2,fresh3,Zart,0.0037317862924986,774.66,770.4945644858427,552.9712,1635.7684781307726,579.5006
dota2,fresh3,Apriori_Gen_Borgelt,0.0007744198596869,29.95,25.318104303413964,0.5378,7.138217699514117,0.212
dota2,fresh3,DefMe,0.0007744198596869,999.91,841.8792927823808,3.1639,186.7355944767066,1.4279
dota2,fresh3,Eclat_Gen_Borgelt,0.0007744198596869,50.7,33.797470307187375,0.3754,1.0209277954906204,0.1569
dota2,fresh3,FPgrowth_Gen_Borgelt,0.0007744198596869,179.25,45.90555994346835,0.4884,0.8088560463741883,0.1437
dota2,fresh3,Gr_growth,0.0007744198596869,50.2,20.047767081485727,0.6007,1.1134056341695069,0.2013
dota2,fresh3,TalkyG_Diffset,0.0007744198596869,816.17,441.3947094757307,4.4829,198.5838528267122,1.3352
dota2,fresh3,Talky_G,0.0007744198596869,1022.14,295.6975815645777,4.0262,232.8788738476537,1.3443
ecommerce_fim,fresh,Apriori_Gen_Borgelt,0.0150751252086811,4.41,12.132787332978364,0.0117,0.42165262231934736,0.0498
ecommerce_fim,fresh,DefMe,0.0150751252086811,118.58,283.2216614512375,0.2756,101.98967879523812,0.4143
ecommerce_fim,fresh,Eclat_Gen_Borgelt,0.0150751252086811,5.51,11.060726162305048,0.0111,0.35118248907758914,0.0459
ecommerce_fim,fresh,FPgrowth_Gen_Borgelt,0.0150751252086811,5.57,11.90180801373082,0.0108,0.23726354972111227,0.0418
ecommerce_fim,fresh,Pascal,0.0150751252086811,96.3,130.75715730112674,2.22,738.0052092877788,14.0866
ecommerce_fim,fresh,Zart,0.0150751252086811,375.58,476.32073111794995,1.7554,860.4724244737531,10.9244
ecommerce_fim,fresh,FGC_Stream,0.0150751252086811,21.67,85.40048749496161,1.1695,385.8197927107989,169.6082
ecommerce_fim,fresh,Apriori_Gen_Borgelt,0.0079966611018363,5.07,14.008798643260137,0.0142,0.42434165624791875,0.0538
ecommerce_fim,fresh,DefMe,0.0079966611018363,187.07,354.55633152758327,0.285,87.86757040019842,0.4203
ecommerce_fim,fresh,Eclat_Gen_Borgelt,0.0079966611018363,6.27,13.35477559653696,0.0132,0.3548891757839383,0.0529
ecommerce_fim,fresh,FPgrowth_Gen_Borgelt,0.0079966611018363,7.19,14.241985751080167,0.0144,0.2477703270895771,0.0448
ecommerce_fim,fresh,Pascal,0.0079966611018363,92.69,131.67560536993741,16.5227,802.0480635252788,16.6443
ecommerce_fim,fresh,FGC_Stream,0.0079966611018363,21.74,85.70216652202859,2.646,457.36112287128424,179.3822
ecommerce_fim,fresh,Zart,0.0079966611018363,632.13,580.1015719714538,12.9185,907.5414673051022,10.9244
ecommerce_fim,fresh,Apriori_Gen_Borgelt,0.002787979966611,7.88,14.92814687758649,0.0242,0.4542183165653791,0.0635
ecommerce_fim,fresh,DefMe,0.002787979966611,536.26,454.1768697721716,0.5778,89.17997849810607,0.6457
ecommerce_fim,fresh,Eclat_Gen_Borgelt,0.002787979966611,8.77,16.714761524237115,0.0192,0.36347006164252416,0.0597
ecommerce_fim,fresh,FPgrowth_Gen_Borgelt,0.002787979966611,11.12,19.254964966826602,0.0263,0.2668452785991786,0.0481
ecommerce_fim,fresh,Pascal,0.002787979966611,180.04,146.6281938532537,140.5301,1030.3581224936772,63.5295
ecommerce_fim,fresh,FGC_Stream,0.002787979966611,24.22,87.80504256051611,6.2718,550.040279893308,201.3183
ecommerce_fim,fresh,Zart,0.002787979966611,1451.16,757.751974997325,168.4304,1074.299849797761,87.3878
ecommerce_fim,fresh,Apriori_Gen_Borgelt,0.001118530884808,13.75,17.911143745241706,0.049,0.5071228498626374,0.0749
ecommerce_fim,fresh,DefMe,0.001118530884808,659.91,568.8039425148623,1.0814,110.23074848858225,1.1293
ecommerce_fim,fresh,Eclat_Gen_Borgelt,0.001118530884808,14.75,24.289922945834554,0.0417,0.37696995738289496,0.0743
ecommerce_fim,fresh,FPgrowth_Gen_Borgelt,0.001118530884808,18.75,30.264834499211993,0.035,0.2841451767718393,0.0569
ecommerce_fim,fresh,Pascal,0.001118530884808,270.27,181.3400261499689,351.1431,1478.5797800676849,954.0731
ecommerce_fim,fresh,FGC_Stream,0.001118530884808,37.57,91.89165313257527,11.955,550.040279893308,201.3183
ecommerce_fim,fresh,Apriori_Gen_Borgelt,0.0007178631051752,19.26,23.61006857920318,0.0759,0.5270295411324788,0.1082
ecommerce_fim,fresh,DefMe,0.0007178631051752,791.89,587.1290847502768,1.5484,134.85895268030302,2.1924
ecommerce_fim,fresh,Eclat_Gen_Borgelt,0.0007178631051752,17.06,27.943782790368797,0.0499,0.3741677089701965,0.0746
ecommerce_fim,fresh,FPgrowth_Gen_Borgelt,0.0007178631051752,23.64,37.350620802725174,0.0542,0.30505401003302257,0.0825
ecommerce_fim,fresh,Pascal,0.0007178631051752,378.69,247.50356424446647,555.4763,1834.7763205530027,1162.8797
ecommerce_fim,fresh,FGC_Stream,0.0007178631051752,60.18,91.89165313257527,18.946,550.040279893308,201.3183
fifa_set,fresh,Apriori_Gen_Borgelt,0.3596943765281173,6.64,24.65729635319584,0.0217,7.22444105622455,0.163
fifa_set,fresh,DefMe,0.3596943765281173,126.01,539.4507356794011,0.2845,316.2048634526195,1.72
fifa_set,fresh,Eclat_Gen_Borgelt,0.3596943765281173,6.62,53.97402974237098,0.0332,0.7083307506604506,0.1429
fifa_set,fresh,FPgrowth_Gen_Borgelt,0.3596943765281173,6.78,38.81330114956286,0.0274,0.5771864082695084,0.1041
fifa_set,fresh,Gr_growth,0.3596943765281173,13.75,38.16589310307446,0.0336,0.6448266749947764,0.1034
fifa_set,fresh,Pascal,0.3596943765281173,120.46,149.65471221231877,0.3668,1060.3576861961872,47.193
fifa_set,fresh,TalkyG_Diffset,0.3596943765281173,142.75,483.8167572176976,0.3269,576.2460918505978,1.8205
fifa_set,fresh,Talky_G,0.3596943765281173,150.66,438.68035191666974,0.3205,636.426965062214,1.8774
fifa_set,fresh,Zart,0.3596943765281173,163.41,383.76860023752056,0.3955,1238.6025699805793,39.8572
fifa_set,fresh,FGC_Stream,0.3596943765281173,71.99,92.99925547623747,35.7517,1943.8079184238397,3600.0
fifa_set,fresh,Apriori_Gen_Borgelt,0.341161369193154,6.62,31.606866865228362,0.0336,8.291136524676931,0.163
fifa_set,fresh,DefMe,0.341161369193154,129.73,540.215459253519,0.3012,355.7445090304695,1.9654
fifa_set,fresh,Eclat_Gen_Borgelt,0.341161369193154,7.2,63.39266651167592,0.0244,0.7836600214937839,0.1429
fifa_set,fresh,FPgrowth_Gen_Borgelt,0.341161369193154,7.41,46.1808571721082,0.029,0.5761713130314131,0.1041
fifa_set,fresh,Gr_growth,0.341161369193154,14.22,41.34641071454091,0.0187,0.8548275077328717,0.1316
fifa_set,fresh,Pascal,0.341161369193154,117.98,150.06496220862502,0.7881,1064.0743813676156,47.193
fifa_set,fresh,TalkyG_Diffset,0.341161369193154,145.58,483.16625687265775,0.3452,653.203439743455,1.8575
fifa_set,fresh,Talky_G,0.341161369193154,154.82,439.8548857943918,0.3359,665.3171743205473,1.8774
fifa_set,fresh,Zart,0.341161369193154,255.66,385.0129885051192,0.7851,1240.6749817514128,39.8572
fifa_set,fresh,FGC_Stream,0.341161369193154,71.87,92.58778203016541,139.9196,1943.8079184238397,3600.0
fruithut,confirm,Apriori_Gen_Borgelt,0.0140888608012309,12.86,12.664030094825034,0.0462,1.1721277912062353,0.141
fruithut,confirm,DefMe,0.0140888608012309,200.05,567.5842798232127,0.3239,136.25364205257273,0.9647
fruithut,confirm,Eclat_Gen_Borgelt,0.0140888608012309,17.54,15.623869645800555,0.0572,0.41053481686369186,0.1469
fruithut,confirm,FPgrowth_Gen_Borgelt,0.0140888608012309,16.52,18.521068978387035,0.0464,0.39949171628649127,0.1437
fruithut,confirm,Gr_growth,0.0140888608012309,17.5,22.640945326327437,0.0517,0.45325250310555454,0.1492
fruithut,confirm,Pascal,0.0140888608012309,117.04,148.9301632981135,6.6971,769.8336222427469,32.0492
fruithut,confirm,TalkyG_Diffset,0.0140888608012309,469.9,778.3502511425299,0.4082,330.12221589725834,0.8796
fruithut,confirm,Talky_G,0.0140888608012309,490.21,848.4690567215539,0.3908,308.84621315759,0.8454
fruithut,confirm,Zart,0.0140888608012309,631.31,724.6635821523728,3.8553,767.0148407090666,24.7684
fruithut,confirm,Apriori_Gen_Borgelt,0.0058402483925921,12.86,13.525126740213258,0.0549,1.1747628638252827,0.141
fruithut,confirm,DefMe,0.0058402483925921,322.25,706.0913229552298,0.3923,126.090593984914,0.9878
fruithut,confirm,Eclat_Gen_Borgelt,0.0058402483925921,19.69,17.68207286125826,0.0577,0.4144920922605173,0.1469
fruithut,confirm,FPgrowth_Gen_Borgelt,0.0058402483925921,19.75,20.70952222168996,0.0601,0.40544980304695305,0.1437
fruithut,confirm,Gr_growth,0.0058402483925921,20.79,24.648502945119137,0.0685,0.46578765900382296,0.1566
fruithut,confirm,Pascal,0.0058402483925921,122.54,151.81741970458484,28.6349,858.017826253858,53.7008
fruithut,confirm,TalkyG_Diffset,0.0058402483925921,466.31,804.9036971067674,0.3917,330.2260105726551,0.8796
fruithut,confirm,Talky_G,0.0058402483925921,485.84,876.0018378418481,0.4067,302.63078920841974,1.0922
fruithut,confirm,Zart,0.0058402483925921,621.94,773.7921346431583,13.5307,917.1669581179954,87.3878
fruithut,confirm,Apriori_Gen_Borgelt,0.0015428367313293,14.32,15.243667888891721,0.1012,1.245520842450824,0.1531
fruithut,confirm,DefMe,0.0015428367313293,703.48,1354.6173086422925,0.55,127.830278447414,2.1924
fruithut,confirm,Eclat_Gen_Borgelt,0.0015428367313293,22.88,24.897389319248095,0.0705,0.4257156605894106,0.1481
fruithut,confirm,FPgrowth_Gen_Borgelt,0.0015428367313293,25.11,30.635797215052953,0.0669,0.4231335665750916,0.1437
fruithut,confirm,Gr_growth,0.0015428367313293,23.18,32.453535609386705,0.0947,0.4994699817130582,0.1571
fruithut,confirm,TalkyG_Diffset,0.0015428367313293,565.58,840.2025481137788,0.447,340.0600734954144,1.0926
fruithut,confirm,Talky_G,0.0015428367313293,559.27,953.4857020741908,0.4636,306.3082370914221,1.0922
fruithut,confirm,Pascal,0.0015428367313293,126.85,174.77252363994958,128.6375,1322.8310205132373,686.1005
fruithut,confirm,Zart,0.0015428367313293,773.02,1138.8080333930175,81.3542,1465.1909305366792,719.7062
fruithut,confirm,Apriori_Gen_Borgelt,0.0003503324723855,16.59,32.53574717572404,0.1125,1.172721620030189,0.1611
fruithut,confirm,DefMe,0.0003503324723855,744.28,1448.2426808254427,1.4673,184.90773694619403,5.0359
fruithut,confirm,Eclat_Gen_Borgelt,0.0003503324723855,29.02,37.77268890462838,0.1256,0.4321851147713398,0.1481
fruithut,confirm,FPgrowth_Gen_Borgelt,0.0003503324723855,43.24,43.48156802047093,0.1081,0.44394220221722724,0.1452
fruithut,confirm,Gr_growth,0.0003503324723855,24.69,36.39377677834701,0.1389,0.5656681276546166,0.1572
fruithut,confirm,TalkyG_Diffset,0.0003503324723855,2513.99,1450.1958028749912,0.937,414.7625896571567,1.0926
fruithut,confirm,Talky_G,0.0003503324723855,2331.0,1606.0953781360777,0.8598,334.8501389325296,1.0922
fruithut,confirm,Pascal,0.0003503324723855,153.48,262.0876057595782,831.2199,2145.317843260985,3519.7285
fruithut,confirm,Zart,0.0003503324723855,918.2,1307.2071499044189,704.4324,2160.2595879964474,3069.9668
fruithut,confirm,Apriori_Gen_Borgelt,6.457108314557345e-05,29.27,32.53574717572404,0.549,1.1773242753332194,0.163
fruithut,confirm,DefMe,6.457108314557345e-05,739.04,1452.1833955903112,12.3805,176.078704971194,5.0359
fruithut,confirm,Eclat_Gen_Borgelt,6.457108314557345e-05,41.22,60.14117380257334,0.3836,0.45707767318792325,0.1481
fruithut,confirm,FPgrowth_Gen_Borgelt,6.457108314557345e-05,66.5,70.64224458904769,0.4145,0.4400180160700411,0.1452
fruithut,confirm,Gr_growth,6.457108314557345e-05,30.46,43.24744911778935,0.5645,0.5866597304323944,0.1572
fruithut,confirm,TalkyG_Diffset,6.457108314557345e-05,1239.79,1438.3158785373062,13.6863,439.48341210764374,1.0926
fruithut,confirm,Talky_G,6.457108314557345e-05,2324.39,1632.176904763193,13.7797,342.05978011487093,1.0922
glass,fresh6,Apriori_Gen_Borgelt,0.2044392523364486,2.83,5.760960979002187,0.0074,4.124328004011156,0.0356
glass,fresh6,Eclat_Gen_Borgelt,0.2044392523364486,2.99,11.122809704374632,0.0064,0.9367613341872181,0.0215
glass,fresh6,DefMe,0.2044392523364486,73.16,158.23936301186356,0.2334,27.08353968147144,0.2642
glass,fresh6,FPgrowth_Gen_Borgelt,0.2044392523364486,3.17,10.873346173171436,0.0075,0.6121045262261432,0.0131
glass,fresh6,Gr_growth,0.2044392523364486,13.75,15.351452024791339,0.0074,0.412717421737821,0.0147
glass,fresh6,Pascal,0.2044392523364486,72.28,130.58784498698597,0.2629,421.2154157978086,0.9832
glass,fresh6,TalkyG_Diffset,0.2044392523364486,69.12,136.85725494677646,0.2172,103.80963444711263,0.2685
glass,fresh6,Talky_G,0.2044392523364486,70.39,136.7200888752176,0.2389,140.43581814788104,0.2526
glass,fresh6,Zart,0.2044392523364486,71.09,275.5214746684666,0.201,1011.117652916704,44.2896
glass,fresh6,FGC_Stream,0.2044392523364486,4.36,28.37216571790637,0.007,393.89712850262094,134.1415
glass,fresh6,Apriori_Gen_Borgelt,0.1063084112149532,2.86,6.479420486346949,0.0078,4.13717231625863,0.096
glass,fresh6,Eclat_Gen_Borgelt,0.1063084112149532,3.14,14.760200726803413,0.0084,0.9070535204967419,0.0215
glass,fresh6,DefMe,0.1063084112149532,71.2,232.33052283455328,0.2641,42.09745021916985,0.2642
glass,fresh6,FPgrowth_Gen_Borgelt,0.1063084112149532,3.18,14.687228203172571,0.008,0.6139708762261432,0.0144
glass,fresh6,Gr_growth,0.1063084112149532,13.75,16.24018791586756,0.0114,0.41455351356682535,0.0147
glass,fresh6,Pascal,0.1063084112149532,72.91,179.7280892747361,0.323,514.1775609751895,2.1117
glass,fresh6,TalkyG_Diffset,0.1063084112149532,71.75,152.12923990984595,0.2568,106.84856829552533,0.2685
glass,fresh6,Talky_G,0.1063084112149532,72.34,149.02454062018418,0.2962,139.60999895145247,0.2879
glass,fresh6,Zart,0.1063084112149532,72.59,285.68518378705517,0.2613,1213.6207649655746,98.4032
glass,fresh6,FGC_Stream,0.1063084112149532,4.38,34.64780095231973,0.021,448.4367128712897,134.1415
glass,fresh6,Apriori_Gen_Borgelt,0.050233644859813,2.87,7.322353838412437,0.0086,4.138956154353869,0.096
glass,fresh6,DefMe,0.050233644859813,71.17,283.8224777979732,0.2334,46.235389276511114,0.2642
glass,fresh6,Eclat_Gen_Borgelt,0.050233644859813,3.77,16.71861173951309,0.0133,0.9106631792269005,0.0215
glass,fresh6,FPgrowth_Gen_Borgelt,0.050233644859813,3.8,17.384720202187143,0.0083,0.6146506345594764,0.0144
glass,fresh6,Gr_growth,0.050233644859813,13.75,16.375625742493423,0.012,0.41522848856682537,0.0168
glass,fresh6,Pascal,0.050233644859813,83.83,184.81057051200392,0.279,579.2829254085771,2.1117
glass,fresh6,TalkyG_Diffset,0.050233644859813,75.52,173.65955084596416,0.2688,106.87510548302532,0.2685
glass,fresh6,Talky_G,0.050233644859813,67.69,166.26958265919,0.2384,141.89490534034138,0.2879
glass,fresh6,Zart,0.050233644859813,90.0,297.4970366725364,0.3334,1213.6207649655746,98.4032
glass,fresh6,FGC_Stream,0.050233644859813,4.68,34.65191657494484,0.0416,458.85083655224213,169.6082
heart_c,fresh6,Apriori_Gen_Borgelt,0.4282178217821782,2.77,14.442918932755514,0.0072,12.239118568038649,0.208
heart_c,fresh6,Eclat_Gen_Borgelt,0.4282178217821782,2.99,19.232071892312067,0.0098,2.014568210901452,0.1804
heart_c,fresh6,DefMe,0.4282178217821782,73.78,212.50078632135876,0.2128,92.66690755187672,0.3754
heart_c,fresh6,FPgrowth_Gen_Borgelt,0.4282178217821782,3.2,28.036817834490968,0.007,2.023470259920635,0.1523
heart_c,fresh6,Gr_growth,0.4282178217821782,13.75,15.339208700951387,0.0084,1.7246236790334664,0.1065
heart_c,fresh6,Pascal,0.4282178217821782,75.41,167.42897243481812,0.2592,818.7051897215918,2.493
heart_c,fresh6,TalkyG_Diffset,0.4282178217821782,71.42,264.94879517059763,0.2201,191.48570825405704,0.5669
heart_c,fresh6,Talky_G,0.4282178217821782,74.6,272.49248906106953,0.2658,226.17125200971367,0.6108
heart_c,fresh6,Zart,0.4282178217821782,73.53,217.1283601399687,0.2178,1169.871011571808,90.7496
heart_c,fresh6,FGC_Stream,0.4282178217821782,4.51,58.747911212818245,0.0284,676.7042106421953,23.4236
heart_c,fresh6,Apriori_Gen_Borgelt,0.1773927392739274,2.86,24.274050485584468,0.0084,13.663662106378085,0.208
heart_c,fresh6,Eclat_Gen_Borgelt,0.1773927392739274,3.51,38.469378217114944,0.0078,2.7213694579252623,0.223
heart_c,fresh6,DefMe,0.1773927392739274,71.87,252.68659303381372,0.2473,122.42868383548617,0.4789
heart_c,fresh6,FPgrowth_Gen_Borgelt,0.1773927392739274,3.64,48.08025169081318,0.0077,2.398663171947497,0.1604
heart_c,fresh6,Gr_growth,0.1773927392739274,13.75,22.665504542041162,0.012,2.095101411241536,0.1205
heart_c,fresh6,Pascal,0.1773927392739274,80.99,170.3956103034458,0.3571,890.0508212602821,16.6443
heart_c,fresh6,TalkyG_Diffset,0.1773927392739274,72.29,294.9772727532629,0.2727,239.63087931377922,0.5669
heart_c,fresh6,Talky_G,0.1773927392739274,72.48,300.1159028966399,0.2878,279.51832603788824,0.6172
heart_c,fresh6,Zart,0.1773927392739274,88.07,331.31232853053314,0.3199,1349.0335279912347,126.5752
heart_c,fresh6,FGC_Stream,0.1773927392739274,4.65,56.270918287030504,0.1974,750.0153687017371,134.1415
heart_c,fresh6,Apriori_Gen_Borgelt,0.042079207920792,3.39,25.856459299579587,0.0116,13.191474458362212,0.212
heart_c,fresh6,DefMe,0.042079207920792,99.85,361.89375989163125,0.2408,138.88466865769036,0.4789
heart_c,fresh6,Eclat_Gen_Borgelt,0.042079207920792,10.34,44.2553028180594,0.015,2.6228042132643674,0.223
heart_c,fresh6,FPgrowth_Gen_Borgelt,0.042079207920792,10.84,51.94873226168119,0.0123,2.4029003536935285,0.1604
heart_c,fresh6,Gr_growth,0.042079207920792,14.07,23.67165841965198,0.0157,2.023695048741536,0.1205
heart_c,fresh6,Pascal,0.042079207920792,89.93,201.80303438280086,0.469,1033.4505981157115,20.6284
heart_c,fresh6,TalkyG_Diffset,0.042079207920792,98.62,339.8574852104618,0.3117,245.42226460246968,0.5669
heart_c,fresh6,Talky_G,0.042079207920792,95.19,335.42198309695766,0.3227,288.50127295684433,0.6705
heart_c,fresh6,Zart,0.042079207920792,114.12,371.14400987093325,2.6982,1554.349121511534,550.0992
heart_c,fresh6,FGC_Stream,0.042079207920792,17.65,61.240805192959606,1.0299,825.3274689758895,233.2462
hypothyroid,fresh5,Apriori_Gen_Borgelt,0.9858828207847296,3.47,4.2166592414442485,0.0067,9.453181977442952,0.0475
hypothyroid,fresh5,Eclat_Gen_Borgelt,0.9858828207847296,3.5,5.737877008504477,0.0063,0.8270591885854512,0.0184
hypothyroid,fresh5,DefMe,0.9858828207847296,87.89,105.7908755606144,0.2189,122.80482735960706,0.2391
hypothyroid,fresh5,FPgrowth_Gen_Borgelt,0.9858828207847296,3.64,6.260945932766463,0.0063,0.7682521165968835,0.0121
hypothyroid,fresh5,Gr_growth,0.9858828207847296,13.66,14.598527598001375,0.009,0.41132748995587753,0.0126
hypothyroid,fresh5,Pascal,0.9858828207847296,97.99,125.27727345884033,0.2864,375.9374085708665,0.8281
hypothyroid,fresh5,TalkyG_Diffset,0.9858828207847296,86.16,120.96172997547892,0.2238,265.07393685224633,0.4297
hypothyroid,fresh5,Talky_G,0.9858828207847296,89.48,140.54298420494163,0.3171,290.1265278903555,0.4063
hypothyroid,fresh5,Zart,0.9858828207847296,105.2,163.17307175746703,0.2538,542.2628700329934,2.8441
hypothyroid,fresh5,FGC_Stream,0.9858828207847296,14.22,22.25344992329933,0.1069,335.64041746110973,8.3822
hypothyroid,fresh5,Apriori_Gen_Borgelt,0.9127120890774124,3.55,4.2166592414442485,0.0081,9.453181977442952,0.0475
hypothyroid,fresh5,DefMe,0.9127120890774124,104.26,105.74988033933114,0.2219,122.80501774849596,0.2391
hypothyroid,fresh5,Eclat_Gen_Borgelt,0.9127120890774124,4.57,5.737877008504477,0.0068,0.8270591885854512,0.0184
hypothyroid,fresh5,FPgrowth_Gen_Borgelt,0.9127120890774124,4.7,6.2405816706565185,0.0076,0.7682521165968835,0.0121
hypothyroid,fresh5,Gr_growth,0.9127120890774124,13.75,14.592712053929207,0.0111,0.41132748995587753,0.0126
hypothyroid,fresh5,Pascal,0.9127120890774124,97.38,125.27727345884033,0.3769,376.09666515419985,0.8281
hypothyroid,fresh5,TalkyG_Diffset,0.9127120890774124,95.04,120.96172997547892,0.2401,265.07393685224633,0.4297
hypothyroid,fresh5,Talky_G,0.9127120890774124,90.27,140.54298420494163,0.227,290.1296336903555,0.4063
hypothyroid,fresh5,Zart,0.9127120890774124,173.37,164.30931059638067,0.709,602.5673989341839,2.8441
hypothyroid,fresh5,FGC_Stream,0.9127120890774124,15.62,22.25344992329933,20.3407,335.64041746110973,8.3822
hypothyroid,fresh5,DefMe,0.108364262990456,869.21,260.99204020432103,9.241,346.25402470347984,0.3581
hypothyroid,fresh5,Eclat_Gen_Borgelt,0.108364262990456,452.64,23.02526282771912,3.0249,2.5568388135674143,0.0366
hypothyroid,fresh5,FPgrowth_Gen_Borgelt,0.108364262990456,452.8,20.129904963235358,2.6754,2.157379008206662,0.0212
hypothyroid,fresh5,Gr_growth,0.108364262990456,247.98,131.9997448562731,3.5509,1.8294675479950606,0.0255
hypothyroid,fresh5,Apriori_Gen_Borgelt,0.108364262990456,157.39,6.153930837288417,37.6003,34.76283377743739,0.754
hypothyroid,fresh5,Talky_G,0.108364262990456,817.34,261.2838903321344,591.1964,895.1138947205477,2.9281
hypothyroid,fresh5,Apriori_Gen_Borgelt,0.0076219512195121,676.75,7.708764992649032,82.2387,34.76283377743739,0.754
hypothyroid,fresh5,Eclat_Gen_Borgelt,0.0076219512195121,1804.12,28.600404854626312,18.9638,2.551331691345192,0.0366
hypothyroid,fresh5,DefMe,0.0076219512195121,906.76,362.3119791447253,44.1617,399.4227940566544,0.3581
hypothyroid,fresh5,Gr_growth,0.0076219512195121,1000.13,141.46890460134256,14.5674,1.803827984502997,0.0255
hypothyroid,fresh5,FPgrowth_Gen_Borgelt,0.0076219512195121,1806.05,25.15796194556939,16.0224,2.159426493920948,0.0212
instacart,confirm,Apriori_Gen_Borgelt,0.0124896158037939,17.27,12.852906798327735,0.0897,0.29886658989042003,0.0627
instacart,confirm,DefMe,0.0124896158037939,1531.06,913.3276870948804,0.7123,112.8891654740239,0.5899
instacart,confirm,Eclat_Gen_Borgelt,0.0124896158037939,20.58,15.188024677352947,0.0951,0.13745400748487624,0.0544
instacart,confirm,FPgrowth_Gen_Borgelt,0.0124896158037939,20.44,16.12226250051338,0.0848,0.15919534735125984,0.0569
instacart,confirm,Gr_growth,0.0124896158037939,17.57,17.618528948260902,0.0735,0.19728157922632922,0.0602
instacart,confirm,Pascal,0.0124896158037939,175.54,132.88447720031937,18.0561,717.9488943310681,7.1688
instacart,confirm,TalkyG_Diffset,0.0124896158037939,6238.85,1074.5344566403373,1.7695,4.4858938410565745,0.6031
instacart,confirm,Talky_G,0.0124896158037939,6344.2,1142.418748084858,1.8744,5.584203799322205,0.6108
instacart,confirm,Zart,0.0124896158037939,691.8,679.9569187015171,3.6769,676.7387382479155,12.2491
instacart,confirm,Apriori_Gen_Borgelt,0.0051044516763331,17.36,13.612887400659865,0.1067,0.3071653576393378,0.065
instacart,confirm,DefMe,0.0051044516763331,1800.1,1109.6014064453,0.8363,113.28825631846834,0.7731
instacart,confirm,Eclat_Gen_Borgelt,0.0051044516763331,23.96,18.979776718301853,0.1082,0.14629687860680984,0.0739
instacart,confirm,FPgrowth_Gen_Borgelt,0.0051044516763331,25.91,20.177092493890584,0.103,0.165072204978355,0.0569
instacart,confirm,Gr_growth,0.0051044516763331,22.73,22.546097419312627,0.1156,0.2040290638944389,0.1034
instacart,confirm,Pascal,0.0051044516763331,180.09,141.82693535085207,155.8404,918.0911295330524,53.7008
instacart,confirm,TalkyG_Diffset,0.0051044516763331,6415.27,1103.2092779364448,1.9018,4.511332577618624,0.6061
instacart,confirm,Talky_G,0.0051044516763331,6344.36,1162.1364277165815,1.9431,5.60593063169955,0.6138
instacart,confirm,Zart,0.0051044516763331,839.86,799.3287824267888,48.2527,810.7532610423601,24.7684
instacart,confirm,Apriori_Gen_Borgelt,0.0016062160370096,21.2,15.030184100533873,0.1277,0.3638233302944605,0.0749
instacart,confirm,DefMe,0.0016062160370096,3550.96,2079.2759654326583,2.3679,117.50683240480006,1.2698
instacart,confirm,Eclat_Gen_Borgelt,0.0016062160370096,30.13,23.17322543665626,0.1328,0.15453748999125877,0.0784
instacart,confirm,FPgrowth_Gen_Borgelt,0.0016062160370096,38.09,24.97354493813222,0.1584,0.18150337263708516,0.084
instacart,confirm,Gr_growth,0.0016062160370096,33.65,29.819004611577427,0.2098,0.2351350179168054,0.1316
instacart,confirm,TalkyG_Diffset,0.0016062160370096,6439.02,1109.202011285871,1.9335,4.605782082664966,0.623
instacart,confirm,Talky_G,0.0016062160370096,6332.77,1169.699174033634,1.9939,5.640487263483738,0.6294
instacart,confirm,Zart,0.0016062160370096,1488.22,1164.1929616217526,931.4396,1327.5909264553648,550.9333
instacart,confirm,Pascal,0.0016062160370096,279.84,166.02894220136042,1409.1824,1411.5496537400868,834.7978
instacart,confirm,Apriori_Gen_Borgelt,0.0005849446303226,42.05,27.486490024642578,0.2013,0.4077335564849367,0.1082
instacart,confirm,DefMe,0.0005849446303226,3440.54,2270.7331582769693,13.1656,208.7894283219787,3.6265
instacart,confirm,Eclat_Gen_Borgelt,0.0005849446303226,36.34,31.038196404263424,0.1698,0.1474274453484016,0.0919
instacart,confirm,FPgrowth_Gen_Borgelt,0.0005849446303226,57.57,35.522745707272186,0.2543,0.21161685670995672,0.1091
instacart,confirm,Gr_growth,0.0005849446303226,43.54,33.78771522937402,0.3837,0.26189004847236097,0.1566
instacart,confirm,TalkyG_Diffset,0.0005849446303226,7084.23,1390.4082104185652,2.2056,24.881433070002632,0.623
instacart,confirm,Talky_G,0.0005849446303226,6751.86,1500.7291209157756,2.2468,5.667153980150405,0.6294
instacart,confirm,Apriori_Gen_Borgelt,0.0002267374951413,118.42,31.632956310736116,0.3648,0.412074961787967,0.1082
instacart,confirm,DefMe,0.0002267374951413,3565.39,2293.3248871946603,60.3934,199.2594240195978,3.6265
instacart,confirm,Eclat_Gen_Borgelt,0.0002267374951413,43.73,58.29208939496782,0.2303,0.18235324443265066,0.0919
instacart,confirm,FPgrowth_Gen_Borgelt,0.0002267374951413,84.72,67.47418439571219,0.386,0.23391251590909093,0.1095
instacart,confirm,Gr_growth,0.0002267374951413,51.17,43.22261847440397,0.6231,0.3133116555250305,0.1566
instacart,confirm,TalkyG_Diffset,0.0002267374951413,7970.41,1442.2784456880856,3.7286,52.48516552048964,0.623
instacart,confirm,Talky_G,0.0002267374951413,7409.39,1596.7387683834838,3.5229,16.480639821221835,0.6294
ionosphere,fresh6,Apriori_Gen_Borgelt,0.344017094017094,3.02,16.769794373293884,0.008,26.005609191096397,0.212
ionosphere,fresh6,Eclat_Gen_Borgelt,0.344017094017094,3.16,41.86975070211091,0.0079,1.2307667076172604,0.0238
ionosphere,fresh6,DefMe,0.344017094017094,79.86,253.04828527751093,0.2381,122.44307872621548,0.2792
ionosphere,fresh6,FPgrowth_Gen_Borgelt,0.344017094017094,3.22,24.29690563722274,0.0088,1.0163145018019561,0.0144
ionosphere,fresh6,Gr_growth,0.344017094017094,13.75,55.56690481573324,0.0095,1.3534801978368853,0.0147
ionosphere,fresh6,Pascal,0.344017094017094,78.67,127.59107218426804,0.2698,1123.1357706987053,3.0817
ionosphere,fresh6,TalkyG_Diffset,0.344017094017094,79.55,215.50457452816045,0.3013,411.49918044107693,0.3083
ionosphere,fresh6,Talky_G,0.344017094017094,78.62,194.16003867043761,0.3464,424.4489074038528,0.3159
ionosphere,fresh6,Zart,0.344017094017094,75.61,296.55011378900014,0.3004,1656.5446132234529,354.6493
ionosphere,fresh6,FGC_Stream,0.344017094017094,5.15,27.76269580712582,0.0278,2359.105567607214,3600.0
ionosphere,fresh6,Apriori_Gen_Borgelt,0.1987179487179487,2.85,18.409198107215165,0.0085,26.013011054420573,0.3086
ionosphere,fresh6,Eclat_Gen_Borgelt,0.1987179487179487,3.35,54.47295987595746,0.0079,1.3055727022601173,0.0267
ionosphere,fresh6,DefMe,0.1987179487179487,75.62,279.90256207207443,0.2847,168.629152274069,0.2793
ionosphere,fresh6,FPgrowth_Gen_Borgelt,0.1987179487179487,3.66,31.85675927617679,0.0085,1.0170002654050199,0.0161
ionosphere,fresh6,Gr_growth,0.1987179487179487,14.07,78.24872441597893,0.0097,1.4851634296023422,0.0168
ionosphere,fresh6,Pascal,0.1987179487179487,76.88,136.5928146821206,0.4259,1146.749829704261,11.4804
ionosphere,fresh6,TalkyG_Diffset,0.1987179487179487,77.91,222.70724270354762,0.3156,449.82692150503806,0.3083
ionosphere,fresh6,Talky_G,0.1987179487179487,79.75,200.69632496722144,0.306,501.71126540663056,0.3159
ionosphere,fresh6,FGC_Stream,0.1987179487179487,5.31,29.6174060986839,0.0694,2363.304868098881,3600.0
ionosphere,fresh6,Zart,0.1987179487179487,120.65,332.9752348534125,0.9632,1764.7804402873599,908.8655
ionosphere,fresh6,Apriori_Gen_Borgelt,0.1047008547008547,3.16,19.482663994678983,0.01,26.016700206801524,0.3086
ionosphere,fresh6,DefMe,0.1047008547008547,93.78,351.5929338947365,0.253,183.5838641837912,0.2807
ionosphere,fresh6,Eclat_Gen_Borgelt,0.1047008547008547,5.04,66.48843219771659,0.0104,1.3071315695220223,0.0278
ionosphere,fresh6,FPgrowth_Gen_Borgelt,0.1047008547008547,5.42,40.57603318844483,0.0104,1.0177925308812101,0.0212
ionosphere,fresh6,Gr_growth,0.1047008547008547,14.07,78.4771292231643,0.0153,1.4862382720265845,0.0171
ionosphere,fresh6,Pascal,0.1047008547008547,87.39,194.00948815104707,0.4527,1194.3112270096178,20.6284
ionosphere,fresh6,TalkyG_Diffset,0.1047008547008547,90.0,238.63456585882673,0.2581,502.02529993202216,0.3083
ionosphere,fresh6,Talky_G,0.1047008547008547,83.15,213.31045731385046,0.2726,536.5154599935353,0.3159
ionosphere,fresh6,Zart,0.1047008547008547,389.35,340.91867345649047,2.9561,1884.9542321920314,3600.0
ionosphere,fresh6,FGC_Stream,0.1047008547008547,7.19,35.38547945418626,0.6926,2365.3988354219327,3600.0
ionosphere,fresh6,Apriori_Gen_Borgelt,0.0448717948717948,7.59,21.40733525051165,0.0984,26.017117165134863,0.3086
ionosphere,fresh6,DefMe,0.0448717948717948,219.84,383.0661228108737,0.3769,210.0933542647435,0.3504
ionosphere,fresh6,Eclat_Gen_Borgelt,0.0448717948717948,15.54,72.27164746656098,0.0378,1.3085398584109111,0.0278
ionosphere,fresh6,FPgrowth_Gen_Borgelt,0.0448717948717948,18.75,45.47079225220564,0.0327,1.019137510047877,0.0212
ionosphere,fresh6,Gr_growth,0.0448717948717948,16.11,82.01232917698579,0.0488,1.4869132470265847,0.0174
ionosphere,fresh6,TalkyG_Diffset,0.0448717948717948,142.36,253.430344168716,4.4738,502.0263201873793,0.3172
ionosphere,fresh6,Talky_G,0.0448717948717948,143.76,224.850062819496,4.3865,546.8118930955195,0.3159
ionosphere,fresh6,Pascal,0.0448717948717948,381.57,195.83511840556005,181.2063,1295.9464200982181,57.691
ionosphere,fresh6,FGC_Stream,0.0448717948717948,85.88,35.38547945418626,6.935,2372.176647179995,3600.0
ionosphere,fresh6,Apriori_Gen_Borgelt,0.0334757834757834,17.84,22.23613595339007,0.2997,26.01728249846819,0.3086
ionosphere,fresh6,DefMe,0.0334757834757834,365.11,395.02210275332413,0.5086,210.0969017647435,0.3504
ionosphere,fresh6,Eclat_Gen_Borgelt,0.0334757834757834,23.0,72.84012573866256,0.0935,1.3089912959109113,0.0278
ionosphere,fresh6,FPgrowth_Gen_Borgelt,0.0334757834757834,27.67,45.63002800964611,0.0728,1.019137510047877,0.0212
ionosphere,fresh6,Gr_growth,0.0334757834757834,19.69,82.69156029316795,0.115,1.4869132470265847,0.0174
ionosphere,fresh6,TalkyG_Diffset,0.0334757834757834,318.43,260.43535387491045,95.9777,500.3016773028554,0.3172
ionosphere,fresh6,Talky_G,0.0334757834757834,290.73,228.49349266133044,97.6916,546.8119156764718,0.3159
ionosphere,fresh6,FGC_Stream,0.0334757834757834,208.99,35.38547945418626,16.5376,2373.510612463329,3600.0
kddcup99,extra2,Apriori_Gen_Borgelt,0.76716775,109.04,144.31057551764476,0.4103,2.234321826554736,0.1783
kddcup99,extra2,DefMe,0.76716775,654.63,674.1407045993909,0.9647,163.2909430998082,0.686
kddcup99,extra2,Eclat_Gen_Borgelt,0.76716775,109.38,81.80557183827995,0.4224,1.1989056100288604,0.3181
kddcup99,extra2,FPgrowth_Gen_Borgelt,0.76716775,109.52,98.96570822277266,0.3795,1.3096032219842662,0.3033
kddcup99,extra2,Gr_growth,0.76716775,13.6,14.303787704611219,0.3125,0.7461055043345542,0.1065
kddcup99,extra2,Pascal,0.76716775,638.95,413.5088066848688,1.3842,406.95698603743415,2.493
kddcup99,extra2,TalkyG_Diffset,0.76716775,697.42,692.4273459797125,1.3352,95.50764006997521,0.6012
kddcup99,extra2,Talky_G,0.76716775,683.85,651.1499833509621,1.4308,76.07314085985162,0.6705
kddcup99,extra2,Zart,0.76716775,1333.46,990.7346434277179,2.0421,726.6432368737132,2.8441
kddcup99,extra2,Apriori_Gen_Borgelt,0.45114675,109.21,146.47230122469574,0.4542,3.625704847189657,0.2227
kddcup99,extra2,DefMe,0.45114675,1415.4,806.3537357811208,1.5365,185.48171702603477,0.7757
kddcup99,extra2,Eclat_Gen_Borgelt,0.45114675,109.32,100.11030483158913,0.4993,1.2820555747835503,0.3524
kddcup99,extra2,FPgrowth_Gen_Borgelt,0.45114675,109.38,116.25084830698837,0.4676,1.6286720639214953,0.4765
kddcup99,extra2,Gr_growth,0.45114675,13.64,15.015705579018872,0.2815,0.9815969147963152,0.1769
kddcup99,extra2,TalkyG_Diffset,0.45114675,818.47,726.0807716854102,1.4233,106.98956407870537,0.6137
kddcup99,extra2,Talky_G,0.45114675,815.58,674.7236941829177,1.3662,104.74289113360703,0.6806
kddcup99,extra2,Pascal,0.45114675,622.07,410.1691479948111,40.6292,539.3005492345662,7.1688
kddcup99,extra2,Zart,0.45114675,1336.42,999.2112233607844,354.6493,1007.0271574280604,25.105
kddcup99,extra2,Apriori_Gen_Borgelt,0.00029375,113.03,149.52027806087366,0.5174,5.452750572766857,0.3985
kddcup99,extra2,DefMe,0.00029375,1379.25,1572.465118070749,16.3038,397.07824314993013,2.6059
kddcup99,extra2,Eclat_Gen_Borgelt,0.00029375,113.06,132.77139892470367,0.553,1.4526297347582977,0.4086
kddcup99,extra2,FPgrowth_Gen_Borgelt,0.00029375,113.27,154.47628014665773,0.5021,1.8001322686521812,0.4903
kddcup99,extra2,Gr_growth,0.00029375,16.14,21.91168380553744,0.3426,1.2107389599469973,0.2006
kddcup99,extra2,TalkyG_Diffset,0.00029375,1547.34,1049.4316508889265,4.2389,167.56811587644924,0.8796
kddcup99,extra2,Talky_G,0.00029375,1499.53,929.6583205539091,3.3176,179.020256711475,0.8454
kddcup99,extra2,Pascal,0.00029375,767.3,412.56743819230155,3588.2038,1463.322778275175,229.861
kddcup99,extra2,Apriori_Gen_Borgelt,2.775e-05,113.26,149.52027806087366,0.5342,5.452750572766857,0.3985
kddcup99,extra2,DefMe,2.775e-05,1297.85,1582.693544747584,22.6675,416.91888548683494,2.6059
kddcup99,extra2,Eclat_Gen_Borgelt,2.775e-05,112.89,136.88863042489217,0.5512,1.453368634758298,0.4086
kddcup99,extra2,FPgrowth_Gen_Borgelt,2.775e-05,113.39,156.06626576441542,0.5121,1.8001322686521812,0.4903
kddcup99,extra2,Gr_growth,2.775e-05,16.73,22.69197906213393,0.3537,1.2196419474469973,0.2006
kddcup99,extra2,TalkyG_Diffset,2.775e-05,1534.2,1064.8387414903636,5.1374,190.8204812722826,0.8799
kddcup99,extra2,Talky_G,2.775e-05,1542.3,949.4093838528419,4.014,190.26987721147503,0.8454
kosarak,extra,Apriori_Gen_Borgelt,0.0600247505990574,80.5,129.2574844050163,0.478,0.6219205289624848,0.0538
kosarak,extra,Eclat_Gen_Borgelt,0.0600247505990574,80.63,94.57027718667916,0.5085,0.27650637909521036,0.0544
kosarak,extra,FPgrowth_Gen_Borgelt,0.0600247505990574,80.34,85.58471793600046,0.4765,0.28153091159534915,0.0522
kosarak,extra,Gr_growth,0.0600247505990574,13.8,16.199005191907464,0.2381,0.38084983710602266,0.0381
kosarak,extra,DefMe,0.0600247505990574,7895.45,583.241574983396,3.3042,95.40400280355064,0.3992
kosarak,extra,Pascal,0.0600247505990574,478.26,405.36168898182564,1.5701,627.459966583903,4.288
kosarak,extra,Zart,0.0600247505990574,1065.57,890.1414257795732,2.3451,644.8206466923514,2.2642
kosarak,extra,Apriori_Gen_Borgelt,0.0126772285392901,80.88,127.18009042801965,0.5105,0.6290438688700188,0.0627
kosarak,extra,Eclat_Gen_Borgelt,0.0126772285392901,94.79,94.11125192766545,0.5745,0.27982214515692644,0.0597
kosarak,extra,FPgrowth_Gen_Borgelt,0.0126772285392901,89.23,86.84752922232116,0.5933,0.2899382946220447,0.084
kosarak,extra,DefMe,0.0126772285392901,7918.0,603.9329686616364,3.3132,100.83452073648712,0.4591
kosarak,extra,Gr_growth,0.0126772285392901,21.45,19.589620977874397,0.3354,0.3762707382672883,0.1011
kosarak,extra,Pascal,0.0126772285392901,485.96,403.9766822099444,17.0601,863.7328487984232,19.602
kosarak,extra,Zart,0.0126772285392901,1626.61,952.4505860301505,12.2491,809.0003694846436,10.9244
kosarak,extra,Apriori_Gen_Borgelt,0.0032752349487756,81.42,127.26017920921021,0.8635,0.6378936158036408,0.0749
kosarak,extra,DefMe,0.0032752349487756,7989.88,786.2329061501151,4.3816,101.15476446026058,0.5899
kosarak,extra,Eclat_Gen_Borgelt,0.0032752349487756,124.94,95.60070751027644,0.6783,0.2876207921626984,0.0784
kosarak,extra,FPgrowth_Gen_Borgelt,0.0032752349487756,135.61,86.01266558204651,0.9033,0.29268815091713846,0.0914
kosarak,extra,Gr_growth,0.0032752349487756,63.79,21.589746229731624,0.9369,0.3749273290681541,0.1316
kosarak,extra,Pascal,0.0032752349487756,492.09,403.9284514110814,686.1005,1142.831532313192,56.3277
kosarak,extra,Zart,0.0032752349487756,1732.91,985.0475325768614,550.9333,976.9079017798819,25.105
kosarak,extra,Apriori_Gen_Borgelt,0.0013246977425311,93.03,126.32429032798903,10.8181,0.6535959328851704,0.0749
kosarak,extra,DefMe,0.0013246977425311,8012.86,1478.2429294348162,206.058,103.97609436558164,1.2698
kosarak,extra,Eclat_Gen_Borgelt,0.0013246977425311,154.16,97.2110961047268,1.2067,0.29530229216269843,0.0784
kosarak,extra,FPgrowth_Gen_Borgelt,0.0013246977425311,212.75,88.89474798416977,1.9742,0.29783560320790325,0.1091
kosarak,extra,Gr_growth,0.0013246977425311,120.23,25.031731175752416,2.9051,0.38353331121101125,0.1445
krk,fresh4,Apriori_Gen_Borgelt,0.0697087966923296,6.58,20.47022473409726,0.0137,6.393152471897874,0.1531
krk,fresh4,DefMe,0.0697087966923296,95.91,321.26416359378163,0.2247,114.51712851537503,0.6457
krk,fresh4,Eclat_Gen_Borgelt,0.0697087966923296,8.16,22.60735838293148,0.0168,1.7316117626359748,0.1569
krk,fresh4,FPgrowth_Gen_Borgelt,0.0697087966923296,6.98,35.84238400246442,0.0103,1.3179296424408926,0.1205
krk,fresh4,Gr_growth,0.0697087966923296,15.68,13.707600034265191,0.0155,1.015656138705249,0.1065
krk,fresh4,Pascal,0.0697087966923296,97.16,169.76390786324131,0.4272,889.7202521785065,19.602
krk,fresh4,TalkyG_Diffset,0.0697087966923296,97.14,265.5920768436729,0.2383,199.70170355595098,0.6844
krk,fresh4,Talky_G,0.0697087966923296,96.49,223.69600034220076,0.234,247.55651051181496,0.6972
krk,fresh4,Zart,0.0697087966923296,96.81,303.98634241201097,0.5459,1175.387434722254,98.4032
krk,fresh4,FGC_Stream,0.0697087966923296,25.29,73.54158878241388,70.3115,769.4534138547785,179.3822
krk,fresh4,Apriori_Gen_Borgelt,0.0409805389221556,6.55,20.715462288022398,0.0208,5.908736416342318,0.1531
krk,fresh4,DefMe,0.0409805389221556,97.64,343.6009692008381,0.2261,114.71741593318362,0.6457
krk,fresh4,Eclat_Gen_Borgelt,0.0409805389221556,8.32,22.933374814825434,0.0206,1.6662974753343878,0.1722
krk,fresh4,FPgrowth_Gen_Borgelt,0.0409805389221556,7.45,34.38660926465292,0.016,1.3224438271631147,0.1427
krk,fresh4,Gr_growth,0.0409805389221556,16.1,15.076674824860362,0.0139,1.0423771825544554,0.1065
krk,fresh4,Pascal,0.0409805389221556,94.41,174.2955473679995,0.5047,891.2086991071861,20.6284
krk,fresh4,TalkyG_Diffset,0.0409805389221556,97.68,265.0856553630337,0.2507,197.61722744761767,0.6844
krk,fresh4,Talky_G,0.0409805389221556,98.68,224.89977741278062,0.2331,247.08982967312448,0.6972
krk,fresh4,Zart,0.0409805389221556,121.57,330.0924839406628,0.679,1178.5870624686827,98.4032
krk,fresh4,FGC_Stream,0.0409805389221556,24.71,73.52059886624151,106.585,782.3452518851358,201.3183
krk,fresh4,Apriori_Gen_Borgelt,0.0042326062161391,7.07,23.597266386242406,0.0226,5.9165869185248585,0.163
krk,fresh4,DefMe,0.0042326062161391,168.6,582.256693485229,0.2571,106.84486874149891,0.9844
krk,fresh4,Eclat_Gen_Borgelt,0.0042326062161391,10.8,29.00457798083095,0.0304,1.6613456392232766,0.1722
krk,fresh4,FPgrowth_Gen_Borgelt,0.0042326062161391,13.78,45.72335411862872,0.0262,1.3289245275904653,0.1437
krk,fresh4,Gr_growth,0.0042326062161391,16.41,22.203566147678824,0.0224,1.0689815974714827,0.1571
krk,fresh4,Pascal,0.0042326062161391,100.01,168.18321788430552,2.3198,1044.0494597254583,57.691
krk,fresh4,TalkyG_Diffset,0.0042326062161391,134.73,275.0597762778213,0.255,194.11819508511763,0.7822
krk,fresh4,Talky_G,0.0042326062161391,140.87,234.60265373637273,0.262,255.26087856098795,0.7825
krk,fresh4,Zart,0.0042326062161391,133.46,709.1800195485068,8.1115,1259.800170354,126.5752
krk,fresh4,FGC_Stream,0.0042326062161391,29.46,73.93154579824868,230.9086,823.0945315668818,218.4696
krk,fresh4,Apriori_Gen_Borgelt,0.0019514542343883,7.39,25.501420756327047,0.0343,5.944748900072478,0.1783
krk,fresh4,DefMe,0.0019514542343883,269.83,736.152922075595,0.3206,108.11360692975649,0.9878
krk,fresh4,Eclat_Gen_Borgelt,0.0019514542343883,15.09,37.519206774080594,0.0276,1.6641989237470862,0.1722
krk,fresh4,FPgrowth_Gen_Borgelt,0.0019514542343883,17.87,59.780889700702815,0.0248,1.342946500961539,0.1437
krk,fresh4,Gr_growth,0.0019514542343883,16.57,23.03169502632871,0.0334,1.0852122284238637,0.1572
krk,fresh4,Pascal,0.0019514542343883,102.55,178.099053455804,4.1152,1121.4742631161325,83.7692
krk,fresh4,TalkyG_Diffset,0.0019514542343883,201.76,277.26876055140144,0.2945,197.79787326011763,0.8067
krk,fresh4,Talky_G,0.0019514542343883,199.62,240.05711818254397,0.3032,258.9782185246784,0.8454
krk,fresh4,Zart,0.0019514542343883,162.46,947.0347163078292,23.3557,1351.583632126619,545.852
krk,fresh4,FGC_Stream,0.0019514542343883,37.49,74.69638988266911,266.7521,837.4917641960485,218.4696
letter,fresh4,Apriori_Gen_Borgelt,0.1434875,5.5,13.80667487416549,0.0172,6.288098747060211,0.1027
letter,fresh4,DefMe,0.1434875,104.68,200.45186420764202,0.2365,80.98490001735013,0.4789
letter,fresh4,Eclat_Gen_Borgelt,0.1434875,6.89,13.583256026861262,0.0162,1.0162048898476523,0.1071
letter,fresh4,FPgrowth_Gen_Borgelt,0.1434875,6.64,20.140422486023148,0.0148,0.8343646847689078,0.081
letter,fresh4,Gr_growth,0.1434875,15.32,13.203014210805529,0.0193,0.7354420520766,0.036
letter,fresh4,Pascal,0.1434875,99.17,130.19475470508038,0.4086,816.7848017569969,12.1523
letter,fresh4,TalkyG_Diffset,0.1434875,104.79,168.75962463428672,0.267,172.6591869574301,0.7181
letter,fresh4,Talky_G,0.1434875,105.61,149.43522685605404,0.2563,182.85277194885953,0.6972
letter,fresh4,Zart,0.1434875,196.2,296.9922686121612,0.4997,1372.666618150781,126.5752
letter,fresh4,FGC_Stream,0.1434875,36.73,64.43953365336381,42.8573,681.6846068908425,201.3183
letter,fresh4,Apriori_Gen_Borgelt,0.0615875,6.26,14.971013630914358,0.034,6.3058759534094175,0.141
letter,fresh4,DefMe,0.0615875,117.26,278.8408351040927,0.2547,120.83489324592156,0.5899
letter,fresh4,Eclat_Gen_Borgelt,0.0615875,8.61,15.842827078762715,0.0246,1.0196869471708847,0.1091
letter,fresh4,FPgrowth_Gen_Borgelt,0.0615875,11.14,23.189294087593442,0.0237,0.8365629609593839,0.0825
letter,fresh4,Gr_growth,0.0615875,19.69,13.63456555605028,0.0255,0.7338787929496158,0.0427
letter,fresh4,Pascal,0.0615875,100.65,178.16840179596943,1.8515,980.6539443238802,40.6292
letter,fresh4,TalkyG_Diffset,0.0615875,103.52,203.7568510281704,0.2693,175.7617839794539,0.8067
letter,fresh4,Talky_G,0.0615875,110.01,174.66620544798795,0.2728,194.05355960302614,0.6972
letter,fresh4,Zart,0.0615875,380.79,312.42388557173115,2.3774,1478.9619906089158,126.5752
letter,fresh4,FGC_Stream,0.0615875,36.91,68.09459762131686,171.4058,708.9722655435302,233.2462
letter,fresh4,Apriori_Gen_Borgelt,0.0253875,6.91,15.449565856032816,0.0495,5.823613486742751,0.141
letter,fresh4,DefMe,0.0253875,158.53,299.04710294881096,0.2724,125.36619258479243,0.6457
letter,fresh4,Eclat_Gen_Borgelt,0.0253875,10.3,16.246739007313053,0.0393,0.9539410154248531,0.1403
letter,fresh4,FPgrowth_Gen_Borgelt,0.0253875,17.39,23.50875557522105,0.046,0.8414671804038283,0.0983
letter,fresh4,Gr_growth,0.0253875,21.72,15.040766530633173,0.0515,0.7696165772750126,0.1065
letter,fresh4,Pascal,0.0253875,111.71,176.42319809329948,5.4453,1019.0503822606046,56.3277
letter,fresh4,TalkyG_Diffset,0.0253875,115.44,213.3037292942899,0.278,170.02942446278723,0.8067
letter,fresh4,Talky_G,0.0253875,113.94,181.69810649445046,0.331,193.6940942113595,0.7463
letter,fresh4,Zart,0.0253875,405.02,339.5276212203856,11.2793,1488.0350752208208,354.6493
letter,fresh4,FGC_Stream,0.0253875,38.93,68.25141291157865,334.3325,711.4543913469031,233.2462
letter,fresh4,Apriori_Gen_Borgelt,0.0082875,8.02,17.217839841287432,0.1022,5.82650575063164,0.1482
letter,fresh4,DefMe,0.0082875,383.31,387.1763483763321,0.4081,124.57097215046701,0.7757
letter,fresh4,Eclat_Gen_Borgelt,0.0082875,17.55,18.80266964673951,0.0972,0.9553954828851705,0.1403
letter,fresh4,FPgrowth_Gen_Borgelt,0.0082875,50.93,27.971359686931624,0.0918,0.848410878022876,0.1091
letter,fresh4,Gr_growth,0.0082875,22.82,17.761516249176715,0.0989,0.7847454144503373,0.1492
letter,fresh4,Pascal,0.0082875,124.96,173.33927898158984,32.6666,1142.5196968676391,83.7692
letter,fresh4,TalkyG_Diffset,0.0082875,383.57,218.31884244095227,0.4105,179.2505433433428,0.8799
letter,fresh4,Talky_G,0.0082875,364.48,186.25241216940827,0.4143,207.10128234151819,0.7825
letter,fresh4,Zart,0.0082875,555.38,612.7568326089414,129.4162,1533.2402108359543,550.0992
letter,fresh4,Apriori_Gen_Borgelt,0.0008375,85.64,24.10595821288447,1.8053,5.845904772060211,0.1783
letter,fresh4,DefMe,0.0008375,837.99,593.1084385346692,6.2694,123.44956392275724,1.1293
letter,fresh4,Eclat_Gen_Borgelt,0.0008375,116.78,34.05456151415462,1.0765,0.9581568690864691,0.1429
letter,fresh4,FPgrowth_Gen_Borgelt,0.0008375,171.55,49.8351599104134,0.8946,0.8745991336935941,0.1104
letter,fresh4,Gr_growth,0.0008375,77.04,20.552447744209307,1.1374,0.8076273261566865,0.1572
liquor,hard,Apriori_Gen_Borgelt,0.0009543266002954,11.58,24.75466884231422,0.0611,0.8142978966188783,0.1611
liquor,hard,DefMe,0.0009543266002954,625.98,1324.1084456036674,0.7542,147.9025728824731,2.6059
liquor,hard,Eclat_Gen_Borgelt,0.0009543266002954,20.0,33.964081656920605,0.0665,0.31003575811827067,0.1481
liquor,hard,FPgrowth_Gen_Borgelt,0.0009543266002954,31.92,44.35986471052112,0.0654,0.3128244264707515,0.1452
liquor,hard,Gr_growth,0.0009543266002954,27.74,21.60662355967535,0.0803,0.3301326654307294,0.1571
liquor,hard,Pascal,0.0009543266002954,134.04,308.4136159666365,224.7158,1780.9152364364536,995.6832
liquor,hard,Zart,0.0009543266002954,1107.96,1169.8459679456007,505.3404,1894.154612701312,1057.9855
liquor,hard,Apriori_Gen_Borgelt,0.0002253937196677,21.46,32.793044104403876,0.1268,0.8134274116441308,0.163
liquor,hard,DefMe,0.0002253937196677,754.27,1370.0382492879767,2.4276,157.17598678048896,5.0359
liquor,hard,Eclat_Gen_Borgelt,0.0002253937196677,26.93,63.37751452726074,0.1104,0.3411554807442558,0.15
liquor,hard,FPgrowth_Gen_Borgelt,0.0002253937196677,48.78,79.15201557554244,0.1111,0.33113143188200683,0.1452
liquor,hard,Gr_growth,0.0002253937196677,30.7,22.246434669731904,0.1452,0.3779552043196183,0.1572
lymph,fresh6,Apriori_Gen_Borgelt,0.7415540540540541,2.86,5.903716100080324,0.0065,6.48154636046289,0.0475
lymph,fresh6,Eclat_Gen_Borgelt,0.7415540540540541,3.0,9.512671394026983,0.0071,1.1826696858293022,0.0491
lymph,fresh6,DefMe,0.7415540540540541,70.45,139.613512950053,0.2199,65.62056789412476,0.2793
lymph,fresh6,FPgrowth_Gen_Borgelt,0.7415540540540541,3.03,11.239325533017853,0.0113,0.9381965133116885,0.0345
lymph,fresh6,Gr_growth,0.7415540540540541,13.75,14.00391177889133,0.0092,0.9800561256549009,0.0535
lymph,fresh6,Pascal,0.7415540540540541,74.35,131.6987281410701,0.279,483.0710771779527,0.8281
lymph,fresh6,TalkyG_Diffset,0.7415540540540541,72.18,154.08587488243865,0.2262,112.43704451085722,0.3134
lymph,fresh6,Talky_G,0.7415540540540541,72.07,156.83900991909516,0.2349,145.8046222064253,0.2879
lymph,fresh6,Zart,0.7415540540540541,68.89,188.3884879873004,0.2371,865.9896878109856,3.0932
lymph,fresh6,FGC_Stream,0.7415540540540541,4.21,48.0270327024915,0.0067,539.238645042821,8.3822
lymph,fresh6,Apriori_Gen_Borgelt,0.3631756756756756,2.97,16.08198586395471,0.0079,14.5116072235942,0.1783
lymph,fresh6,Eclat_Gen_Borgelt,0.3631756756756756,3.4,21.353233429145174,0.0086,2.7051212189461857,0.1722
lymph,fresh6,DefMe,0.3631756756756756,73.04,215.2160488691674,0.2737,92.87089005218752,0.3581
lymph,fresh6,FPgrowth_Gen_Borgelt,0.3631756756756756,3.54,29.480273689476206,0.0079,2.2158725236971355,0.1464
lymph,fresh6,Gr_growth,0.3631756756756756,13.75,22.338343286752462,0.0101,2.037857811520424,0.1065
lymph,fresh6,Pascal,0.3631756756756756,80.54,158.69883569092764,0.3383,975.5725343807483,3.0817
lymph,fresh6,TalkyG_Diffset,0.3631756756756756,77.62,265.8281828416163,0.2735,227.39983548228577,0.323
lymph,fresh6,Talky_G,0.3631756756756756,76.12,267.80973278600186,0.3256,275.09462090621855,0.3067
lymph,fresh6,Zart,0.3631756756756756,87.42,300.04814391646516,0.3051,1429.0261927816746,98.4032
lymph,fresh6,FGC_Stream,0.3631756756756756,4.38,55.49900099323832,0.0968,695.5224019052906,69.8936
lymph,fresh6,Apriori_Gen_Borgelt,0.0861486486486486,3.38,24.995811131681563,0.0162,15.34882100895745,0.208
lymph,fresh6,DefMe,0.0861486486486486,105.97,334.22078850636484,0.2631,134.39241332529915,0.3581
lymph,fresh6,Eclat_Gen_Borgelt,0.0861486486486486,10.64,45.61877181944354,0.0156,3.1494908986900536,0.1804
lymph,fresh6,FPgrowth_Gen_Borgelt,0.0861486486486486,11.23,57.26815469612848,0.0149,2.5586010062368185,0.1523
lymph,fresh6,Gr_growth,0.0861486486486486,14.26,30.89578498348872,0.0182,2.265029997498335,0.1205
lymph,fresh6,Pascal,0.0861486486486486,98.4,204.39182091051418,1.7983,1167.0352054688976,54.9236
lymph,fresh6,TalkyG_Diffset,0.0861486486486486,94.35,315.33855219828985,0.298,287.93569768010315,0.323
lymph,fresh6,Talky_G,0.0861486486486486,108.82,311.6398319710484,0.3071,326.76665715780587,0.3107
lymph,fresh6,Zart,0.0861486486486486,195.3,363.79334374997666,101.9251,1798.8053282484575,1057.9855
lymph,fresh6,FGC_Stream,0.0861486486486486,20.83,60.19974601295855,0.9909,837.3696594248975,233.2462
microblog_set,fresh,Apriori_Gen_Borgelt,0.5635198135198135,8.11,17.11893209928221,0.0414,7.533289976568678,0.1273
microblog_set,fresh,DefMe,0.5635198135198135,98.39,348.2201661461472,0.3068,130.82367513421718,0.4143
microblog_set,fresh,Eclat_Gen_Borgelt,0.5635198135198135,8.34,34.847871906430996,0.0192,0.7533444097645411,0.0529
microblog_set,fresh,FPgrowth_Gen_Borgelt,0.5635198135198135,8.44,26.468986627639904,0.027,0.46232919915501175,0.0451
microblog_set,fresh,Gr_growth,0.5635198135198135,13.96,24.442587819015674,0.0113,0.8395028894972675,0.0641
microblog_set,fresh,Pascal,0.5635198135198135,96.19,216.18447159264554,0.5068,1290.8608047263579,54.9236
microblog_set,fresh,TalkyG_Diffset,0.5635198135198135,6789.62,473.6503869540944,2.3805,330.39302992706035,0.7851
microblog_set,fresh,Zart,0.5635198135198135,106.09,355.1014261380782,0.4141,1694.0407473310622,800.5185
microblog_set,fresh,Talky_G,0.5635198135198135,6759.13,526.1009911950886,2.3291,452.3498183334706,1.1451
microblog_set,fresh,FGC_Stream,0.5635198135198135,22.04,90.15485942755416,0.1462,1791.2786367975646,936.4791
microblog_set,fresh,Apriori_Gen_Borgelt,0.2954545454545454,8.09,39.792833054835654,0.0161,14.497999115854395,0.2125
microblog_set,fresh,DefMe,0.2954545454545454,96.07,461.8186329200826,0.2437,187.03856970003613,0.6254
microblog_set,fresh,Eclat_Gen_Borgelt,0.2954545454545454,8.76,76.9218504987139,0.0134,0.937575846669303,0.0544
microblog_set,fresh,FPgrowth_Gen_Borgelt,0.2954545454545454,8.9,52.63251196922718,0.0156,0.9045283286643914,0.0522
microblog_set,fresh,Gr_growth,0.2954545454545454,13.96,63.67777971576954,0.0135,1.3237984334366613,0.0983
microblog_set,fresh,Pascal,0.2954545454545454,101.8,215.45429241337754,0.3218,1466.3322073933982,124.7782
microblog_set,fresh,TalkyG_Diffset,0.2954545454545454,6741.52,666.2416034118572,1.6101,549.3447848680485,1.7948
microblog_set,fresh,Talky_G,0.2954545454545454,6747.52,696.6524659162071,1.6436,618.1860595666054,1.8774
microblog_set,fresh,Zart,0.2954545454545454,130.64,394.4769896772544,0.3444,1791.150764713241,1079.0713
microblog_set,fresh,FGC_Stream,0.2954545454545454,22.31,80.42830178956375,0.7759,1871.348828234902,2925.0589
microblog_set,fresh,Apriori_Gen_Borgelt,0.1276223776223776,8.09,43.89278954534168,0.03,15.14065293957373,0.2125
microblog_set,fresh,DefMe,0.1276223776223776,116.47,488.4029916221152,0.2564,206.0266942362194,0.6254
microblog_set,fresh,Eclat_Gen_Borgelt,0.1276223776223776,15.73,91.01252565302256,0.0265,1.0417302006375568,0.0571
microblog_set,fresh,FPgrowth_Gen_Borgelt,0.1276223776223776,16.54,61.87008220066039,0.0244,0.9047468645618271,0.0522
microblog_set,fresh,Gr_growth,0.1276223776223776,14.76,81.09097726011004,0.021,1.5030458070477724,0.0983
microblog_set,fresh,Pascal,0.1276223776223776,98.01,223.70324672399283,1.7852,1475.9385565183984,124.7782
microblog_set,fresh,TalkyG_Diffset,0.1276223776223776,6820.73,676.7519953811121,1.7349,614.5522417885572,1.7948
microblog_set,fresh,Talky_G,0.1276223776223776,6761.39,709.546053069833,1.6889,651.7916685261293,1.8774
microblog_set,fresh,Zart,0.1276223776223776,628.55,419.18215056202473,13.7004,1817.233521876931,1079.0713
microblog_set,fresh,FGC_Stream,0.1276223776223776,44.24,81.73586347018932,13.0821,1845.5425542526514,998.0178
microblog_set,fresh,Apriori_Gen_Borgelt,0.0623543123543123,22.38,43.780005319832505,0.3207,15.140851786795952,0.2125
microblog_set,fresh,DefMe,0.0623543123543123,380.18,501.4051063915302,0.5176,217.791083252886,0.6254
microblog_set,fresh,Eclat_Gen_Borgelt,0.0623543123543123,37.04,92.0895763069363,0.1603,1.0425611980581917,0.0597
microblog_set,fresh,FPgrowth_Gen_Borgelt,0.0623543123543123,41.6,61.94669618407859,0.1167,0.9053535371808747,0.0801
microblog_set,fresh,Gr_growth,0.0623543123543123,26.12,81.7479954915401,0.1938,1.500467701889042,0.0983
microblog_set,fresh,Pascal,0.0623543123543123,415.81,228.93176079388067,290.7042,1493.1626810640332,138.517
microblog_set,fresh,TalkyG_Diffset,0.0623543123543123,6773.03,706.0330248749369,120.3767,614.5522976218906,1.7948
microblog_set,fresh,Talky_G,0.0623543123543123,6761.73,735.9373166519717,124.4452,651.7916594677961,1.8774
microblog_set,fresh,FGC_Stream,0.0623543123543123,488.43,82.57706517152646,149.8463,1924.2616370976907,2925.0589
microblog_set,fresh,Apriori_Gen_Borgelt,0.032051282051282,390.14,43.91683095772553,6.4472,15.141297374295952,0.2125
microblog_set,fresh,DefMe,0.032051282051282,497.0,502.39581976981685,3.1029,242.17091716320348,0.6254
microblog_set,fresh,Eclat_Gen_Borgelt,0.032051282051282,380.1,91.3066988976383,2.5584,1.0428663218677154,0.0597
microblog_set,fresh,FPgrowth_Gen_Borgelt,0.032051282051282,393.3,61.88927283146278,2.1351,0.9069288621808747,0.0801
microblog_set,fresh,Gr_growth,0.032051282051282,210.99,84.42254244270902,3.0788,1.5001615034763438,0.0983
miniboone,fresh3,Apriori_Gen_Borgelt,0.1890434709066306,63.38,43.41874600864854,0.415,27.796400133481203,1.2209
miniboone,fresh3,DefMe,0.1890434709066306,708.19,542.2660709938572,0.7061,277.2932097641095,1.72
miniboone,fresh3,Eclat_Gen_Borgelt,0.1890434709066306,114.64,80.58187447291857,0.7412,1.4206061036872848,0.1188
miniboone,fresh3,FPgrowth_Gen_Borgelt,0.1890434709066306,255.36,80.96472049671138,1.7427,1.0146779438189006,0.1205
miniboone,fresh3,Gr_growth,0.1890434709066306,233.78,39.45169388598141,1.8091,1.7173999935897433,0.2092
miniboone,fresh3,Pascal,0.1890434709066306,389.75,198.92372020731682,152.3592,1776.777499587456,975.784
miniboone,fresh3,TalkyG_Diffset,0.1890434709066306,535.01,285.9369783502627,0.92,333.0461643521825,0.6369
miniboone,fresh3,Talky_G,0.1890434709066306,542.21,277.794690268213,0.9003,321.6160952100341,0.5948
miniboone,fresh3,Zart,0.1890434709066306,886.55,351.07984432202704,187.2846,2119.594182700859,3600.0
miniboone,fresh3,Apriori_Gen_Borgelt,0.1627256581375323,63.27,43.41874600864854,0.4151,27.79662827098121,1.2209
miniboone,fresh3,DefMe,0.1627256581375323,707.52,542.2660709938572,0.6941,277.2932097641095,1.72
miniboone,fresh3,Eclat_Gen_Borgelt,0.1627256581375323,114.97,80.9937447360462,0.7559,1.4206061036872848,0.1188
miniboone,fresh3,FPgrowth_Gen_Borgelt,0.1627256581375323,255.6,81.58808678493861,2.1366,1.0146779438189006,0.1205
miniboone,fresh3,Gr_growth,0.1627256581375323,233.91,39.46146114417743,1.8249,1.7157351205738702,0.2049
miniboone,fresh3,Pascal,0.1627256581375323,391.71,199.82871156242737,147.1415,1785.1691245338848,975.784
miniboone,fresh3,TalkyG_Diffset,0.1627256581375323,538.28,286.57614731236197,0.916,333.0461643521825,0.6369
miniboone,fresh3,Talky_G,0.1627256581375323,543.18,278.4561057034932,0.9168,321.6160952100341,0.5948
miniboone,fresh3,Zart,0.1627256581375323,886.8,357.27453113964077,189.7931,2126.979681993518,3600.0
miniboone,fresh3,Apriori_Gen_Borgelt,0.0786516637962849,63.93,43.35046854553527,1.2167,27.796959037647873,1.2209
miniboone,fresh3,DefMe,0.0786516637962849,876.27,550.0551202006828,0.8922,305.7384754932762,1.72
miniboone,fresh3,Eclat_Gen_Borgelt,0.0786516637962849,118.07,81.90011217786086,1.0347,1.4191366915660724,0.1188
miniboone,fresh3,FPgrowth_Gen_Borgelt,0.0786516637962849,260.49,80.2609060891038,2.9473,1.016167122985567,0.1205
miniboone,fresh3,Gr_growth,0.0786516637962849,235.63,39.91641265329371,3.64,1.7110815431929178,0.2049
miniboone,fresh3,Pascal,0.0786516637962849,396.79,235.80631832220354,170.2234,1814.48901125948,995.6832
miniboone,fresh3,TalkyG_Diffset,0.0786516637962849,606.91,298.30603079381603,0.9413,350.93433614682533,0.6369
miniboone,fresh3,Talky_G,0.0786516637962849,604.77,287.25458261017934,0.9324,356.4644243445578,0.5948
miniboone,fresh3,Zart,0.0786516637962849,903.07,372.5895091991418,218.1192,2134.770736608796,3600.0
miniboone,fresh3,Apriori_Gen_Borgelt,0.0500196057325624,64.73,43.311668949418305,6.2937,27.797232829314538,1.2209
miniboone,fresh3,DefMe,0.0500196057325624,1486.72,546.9325869283801,2.1032,324.5107590516094,1.72
miniboone,fresh3,Eclat_Gen_Borgelt,0.0500196057325624,131.05,82.16859026525205,2.5111,1.4193109915660727,0.1188
miniboone,fresh3,FPgrowth_Gen_Borgelt,0.0500196057325624,708.55,80.07857438760671,4.3104,1.0170979793347736,0.1205
miniboone,fresh3,Gr_growth,0.0500196057325624,252.33,40.10815334556868,5.1364,1.7139200348595847,0.2092
miniboone,fresh3,TalkyG_Diffset,0.0500196057325624,888.49,300.2828445509987,1.2292,350.9344511218253,0.6369
miniboone,fresh3,Talky_G,0.0500196057325624,885.58,290.468739476973,1.1836,356.46463008582765,0.5948
miniboone,fresh3,Pascal,0.0500196057325624,400.37,235.24212397368856,339.898,1824.175322170591,995.6832
miniboone,fresh3,Apriori_Gen_Borgelt,0.0366261994095214,71.53,43.40365249414915,20.7452,27.797398162647873,1.2209
miniboone,fresh3,DefMe,0.0366261994095214,1494.07,550.4993705290858,6.1333,328.9992675516095,1.72
miniboone,fresh3,Eclat_Gen_Borgelt,0.0366261994095214,137.86,81.63416798990504,6.7618,1.347903929066073,0.1188
miniboone,fresh3,FPgrowth_Gen_Borgelt,0.0366261994095214,3588.06,80.28895687187972,15.2995,1.0175183126681069,0.1205
miniboone,fresh3,Gr_growth,0.0366261994095214,274.54,42.777843643789325,16.063,1.7339831281135525,0.2092
miniboone,fresh3,TalkyG_Diffset,0.0366261994095214,1462.31,300.50886989002913,3.8105,348.8438297562409,0.6369
miniboone,fresh3,Talky_G,0.0366261994095214,1411.04,290.8921278470316,3.5192,366.76088300963715,0.6077
mooc_set,hard,Apriori_Gen_Borgelt,0.0008208638759314,907.1,20.991852958168018,37.8125,0.6455172630854998,0.1482
mooc_set,hard,Eclat_Gen_Borgelt,0.0008208638759314,970.19,26.36752465923431,10.8294,0.3441785048389111,0.1071
mooc_set,hard,FPgrowth_Gen_Borgelt,0.0008208638759314,979.64,30.421825879762498,9.9976,0.320823412964813,0.1095
mooc_set,hard,Gr_growth,0.0008208638759314,523.45,26.13764796183016,9.6539,0.40778225286935277,0.1446
mooc_set,hard,Eclat_Gen_Borgelt,0.0002998727812443,5833.83,39.274810650715395,198.7657,0.37535365920399044,0.1071
mooc_set,hard,FPgrowth_Gen_Borgelt,0.0002998727812443,5862.23,41.04640064561714,198.1182,0.34790548320290826,0.1095
mooc_set,hard,Gr_growth,0.0002998727812443,2986.25,32.40236822367075,87.5891,0.47933048627483615,0.1566
msnbc_set,fresh,Apriori_Gen_Borgelt,0.2619613085876062,5.03,16.760592455135907,0.0121,12.63547843060941,0.208
msnbc_set,fresh,DefMe,0.2619613085876062,97.94,286.3597839240686,0.3295,153.6966622141759,0.7757
msnbc_set,fresh,Eclat_Gen_Borgelt,0.2619613085876062,5.06,22.281995621367496,0.0165,2.3342642943887983,0.1932
msnbc_set,fresh,FPgrowth_Gen_Borgelt,0.2619613085876062,5.15,26.050912266232277,0.0117,1.865233918954656,0.1604
msnbc_set,fresh,Gr_growth,0.2619613085876062,13.45,16.826254530791065,0.0161,1.452817718072858,0.1065
msnbc_set,fresh,Pascal,0.2619613085876062,97.16,163.18919626857863,0.3584,944.0831552294254,16.4821
msnbc_set,fresh,TalkyG_Diffset,0.2619613085876062,98.45,544.9161128123022,0.4215,230.82072538690474,0.7822
msnbc_set,fresh,Talky_G,0.2619613085876062,95.93,450.7426103565003,0.3397,275.00174649086864,0.6972
msnbc_set,fresh,Zart,0.2619613085876062,106.45,298.28321857890853,0.4073,1121.5169743258964,90.7496
msnbc_set,fresh,FGC_Stream,0.2619613085876062,24.68,72.3423203539734,159.049,839.081476378462,69.8936
msnbc_set,fresh,Apriori_Gen_Borgelt,0.0345942120163573,5.07,19.139228015928868,0.0224,12.165354269101474,0.208
msnbc_set,fresh,DefMe,0.0345942120163573,97.54,380.14608591014706,0.2344,186.32956208914536,0.7757
msnbc_set,fresh,Eclat_Gen_Borgelt,0.0345942120163573,6.55,31.827511651792197,0.0136,2.434798455481872,0.223
msnbc_set,fresh,FPgrowth_Gen_Borgelt,0.0345942120163573,6.1,31.55177997413566,0.0121,1.9327199522338767,0.1604
msnbc_set,fresh,Gr_growth,0.0345942120163573,14.06,19.560715260802887,0.0185,1.4083415379141284,0.1205
msnbc_set,fresh,Pascal,0.0345942120163573,99.97,188.84925998754474,0.7392,1023.7432961557786,20.6284
msnbc_set,fresh,TalkyG_Diffset,0.0345942120163573,95.84,546.4524693683137,0.249,256.8115092835317,0.8067
msnbc_set,fresh,Talky_G,0.0345942120163573,97.75,461.0492728158107,0.2512,298.2310947203093,0.6972
msnbc_set,fresh,Zart,0.0345942120163573,132.12,369.17464024970036,1.004,1293.6858677112753,98.4032
msnbc_set,fresh,Apriori_Gen_Borgelt,0.0066294432211387,4.86,21.527536128869517,0.0272,12.169063128396346,0.208
msnbc_set,fresh,DefMe,0.0066294432211387,199.18,548.1915568914866,0.2906,192.49369221255805,0.9871
msnbc_set,fresh,Eclat_Gen_Borgelt,0.0066294432211387,12.03,37.22535105695975,0.0237,2.437073131275523,0.223
msnbc_set,fresh,FPgrowth_Gen_Borgelt,0.0066294432211387,11.42,36.64269170855652,0.0216,1.9415350290737035,0.1604
msnbc_set,fresh,Gr_growth,0.0066294432211387,14.38,23.07807566400454,0.0185,1.4106188027950808,0.1446
msnbc_set,fresh,Pascal,0.0066294432211387,109.88,183.89940695071132,3.3579,1105.049612061352,56.3277
msnbc_set,fresh,TalkyG_Diffset,0.0066294432211387,135.69,558.0265925689703,0.2774,261.51537693630945,0.8067
msnbc_set,fresh,Talky_G,0.0066294432211387,119.39,467.94086748841465,0.2698,311.81132491058696,0.7825
msnbc_set,fresh,Zart,0.0066294432211387,188.27,669.3869190895387,10.0951,1331.6981774751641,354.6493
mushroom,summary,DefMe,0.2,122.4,346.31730350288956,0.2205,544.8441544005334,2.6059
mushroom,summary,DefMe,0.3,94.34,336.1142442819571,0.2045,484.5838150284012,1.9531
mushroom,summary,DefMe,0.5,96.62,325.2295231028651,0.2096,361.4142255774634,1.3447
mushroom,summary,DefMe,0.7,93.88,247.58838321836913,0.2074,270.76715241213515,0.9647
mushroom,summary,Talky_G,0.2,98.43,256.6937846682708,0.2252,617.049083146659,2.0661
mushroom,summary,Talky_G,0.3,96.07,255.23759333021513,0.2265,497.17475639552254,2.0549
mushroom,summary,Talky_G,0.5,96.1,237.452993303961,0.2102,349.7332645779359,1.3662
mushroom,summary,Talky_G,0.7,96.0,184.19113445946437,0.215,272.7931671723623,0.7813
mushroom,summary,Pascal,0.2,109.09,177.15864675215394,0.9832,2034.3804871989796,3600.0
mushroom,summary,Pascal,0.3,98.48,177.74364474578815,0.3789,2011.533411599773,3600.0
mushroom,summary,Pascal,0.5,99.4,184.77638310428958,0.224,1720.2447468862804,441.1246
mushroom,summary,Pascal,0.7,102.22,139.39360926876867,0.1977,1181.3854008121464,54.9236
mushroom,summary,Zart,0.2,395.38,316.81935466493513,44.2896,2475.359600820266,3600.0
mushroom,summary,Zart,0.3,198.01,318.20474374732294,1.2506,2457.957876820267,3600.0
mushroom,summary,Zart,0.5,107.58,297.27474446028714,0.2785,2306.733579200624,3600.0
mushroom,summary,Zart,0.7,95.3,285.92405862059525,0.2146,1843.7651810788234,1330.0085
mushroom,summary,TalkyG_Diffset,0.2,99.75,239.5115974985664,0.2252,718.5141046389798,2.9883
mushroom,summary,TalkyG_Diffset,0.3,97.12,239.77816329384302,0.2251,560.0348749068063,2.0118
mushroom,summary,TalkyG_Diffset,0.5,96.25,229.2450898895913,0.2134,339.87146328831375,1.3352
mushroom,summary,TalkyG_Diffset,0.7,97.82,170.13785152458365,0.2185,227.42254056573086,1.0608
mushroom,summary,FGC_Stream,0.2,24.49,73.41959909398955,134.1415,3185.0767645833216,3600.0
mushroom,summary,FGC_Stream,0.3,23.31,73.50935052797362,69.8936,3185.0483114999884,3600.0
mushroom,summary,FGC_Stream,0.5,22.46,80.68239419809797,8.3822,3130.2755499291557,3600.0
mushroom,summary,FGC_Stream,0.7,22.18,67.15289173552166,0.4118,2836.3673726268075,3600.0
mushroom,summary,Apriori_Gen_Borgelt,0.1,4.95,10.47043399311042,0.1027,23.945913609758293,0.4542
mushroom,summary,Apriori_Gen_Borgelt,0.15,3.95,10.319947732154565,0.0356,23.945913609758293,0.4542
mushroom,summary,Apriori_Gen_Borgelt,0.2,3.96,10.29654955428504,0.0211,23.945913609758293,0.4542
mushroom,summary,Apriori_Gen_Borgelt,0.3,3.94,9.563835865479673,0.009,23.945867159758293,0.4542
mushroom,summary,Apriori_Gen_Borgelt,0.4,3.99,8.451742986400966,0.0083,21.12526723217893,0.4542
mushroom,summary,Apriori_Gen_Borgelt,0.5,3.97,7.5029054494476295,0.008,16.356171175234486,0.4512
mushroom,summary,Apriori_Gen_Borgelt,0.6,4.05,6.346993215640683,0.0088,10.951160619587354,0.3985
mushroom,summary,Apriori_Gen_Borgelt,0.7,3.95,5.540258569242995,0.0062,8.662085882484181,0.2227
mushroom,summary,Eclat_Gen_Borgelt,0.1,11.43,26.88478032558039,0.0215,1.8313018384219943,0.1722
mushroom,summary,Eclat_Gen_Borgelt,0.15,7.88,24.797934771108046,0.0156,1.8313018384219943,0.1722
mushroom,summary,Eclat_Gen_Borgelt,0.2,6.52,24.797934771108046,0.0116,1.8313018384219943,0.1722
mushroom,summary,Eclat_Gen_Borgelt,0.3,4.71,21.663933920330987,0.0084,1.8312069431838989,0.1722
mushroom,summary,Eclat_Gen_Borgelt,0.4,4.25,16.34392474357351,0.0084,1.4198587319104505,0.1722
mushroom,summary,Eclat_Gen_Borgelt,0.5,4.24,13.811130448695536,0.0082,1.0243650803051119,0.1481
mushroom,summary,Eclat_Gen_Borgelt,0.6,4.09,12.798356568772764,0.007,0.9689260219717785,0.1188
mushroom,summary,Eclat_Gen_Borgelt,0.7,4.08,11.766395569281109,0.0078,0.6818148909652847,0.093
mushroom,summary,FPgrowth_Gen_Borgelt,0.1,10.66,26.501441364435085,0.0144,1.547916995745921,0.1464
mushroom,summary,FPgrowth_Gen_Borgelt,0.15,7.55,24.546478143287064,0.0108,1.547916995745921,0.1464
mushroom,summary,FPgrowth_Gen_Borgelt,0.2,6.26,24.453030002193476,0.0131,1.547916995745921,0.1464
mushroom,summary,FPgrowth_Gen_Borgelt,0.3,4.6,21.99990581125931,0.0099,1.4433602957459204,0.1464
mushroom,summary,FPgrowth_Gen_Borgelt,0.4,4.45,18.16427681180725,0.009,1.0645148930402932,0.1464
mushroom,summary,FPgrowth_Gen_Borgelt,0.5,4.09,15.098821058093248,0.0073,0.6032102665792541,0.1091
mushroom,summary,FPgrowth_Gen_Borgelt,0.6,4.06,13.95855724831748,0.0074,0.5563947713411589,0.1046
mushroom,summary,FPgrowth_Gen_Borgelt,0.7,3.96,12.448542671993444,0.007,0.4542617403887779,0.0846
mushroom,summary,DefMe,0.05,376.26,371.83739000380683,0.3504,562.2089376755334,2.6059
mushroom,summary,DefMe,0.1,228.18,364.95846140602697,0.2642,559.8449936338666,2.6059
mushroom,summary,DefMe,0.15,127.88,348.5388811712755,0.2208,559.8421119838667,2.6059
mushroom,summary,DefMe,0.4,96.41,329.6491589475046,0.1954,409.9021200510744,1.5887
mushroom,summary,DefMe,0.6,94.95,299.38088910709916,0.193,331.83461051846626,1.2143
mushroom,summary,Talky_G,0.05,134.96,268.45971664731763,0.2879,642.1674186292347,2.0661
mushroom,summary,Talky_G,0.1,124.39,270.4640928102614,0.2402,634.756669221659,2.18
mushroom,summary,Talky_G,0.15,96.02,258.9489238618258,0.2217,617.049083146659,2.0661
mushroom,summary,Talky_G,0.4,94.93,246.71389477495438,0.216,401.47022610591216,1.7659
mushroom,summary,Talky_G,0.6,95.32,210.72104264885635,0.2097,295.7525134944042,1.1451
mushroom,summary,Pascal,0.1,260.66,178.65206342622398,57.691,2073.336661003146,3600.0
mushroom,summary,Pascal,0.15,120.54,177.09996412229737,2.1117,2064.3681944323125,3600.0
mushroom,summary,Pascal,0.4,98.23,181.74481703915058,0.2905,1887.0368288712018,3588.2038
mushroom,summary,Pascal,0.6,104.1,165.0705079519681,0.2098,1551.3916210272255,124.7782
mushroom,summary,Zart,0.15,415.82,316.6497148514383,126.5752,2486.4314965286,3600.0
mushroom,summary,Zart,0.4,143.97,318.35983194860415,0.3876,2334.644256208957,3600.0
mushroom,summary,Zart,0.6,98.11,290.52684807733255,0.224,2168.9122784196356,3600.0
mushroom,summary,TalkyG_Diffset,0.05,152.96,261.96160156099734,0.3009,763.5482101425512,3.1233
mushroom,summary,TalkyG_Diffset,0.1,127.51,264.1151483928398,0.2424,766.3845422925511,3.1233
mushroom,summary,TalkyG_Diffset,0.15,97.56,243.50541250148677,0.2287,748.4588887270749,3.1233
mushroom,summary,TalkyG_Diffset,0.4,99.7,235.42952951659763,0.2201,455.47638219966336,1.6257
mushroom,summary,TalkyG_Diffset,0.6,94.16,206.32523688748657,0.2129,286.7651366962323,1.1223
mushroom,summary,Apriori_Gen_Borgelt,0.05,5.95,10.33204973685957,0.212,23.94340188475829,0.4542
mushroom,summary,Eclat_Gen_Borgelt,0.05,15.5,27.072618715342028,0.0366,1.76128438663628,0.1722
mushroom,summary,FPgrowth_Gen_Borgelt,0.05,14.95,26.13016762799486,0.0212,1.5450260772935402,0.1464
mushroom,summary,FGC_Stream,0.05,44.75,72.56428579116603,884.4065,3186.786256839869,3600.0
mushroom,summary,FGC_Stream,0.1,31.25,73.18404822934019,413.828,3185.3992824166553,3600.0
mushroom,summary,FGC_Stream,0.15,26.71,73.49659125545288,233.2462,3185.0767645833216,3600.0
mushroom,summary,FGC_Stream,0.4,22.81,79.51800916276794,23.4236,3185.0483114999884,3600.0
mushroom,summary,FGC_Stream,0.6,22.48,82.63531527744418,1.755,2988.9439539706395,3600.0
mushroom,summary,Gr_growth,0.05,15.32,33.799915470843665,0.0255,1.5269610582251079,0.1446
mushroom,summary,Gr_growth,0.1,14.52,32.76066182881382,0.0168,1.5273577415584412,0.1446
mushroom,summary,Gr_growth,0.15,14.05,32.627712764511045,0.0134,1.5270359637806634,0.1446
mushroom,summary,Gr_growth,0.2,13.93,32.615008500599984,0.0147,1.5270359637806634,0.1446
mushroom,summary,Gr_growth,0.3,13.73,25.099819903048655,0.0112,1.423283110209235,0.1446
mushroom,summary,Gr_growth,0.4,13.73,22.220636758884115,0.0103,1.2193863731060608,0.1065
mushroom,summary,Gr_growth,0.5,13.64,16.758392099685032,0.0106,0.9079908860181486,0.1029
mushroom,summary,Gr_growth,0.6,13.73,15.74636773248618,0.0112,0.8981789777208903,0.0999
mushroom,summary,Gr_growth,0.7,13.59,14.169551081842673,0.0099,0.8059712901307028,0.0788
nursery,fresh4,Apriori_Gen_Borgelt,0.1666473765432098,4.97,19.841201872910336,0.0109,8.293149111539847,0.065
nursery,fresh4,DefMe,0.1666473765432098,91.24,230.03307125268793,0.2141,135.29664844425795,0.3504
nursery,fresh4,Eclat_Gen_Borgelt,0.1666473765432098,5.82,28.457664941724634,0.0074,1.546765185955565,0.0743
nursery,fresh4,FPgrowth_Gen_Borgelt,0.1666473765432098,4.61,39.36215886350788,0.0085,1.5260539260350763,0.1046
nursery,fresh4,Gr_growth,0.1666473765432098,14.38,10.955507513636716,0.0094,1.127451672940948,0.0999
nursery,fresh4,TalkyG_Diffset,0.1666473765432098,97.23,253.56486089987462,0.2384,87.07267057429515,0.3134
nursery,fresh4,Pascal,0.1666473765432098,94.36,166.66143858245843,0.3667,673.3654719061016,2.1117
nursery,fresh4,Talky_G,0.1666473765432098,94.16,276.80171535809376,0.2926,84.28586569451694,0.3147
nursery,fresh4,Zart,0.1666473765432098,98.67,304.93304088024803,0.3421,882.5097240075985,25.105
nursery,fresh4,FGC_Stream,0.1666473765432098,16.05,58.59767537969449,36.7312,472.67118068224966,34.6795
nursery,fresh4,Apriori_Gen_Borgelt,0.1110918209876543,5.03,20.75746745818835,0.0118,8.29656044124764,0.096
nursery,fresh4,DefMe,0.1110918209876543,92.36,268.8012356258066,0.2143,150.2967838400913,0.3504
nursery,fresh4,Eclat_Gen_Borgelt,0.1110918209876543,5.65,30.987210168412172,0.013,1.5468693526222315,0.0743
nursery,fresh4,FPgrowth_Gen_Borgelt,0.1110918209876543,4.95,41.326807304566664,0.0093,1.5270866772255522,0.1046
nursery,fresh4,Gr_growth,0.1110918209876543,14.38,11.150471375873403,0.0094,1.1275105562742813,0.0999
nursery,fresh4,Pascal,0.1110918209876543,99.59,191.55731891462958,0.348,717.5545004775303,2.4853
nursery,fresh4,TalkyG_Diffset,0.1110918209876543,94.5,264.640910086752,0.2445,87.07592855881896,0.3139
nursery,fresh4,Talky_G,0.1110918209876543,96.46,287.583947799714,0.2355,84.28708193618361,0.3147
nursery,fresh4,Zart,0.1110918209876543,120.75,305.40052402842474,0.4223,917.9485836006542,44.1872
nursery,fresh4,FGC_Stream,0.1110918209876543,15.96,62.24894126256947,48.015,483.41229366671934,34.6795
nursery,fresh4,Apriori_Gen_Borgelt,0.0499807098765432,4.9,21.154048093481112,0.0108,8.300620619620656,0.1027
nursery,fresh4,DefMe,0.0499807098765432,91.68,313.25771202691226,0.2149,150.3223257936627,0.4143
nursery,fresh4,Eclat_Gen_Borgelt,0.0499807098765432,6.14,31.88104248394582,0.0174,1.5456605214534003,0.0743
nursery,fresh4,FPgrowth_Gen_Borgelt,0.0499807098765432,6.31,43.367680347444654,0.0119,1.5292692480588854,0.1086
nursery,fresh4,Gr_growth,0.0499807098765432,14.54,11.487130758865867,0.0116,1.1276014443695197,0.0999
nursery,fresh4,Pascal,0.0499807098765432,95.2,194.8214493915529,0.5865,782.8333231680606,16.6443
nursery,fresh4,TalkyG_Diffset,0.0499807098765432,98.33,288.13573578764175,0.2429,94.9016513409618,0.3172
nursery,fresh4,Talky_G,0.0499807098765432,94.91,306.90439602008337,0.2357,84.29000815364392,0.3159
nursery,fresh4,Zart,0.0499807098765432,133.46,319.34661082441926,1.0791,927.0874109768445,44.2896
nursery,fresh4,FGC_Stream,0.0499807098765432,15.8,62.1445348415869,92.0876,499.24589488629005,134.1415
onlineretail,extra2,Apriori_Gen_Borgelt,0.017636528480632,35.79,67.36292185525494,0.1338,1.2512963845765346,0.0685
onlineretail,extra2,DefMe,0.017636528480632,686.96,460.0160833167783,0.5899,108.96964050571711,0.7757
onlineretail,extra2,Eclat_Gen_Borgelt,0.017636528480632,35.79,72.20329135063201,0.1429,0.4883825938991565,0.1091
onlineretail,extra2,FPgrowth_Gen_Borgelt,0.017636528480632,35.91,64.91664934008472,0.1452,0.43432946762020663,0.1095
onlineretail,extra2,Gr_growth,0.017636528480632,13.6,11.519007703326427,0.1011,0.26368785726024485,0.1571
onlineretail,extra2,TalkyG_Diffset,0.017636528480632,527.21,837.636467119022,0.5796,104.24183909596239,0.623
onlineretail,extra2,Talky_G,0.017636528480632,650.92,788.5444235749749,0.6118,87.06553014226178,0.6143
onlineretail,extra2,Zart,0.017636528480632,826.25,784.0113819614418,4.6665,762.3410375575415,10.9244
onlineretail,extra2,Pascal,0.017636528480632,276.56,353.3277342452146,7.1688,620.0117800907287,14.0866
onlineretail,extra2,Apriori_Gen_Borgelt,0.0058890194373259,35.62,67.41265535159908,0.141,1.2604506665029414,0.1082
onlineretail,extra2,DefMe,0.0058890194373259,1141.87,569.2305785561126,0.7731,109.27824584078203,0.9103
onlineretail,extra2,Eclat_Gen_Borgelt,0.0058890194373259,35.94,76.46235486874758,0.15,0.5017750444638696,0.1091
onlineretail,extra2,FPgrowth_Gen_Borgelt,0.0058890194373259,35.62,72.0120504101224,0.1502,0.4390702796873062,0.1104
onlineretail,extra2,Gr_growth,0.0058890194373259,13.75,22.082109491886943,0.1492,0.28494327905650413,0.192
onlineretail,extra2,Pascal,0.0058890194373259,282.67,353.58386411112053,92.667,832.3230693238636,53.7008
onlineretail,extra2,TalkyG_Diffset,0.0058890194373259,570.27,861.4079302992466,0.5556,121.48132374405041,0.7099
onlineretail,extra2,Talky_G,0.0058890194373259,663.88,805.7787149025966,0.6172,99.71653872456699,0.6968
onlineretail,extra2,Zart,0.0058890194373259,784.0,971.7488952881878,87.3878,892.8326091735823,98.4032
onlineretail,extra2,Apriori_Gen_Borgelt,0.0015334301653236,35.82,67.49903163476202,0.1531,1.4304404615967368,0.1611
onlineretail,extra2,DefMe,0.0015334301653236,2116.93,994.3912238792454,2.1924,113.26518244900716,0.9878
onlineretail,extra2,Eclat_Gen_Borgelt,0.0015334301653236,35.78,81.47593009446071,0.1481,0.5178583190670442,0.1804
onlineretail,extra2,FPgrowth_Gen_Borgelt,0.0015334301653236,35.63,78.40830160768925,0.1437,0.46069318760855155,0.1402
onlineretail,extra2,Gr_growth,0.0015334301653236,13.91,27.026940566943377,0.1445,0.3202916431438058,0.2006
onlineretail,extra2,Pascal,0.0015334301653236,289.1,362.4192060879791,834.7978,1104.6731850542028,478.7567
onlineretail,extra2,TalkyG_Diffset,0.0015334301653236,603.0,907.4342963059795,0.6137,112.86303362321708,0.7181
onlineretail,extra2,Talky_G,0.0015334301653236,969.79,846.6195156425036,0.7463,103.90836730840815,0.6968
onlineretail,extra2,Zart,0.0015334301653236,882.88,1141.4691920264197,800.5185,1112.303580527262,545.852
onlineretail,extra2,Apriori_Gen_Borgelt,0.0004010509663154,35.75,67.49903163476202,0.1482,1.404040440168165,0.1611
onlineretail,extra2,DefMe,0.0004010509663154,2041.07,1163.4007636121178,8.2196,175.62061994610806,1.4279
onlineretail,extra2,Eclat_Gen_Borgelt,0.0004010509663154,35.91,85.95349017240007,0.1469,0.5403233805749807,0.223
onlineretail,extra2,FPgrowth_Gen_Borgelt,0.0004010509663154,35.78,85.01352706590293,0.1427,0.48134213362226014,0.1402
onlineretail,extra2,Gr_growth,0.0004010509663154,13.91,28.948127055399794,0.1572,0.36150878600094866,0.2006
onlineretail,extra2,TalkyG_Diffset,0.0004010509663154,2096.0,1011.1793107100448,1.0926,132.2910502815504,0.7181
onlineretail,extra2,Talky_G,0.0004010509663154,1816.75,940.474076581488,1.0922,142.57150177070974,0.6972
onlineretail,extra2,Zart,0.0004010509663154,1757.5,1177.1243344459504,3069.9668,1605.0555853138908,608.0888
onlineretail,extra2,Apriori_Gen_Borgelt,4.024386859220471e-05,35.67,67.44547550686993,0.163,1.4064142015318013,0.1783
onlineretail,extra2,DefMe,4.024386859220471e-05,2115.43,1174.9096068536921,27.3897,181.17768015444142,1.4279
onlineretail,extra2,Eclat_Gen_Borgelt,4.024386859220471e-05,37.47,90.1972975029581,0.1527,0.5237591305749807,0.223
onlineretail,extra2,FPgrowth_Gen_Borgelt,4.024386859220471e-05,38.25,91.21767472103096,0.1468,0.4529254633841649,0.1464
onlineretail,extra2,Gr_growth,4.024386859220471e-05,14.38,30.8315443812627,0.1566,0.4239548226892603,0.2013
onlineretail,extra2,TalkyG_Diffset,4.024386859220471e-05,1654.93,1075.1048670272812,1.8719,171.8250274720266,0.7181
onlineretail,extra2,Talky_G,4.024386859220471e-05,2133.53,979.591725356179,1.6833,174.86194028975734,0.6972
pamap,extra2,Apriori_Gen_Borgelt,0.87309175,139.36,72.20780488740276,0.6862,1.7083989081737707,0.0894
pamap,extra2,Eclat_Gen_Borgelt,0.87309175,139.21,30.300241798076776,0.6918,0.2885625222999224,0.1071
pamap,extra2,DefMe,0.87309175,1220.78,445.01285356512176,1.3447,1.9064229223304472,0.4789
pamap,extra2,FPgrowth_Gen_Borgelt,0.87309175,139.36,32.04517404178189,0.6506,0.28068787491463215,0.0914
pamap,extra2,Gr_growth,0.87309175,13.6,13.065905731326218,0.4039,0.14644970965199017,0.0649
pamap,extra2,TalkyG_Diffset,0.87309175,1230.96,277.10286626928877,1.8575,4.839061926798056,0.5556
pamap,extra2,Pascal,0.87309175,674.12,248.78748516770048,2.493,412.6225867325995,1.3842
pamap,extra2,Talky_G,0.87309175,1294.46,239.38737307296634,2.0549,4.569339993915113,0.5064
pamap,extra2,Zart,0.87309175,1778.36,326.80935568768047,2.8441,637.69962477111,2.0683
pamap,extra2,Apriori_Gen_Borgelt,0.63655675,139.55,72.65873281528857,0.754,4.87171909836275,0.208
pamap,extra2,DefMe,0.63655675,1705.5,763.5381743554559,1.5887,2.6213560292637914,0.6254
pamap,extra2,Eclat_Gen_Borgelt,0.63655675,139.68,38.79044668130155,0.7684,0.5667120613691864,0.1569
pamap,extra2,FPgrowth_Gen_Borgelt,0.63655675,139.71,39.77123912593796,0.7153,0.3596726653186726,0.1523
pamap,extra2,Gr_growth,0.63655675,14.06,13.536535788414923,0.4392,0.23966285583358632,0.0788
pamap,extra2,Pascal,0.63655675,675.94,267.6322575072125,54.9236,745.8420161135294,3.0817
pamap,extra2,TalkyG_Diffset,0.63655675,1745.98,361.3589858859309,2.0118,11.476479639099644,0.5669
pamap,extra2,Talky_G,0.63655675,1620.77,291.48545819199825,2.0661,14.319819597432428,0.5948
pamap,extra2,Zart,0.63655675,1883.96,383.5736428081883,90.7496,895.2579446236492,3.0932
pamap,extra2,Apriori_Gen_Borgelt,0.04525675,825.86,76.99748691325874,147.862,7.0368364793401055,0.212
pamap,extra2,Eclat_Gen_Borgelt,0.04525675,1946.2,84.49263043600341,28.4018,1.0747170503482628,0.223
pamap,extra2,FPgrowth_Gen_Borgelt,0.04525675,1960.66,83.29701441878917,23.7877,1.0021711190843514,0.2224
pamap,extra2,Gr_growth,0.04525675,1033.28,14.806924730374249,21.4911,0.5476986436041491,0.1205
poker,fresh2,Apriori_Gen_Borgelt,0.12537575,93.9,171.64526148385224,0.4212,6.587434223063375,0.212
poker,fresh2,DefMe,0.12537575,610.3,550.7867341504082,0.7652,193.71973773745356,0.7731
poker,fresh2,Eclat_Gen_Borgelt,0.12537575,93.75,133.35209683437566,0.4227,1.9828589192196693,0.2371
poker,fresh2,FPgrowth_Gen_Borgelt,0.12537575,94.02,158.25082231922988,0.402,1.677536839818734,0.2305
poker,fresh2,Gr_growth,0.12537575,13.92,14.217930247935426,0.2806,1.0528980575507827,0.1445
poker,fresh2,Pascal,0.12537575,558.83,354.16202757012957,3.7444,775.4643636041419,19.602
poker,fresh2,TalkyG_Diffset,0.12537575,620.39,324.0946390824306,0.9493,226.8729174695832,0.7181
poker,fresh2,Talky_G,0.12537575,641.92,274.7814590261265,0.9772,238.99553479222894,0.7463
poker,fresh2,Zart,0.12537575,777.48,876.6227102691851,3.7903,960.0348135306868,90.7496
poker,fresh2,Apriori_Gen_Borgelt,0.06372875,169.14,171.72156538406014,0.7991,6.600295250245915,0.2227
poker,fresh2,DefMe,0.06372875,806.61,581.3546482232447,0.896,205.06012031364403,0.7757
poker,fresh2,Eclat_Gen_Borgelt,0.06372875,256.43,133.35209683437566,1.1213,1.9808895237651238,0.2371
poker,fresh2,FPgrowth_Gen_Borgelt,0.06372875,235.55,157.56072792710307,0.9344,1.6792323076758768,0.2305
poker,fresh2,Gr_growth,0.06372875,156.25,14.445912789511544,1.6203,1.0532253388999888,0.1492
poker,fresh2,Pascal,0.06372875,561.45,354.6080172543889,46.0455,881.7986755706644,20.6284
poker,fresh2,TalkyG_Diffset,0.06372875,668.2,330.73722550025536,0.9684,226.879169029107,0.8067
poker,fresh2,Talky_G,0.06372875,689.57,281.6208135445868,1.0136,250.19632244639564,0.7825
poker,fresh2,Zart,0.06372875,887.53,920.2974013472436,56.1636,1023.1719474862424,90.7496
poker,fresh2,Apriori_Gen_Borgelt,0.01922275,170.34,170.80274002598887,0.9549,6.211439956198295,0.2227
poker,fresh2,DefMe,0.01922275,1537.75,617.3590567840158,1.1959,226.9969658534223,0.7757
poker,fresh2,Eclat_Gen_Borgelt,0.01922275,258.99,132.84712211629477,1.5146,1.906720084876235,0.2371
poker,fresh2,FPgrowth_Gen_Borgelt,0.01922275,241.55,148.65361604569551,1.2839,1.732568276795646,0.3056
poker,fresh2,Gr_growth,0.01922275,159.07,16.220368573613513,2.4076,1.089000666100566,0.1865
poker,fresh2,Pascal,0.01922275,525.96,353.34305252175625,107.6686,916.9728543981536,40.6292
poker,fresh2,TalkyG_Diffset,0.01922275,865.82,331.24890174772787,1.195,224.82073390399879,0.8067
poker,fresh2,Talky_G,0.01922275,874.94,282.456644456417,1.1827,256.94690066484804,0.7825
poker,fresh2,Zart,0.01922275,846.51,953.5383882612371,167.588,1063.2487314445755,98.4032
poker,fresh2,Apriori_Gen_Borgelt,0.00164075,172.16,168.6701949013453,1.7195,6.228699804502769,0.2227
poker,fresh2,DefMe,0.00164075,1543.84,969.3417873893834,6.6882,232.7101455979389,0.9919
poker,fresh2,Eclat_Gen_Borgelt,0.00164075,273.38,131.28755892359607,2.6697,1.911421998945499,0.2371
poker,fresh2,FPgrowth_Gen_Borgelt,0.00164075,575.35,161.5992571195363,2.3188,1.6828132910397353,0.3795
poker,fresh2,Gr_growth,0.00164075,170.79,21.87437967041344,3.454,1.0726039101939726,0.2006
poker,fresh2,TalkyG_Diffset,0.00164075,1575.28,349.63639534726684,5.1571,225.69298310578446,0.8799
poker,fresh2,Talky_G,0.00164075,1611.64,297.1988419903234,4.2028,270.3338288783401,0.8454
power,fresh3,Apriori_Gen_Borgelt,0.219214919386321,158.79,184.9523873279969,0.4585,7.917865101517815,0.163
power,fresh3,DefMe,0.219214919386321,781.43,420.37951535386844,0.8448,222.7670775623578,0.4789
power,fresh3,Eclat_Gen_Borgelt,0.219214919386321,158.89,122.49011564169777,0.4571,1.4629909981161986,0.0736
power,fresh3,FPgrowth_Gen_Borgelt,0.219214919386321,158.77,134.30833798948603,0.4311,1.232388773814666,0.1427
power,fresh3,Gr_growth,0.219214919386321,13.61,18.981765004600838,0.2759,0.7959161190002808,0.0255
power,fresh3,Pascal,0.219214919386321,792.8,368.84901502273567,1.011,711.3648588209584,16.6443
power,fresh3,TalkyG_Diffset,0.219214919386321,778.32,466.51157509745303,1.0881,214.99076785396272,0.6844
power,fresh3,Talky_G,0.219214919386321,778.06,455.38381489350763,1.0542,206.90853352228916,0.6705
power,fresh3,Zart,0.219214919386321,1201.3,864.85455632728,1.6816,996.1408803613474,98.4032
power,fresh3,Apriori_Gen_Borgelt,0.0564362849391005,172.04,191.2554795015364,0.5716,7.930916317390832,0.1783
power,fresh3,DefMe,0.0564362849391005,979.17,520.9526154636169,0.9551,261.79392981176255,0.4789
power,fresh3,Eclat_Gen_Borgelt,0.0564362849391005,172.48,131.19545330440235,0.5901,1.43618469890985,0.075
power,fresh3,FPgrowth_Gen_Borgelt,0.0564362849391005,172.51,151.67251885667926,0.547,1.255146469052761,0.1427
power,fresh3,Gr_growth,0.0564362849391005,13.76,19.799962221585364,0.3213,0.854167394208406,0.0344
power,fresh3,Pascal,0.0564362849391005,778.37,366.50391622326924,6.1521,852.2467901418457,19.602
power,fresh3,TalkyG_Diffset,0.0564362849391005,780.32,491.1245693717012,1.0227,225.82681567737544,0.6844
power,fresh3,Talky_G,0.0564362849391005,780.89,468.16390606804765,1.0543,220.39353175978914,0.6705
power,fresh3,Zart,0.0564362849391005,1901.09,893.0959506722703,17.0881,1179.3396741834329,98.4032
power,fresh3,Apriori_Gen_Borgelt,0.0136480861570893,173.32,190.20606401437541,0.5615,8.037058622152735,0.1783
power,fresh3,DefMe,0.0136480861570893,1914.76,566.5515182017726,1.5253,295.754762126613,0.6457
power,fresh3,Eclat_Gen_Borgelt,0.0136480861570893,174.46,130.0504547373275,0.5823,1.4323006036717545,0.0852
power,fresh3,FPgrowth_Gen_Borgelt,0.0136480861570893,174.61,140.7235918856456,0.5508,1.295216965084507,0.1437
power,fresh3,Gr_growth,0.0136480861570893,13.75,21.875784965387624,0.3248,0.8652134263693007,0.0649
power,fresh3,Pascal,0.0136480861570893,806.52,365.2631062918269,18.9483,874.7849431559692,20.6284
power,fresh3,TalkyG_Diffset,0.0136480861570893,1357.74,501.78888079286094,1.2834,223.7518247772672,0.6844
power,fresh3,Talky_G,0.0136480861570893,1082.45,472.5837147266929,1.2043,245.64391073906268,0.6806
power,fresh3,Zart,0.0136480861570893,1950.62,964.7671487798542,90.2973,1189.765193984623,126.5752
primary_tumor,fresh5,Apriori_Gen_Borgelt,0.7957227138643068,2.77,5.8473084832996465,0.006,5.89839051535212,0.1027
primary_tumor,fresh5,Eclat_Gen_Borgelt,0.7957227138643068,3.03,8.99344028994912,0.0081,1.1366051200284364,0.093
primary_tumor,fresh5,DefMe,0.7957227138643068,71.99,173.9846238074149,0.1957,58.45781509069346,0.3504
primary_tumor,fresh5,FPgrowth_Gen_Borgelt,0.7957227138643068,3.18,11.004250510133158,0.0063,0.957475141697192,0.081
primary_tumor,fresh5,Gr_growth,0.7957227138643068,13.6,13.675285170920876,0.008,0.7734242515401267,0.0535
primary_tumor,fresh5,Pascal,0.7957227138643068,74.09,132.22626834071687,0.2826,369.03998263801896,0.8281
primary_tumor,fresh5,TalkyG_Diffset,0.7957227138643068,71.44,166.4162345180036,0.1848,79.70783301780858,0.3174
primary_tumor,fresh5,Talky_G,0.7957227138643068,73.9,176.48520950621568,0.2457,78.37607178356359,0.3011
primary_tumor,fresh5,Zart,0.7957227138643068,71.78,179.82297262150138,0.2114,552.8705599042711,2.2742
primary_tumor,fresh5,FGC_Stream,0.7957227138643068,4.71,40.60725888125811,0.0286,513.5404523893566,8.3822
primary_tumor,fresh5,Apriori_Gen_Borgelt,0.4564896755162242,2.88,11.220031933714774,0.0059,10.745048249387853,0.208
primary_tumor,fresh5,DefMe,0.4564896755162242,71.9,236.77815009024485,0.1951,105.91221294716894,0.3581
primary_tumor,fresh5,Eclat_Gen_Borgelt,0.4564896755162242,4.29,14.593461008635977,0.0063,1.9123488692347856,0.1569
primary_tumor,fresh5,FPgrowth_Gen_Borgelt,0.4564896755162242,4.3,19.65795986166787,0.0064,1.7183988394522138,0.1452
primary_tumor,fresh5,Gr_growth,0.4564896755162242,13.78,16.21523369510002,0.0089,1.1673561185564438,0.0999
primary_tumor,fresh5,Pascal,0.4564896755162242,79.18,160.67958028655337,0.2226,770.8550147811814,2.1117
primary_tumor,fresh5,TalkyG_Diffset,0.4564896755162242,74.56,242.60959955464958,0.1948,151.18267415279027,0.323
primary_tumor,fresh5,Talky_G,0.4564896755162242,75.07,241.24125006032372,0.1967,180.83369421021467,0.3067
primary_tumor,fresh5,Zart,0.4564896755162242,106.68,206.97747701197915,0.28,1031.2743693136185,44.2896
primary_tumor,fresh5,FGC_Stream,0.4564896755162242,5.64,55.74576521715668,0.8314,579.0785631956752,8.3822
primary_tumor,fresh5,Apriori_Gen_Borgelt,0.0405604719764011,7.69,24.546905522156344,0.0683,11.567512090108245,0.212
primary_tumor,fresh5,DefMe,0.0405604719764011,216.08,444.64248960562855,0.3138,168.32981510930128,0.4789
primary_tumor,fresh5,Eclat_Gen_Borgelt,0.0405604719764011,20.7,44.092486102885985,0.0567,2.989111447770139,0.223
primary_tumor,fresh5,FPgrowth_Gen_Borgelt,0.0405604719764011,21.16,50.971560049528,0.0469,2.326638499891774,0.1604
primary_tumor,fresh5,Gr_growth,0.0405604719764011,18.44,29.028993574015793,0.0607,1.7645673555264179,0.1065
primary_tumor,fresh5,Pascal,0.0405604719764011,300.45,213.07114799698255,42.959,1109.0650857219282,54.9236
primary_tumor,fresh5,TalkyG_Diffset,0.0405604719764011,151.73,345.8036214100371,2.2851,263.97495844326636,0.4589
primary_tumor,fresh5,Talky_G,0.0405604719764011,142.65,327.67533112273713,2.4158,251.37330882242463,0.5948
primary_tumor,fresh5,FGC_Stream,0.0405604719764011,226.83,58.53204187015029,25.2438,774.4051429065516,233.2462
pumsb,summary,FPgrowth_Gen_Borgelt,0.6,285.98,20.28441587976246,1.4923,0.3376025520649285,0.2305
pumsb,summary,FPgrowth_Gen_Borgelt,0.7,68.51,18.811273568654716,0.3033,0.3000567740887381,0.1468
pumsb,summary,FPgrowth_Gen_Borgelt,0.75,32.53,17.31861088904934,0.153,0.2967306865887381,0.1464
pumsb,summary,FPgrowth_Gen_Borgelt,0.8,26.45,16.313306842293763,0.1041,0.28414723083476984,0.1402
pumsb,summary,FPgrowth_Gen_Borgelt,0.85,25.55,14.821098364262491,0.0914,0.27132341972365875,0.1205
pumsb,summary,FPgrowth_Gen_Borgelt,0.9,21.0,14.140070402475171,0.088,0.2410017315201955,0.0846
pumsb,summary,FPgrowth_Gen_Borgelt,0.95,18.61,14.04999044139662,0.0801,0.23617655532971932,0.081
pumsb,summary,DefMe,0.6,869.07,494.55484146189315,22.3843,672.2454325476785,1.3447
pumsb,summary,DefMe,0.7,869.43,392.4029853217493,4.9336,624.4989848985444,0.9647
pumsb,summary,DefMe,0.75,882.07,358.8103925331112,2.0546,606.4198990326714,0.8599
pumsb,summary,DefMe,0.8,862.44,338.95438161436067,0.8963,602.6170517541361,0.7956
pumsb,summary,DefMe,0.85,598.97,306.6219292617384,0.5654,542.49779693894,0.7786
pumsb,summary,DefMe,0.9,415.27,286.6992890322945,0.4463,465.71533272040017,0.686
pumsb,summary,DefMe,0.95,340.62,283.7910189951308,0.4203,451.29341507873363,0.5899
pumsb,summary,Talky_G,0.6,1063.86,515.3006627269796,129.5294,572.733613749657,1.1451
pumsb,summary,Talky_G,0.7,966.14,469.1240038541252,5.7824,505.2808825974925,1.1148
pumsb,summary,Talky_G,0.75,964.59,448.88339242176494,1.5897,499.07213653856394,1.1148
pumsb,summary,Talky_G,0.8,680.41,442.57806088905386,0.895,489.91417635780994,1.1148
pumsb,summary,Talky_G,0.85,640.47,429.3038414087933,0.7813,475.7151215171534,1.0922
pumsb,summary,Talky_G,0.9,466.01,402.2653968815222,0.7441,395.12965294393916,0.6118
pumsb,summary,Talky_G,0.95,451.03,398.98912224599627,0.7056,395.12965294393916,0.6118
pumsb,summary,Pascal,0.75,389.08,139.58507635727236,1237.6079,1015.1952569570557,11.4804
pumsb,summary,Pascal,0.8,361.36,139.58507635727236,247.1454,997.2377833320558,11.4804
pumsb,summary,Pascal,0.85,360.6,139.95418846656807,63.5295,926.0288107151906,3.5074
pumsb,summary,Pascal,0.9,361.6,139.95418846656807,7.7666,892.5000683259047,3.5074
pumsb,summary,Pascal,0.95,365.98,140.20925521946563,1.0149,889.804625450905,3.5074
pumsb,summary,Zart,0.8,964.1,262.0346226491277,1079.0713,1199.6789175644963,7.8675
pumsb,summary,Zart,0.85,847.62,246.21531363922244,107.8816,1091.2230692978294,4.2575
pumsb,summary,Zart,0.9,833.93,245.53001244652518,8.3215,1075.800143583544,4.2575
pumsb,summary,Zart,0.95,830.36,238.80565744119025,0.9708,1045.9555564335442,4.2575
pumsb,summary,TalkyG_Diffset,0.6,1069.73,602.1366138627969,122.1556,492.54318278265123,1.1223
pumsb,summary,TalkyG_Diffset,0.7,954.39,540.112377863975,6.6818,424.8643250134052,1.0921
pumsb,summary,TalkyG_Diffset,0.75,963.41,519.5737696463682,1.8205,404.13195412292913,1.0608
pumsb,summary,TalkyG_Diffset,0.8,954.94,505.7592189106478,1.026,385.81003987531017,0.7822
pumsb,summary,TalkyG_Diffset,0.85,630.23,487.25019266355133,0.7851,385.69399057044905,0.6369
pumsb,summary,TalkyG_Diffset,0.9,464.73,454.73266522996823,0.7378,329.9900988916793,0.5905
pumsb,summary,TalkyG_Diffset,0.95,437.13,450.80535703933566,0.7154,329.9900988916793,0.5905
pumsb,summary,Apriori_Gen_Borgelt,0.6,91.78,12.760847867337775,19.2979,8.616306235377817,0.4831
pumsb,summary,Apriori_Gen_Borgelt,0.7,24.05,11.904494835714438,1.6765,5.561856112064325,0.3086
pumsb,summary,Apriori_Gen_Borgelt,0.75,18.57,11.635734871178682,0.484,4.626580704127816,0.3086
pumsb,summary,Apriori_Gen_Borgelt,0.8,18.27,11.54129865531085,0.2125,4.506474613850038,0.3086
pumsb,summary,Apriori_Gen_Borgelt,0.85,18.36,10.679385164822415,0.1226,4.1962193420246425,0.1273
pumsb,summary,Apriori_Gen_Borgelt,0.9,18.2,10.679385164822415,0.0967,3.899812824667,0.0894
pumsb,summary,Apriori_Gen_Borgelt,0.95,18.27,10.399740350439114,0.089,3.896094669905095,0.0894
pumsb,summary,Eclat_Gen_Borgelt,0.6,284.51,16.536889867889297,1.8571,0.6187596062961549,0.3181
pumsb,summary,Eclat_Gen_Borgelt,0.7,68.21,15.68692540059795,0.3982,0.5877147803040914,0.3181
pumsb,summary,Eclat_Gen_Borgelt,0.75,31.85,14.183435327297932,0.1957,0.5794283164152025,0.3181
pumsb,summary,Eclat_Gen_Borgelt,0.8,26.45,13.836725320035468,0.1222,0.5661037900263137,0.1932
pumsb,summary,Eclat_Gen_Borgelt,0.85,25.57,11.639852330134346,0.1082,0.5501877983235719,0.15
pumsb,summary,Eclat_Gen_Borgelt,0.9,20.71,11.639852330134346,0.0944,0.45166344588850693,0.093
pumsb,summary,Eclat_Gen_Borgelt,0.95,18.43,11.48467503860825,0.0878,0.4463290304123165,0.093
pumsb,summary,FGC_Stream,0.95,346.87,52.49698467751024,936.4791,2549.2163091955395,3600.0
pumsb,summary,Gr_growth,0.6,144.86,15.78015291879364,2.0571,0.4744090173624985,0.2006
pumsb,summary,Gr_growth,0.7,41.08,14.21545087120746,0.4582,0.4144759056741869,0.1769
pumsb,summary,Gr_growth,0.75,23.58,13.951142754869696,0.1984,0.4127885223408535,0.1769
pumsb,summary,Gr_growth,0.8,16.23,13.942466163027932,0.0983,0.3728755461503773,0.1769
pumsb,summary,Gr_growth,0.85,14.08,13.885688442298672,0.0689,0.3550415223408535,0.1446
pumsb,summary,Gr_growth,0.9,13.43,13.885162183588173,0.0661,0.24960538503787874,0.0564
pumsb,summary,Gr_growth,0.95,13.73,13.886075447678836,0.0641,0.24863017313311686,0.0564
recordlink,extra2,Apriori_Gen_Borgelt,0.7772354251860716,46.44,87.18861174769815,0.1783,9.044562573526798,0.096
recordlink,extra2,DefMe,0.7772354251860716,278.78,866.5748466525238,0.4789,114.64154567537602,0.686
recordlink,extra2,Eclat_Gen_Borgelt,0.7772354251860716,46.51,54.08866153839093,0.1804,1.6485657703823957,0.15
recordlink,extra2,FPgrowth_Gen_Borgelt,0.7772354251860716,46.54,45.87725779833537,0.1604,1.3077873848734602,0.1437
recordlink,extra2,Gr_growth,0.7772354251860716,13.63,13.068686372840125,0.0999,0.9472099721463585,0.0983
recordlink,extra2,Pascal,0.7772354251860716,337.64,485.3903620781058,0.7135,636.9184932076936,3.0817
recordlink,extra2,TalkyG_Diffset,0.7772354251860716,279.54,467.71094343377143,0.5669,102.84556056475121,0.5556
recordlink,extra2,Talky_G,0.7772354251860716,274.68,383.0270024351678,0.6806,139.4409487281746,0.6172
recordlink,extra2,Zart,0.7772354251860716,547.47,749.8599384331994,1.046,987.6308866660396,25.105
recordlink,extra2,Apriori_Gen_Borgelt,0.0439401265930671,50.21,88.69821496964201,0.2227,19.580324204768477,0.4103
recordlink,extra2,DefMe,0.0439401265930671,838.53,1104.9879234048055,0.7757,315.41348694855145,1.3447
recordlink,extra2,Eclat_Gen_Borgelt,0.0439401265930671,53.15,117.60600284858107,0.2371,3.2990253086219328,0.4993
recordlink,extra2,FPgrowth_Gen_Borgelt,0.0439401265930671,53.15,118.51619296200042,0.2224,2.7550589486000105,0.4903
recordlink,extra2,Gr_growth,0.0439401265930671,13.75,43.29675733719442,0.1065,1.980223140736102,0.192
recordlink,extra2,TalkyG_Diffset,0.0439401265930671,509.01,674.5653794727393,0.6844,309.73043154856316,0.7181
recordlink,extra2,Talky_G,0.0439401265930671,377.6,554.7896208038007,0.6705,416.27516080636724,0.7825
recordlink,extra2,Pascal,0.0439401265930671,329.29,499.5392627097084,19.602,1778.5430698620644,701.2038
recordlink,extra2,Zart,0.0439401265930671,766.5,866.1871898203473,98.4032,2222.863829540927,3600.0
recordlink,extra2,Apriori_Gen_Borgelt,0.0001021893747401,50.01,83.32322668546354,0.208,19.51015569573168,0.4512
recordlink,extra2,DefMe,0.0001021893747401,815.78,1512.402017824612,1.4279,397.89116556653494,6.2768
recordlink,extra2,Eclat_Gen_Borgelt,0.0001021893747401,56.87,131.77601142059058,0.223,3.156752554455267,0.5361
recordlink,extra2,FPgrowth_Gen_Borgelt,0.0001021893747401,57.17,141.75350337118252,0.2202,2.7260196763958255,0.4903
recordlink,extra2,Gr_growth,0.0001021893747401,13.92,48.57641599170536,0.1205,1.9047937398411636,0.2013
recordlink,extra2,Pascal,0.0001021893747401,324.36,504.12338384522724,56.3277,2269.9766421779373,3600.0
recordlink,extra2,TalkyG_Diffset,0.0001021893747401,829.45,871.2815572353464,0.8799,368.5394254365502,1.3352
recordlink,extra2,Talky_G,0.0001021893747401,833.45,635.3256085239552,0.8454,458.0252728887086,1.4308
recordlink,extra2,Zart,0.0001021893747401,830.86,1290.9024905029469,608.0888,2515.0647230844693,3600.0
retail,summary,DefMe,0.2,478.55,607.7194085056341,0.378,317.1964604403874,2.1924
retail,summary,DefMe,0.3,484.46,605.3191820381619,0.3836,291.14027290586364,2.1924
retail,summary,DefMe,0.5,481.9,595.68650473154,0.3782,194.44607125049123,1.5887
retail,summary,DefMe,0.7,481.86,555.945891486067,0.3754,141.08247165716094,1.1293
retail,summary,Talky_G,0.2,1153.82,714.1884238260777,0.6051,444.7494189558223,1.6833
retail,summary,Talky_G,0.3,1152.38,701.4754784056544,0.6143,384.60112473082245,1.6833
retail,summary,Talky_G,0.5,1155.51,682.6265504566613,0.6138,309.3255269722906,1.2828
retail,summary,Talky_G,0.7,1150.65,674.9343418226679,0.6108,223.9985388441244,1.1451
retail,summary,Pascal,0.2,123.56,182.11100746497328,0.271,971.2547032590812,40.6292
retail,summary,Pascal,0.3,125.85,179.82099349898917,0.2713,977.2400516090812,40.6292
retail,summary,Pascal,0.5,125.28,180.22430972738286,0.2582,907.9146673565782,17.0601
retail,summary,Pascal,0.7,124.11,177.20737080598036,0.2531,781.2347709895148,17.0601
retail,summary,Zart,0.2,151.78,642.0299571395822,0.3404,999.3543575751142,45.8235
retail,summary,Zart,0.3,151.32,641.3630645191818,0.3292,992.6242100810664,45.8235
retail,summary,Zart,0.5,152.5,622.929074571683,0.3163,920.3765731045152,45.8235
retail,summary,Zart,0.7,151.05,615.4910377866657,0.3161,835.8883594206171,12.2491
retail,summary,TalkyG_Diffset,0.2,1161.95,719.9731284249174,0.5924,562.4507165316522,1.7948
retail,summary,TalkyG_Diffset,0.3,1117.43,707.6460040646914,0.6091,543.0584463858189,1.7948
retail,summary,TalkyG_Diffset,0.5,1116.02,663.7782161944261,0.5985,413.2581607725253,1.5555
retail,summary,TalkyG_Diffset,0.7,1159.84,635.0307420041001,0.5905,384.62220421405743,1.2459
retail,summary,FGC_Stream,0.2,95.71,85.6786044639624,34.3437,1581.864655581245,233.2462
retail,summary,FGC_Stream,0.3,95.71,86.21985351314167,53.2454,1587.2290511419594,218.4696
retail,summary,FGC_Stream,0.5,95.93,100.25291985980816,0.8554,1579.388942408734,69.8936
retail,summary,FGC_Stream,0.7,95.76,108.27492148693072,0.8061,1573.3453476408768,69.8936
retail,summary,DefMe,0.0005,1945.27,1167.8005234543812,11.5215,471.99098894397525,5.0359
retail,summary,DefMe,0.001,1946.05,1109.8903821149656,3.6265,404.3331129406023,4.3816
retail,summary,DefMe,0.002,1950.6,979.2291516525266,1.2698,372.26077471996746,3.3132
retail,summary,DefMe,0.005,583.39,781.7785767243598,0.4591,331.8580879486305,3.3042
retail,summary,DefMe,0.01,492.42,694.2347540612989,0.3992,343.1162721557733,3.3042
retail,summary,DefMe,0.02,482.64,614.8935668584247,0.3888,360.4913065567654,3.3042
retail,summary,Talky_G,0.0005,1286.16,1176.4460189067222,0.8334,569.4442892587986,1.7784
retail,summary,Talky_G,0.001,1291.24,909.6676866851824,0.6968,534.7628312504653,1.7659
retail,summary,Talky_G,0.002,1149.64,810.5626891404412,0.6294,517.5647347746716,1.7659
retail,summary,Talky_G,0.005,1155.25,747.9690140019544,0.6054,495.9424112115763,1.7659
retail,summary,Talky_G,0.01,1152.18,728.6523685958366,0.6077,488.0552809490763,1.7659
retail,summary,Talky_G,0.02,1153.92,718.5656506339923,0.6081,473.5952496387589,1.7659
retail,summary,Pascal,0.001,442.03,236.9743707427446,3519.7285,1722.8568350636972,834.7978
retail,summary,Pascal,0.002,194.34,208.7140951668046,1162.8797,1501.7095337940546,686.1005
retail,summary,Pascal,0.005,130.58,202.18647941252024,53.7008,1198.8256210977174,478.7567
retail,summary,Pascal,0.01,121.17,200.53387413162199,4.288,1075.3949063951382,92.667
retail,summary,Pascal,0.02,125.52,200.98932992334602,0.5707,1027.4122411903763,83.7692
retail,summary,Zart,0.002,1411.37,1087.792648727997,579.5006,1461.0418427178572,550.9333
retail,summary,Zart,0.005,643.21,948.7109213106496,24.7684,1136.0337777273814,107.8816
retail,summary,Zart,0.01,594.92,861.2578240047532,2.2642,1113.8202678875004,87.3878
retail,summary,Zart,0.02,308.81,722.411783515162,0.5581,1089.8600290801412,87.3878
retail,summary,TalkyG_Diffset,0.0005,1268.12,1225.6346825429985,0.8796,652.549234440184,1.7989
retail,summary,TalkyG_Diffset,0.001,1220.96,854.447262206891,0.7099,637.2671113943506,1.7989
retail,summary,TalkyG_Diffset,0.002,1153.26,764.6252883464027,0.623,629.6092753774857,1.7989
retail,summary,TalkyG_Diffset,0.005,1153.06,749.30287359141,0.6061,605.9648747298664,1.7948
retail,summary,TalkyG_Diffset,0.01,1152.71,735.1999323104648,0.6031,599.2339224798666,1.7948
retail,summary,TalkyG_Diffset,0.02,1105.32,725.6256082523031,0.6012,594.7646728385967,1.7948
retail,summary,Apriori_Gen_Borgelt,0.0005,46.88,24.845554111368163,0.158,5.211815784742341,0.478
retail,summary,Apriori_Gen_Borgelt,0.001,24.06,17.7127229648421,0.1082,5.210149429186785,0.478
retail,summary,Apriori_Gen_Borgelt,0.002,15.79,14.502519809073904,0.0749,5.209803383353452,0.478
retail,summary,Apriori_Gen_Borgelt,0.005,11.66,12.88391226132547,0.0627,5.155852123615968,0.478
retail,summary,Apriori_Gen_Borgelt,0.01,11.57,11.79295276069779,0.0538,5.143702072425491,0.478
retail,summary,Apriori_Gen_Borgelt,0.02,11.83,10.702337344062133,0.0498,5.142341939092158,0.4542
retail,summary,Apriori_Gen_Borgelt,0.2,11.49,9.857268722840244,0.047,5.350535357422438,0.4542
retail,summary,Apriori_Gen_Borgelt,0.3,11.42,10.176585523217211,0.047,5.346954552263708,0.4542
retail,summary,Apriori_Gen_Borgelt,0.5,11.59,9.838801974545827,0.0451,3.1419905788149345,0.4103
retail,summary,Apriori_Gen_Borgelt,0.7,10.8,9.566641539228087,0.0424,2.5574260466901158,0.3345
retail,summary,Eclat_Gen_Borgelt,0.0005,31.95,46.52671216779516,0.1091,0.6129101662282163,0.1722
retail,summary,Eclat_Gen_Borgelt,0.001,27.72,40.2246769883833,0.0919,0.5939784031329781,0.1527
retail,summary,Eclat_Gen_Borgelt,0.002,22.73,37.73352445611902,0.0784,0.5903789031329781,0.1527
retail,summary,Eclat_Gen_Borgelt,0.005,17.43,32.57029516469144,0.0597,0.5717537578948829,0.1527
retail,summary,Eclat_Gen_Borgelt,0.01,13.83,29.128903610032573,0.0529,0.569231433490121,0.1527
retail,summary,Eclat_Gen_Borgelt,0.02,12.06,26.724815850222125,0.0544,0.5687575239663114,0.1527
retail,summary,Eclat_Gen_Borgelt,0.2,11.58,25.263655281534373,0.0491,0.6618637332917082,0.1527
retail,summary,Eclat_Gen_Borgelt,0.3,11.42,23.764829703032547,0.0459,0.5767916697996448,0.1527
retail,summary,Eclat_Gen_Borgelt,0.5,11.56,20.181474006997163,0.0461,0.5685802007520258,0.1527
retail,summary,Eclat_Gen_Borgelt,0.7,10.94,17.791893262670566,0.0411,0.5253471207556332,0.1527
retail,summary,FPgrowth_Gen_Borgelt,0.0005,41.54,55.21021245727467,0.1402,0.7214972674617051,0.1502
retail,summary,FPgrowth_Gen_Borgelt,0.001,34.3,52.152667058119725,0.1095,0.7199867531759907,0.1502
retail,summary,FPgrowth_Gen_Borgelt,0.002,25.18,45.230979771365945,0.084,0.7147318442474193,0.1502
retail,summary,FPgrowth_Gen_Borgelt,0.005,16.54,36.147104575682,0.0569,0.7116213371045621,0.1502
retail,summary,FPgrowth_Gen_Borgelt,0.01,13.28,32.55101273448842,0.0522,0.7113469871045621,0.1502
retail,summary,FPgrowth_Gen_Borgelt,0.02,12.21,28.86858243594256,0.0481,0.709064505556943,0.1502
retail,summary,FPgrowth_Gen_Borgelt,0.2,11.75,28.17697302113357,0.0443,0.6646808785617162,0.1502
retail,summary,FPgrowth_Gen_Borgelt,0.3,11.45,25.51907212432561,0.0451,0.6637466380855257,0.1502
retail,summary,FPgrowth_Gen_Borgelt,0.5,11.43,22.624599275955216,0.0442,0.6367556758019759,0.1502
retail,summary,FPgrowth_Gen_Borgelt,0.7,10.89,20.374263068232096,0.0418,0.4757202103063604,0.1468
retail,summary,FGC_Stream,0.0005,124.59,83.42449768758452,2925.0589,1602.8915548369448,233.2462
retail,summary,FGC_Stream,0.001,111.25,83.42449768758452,1663.3835,1602.8915548369448,233.2462
retail,summary,FGC_Stream,0.002,105.67,83.42449768758452,998.0178,1602.8915548369448,233.2462
retail,summary,FGC_Stream,0.005,102.19,83.49444340794594,452.5109,1602.8915548369448,233.2462
retail,summary,FGC_Stream,0.01,100.5,83.50873389639139,179.3822,1600.1902500008337,233.2462
retail,summary,FGC_Stream,0.02,99.96,83.62524237736217,98.5938,1598.4334105675002,233.2462
retail,summary,Gr_growth,0.0005,34.98,43.585621315248424,0.2084,0.7700959611936673,0.2049
retail,summary,Gr_growth,0.001,30.61,41.46246688038004,0.1571,0.7567670967997281,0.2013
retail,summary,Gr_growth,0.002,24.98,41.08826179328146,0.1034,0.7450555217997279,0.2013
retail,summary,Gr_growth,0.005,17.8,28.840506619741525,0.0602,0.6720615870775057,0.2006
retail,summary,Gr_growth,0.01,14.99,26.122584174266358,0.0427,0.6545846412441725,0.1984
retail,summary,Gr_growth,0.02,13.88,23.945271363143522,0.0365,0.6636471523372459,0.1984
retail,summary,Gr_growth,0.2,13.73,23.177904144251578,0.036,0.653567448368992,0.1984
retail,summary,Gr_growth,0.3,13.72,22.5815763032538,0.0381,0.6344382817023253,0.1984
retail,summary,Gr_growth,0.5,4.24,19.604945247254008,0.0161,0.6077098879904818,0.1798
retail,summary,Gr_growth,0.7,4.25,17.743540993187846,0.0175,0.5456117311362249,0.1649
segment,fresh5,Apriori_Gen_Borgelt,0.2055194805194805,3.19,5.011645410068884,0.006,4.042538984999723,0.0315
segment,fresh5,Eclat_Gen_Borgelt,0.2055194805194805,3.37,10.97539022681943,0.0112,0.8793584295515757,0.0215
segment,fresh5,DefMe,0.2055194805194805,82.29,146.6473865016437,0.2054,17.615069998611236,0.2642
segment,fresh5,FPgrowth_Gen_Borgelt,0.2055194805194805,3.12,11.258053910398017,0.0063,0.5225621357138777,0.0131
segment,fresh5,Gr_growth,0.2055194805194805,13.75,15.272627330262338,0.0069,0.40495120020241204,0.0147
segment,fresh5,Pascal,0.2055194805194805,83.61,127.49175157735984,0.275,371.94746926988654,0.4246
segment,fresh5,TalkyG_Diffset,0.2055194805194805,84.25,129.4810571563507,0.2065,68.28478172449357,0.3045
segment,fresh5,Talky_G,0.2055194805194805,84.72,127.17815393179575,0.2653,40.34466169489514,0.3067
segment,fresh5,Zart,0.2055194805194805,82.16,283.9519979017344,0.2248,1040.3842624792894,44.2896
segment,fresh5,FGC_Stream,0.2055194805194805,8.62,27.41266232321458,0.0457,287.0424466172079,34.6795
segment,fresh5,Apriori_Gen_Borgelt,0.1968614718614718,3.23,5.019941596235516,0.0078,4.042538984999723,0.0315
segment,fresh5,DefMe,0.1968614718614718,82.28,146.6473865016437,0.1968,17.615069998611236,0.2642
segment,fresh5,Eclat_Gen_Borgelt,0.1968614718614718,3.56,10.97539022681943,0.0068,0.8793584295515757,0.0215
segment,fresh5,FPgrowth_Gen_Borgelt,0.1968614718614718,4.17,11.258053910398017,0.007,0.5225621357138777,0.0131
segment,fresh5,Gr_growth,0.1968614718614718,14.52,15.272627330262338,0.0093,0.40495120020241204,0.0147
segment,fresh5,Pascal,0.1968614718614718,77.98,127.49175157735984,0.3223,371.94746926988654,0.4246
segment,fresh5,TalkyG_Diffset,0.1968614718614718,83.71,129.4810571563507,0.2292,68.28478172449357,0.3045
segment,fresh5,Talky_G,0.1968614718614718,83.56,127.37740167271267,0.2248,40.34466169489514,0.3067
segment,fresh5,Zart,0.1968614718614718,110.9,283.9519979017344,0.4302,1040.3842624792894,44.2896
segment,fresh5,FGC_Stream,0.1968614718614718,8.44,27.76922979119479,0.3067,287.0424466172079,34.6795
segment,fresh5,Apriori_Gen_Borgelt,0.0548701298701298,3.86,6.440685660779556,0.0557,4.055724578199578,0.0356
segment,fresh5,DefMe,0.0548701298701298,128.14,272.51736726882666,0.2264,39.84710934543664,0.2642
segment,fresh5,Eclat_Gen_Borgelt,0.0548701298701298,10.66,16.837600077910402,0.0215,0.882551595226179,0.0217
segment,fresh5,FPgrowth_Gen_Borgelt,0.0548701298701298,11.95,18.442048999750707,0.0167,0.5251470386900683,0.0144
segment,fresh5,Gr_growth,0.0548701298701298,15.03,16.320828558972597,0.0205,0.4074622670314164,0.0147
segment,fresh5,Pascal,0.0548701298701298,104.4,191.03384274040164,1.3976,601.4679782792662,0.9832
segment,fresh5,TalkyG_Diffset,0.0548701298701298,113.19,168.58060972761567,0.2538,71.3675450157634,0.3076
segment,fresh5,Talky_G,0.0548701298701298,111.48,157.37047688021576,0.2574,40.34953319092688,0.3067
segment,fresh5,Zart,0.0548701298701298,251.99,306.0818609956239,47.5865,1244.5076592406601,90.7496
segment,fresh5,FGC_Stream,0.0548701298701298,18.46,33.70003801054891,46.2365,349.1265764431457,134.1415
segment,fresh5,Apriori_Gen_Borgelt,0.0128787878787878,15.04,7.056358650896184,0.3602,4.057346331771006,0.0593
segment,fresh5,DefMe,0.0128787878787878,375.15,319.48354785926495,0.4772,50.483410813858484,0.2642
segment,fresh5,Eclat_Gen_Borgelt,0.0128787878787878,20.96,18.258171448498565,0.0825,0.8872766950277664,0.0217
segment,fresh5,FPgrowth_Gen_Borgelt,0.0128787878787878,26.04,19.667423168671,0.0616,0.5274476287694334,0.0144
segment,fresh5,Gr_growth,0.0128787878787878,19.27,29.868947351686447,0.0848,0.41994220417066597,0.0168
segment,fresh5,TalkyG_Diffset,0.0128787878787878,371.89,177.41121228471783,8.6855,69.46646842746975,0.3083
segment,fresh5,Talky_G,0.0128787878787878,318.31,164.35978893486114,8.1857,50.809919654743624,0.3107
segment,fresh5,FGC_Stream,0.0128787878787878,177.32,33.70003801054891,239.7876,357.5802856020743,134.1415
shoppers,fresh4,Apriori_Gen_Borgelt,0.7468572587185726,4.13,4.2938217473378835,0.0072,1.796364487813464,0.0134
shoppers,fresh4,DefMe,0.7468572587185726,96.76,111.3571907853541,0.2229,79.8791563866482,0.2431
shoppers,fresh4,Eclat_Gen_Borgelt,0.7468572587185726,4.43,5.4201100233000075,0.0072,0.24250988482824365,0.0156
shoppers,fresh4,FPgrowth_Gen_Borgelt,0.7468572587185726,4.09,5.723222967585286,0.0112,0.29078893304987496,0.0108
shoppers,fresh4,Gr_growth,0.7468572587185726,13.78,13.920635153185293,0.0139,0.11929004015412692,0.0117
shoppers,fresh4,Pascal,0.7468572587185726,100.48,107.92597244233464,0.2261,333.64742924809076,0.4246
shoppers,fresh4,TalkyG_Diffset,0.7468572587185726,97.91,102.45842210507554,0.2482,76.71023428938838,0.323
shoppers,fresh4,Talky_G,0.7468572587185726,96.03,102.8420942642823,0.238,59.75389405665561,0.3053
shoppers,fresh4,Zart,0.7468572587185726,97.32,129.49446282088408,0.2412,696.6069569566039,1.2506
shoppers,fresh4,FGC_Stream,0.7468572587185726,26.04,23.482761797817105,12.3058,161.28304136249864,8.3822
shoppers,fresh4,Apriori_Gen_Borgelt,0.2178223844282238,3.97,5.100303556398136,0.0219,4.082008631229771,0.0356
shoppers,fresh4,DefMe,0.2178223844282238,115.67,148.39782978912714,0.2292,128.79190901375864,0.2757
shoppers,fresh4,Eclat_Gen_Borgelt,0.2178223844282238,6.09,10.117627380533513,0.0116,1.059592670704867,0.0215
shoppers,fresh4,FPgrowth_Gen_Borgelt,0.2178223844282238,5.94,11.02916805742518,0.0099,0.6413133268477438,0.0131
shoppers,fresh4,Gr_growth,0.2178223844282238,13.88,17.642800186398205,0.0131,0.24094548193595622,0.0147
shoppers,fresh4,Pascal,0.2178223844282238,96.95,120.22579323339941,0.7502,658.9698858618239,1.3842
shoppers,fresh4,TalkyG_Diffset,0.2178223844282238,96.31,113.04465528700855,0.2676,132.92709467742952,0.323
shoppers,fresh4,Talky_G,0.2178223844282238,96.26,114.05158745560894,0.2461,121.92036232484216,0.3053
shoppers,fresh4,Zart,0.2178223844282238,231.39,296.8104173540122,2.269,1325.7744266413804,98.4032
shoppers,fresh4,Apriori_Gen_Borgelt,0.0338807785888077,7.77,6.879685952450697,0.3595,4.104586624483739,0.1027
shoppers,fresh4,DefMe,0.0338807785888077,499.71,304.80879140640394,0.5204,180.36504429008642,0.3504
shoppers,fresh4,Eclat_Gen_Borgelt,0.0338807785888077,20.96,17.054356725603686,0.0954,1.0320609629667719,0.0238
shoppers,fresh4,FPgrowth_Gen_Borgelt,0.0338807785888077,26.93,18.17300355424809,0.0505,0.6453606252604422,0.0144
shoppers,fresh4,Gr_growth,0.0338807785888077,19.52,19.321199847784317,0.0801,0.26772606170757346,0.0168
shoppers,fresh4,TalkyG_Diffset,0.0338807785888077,238.23,162.70396417214826,0.4746,135.35266264429458,0.323
shoppers,fresh4,Talky_G,0.0338807785888077,249.34,151.89224614720052,0.4504,152.94174351928658,0.3118
shoppers,fresh4,Pascal,0.0338807785888077,135.62,194.83264102980377,22.2531,940.3839536001898,20.6284
shoppers,fresh4,Zart,0.0338807785888077,476.2,341.98993234792164,583.2783,1635.7688956783463,354.6493
shoppers,fresh4,Apriori_Gen_Borgelt,0.002250608272506,131.55,8.20347825180403,4.8203,4.110115186388501,0.1027
shoppers,fresh4,DefMe,0.002250608272506,742.77,408.4418115178595,12.6091,180.42771015361456,0.4247
shoppers,fresh4,Eclat_Gen_Borgelt,0.002250608272506,315.32,25.020744997974884,2.243,1.0352004244747084,0.0307
shoppers,fresh4,FPgrowth_Gen_Borgelt,0.002250608272506,326.27,29.751611652101943,1.7049,0.6534547719179513,0.0144
shoppers,fresh4,Gr_growth,0.002250608272506,171.72,22.63621484607935,2.1615,0.297639531503219,0.0168
shuttle,fresh4,Apriori_Gen_Borgelt,0.2299942528735632,5.83,22.474295247518178,0.0145,9.012169939149484,0.1783
shuttle,fresh4,DefMe,0.2299942528735632,96.18,301.9565877207233,0.2464,149.11572796668128,0.686
shuttle,fresh4,Eclat_Gen_Borgelt,0.2299942528735632,5.96,23.53087266291887,0.0185,1.9369814378288384,0.1932
shuttle,fresh4,FPgrowth_Gen_Borgelt,0.2299942528735632,5.94,34.5864229598168,0.0157,1.5697153826728831,0.1502
shuttle,fresh4,Gr_growth,0.2299942528735632,13.61,16.2687722383677,0.0137,1.406988231482406,0.1065
shuttle,fresh4,Pascal,0.2299942528735632,102.67,137.48791499103987,0.2824,646.6517526849542,2.4853
shuttle,fresh4,TalkyG_Diffset,0.2299942528735632,100.3,332.1720490298482,0.292,207.6769652136891,0.6844
shuttle,fresh4,Talky_G,0.2299942528735632,103.6,263.34173269066446,0.2655,203.03028040876518,0.6806
shuttle,fresh4,Zart,0.2299942528735632,128.92,306.29149733348686,0.3182,1023.5059824185798,90.7496
shuttle,fresh4,FGC_Stream,0.2299942528735632,50.1,67.67134946330313,154.6731,838.4330700727995,134.1415
shuttle,fresh4,Apriori_Gen_Borgelt,0.1327068965517241,6.13,22.93564874354476,0.0196,9.015059284982815,0.1783
shuttle,fresh4,DefMe,0.1327068965517241,105.75,318.2887790090998,0.2528,164.11793743096695,0.7731
shuttle,fresh4,Eclat_Gen_Borgelt,0.1327068965517241,6.98,26.86456203711149,0.018,1.9057761330669334,0.1932
shuttle,fresh4,FPgrowth_Gen_Borgelt,0.1327068965517241,6.91,38.83012382381546,0.0163,1.5697405326728828,0.1502
shuttle,fresh4,Gr_growth,0.1327068965517241,14.07,16.57672092312162,0.0241,1.4059224537046282,0.1065
shuttle,fresh4,Pascal,0.1327068965517241,104.47,154.43521545263283,0.6805,718.6503406248352,16.6443
shuttle,fresh4,TalkyG_Diffset,0.1327068965517241,101.61,338.862533003757,0.2817,207.6769652136891,0.6844
shuttle,fresh4,Talky_G,0.1327068965517241,101.02,270.0987327076716,0.2584,203.03129235320964,0.6806
shuttle,fresh4,Zart,0.1327068965517241,148.12,321.90307466765563,0.8677,1132.2998580555457,98.4032
shuttle,fresh4,Apriori_Gen_Borgelt,0.0043160919540229,6.3,27.429762707309276,0.0366,8.546847183593925,0.208
shuttle,fresh4,DefMe,0.0043160919540229,493.91,608.9767069652489,0.5131,167.70557625952588,0.9844
shuttle,fresh4,Eclat_Gen_Borgelt,0.0043160919540229,14.62,36.16598667563249,0.0341,1.8337725850330224,0.223
shuttle,fresh4,FPgrowth_Gen_Borgelt,0.0043160919540229,15.71,49.97534306281029,0.0366,1.5780833956002336,0.1523
shuttle,fresh4,Gr_growth,0.0043160919540229,15.0,20.526650528778095,0.0324,1.3712789287407037,0.1445
shuttle,fresh4,Pascal,0.0043160919540229,117.03,176.05420651939798,16.6497,879.2171870220393,54.9236
shuttle,fresh4,TalkyG_Diffset,0.0043160919540229,392.16,369.7344100019043,0.4336,202.19438909781607,0.7181
shuttle,fresh4,Talky_G,0.0043160919540229,252.76,297.23277311642886,0.3948,232.16227363454357,0.7825
shuttle,fresh4,Zart,0.0043160919540229,398.43,716.9674413325413,137.2946,1219.6702507755854,126.5752
sign_set,hard,Apriori_Gen_Borgelt,0.0503424657534246,4.12,51.147844327874914,0.0395,20.022638171774055,0.3345
sign_set,hard,DefMe,0.0503424657534246,120.34,449.69803314035164,0.2327,208.4533207768634,0.4557
sign_set,hard,Eclat_Gen_Borgelt,0.0503424657534246,4.58,106.19601601670725,0.015,1.0943923874854313,0.0739
sign_set,hard,FPgrowth_Gen_Borgelt,0.0503424657534246,11.94,87.3710219600749,0.0301,1.1069122612096238,0.0914
sign_set,hard,Gr_growth,0.0503424657534246,15.34,50.66770578239687,0.03,1.4333249493117988,0.0788
sign_set,hard,TalkyG_Diffset,0.0503424657534246,111.18,318.52213050468526,0.2625,420.9088022756548,0.3203
sign_set,hard,Talky_G,0.0503424657534246,108.02,287.3592811344222,0.2358,433.8312994345345,0.3233
sign_set,hard,Pascal,0.0503424657534246,93.32,221.0866404760341,2.1433,1501.7173139119902,138.517
sign_set,hard,Zart,0.0503424657534246,518.34,368.9566299150382,28.4174,1569.5885932302672,545.852
sign_set,hard,Apriori_Gen_Borgelt,0.0407534246575342,10.02,51.373558004479186,0.0774,20.02280350510739,0.3345
sign_set,hard,DefMe,0.0407534246575342,250.55,450.5803277198849,0.3537,212.91637894353005,0.6254
sign_set,hard,Eclat_Gen_Borgelt,0.0407534246575342,5.39,106.19601601670725,0.0438,1.0227619499854315,0.0743
sign_set,hard,FPgrowth_Gen_Borgelt,0.0407534246575342,33.32,87.3710219600749,0.0514,1.107245736209624,0.1041
sign_set,hard,Gr_growth,0.0407534246575342,15.79,55.11932706112533,0.05,1.4352654909784657,0.1011
sign_set,hard,Pascal,0.0407534246575342,173.77,222.04776731983523,11.3449,1506.594377953657,138.517
sign_set,hard,TalkyG_Diffset,0.0407534246575342,266.2,319.364205182392,0.4583,419.18415939113095,0.3203
sign_set,hard,Talky_G,0.0407534246575342,264.03,287.9031283701558,0.4676,433.83573234048686,0.3233
skin,confirm,Apriori_Gen_Borgelt,0.2363562354880701,17.81,63.00428532909206,0.0414,12.243646432955675,0.208
skin,confirm,DefMe,0.2363562354880701,164.94,514.8128760153675,0.2769,189.2175152329726,0.7757
skin,confirm,Eclat_Gen_Borgelt,0.2363562354880701,17.75,94.66910609428228,0.0406,2.302541054702097,0.223
skin,confirm,FPgrowth_Gen_Borgelt,0.2363562354880701,17.99,85.36171812222638,0.0321,1.6704881700008318,0.2202
skin,confirm,Gr_growth,0.2363562354880701,13.59,13.482323488954195,0.0229,1.2910722732892106,0.1205
skin,confirm,Pascal,0.2363562354880701,131.88,334.646876279096,0.391,959.042680396145,19.602
skin,confirm,TalkyG_Diffset,0.2363562354880701,166.4,459.89692288300796,0.3313,215.34382651452302,0.7181
skin,confirm,Talky_G,0.2363562354880701,163.0,466.9501805863761,0.3276,233.0747273259411,0.6806
skin,confirm,Zart,0.2363562354880701,170.25,747.1553569582218,0.4146,1077.2866098744437,98.4032
skin,confirm,Apriori_Gen_Borgelt,0.0023535340757456,18.5,62.0440694534583,0.0347,11.792489553139658,0.212
skin,confirm,DefMe,0.0023535340757456,164.62,883.5187433170756,0.2986,222.83503818653153,0.9919
skin,confirm,Eclat_Gen_Borgelt,0.0023535340757456,18.77,95.11247225337527,0.036,2.303113301888243,0.223
skin,confirm,FPgrowth_Gen_Borgelt,0.0023535340757456,18.75,82.84521382073893,0.041,1.7198912017593513,0.2202
skin,confirm,Gr_growth,0.0023535340757456,13.46,23.8237527193269,0.0348,1.2680505487221112,0.1445
skin,confirm,Pascal,0.0023535340757456,132.53,328.4912446088192,0.7181,1160.9493573842221,56.3277
skin,confirm,TalkyG_Diffset,0.0023535340757456,165.33,471.01045899738045,0.3216,213.8270465578671,0.8067
skin,confirm,Talky_G,0.0023535340757456,165.97,474.7866530936087,0.3162,241.80499278218068,0.7825
skin,confirm,Zart,0.0023535340757456,196.8,981.2732695449494,0.8849,1300.7020368754968,550.9333
sonar,fresh6,Apriori_Gen_Borgelt,0.1622596153846154,3.03,63.64169936209411,0.0065,22.601601078830882,0.5387
sonar,fresh6,Eclat_Gen_Borgelt,0.1622596153846154,3.31,109.28567939640881,0.0074,1.1849518941690254,0.075
sonar,fresh6,DefMe,0.1622596153846154,79.59,514.3558950061579,0.2438,208.41219105633667,0.6254
sonar,fresh6,FPgrowth_Gen_Borgelt,0.1622596153846154,3.5,106.11374788518997,0.0069,1.2163524698204575,0.1046
sonar,fresh6,Gr_growth,0.1622596153846154,14.22,56.0702257166695,0.0108,1.6829376122322115,0.1029
sonar,fresh6,TalkyG_Diffset,0.1622596153846154,77.68,305.7099031820472,0.2376,421.7139878947024,0.3172
sonar,fresh6,Pascal,0.1622596153846154,78.41,193.35696463229203,0.7216,1629.2798808971634,441.1246
sonar,fresh6,Talky_G,0.1622596153846154,80.24,270.0578848445231,0.2655,481.10337514653804,0.4063
sonar,fresh6,FGC_Stream,0.1622596153846154,5.16,62.27444679079052,0.1478,2341.6575553121756,3600.0
sonar,fresh6,Zart,0.1622596153846154,373.56,366.46780988604684,1.1555,1963.9065471600832,3600.0
sonar,fresh6,Apriori_Gen_Borgelt,0.1334134615384615,3.17,63.74054854854274,0.0123,22.601601078830882,0.5387
sonar,fresh6,Eclat_Gen_Borgelt,0.1334134615384615,3.62,112.32355192108368,0.0166,1.1849518941690254,0.075
sonar,fresh6,DefMe,0.1334134615384615,79.57,520.5809559851568,0.2476,223.35975812300336,0.6254
sonar,fresh6,FPgrowth_Gen_Borgelt,0.1334134615384615,3.95,106.9044032949083,0.0085,1.2163524698204575,0.1046
sonar,fresh6,Gr_growth,0.1334134615384615,14.07,56.09025450224377,0.0105,1.6829376122322115,0.1029
sonar,fresh6,TalkyG_Diffset,0.1334134615384615,93.29,309.05665531630825,0.2637,421.7139878947024,0.3172
sonar,fresh6,Pascal,0.1334134615384615,84.39,206.8761115604223,0.708,1640.3390575852586,441.1246
sonar,fresh6,Talky_G,0.1334134615384615,82.75,273.7361578983777,0.2921,515.951676396538,0.4063
sonar,fresh6,FGC_Stream,0.1334134615384615,5.32,62.963982898876985,0.2809,2341.6575553121756,3600.0
sonar,fresh6,Zart,0.1334134615384615,372.31,366.4978725237048,1.2691,1963.9065471600832,3600.0
sonar,fresh6,Apriori_Gen_Borgelt,0.0853365384615384,3.46,63.58154038724449,0.0105,22.601744245497553,0.5387
sonar,fresh6,DefMe,0.0853365384615384,95.05,528.0893596882469,0.2546,223.36250791050338,0.6254
sonar,fresh6,Eclat_Gen_Borgelt,0.0853365384615384,4.43,113.9243167107004,0.009,1.1834824820478134,0.075
sonar,fresh6,FPgrowth_Gen_Borgelt,0.0853365384615384,5.05,107.68073557953329,0.0145,1.2178416489871242,0.1084
sonar,fresh6,Gr_growth,0.0853365384615384,14.22,56.22407222666258,0.0144,1.6790164598512594,0.1029
sonar,fresh6,Pascal,0.0853365384615384,89.18,228.86650364139214,0.5578,1649.5173292352586,441.1246
sonar,fresh6,TalkyG_Diffset,0.0853365384615384,88.8,324.48347898245504,0.3033,439.60207222505966,0.3203
sonar,fresh6,Talky_G,0.0853365384615384,82.85,285.0988924873666,0.2762,515.9517125810619,0.4063
sonar,fresh6,Zart,0.0853365384615384,517.77,376.987219542299,1.7806,1967.7020664975832,3600.0
sonar,fresh6,FGC_Stream,0.0853365384615384,6.87,65.32195059003217,0.464,2348.5959526619054,3600.0
sonar,fresh6,Apriori_Gen_Borgelt,0.0564903846153846,4.3,63.867479404245984,0.0276,22.603646241330885,0.5387
sonar,fresh6,DefMe,0.0564903846153846,124.7,536.5356949988047,0.3004,238.2083127438367,0.6254
sonar,fresh6,Eclat_Gen_Borgelt,0.0564903846153846,8.88,113.9243167107004,0.0221,1.1837916778811468,0.075
sonar,fresh6,FPgrowth_Gen_Borgelt,0.0564903846153846,12.23,107.81837155885401,0.0237,1.2184086531537908,0.1084
sonar,fresh6,Gr_growth,0.0564903846153846,14.54,56.67069046506397,0.0213,1.6798054003274496,0.1029
sonar,fresh6,Pascal,0.0564903846153846,99.9,228.3818922205439,1.0349,1659.2036401463695,441.1246
sonar,fresh6,TalkyG_Diffset,0.0564903846153846,125.22,327.929463326673,0.4167,439.6021872000597,0.3203
sonar,fresh6,Talky_G,0.0564903846153846,117.83,289.4664715724235,0.386,515.9518791556651,0.4063
sonar,fresh6,Zart,0.0564903846153846,641.53,380.55512596324405,34.4557,1978.7191090154404,3600.0
sonar,fresh6,FGC_Stream,0.0564903846153846,17.34,65.37809325114425,0.9547,2364.3254199958337,3600.0
sonar,fresh6,Apriori_Gen_Borgelt,0.0516826923076923,5.06,63.867479404245984,0.0358,22.60381524133088,0.5387
sonar,fresh6,DefMe,0.0516826923076923,134.01,536.5356949988047,0.32,238.2083127438367,0.6254
sonar,fresh6,Eclat_Gen_Borgelt,0.0516826923076923,10.98,113.9243167107004,0.0238,1.1837916778811468,0.075
sonar,fresh6,FPgrowth_Gen_Borgelt,0.0516826923076923,15.52,107.81837155885401,0.0326,1.2184086531537908,0.1084
sonar,fresh6,Gr_growth,0.0516826923076923,14.69,56.67069046506397,0.0261,1.6798054003274496,0.1029
sonar,fresh6,Pascal,0.0516826923076923,99.72,228.3818922205439,1.5342,1659.2036401463695,441.1246
sonar,fresh6,TalkyG_Diffset,0.0516826923076923,133.37,327.929463326673,0.6727,439.6021872000597,0.3203
sonar,fresh6,Talky_G,0.0516826923076923,125.25,289.4664715724235,0.6361,515.9518791556651,0.4063
sonar,fresh6,FGC_Stream,0.0516826923076923,24.58,65.37809325114425,1.2391,2364.3254199958337,3600.0
sonar,fresh6,Zart,0.0516826923076923,556.57,380.55512596324405,93.2728,1981.6267243154405,3600.0
soybean,fresh5,Apriori_Gen_Borgelt,0.777086383601757,3.15,7.573344545058674,0.0058,12.523543223369101,0.1783
soybean,fresh5,Eclat_Gen_Borgelt,0.777086383601757,3.16,13.681888956985027,0.0064,1.160783637341825,0.093
soybean,fresh5,DefMe,0.777086383601757,79.34,157.16653814062238,0.2144,113.15063364844877,0.4789
soybean,fresh5,FPgrowth_Gen_Borgelt,0.777086383601757,3.17,13.515192068579953,0.0064,0.9305940030802532,0.0846
soybean,fresh5,Gr_growth,0.777086383601757,13.77,13.107434608899982,0.0095,1.022178043836719,0.0649
soybean,fresh5,Pascal,0.777086383601757,79.44,138.56717908620305,0.2699,619.6248135659256,3.0817
soybean,fresh5,TalkyG_Diffset,0.777086383601757,78.55,174.63691761841804,0.2197,239.65466107095267,0.5796
soybean,fresh5,Talky_G,0.777086383601757,77.86,180.5909437823237,0.2507,350.96761981853945,0.5948
soybean,fresh5,Zart,0.777086383601757,77.07,311.6331142458705,0.2232,991.949620293838,44.1872
soybean,fresh5,FGC_Stream,0.777086383601757,5.78,44.998960753802784,0.0541,2460.790640428532,3600.0
soybean,fresh5,Apriori_Gen_Borgelt,0.6379941434846267,3.03,11.98793561042682,0.0064,21.10215085210703,0.754
soybean,fresh5,DefMe,0.6379941434846267,79.27,240.8908400793449,0.2017,150.06592328964646,0.686
soybean,fresh5,Eclat_Gen_Borgelt,0.6379941434846267,4.2,30.063240946783168,0.0064,1.6523807607905985,0.1403
soybean,fresh5,FPgrowth_Gen_Borgelt,0.6379941434846267,4.43,24.290702850307014,0.0061,1.394352096334221,0.1118
soybean,fresh5,Gr_growth,0.6379941434846267,13.75,17.583241556904177,0.0088,1.4086832569319563,0.1316
soybean,fresh5,Pascal,0.6379941434846267,84.48,166.5893899737784,0.3145,1190.1293308789448,47.193
soybean,fresh5,TalkyG_Diffset,0.6379941434846267,78.32,225.66858596199705,0.205,334.08641867883085,1.0608
soybean,fresh5,Talky_G,0.6379941434846267,80.14,223.67024679399915,0.2077,491.2243273033129,1.1451
soybean,fresh5,Zart,0.6379941434846267,128.82,334.1004420280678,0.3723,1469.6819972494297,130.6938
soybean,fresh5,FGC_Stream,0.6379941434846267,7.18,69.49976912945854,1.6263,2576.1101506451982,3600.0
soybean,fresh5,Apriori_Gen_Borgelt,0.1621522693997071,23.58,58.212725146621445,1.0349,41.07009207544203,6.4563
soybean,fresh5,DefMe,0.1621522693997071,440.72,441.90466023048293,0.6491,340.3592239621988,1.9531
soybean,fresh5,Eclat_Gen_Borgelt,0.1621522693997071,44.25,155.3336808214282,0.1793,2.8801103009240756,0.223
soybean,fresh5,FPgrowth_Gen_Borgelt,0.1621522693997071,45.21,116.95176979286595,0.1459,2.5781330187534683,0.2305
soybean,fresh5,Gr_growth,0.1621522693997071,30.04,120.57323130760824,0.201,2.8705745925227544,0.2639
soybean,fresh5,TalkyG_Diffset,0.1621522693997071,330.55,463.32108705790534,16.6087,874.343757387954,2.9883
soybean,fresh5,Talky_G,0.1621522693997071,316.15,452.37122352402525,16.3356,857.1924707521252,2.9281
soybean,fresh5,Apriori_Gen_Borgelt,0.0230600292825768,337.25,57.30170328772253,9.2361,40.5856912282198,6.4563
soybean,fresh5,DefMe,0.0230600292825768,594.68,488.30896663037043,5.2576,376.4221203362068,1.9531
soybean,fresh5,Eclat_Gen_Borgelt,0.0230600292825768,443.29,154.4797488202866,2.9454,2.906412878485403,0.223
soybean,fresh5,FPgrowth_Gen_Borgelt,0.0230600292825768,445.26,114.17276288823135,2.5659,2.5781330187534683,0.2305
soybean,fresh5,Gr_growth,0.0230600292825768,244.08,124.66890683061712,3.22,2.7986146611735485,0.2639
splice,fresh,Apriori_Gen_Borgelt,0.244435736677116,4.03,63.772640558676095,0.0132,27.70450685920606,1.2209
splice,fresh,Eclat_Gen_Borgelt,0.244435736677116,5.05,106.0683731958612,0.0226,1.5500359914814352,0.1569
splice,fresh,FPgrowth_Gen_Borgelt,0.244435736677116,7.08,102.91488431496273,0.0227,1.4008381145354645,0.1205
splice,fresh,DefMe,0.244435736677116,93.85,510.1534338491256,0.3925,253.84183016636553,1.3447
splice,fresh,Gr_growth,0.244435736677116,16.88,65.65033478495097,0.0265,1.9378157728854473,0.1446
splice,fresh,TalkyG_Diffset,0.244435736677116,93.09,334.5356422746039,0.273,728.3049657349153,2.9883
splice,fresh,Talky_G,0.244435736677116,95.01,282.30729560811704,0.2616,840.1148425822705,3.0274
splice,fresh,Pascal,0.244435736677116,98.31,190.12428746113224,1.2166,1975.4822349704864,3600.0
splice,fresh,Zart,0.244435736677116,337.66,363.4161302245874,1.9101,2414.0515874238995,3600.0
splice,fresh,FGC_Stream,0.244435736677116,22.06,60.69611156427301,11.1347,2771.6038426358473,3600.0
splice,fresh,Apriori_Gen_Borgelt,0.1638714733542319,4.59,63.64169936209411,0.0148,27.704734996706062,1.2209
splice,fresh,DefMe,0.1638714733542319,92.34,516.7476211347694,0.2377,253.8428603032703,1.3447
splice,fresh,Eclat_Gen_Borgelt,0.1638714733542319,6.29,109.17206102514393,0.0162,1.5187398307671496,0.1569
splice,fresh,FPgrowth_Gen_Borgelt,0.1638714733542319,10.34,106.11374788518997,0.0286,1.40095600024975,0.1205
splice,fresh,Gr_growth,0.1638714733542319,19.85,65.66658817504248,0.0246,1.934541684790209,0.1446
splice,fresh,Pascal,0.1638714733542319,98.94,194.69252445405644,3.1294,1983.8738599169146,3600.0
splice,fresh,TalkyG_Diffset,0.1638714733542319,93.57,338.47096512919285,0.2544,762.6160033063438,2.9883
splice,fresh,Talky_G,0.1638714733542319,93.19,284.57349381014706,0.2349,867.1006604128263,3.0274
splice,fresh,Zart,0.1638714733542319,374.71,371.74976846101725,5.4377,2433.573225716558,3600.0
splice,fresh,FGC_Stream,0.1638714733542319,22.34,62.35673893956959,73.5106,2775.1732194838996,3600.0
splice,fresh,Apriori_Gen_Borgelt,0.1115203761755486,4.73,63.83362211403099,0.0261,27.704734996706062,1.2209
splice,fresh,DefMe,0.1115203761755486,106.21,528.2271588880805,0.2479,268.79042736993694,1.3447
splice,fresh,Eclat_Gen_Borgelt,0.1115203761755486,7.05,113.62786048891334,0.0229,1.5187398307671496,0.1569
splice,fresh,FPgrowth_Gen_Borgelt,0.1115203761755486,11.0,108.45753398703665,0.0505,1.40095600024975,0.1205
splice,fresh,Gr_growth,0.1115203761755486,20.19,65.72134741590415,0.0396,1.935274109790209,0.1446
splice,fresh,Pascal,0.1115203761755486,102.38,229.65680099297794,3.7488,1995.9284333050102,3600.0
splice,fresh,TalkyG_Diffset,0.1115203761755486,93.88,349.45843373657266,0.2656,796.7581489730105,2.9883
splice,fresh,Talky_G,0.1115203761755486,95.37,293.90724815486055,0.2549,901.9489616628264,3.0274
splice,fresh,Zart,0.1115203761755486,622.81,371.74976846101725,8.8241,2433.573225716558,3600.0
splice,fresh,FGC_Stream,0.1115203761755486,23.18,65.36557042003197,127.1456,2775.1732194838996,3600.0
splice,fresh,Apriori_Gen_Borgelt,0.0751567398119122,5.36,63.58154038724449,0.0536,27.70644043420606,1.2209
splice,fresh,DefMe,0.0751567398119122,125.56,530.5449456591103,0.2482,265.71236881993696,1.2143
splice,fresh,Eclat_Gen_Borgelt,0.0751567398119122,9.23,113.80587580075101,0.0553,1.516978785312604,0.1527
splice,fresh,FPgrowth_Gen_Borgelt,0.0751567398119122,39.09,106.81766826568294,0.0836,1.40116725024975,0.1205
splice,fresh,Gr_growth,0.0751567398119122,20.63,66.33555401672548,0.0757,1.9311871256632251,0.1446
splice,fresh,Pascal,0.0751567398119122,109.96,230.64528999398695,8.1517,1997.537032073264,3600.0
splice,fresh,TalkyG_Diffset,0.0751567398119122,117.89,359.2223924122781,0.2741,796.7581489730105,2.9883
splice,fresh,Talky_G,0.0751567398119122,121.19,300.4380077921778,0.2833,901.9489616628264,3.0274
splice,fresh,Zart,0.0751567398119122,541.96,383.4365292382345,56.7955,2438.4774318971135,3600.0
splice,fresh,FGC_Stream,0.0751567398119122,28.77,65.41228144020104,229.9467,2781.777881300566,3600.0
splice,fresh,Apriori_Gen_Borgelt,0.053526645768025,10.33,63.867479404245984,0.1621,27.70653220087273,1.2209
splice,fresh,DefMe,0.053526645768025,375.64,539.0305559562086,0.4046,280.55519573660365,1.2143
splice,fresh,Eclat_Gen_Borgelt,0.053526645768025,14.63,113.80587580075101,0.178,1.5171136811459374,0.1527
splice,fresh,FPgrowth_Gen_Borgelt,0.053526645768025,150.84,107.81837155885401,0.2691,1.4012474169164166,0.1205
splice,fresh,Gr_growth,0.053526645768025,21.88,66.46021619955799,0.2381,1.9311871256632251,0.1446
splice,fresh,TalkyG_Diffset,0.053526645768025,386.9,363.1011555193633,0.5239,796.7581489730105,2.9883
splice,fresh,Talky_G,0.053526645768025,385.95,305.0327188865591,0.5333,901.9489616628264,3.0274
splice,fresh,Pascal,0.053526645768025,210.96,229.95937705460915,55.2144,1999.9853617343754,3600.0
splice,fresh,FGC_Stream,0.053526645768025,51.27,65.46320730740257,544.3027,2790.497729034494,3600.0
susy,fresh5,Apriori_Gen_Borgelt,0.16199895,1030.26,185.45841579854567,6.7294,6.750960704416416,0.0635
susy,fresh5,DefMe,0.16199895,2240.76,606.7009820992674,4.2333,187.34231129522772,0.3504
susy,fresh5,Eclat_Gen_Borgelt,0.16199895,1730.57,238.06126232846154,11.0152,2.177144014961428,0.15
susy,fresh5,FPgrowth_Gen_Borgelt,0.16199895,2235.04,214.52835538045434,9.5338,1.8931856478368854,0.2224
susy,fresh5,Gr_growth,0.16199895,1654.07,10.532492734550338,16.2215,1.540479299951437,0.1446
susy,fresh5,TalkyG_Diffset,0.16199895,2358.99,258.06945328560005,5.3005,147.42884503226355,0.3134
susy,fresh5,Talky_G,0.16199895,2280.07,245.08200842810373,5.8488,136.05060006818076,0.3147
susy,fresh5,Pascal,0.16199895,1649.43,524.354054754486,297.488,519.7229373367802,0.9832
susy,fresh5,Zart,0.16199895,2288.83,873.5555889217117,391.8855,913.9943398280375,12.2491
susy,fresh5,Apriori_Gen_Borgelt,0.11046075,1033.94,188.11262290291208,9.5622,6.755923233583083,0.065
susy,fresh5,DefMe,0.11046075,2211.21,626.6816511997083,4.5619,226.67097626606107,0.3754
susy,fresh5,Eclat_Gen_Borgelt,0.11046075,1734.49,239.20764620446693,13.7369,2.1772635744852376,0.15
susy,fresh5,FPgrowth_Gen_Borgelt,0.11046075,2239.05,218.37873860213102,11.4221,1.9540319478368853,0.2224
susy,fresh5,Gr_growth,0.11046075,1654.07,10.891160908567372,18.5747,1.5415352392371513,0.1492
susy,fresh5,TalkyG_Diffset,0.11046075,2282.79,265.0187232453992,5.2441,150.48349005845404,0.3134
susy,fresh5,Talky_G,0.11046075,2290.91,250.9491830232689,5.7493,136.05181630984742,0.3147
susy,fresh5,Pascal,0.11046075,1724.7,533.1315603281138,307.6047,590.4472840796374,1.3842
susy,fresh5,Zart,0.11046075,2246.07,875.1108318358737,403.8973,1004.0570016544265,44.1872
susy,fresh5,Apriori_Gen_Borgelt,0.04290295,1038.79,188.11262290291208,27.6764,6.849643751241814,0.096
susy,fresh5,DefMe,0.04290295,2296.09,641.2392897191573,8.3762,248.61295656961448,0.4789
susy,fresh5,Eclat_Gen_Borgelt,0.04290295,1744.93,241.72175175226903,19.6709,2.1066694439116445,0.1569
susy,fresh5,FPgrowth_Gen_Borgelt,0.04290295,2267.5,210.17897709886128,13.8166,1.9928673947344322,0.2224
susy,fresh5,Gr_growth,0.04290295,1658.13,12.888271292311982,31.3562,1.5665830118561992,0.2006
susy,fresh5,TalkyG_Diffset,0.04290295,2293.27,267.82480785156304,6.469,148.40679862917915,0.3172
susy,fresh5,Talky_G,0.04290295,2264.42,255.9148685837879,6.899,136.072902715403,0.3159
susy,fresh5,Apriori_Gen_Borgelt,0.02598815,1040.67,187.00886182171445,46.0497,6.850416881003719,0.096
susy,fresh5,DefMe,0.02598815,2237.74,647.1176198906223,24.2138,248.64734000509984,0.6457
susy,fresh5,Eclat_Gen_Borgelt,0.02598815,1822.98,241.09193552016555,57.3551,2.1096381562132316,0.1569
susy,fresh5,Gr_growth,0.02598815,1910.78,13.181876679599334,76.5401,1.5786387759615383,0.2049
susy,fresh5,TalkyG_Diffset,0.02598815,2398.71,267.9197878654623,17.5895,148.4217660458458,0.3172
susy,fresh5,Talky_G,0.02598815,2277.16,255.57783581089205,16.4789,136.07728096341884,0.3159
t10i4d100k,summary,DefMe,0.2,150.71,482.95850760879483,0.2793,53.74398148077129,0.5899
t10i4d100k,summary,DefMe,0.3,151.82,481.7354953275706,0.2721,53.73353503672367,0.5899
t10i4d100k,summary,DefMe,0.5,149.84,455.369484992701,0.2807,40.73687559408297,0.5899
t10i4d100k,summary,DefMe,0.7,154.07,418.7467979752363,0.2792,20.490357540084187,0.4789
t10i4d100k,summary,Talky_G,0.2,152.2,2532.0347866018465,0.3068,363.2413317074784,1.2828
t10i4d100k,summary,Talky_G,0.3,152.18,2535.2251149368312,0.3159,363.24277531462127,1.2828
t10i4d100k,summary,Talky_G,0.5,153.44,2533.596711808212,0.3144,284.72789713264774,0.877
t10i4d100k,summary,Talky_G,0.7,151.88,2437.4054432926087,0.3118,245.7144395492062,0.7813
t10i4d100k,summary,Pascal,0.2,124.71,149.68834114310658,0.2441,880.9406423319102,14.0866
t10i4d100k,summary,Pascal,0.3,129.48,146.02616919651578,0.2513,871.4905501535371,14.0866
t10i4d100k,summary,Pascal,0.5,129.3,148.0785930406505,0.2453,801.5527730492636,12.1523
t10i4d100k,summary,Pascal,0.7,128.42,134.80612019762057,0.2551,652.034883358986,7.1688
t10i4d100k,summary,Zart,0.2,156.22,356.8728562202334,0.3054,1018.1178620134151,44.1872
t10i4d100k,summary,Zart,0.3,155.03,334.2802771650073,0.2949,962.8590739142404,25.105
t10i4d100k,summary,Zart,0.5,153.89,299.83008932100347,0.306,828.3897105529752,10.9244
t10i4d100k,summary,Zart,0.7,150.1,296.02464734522215,0.2976,720.2796891596784,7.2682
t10i4d100k,summary,TalkyG_Diffset,0.2,153.45,2729.393450123171,0.3045,323.314632650704,1.3352
t10i4d100k,summary,TalkyG_Diffset,0.3,151.56,2729.5396486831783,0.3083,292.72647439177547,1.3352
t10i4d100k,summary,TalkyG_Diffset,0.5,151.83,2647.198387842968,0.3079,237.4720454526161,1.1223
t10i4d100k,summary,TalkyG_Diffset,0.7,154.51,2480.991377579057,0.3031,212.64643584455752,0.8799
t10i4d100k,summary,FGC_Stream,0.2,97.63,65.32346446129996,0.6982,1014.4750826248197,134.1415
t10i4d100k,summary,FGC_Stream,0.3,97.64,63.78236763205382,0.7099,993.4433973597222,98.5938
t10i4d100k,summary,FGC_Stream,0.5,97.48,72.06505050903904,0.6987,917.5689948777776,23.4236
t10i4d100k,summary,FGC_Stream,0.7,97.47,67.98232217594453,0.6667,912.277372536111,23.4236
t10i4d100k,summary,DefMe,0.001,812.59,911.0054155534093,0.9844,78.36118096617894,1.2698
t10i4d100k,summary,DefMe,0.002,750.12,851.1577537652126,0.9919,57.63264959217099,0.9103
t10i4d100k,summary,DefMe,0.005,796.69,551.1380049545825,0.9871,55.39099166311255,0.6457
t10i4d100k,summary,DefMe,0.01,819.07,516.4234730696155,0.9878,54.70619530299351,0.6254
t10i4d100k,summary,DefMe,0.02,152.76,501.8493341872204,0.2763,66.7041238418824,0.6254
t10i4d100k,summary,DefMe,0.05,152.14,504.0225905727239,0.2744,58.28793414386653,0.6254
t10i4d100k,summary,Talky_G,0.001,150.87,2897.1221054656353,0.3167,417.08885484929084,1.7659
t10i4d100k,summary,Talky_G,0.002,151.57,2648.2725946089136,0.3233,388.3760098047395,1.7659
t10i4d100k,summary,Talky_G,0.005,152.23,2602.6045922841054,0.3183,366.8047200331125,1.6833
t10i4d100k,summary,Talky_G,0.01,153.12,2538.502093567269,0.3107,367.32771742086504,1.4308
t10i4d100k,summary,Talky_G,0.02,152.68,2521.600776393546,0.3147,373.2006261266731,1.3662
t10i4d100k,summary,Talky_G,0.05,151.77,2522.888574315841,0.3067,371.43571984427496,1.2828
t10i4d100k,summary,Pascal,0.001,155.15,276.8525225489813,954.0731,1741.5094060656959,1162.8797
t10i4d100k,summary,Pascal,0.002,159.95,180.02110781460183,975.784,1375.249979868004,441.1246
t10i4d100k,summary,Pascal,0.005,155.71,157.40631104075115,995.6832,1126.771195708083,54.9236
t10i4d100k,summary,Pascal,0.01,165.66,155.293060908248,969.3234,1045.786613940875,40.6292
t10i4d100k,summary,Pascal,0.02,128.2,159.24254670281715,0.2401,992.1908346565496,32.0492
t10i4d100k,summary,Pascal,0.05,127.62,161.99026670834013,0.2427,995.3734246553589,32.0492
t10i4d100k,summary,Zart,0.001,1291.53,995.5737396087496,719.7062,1766.512248191319,800.5185
t10i4d100k,summary,Zart,0.002,1310.36,846.2112626520011,545.852,1398.934012925843,367.5665
t10i4d100k,summary,Zart,0.005,1314.66,576.1192220677173,550.0992,1213.4392813841769,90.7496
t10i4d100k,summary,Zart,0.01,1308.71,562.2715277030517,554.432,1127.4133843471275,87.3878
t10i4d100k,summary,Zart,0.02,153.7,454.85653364339316,0.2892,1139.9103470292703,87.3878
t10i4d100k,summary,Zart,0.05,153.11,415.21133601511366,0.2905,1165.0787418489133,87.3878
t10i4d100k,summary,TalkyG_Diffset,0.001,152.88,3189.6891567608886,0.3115,400.18790189914034,1.7948
t10i4d100k,summary,TalkyG_Diffset,0.002,152.97,2890.1952388173218,0.3139,379.7555912554896,1.7948
t10i4d100k,summary,TalkyG_Diffset,0.005,154.54,2869.814505511932,0.3134,354.91891975668005,1.7675
t10i4d100k,summary,TalkyG_Diffset,0.01,152.23,2765.6734009606125,0.3203,344.6569526682185,1.7675
t10i4d100k,summary,TalkyG_Diffset,0.02,153.06,2719.0216351170984,0.3076,338.4707950108772,1.5555
t10i4d100k,summary,TalkyG_Diffset,0.05,153.35,2711.841787592599,0.3172,331.98108764832307,1.4233
t10i4d100k,summary,Apriori_Gen_Borgelt,0.001,18.48,14.664684381290044,0.0611,7.02926801375569,0.1482
t10i4d100k,summary,Apriori_Gen_Borgelt,0.002,18.71,12.087368497540673,0.0635,7.0174017195096585,0.141
t10i4d100k,summary,Apriori_Gen_Borgelt,0.005,18.18,11.120491769450592,0.065,7.001163705115719,0.1082
t10i4d100k,summary,Apriori_Gen_Borgelt,0.01,18.68,11.093173930008918,0.0593,6.998462919981408,0.1027
t10i4d100k,summary,Apriori_Gen_Borgelt,0.02,9.69,11.07358757097722,0.0315,6.998056565814742,0.1027
t10i4d100k,summary,Apriori_Gen_Borgelt,0.05,9.84,10.523121417970648,0.0307,6.997845815814742,0.1027
t10i4d100k,summary,Apriori_Gen_Borgelt,0.2,10.0,9.02141370631484,0.0317,6.99845980659757,0.0685
t10i4d100k,summary,Apriori_Gen_Borgelt,0.3,9.87,8.539463777705565,0.0282,6.997082748264237,0.0685
t10i4d100k,summary,Apriori_Gen_Borgelt,0.5,9.65,6.825837762900085,0.027,5.954681160764237,0.0627
t10i4d100k,summary,Apriori_Gen_Borgelt,0.7,9.77,6.006307254178993,0.0271,3.518343794728882,0.0498
t10i4d100k,summary,Eclat_Gen_Borgelt,0.001,25.45,33.35783558468115,0.0746,1.0792366361597554,0.1071
t10i4d100k,summary,Eclat_Gen_Borgelt,0.002,25.47,29.289782547146718,0.0743,1.0682152117549935,0.1071
t10i4d100k,summary,Eclat_Gen_Borgelt,0.005,25.38,23.303656935602824,0.075,1.0573677736597553,0.1071
t10i4d100k,summary,Eclat_Gen_Borgelt,0.01,25.34,22.02269751404232,0.0739,1.0518361386489328,0.1039
t10i4d100k,summary,Eclat_Gen_Borgelt,0.02,9.99,21.876182180369117,0.0259,1.077897863648933,0.1039
t10i4d100k,summary,Eclat_Gen_Borgelt,0.05,10.02,21.89007522520135,0.0267,1.1392565604743297,0.1039
t10i4d100k,summary,Eclat_Gen_Borgelt,0.2,9.99,19.80149095158786,0.0288,1.1342614600775043,0.1039
t10i4d100k,summary,Eclat_Gen_Borgelt,0.3,9.94,17.5290580946919,0.0311,1.1339112870616312,0.1039
t10i4d100k,summary,Eclat_Gen_Borgelt,0.5,9.94,12.772722048934083,0.0278,0.7963719664267106,0.0919
t10i4d100k,summary,Eclat_Gen_Borgelt,0.7,10.13,11.394722586467424,0.0307,0.6176956013473455,0.0597
t10i4d100k,summary,FPgrowth_Gen_Borgelt,0.001,40.63,38.22238923171692,0.1084,0.799922111437174,0.1046
t10i4d100k,summary,FPgrowth_Gen_Borgelt,0.002,40.6,33.2832189144719,0.1091,0.7952795221514597,0.0983
t10i4d100k,summary,FPgrowth_Gen_Borgelt,0.005,40.83,26.164111225671295,0.1086,0.7835674156038406,0.0983
t10i4d100k,summary,FPgrowth_Gen_Borgelt,0.01,40.79,25.04847760569055,0.1104,0.7814114683816185,0.0846
t10i4d100k,summary,FPgrowth_Gen_Borgelt,0.02,10.02,24.74594896979084,0.0258,0.779828560048285,0.084
t10i4d100k,summary,FPgrowth_Gen_Borgelt,0.05,9.94,24.833248829449367,0.0263,0.8025740112387613,0.0825
t10i4d100k,summary,FPgrowth_Gen_Borgelt,0.2,10.0,21.338284520279025,0.0249,0.7961899785006661,0.0825
t10i4d100k,summary,FPgrowth_Gen_Borgelt,0.3,9.93,18.64790547305655,0.0264,0.7493498213578089,0.0825
t10i4d100k,summary,FPgrowth_Gen_Borgelt,0.5,9.89,13.881280817321276,0.025,0.7337674837579088,0.0825
t10i4d100k,summary,FPgrowth_Gen_Borgelt,0.7,9.95,11.493504852239818,0.0258,0.5550389921675547,0.0801
t10i4d100k,summary,FGC_Stream,0.001,97.52,72.60014174427273,218.4696,1339.5869156289684,452.5109
t10i4d100k,summary,FGC_Stream,0.002,97.82,71.23702525688441,201.3183,1339.5869156289684,452.5109
t10i4d100k,summary,FGC_Stream,0.005,97.98,68.73234075206317,169.6082,1307.3241605160895,452.5109
t10i4d100k,summary,FGC_Stream,0.01,98.45,67.97594869119858,34.6795,1267.6235154275976,452.5109
t10i4d100k,summary,FGC_Stream,0.02,97.8,67.9262161472354,0.7699,1187.336524902399,413.828
t10i4d100k,summary,FGC_Stream,0.05,97.74,67.68880564938436,0.7413,1143.6609721119228,233.2462
t10i4d100k,summary,Gr_growth,0.001,43.88,32.659467709263666,0.2094,0.9717498410957098,0.1445
t10i4d100k,summary,Gr_growth,0.002,44.07,29.890092203820387,0.2092,0.9574419666909479,0.1316
t10i4d100k,summary,Gr_growth,0.005,43.73,27.921332455085476,0.2096,0.9222434879807693,0.1029
t10i4d100k,summary,Gr_growth,0.01,43.89,27.101718443455336,0.2049,0.910647129647436,0.1011
t10i4d100k,summary,Gr_growth,0.02,4.06,26.72258665384044,0.0152,0.9086517993444057,0.1011
t10i4d100k,summary,Gr_growth,0.05,4.05,26.592769345028316,0.0141,0.942519282677739,0.1011
t10i4d100k,summary,Gr_growth,0.2,3.93,26.243537244888774,0.0145,0.9375644580565269,0.1011
t10i4d100k,summary,Gr_growth,0.3,4.05,25.378113477435576,0.0138,0.9355061400009713,0.0999
t10i4d100k,summary,Gr_growth,0.5,4.07,15.324596086116498,0.0128,0.5975463901993838,0.0688
t10i4d100k,summary,Gr_growth,0.7,4.08,12.82592337267299,0.0149,0.4716535388104951,0.0564
t20i6d100k,confirm,Apriori_Gen_Borgelt,0.0196027901763375,23.61,12.843852027509968,0.1066,4.401567040325607,0.0593
t20i6d100k,confirm,DefMe,0.0196027901763375,723.67,355.45585212108,0.6084,156.98057471317182,0.7731
t20i6d100k,confirm,Eclat_Gen_Borgelt,0.0196027901763375,36.14,12.948904481693269,0.1276,0.8039554591202915,0.0739
t20i6d100k,confirm,FPgrowth_Gen_Borgelt,0.0196027901763375,60.67,14.858814359954552,0.2441,0.5996759851747668,0.0569
t20i6d100k,confirm,Gr_growth,0.0196027901763375,60.32,15.253595783256564,0.2637,0.6898330583312112,0.1029
t20i6d100k,confirm,TalkyG_Diffset,0.0196027901763375,203.99,329.2616713820345,0.4307,541.1272699571317,1.7948
t20i6d100k,confirm,Talky_G,0.0196027901763375,202.11,254.1066137195002,0.4685,572.32792354978,1.7784
t20i6d100k,confirm,Pascal,0.0196027901763375,234.94,144.16074717546707,373.1458,983.6510075267411,32.0492
t20i6d100k,confirm,Zart,0.0196027901763375,760.73,303.04986956074794,262.2743,996.5313008614226,39.8572
t20i6d100k,confirm,Apriori_Gen_Borgelt,0.0145488481015191,24.45,12.905908267817882,0.1165,4.402609406992273,0.0611
t20i6d100k,confirm,DefMe,0.0145488481015191,670.03,356.79160947212364,0.7289,156.99061575536157,0.7731
t20i6d100k,confirm,Eclat_Gen_Borgelt,0.0145488481015191,38.25,13.146585306151067,0.1398,0.8049139159884234,0.0739
t20i6d100k,confirm,FPgrowth_Gen_Borgelt,0.0145488481015191,67.18,15.778817560618258,0.2946,0.6021072006509572,0.081
t20i6d100k,confirm,Gr_growth,0.0145488481015191,66.08,18.957474018716265,0.296,0.6951704778117307,0.1316
t20i6d100k,confirm,Pascal,0.0145488481015191,242.62,143.61968968065378,564.814,1019.7704927961855,53.7008
t20i6d100k,confirm,TalkyG_Diffset,0.0145488481015191,203.63,329.2754150902337,0.4405,543.0477609071318,1.7948
t20i6d100k,confirm,Talky_G,0.0145488481015191,203.78,254.10051689391835,0.455,587.4395704831134,1.7784
t20i6d100k,confirm,Zart,0.0145488481015191,769.92,598.7967234885994,249.2191,1014.6563441120178,45.8235
t20i6d100k,confirm,Apriori_Gen_Borgelt,0.0090045235283521,25.55,16.59458858590087,0.2089,4.405088703787145,0.0635
t20i6d100k,confirm,DefMe,0.0090045235283521,770.93,460.6984716452578,0.925,142.67023442222668,0.8599
t20i6d100k,confirm,Eclat_Gen_Borgelt,0.0090045235283521,41.8,17.95763043492558,0.1789,0.8087162070418145,0.0746
t20i6d100k,confirm,FPgrowth_Gen_Borgelt,0.0090045235283521,74.98,22.622895633997878,0.4117,0.6117995405499471,0.1084
t20i6d100k,confirm,Gr_growth,0.0090045235283521,72.51,22.061269103820784,0.4137,0.7014937344051373,0.1649
t20i6d100k,confirm,TalkyG_Diffset,0.0090045235283521,245.62,330.30562708773954,0.4754,543.1387735460206,1.7948
t20i6d100k,confirm,Talky_G,0.0090045235283521,252.57,257.06243041157006,0.4691,583.1488651918436,1.7784
t20i6d100k,confirm,Pascal,0.0090045235283521,257.16,149.18164770439236,1002.3941,1074.7926430533103,83.7692
t20i6d100k,confirm,Zart,0.0090045235283521,974.8,821.368059829141,651.2928,1073.098487714994,212.8178
t20i6d100k,confirm,Apriori_Gen_Borgelt,0.0050614479293849,27.46,17.61071844857628,0.6358,4.407551665096669,0.0635
t20i6d100k,confirm,DefMe,0.0050614479293849,779.44,558.4983163071925,2.9362,143.03547951230604,0.9844
t20i6d100k,confirm,Eclat_Gen_Borgelt,0.0050614479293849,50.01,21.973855323176366,0.2546,0.8158697397799097,0.075
t20i6d100k,confirm,FPgrowth_Gen_Borgelt,0.0050614479293849,91.42,29.939735951923183,0.5548,0.6178476759520452,0.1084
t20i6d100k,confirm,Gr_growth,0.0050614479293849,76.1,25.725596715119043,0.5866,0.716659263950592,0.1865
t20i6d100k,confirm,TalkyG_Diffset,0.0050614479293849,727.39,331.82948426471665,0.7453,537.8842014091158,1.7948
t20i6d100k,confirm,Talky_G,0.0050614479293849,744.42,257.3349243751433,0.7025,589.1776955192245,1.7784
t20i6d100k,confirm,Pascal,0.0050614479293849,275.01,155.3773822427138,1510.6129,1124.1476990453739,478.7567
t20i6d100k,confirm,Zart,0.0050614479293849,1038.57,901.6549353309176,1241.3761,1138.3902452013035,545.852
t20i6d100k,confirm,Apriori_Gen_Borgelt,0.0022092231940913,35.82,19.018342163726597,1.9238,4.41756808057286,0.065
t20i6d100k,confirm,DefMe,0.0022092231940913,810.84,771.9825532092469,14.4988,144.7912378400297,0.9919
t20i6d100k,confirm,Eclat_Gen_Borgelt,0.0022092231940913,61.54,25.67934907842158,0.4828,0.8208629465259415,0.0784
t20i6d100k,confirm,FPgrowth_Gen_Borgelt,0.0022092231940913,191.92,36.190796912338676,0.9817,0.6341826425465616,0.1086
t20i6d100k,confirm,Gr_growth,0.0022092231940913,83.29,29.32318710657777,1.1086,0.7407119733661762,0.2013
t20i6d100k,confirm,TalkyG_Diffset,0.0022092231940913,787.68,337.1153000933518,2.3992,568.283393131338,1.7948
t20i6d100k,confirm,Talky_G,0.0022092231940913,945.16,265.0649629598477,2.1828,610.2880128500624,1.7784
t20i6d100k,confirm,Pascal,0.0022092231940913,414.8,167.3451445692233,3323.4761,1309.0108435845693,954.0731
t25i10d10k,fresh,Apriori_Gen_Borgelt,0.0258370088211708,5.5,20.53726511043757,0.023,18.01206761082839,0.3086
t25i10d10k,fresh,DefMe,0.0258370088211708,157.47,362.8697698120841,0.4106,307.9924064415143,0.9878
t25i10d10k,fresh,Eclat_Gen_Borgelt,0.0258370088211708,6.77,16.815163904189262,0.0213,1.328687138377595,0.0919
t25i10d10k,fresh,FPgrowth_Gen_Borgelt,0.0258370088211708,10.41,19.339668371720318,0.0331,1.0883078307012433,0.0846
t25i10d10k,fresh,Gr_growth,0.0258370088211708,19.38,39.850016598520135,0.0428,1.4577448843024623,0.1316
t25i10d10k,fresh,Pascal,0.0258370088211708,99.16,145.52205943186684,14.6151,1254.4203989687683,57.691
t25i10d10k,fresh,TalkyG_Diffset,0.0258370088211708,101.38,272.7345456962312,0.2689,963.6529563096435,4.2389
t25i10d10k,fresh,Talky_G,0.0258370088211708,102.68,240.21705553390703,0.2595,983.3907473235403,3.0274
t25i10d10k,fresh,Zart,0.0258370088211708,506.83,298.4082741665622,23.5708,1376.4711373368555,98.4032
t25i10d10k,fresh,FGC_Stream,0.0258370088211708,27.68,85.50655220493202,21.8244,1367.877210888695,413.828
t25i10d10k,fresh,Apriori_Gen_Borgelt,0.01882016840417,5.69,20.621704627646213,0.0245,18.012393960828387,0.3086
t25i10d10k,fresh,DefMe,0.01882016840417,155.12,374.04644193204217,0.2844,315.2244090442921,0.9878
t25i10d10k,fresh,Eclat_Gen_Borgelt,0.01882016840417,7.0,16.817550644629197,0.0253,1.3291407078220392,0.0919
t25i10d10k,fresh,FPgrowth_Gen_Borgelt,0.01882016840417,11.43,19.907040493538155,0.032,1.0904215807012434,0.0846
t25i10d10k,fresh,Gr_growth,0.01882016840417,20.48,39.979928006191855,0.0279,1.4612494577151607,0.1446
t25i10d10k,fresh,Pascal,0.01882016840417,103.09,144.89622856269006,24.1387,1265.2125541687685,83.7692
t25i10d10k,fresh,TalkyG_Diffset,0.01882016840417,102.18,272.7345456962312,0.28,963.6529563096435,4.2389
t25i10d10k,fresh,Talky_G,0.01882016840417,100.89,240.22948002036566,0.2684,992.4051467485403,3.0274
t25i10d10k,fresh,Zart,0.01882016840417,546.26,312.7732942310093,39.3879,1397.6730080035225,212.8178
t25i10d10k,fresh,FGC_Stream,0.01882016840417,27.72,85.67059308097954,28.435,1367.877210888695,413.828
t25i10d10k,fresh,Apriori_Gen_Borgelt,0.011502606255012,6.5,22.19249188976728,0.0282,18.01330093262326,0.3086
t25i10d10k,fresh,DefMe,0.011502606255012,295.5,390.2240347417422,0.3743,300.84654901512545,0.9878
t25i10d10k,fresh,Eclat_Gen_Borgelt,0.011502606255012,8.16,18.65142832677282,0.0227,1.3305546352029918,0.0919
t25i10d10k,fresh,FPgrowth_Gen_Borgelt,0.011502606255012,13.02,22.01249331017308,0.0319,1.0948374594891221,0.1084
t25i10d10k,fresh,Gr_growth,0.011502606255012,21.42,44.44714268618213,0.0366,1.4701485730290131,0.1649
t25i10d10k,fresh,Pascal,0.011502606255012,136.2,146.89382359426756,43.8949,1319.5480893419826,138.517
t25i10d10k,fresh,TalkyG_Diffset,0.011502606255012,113.05,273.5348249109431,0.2965,965.5197868124214,5.1374
t25i10d10k,fresh,Talky_G,0.011502606255012,112.68,241.04999976666556,0.2748,1000.3300862866356,3.0274
t25i10d10k,fresh,Zart,0.011502606255012,836.54,588.6034501499602,71.455,1414.4073840368558,367.5665
t25i10d10k,fresh,FGC_Stream,0.011502606255012,28.8,85.87598890307514,38.4384,1404.1609200273851,413.828
t25i10d10k,fresh,Apriori_Gen_Borgelt,0.00709202085004,7.4,22.8666875512444,0.0684,18.014428099289926,0.3345
t25i10d10k,fresh,DefMe,0.00709202085004,388.16,430.8976525311995,0.5067,301.1001842222683,0.9919
t25i10d10k,fresh,Eclat_Gen_Borgelt,0.00709202085004,13.65,20.42928916315787,0.0403,1.331971900282357,0.093
t25i10d10k,fresh,FPgrowth_Gen_Borgelt,0.00709202085004,22.7,24.822633051848012,0.0601,1.099076971393884,0.1086
t25i10d10k,fresh,Gr_growth,0.00709202085004,21.88,46.38561008883925,0.0603,1.4728691557671088,0.1798
t25i10d10k,fresh,Pascal,0.00709202085004,134.87,146.68102400081798,62.882,1338.2550417598397,247.1454
t25i10d10k,fresh,TalkyG_Diffset,0.00709202085004,175.72,272.90299788250456,0.323,965.5198068957548,5.1374
t25i10d10k,fresh,Talky_G,0.00709202085004,163.53,243.44735183940747,0.3203,1000.3300862866356,3.0274
t25i10d10k,fresh,FGC_Stream,0.00709202085004,38.44,85.84350555686423,53.6924,1405.3387283857185,413.828
t25i10d10k,fresh,Zart,0.00709202085004,1071.18,613.6390971638082,220.4859,1424.873288180308,545.852
t25i10d10k,fresh,Apriori_Gen_Borgelt,0.0035836006415396,18.32,23.778683083593183,0.3653,18.01693943143278,0.3345
t25i10d10k,fresh,DefMe,0.0035836006415396,831.96,480.18427260572287,1.3771,301.3822684436969,1.0604
t25i10d10k,fresh,Eclat_Gen_Borgelt,0.0035836006415396,23.48,23.542425527559466,0.1073,1.3334183520680711,0.093
t25i10d10k,fresh,FPgrowth_Gen_Borgelt,0.0035836006415396,50.65,29.28611635559484,0.1253,1.1024028422272174,0.1086
t25i10d10k,fresh,Gr_growth,0.0035836006415396,25.79,48.11667299038103,0.1233,1.4752697682671085,0.1865
t25i10d10k,fresh,TalkyG_Diffset,0.0035836006415396,438.06,274.80810628984614,4.0562,952.5712137310721,4.2389
t25i10d10k,fresh,Talky_G,0.0035836006415396,413.12,247.99418577489666,4.1644,1005.1249298759213,3.0274
t25i10d10k,fresh,Pascal,0.0035836006415396,402.8,151.88991829996982,239.5429,1414.8234551868238,701.2038
t25i10d10k,fresh,FGC_Stream,0.0035836006415396,178.98,86.52282298285951,140.6903,1435.0110867428614,452.5109
tictactoe,fresh4,Apriori_Gen_Borgelt,0.2346033402922756,2.67,22.684302515277444,0.0074,10.485022548081888,0.1027
tictactoe,fresh4,Eclat_Gen_Borgelt,0.2346033402922756,3.0,31.6078084559631,0.0064,1.6591251767744686,0.0743
tictactoe,fresh4,DefMe,0.2346033402922756,73.73,286.41861604108976,0.2926,66.21358680411338,0.2807
tictactoe,fresh4,FPgrowth_Gen_Borgelt,0.2346033402922756,3.2,46.68673636999015,0.0059,1.5900660623779,0.1046
tictactoe,fresh4,Gr_growth,0.2346033402922756,13.92,16.547191200276597,0.0082,1.5045130450632702,0.0999
tictactoe,fresh4,Pascal,0.2346033402922756,78.55,173.14399019783278,0.2894,738.8826347705452,1.3842
tictactoe,fresh4,TalkyG_Diffset,0.2346033402922756,79.54,283.4523916736383,0.2682,100.6486415672966,0.3079
tictactoe,fresh4,Talky_G,0.2346033402922756,76.44,295.38652529919153,0.2337,129.86468209315942,0.3144
tictactoe,fresh4,Zart,0.2346033402922756,75.28,309.6909046026698,0.215,1031.7123751624551,44.2896
tictactoe,fresh4,FGC_Stream,0.2346033402922756,4.85,59.251612777643665,0.2224,483.05610202620846,23.4236
tictactoe,fresh4,Apriori_Gen_Borgelt,0.1584029227557411,3.0,22.756525252900122,0.0063,10.485958064748555,0.1027
tictactoe,fresh4,DefMe,0.1584029227557411,74.7,296.9967979689935,0.1909,66.21636175924158,0.3177
tictactoe,fresh4,Eclat_Gen_Borgelt,0.1584029227557411,3.14,33.65391312916818,0.0063,1.6593735101078015,0.0743
tictactoe,fresh4,FPgrowth_Gen_Borgelt,0.1584029227557411,3.34,49.848587890558676,0.0062,1.5901248790445668,0.1046
tictactoe,fresh4,Gr_growth,0.1584029227557411,13.75,17.162895467298803,0.0087,1.5049852408966036,0.0999
tictactoe,fresh4,Pascal,0.1584029227557411,77.34,176.6020019322687,0.2008,759.4140684431644,2.1117
tictactoe,fresh4,TalkyG_Diffset,0.1584029227557411,76.82,287.620195948025,0.2158,100.6487841172966,0.3079
tictactoe,fresh4,Talky_G,0.1584029227557411,76.0,297.24486514901673,0.1902,129.86530393760387,0.3144
tictactoe,fresh4,Zart,0.1584029227557411,85.82,315.4208264676936,0.2295,1069.4780083438652,44.2896
tictactoe,fresh4,FGC_Stream,0.1584029227557411,5.02,60.850965952374274,0.3507,528.3674803676586,69.8936
tictactoe,fresh4,Apriori_Gen_Borgelt,0.0581941544885177,3.05,24.201325452774665,0.0062,10.49327008056746,0.1027
tictactoe,fresh4,DefMe,0.0581941544885177,75.84,383.34820412878497,0.2131,81.24054614495586,0.3504
tictactoe,fresh4,Eclat_Gen_Borgelt,0.0581941544885177,4.34,37.87578228244861,0.0095,1.6582688456056371,0.0743
tictactoe,fresh4,FPgrowth_Gen_Borgelt,0.0581941544885177,4.75,53.91400284676776,0.0069,1.593340201068376,0.1086
tictactoe,fresh4,Gr_growth,0.0581941544885177,13.91,17.690484274399633,0.0096,1.5030303385156514,0.1029
tictactoe,fresh4,Pascal,0.0581941544885177,87.46,200.73783745098493,0.2846,853.9753148711949,19.602
tictactoe,fresh4,TalkyG_Diffset,0.0581941544885177,77.2,323.8716351609731,0.2059,108.49100350301087,0.3134
tictactoe,fresh4,Talky_G,0.0581941544885177,74.01,325.22037449326115,0.1959,129.86940723006418,0.3144
tictactoe,fresh4,Zart,0.0581941544885177,99.91,327.1378083604595,0.4031,1108.1455965988255,98.4032
tictactoe,fresh4,FGC_Stream,0.0581941544885177,6.04,63.823162938722575,0.8623,556.9618637775072,134.1415
uscensus,fresh,Apriori_Gen_Borgelt,0.74447675,231.46,169.26409655070086,1.1579,8.996381253670744,0.4512
uscensus,fresh,DefMe,0.74447675,3009.03,950.8530095446854,2.6121,315.4426853361818,1.3447
uscensus,fresh,Eclat_Gen_Borgelt,0.74447675,231.41,134.99223677074824,1.1753,1.5065359667519982,0.3181
uscensus,fresh,FPgrowth_Gen_Borgelt,0.74447675,231.39,134.61632358306716,1.1251,1.5845781120823625,0.3795
uscensus,fresh,Gr_growth,0.74447675,13.47,16.005329579708405,0.7579,1.4118805684343434,0.2381
uscensus,fresh,Pascal,0.74447675,1162.88,497.2218661606596,3.8547,1431.6666134754103,124.7782
uscensus,fresh,TalkyG_Diffset,0.74447675,3177.09,1019.7589361318309,4.6725,375.2024021549797,1.3352
uscensus,fresh,Talky_G,0.74447675,3175.8,883.7680008990819,4.7416,443.9508049744601,1.3662
uscensus,fresh,Zart,0.74447675,3222.89,1025.8924116677313,4.4498,1905.3454985108633,3600.0
uscensus,fresh,Apriori_Gen_Borgelt,0.60401875,231.27,169.265246866691,1.3363,14.098403184532936,0.6862
uscensus,fresh,DefMe,0.60401875,3182.05,1170.843922587686,2.6226,365.0836105403485,1.5887
uscensus,fresh,Eclat_Gen_Borgelt,0.60401875,231.43,139.16893352108636,1.3587,1.9258093904172215,0.4086
uscensus,fresh,FPgrowth_Gen_Borgelt,0.60401875,231.51,140.22883100915175,1.2912,1.8621421749944504,0.4175
uscensus,fresh,Gr_growth,0.60401875,14.07,19.59292454328843,0.7288,1.659386713870851,0.2639
uscensus,fresh,Pascal,0.60401875,1185.35,504.2348137704174,17.043,1777.867023814011,954.0731
uscensus,fresh,TalkyG_Diffset,0.60401875,3187.1,1067.7152832523318,4.6026,447.73781866932643,1.6257
uscensus,fresh,Talky_G,0.60401875,3172.83,905.2909744228386,4.5522,517.3969096912709,1.5897
uscensus,fresh,Zart,0.60401875,3224.42,1036.718422037705,30.018,2160.8554063180063,3600.0
uscensus,fresh,Apriori_Gen_Borgelt,0.25685375,234.77,170.7774845002776,98.2223,26.815503087491088,1.6765
uscensus,fresh,DefMe,0.25685375,3230.0,1205.4342145631028,63.7462,566.2173761064686,4.3816
uscensus,fresh,Eclat_Gen_Borgelt,0.25685375,345.97,165.3190530881181,3.8609,2.440436850085332,0.4993
uscensus,fresh,FPgrowth_Gen_Borgelt,0.25685375,314.22,148.84244049423285,2.3891,2.2180151114982243,0.4765
uscensus,fresh,Gr_growth,0.25685375,78.63,43.079313482626596,1.8738,2.2303083975399596,0.3354
uscensus,fresh,TalkyG_Diffset,0.25685375,3216.86,1112.4103870278245,16.8616,713.51220947929,2.9883
uscensus,fresh,Talky_G,0.25685375,3208.43,919.9615111995067,11.8831,766.6404609091309,2.0661
uscensus,fresh,Gr_growth,0.05409375,5968.44,60.33649084043002,154.8915,2.421822883254245,0.3354
vehicle,fresh6,Apriori_Gen_Borgelt,0.1876477541371158,2.86,16.52599814968532,0.008,4.537719429895105,0.0323
vehicle,fresh6,Eclat_Gen_Borgelt,0.1876477541371158,3.31,15.721253981075494,0.007,0.9651040912767787,0.0307
vehicle,fresh6,DefMe,0.1876477541371158,77.8,207.12189645956488,0.263,33.870097839756205,0.2792
vehicle,fresh6,FPgrowth_Gen_Borgelt,0.1876477541371158,3.38,21.268409745070507,0.0082,0.8865538638819515,0.0258
vehicle,fresh6,Gr_growth,0.1876477541371158,13.91,10.839129616625664,0.0125,1.1156220054168056,0.0249
vehicle,fresh6,Pascal,0.1876477541371158,79.48,135.2809382434027,0.4358,434.55169215672555,0.3789
vehicle,fresh6,TalkyG_Diffset,0.1876477541371158,74.54,150.69300593463964,0.2621,103.95935781175908,0.3076
vehicle,fresh6,Talky_G,0.1876477541371158,75.8,146.46057314794407,0.3043,84.85560715918363,0.3107
vehicle,fresh6,Zart,0.1876477541371158,82.62,272.9969008070276,0.3376,971.7198700986097,2.8441
vehicle,fresh6,FGC_Stream,0.1876477541371158,5.31,56.61244156588947,0.1155,325.57976932958155,0.7699
vehicle,fresh6,Apriori_Gen_Borgelt,0.1238179669030732,3.08,16.802701064674626,0.0122,4.539724873347486,0.0356
vehicle,fresh6,Eclat_Gen_Borgelt,0.1238179669030732,3.61,17.676023352093654,0.0088,0.9652901650863026,0.0307
vehicle,fresh6,DefMe,0.1238179669030732,75.29,228.27699860482898,0.2695,48.870734363565724,0.2792
vehicle,fresh6,FPgrowth_Gen_Borgelt,0.1238179669030732,3.98,23.781166812738448,0.0076,0.8866092972152848,0.0258
vehicle,fresh6,Gr_growth,0.1238179669030732,14.07,11.497035538702917,0.0111,1.1146290401390277,0.0255
vehicle,fresh6,TalkyG_Diffset,0.1238179669030732,74.61,156.53401131780703,0.2613,103.95975682842574,0.3076
vehicle,fresh6,Pascal,0.1238179669030732,77.28,153.66318376385675,0.4625,497.3912081120828,0.7135
vehicle,fresh6,Talky_G,0.1238179669030732,73.11,151.3968663206916,0.317,84.85614905918364,0.3107
vehicle,fresh6,Zart,0.1238179669030732,98.39,280.73701361156367,0.3972,1064.3711385484726,44.1872
vehicle,fresh6,FGC_Stream,0.1238179669030732,5.34,58.72981985786521,0.6316,364.504151344679,23.4236
vehicle,fresh6,Apriori_Gen_Borgelt,0.0528959810874704,3.15,17.689954430729472,0.0153,4.547310992539406,0.0593
vehicle,fresh6,DefMe,0.0528959810874704,99.65,300.8529973865951,0.2679,48.894380239756195,0.2792
vehicle,fresh6,Eclat_Gen_Borgelt,0.0528959810874704,6.43,19.229606867980724,0.0154,0.9642401005841381,0.0307
vehicle,fresh6,FPgrowth_Gen_Borgelt,0.0528959810874704,7.18,25.94883923764182,0.0124,0.8888665388819514,0.0258
vehicle,fresh6,Gr_growth,0.0528959810874704,14.25,11.816371176396007,0.0143,1.1126232199009325,0.0255
vehicle,fresh6,Pascal,0.0528959810874704,91.47,185.38129722234046,0.4932,665.9485729868484,2.1117
vehicle,fresh6,TalkyG_Diffset,0.0528959810874704,84.12,183.55566707618428,0.2622,107.02708029747336,0.3079
vehicle,fresh6,Talky_G,0.0528959810874704,81.95,172.27555107185384,0.2654,84.86025235164395,0.3118
vehicle,fresh6,Zart,0.0528959810874704,127.82,296.1658927766701,1.7708,1116.0257500260518,44.2896
vehicle,fresh6,FGC_Stream,0.0528959810874704,9.17,61.652445763690075,1.6841,381.75524747193367,69.8936
vehicle,fresh6,Apriori_Gen_Borgelt,0.0209810874704491,5.43,18.18691472913708,0.0609,4.548797136190199,0.0593
vehicle,fresh6,DefMe,0.0209810874704491,159.56,333.24259340499043,0.3407,53.45173371771436,0.2793
vehicle,fresh6,Eclat_Gen_Borgelt,0.0209810874704491,13.09,19.72028170414833,0.037,0.8968251349095349,0.0358
vehicle,fresh6,FPgrowth_Gen_Borgelt,0.0209810874704491,16.75,26.450821622257113,0.0329,0.8938320059454434,0.0263
vehicle,fresh6,Gr_growth,0.0209810874704491,15.32,13.763641919486975,0.0396,1.132281168115218,0.0788
vehicle,fresh6,Pascal,0.0209810874704491,122.14,184.5221352536373,5.065,751.3953333925123,14.0866
vehicle,fresh6,TalkyG_Diffset,0.0209810874704491,135.38,187.47084548361852,0.7474,104.94298924390193,0.3083
vehicle,fresh6,Talky_G,0.0209810874704491,138.52,176.6661560747457,0.7686,84.87942788180268,0.3144
vehicle,fresh6,Zart,0.0209810874704491,275.91,335.61679890233063,361.4078,1135.6907371105758,98.4032
vehicle,fresh6,FGC_Stream,0.0209810874704491,41.81,61.63543553165129,7.6031,389.3996075253067,134.1415
vote,fresh5,Apriori_Gen_Borgelt,0.4637931034482758,2.84,11.491306435051987,0.0074,9.517549631423549,0.047
vote,fresh5,Eclat_Gen_Borgelt,0.4637931034482758,3.13,13.916271463516228,0.0088,1.879258875998855,0.0477
vote,fresh5,DefMe,0.4637931034482758,75.53,230.77801724737077,0.1977,22.528923387951757,0.2807
vote,fresh5,FPgrowth_Gen_Borgelt,0.4637931034482758,3.09,23.333645106131332,0.0061,1.3921957540848038,0.0442
vote,fresh5,Gr_growth,0.4637931034482758,13.78,14.630170285338403,0.0077,1.6690690758352755,0.0999
vote,fresh5,Pascal,0.4637931034482758,74.24,174.0495628270185,0.2698,634.2056452261776,0.8281
vote,fresh5,TalkyG_Diffset,0.4637931034482758,72.86,239.6755708240041,0.2006,120.60674205301086,0.3079
vote,fresh5,Talky_G,0.4637931034482758,77.78,247.02476669458244,0.2545,127.79140923101878,0.3144
vote,fresh5,Zart,0.4637931034482758,77.39,217.40989024250484,0.2343,972.8646215832099,2.2804
vote,fresh5,FGC_Stream,0.4637931034482758,4.38,63.16268203334898,0.053,388.26350328353175,0.8061
vote,fresh5,Apriori_Gen_Borgelt,0.3442528735632184,2.83,23.271629546479804,0.0061,11.79318653325505,0.0593
vote,fresh5,DefMe,0.3442528735632184,77.06,263.6946691199642,0.2012,22.924924416505146,0.2807
vote,fresh5,Eclat_Gen_Borgelt,0.3442528735632184,3.62,26.052695794145514,0.006,2.216209816258595,0.0739
vote,fresh5,FPgrowth_Gen_Borgelt,0.3442528735632184,3.64,48.761090489835404,0.0065,1.7850043613497608,0.1084
vote,fresh5,Gr_growth,0.3442528735632184,13.59,30.80372334880578,0.007,2.336513001033688,0.1065
vote,fresh5,Pascal,0.3442528735632184,78.26,167.69654090400272,0.2196,725.2861359632805,0.9832
vote,fresh5,TalkyG_Diffset,0.3442528735632184,75.66,270.4777231572197,0.1952,133.2008059452728,0.3079
vote,fresh5,Talky_G,0.3442528735632184,78.31,285.3522891454499,0.207,132.76906245443146,0.3144
vote,fresh5,Zart,0.3442528735632184,105.45,295.88683754289536,0.2361,1071.0625142309373,12.2491
vote,fresh5,FGC_Stream,0.3442528735632184,5.04,59.525703683354536,0.3034,433.9157924722403,8.3822
vote,fresh5,Apriori_Gen_Borgelt,0.0660919540229885,7.42,27.562573615170006,0.074,11.808652803042207,0.1027
vote,fresh5,DefMe,0.0660919540229885,150.52,381.348766736264,0.2786,60.98908007942556,0.3504
vote,fresh5,Eclat_Gen_Borgelt,0.0660919540229885,17.38,41.09830652844107,0.0458,2.385851338264367,0.0743
vote,fresh5,FPgrowth_Gen_Borgelt,0.0660919540229885,18.34,69.14303867988411,0.0353,1.9181734619449988,0.1104
vote,fresh5,Gr_growth,0.0660919540229885,16.89,34.37666546750727,0.0459,2.3570817781440776,0.1205
vote,fresh5,Pascal,0.0660919540229885,149.35,203.5866168211716,8.0389,890.3689631178984,19.602
vote,fresh5,TalkyG_Diffset,0.0660919540229885,144.47,311.09346754829176,1.2046,172.9931812216617,0.3115
vote,fresh5,Talky_G,0.0660919540229885,143.1,318.44327121430445,1.2161,146.19320187228863,0.3144
vote,fresh5,FGC_Stream,0.0660919540229885,142.18,63.746938029845836,17.3355,527.5033948233404,134.1415
vowel,fresh6,Apriori_Gen_Borgelt,0.1522727272727272,3.09,21.688854690904066,0.0084,6.421202987016089,0.065
vowel,fresh6,Eclat_Gen_Borgelt,0.1522727272727272,3.13,22.832606434667483,0.0101,1.8227770979201354,0.0743
vowel,fresh6,DefMe,0.1522727272727272,77.94,251.31133972655346,0.272,29.15432381412073,0.2793
vowel,fresh6,FPgrowth_Gen_Borgelt,0.1522727272727272,3.36,37.11490091863139,0.0103,1.561774463902764,0.0418
vowel,fresh6,Gr_growth,0.1522727272727272,13.75,14.376546359366877,0.0108,1.3358347570498947,0.036
vowel,fresh6,Pascal,0.1522727272727272,75.05,141.3632106354648,0.3914,610.1702599616137,0.9832
vowel,fresh6,TalkyG_Diffset,0.1522727272727272,76.14,171.27601006310144,0.2421,166.97297204828504,0.3079
vowel,fresh6,Talky_G,0.1522727272727272,73.69,162.69911471733857,0.305,205.52223366710768,0.3118
vowel,fresh6,Zart,0.1522727272727272,75.91,279.901441946059,0.3058,1124.507476556788,44.2896
vowel,fresh6,FGC_Stream,0.1522727272727272,5.41,59.71418012440945,0.2679,541.8590475296952,134.1415
vowel,fresh6,Apriori_Gen_Borgelt,0.1027777777777777,2.99,22.691404923750223,0.0089,6.426839313549278,0.1027
vowel,fresh6,DefMe,0.1027777777777777,78.42,298.3416380433455,0.2507,44.156965829001685,0.2807
vowel,fresh6,Eclat_Gen_Borgelt,0.1027777777777777,3.35,25.540310570800635,0.0093,1.8228812645868022,0.0743
vowel,fresh6,FPgrowth_Gen_Borgelt,0.1027777777777777,3.36,39.34812587885094,0.0082,1.5628072150932404,0.0442
vowel,fresh6,Gr_growth,0.1027777777777777,13.75,14.655931825719351,0.0098,1.3371461987165612,0.0365
vowel,fresh6,Pascal,0.1027777777777777,72.51,177.54730100694528,0.358,672.519123199709,2.1117
vowel,fresh6,TalkyG_Diffset,0.1027777777777777,76.69,181.5348182383061,0.2466,166.97230753280886,0.3083
vowel,fresh6,Talky_G,0.1027777777777777,78.39,172.46685443538163,0.3485,205.52344990877435,0.3118
vowel,fresh6,Zart,0.1027777777777777,89.69,281.1297087571519,0.33,1227.1933284284153,90.7496
vowel,fresh6,FGC_Stream,0.1027777777777777,5.38,63.273124216492604,0.5333,551.5502469838618,134.1415
vowel,fresh6,Apriori_Gen_Borgelt,0.0361111111111111,3.14,23.18497233256081,0.0088,6.430497589144516,0.1027
vowel,fresh6,DefMe,0.0361111111111111,94.13,362.1062315783257,0.2424,48.70895907756423,0.3504
vowel,fresh6,Eclat_Gen_Borgelt,0.0361111111111111,4.91,26.78081526495005,0.0089,1.7554245397671773,0.075
vowel,fresh6,FPgrowth_Gen_Borgelt,0.0361111111111111,5.64,39.69844075778102,0.009,1.5634950666805418,0.0825
vowel,fresh6,Gr_growth,0.0361111111111111,13.91,15.753113325607375,0.0114,1.3402699056610055,0.0999
vowel,fresh6,Pascal,0.0361111111111111,91.5,185.91065065910342,0.4418,770.6189763106936,3.0817
vowel,fresh6,TalkyG_Diffset,0.0361111111111111,84.57,205.577263665666,0.2562,164.89960701376125,0.3139
vowel,fresh6,Talky_G,0.0361111111111111,80.79,193.0512544443775,0.2822,205.06840662067913,0.3147
vowel,fresh6,Zart,0.0361111111111111,152.04,314.0881252827388,1.292,1244.0898627565898,98.4032
vowel,fresh6,FGC_Stream,0.0361111111111111,6.66,63.22442764165213,1.1594,566.5796850121627,169.6082
vowel,fresh6,Apriori_Gen_Borgelt,0.0138888888888888,3.82,24.66584022901271,0.015,6.43112598795404,0.1027
vowel,fresh6,DefMe,0.0138888888888888,103.18,405.5186073445994,0.2508,54.82110351863566,0.4247
vowel,fresh6,Eclat_Gen_Borgelt,0.0138888888888888,10.65,28.572185215032526,0.0133,1.7584274496878123,0.075
vowel,fresh6,FPgrowth_Gen_Borgelt,0.0138888888888888,12.39,44.554113790090554,0.0171,1.5686352839424464,0.1091
vowel,fresh6,Gr_growth,0.0138888888888888,14.22,22.500039281892278,0.0181,1.3561460066891442,0.1446
vowel,fresh6,Pascal,0.0138888888888888,105.42,178.46694093695473,1.0092,849.1263723044708,20.6284
vowel,fresh6,TalkyG_Diffset,0.0138888888888888,105.4,205.48904652766836,0.3391,165.0481561643565,0.3139
vowel,fresh6,Talky_G,0.0138888888888888,106.03,193.6886980765397,0.314,203.7180194782368,0.3167
vowel,fresh6,Zart,0.0138888888888888,175.55,612.2181193180801,22.3292,1279.7111054518282,126.5752
vowel,fresh6,FGC_Stream,0.0138888888888888,19.39,63.263983693522654,3.0135,585.5950233633532,187.0577
waveform_5000,fresh5,Apriori_Gen_Borgelt,0.13435,4.88,64.6233617559975,0.0158,23.461487756644736,0.5387
waveform_5000,fresh5,Eclat_Gen_Borgelt,0.13435,6.6,108.9381018099509,0.0254,1.3140733483121045,0.0852
waveform_5000,fresh5,DefMe,0.13435,90.64,490.23707009454824,0.2492,204.9838723285228,0.6254
waveform_5000,fresh5,FPgrowth_Gen_Borgelt,0.13435,11.29,100.92848433258389,0.0329,1.1786026819055944,0.1046
waveform_5000,fresh5,Gr_growth,0.13435,20.82,54.46963337106629,0.0272,1.65228467532745,0.1029
waveform_5000,fresh5,TalkyG_Diffset,0.13435,93.32,298.517449864195,0.2394,408.093083883393,0.3172
waveform_5000,fresh5,Talky_G,0.13435,93.24,269.65528000198225,0.2422,481.92347426905826,0.3233
waveform_5000,fresh5,Pascal,0.13435,90.93,209.17568794324362,2.8881,1717.3118795130363,441.1246
waveform_5000,fresh5,Zart,0.13435,368.58,366.08570824124723,4.6927,2061.3009817968255,3600.0
waveform_5000,fresh5,FGC_Stream,0.13435,23.14,62.420832243689944,77.6989,2347.450114128843,3600.0
waveform_5000,fresh5,Apriori_Gen_Borgelt,0.09935,4.88,64.46215131517567,0.0228,23.461630923311404,0.5387
waveform_5000,fresh5,DefMe,0.09935,93.99,495.2574830388072,0.2434,204.9866221160228,0.6254
waveform_5000,fresh5,Eclat_Gen_Borgelt,0.09935,6.56,110.32294833443005,0.024,1.314490981645438,0.0852
waveform_5000,fresh5,FPgrowth_Gen_Borgelt,0.09935,11.2,102.39479555920863,0.0305,1.180091861072261,0.1084
waveform_5000,fresh5,Gr_growth,0.09935,20.94,54.60188138837174,0.0333,1.6490734396131643,0.1029
waveform_5000,fresh5,Pascal,0.09935,98.71,231.99571796394872,2.7236,1726.4849018630366,954.0731
waveform_5000,fresh5,TalkyG_Diffset,0.09935,94.23,307.7772339788137,0.245,425.9811682137501,0.3203
waveform_5000,fresh5,Talky_G,0.09935,92.67,276.3617679408395,0.2376,481.9235021535821,0.3233
waveform_5000,fresh5,Zart,0.09935,370.26,367.8630178833717,4.025,2065.0965011343255,3600.0
waveform_5000,fresh5,FGC_Stream,0.09935,23.43,64.8757448737076,103.3205,2354.388511478572,3600.0
waveform_5000,fresh5,Apriori_Gen_Borgelt,0.05775,4.86,64.75205061721527,0.0384,23.46353291914474,0.5387
waveform_5000,fresh5,DefMe,0.05775,113.33,504.81970351090683,0.2496,219.83242694935618,0.6254
waveform_5000,fresh5,Eclat_Gen_Borgelt,0.05775,7.36,109.46037257082644,0.03,1.3127782361908926,0.0852
waveform_5000,fresh5,FPgrowth_Gen_Borgelt,0.05775,13.38,101.99816223853662,0.0525,1.1806588652389278,0.1086
waveform_5000,fresh5,Gr_growth,0.05775,21.11,55.03561368689268,0.0541,1.649488338422688,0.1029
waveform_5000,fresh5,Pascal,0.05775,102.12,232.0571983813113,2.9383,1736.1712127741475,969.3234
waveform_5000,fresh5,TalkyG_Diffset,0.05775,92.59,317.39178023445174,0.245,425.9812831887501,0.3203
waveform_5000,fresh5,Talky_G,0.05775,92.21,284.7513802315371,0.2619,481.92366872818525,0.3233
waveform_5000,fresh5,Zart,0.05775,386.81,379.049476860636,5.6222,2076.1135436521827,3600.0
waveform_5000,fresh5,FGC_Stream,0.05775,24.39,64.88204119007625,128.4756,2370.1179788125005,3600.0
waveform_5000,fresh5,Apriori_Gen_Borgelt,0.04215,5.63,64.89650769957568,0.1253,23.46386725247807,0.5387
waveform_5000,fresh5,DefMe,0.04215,209.47,505.62226714068873,0.3057,224.29548511602286,0.6254
waveform_5000,fresh5,Eclat_Gen_Borgelt,0.04215,8.63,109.46037257082644,0.0658,1.2411477986908923,0.0852
waveform_5000,fresh5,FPgrowth_Gen_Borgelt,0.04215,38.97,101.99816223853662,0.0841,1.1809923402389277,0.1086
waveform_5000,fresh5,Gr_growth,0.04215,21.41,58.21479205593988,0.0864,1.6514288800893546,0.1316
waveform_5000,fresh5,Pascal,0.04215,114.87,232.09239305226177,6.5944,1741.0482768158142,969.3234
waveform_5000,fresh5,TalkyG_Diffset,0.04215,130.32,317.61260602131784,0.2793,424.25664030422627,0.3203
waveform_5000,fresh5,Talky_G,0.04215,122.94,285.1215524863138,0.2722,481.92810163413765,0.4304
waveform_5000,fresh5,Zart,0.04215,518.7,396.20789115822663,27.0841,2079.0211589521823,3600.0
waveform_5000,fresh5,FGC_Stream,0.04215,29.71,64.90386200750682,155.8635,2371.451944095834,3600.0
waveform_5000,fresh5,Apriori_Gen_Borgelt,0.03575,10.48,64.89650769957568,0.1089,23.46386725247807,0.5387
waveform_5000,fresh5,DefMe,0.03575,377.24,506.61428345544624,0.4085,224.29548511602286,0.6254
waveform_5000,fresh5,Eclat_Gen_Borgelt,0.03575,10.95,109.46037257082644,0.1597,1.2411759320242257,0.0852
waveform_5000,fresh5,FPgrowth_Gen_Borgelt,0.03575,137.95,102.1247765767665,0.2528,1.18138056246115,0.1086
waveform_5000,fresh5,Gr_growth,0.03575,22.66,58.48390418149776,0.2132,1.653284063422688,0.1445
waveform_5000,fresh5,Pascal,0.03575,187.16,233.75937633559627,98.5168,1748.1090505908146,969.3234
waveform_5000,fresh5,TalkyG_Diffset,0.03575,382.23,318.2430324947417,0.5215,424.25664030422627,0.3203
waveform_5000,fresh5,Talky_G,0.03575,382.99,285.29029183515337,0.5479,481.92810163413765,0.4304
waveform_5000,fresh5,Zart,0.03575,777.43,393.3557072795614,561.203,2083.458297718849,3600.0
waveform_5000,fresh5,FGC_Stream,0.03575,44.06,64.90386200750682,307.4055,2371.451944095834,3600.0
yearmsd,fresh4,Apriori_Gen_Borgelt,0.1262256352540531,398.04,67.9002328858287,3.296,21.73298250359362,0.4831
yearmsd,fresh4,DefMe,0.1262256352540531,3028.25,621.5883407167732,3.5056,306.1641638728383,0.9844
yearmsd,fresh4,Eclat_Gen_Borgelt,0.1262256352540531,760.3,136.25185522107475,8.2303,1.2515781171005056,0.1188
yearmsd,fresh4,FPgrowth_Gen_Borgelt,0.1262256352540531,1892.57,83.90222614978356,18.9117,1.1927897532677851,0.1523
yearmsd,fresh4,Gr_growth,0.1262256352540531,1679.69,32.001754345267166,22.5402,1.2247161623570872,0.1446
yearmsd,fresh4,TalkyG_Diffset,0.1262256352540531,2770.58,297.96185425275854,5.9251,356.7988972701298,0.6369
yearmsd,fresh4,Talky_G,0.1262256352540531,2791.28,273.36934557262987,5.905,407.07728287503187,0.6077
yearmsd,fresh4,Apriori_Gen_Borgelt,0.1006854631363455,397.96,67.9002328858287,3.5751,21.73298250359362,0.4831
yearmsd,fresh4,DefMe,0.1006854631363455,3039.48,622.0741881551388,3.7691,306.16504131033827,0.9871
yearmsd,fresh4,Eclat_Gen_Borgelt,0.1006854631363455,760.69,136.25185522107475,8.862,1.2515781171005056,0.1188
yearmsd,fresh4,FPgrowth_Gen_Borgelt,0.1006854631363455,1892.55,83.90440312829632,19.9382,1.1930708366011185,0.1523
yearmsd,fresh4,Gr_growth,0.1006854631363455,1679.54,32.191399550141995,23.3846,1.2254485873570875,0.1446
yearmsd,fresh4,TalkyG_Diffset,0.1006854631363455,2805.62,300.75860441108273,5.924,374.6860763201298,0.6369
yearmsd,fresh4,Talky_G,0.1006854631363455,2819.09,275.73379352582134,5.9119,407.07728287503187,0.6077
yearmsd,fresh4,Apriori_Gen_Borgelt,0.0707792837807682,398.45,67.9002328858287,6.4557,21.73483110776029,0.4831
yearmsd,fresh4,DefMe,0.0707792837807682,3033.79,625.878355347014,5.8793,321.0107749662906,0.9871
yearmsd,fresh4,Eclat_Gen_Borgelt,0.0707792837807682,771.41,135.29526991331252,11.7062,1.2501989335507222,0.1188
yearmsd,fresh4,FPgrowth_Gen_Borgelt,0.0707792837807682,1993.01,81.88962849698926,24.9319,1.1940676824344516,0.1523
yearmsd,fresh4,Gr_growth,0.0707792837807682,1695.78,32.61313710844874,29.2883,1.2226817266428016,0.1446
yearmsd,fresh4,TalkyG_Diffset,0.0707792837807682,3011.56,301.6284966814447,6.0979,374.68710283143935,0.6369
yearmsd,fresh4,Talky_G,0.0707792837807682,3010.85,276.69693125514544,6.0943,407.07731905955563,0.6077
yearmsd,fresh4,Apriori_Gen_Borgelt,0.0552654047288709,399.07,67.9002328858287,22.1937,21.73493506609362,0.4831
yearmsd,fresh4,DefMe,0.0552654047288709,3056.11,626.5219321411811,14.29,321.0155301329573,0.9871
yearmsd,fresh4,Eclat_Gen_Borgelt,0.0552654047288709,792.62,135.38747436180478,18.6161,1.250611957955484,0.1188
yearmsd,fresh4,FPgrowth_Gen_Borgelt,0.0552654047288709,3807.36,82.85861072882741,39.9628,1.1945545199344518,0.1523
yearmsd,fresh4,Gr_growth,0.0552654047288709,1771.57,32.872200909188706,49.2876,1.2249190016428018,0.1446
yearmsd,fresh4,TalkyG_Diffset,0.0552654047288709,3046.89,303.23795965986096,7.0946,374.68718403977266,0.6369
yearmsd,fresh4,Talky_G,0.0552654047288709,3097.61,277.6033255342898,7.0846,407.0775248008255,0.6077
yearmsd,fresh4,DefMe,0.0457785561128952,3070.39,627.6348255523833,37.8887,325.5004911329572,0.9871
yearmsd,fresh4,Apriori_Gen_Borgelt,0.0457785561128952,403.64,67.9002328858287,97.2315,21.73510406609362,0.4831
yearmsd,fresh4,Eclat_Gen_Borgelt,0.0457785561128952,809.3,135.38747436180478,38.5119,1.250611957955484,0.1188
yearmsd,fresh4,Gr_growth,0.0457785561128952,1869.86,38.7196194562853,125.2405,1.2433675016428014,0.1446
yearmsd,fresh4,TalkyG_Diffset,0.0457785561128952,3016.31,303.23795965986096,12.9875,374.68718403977266,0.6369
yearmsd,fresh4,Talky_G,0.0457785561128952,3038.34,277.6033255342898,12.7164,407.08193512582545,0.6143
zoo,fresh6,Apriori_Gen_Borgelt,0.7004950495049505,2.85,6.767519408260441,0.0079,1.6800547817890443,0.1531
zoo,fresh6,DefMe,0.7004950495049505,74.34,203.74546875391277,0.1989,28.69141959189851,0.3782
zoo,fresh6,Eclat_Gen_Borgelt,0.7004950495049505,3.01,8.470264482102627,0.0077,0.5188377606615607,0.1188
zoo,fresh6,FPgrowth_Gen_Borgelt,0.7004950495049505,3.18,10.860505968373687,0.0069,0.515932891668952,0.0846
zoo,fresh6,Gr_growth,0.7004950495049505,13.75,13.672864294285416,0.0084,0.5729388442080796,0.055
zoo,fresh6,Pascal,0.7004950495049505,75.56,120.29797351432272,0.2459,368.2190115314102,0.8281
zoo,fresh6,TalkyG_Diffset,0.7004950495049505,71.39,209.81819185217714,0.2218,52.11202482958847,0.4589
zoo,fresh6,Talky_G,0.7004950495049505,71.91,200.93145876832705,0.2518,58.721305921961374,0.6081
zoo,fresh6,Zart,0.7004950495049505,72.07,165.4175329682615,0.2434,1089.1970794024796,2.8441
zoo,fresh6,FGC_Stream,0.7004950495049505,4.41,48.885296868453004,0.0084,749.6875087465189,8.3822
zoo,fresh6,Apriori_Gen_Borgelt,0.3935643564356436,2.88,12.923901210635066,0.0081,3.4950734039751916,0.1783
zoo,fresh6,Eclat_Gen_Borgelt,0.3935643564356436,3.38,12.333878936183927,0.0113,0.7467966588578088,0.15
zoo,fresh6,DefMe,0.3935643564356436,71.23,239.50498347213804,0.2713,38.82053669447788,0.4247
zoo,fresh6,FPgrowth_Gen_Borgelt,0.3935643564356436,3.5,17.378646515706507,0.0098,0.9312803352170707,0.1452
zoo,fresh6,Gr_growth,0.3935643564356436,13.79,15.63432056257868,0.0107,0.8329231548751903,0.0999
zoo,fresh6,TalkyG_Diffset,0.3935643564356436,72.0,233.28845095110682,0.2591,72.46266267518733,0.5669
zoo,fresh6,Pascal,0.3935643564356436,75.59,129.17769732335023,0.3526,587.56886500326,2.1117
zoo,fresh6,Talky_G,0.3935643564356436,75.27,224.01831226991936,0.289,70.31423449592492,0.6143
zoo,fresh6,Zart,0.3935643564356436,83.38,216.69692179112306,0.3326,1422.4450662954264,126.5752
zoo,fresh6,FGC_Stream,0.3935643564356436,4.36,54.83828264007261,0.0564,790.7988321466867,23.4236
zoo,fresh6,Apriori_Gen_Borgelt,0.1361386138613861,3.08,18.177539996272504,0.0088,3.5073515590129642,0.208
zoo,fresh6,DefMe,0.1361386138613861,92.44,310.7290218394681,0.2428,66.52477453109404,0.4247
zoo,fresh6,Eclat_Gen_Borgelt,0.1361386138613861,7.58,22.019695680647096,0.0085,0.9468362040959042,0.15
zoo,fresh6,FPgrowth_Gen_Borgelt,0.1361386138613861,7.71,27.702793579330073,0.0089,0.9873321459813065,0.1452
zoo,fresh6,Gr_growth,0.1361386138613861,13.92,19.77403822997746,0.0149,1.0058828595038949,0.1011
zoo,fresh6,TalkyG_Diffset,0.1361386138613861,77.84,252.61646326357044,0.2673,100.0005731182429,0.5669
zoo,fresh6,Talky_G,0.1361386138613861,76.53,241.11753104748377,0.2806,69.61161603421857,0.6172
zoo,fresh6,Pascal,0.1361386138613861,118.38,160.73381070637805,4.2986,744.6159648205215,16.6443
zoo,fresh6,FGC_Stream,0.1361386138613861,8.15,55.622747040513815,0.2377,926.6540950278013,233.2462
zoo,fresh6,Zart,0.1361386138613861,435.73,351.09175718197287,286.4763,1838.4405167857592,1079.0713
