algorithm,category,dataset,param_name,param_value,runtime_s,peak_memory_mb,generator_count,timed_out,error,timestamp,measured,machine,source_table
DefMe,1,connect,minsup,0.2,39.339,1112.82,1482862,False,,20260604_215741,rerun,Linux x86_64,summary
DefMe,1,connect,minsup,0.3,12.4079,997.82,460357.0,False,,20260604_215741,remeasured,Linux x86_64,summary
DefMe,1,connect,minsup,0.5,3.4386,1090.26,130102.0,False,,20260604_215741,remeasured,Linux x86_64,summary
DefMe,1,connect,minsup,0.7,1.2143,890.95,35876.0,False,,20260604_215741,remeasured,Linux x86_64,summary
DefMe,1,chess,minsup,0.2,33.3844,751.8,25031186,False,,20260604_215741,rerun,Linux x86_64,summary
DefMe,1,chess,minsup,0.3,6.4614,590.56,5601829.0,False,,20260604_215741,remeasured,Linux x86_64,summary
DefMe,1,chess,minsup,0.5,0.6254,473.41,372604.0,False,,20260604_215741,remeasured,Linux x86_64,summary
DefMe,1,chess,minsup,0.7,0.2326,158.77,23893.0,False,,20260604_215741,remeasured,Linux x86_64,summary
DefMe,1,t10i4d100k,minsup,0.2,0.2793,150.71,1.0,False,,20260604_215741,remeasured,Linux x86_64,summary
DefMe,1,t10i4d100k,minsup,0.3,0.2721,151.82,1.0,False,,20260604_215741,remeasured,Linux x86_64,summary
DefMe,1,t10i4d100k,minsup,0.5,0.2807,149.84,1.0,False,,20260604_215741,remeasured,Linux x86_64,summary
DefMe,1,t10i4d100k,minsup,0.7,0.2792,154.07,1.0,False,,20260604_215741,remeasured,Linux x86_64,summary
DefMe,1,retail,minsup,0.2,0.378,478.55,4.0,False,,20260604_215741,remeasured,Linux x86_64,summary
DefMe,1,retail,minsup,0.3,0.3836,484.46,4.0,False,,20260604_215741,remeasured,Linux x86_64,summary
DefMe,1,retail,minsup,0.5,0.3782,481.9,2.0,False,,20260604_215741,remeasured,Linux x86_64,summary
DefMe,1,retail,minsup,0.7,0.3754,481.86,1.0,False,,20260604_215741,remeasured,Linux x86_64,summary
Talky_G,1,connect,minsup,0.2,36.2326,728.72,1482862,False,,20260604_215741,rerun,Linux x86_64,summary
Talky_G,1,connect,minsup,0.3,2.9281,643.98,460357.0,False,,20260604_215741,remeasured,Linux x86_64,summary
Talky_G,1,connect,minsup,0.5,0.877,514.44,130102.0,False,,20260604_215741,remeasured,Linux x86_64,summary
Talky_G,1,connect,minsup,0.7,0.5948,348.08,35876.0,False,,20260604_215741,remeasured,Linux x86_64,summary
Talky_G,1,chess,minsup,0.3,994.1657,871.21,5601874,False,,20260604_215741,rerun,Linux x86_64,summary
Talky_G,1,chess,minsup,0.5,3.0274,379.3,372604.0,False,,20260604_215741,remeasured,Linux x86_64,summary
Talky_G,1,chess,minsup,0.7,0.2556,115.34,23893.0,False,,20260604_215741,remeasured,Linux x86_64,summary
Talky_G,1,t10i4d100k,minsup,0.2,0.3068,152.2,1.0,False,,20260604_215741,remeasured,Linux x86_64,summary
Talky_G,1,t10i4d100k,minsup,0.3,0.3159,152.18,1.0,False,,20260604_215741,remeasured,Linux x86_64,summary
Talky_G,1,t10i4d100k,minsup,0.5,0.3144,153.44,1.0,False,,20260604_215741,remeasured,Linux x86_64,summary
Talky_G,1,t10i4d100k,minsup,0.7,0.3118,151.88,1.0,False,,20260604_215741,remeasured,Linux x86_64,summary
Talky_G,1,retail,minsup,0.2,0.6051,1153.82,4.0,False,,20260604_215741,remeasured,Linux x86_64,summary
Talky_G,1,retail,minsup,0.3,0.6143,1152.38,4.0,False,,20260604_215741,remeasured,Linux x86_64,summary
Talky_G,1,retail,minsup,0.5,0.6138,1155.51,2.0,False,,20260604_215741,remeasured,Linux x86_64,summary
Talky_G,1,retail,minsup,0.7,0.6108,1150.65,1.0,False,,20260604_215741,remeasured,Linux x86_64,summary
Pascal,1,connect,minsup,0.2,3600.0901,1050.15,,True,,20260605_080337,rerun,Linux x86_64,summary
Pascal,1,connect,minsup,0.3,3600.1463,818.22,,True,,20260605_080337,rerun,Linux x86_64,summary
Pascal,1,connect,minsup,0.5,3600.1394,733.87,,True,,20260605_080337,rerun,Linux x86_64,summary
Pascal,1,connect,minsup,0.7,3600.1371,566.24,,True,,20260605_080337,rerun,Linux x86_64,summary
Pascal,1,chess,minsup,0.2,3600.1119,731.03,,True,,20260605_080337,rerun,Linux x86_64,summary
Pascal,1,chess,minsup,0.3,3600.0519,768.73,,True,,20260605_080337,rerun,Linux x86_64,summary
Pascal,1,chess,minsup,0.5,441.1246,415.89,372603,False,,20260605_080337,rerun,Linux x86_64,summary
Pascal,1,chess,minsup,0.7,3.0817,104.99,23892.0,False,,20260605_080337,remeasured,Linux x86_64,summary
Pascal,1,t10i4d100k,minsup,0.2,0.2441,124.71,0.0,False,,20260605_080337,remeasured,Linux x86_64,summary
Pascal,1,t10i4d100k,minsup,0.3,0.2513,129.48,0.0,False,,20260605_080337,remeasured,Linux x86_64,summary
Pascal,1,t10i4d100k,minsup,0.5,0.2453,129.3,0.0,False,,20260605_080337,remeasured,Linux x86_64,summary
Pascal,1,t10i4d100k,minsup,0.7,0.2551,128.42,0.0,False,,20260605_080337,remeasured,Linux x86_64,summary
Pascal,1,retail,minsup,0.2,0.271,123.56,3.0,False,,20260605_080337,remeasured,Linux x86_64,summary
Pascal,1,retail,minsup,0.3,0.2713,125.85,3.0,False,,20260605_080337,remeasured,Linux x86_64,summary
Pascal,1,retail,minsup,0.5,0.2582,125.28,1.0,False,,20260605_080337,remeasured,Linux x86_64,summary
Pascal,1,retail,minsup,0.7,0.2531,124.11,0.0,False,,20260605_080337,remeasured,Linux x86_64,summary
Zart,1,connect,minsup,0.2,3600.1313,551.76,,True,,20260605_080337,rerun,Linux x86_64,summary
Zart,1,connect,minsup,0.3,3600.1297,548.79,,True,,20260605_080337,rerun,Linux x86_64,summary
Zart,1,connect,minsup,0.5,3600.1279,481.43,,True,,20260605_080337,rerun,Linux x86_64,summary
Zart,1,connect,minsup,0.7,3600.131,501.77,,True,,20260605_080337,rerun,Linux x86_64,summary
Zart,1,chess,minsup,0.2,3600.1367,546.62,,True,,20260605_080337,rerun,Linux x86_64,summary
Zart,1,chess,minsup,0.3,3600.1341,617.25,,True,,20260605_080337,rerun,Linux x86_64,summary
Zart,1,chess,minsup,0.5,3600.0631,565.08,,True,,20260605_080337,rerun,Linux x86_64,summary
Zart,1,chess,minsup,0.7,44.1872,404.79,23893,False,,20260605_080337,rerun,Linux x86_64,summary
Zart,1,t10i4d100k,minsup,0.2,0.3054,156.22,0.0,False,,20260605_080337,remeasured,Linux x86_64,summary
Zart,1,t10i4d100k,minsup,0.3,0.2949,155.03,0.0,False,,20260605_080337,remeasured,Linux x86_64,summary
Zart,1,t10i4d100k,minsup,0.5,0.306,153.89,0.0,False,,20260605_080337,remeasured,Linux x86_64,summary
Zart,1,t10i4d100k,minsup,0.7,0.2976,150.1,0.0,False,,20260605_080337,remeasured,Linux x86_64,summary
Zart,1,retail,minsup,0.2,0.3404,151.78,4.0,False,,20260605_080337,remeasured,Linux x86_64,summary
Zart,1,retail,minsup,0.3,0.3292,151.32,4.0,False,,20260605_080337,remeasured,Linux x86_64,summary
Zart,1,retail,minsup,0.5,0.3163,152.5,2.0,False,,20260605_080337,remeasured,Linux x86_64,summary
Zart,1,retail,minsup,0.7,0.3161,151.05,0.0,False,,20260605_080337,remeasured,Linux x86_64,summary
TalkyG_Diffset,1,connect,minsup,0.2,39.8986,876.0,1482862,False,,20260605_080337,rerun,Linux x86_64,summary
TalkyG_Diffset,1,connect,minsup,0.3,3.5146,963.05,460357.0,False,,20260605_080337,remeasured,Linux x86_64,summary
TalkyG_Diffset,1,connect,minsup,0.5,1.0608,650.89,130102.0,False,,20260605_080337,remeasured,Linux x86_64,summary
TalkyG_Diffset,1,connect,minsup,0.7,0.6369,359.92,35876.0,False,,20260605_080337,remeasured,Linux x86_64,summary
TalkyG_Diffset,1,chess,minsup,0.2,3600.1187,1581.16,,True,,20260605_080337,rerun,Linux x86_64,summary
TalkyG_Diffset,1,chess,minsup,0.3,946.3379,912.7,5601874,False,,20260605_080337,rerun,Linux x86_64,summary
TalkyG_Diffset,1,chess,minsup,0.5,2.9883,410.01,372604.0,False,,20260605_080337,remeasured,Linux x86_64,summary
TalkyG_Diffset,1,chess,minsup,0.7,0.2685,127.71,23893.0,False,,20260605_080337,remeasured,Linux x86_64,summary
TalkyG_Diffset,1,t10i4d100k,minsup,0.2,0.3045,153.45,1.0,False,,20260605_080337,remeasured,Linux x86_64,summary
TalkyG_Diffset,1,t10i4d100k,minsup,0.3,0.3083,151.56,1.0,False,,20260605_080337,remeasured,Linux x86_64,summary
TalkyG_Diffset,1,t10i4d100k,minsup,0.5,0.3079,151.83,1.0,False,,20260605_080337,remeasured,Linux x86_64,summary
TalkyG_Diffset,1,t10i4d100k,minsup,0.7,0.3031,154.51,1.0,False,,20260605_080337,remeasured,Linux x86_64,summary
TalkyG_Diffset,1,retail,minsup,0.2,0.5924,1161.95,4.0,False,,20260605_080337,remeasured,Linux x86_64,summary
TalkyG_Diffset,1,retail,minsup,0.3,0.6091,1117.43,4.0,False,,20260605_080337,remeasured,Linux x86_64,summary
TalkyG_Diffset,1,retail,minsup,0.5,0.5985,1116.02,2.0,False,,20260605_080337,remeasured,Linux x86_64,summary
TalkyG_Diffset,1,retail,minsup,0.7,0.5905,1159.84,1.0,False,,20260605_080337,remeasured,Linux x86_64,summary
FGC_Stream,5,connect,minsup,0.2,3600.1129,72.45,,True,,20260605_080337,rerun,Linux x86_64,summary
FGC_Stream,5,connect,minsup,0.3,3600.0319,98.11,,True,,20260605_080337,rerun,Linux x86_64,summary
FGC_Stream,5,connect,minsup,0.5,3600.0802,152.23,,True,,20260605_080337,rerun,Linux x86_64,summary
FGC_Stream,5,connect,minsup,0.7,3600.0995,208.75,,True,,20260605_080337,rerun,Linux x86_64,summary
FGC_Stream,5,chess,minsup,0.2,3600.1218,651.84,,True,,20260605_080337,rerun,Linux x86_64,summary
FGC_Stream,5,chess,minsup,0.3,3600.126,459.46,,True,,20260605_080337,rerun,Linux x86_64,summary
FGC_Stream,5,chess,minsup,0.5,3600.0493,389.12,,True,,20260605_080337,rerun,Linux x86_64,summary
FGC_Stream,5,chess,minsup,0.7,911.3875,56.66,23992,False,,20260605_080337,rerun,Linux x86_64,summary
FGC_Stream,5,t10i4d100k,minsup,0.2,0.6982,97.63,1,False,,20260605_080337,rerun,Linux x86_64,summary
FGC_Stream,5,t10i4d100k,minsup,0.3,0.7099,97.64,1,False,,20260605_080337,rerun,Linux x86_64,summary
FGC_Stream,5,t10i4d100k,minsup,0.5,0.6987,97.48,1,False,,20260605_080337,rerun,Linux x86_64,summary
FGC_Stream,5,t10i4d100k,minsup,0.7,0.6667,97.47,1,False,,20260605_080337,rerun,Linux x86_64,summary
FGC_Stream,5,retail,minsup,0.2,34.3437,95.71,4,False,,20260605_080337,rerun,Linux x86_64,summary
FGC_Stream,5,retail,minsup,0.3,53.2454,95.71,4,False,,20260605_080337,rerun,Linux x86_64,summary
FGC_Stream,5,retail,minsup,0.5,0.8554,95.93,2,False,,20260605_080337,rerun,Linux x86_64,summary
FGC_Stream,5,retail,minsup,0.7,0.8061,95.76,1,False,,20260605_080337,rerun,Linux x86_64,summary
Arima,5,connect,maxsup,0.1,3600.2003,2858.83,,True,,20260605_080337,rerun,Linux x86_64,summary
Arima,5,connect,maxsup,0.2,394.5635,8258.57,,False,java.lang.OutOfMemoryError: Java heap space,20260605_080337,rerun,Linux x86_64,summary
Arima,5,connect,maxsup,0.3,209.9342,8270.09,,False,java.lang.OutOfMemoryError: Java heap space,20260605_080337,rerun,Linux x86_64,summary
Arima,5,chess,maxsup,0.1,67.1115,8230.62,,False,java.lang.OutOfMemoryError: Java heap space,20260605_080337,rerun,Linux x86_64,summary
Arima,5,chess,maxsup,0.2,70.5496,8265.13,,False,java.lang.OutOfMemoryError: Java heap space,20260605_080337,rerun,Linux x86_64,summary
Arima,5,chess,maxsup,0.3,67.7226,7366.21,180161,False,,20260605_080337,rerun,Linux x86_64,summary
Arima,5,t10i4d100k,maxsup,0.1,0.217,95.76,870.0,False,,20260605_080337,remeasured,Linux x86_64,summary
Arima,5,t10i4d100k,maxsup,0.2,0.2249,95.27,870.0,False,,20260605_080337,remeasured,Linux x86_64,summary
Arima,5,t10i4d100k,maxsup,0.3,0.2133,99.11,870.0,False,,20260605_080337,remeasured,Linux x86_64,summary
Arima,5,retail,maxsup,0.1,0.2727,108.88,16472.0,False,,20260605_080337,remeasured,Linux x86_64,summary
Arima,5,retail,maxsup,0.2,0.2617,107.75,16468.0,False,,20260605_080337,remeasured,Linux x86_64,summary
Arima,5,retail,maxsup,0.3,0.2557,108.42,16468.0,False,,20260605_080337,remeasured,Linux x86_64,summary
DefMe,1,mushroom,minsup,0.2,0.2205,122.4,1704.0,False,,20260722_121411,remeasured,Linux x86_64,summary
DefMe,1,mushroom,minsup,0.3,0.2045,94.34,544.0,False,,20260722_121411,remeasured,Linux x86_64,summary
DefMe,1,mushroom,minsup,0.5,0.2096,96.62,53.0,False,,20260722_121411,remeasured,Linux x86_64,summary
DefMe,1,mushroom,minsup,0.7,0.2074,93.88,13.0,False,,20260722_121411,remeasured,Linux x86_64,summary
Talky_G,1,mushroom,minsup,0.2,0.2252,98.43,1852.0,False,,20260722_121411,remeasured,Linux x86_64,summary
Talky_G,1,mushroom,minsup,0.3,0.2265,96.07,551.0,False,,20260722_121411,remeasured,Linux x86_64,summary
Talky_G,1,mushroom,minsup,0.5,0.2102,96.1,52.0,False,,20260722_121411,remeasured,Linux x86_64,summary
Talky_G,1,mushroom,minsup,0.7,0.215,96.0,12.0,False,,20260722_121411,remeasured,Linux x86_64,summary
Pascal,1,mushroom,minsup,0.2,0.9832,109.09,1703.0,False,,20260722_121411,remeasured,Linux x86_64,summary
Pascal,1,mushroom,minsup,0.3,0.3789,98.48,543.0,False,,20260722_121411,remeasured,Linux x86_64,summary
Pascal,1,mushroom,minsup,0.5,0.224,99.4,52.0,False,,20260722_121411,remeasured,Linux x86_64,summary
Pascal,1,mushroom,minsup,0.7,0.1977,102.22,12.0,False,,20260722_121411,remeasured,Linux x86_64,summary
Zart,1,mushroom,minsup,0.2,44.2896,395.38,1704,False,,20260722_121411,rerun,Linux x86_64,summary
Zart,1,mushroom,minsup,0.3,1.2506,198.01,544.0,False,,20260722_121411,remeasured,Linux x86_64,summary
Zart,1,mushroom,minsup,0.5,0.2785,107.58,53.0,False,,20260722_121411,remeasured,Linux x86_64,summary
Zart,1,mushroom,minsup,0.7,0.2146,95.3,13.0,False,,20260722_121411,remeasured,Linux x86_64,summary
TalkyG_Diffset,1,mushroom,minsup,0.2,0.2252,99.75,1852.0,False,,20260722_121411,remeasured,Linux x86_64,summary
TalkyG_Diffset,1,mushroom,minsup,0.3,0.2251,97.12,551.0,False,,20260722_121411,remeasured,Linux x86_64,summary
TalkyG_Diffset,1,mushroom,minsup,0.5,0.2134,96.25,52.0,False,,20260722_121411,remeasured,Linux x86_64,summary
TalkyG_Diffset,1,mushroom,minsup,0.7,0.2185,97.82,12.0,False,,20260722_121411,remeasured,Linux x86_64,summary
FGC_Stream,5,mushroom,minsup,0.2,134.1415,24.49,1704,False,,20260722_121411,rerun,Linux x86_64,summary
FGC_Stream,5,mushroom,minsup,0.3,69.8936,23.31,544,False,,20260722_121411,rerun,Linux x86_64,summary
FGC_Stream,5,mushroom,minsup,0.5,8.3822,22.46,53,False,,20260722_121411,rerun,Linux x86_64,summary
FGC_Stream,5,mushroom,minsup,0.7,0.4118,22.18,13,False,,20260722_121411,rerun,Linux x86_64,summary
Arima,5,mushroom,maxsup,0.1,1.343,342.01,3077.0,False,,20260722_121411,remeasured,Linux x86_64,summary
Arima,5,mushroom,maxsup,0.2,0.27,112.59,1004.0,False,,20260722_121411,remeasured,Linux x86_64,summary
Arima,5,mushroom,maxsup,0.3,0.2108,88.53,409.0,False,,20260722_121411,remeasured,Linux x86_64,summary
Apriori_Gen_Borgelt,1,mushroom,minsup,0.1,0.1027,4.95,7584.0,False,,20260902_225814,remeasured,Linux x86_64,summary
Apriori_Gen_Borgelt,1,mushroom,minsup,0.15,0.0356,3.95,3082.0,False,,20260902_225814,remeasured,Linux x86_64,summary
Apriori_Gen_Borgelt,1,mushroom,minsup,0.2,0.0211,3.96,1703.0,False,,20260902_225814,remeasured,Linux x86_64,summary
Apriori_Gen_Borgelt,1,mushroom,minsup,0.3,0.009,3.94,543.0,False,,20260902_225814,remeasured,Linux x86_64,summary
Apriori_Gen_Borgelt,1,mushroom,minsup,0.4,0.0083,3.99,152.0,False,,20260902_225814,remeasured,Linux x86_64,summary
Apriori_Gen_Borgelt,1,mushroom,minsup,0.5,0.008,3.97,52.0,False,,20260902_225814,remeasured,Linux x86_64,summary
Apriori_Gen_Borgelt,1,mushroom,minsup,0.6,0.0088,4.05,20.0,False,,20260902_225814,remeasured,Linux x86_64,summary
Apriori_Gen_Borgelt,1,mushroom,minsup,0.7,0.0062,3.95,12.0,False,,20260902_225814,remeasured,Linux x86_64,summary
Eclat_Gen_Borgelt,1,mushroom,minsup,0.1,0.0215,11.43,7584.0,False,,20260902_225814,remeasured,Linux x86_64,summary
Eclat_Gen_Borgelt,1,mushroom,minsup,0.15,0.0156,7.88,3082.0,False,,20260902_225814,remeasured,Linux x86_64,summary
Eclat_Gen_Borgelt,1,mushroom,minsup,0.2,0.0116,6.52,1703.0,False,,20260902_225814,remeasured,Linux x86_64,summary
Eclat_Gen_Borgelt,1,mushroom,minsup,0.3,0.0084,4.71,543.0,False,,20260902_225814,remeasured,Linux x86_64,summary
Eclat_Gen_Borgelt,1,mushroom,minsup,0.4,0.0084,4.25,152.0,False,,20260902_225814,remeasured,Linux x86_64,summary
Eclat_Gen_Borgelt,1,mushroom,minsup,0.5,0.0082,4.24,52.0,False,,20260902_225814,remeasured,Linux x86_64,summary
Eclat_Gen_Borgelt,1,mushroom,minsup,0.6,0.007,4.09,20.0,False,,20260902_225814,remeasured,Linux x86_64,summary
Eclat_Gen_Borgelt,1,mushroom,minsup,0.7,0.0078,4.08,12.0,False,,20260902_225814,remeasured,Linux x86_64,summary
FPgrowth_Gen_Borgelt,1,mushroom,minsup,0.1,0.0144,10.66,7584.0,False,,20260902_225814,remeasured,Linux x86_64,summary
FPgrowth_Gen_Borgelt,1,mushroom,minsup,0.15,0.0108,7.55,3082.0,False,,20260902_225814,remeasured,Linux x86_64,summary
FPgrowth_Gen_Borgelt,1,mushroom,minsup,0.2,0.0131,6.26,1703.0,False,,20260902_225814,remeasured,Linux x86_64,summary
FPgrowth_Gen_Borgelt,1,mushroom,minsup,0.3,0.0099,4.6,543.0,False,,20260902_225814,remeasured,Linux x86_64,summary
FPgrowth_Gen_Borgelt,1,mushroom,minsup,0.4,0.009,4.45,152.0,False,,20260902_225814,remeasured,Linux x86_64,summary
FPgrowth_Gen_Borgelt,1,mushroom,minsup,0.5,0.0073,4.09,52.0,False,,20260902_225814,remeasured,Linux x86_64,summary
FPgrowth_Gen_Borgelt,1,mushroom,minsup,0.6,0.0074,4.06,20.0,False,,20260902_225814,remeasured,Linux x86_64,summary
FPgrowth_Gen_Borgelt,1,mushroom,minsup,0.7,0.007,3.96,12.0,False,,20260902_225814,remeasured,Linux x86_64,summary
FPgrowth_Gen_Borgelt,1,pumsb,minsup,0.6,1.4923,285.98,2853041.0,False,,20260902_232634,remeasured,Linux x86_64,summary
FPgrowth_Gen_Borgelt,1,pumsb,minsup,0.7,0.3033,68.51,658379.0,False,,20260902_232634,remeasured,Linux x86_64,summary
FPgrowth_Gen_Borgelt,1,pumsb,minsup,0.75,0.153,32.53,248298.0,False,,20260902_232634,remeasured,Linux x86_64,summary
FPgrowth_Gen_Borgelt,1,pumsb,minsup,0.8,0.1041,26.45,67835.0,False,,20260902_232634,remeasured,Linux x86_64,summary
FPgrowth_Gen_Borgelt,1,pumsb,minsup,0.85,0.0914,25.55,13789.0,False,,20260902_232634,remeasured,Linux x86_64,summary
FPgrowth_Gen_Borgelt,1,pumsb,minsup,0.9,0.088,21.0,2030.0,False,,20260902_232634,remeasured,Linux x86_64,summary
FPgrowth_Gen_Borgelt,1,pumsb,minsup,0.95,0.0801,18.61,141.0,False,,20260902_232634,remeasured,Linux x86_64,summary
FPgrowth_Gen_Borgelt,1,accidents,minsup,0.3,0.593,101.22,149529.0,False,,20260902_232634,remeasured,Linux x86_64,summary
FPgrowth_Gen_Borgelt,1,accidents,minsup,0.4,0.4903,87.92,32528.0,False,,20260902_232634,remeasured,Linux x86_64,summary
FPgrowth_Gen_Borgelt,1,accidents,minsup,0.5,0.4175,73.08,8057.0,False,,20260902_232634,remeasured,Linux x86_64,summary
FPgrowth_Gen_Borgelt,1,accidents,minsup,0.6,0.3781,65.38,2074.0,False,,20260902_232634,remeasured,Linux x86_64,summary
FPgrowth_Gen_Borgelt,1,accidents,minsup,0.7,0.3313,61.46,529.0,False,,20260902_232634,remeasured,Linux x86_64,summary
FPgrowth_Gen_Borgelt,1,accidents,minsup,0.8,0.2994,61.38,149.0,False,,20260902_232634,remeasured,Linux x86_64,summary
DefMe,1,mushroom,minsup,0.05,0.3504,376.26,21391.0,False,,20260902_232659,remeasured,Linux x86_64,summary
DefMe,1,mushroom,minsup,0.1,0.2642,228.18,7585.0,False,,20260902_232659,remeasured,Linux x86_64,summary
DefMe,1,mushroom,minsup,0.15,0.2208,127.88,3083.0,False,,20260902_232659,remeasured,Linux x86_64,summary
DefMe,1,mushroom,minsup,0.4,0.1954,96.41,153.0,False,,20260902_232659,remeasured,Linux x86_64,summary
DefMe,1,mushroom,minsup,0.6,0.193,94.95,21.0,False,,20260902_232659,remeasured,Linux x86_64,summary
DefMe,1,connect,minsup,0.4,6.2768,1119.68,239373.0,False,,20260902_232659,remeasured,Linux x86_64,summary
DefMe,1,connect,minsup,0.6,1.9531,1136.65,68344.0,False,,20260902_232659,remeasured,Linux x86_64,summary
DefMe,1,connect,minsup,0.8,0.686,579.87,15108.0,False,,20260902_232659,remeasured,Linux x86_64,summary
DefMe,1,connect,minsup,0.9,0.4557,342.02,3487.0,False,,20260902_232659,remeasured,Linux x86_64,summary
DefMe,1,chess,minsup,0.4,1.72,617.02,1396843.0,False,,20260902_232659,remeasured,Linux x86_64,summary
DefMe,1,chess,minsup,0.6,0.3581,394.71,98419.0,False,,20260902_232659,remeasured,Linux x86_64,summary
DefMe,1,chess,minsup,0.8,0.1958,109.58,5084.0,False,,20260902_232659,remeasured,Linux x86_64,summary
DefMe,1,chess,minsup,0.9,0.1878,93.38,499.0,False,,20260902_232659,remeasured,Linux x86_64,summary
DefMe,1,t10i4d100k,minsup,0.001,0.9844,812.59,871.0,False,,20260902_232659,remeasured,Linux x86_64,summary
DefMe,1,t10i4d100k,minsup,0.002,0.9919,750.12,871.0,False,,20260902_232659,remeasured,Linux x86_64,summary
DefMe,1,t10i4d100k,minsup,0.005,0.9871,796.69,871.0,False,,20260902_232659,remeasured,Linux x86_64,summary
DefMe,1,t10i4d100k,minsup,0.01,0.9878,819.07,870.0,False,,20260902_232659,remeasured,Linux x86_64,summary
DefMe,1,t10i4d100k,minsup,0.02,0.2763,152.76,1.0,False,,20260902_232659,remeasured,Linux x86_64,summary
DefMe,1,t10i4d100k,minsup,0.05,0.2744,152.14,1.0,False,,20260902_232659,remeasured,Linux x86_64,summary
DefMe,1,retail,minsup,0.0005,11.5215,1945.27,19115.0,False,,20260902_232659,remeasured,Linux x86_64,summary
DefMe,1,retail,minsup,0.001,3.6265,1946.05,7573.0,False,,20260902_232659,remeasured,Linux x86_64,summary
DefMe,1,retail,minsup,0.002,1.2698,1950.6,2692.0,False,,20260902_232659,remeasured,Linux x86_64,summary
DefMe,1,retail,minsup,0.005,0.4591,583.39,581.0,False,,20260902_232659,remeasured,Linux x86_64,summary
DefMe,1,retail,minsup,0.01,0.3992,492.42,160.0,False,,20260902_232659,remeasured,Linux x86_64,summary
DefMe,1,retail,minsup,0.02,0.3888,482.64,56.0,False,,20260902_232659,remeasured,Linux x86_64,summary
DefMe,1,accidents,minsup,0.3,6.6613,1034.79,149530.0,False,,20260902_232659,remeasured,Linux x86_64,summary
DefMe,1,accidents,minsup,0.4,1.9654,1056.2,32529.0,False,,20260902_232659,remeasured,Linux x86_64,summary
DefMe,1,accidents,minsup,0.5,1.0604,909.47,8058.0,False,,20260902_232659,remeasured,Linux x86_64,summary
DefMe,1,accidents,minsup,0.6,0.8599,879.69,2075.0,False,,20260902_232659,remeasured,Linux x86_64,summary
DefMe,1,accidents,minsup,0.7,0.7956,758.89,530.0,False,,20260902_232659,remeasured,Linux x86_64,summary
DefMe,1,accidents,minsup,0.8,0.7786,683.68,150.0,False,,20260902_232659,remeasured,Linux x86_64,summary
DefMe,1,pumsb,minsup,0.6,22.3843,869.07,2853042,False,,20260902_232659,rerun,Linux x86_64,summary
DefMe,1,pumsb,minsup,0.7,4.9336,869.43,658380.0,False,,20260902_232659,remeasured,Linux x86_64,summary
DefMe,1,pumsb,minsup,0.75,2.0546,882.07,248299.0,False,,20260902_232659,remeasured,Linux x86_64,summary
DefMe,1,pumsb,minsup,0.8,0.8963,862.44,67836.0,False,,20260902_232659,remeasured,Linux x86_64,summary
DefMe,1,pumsb,minsup,0.85,0.5654,598.97,13790.0,False,,20260902_232659,remeasured,Linux x86_64,summary
DefMe,1,pumsb,minsup,0.9,0.4463,415.27,2031.0,False,,20260902_232659,remeasured,Linux x86_64,summary
DefMe,1,pumsb,minsup,0.95,0.4203,340.62,142.0,False,,20260902_232659,remeasured,Linux x86_64,summary
Talky_G,1,mushroom,minsup,0.05,0.2879,134.96,24350.0,False,,20260902_232659,remeasured,Linux x86_64,summary
Talky_G,1,mushroom,minsup,0.1,0.2402,124.39,8437.0,False,,20260902_232659,remeasured,Linux x86_64,summary
Talky_G,1,mushroom,minsup,0.15,0.2217,96.02,3287.0,False,,20260902_232659,remeasured,Linux x86_64,summary
Talky_G,1,mushroom,minsup,0.4,0.216,94.93,152.0,False,,20260902_232659,remeasured,Linux x86_64,summary
Talky_G,1,mushroom,minsup,0.6,0.2097,95.32,20.0,False,,20260902_232659,remeasured,Linux x86_64,summary
Talky_G,1,connect,minsup,0.4,1.2828,657.92,239373.0,False,,20260902_232659,remeasured,Linux x86_64,summary
Talky_G,1,connect,minsup,0.6,0.6738,406.39,68344.0,False,,20260902_232659,remeasured,Linux x86_64,summary
Talky_G,1,connect,minsup,0.8,0.539,292.77,15108.0,False,,20260902_232659,remeasured,Linux x86_64,summary
Talky_G,1,connect,minsup,0.9,0.5064,278.12,3487.0,False,,20260902_232659,remeasured,Linux x86_64,summary
Talky_G,1,chess,minsup,0.4,49.3159,497.43,1396843,False,,20260902_232659,rerun,Linux x86_64,summary
Talky_G,1,chess,minsup,0.6,0.4304,168.39,98419.0,False,,20260902_232659,remeasured,Linux x86_64,summary
Talky_G,1,chess,minsup,0.8,0.2161,94.47,5084.0,False,,20260902_232659,remeasured,Linux x86_64,summary
Talky_G,1,chess,minsup,0.9,0.2059,94.63,499.0,False,,20260902_232659,remeasured,Linux x86_64,summary
Talky_G,1,t10i4d100k,minsup,0.001,0.3167,150.87,871.0,False,,20260902_232659,remeasured,Linux x86_64,summary
Talky_G,1,t10i4d100k,minsup,0.002,0.3233,151.57,871.0,False,,20260902_232659,remeasured,Linux x86_64,summary
Talky_G,1,t10i4d100k,minsup,0.005,0.3183,152.23,871.0,False,,20260902_232659,remeasured,Linux x86_64,summary
Talky_G,1,t10i4d100k,minsup,0.01,0.3107,153.12,870.0,False,,20260902_232659,remeasured,Linux x86_64,summary
Talky_G,1,t10i4d100k,minsup,0.02,0.3147,152.68,1.0,False,,20260902_232659,remeasured,Linux x86_64,summary
Talky_G,1,t10i4d100k,minsup,0.05,0.3067,151.77,1.0,False,,20260902_232659,remeasured,Linux x86_64,summary
Talky_G,1,retail,minsup,0.0005,0.8334,1286.16,19122.0,False,,20260902_232659,remeasured,Linux x86_64,summary
Talky_G,1,retail,minsup,0.001,0.6968,1291.24,7573.0,False,,20260902_232659,remeasured,Linux x86_64,summary
Talky_G,1,retail,minsup,0.002,0.6294,1149.64,2692.0,False,,20260902_232659,remeasured,Linux x86_64,summary
Talky_G,1,retail,minsup,0.005,0.6054,1155.25,581.0,False,,20260902_232659,remeasured,Linux x86_64,summary
Talky_G,1,retail,minsup,0.01,0.6077,1152.18,160.0,False,,20260902_232659,remeasured,Linux x86_64,summary
Talky_G,1,retail,minsup,0.02,0.6081,1153.92,56.0,False,,20260902_232659,remeasured,Linux x86_64,summary
Talky_G,1,accidents,minsup,0.3,2.18,848.32,149530.0,False,,20260902_232659,remeasured,Linux x86_64,summary
Talky_G,1,accidents,minsup,0.4,1.3443,846.63,32529.0,False,,20260902_232659,remeasured,Linux x86_64,summary
Talky_G,1,accidents,minsup,0.5,1.1971,813.12,8058.0,False,,20260902_232659,remeasured,Linux x86_64,summary
Talky_G,1,accidents,minsup,0.6,1.1451,791.38,2075.0,False,,20260902_232659,remeasured,Linux x86_64,summary
Talky_G,1,accidents,minsup,0.7,1.1149,773.59,530.0,False,,20260902_232659,remeasured,Linux x86_64,summary
Talky_G,1,accidents,minsup,0.8,1.1148,715.07,150.0,False,,20260902_232659,remeasured,Linux x86_64,summary
Talky_G,1,pumsb,minsup,0.6,129.5294,1063.86,2853042,False,,20260902_232659,rerun,Linux x86_64,summary
Talky_G,1,pumsb,minsup,0.7,5.7824,966.14,658380.0,False,,20260902_232659,remeasured,Linux x86_64,summary
Talky_G,1,pumsb,minsup,0.75,1.5897,964.59,248299.0,False,,20260902_232659,remeasured,Linux x86_64,summary
Talky_G,1,pumsb,minsup,0.8,0.895,680.41,67836.0,False,,20260902_232659,remeasured,Linux x86_64,summary
Talky_G,1,pumsb,minsup,0.85,0.7813,640.47,13790.0,False,,20260902_232659,remeasured,Linux x86_64,summary
Talky_G,1,pumsb,minsup,0.9,0.7441,466.01,2031.0,False,,20260902_232659,remeasured,Linux x86_64,summary
Talky_G,1,pumsb,minsup,0.95,0.7056,451.03,142.0,False,,20260902_232659,remeasured,Linux x86_64,summary
Pascal,1,mushroom,minsup,0.05,3600.0837,545.44,,True,,20260902_232659,rerun,Linux x86_64,summary
Pascal,1,mushroom,minsup,0.1,57.691,260.66,7584,False,,20260902_232659,rerun,Linux x86_64,summary
Pascal,1,mushroom,minsup,0.15,2.1117,120.54,3082.0,False,,20260902_232659,remeasured,Linux x86_64,summary
Pascal,1,mushroom,minsup,0.4,0.2905,98.23,152.0,False,,20260902_232659,remeasured,Linux x86_64,summary
Pascal,1,mushroom,minsup,0.6,0.2098,104.1,20.0,False,,20260902_232659,remeasured,Linux x86_64,summary
Pascal,1,connect,minsup,0.4,3600.1424,691.35,,True,,20260902_232659,rerun,Linux x86_64,summary
Pascal,1,connect,minsup,0.6,3600.1418,785.24,,True,,20260902_232659,rerun,Linux x86_64,summary
Pascal,1,connect,minsup,0.8,124.7782,356.96,15107,False,,20260902_232659,rerun,Linux x86_64,summary
Pascal,1,connect,minsup,0.9,16.4821,294.99,3486.0,False,,20260902_232659,remeasured,Linux x86_64,summary
Pascal,1,chess,minsup,0.4,3600.1363,550.2,,True,,20260902_232659,rerun,Linux x86_64,summary
Pascal,1,chess,minsup,0.6,20.6284,175.95,98418.0,False,,20260902_232659,remeasured,Linux x86_64,summary
Pascal,1,chess,minsup,0.8,0.8281,97.04,5083.0,False,,20260902_232659,remeasured,Linux x86_64,summary
Pascal,1,chess,minsup,0.9,0.3224,95.89,498.0,False,,20260902_232659,remeasured,Linux x86_64,summary
Pascal,1,t10i4d100k,minsup,0.001,954.0731,155.15,870,False,,20260902_232659,rerun,Linux x86_64,summary
Pascal,1,t10i4d100k,minsup,0.002,975.784,159.95,870,False,,20260902_232659,rerun,Linux x86_64,summary
Pascal,1,t10i4d100k,minsup,0.005,995.6832,155.71,870,False,,20260902_232659,rerun,Linux x86_64,summary
Pascal,1,t10i4d100k,minsup,0.01,969.3234,165.66,869,False,,20260902_232659,rerun,Linux x86_64,summary
Pascal,1,t10i4d100k,minsup,0.02,0.2401,128.2,0.0,False,,20260902_232659,remeasured,Linux x86_64,summary
Pascal,1,t10i4d100k,minsup,0.05,0.2427,127.62,0.0,False,,20260902_232659,remeasured,Linux x86_64,summary
Pascal,1,retail,minsup,0.0005,3600.0824,690.33,,True,,20260902_232659,rerun,Linux x86_64,summary
Pascal,1,retail,minsup,0.001,3519.7285,442.03,7572,False,,20260902_232659,rerun,Linux x86_64,summary
Pascal,1,retail,minsup,0.002,1162.8797,194.34,2691,False,,20260902_232659,rerun,Linux x86_64,summary
Pascal,1,retail,minsup,0.005,53.7008,130.58,580,False,,20260902_232659,rerun,Linux x86_64,summary
Pascal,1,retail,minsup,0.01,4.288,121.17,159.0,False,,20260902_232659,remeasured,Linux x86_64,summary
Pascal,1,retail,minsup,0.02,0.5707,125.52,55.0,False,,20260902_232659,remeasured,Linux x86_64,summary
Pascal,1,accidents,minsup,0.3,2867.3672,465.76,149529,False,,20260902_232659,rerun,Linux x86_64,summary
Pascal,1,accidents,minsup,0.4,701.2038,425.86,32528,False,,20260902_232659,rerun,Linux x86_64,summary
Pascal,1,accidents,minsup,0.5,138.517,408.96,8057,False,,20260902_232659,rerun,Linux x86_64,summary
Pascal,1,accidents,minsup,0.6,47.193,409.96,2074,False,,20260902_232659,rerun,Linux x86_64,summary
Pascal,1,accidents,minsup,0.7,11.4804,409.09,529.0,False,,20260902_232659,remeasured,Linux x86_64,summary
Pascal,1,accidents,minsup,0.8,3.5074,410.24,149.0,False,,20260902_232659,remeasured,Linux x86_64,summary
Pascal,1,pumsb,minsup,0.6,3600.0766,599.46,,True,,20260902_232659,rerun,Linux x86_64,summary
Pascal,1,pumsb,minsup,0.7,3600.1416,827.57,,True,,20260902_232659,rerun,Linux x86_64,summary
Pascal,1,pumsb,minsup,0.75,1237.6079,389.08,248298,False,,20260902_232659,rerun,Linux x86_64,summary
Pascal,1,pumsb,minsup,0.8,247.1454,361.36,67835,False,,20260902_232659,rerun,Linux x86_64,summary
Pascal,1,pumsb,minsup,0.85,63.5295,360.6,13789,False,,20260902_232659,rerun,Linux x86_64,summary
Pascal,1,pumsb,minsup,0.9,7.7666,361.6,2030.0,False,,20260902_232659,remeasured,Linux x86_64,summary
Pascal,1,pumsb,minsup,0.95,1.0149,365.98,141.0,False,,20260902_232659,remeasured,Linux x86_64,summary
Zart,1,mushroom,minsup,0.05,3600.0642,581.59,,True,,20260902_232659,rerun,Linux x86_64,summary
Zart,1,mushroom,minsup,0.1,3600.1033,550.93,,True,,20260902_232659,rerun,Linux x86_64,summary
Zart,1,mushroom,minsup,0.15,126.5752,415.82,3083,False,,20260902_232659,rerun,Linux x86_64,summary
Zart,1,mushroom,minsup,0.4,0.3876,143.97,153.0,False,,20260902_232659,remeasured,Linux x86_64,summary
Zart,1,mushroom,minsup,0.6,0.224,98.11,21.0,False,,20260902_232659,remeasured,Linux x86_64,summary
Zart,1,connect,minsup,0.4,3600.1323,515.62,,True,,20260902_232659,rerun,Linux x86_64,summary
Zart,1,connect,minsup,0.6,3600.1337,675.45,,True,,20260902_232659,rerun,Linux x86_64,summary
Zart,1,connect,minsup,0.8,3600.1262,485.34,,True,,20260902_232659,rerun,Linux x86_64,summary
Zart,1,connect,minsup,0.9,130.6938,429.09,3487,False,,20260904_214619,rerun,Linux x86_64,summary
Zart,1,chess,minsup,0.4,3600.1294,519.06,,True,,20260904_214619,rerun,Linux x86_64,summary
Zart,1,chess,minsup,0.6,1330.0085,515.32,98419,False,,20260904_214619,rerun,Linux x86_64,summary
Zart,1,chess,minsup,0.8,3.0932,395.5,5084.0,False,,20260904_214619,remeasured,Linux x86_64,summary
Zart,1,chess,minsup,0.9,0.3299,134.93,499.0,False,,20260904_214619,remeasured,Linux x86_64,summary
Zart,1,t10i4d100k,minsup,0.001,719.7062,1291.53,871,False,,20260904_214619,rerun,Linux x86_64,summary
Zart,1,t10i4d100k,minsup,0.002,545.852,1310.36,871,False,,20260904_214619,rerun,Linux x86_64,summary
Zart,1,t10i4d100k,minsup,0.005,550.0992,1314.66,871,False,,20260904_214619,rerun,Linux x86_64,summary
Zart,1,t10i4d100k,minsup,0.01,554.432,1308.71,870,False,,20260904_214619,rerun,Linux x86_64,summary
Zart,1,t10i4d100k,minsup,0.02,0.2892,153.7,0.0,False,,20260904_214619,remeasured,Linux x86_64,summary
Zart,1,t10i4d100k,minsup,0.05,0.2905,153.11,0.0,False,,20260904_214619,remeasured,Linux x86_64,summary
Zart,1,retail,minsup,0.0005,3600.2428,4262.69,,True,,20260904_214619,rerun,Linux x86_64,summary
Zart,1,retail,minsup,0.001,3600.1833,2215.16,,True,,20260904_214619,rerun,Linux x86_64,summary
Zart,1,retail,minsup,0.002,579.5006,1411.37,2692,False,,20260904_214619,rerun,Linux x86_64,summary
Zart,1,retail,minsup,0.005,24.7684,643.21,581.0,False,,20260904_214619,remeasured,Linux x86_64,summary
Zart,1,retail,minsup,0.01,2.2642,594.92,160.0,False,,20260904_214619,remeasured,Linux x86_64,summary
Zart,1,retail,minsup,0.02,0.5581,308.81,56.0,False,,20260904_214619,remeasured,Linux x86_64,summary
Zart,1,accidents,minsup,0.3,3600.1433,914.04,,True,,20260904_214619,rerun,Linux x86_64,summary
Zart,1,accidents,minsup,0.4,908.8655,864.61,32529,False,,20260904_214619,rerun,Linux x86_64,summary
Zart,1,accidents,minsup,0.5,212.8178,832.92,8058,False,,20260904_214619,rerun,Linux x86_64,summary
Zart,1,accidents,minsup,0.6,45.8235,814.38,2075,False,,20260904_214619,rerun,Linux x86_64,summary
Zart,1,accidents,minsup,0.7,7.8675,828.85,530.0,False,,20260904_214619,remeasured,Linux x86_64,summary
Zart,1,accidents,minsup,0.8,2.0683,799.09,150.0,False,,20260904_214619,remeasured,Linux x86_64,summary
Zart,1,pumsb,minsup,0.6,3600.1417,1475.64,,True,,20260904_214619,rerun,Linux x86_64,summary
Zart,1,pumsb,minsup,0.7,3600.1603,1088.16,,True,,20260904_214619,rerun,Linux x86_64,summary
Zart,1,pumsb,minsup,0.75,3600.0987,1090.66,,True,,20260904_214619,rerun,Linux x86_64,summary
Zart,1,pumsb,minsup,0.8,1079.0713,964.1,67836,False,,20260904_214619,rerun,Linux x86_64,summary
Zart,1,pumsb,minsup,0.85,107.8816,847.62,13790,False,,20260904_214619,rerun,Linux x86_64,summary
Zart,1,pumsb,minsup,0.9,8.3215,833.93,2031.0,False,,20260904_214619,remeasured,Linux x86_64,summary
Zart,1,pumsb,minsup,0.95,0.9708,830.36,142.0,False,,20260904_214619,remeasured,Linux x86_64,summary
TalkyG_Diffset,1,mushroom,minsup,0.05,0.3009,152.96,24350.0,False,,20260904_214619,remeasured,Linux x86_64,summary
TalkyG_Diffset,1,mushroom,minsup,0.1,0.2424,127.51,8437.0,False,,20260904_214619,remeasured,Linux x86_64,summary
TalkyG_Diffset,1,mushroom,minsup,0.15,0.2287,97.56,3287.0,False,,20260904_214619,remeasured,Linux x86_64,summary
TalkyG_Diffset,1,mushroom,minsup,0.4,0.2201,99.7,152.0,False,,20260904_214619,remeasured,Linux x86_64,summary
TalkyG_Diffset,1,mushroom,minsup,0.6,0.2129,94.16,20.0,False,,20260904_214619,remeasured,Linux x86_64,summary
TalkyG_Diffset,1,connect,minsup,0.4,1.6257,813.61,239373.0,False,,20260904_214619,remeasured,Linux x86_64,summary
TalkyG_Diffset,1,connect,minsup,0.6,0.7822,469.87,68344.0,False,,20260904_214619,remeasured,Linux x86_64,summary
TalkyG_Diffset,1,connect,minsup,0.8,0.5556,334.2,15108.0,False,,20260904_214619,remeasured,Linux x86_64,summary
TalkyG_Diffset,1,connect,minsup,0.9,0.5108,280.16,3487.0,False,,20260904_214619,remeasured,Linux x86_64,summary
TalkyG_Diffset,1,chess,minsup,0.4,51.5933,500.45,1396843,False,,20260904_214619,rerun,Linux x86_64,summary
TalkyG_Diffset,1,chess,minsup,0.6,0.4589,214.24,98419.0,False,,20260904_214619,remeasured,Linux x86_64,summary
TalkyG_Diffset,1,chess,minsup,0.8,0.2159,96.53,5084.0,False,,20260904_214619,remeasured,Linux x86_64,summary
TalkyG_Diffset,1,chess,minsup,0.9,0.2065,94.46,499.0,False,,20260904_214619,remeasured,Linux x86_64,summary
TalkyG_Diffset,1,t10i4d100k,minsup,0.001,0.3115,152.88,871.0,False,,20260904_214619,remeasured,Linux x86_64,summary
TalkyG_Diffset,1,t10i4d100k,minsup,0.002,0.3139,152.97,871.0,False,,20260904_214619,remeasured,Linux x86_64,summary
TalkyG_Diffset,1,t10i4d100k,minsup,0.005,0.3134,154.54,871.0,False,,20260904_214619,remeasured,Linux x86_64,summary
TalkyG_Diffset,1,t10i4d100k,minsup,0.01,0.3203,152.23,870.0,False,,20260904_214619,remeasured,Linux x86_64,summary
TalkyG_Diffset,1,t10i4d100k,minsup,0.02,0.3076,153.06,1.0,False,,20260904_214619,remeasured,Linux x86_64,summary
TalkyG_Diffset,1,t10i4d100k,minsup,0.05,0.3172,153.35,1.0,False,,20260904_214619,remeasured,Linux x86_64,summary
TalkyG_Diffset,1,retail,minsup,0.0005,0.8796,1268.12,19122.0,False,,20260904_214619,remeasured,Linux x86_64,summary
TalkyG_Diffset,1,retail,minsup,0.001,0.7099,1220.96,7573.0,False,,20260904_214619,remeasured,Linux x86_64,summary
TalkyG_Diffset,1,retail,minsup,0.002,0.623,1153.26,2692.0,False,,20260904_214619,remeasured,Linux x86_64,summary
TalkyG_Diffset,1,retail,minsup,0.005,0.6061,1153.06,581.0,False,,20260904_214619,remeasured,Linux x86_64,summary
TalkyG_Diffset,1,retail,minsup,0.01,0.6031,1152.71,160.0,False,,20260904_214619,remeasured,Linux x86_64,summary
TalkyG_Diffset,1,retail,minsup,0.02,0.6012,1105.32,56.0,False,,20260904_214619,remeasured,Linux x86_64,summary
TalkyG_Diffset,1,accidents,minsup,0.3,3.1233,974.49,149530.0,False,,20260904_214619,remeasured,Linux x86_64,summary
TalkyG_Diffset,1,accidents,minsup,0.4,1.5555,846.75,32529.0,False,,20260904_214619,remeasured,Linux x86_64,summary
TalkyG_Diffset,1,accidents,minsup,0.5,1.2459,808.49,8058.0,False,,20260904_214619,remeasured,Linux x86_64,summary
TalkyG_Diffset,1,accidents,minsup,0.6,1.1479,771.27,2075.0,False,,20260904_214619,remeasured,Linux x86_64,summary
TalkyG_Diffset,1,accidents,minsup,0.7,1.1223,712.12,530.0,False,,20260904_214619,remeasured,Linux x86_64,summary
TalkyG_Diffset,1,accidents,minsup,0.8,1.0921,694.46,150.0,False,,20260904_214619,remeasured,Linux x86_64,summary
TalkyG_Diffset,1,pumsb,minsup,0.6,122.1556,1069.73,2853042,False,,20260904_214619,rerun,Linux x86_64,summary
TalkyG_Diffset,1,pumsb,minsup,0.7,6.6818,954.39,658380.0,False,,20260904_214619,remeasured,Linux x86_64,summary
TalkyG_Diffset,1,pumsb,minsup,0.75,1.8205,963.41,248299.0,False,,20260904_214619,remeasured,Linux x86_64,summary
TalkyG_Diffset,1,pumsb,minsup,0.8,1.026,954.94,67836.0,False,,20260904_214619,remeasured,Linux x86_64,summary
TalkyG_Diffset,1,pumsb,minsup,0.85,0.7851,630.23,13790.0,False,,20260904_214619,remeasured,Linux x86_64,summary
TalkyG_Diffset,1,pumsb,minsup,0.9,0.7378,464.73,2031.0,False,,20260904_214619,remeasured,Linux x86_64,summary
TalkyG_Diffset,1,pumsb,minsup,0.95,0.7154,437.13,142.0,False,,20260904_214619,remeasured,Linux x86_64,summary
Apriori_Gen_Borgelt,1,mushroom,minsup,0.05,0.212,5.95,21390.0,False,,20260904_214619,remeasured,Linux x86_64,summary
Apriori_Gen_Borgelt,1,connect,minsup,0.2,145.698,73.55,1482861,False,,20260904_214619,rerun,Linux x86_64,summary
Apriori_Gen_Borgelt,1,connect,minsup,0.3,26.3211,27.08,460356,False,,20260904_214619,rerun,Linux x86_64,summary
Apriori_Gen_Borgelt,1,connect,minsup,0.4,6.4563,17.37,239372.0,False,,20260904_214619,remeasured,Linux x86_64,summary
Apriori_Gen_Borgelt,1,connect,minsup,0.5,1.2209,16.42,130101.0,False,,20260904_214619,remeasured,Linux x86_64,summary
Apriori_Gen_Borgelt,1,connect,minsup,0.6,0.4512,16.85,68343.0,False,,20260904_214619,remeasured,Linux x86_64,summary
Apriori_Gen_Borgelt,1,connect,minsup,0.7,0.1273,16.86,35875.0,False,,20260904_214619,remeasured,Linux x86_64,summary
Apriori_Gen_Borgelt,1,connect,minsup,0.8,0.0894,16.83,15107.0,False,,20260904_214619,remeasured,Linux x86_64,summary
Apriori_Gen_Borgelt,1,connect,minsup,0.9,0.0699,16.91,3486.0,False,,20260904_214619,remeasured,Linux x86_64,summary
Apriori_Gen_Borgelt,1,chess,minsup,0.2,233.4849,847.88,25031185,False,,20260904_214619,rerun,Linux x86_64,summary
Apriori_Gen_Borgelt,1,chess,minsup,0.3,55.4055,187.9,5601828,False,,20260904_214619,rerun,Linux x86_64,summary
Apriori_Gen_Borgelt,1,chess,minsup,0.4,14.8769,48.58,1396842,False,,20260904_214619,rerun,Linux x86_64,summary
Apriori_Gen_Borgelt,1,chess,minsup,0.5,3.4445,14.91,372603.0,False,,20260904_214619,remeasured,Linux x86_64,summary
Apriori_Gen_Borgelt,1,chess,minsup,0.6,0.5387,6.29,98418.0,False,,20260904_214619,remeasured,Linux x86_64,summary
Apriori_Gen_Borgelt,1,chess,minsup,0.7,0.0475,3.62,23892.0,False,,20260904_214619,remeasured,Linux x86_64,summary
Apriori_Gen_Borgelt,1,chess,minsup,0.8,0.0121,3.47,5083.0,False,,20260904_214619,remeasured,Linux x86_64,summary
Apriori_Gen_Borgelt,1,chess,minsup,0.9,0.0071,3.48,498.0,False,,20260904_214619,remeasured,Linux x86_64,summary
Apriori_Gen_Borgelt,1,t10i4d100k,minsup,0.001,0.0611,18.48,870.0,False,,20260904_214619,remeasured,Linux x86_64,summary
Apriori_Gen_Borgelt,1,t10i4d100k,minsup,0.002,0.0635,18.71,870.0,False,,20260904_214619,remeasured,Linux x86_64,summary
Apriori_Gen_Borgelt,1,t10i4d100k,minsup,0.005,0.065,18.18,870.0,False,,20260904_214619,remeasured,Linux x86_64,summary
Apriori_Gen_Borgelt,1,t10i4d100k,minsup,0.01,0.0593,18.68,869.0,False,,20260904_214619,remeasured,Linux x86_64,summary
Apriori_Gen_Borgelt,1,t10i4d100k,minsup,0.02,0.0315,9.69,0.0,False,,20260904_214619,remeasured,Linux x86_64,summary
Apriori_Gen_Borgelt,1,t10i4d100k,minsup,0.05,0.0307,9.84,0.0,False,,20260904_214619,remeasured,Linux x86_64,summary
Apriori_Gen_Borgelt,1,t10i4d100k,minsup,0.2,0.0317,10.0,0.0,False,,20260904_214619,remeasured,Linux x86_64,summary
Apriori_Gen_Borgelt,1,t10i4d100k,minsup,0.3,0.0282,9.87,0.0,False,,20260904_214619,remeasured,Linux x86_64,summary
Apriori_Gen_Borgelt,1,t10i4d100k,minsup,0.5,0.027,9.65,0.0,False,,20260904_214619,remeasured,Linux x86_64,summary
Apriori_Gen_Borgelt,1,t10i4d100k,minsup,0.7,0.0271,9.77,0.0,False,,20260904_214619,remeasured,Linux x86_64,summary
Apriori_Gen_Borgelt,1,retail,minsup,0.0005,0.158,46.88,19114.0,False,,20260904_214619,remeasured,Linux x86_64,summary
Apriori_Gen_Borgelt,1,retail,minsup,0.001,0.1082,24.06,7572.0,False,,20260904_214619,remeasured,Linux x86_64,summary
Apriori_Gen_Borgelt,1,retail,minsup,0.002,0.0749,15.79,2691.0,False,,20260904_214619,remeasured,Linux x86_64,summary
Apriori_Gen_Borgelt,1,retail,minsup,0.005,0.0627,11.66,580.0,False,,20260904_214619,remeasured,Linux x86_64,summary
Apriori_Gen_Borgelt,1,retail,minsup,0.01,0.0538,11.57,159.0,False,,20260904_214619,remeasured,Linux x86_64,summary
Apriori_Gen_Borgelt,1,retail,minsup,0.02,0.0498,11.83,55.0,False,,20260904_214619,remeasured,Linux x86_64,summary
Apriori_Gen_Borgelt,1,retail,minsup,0.2,0.047,11.49,3.0,False,,20260904_214619,remeasured,Linux x86_64,summary
Apriori_Gen_Borgelt,1,retail,minsup,0.3,0.047,11.42,3.0,False,,20260904_214619,remeasured,Linux x86_64,summary
Apriori_Gen_Borgelt,1,retail,minsup,0.5,0.0451,11.59,1.0,False,,20260904_214619,remeasured,Linux x86_64,summary
Apriori_Gen_Borgelt,1,retail,minsup,0.7,0.0424,10.8,0.0,False,,20260904_214619,remeasured,Linux x86_64,summary
Apriori_Gen_Borgelt,1,accidents,minsup,0.3,32.0856,63.36,149529,False,,20260904_214619,rerun,Linux x86_64,summary
Apriori_Gen_Borgelt,1,accidents,minsup,0.4,8.26,61.95,32528.0,False,,20260904_214619,remeasured,Linux x86_64,summary
Apriori_Gen_Borgelt,1,accidents,minsup,0.5,1.3671,61.27,8057.0,False,,20260904_214619,remeasured,Linux x86_64,summary
Apriori_Gen_Borgelt,1,accidents,minsup,0.6,0.4831,61.43,2074.0,False,,20260904_214619,remeasured,Linux x86_64,summary
Apriori_Gen_Borgelt,1,accidents,minsup,0.7,0.3345,61.22,529.0,False,,20260904_214619,remeasured,Linux x86_64,summary
Apriori_Gen_Borgelt,1,accidents,minsup,0.8,0.3086,61.28,149.0,False,,20260904_214619,remeasured,Linux x86_64,summary
Apriori_Gen_Borgelt,1,pumsb,minsup,0.6,19.2979,91.78,2853041,False,,20260904_214619,rerun,Linux x86_64,summary
Apriori_Gen_Borgelt,1,pumsb,minsup,0.7,1.6765,24.05,658379.0,False,,20260904_214619,remeasured,Linux x86_64,summary
Apriori_Gen_Borgelt,1,pumsb,minsup,0.75,0.484,18.57,248298.0,False,,20260904_214619,remeasured,Linux x86_64,summary
Apriori_Gen_Borgelt,1,pumsb,minsup,0.8,0.2125,18.27,67835.0,False,,20260904_214619,remeasured,Linux x86_64,summary
Apriori_Gen_Borgelt,1,pumsb,minsup,0.85,0.1226,18.36,13789.0,False,,20260904_214619,remeasured,Linux x86_64,summary
Apriori_Gen_Borgelt,1,pumsb,minsup,0.9,0.0967,18.2,2030.0,False,,20260904_214619,remeasured,Linux x86_64,summary
Apriori_Gen_Borgelt,1,pumsb,minsup,0.95,0.089,18.27,141.0,False,,20260904_214619,remeasured,Linux x86_64,summary
Eclat_Gen_Borgelt,1,mushroom,minsup,0.05,0.0366,15.5,21390.0,False,,20260904_214619,remeasured,Linux x86_64,summary
Eclat_Gen_Borgelt,1,connect,minsup,0.2,0.9549,158.61,1482861.0,False,,20260904_214619,remeasured,Linux x86_64,summary
Eclat_Gen_Borgelt,1,connect,minsup,0.3,0.3196,56.72,460356.0,False,,20260904_214619,remeasured,Linux x86_64,summary
Eclat_Gen_Borgelt,1,connect,minsup,0.4,0.1932,34.26,239372.0,False,,20260904_214619,remeasured,Linux x86_64,summary
Eclat_Gen_Borgelt,1,connect,minsup,0.5,0.1403,25.3,130101.0,False,,20260904_214619,remeasured,Linux x86_64,summary
Eclat_Gen_Borgelt,1,connect,minsup,0.6,0.1188,24.83,68343.0,False,,20260904_214619,remeasured,Linux x86_64,summary
Eclat_Gen_Borgelt,1,connect,minsup,0.7,0.093,24.62,35875.0,False,,20260904_214619,remeasured,Linux x86_64,summary
Eclat_Gen_Borgelt,1,connect,minsup,0.8,0.0852,24.71,15107.0,False,,20260904_214619,remeasured,Linux x86_64,summary
Eclat_Gen_Borgelt,1,connect,minsup,0.9,0.0736,21.07,3486.0,False,,20260904_214619,remeasured,Linux x86_64,summary
Eclat_Gen_Borgelt,1,chess,minsup,0.2,28.9072,2220.04,25031185,False,,20260904_214619,rerun,Linux x86_64,summary
Eclat_Gen_Borgelt,1,chess,minsup,0.3,3.1402,507.63,5601828.0,False,,20260904_214619,remeasured,Linux x86_64,summary
Eclat_Gen_Borgelt,1,chess,minsup,0.4,0.6688,134.43,1396842.0,False,,20260904_214619,remeasured,Linux x86_64,summary
Eclat_Gen_Borgelt,1,chess,minsup,0.5,0.1569,42.21,372603.0,False,,20260904_214619,remeasured,Linux x86_64,summary
Eclat_Gen_Borgelt,1,chess,minsup,0.6,0.0477,19.68,98418.0,False,,20260904_214619,remeasured,Linux x86_64,summary
Eclat_Gen_Borgelt,1,chess,minsup,0.7,0.0184,12.99,23892.0,False,,20260904_214619,remeasured,Linux x86_64,summary
Eclat_Gen_Borgelt,1,chess,minsup,0.8,0.0113,8.62,5083.0,False,,20260904_214619,remeasured,Linux x86_64,summary
Eclat_Gen_Borgelt,1,chess,minsup,0.9,0.0045,4.28,498,False,,20260904_214619,rerun,Linux x86_64,summary
Eclat_Gen_Borgelt,1,t10i4d100k,minsup,0.001,0.0746,25.45,870.0,False,,20260904_214619,remeasured,Linux x86_64,summary
Eclat_Gen_Borgelt,1,t10i4d100k,minsup,0.002,0.0743,25.47,870.0,False,,20260904_214619,remeasured,Linux x86_64,summary
Eclat_Gen_Borgelt,1,t10i4d100k,minsup,0.005,0.075,25.38,870.0,False,,20260904_214619,remeasured,Linux x86_64,summary
Eclat_Gen_Borgelt,1,t10i4d100k,minsup,0.01,0.0739,25.34,869.0,False,,20260904_214619,remeasured,Linux x86_64,summary
Eclat_Gen_Borgelt,1,t10i4d100k,minsup,0.02,0.0259,9.99,0.0,False,,20260904_214619,remeasured,Linux x86_64,summary
Eclat_Gen_Borgelt,1,t10i4d100k,minsup,0.05,0.0267,10.02,0.0,False,,20260904_214619,remeasured,Linux x86_64,summary
Eclat_Gen_Borgelt,1,t10i4d100k,minsup,0.2,0.0288,9.99,0.0,False,,20260904_214619,remeasured,Linux x86_64,summary
Eclat_Gen_Borgelt,1,t10i4d100k,minsup,0.3,0.0311,9.94,0.0,False,,20260904_214619,remeasured,Linux x86_64,summary
Eclat_Gen_Borgelt,1,t10i4d100k,minsup,0.5,0.0278,9.94,0.0,False,,20260904_214619,remeasured,Linux x86_64,summary
Eclat_Gen_Borgelt,1,t10i4d100k,minsup,0.7,0.0307,10.13,0.0,False,,20260904_214619,remeasured,Linux x86_64,summary
Eclat_Gen_Borgelt,1,retail,minsup,0.0005,0.1091,31.95,19114.0,False,,20260904_214619,remeasured,Linux x86_64,summary
Eclat_Gen_Borgelt,1,retail,minsup,0.001,0.0919,27.72,7572.0,False,,20260904_214619,remeasured,Linux x86_64,summary
Eclat_Gen_Borgelt,1,retail,minsup,0.002,0.0784,22.73,2691.0,False,,20260904_214619,remeasured,Linux x86_64,summary
Eclat_Gen_Borgelt,1,retail,minsup,0.005,0.0597,17.43,580.0,False,,20260904_214619,remeasured,Linux x86_64,summary
Eclat_Gen_Borgelt,1,retail,minsup,0.01,0.0529,13.83,159.0,False,,20260904_214619,remeasured,Linux x86_64,summary
Eclat_Gen_Borgelt,1,retail,minsup,0.02,0.0544,12.06,55.0,False,,20260904_214619,remeasured,Linux x86_64,summary
Eclat_Gen_Borgelt,1,retail,minsup,0.2,0.0491,11.58,3.0,False,,20260904_214619,remeasured,Linux x86_64,summary
Eclat_Gen_Borgelt,1,retail,minsup,0.3,0.0459,11.42,3.0,False,,20260904_214619,remeasured,Linux x86_64,summary
Eclat_Gen_Borgelt,1,retail,minsup,0.5,0.0461,11.56,1.0,False,,20260904_214619,remeasured,Linux x86_64,summary
Eclat_Gen_Borgelt,1,retail,minsup,0.7,0.0411,10.94,0.0,False,,20260904_214619,remeasured,Linux x86_64,summary
Eclat_Gen_Borgelt,1,accidents,minsup,0.3,0.9889,119.01,149529.0,False,,20260904_214619,remeasured,Linux x86_64,summary
Eclat_Gen_Borgelt,1,accidents,minsup,0.4,0.7314,110.16,32528.0,False,,20260904_214619,remeasured,Linux x86_64,summary
Eclat_Gen_Borgelt,1,accidents,minsup,0.5,0.4974,82.89,8057.0,False,,20260904_214619,remeasured,Linux x86_64,summary
Eclat_Gen_Borgelt,1,accidents,minsup,0.6,0.4086,69.04,2074.0,False,,20260904_214619,remeasured,Linux x86_64,summary
Eclat_Gen_Borgelt,1,accidents,minsup,0.7,0.3524,61.64,529.0,False,,20260904_214619,remeasured,Linux x86_64,summary
Eclat_Gen_Borgelt,1,accidents,minsup,0.8,0.3181,61.41,149.0,False,,20260904_214619,remeasured,Linux x86_64,summary
Eclat_Gen_Borgelt,1,pumsb,minsup,0.6,1.8571,284.51,2853041.0,False,,20260904_214619,remeasured,Linux x86_64,summary
Eclat_Gen_Borgelt,1,pumsb,minsup,0.7,0.3982,68.21,658379.0,False,,20260904_214619,remeasured,Linux x86_64,summary
Eclat_Gen_Borgelt,1,pumsb,minsup,0.75,0.1957,31.85,248298.0,False,,20260904_214619,remeasured,Linux x86_64,summary
Eclat_Gen_Borgelt,1,pumsb,minsup,0.8,0.1222,26.45,67835.0,False,,20260904_214619,remeasured,Linux x86_64,summary
Eclat_Gen_Borgelt,1,pumsb,minsup,0.85,0.1082,25.57,13789.0,False,,20260904_214619,remeasured,Linux x86_64,summary
Eclat_Gen_Borgelt,1,pumsb,minsup,0.9,0.0944,20.71,2030.0,False,,20260904_214619,remeasured,Linux x86_64,summary
Eclat_Gen_Borgelt,1,pumsb,minsup,0.95,0.0878,18.43,141.0,False,,20260904_214619,remeasured,Linux x86_64,summary
FPgrowth_Gen_Borgelt,1,mushroom,minsup,0.05,0.0212,14.95,21390.0,False,,20260904_214619,remeasured,Linux x86_64,summary
FPgrowth_Gen_Borgelt,1,connect,minsup,0.2,0.6854,147.07,1482861.0,False,,20260904_214619,remeasured,Linux x86_64,summary
FPgrowth_Gen_Borgelt,1,connect,minsup,0.3,0.2305,52.06,460356.0,False,,20260904_214619,remeasured,Linux x86_64,summary
FPgrowth_Gen_Borgelt,1,connect,minsup,0.4,0.1523,32.41,239372.0,False,,20260904_214619,remeasured,Linux x86_64,summary
FPgrowth_Gen_Borgelt,1,connect,minsup,0.5,0.1205,25.45,130101.0,False,,20260904_214619,remeasured,Linux x86_64,summary
FPgrowth_Gen_Borgelt,1,connect,minsup,0.6,0.1046,25.29,68343.0,False,,20260904_214619,remeasured,Linux x86_64,summary
FPgrowth_Gen_Borgelt,1,connect,minsup,0.7,0.0846,25.1,35875.0,False,,20260904_214619,remeasured,Linux x86_64,summary
FPgrowth_Gen_Borgelt,1,connect,minsup,0.8,0.081,24.67,15107.0,False,,20260904_214619,remeasured,Linux x86_64,summary
FPgrowth_Gen_Borgelt,1,connect,minsup,0.9,0.0677,20.9,3486.0,False,,20260904_214619,remeasured,Linux x86_64,summary
FPgrowth_Gen_Borgelt,1,chess,minsup,0.2,21.8235,2222.71,25031185,False,,20260904_214619,rerun,Linux x86_64,summary
FPgrowth_Gen_Borgelt,1,chess,minsup,0.3,2.6837,510.39,5601828.0,False,,20260904_214619,remeasured,Linux x86_64,summary
FPgrowth_Gen_Borgelt,1,chess,minsup,0.4,0.5515,135.39,1396842.0,False,,20260904_214619,remeasured,Linux x86_64,summary
FPgrowth_Gen_Borgelt,1,chess,minsup,0.5,0.1118,42.25,372603.0,False,,20260904_214619,remeasured,Linux x86_64,summary
FPgrowth_Gen_Borgelt,1,chess,minsup,0.6,0.0345,19.91,98418.0,False,,20260904_214619,remeasured,Linux x86_64,summary
FPgrowth_Gen_Borgelt,1,chess,minsup,0.7,0.0161,13.04,23892.0,False,,20260904_214619,remeasured,Linux x86_64,summary
FPgrowth_Gen_Borgelt,1,chess,minsup,0.8,0.0121,8.68,5083.0,False,,20260904_214619,remeasured,Linux x86_64,summary
FPgrowth_Gen_Borgelt,1,chess,minsup,0.9,0.0076,4.07,498.0,False,,20260904_214619,remeasured,Linux x86_64,summary
FPgrowth_Gen_Borgelt,1,t10i4d100k,minsup,0.001,0.1084,40.63,870.0,False,,20260904_214619,remeasured,Linux x86_64,summary
FPgrowth_Gen_Borgelt,1,t10i4d100k,minsup,0.002,0.1091,40.6,870.0,False,,20260904_214619,remeasured,Linux x86_64,summary
FPgrowth_Gen_Borgelt,1,t10i4d100k,minsup,0.005,0.1086,40.83,870.0,False,,20260904_214619,remeasured,Linux x86_64,summary
FPgrowth_Gen_Borgelt,1,t10i4d100k,minsup,0.01,0.1104,40.79,869.0,False,,20260904_214619,remeasured,Linux x86_64,summary
FPgrowth_Gen_Borgelt,1,t10i4d100k,minsup,0.02,0.0258,10.02,0.0,False,,20260904_214619,remeasured,Linux x86_64,summary
FPgrowth_Gen_Borgelt,1,t10i4d100k,minsup,0.05,0.0263,9.94,0.0,False,,20260904_214619,remeasured,Linux x86_64,summary
FPgrowth_Gen_Borgelt,1,t10i4d100k,minsup,0.2,0.0249,10.0,0.0,False,,20260904_214619,remeasured,Linux x86_64,summary
FPgrowth_Gen_Borgelt,1,t10i4d100k,minsup,0.3,0.0264,9.93,0.0,False,,20260904_214619,remeasured,Linux x86_64,summary
FPgrowth_Gen_Borgelt,1,t10i4d100k,minsup,0.5,0.025,9.89,0.0,False,,20260904_214619,remeasured,Linux x86_64,summary
FPgrowth_Gen_Borgelt,1,t10i4d100k,minsup,0.7,0.0258,9.95,0.0,False,,20260904_214619,remeasured,Linux x86_64,summary
FPgrowth_Gen_Borgelt,1,retail,minsup,0.0005,0.1402,41.54,19114.0,False,,20260904_214619,remeasured,Linux x86_64,summary
FPgrowth_Gen_Borgelt,1,retail,minsup,0.001,0.1095,34.3,7572.0,False,,20260904_214619,remeasured,Linux x86_64,summary
FPgrowth_Gen_Borgelt,1,retail,minsup,0.002,0.084,25.18,2691.0,False,,20260904_214619,remeasured,Linux x86_64,summary
FPgrowth_Gen_Borgelt,1,retail,minsup,0.005,0.0569,16.54,580.0,False,,20260904_214619,remeasured,Linux x86_64,summary
FPgrowth_Gen_Borgelt,1,retail,minsup,0.01,0.0522,13.28,159.0,False,,20260904_214619,remeasured,Linux x86_64,summary
FPgrowth_Gen_Borgelt,1,retail,minsup,0.02,0.0481,12.21,55.0,False,,20260904_214619,remeasured,Linux x86_64,summary
FPgrowth_Gen_Borgelt,1,retail,minsup,0.2,0.0443,11.75,3.0,False,,20260904_214619,remeasured,Linux x86_64,summary
FPgrowth_Gen_Borgelt,1,retail,minsup,0.3,0.0451,11.45,3.0,False,,20260904_214619,remeasured,Linux x86_64,summary
FPgrowth_Gen_Borgelt,1,retail,minsup,0.5,0.0442,11.43,1.0,False,,20260904_214619,remeasured,Linux x86_64,summary
FPgrowth_Gen_Borgelt,1,retail,minsup,0.7,0.0418,10.89,0.0,False,,20260904_214619,remeasured,Linux x86_64,summary
HUG_Miner,3,chainstore,min_utility,1000.0,0.4832,279.91,1000.0,False,,20260904_214619,remeasured,Linux x86_64,summary
HUG_Miner,3,chainstore,min_utility,2000.0,0.4947,276.75,1000.0,False,,20260904_214619,remeasured,Linux x86_64,summary
HUG_Miner,3,chainstore,min_utility,5000.0,0.4722,274.43,0.0,False,,20260904_214619,remeasured,Linux x86_64,summary
HUG_Miner,3,foodmart,min_utility,20.0,0.3618,140.09,13775.0,False,,20260904_214619,remeasured,Linux x86_64,summary
HUG_Miner,3,foodmart,min_utility,50.0,0.2683,114.56,1475.0,False,,20260904_214619,remeasured,Linux x86_64,summary
HUG_Miner,3,foodmart,min_utility,100.0,0.2534,109.66,687.0,False,,20260904_214619,remeasured,Linux x86_64,summary
GHUI_Miner,3,chainstore,min_utility,1000.0,0.8165,438.81,1000.0,False,,20260904_214619,remeasured,Linux x86_64,summary
GHUI_Miner,3,chainstore,min_utility,2000.0,0.7865,430.68,1000.0,False,,20260904_214619,remeasured,Linux x86_64,summary
GHUI_Miner,3,chainstore,min_utility,5000.0,0.6135,410.18,0.0,False,,20260904_214619,remeasured,Linux x86_64,summary
GHUI_Miner,3,foodmart,min_utility,20.0,0.9143,295.28,21978.0,False,,20260904_214619,remeasured,Linux x86_64,summary
GHUI_Miner,3,foodmart,min_utility,50.0,0.6088,288.46,10069.0,False,,20260904_214619,remeasured,Linux x86_64,summary
GHUI_Miner,3,foodmart,min_utility,100.0,0.3939,173.59,807.0,False,,20260904_214619,remeasured,Linux x86_64,summary
HUCI_Miner_Generators,3,chainstore,min_utility,1000.0,1.4272,266.04,0.0,False,,20260904_214619,remeasured,Linux x86_64,summary
HUCI_Miner_Generators,3,chainstore,min_utility,2000.0,1.444,260.99,0.0,False,,20260904_214619,remeasured,Linux x86_64,summary
HUCI_Miner_Generators,3,chainstore,min_utility,5000.0,1.6632,256.22,,False,SPMF error: java.lang.IndexOutOfBoundsException: Index 0 out of bounds for length 0,20260904_214619,rerun,Linux x86_64,summary
HUCI_Miner_Generators,3,foodmart,min_utility,20.0,11.1306,264.64,13146.0,False,,20260904_214619,remeasured,Linux x86_64,summary
HUCI_Miner_Generators,3,foodmart,min_utility,50.0,0.7176,204.9,2002.0,False,,20260904_214619,remeasured,Linux x86_64,summary
HUCI_Miner_Generators,3,foodmart,min_utility,100.0,0.394,167.04,2.0,False,,20260904_214619,remeasured,Linux x86_64,summary
FGC_Stream,5,mushroom,minsup,0.05,884.4065,44.75,21391,False,,20260904_214619,rerun,Linux x86_64,summary
FGC_Stream,5,mushroom,minsup,0.1,413.828,31.25,7585,False,,20260904_214619,rerun,Linux x86_64,summary
FGC_Stream,5,mushroom,minsup,0.15,233.2462,26.71,3084,False,,20260904_214619,rerun,Linux x86_64,summary
FGC_Stream,5,mushroom,minsup,0.4,23.4236,22.81,153,False,,20260904_214619,rerun,Linux x86_64,summary
FGC_Stream,5,mushroom,minsup,0.6,1.755,22.48,21,False,,20260904_214619,rerun,Linux x86_64,summary
FGC_Stream,5,connect,minsup,0.4,3600.0409,124.68,,True,,20260904_214619,rerun,Linux x86_64,summary
FGC_Stream,5,connect,minsup,0.6,3600.0899,180.25,,True,,20260904_214619,rerun,Linux x86_64,summary
FGC_Stream,5,connect,minsup,0.8,3600.0217,236.2,,True,,20260904_214619,rerun,Linux x86_64,summary
FGC_Stream,5,connect,minsup,0.9,3600.0689,265.21,,True,,20260904_214619,rerun,Linux x86_64,summary
FGC_Stream,5,chess,minsup,0.4,3600.0345,329.84,,True,,20260904_214619,rerun,Linux x86_64,summary
FGC_Stream,5,chess,minsup,0.6,3503.2678,195.66,98419,False,,20260904_214619,rerun,Linux x86_64,summary
FGC_Stream,5,chess,minsup,0.8,187.0577,22.75,5084,False,,20260904_214619,rerun,Linux x86_64,summary
FGC_Stream,5,chess,minsup,0.9,9.7388,15.77,504,False,,20260904_214619,rerun,Linux x86_64,summary
FGC_Stream,5,t10i4d100k,minsup,0.001,218.4696,97.52,871,False,,20260904_214619,rerun,Linux x86_64,summary
FGC_Stream,5,t10i4d100k,minsup,0.002,201.3183,97.82,871,False,,20260904_214619,rerun,Linux x86_64,summary
FGC_Stream,5,t10i4d100k,minsup,0.005,169.6082,97.98,871,False,,20260904_214619,rerun,Linux x86_64,summary
FGC_Stream,5,t10i4d100k,minsup,0.01,34.6795,98.45,870,False,,20260904_214619,rerun,Linux x86_64,summary
FGC_Stream,5,t10i4d100k,minsup,0.02,0.7699,97.8,1,False,,20260904_214619,rerun,Linux x86_64,summary
FGC_Stream,5,t10i4d100k,minsup,0.05,0.7413,97.74,1,False,,20260904_214619,rerun,Linux x86_64,summary
FGC_Stream,5,retail,minsup,0.0005,2925.0589,124.59,19699,False,,20260904_214619,rerun,Linux x86_64,summary
FGC_Stream,5,retail,minsup,0.001,1663.3835,111.25,7696,False,,20260904_214619,rerun,Linux x86_64,summary
FGC_Stream,5,retail,minsup,0.002,998.0178,105.67,2716,False,,20260904_214619,rerun,Linux x86_64,summary
FGC_Stream,5,retail,minsup,0.005,452.5109,102.19,581,False,,20260904_214619,rerun,Linux x86_64,summary
FGC_Stream,5,retail,minsup,0.01,179.3822,100.5,160,False,,20260904_214619,rerun,Linux x86_64,summary
FGC_Stream,5,retail,minsup,0.02,98.5938,99.96,56,False,,20260904_214619,rerun,Linux x86_64,summary
FGC_Stream,5,accidents,minsup,0.3,3600.0357,410.36,,True,,20260904_214619,rerun,Linux x86_64,summary
FGC_Stream,5,accidents,minsup,0.4,3600.041,534.01,,True,,20260904_214619,rerun,Linux x86_64,summary
FGC_Stream,5,accidents,minsup,0.5,3600.0846,656.46,,True,,20260904_214619,rerun,Linux x86_64,summary
FGC_Stream,5,accidents,minsup,0.6,3600.0602,778.32,,True,,20260904_214619,rerun,Linux x86_64,summary
FGC_Stream,5,accidents,minsup,0.7,3600.0361,899.75,,True,,20260904_214619,rerun,Linux x86_64,summary
FGC_Stream,5,accidents,minsup,0.8,3600.1078,1021.07,,True,,20260904_214619,rerun,Linux x86_64,summary
FGC_Stream,5,pumsb,minsup,0.6,3600.1182,230.55,,True,,20260904_214619,rerun,Linux x86_64,summary
FGC_Stream,5,pumsb,minsup,0.7,3600.1208,265.99,,True,,20260904_214619,rerun,Linux x86_64,summary
FGC_Stream,5,pumsb,minsup,0.75,3600.0542,283.45,,True,,20260904_214619,rerun,Linux x86_64,summary
FGC_Stream,5,pumsb,minsup,0.8,3600.09,300.81,,True,,20260904_214619,rerun,Linux x86_64,summary
FGC_Stream,5,pumsb,minsup,0.85,3600.0751,318.5,,True,,20260904_214619,rerun,Linux x86_64,summary
FGC_Stream,5,pumsb,minsup,0.9,3600.0245,335.96,,True,,20260904_214619,rerun,Linux x86_64,summary
FGC_Stream,5,pumsb,minsup,0.95,936.4791,346.87,142,False,,20260904_214619,rerun,Linux x86_64,summary
Arima,5,accidents,maxsup,0.1,3600.0368,707.79,,True,,20260904_214619,rerun,Linux x86_64,summary
Arima,5,accidents,maxsup,0.2,134.2372,586.05,19187,False,,20260904_214619,rerun,Linux x86_64,summary
Arima,5,accidents,maxsup,0.3,13.7258,284.93,5096.0,False,,20260904_214619,remeasured,Linux x86_64,summary
Arima,5,pumsb,maxsup,0.1,3600.1832,3367.45,,True,,20260904_214619,rerun,Linux x86_64,summary
Arima,5,pumsb,maxsup,0.2,3600.1685,1561.83,,True,,20260904_214619,rerun,Linux x86_64,summary
Arima,5,pumsb,maxsup,0.3,3600.2003,2905.93,,True,,20260904_214619,rerun,Linux x86_64,summary
Talky_G,1,chess,minsup,0.2,3600.1471,1351.99,,True,,20260906_103451,rerun,Linux x86_64,summary
Gr_growth,1,mushroom,minsup,0.05,0.0255,15.32,21391.0,False,,20260906_113511,remeasured,Linux x86_64,summary
Gr_growth,1,mushroom,minsup,0.1,0.0168,14.52,7585.0,False,,20260906_113511,remeasured,Linux x86_64,summary
Gr_growth,1,mushroom,minsup,0.15,0.0134,14.05,3084.0,False,,20260906_113511,remeasured,Linux x86_64,summary
Gr_growth,1,mushroom,minsup,0.2,0.0147,13.93,1704.0,False,,20260906_113511,remeasured,Linux x86_64,summary
Gr_growth,1,mushroom,minsup,0.3,0.0112,13.73,544.0,False,,20260906_113511,remeasured,Linux x86_64,summary
Gr_growth,1,mushroom,minsup,0.4,0.0103,13.73,153.0,False,,20260906_113511,remeasured,Linux x86_64,summary
Gr_growth,1,mushroom,minsup,0.5,0.0106,13.64,52.0,False,,20260906_113511,remeasured,Linux x86_64,summary
Gr_growth,1,mushroom,minsup,0.6,0.0112,13.73,21.0,False,,20260906_113511,remeasured,Linux x86_64,summary
Gr_growth,1,mushroom,minsup,0.7,0.0099,13.59,13.0,False,,20260906_113511,remeasured,Linux x86_64,summary
Gr_growth,1,connect,minsup,0.2,0.8426,83.43,1483175.0,False,,20260906_113511,remeasured,Linux x86_64,summary
Gr_growth,1,connect,minsup,0.3,0.2639,31.86,460402.0,False,,20260906_113511,remeasured,Linux x86_64,summary
Gr_growth,1,connect,minsup,0.4,0.1446,22.62,239370.0,False,,20260906_113511,remeasured,Linux x86_64,summary
Gr_growth,1,connect,minsup,0.5,0.1029,18.42,130110.0,False,,20260906_113511,remeasured,Linux x86_64,summary
Gr_growth,1,connect,minsup,0.6,0.0788,16.09,68349.0,False,,20260906_113511,remeasured,Linux x86_64,summary
Gr_growth,1,connect,minsup,0.7,0.0649,14.83,35875.0,False,,20260906_113511,remeasured,Linux x86_64,summary
Gr_growth,1,connect,minsup,0.8,0.0564,14.2,15108.0,False,,20260906_113511,remeasured,Linux x86_64,summary
Gr_growth,1,connect,minsup,0.9,0.055,13.74,3487.0,False,,20260906_113511,remeasured,Linux x86_64,summary
Gr_growth,1,chess,minsup,0.2,19.8408,1208.89,25155785,False,,20260906_113511,rerun,Linux x86_64,summary
Gr_growth,1,chess,minsup,0.3,3.4843,285.14,5601829.0,False,,20260906_113511,remeasured,Linux x86_64,summary
Gr_growth,1,chess,minsup,0.4,0.736,79.81,1402786.0,False,,20260906_113511,remeasured,Linux x86_64,summary
Gr_growth,1,chess,minsup,0.5,0.1798,28.72,372604.0,False,,20260906_113511,remeasured,Linux x86_64,summary
Gr_growth,1,chess,minsup,0.6,0.0535,17.68,98419.0,False,,20260906_113511,remeasured,Linux x86_64,summary
Gr_growth,1,chess,minsup,0.7,0.0184,14.5,23992.0,False,,20260906_113511,remeasured,Linux x86_64,summary
Gr_growth,1,chess,minsup,0.8,0.0102,13.9,5084.0,False,,20260906_113511,remeasured,Linux x86_64,summary
Gr_growth,1,chess,minsup,0.9,0.0093,13.59,504.0,False,,20260906_113511,remeasured,Linux x86_64,summary
Gr_growth,1,t10i4d100k,minsup,0.001,0.2094,43.88,871.0,False,,20260906_113511,remeasured,Linux x86_64,summary
Gr_growth,1,t10i4d100k,minsup,0.002,0.2092,44.07,871.0,False,,20260906_113511,remeasured,Linux x86_64,summary
Gr_growth,1,t10i4d100k,minsup,0.005,0.2096,43.73,871.0,False,,20260906_113511,remeasured,Linux x86_64,summary
Gr_growth,1,t10i4d100k,minsup,0.01,0.2049,43.89,870.0,False,,20260906_113511,remeasured,Linux x86_64,summary
Gr_growth,1,t10i4d100k,minsup,0.02,0.0152,4.06,1.0,False,,20260906_113511,remeasured,Linux x86_64,summary
Gr_growth,1,t10i4d100k,minsup,0.05,0.0141,4.05,1.0,False,,20260906_113511,remeasured,Linux x86_64,summary
Gr_growth,1,t10i4d100k,minsup,0.2,0.0145,3.93,1.0,False,,20260906_113511,remeasured,Linux x86_64,summary
Gr_growth,1,t10i4d100k,minsup,0.3,0.0138,4.05,1.0,False,,20260906_113511,remeasured,Linux x86_64,summary
Gr_growth,1,t10i4d100k,minsup,0.5,0.0128,4.07,1.0,False,,20260906_113511,remeasured,Linux x86_64,summary
Gr_growth,1,t10i4d100k,minsup,0.7,0.0149,4.08,1.0,False,,20260906_113511,remeasured,Linux x86_64,summary
Gr_growth,1,retail,minsup,0.0005,0.2084,34.98,19699.0,False,,20260906_113511,remeasured,Linux x86_64,summary
Gr_growth,1,retail,minsup,0.001,0.1571,30.61,7696.0,False,,20260906_113511,remeasured,Linux x86_64,summary
Gr_growth,1,retail,minsup,0.002,0.1034,24.98,2716.0,False,,20260906_113511,remeasured,Linux x86_64,summary
Gr_growth,1,retail,minsup,0.005,0.0602,17.8,581.0,False,,20260906_113511,remeasured,Linux x86_64,summary
Gr_growth,1,retail,minsup,0.01,0.0427,14.99,160.0,False,,20260906_113511,remeasured,Linux x86_64,summary
Gr_growth,1,retail,minsup,0.02,0.0365,13.88,56.0,False,,20260906_113511,remeasured,Linux x86_64,summary
Gr_growth,1,retail,minsup,0.2,0.036,13.73,4.0,False,,20260906_113511,remeasured,Linux x86_64,summary
Gr_growth,1,retail,minsup,0.3,0.0381,13.72,4.0,False,,20260906_113511,remeasured,Linux x86_64,summary
Gr_growth,1,retail,minsup,0.5,0.0161,4.24,2.0,False,,20260906_113511,remeasured,Linux x86_64,summary
Gr_growth,1,retail,minsup,0.7,0.0175,4.25,1.0,False,,20260906_113511,remeasured,Linux x86_64,summary
Gr_growth,1,accidents,minsup,0.3,0.503,40.92,149530.0,False,,20260906_113511,remeasured,Linux x86_64,summary
Gr_growth,1,accidents,minsup,0.4,0.3499,31.11,32530.0,False,,20260906_113511,remeasured,Linux x86_64,summary
Gr_growth,1,accidents,minsup,0.5,0.2394,18.89,8058.0,False,,20260906_113511,remeasured,Linux x86_64,summary
Gr_growth,1,accidents,minsup,0.6,0.2226,15.3,2075.0,False,,20260906_113511,remeasured,Linux x86_64,summary
Gr_growth,1,accidents,minsup,0.7,0.192,13.73,530.0,False,,20260906_113511,remeasured,Linux x86_64,summary
Gr_growth,1,accidents,minsup,0.8,0.1769,13.58,150.0,False,,20260906_113511,remeasured,Linux x86_64,summary
Gr_growth,1,pumsb,minsup,0.6,2.0571,144.86,2853042.0,False,,20260906_113511,remeasured,Linux x86_64,summary
Gr_growth,1,pumsb,minsup,0.7,0.4582,41.08,658565.0,False,,20260906_113511,remeasured,Linux x86_64,summary
Gr_growth,1,pumsb,minsup,0.75,0.1984,23.58,248406.0,False,,20260906_113511,remeasured,Linux x86_64,summary
Gr_growth,1,pumsb,minsup,0.8,0.0983,16.23,67836.0,False,,20260906_113511,remeasured,Linux x86_64,summary
Gr_growth,1,pumsb,minsup,0.85,0.0689,14.08,13795.0,False,,20260906_113511,remeasured,Linux x86_64,summary
Gr_growth,1,pumsb,minsup,0.9,0.0661,13.43,2032.0,False,,20260906_113511,remeasured,Linux x86_64,summary
Gr_growth,1,pumsb,minsup,0.95,0.0641,13.73,142.0,False,,20260906_113511,remeasured,Linux x86_64,summary
VGEN,2,leviathan,minsup,0.008,0.3417,438.72,1,False,,20260906_181531,remeasured,Linux x86_64,summary
VGEN,2,leviathan,minsup,0.006,0.3786,445.34,205,False,,20260906_181531,remeasured,Linux x86_64,summary
VGEN,2,leviathan,minsup,0.005,0.5624,485.16,1614,False,,20260906_181531,remeasured,Linux x86_64,summary
VGEN,2,leviathan,minsup,0.004,1.0836,650.39,5398,False,,20260906_181531,remeasured,Linux x86_64,summary
VGEN,2,leviathan,minsup,0.003,1.7948,814.5,8436,False,,20260906_181531,remeasured,Linux x86_64,summary
VGEN,2,bible,minsup,0.0025,0.7564,1753.19,11,False,,20260906_181531,remeasured,Linux x86_64,summary
VGEN,2,bible,minsup,0.002,0.9583,1836.61,1756,False,,20260906_181531,remeasured,Linux x86_64,summary
VGEN,2,bible,minsup,0.0015,4.1578,2505.52,12075,False,,20260906_181531,remeasured,Linux x86_64,summary
VGEN,2,bible,minsup,0.00125,5.0613,2644.81,13794,False,,20260906_181531,remeasured,Linux x86_64,summary
VGEN,2,bible,minsup,0.001,5.0782,2637.83,13906,False,,20260906_181531,remeasured,Linux x86_64,summary
VGEN,2,sign,minsup,0.05,0.3356,138.47,268,False,,20260906_181531,remeasured,Linux x86_64,summary
VGEN,2,sign,minsup,0.04,0.3341,138.12,399,False,,20260906_181531,remeasured,Linux x86_64,summary
VGEN,2,sign,minsup,0.03,0.6754,409.68,9327,False,,20260906_181531,remeasured,Linux x86_64,summary
VGEN,2,sign,minsup,0.025,2.2242,853.57,23903,False,,20260906_181531,remeasured,Linux x86_64,summary
VGEN,2,sign,minsup,0.02,10.3495,1119.1,51178,False,,20260906_181531,remeasured,Linux x86_64,summary
VGEN,2,sign,minsup,0.015,19.3161,1112.36,68065,False,,20260906_181531,remeasured,Linux x86_64,summary
FEAT,2,leviathan,minsup,0.008,0.2676,136.2,0,False,,20260906_181531,remeasured,Linux x86_64,summary
FEAT,2,leviathan,minsup,0.006,0.3081,149.79,315,False,,20260906_181531,remeasured,Linux x86_64,summary
FEAT,2,leviathan,minsup,0.005,0.5311,427.59,2076,False,,20260906_181531,remeasured,Linux x86_64,summary
FEAT,2,leviathan,minsup,0.004,1.0253,612.97,6103,False,,20260906_181531,remeasured,Linux x86_64,summary
FEAT,2,leviathan,minsup,0.003,1.3293,619.4,8666,False,,20260906_181531,remeasured,Linux x86_64,summary
FEAT,2,bible,minsup,0.0025,0.4776,336.13,15,False,,20260906_181531,remeasured,Linux x86_64,summary
FEAT,2,bible,minsup,0.002,1.3892,1405.74,2134,False,,20260906_181531,remeasured,Linux x86_64,summary
FEAT,2,bible,minsup,0.0015,6.2548,1461.42,12462,False,,20260906_181531,remeasured,Linux x86_64,summary
FEAT,2,bible,minsup,0.00125,6.9927,1500.15,13833,False,,20260906_181531,remeasured,Linux x86_64,summary
FEAT,2,bible,minsup,0.001,6.9611,1534.74,13905,False,,20260906_181531,remeasured,Linux x86_64,summary
FEAT,2,sign,minsup,0.05,0.4303,336.4,267,False,,20260906_181531,remeasured,Linux x86_64,summary
FEAT,2,sign,minsup,0.04,0.6105,394.28,526,False,,20260906_181531,remeasured,Linux x86_64,summary
FEAT,2,sign,minsup,0.03,7.7032,387.3,13128,False,,20260906_181531,remeasured,Linux x86_64,summary
FEAT,2,sign,minsup,0.025,17.4633,421.09,30445,False,,20260906_181531,remeasured,Linux x86_64,summary
FEAT,2,sign,minsup,0.02,34.4259,446.47,56952,False,,20260906_181531,rerun,Linux x86_64,summary
FEAT,2,sign,minsup,0.015,44.3638,468.0,69710,False,,20260906_181531,rerun,Linux x86_64,summary
FSGP,2,leviathan,minsup,0.008,0.2594,137.01,0,False,,20260906_181531,remeasured,Linux x86_64,summary
FSGP,2,leviathan,minsup,0.006,0.3058,150.49,315,False,,20260906_181531,remeasured,Linux x86_64,summary
FSGP,2,leviathan,minsup,0.005,0.5364,420.93,2076,False,,20260906_181531,remeasured,Linux x86_64,summary
FSGP,2,leviathan,minsup,0.004,1.0118,616.67,6103,False,,20260906_181531,remeasured,Linux x86_64,summary
FSGP,2,leviathan,minsup,0.003,1.3356,648.19,8666,False,,20260906_181531,remeasured,Linux x86_64,summary
FSGP,2,bible,minsup,0.0025,0.4732,338.22,15,False,,20260906_181531,remeasured,Linux x86_64,summary
FSGP,2,bible,minsup,0.002,1.4048,1420.42,2134,False,,20260906_181531,remeasured,Linux x86_64,summary
FSGP,2,bible,minsup,0.0015,6.2945,1482.92,12462,False,,20260906_181531,remeasured,Linux x86_64,summary
FSGP,2,bible,minsup,0.00125,6.9587,1477.0,13833,False,,20260906_181531,remeasured,Linux x86_64,summary
FSGP,2,bible,minsup,0.001,7.0012,1506.66,13905,False,,20260906_181531,remeasured,Linux x86_64,summary
FSGP,2,sign,minsup,0.05,0.4168,337.7,267,False,,20260906_181531,remeasured,Linux x86_64,summary
FSGP,2,sign,minsup,0.04,0.4619,389.69,526,False,,20260906_181531,remeasured,Linux x86_64,summary
FSGP,2,sign,minsup,0.03,1.2374,507.12,13128,False,,20260906_181531,remeasured,Linux x86_64,summary
FSGP,2,sign,minsup,0.025,2.083,778.85,30445,False,,20260906_181531,remeasured,Linux x86_64,summary
FSGP,2,sign,minsup,0.02,3.2525,984.85,56952,False,,20260906_181531,remeasured,Linux x86_64,summary
FSGP,2,sign,minsup,0.015,4.0357,1186.75,69710,False,,20260906_181531,remeasured,Linux x86_64,summary
Apriori_Gen_Borgelt,1,bms1,minsup,0.009894802187846,0.0323,5.62,79,False,,20260923_124200,linux,Linux x86_64,extra
Eclat_Gen_Borgelt,1,bms1,minsup,0.009894802187846,0.0194,6.32,79,False,,20260923_124200,linux,Linux x86_64,extra
DefMe,1,bms1,minsup,0.009894802187846,0.3444,115.83,80,False,,20260923_124200,linux,Linux x86_64,extra
FPgrowth_Gen_Borgelt,1,bms1,minsup,0.009894802187846,0.0173,6.37,79,False,,20260923_124200,linux,Linux x86_64,extra
Gr_growth,1,bms1,minsup,0.009894802187846,0.0219,14.54,80,False,,20260923_124200,linux,Linux x86_64,extra
TalkyG_Diffset,1,bms1,minsup,0.009894802187846,1.7675,7802.34,80,False,,20260923_124202,linux,Linux x86_64,extra
Pascal,1,bms1,minsup,0.009894802187846,2.0055,98.51,79,False,,20260923_124202,linux,Linux x86_64,extra
Talky_G,1,bms1,minsup,0.009894802187846,1.8774,7795.6,80,False,,20260923_124204,linux,Linux x86_64,extra
Apriori_Gen_Borgelt,1,bms1,minsup,0.0038547364182409,0.0179,5.46,304,False,,20260923_124205,linux,Linux x86_64,extra
Zart,1,bms1,minsup,0.009894802187846,1.8868,478.28,80,False,,20260923_124205,linux,Linux x86_64,extra
Eclat_Gen_Borgelt,1,bms1,minsup,0.0038547364182409,0.0197,7.0,304,False,,20260923_124205,linux,Linux x86_64,extra
FPgrowth_Gen_Borgelt,1,bms1,minsup,0.0038547364182409,0.0154,7.29,304,False,,20260923_124205,linux,Linux x86_64,extra
DefMe,1,bms1,minsup,0.0038547364182409,0.3177,179.56,305,False,,20260923_124205,linux,Linux x86_64,extra
TalkyG_Diffset,1,bms1,minsup,0.0038547364182409,1.7948,7790.54,305,False,,20260923_124207,linux,Linux x86_64,extra
Talky_G,1,bms1,minsup,0.0038547364182409,1.7659,7791.96,305,False,,20260923_124209,linux,Linux x86_64,extra
Pascal,1,bms1,minsup,0.0038547364182409,12.1523,99.99,304,False,,20260923_124217,linux,Linux x86_64,extra
Apriori_Gen_Borgelt,1,bms1,minsup,0.0012709305056877,0.0219,5.78,2077,False,,20260923_124218,linux,Linux x86_64,extra
DefMe,1,bms1,minsup,0.0012709305056877,0.4143,399.54,2078,False,,20260923_124218,linux,Linux x86_64,extra
Eclat_Gen_Borgelt,1,bms1,minsup,0.0012709305056877,0.0205,9.06,2077,False,,20260923_124219,linux,Linux x86_64,extra
FPgrowth_Gen_Borgelt,1,bms1,minsup,0.0012709305056877,0.0275,9.97,2077,False,,20260923_124219,linux,Linux x86_64,extra
Zart,1,bms1,minsup,0.0038547364182409,10.9244,501.68,305,False,,20260923_124220,linux,Linux x86_64,extra
TalkyG_Diffset,1,bms1,minsup,0.0012709305056877,1.7989,7950.78,2079,False,,20260923_124222,linux,Linux x86_64,extra
Talky_G,1,bms1,minsup,0.0012709305056877,1.7784,7791.57,2079,False,,20260923_124225,linux,Linux x86_64,extra
Pascal,1,bms1,minsup,0.0012709305056877,32.0492,114.13,2077,False,,20260923_124251,linux,Linux x86_64,extra
Apriori_Gen_Borgelt,1,bms1,minsup,0.0005662561659004,0.3635,24.74,159224,False,,20260923_124252,linux,Linux x86_64,extra
Gr_growth,1,bms1,minsup,0.0038547364182409,0.0249,15.61,305,False,,20260923_124401,linux,Linux x86_64,extra
Gr_growth,1,bms1,minsup,0.0012709305056877,0.0302,16.26,2078,False,,20260923_124401,linux,Linux x86_64,extra
DefMe,1,bms1,minsup,0.0005662561659004,4.6728,814.25,159225,False,,20260923_124406,linux,Linux x86_64,extra
Eclat_Gen_Borgelt,1,bms1,minsup,0.0005662561659004,0.1071,25.1,159224,False,,20260923_124406,linux,Linux x86_64,extra
FPgrowth_Gen_Borgelt,1,bms1,minsup,0.0005662561659004,0.0825,29.68,159224,False,,20260923_124407,linux,Linux x86_64,extra
Gr_growth,1,bms1,minsup,0.0005662561659004,0.1316,21.1,159225,False,,20260923_124407,linux,Linux x86_64,extra
Zart,1,bms1,minsup,0.0012709305056877,39.8572,644.7,2078,False,,20260923_124441,linux,Linux x86_64,extra
TalkyG_Diffset,1,bms1,minsup,0.0005662561659004,58.7362,7983.2,246441,False,,20260923_124540,linux,Linux x86_64,extra
Talky_G,1,bms1,minsup,0.0005662561659004,60.9755,7968.68,246441,False,,20260923_124642,linux,Linux x86_64,extra
Pascal,1,bms1,minsup,0.0005662561659004,3600.1096,598.29,159224,True,,20260923_134740,linux,Linux x86_64,extra
Apriori_Gen_Borgelt,1,bms1,minsup,0.0001803630750645,33.0664,7835.55,0,False,non-zero exit code 1,20260923_134814,linux,Linux x86_64,extra
DefMe,1,bms1,minsup,0.0001803630750645,254.9194,987.26,2915744,False,,20260923_135229,linux,Linux x86_64,extra
Eclat_Gen_Borgelt,1,bms1,minsup,0.0001803630750645,2.0514,234.53,2915743,False,,20260923_135231,linux,Linux x86_64,extra
FPgrowth_Gen_Borgelt,1,bms1,minsup,0.0001803630750645,1.8038,245.4,2915743,False,,20260923_135234,linux,Linux x86_64,extra
Gr_growth,1,bms1,minsup,0.0001803630750645,4.5285,132.79,2915744,False,,20260923_135239,linux,Linux x86_64,extra
Zart,1,bms1,minsup,0.0005662561659004,3600.1476,986.59,0,True,,20260923_144740,linux,Linux x86_64,extra
Pascal,1,bms1,minsup,0.0001803630750645,3600.208,2797.2,1684158,True,,20260923_145240,linux,Linux x86_64,extra
Apriori_Gen_Borgelt,1,bms2,minsup,0.0123819537619981,0.0236,7.46,51,False,,20260923_150940,linux,Linux x86_64,extra
Eclat_Gen_Borgelt,1,bms2,minsup,0.0123819537619981,0.0295,7.83,51,False,,20260923_150941,linux,Linux x86_64,extra
DefMe,1,bms2,minsup,0.0123819537619981,0.3223,172.55,52,False,,20260923_150941,linux,Linux x86_64,extra
Gr_growth,1,bms2,minsup,0.0123819537619981,0.0233,15.68,52,False,,20260923_150941,linux,Linux x86_64,extra
FPgrowth_Gen_Borgelt,1,bms2,minsup,0.0123819537619981,0.0375,7.95,51,False,,20260923_150941,linux,Linux x86_64,extra
Pascal,1,bms2,minsup,0.0123819537619981,1.2747,109.96,51,False,,20260923_150943,linux,Linux x86_64,extra
TalkyG_Diffset,1,bms2,minsup,0.0123819537619981,1.9027,7590.8,,False,java.lang.OutOfMemoryError: Java heap space,20260923_150943,linux,Linux x86_64,extra
Zart,1,bms2,minsup,0.0123819537619981,0.9866,515.0,52,False,,20260923_150944,linux,Linux x86_64,extra
Apriori_Gen_Borgelt,1,c20d10k,minsup,0.946075,0.0118,4.14,8,False,,20260923_150945,linux,Linux x86_64,extra
Talky_G,1,bms2,minsup,0.0123819537619981,1.8906,7598.84,,False,java.lang.OutOfMemoryError: Java heap space,20260923_150945,linux,Linux x86_64,extra
Eclat_Gen_Borgelt,1,c20d10k,minsup,0.946075,0.0217,4.29,8,False,,20260923_150945,linux,Linux x86_64,extra
DefMe,1,c20d10k,minsup,0.946075,0.2391,98.77,9,False,,20260923_150945,linux,Linux x86_64,extra
FPgrowth_Gen_Borgelt,1,c20d10k,minsup,0.946075,0.0118,4.43,8,False,,20260923_150945,linux,Linux x86_64,extra
Gr_growth,1,c20d10k,minsup,0.946075,0.0126,13.75,9,False,,20260923_150945,linux,Linux x86_64,extra
Pascal,1,c20d10k,minsup,0.946075,0.318,103.89,8,False,,20260923_150946,linux,Linux x86_64,extra
TalkyG_Diffset,1,c20d10k,minsup,0.946075,0.2403,99.81,8,False,,20260923_150946,linux,Linux x86_64,extra
Talky_G,1,c20d10k,minsup,0.946075,0.3011,101.68,8,False,,20260923_150946,linux,Linux x86_64,extra
Zart,1,c20d10k,minsup,0.946075,0.2848,110.67,9,False,,20260923_150946,linux,Linux x86_64,extra
Apriori_Gen_Borgelt,1,kosarak,minsup,0.0600247505990574,0.478,80.5,24,False,,20260923_150947,linux,Linux x86_64,extra
Eclat_Gen_Borgelt,1,kosarak,minsup,0.0600247505990574,0.5085,80.63,24,False,,20260923_150948,linux,Linux x86_64,extra
FPgrowth_Gen_Borgelt,1,kosarak,minsup,0.0600247505990574,0.4765,80.34,24,False,,20260923_150949,linux,Linux x86_64,extra
Gr_growth,1,kosarak,minsup,0.0600247505990574,0.2381,13.8,24,False,,20260923_150949,linux,Linux x86_64,extra
DefMe,1,kosarak,minsup,0.0600247505990574,3.3042,7895.45,25,False,,20260923_150950,linux,Linux x86_64,extra
Pascal,1,kosarak,minsup,0.0600247505990574,1.5701,478.26,24,False,,20260923_150951,linux,Linux x86_64,extra
TalkyG_Diffset,1,kosarak,minsup,0.0600247505990574,3.199,7926.61,,False,java.lang.OutOfMemoryError: Java heap space,20260923_150953,linux,Linux x86_64,extra
Talky_G,1,kosarak,minsup,0.0600247505990574,4.6089,8031.39,,False,java.lang.OutOfMemoryError: Java heap space,20260923_150956,linux,Linux x86_64,extra
Apriori_Gen_Borgelt,1,c73d10k,minsup,0.979375,0.0208,6.17,6,False,,20260923_150956,linux,Linux x86_64,extra
Zart,1,kosarak,minsup,0.0600247505990574,2.3451,1065.57,25,False,,20260923_150956,linux,Linux x86_64,extra
Eclat_Gen_Borgelt,1,c73d10k,minsup,0.979375,0.0238,6.14,6,False,,20260923_150956,linux,Linux x86_64,extra
DefMe,1,c73d10k,minsup,0.979375,0.2679,125.91,7,False,,20260923_150956,linux,Linux x86_64,extra
FPgrowth_Gen_Borgelt,1,c73d10k,minsup,0.979375,0.0252,6.41,6,False,,20260923_150957,linux,Linux x86_64,extra
Gr_growth,1,c73d10k,minsup,0.979375,0.0171,13.59,6,False,,20260923_150957,linux,Linux x86_64,extra
Pascal,1,c73d10k,minsup,0.979375,0.3183,119.76,6,False,,20260923_150957,linux,Linux x86_64,extra
TalkyG_Diffset,1,c73d10k,minsup,0.979375,0.4297,135.26,6,False,,20260923_150957,linux,Linux x86_64,extra
Talky_G,1,c73d10k,minsup,0.979375,0.4063,138.0,6,False,,20260923_150958,linux,Linux x86_64,extra
Zart,1,c73d10k,minsup,0.979375,0.3495,138.92,7,False,,20260923_150958,linux,Linux x86_64,extra
Apriori_Gen_Borgelt,1,bms2,minsup,0.0052862782536897,0.0286,7.28,345,False,,20260923_150958,linux,Linux x86_64,extra
Eclat_Gen_Borgelt,1,bms2,minsup,0.0052862782536897,0.0351,9.09,345,False,,20260923_150958,linux,Linux x86_64,extra
FPgrowth_Gen_Borgelt,1,bms2,minsup,0.0052862782536897,0.0247,9.28,345,False,,20260923_150959,linux,Linux x86_64,extra
DefMe,1,bms2,minsup,0.0052862782536897,0.3407,247.65,346,False,,20260923_150959,linux,Linux x86_64,extra
Gr_growth,1,bms2,minsup,0.0052862782536897,0.0468,16.79,346,False,,20260923_150959,linux,Linux x86_64,extra
TalkyG_Diffset,1,bms2,minsup,0.0052862782536897,1.8227,7592.71,,False,java.lang.OutOfMemoryError: Java heap space,20260923_151001,linux,Linux x86_64,extra
Talky_G,1,bms2,minsup,0.0052862782536897,1.8376,7590.3,,False,java.lang.OutOfMemoryError: Java heap space,20260923_151003,linux,Linux x86_64,extra
Zart,1,bms2,minsup,0.0052862782536897,7.2682,573.18,346,False,,20260923_151010,linux,Linux x86_64,extra
Apriori_Gen_Borgelt,1,c20d10k,minsup,0.337575,0.0134,4.13,659,False,,20260923_151011,linux,Linux x86_64,extra
DefMe,1,c20d10k,minsup,0.337575,0.2431,114.39,660,False,,20260923_151011,linux,Linux x86_64,extra
Eclat_Gen_Borgelt,1,c20d10k,minsup,0.337575,0.0124,5.07,659,False,,20260923_151011,linux,Linux x86_64,extra
FPgrowth_Gen_Borgelt,1,c20d10k,minsup,0.337575,0.0108,5.22,659,False,,20260923_151012,linux,Linux x86_64,extra
Gr_growth,1,c20d10k,minsup,0.337575,0.0117,13.73,660,False,,20260923_151012,linux,Linux x86_64,extra
Pascal,1,c20d10k,minsup,0.337575,0.4246,99.71,659,False,,20260923_151013,linux,Linux x86_64,extra
Pascal,1,bms2,minsup,0.0052862782536897,14.0866,111.29,345,False,,20260923_151013,linux,Linux x86_64,extra
TalkyG_Diffset,1,c20d10k,minsup,0.337575,0.323,99.7,659,False,,20260923_151013,linux,Linux x86_64,extra
Talky_G,1,c20d10k,minsup,0.337575,0.2526,99.73,659,False,,20260923_151013,linux,Linux x86_64,extra
Apriori_Gen_Borgelt,1,kosarak,minsup,0.0126772285392901,0.5105,80.88,251,False,,20260923_151014,linux,Linux x86_64,extra
Zart,1,c20d10k,minsup,0.337575,2.2742,399.09,660,False,,20260923_151016,linux,Linux x86_64,extra
Eclat_Gen_Borgelt,1,kosarak,minsup,0.0126772285392901,0.5745,94.79,251,False,,20260923_151017,linux,Linux x86_64,extra
FPgrowth_Gen_Borgelt,1,kosarak,minsup,0.0126772285392901,0.5933,89.23,251,False,,20260923_151017,linux,Linux x86_64,extra
DefMe,1,kosarak,minsup,0.0126772285392901,3.3132,7918.0,252,False,,20260923_151018,linux,Linux x86_64,extra
Gr_growth,1,kosarak,minsup,0.0126772285392901,0.3354,21.45,252,False,,20260923_151018,linux,Linux x86_64,extra
TalkyG_Diffset,1,kosarak,minsup,0.0126772285392901,3.1047,7936.34,,False,java.lang.OutOfMemoryError: Java heap space,20260923_151021,linux,Linux x86_64,extra
Talky_G,1,kosarak,minsup,0.0126772285392901,4.0978,8030.91,,False,java.lang.OutOfMemoryError: Java heap space,20260923_151026,linux,Linux x86_64,extra
Pascal,1,kosarak,minsup,0.0126772285392901,17.0601,485.96,251,False,,20260923_151035,linux,Linux x86_64,extra
Apriori_Gen_Borgelt,1,c73d10k,minsup,0.919975,0.0237,5.96,600,False,,20260923_151035,linux,Linux x86_64,extra
DefMe,1,c73d10k,minsup,0.919975,0.2757,148.35,601,False,,20260923_151036,linux,Linux x86_64,extra
Eclat_Gen_Borgelt,1,c73d10k,minsup,0.919975,0.0208,7.05,600,False,,20260923_151036,linux,Linux x86_64,extra
FPgrowth_Gen_Borgelt,1,c73d10k,minsup,0.919975,0.0211,7.12,600,False,,20260923_151036,linux,Linux x86_64,extra
Gr_growth,1,c73d10k,minsup,0.919975,0.0174,13.6,596,False,,20260923_151036,linux,Linux x86_64,extra
Pascal,1,c73d10k,minsup,0.919975,0.7386,123.84,600,False,,20260923_151037,linux,Linux x86_64,extra
TalkyG_Diffset,1,c73d10k,minsup,0.919975,0.3322,136.63,600,False,,20260923_151038,linux,Linux x86_64,extra
Zart,1,kosarak,minsup,0.0126772285392901,12.2491,1626.61,252,False,,20260923_151038,linux,Linux x86_64,extra
Talky_G,1,c73d10k,minsup,0.919975,0.3976,139.19,600,False,,20260923_151039,linux,Linux x86_64,extra
Apriori_Gen_Borgelt,1,bms2,minsup,0.0012094901434616,0.0685,10.25,13848,False,,20260923_151039,linux,Linux x86_64,extra
DefMe,1,bms2,minsup,0.0012094901434616,1.1293,663.53,13849,False,,20260923_151040,linux,Linux x86_64,extra
Eclat_Gen_Borgelt,1,bms2,minsup,0.0012094901434616,0.0571,18.57,13848,False,,20260923_151040,linux,Linux x86_64,extra
FPgrowth_Gen_Borgelt,1,bms2,minsup,0.0012094901434616,0.0448,20.92,13848,False,,20260923_151041,linux,Linux x86_64,extra
Gr_growth,1,bms2,minsup,0.0012094901434616,0.0688,21.7,13849,False,,20260923_151041,linux,Linux x86_64,extra
Zart,1,c73d10k,minsup,0.919975,4.2575,409.61,601,False,,20260923_151043,linux,Linux x86_64,extra
TalkyG_Diffset,1,bms2,minsup,0.0012094901434616,1.7312,7592.77,,False,java.lang.OutOfMemoryError: Java heap space,20260923_151045,linux,Linux x86_64,extra
Talky_G,1,bms2,minsup,0.0012094901434616,1.781,7592.48,,False,java.lang.OutOfMemoryError: Java heap space,20260923_151047,linux,Linux x86_64,extra
Zart,1,bms2,minsup,0.0012094901434616,367.5665,1518.68,13849,False,,20260923_151654,linux,Linux x86_64,extra
Apriori_Gen_Borgelt,1,c20d10k,minsup,0.034375,0.096,5.03,34690,False,,20260923_151655,linux,Linux x86_64,extra
DefMe,1,c20d10k,minsup,0.034375,0.4247,379.36,34691,False,,20260923_151655,linux,Linux x86_64,extra
Eclat_Gen_Borgelt,1,c20d10k,minsup,0.034375,0.0358,15.01,34690,False,,20260923_151656,linux,Linux x86_64,extra
FPgrowth_Gen_Borgelt,1,c20d10k,minsup,0.034375,0.0218,15.33,34690,False,,20260923_151656,linux,Linux x86_64,extra
Gr_growth,1,c20d10k,minsup,0.034375,0.0344,15.32,34691,False,,20260923_151656,linux,Linux x86_64,extra
Pascal,1,c20d10k,minsup,0.034375,83.7692,327.26,34690,False,,20260923_151820,linux,Linux x86_64,extra
TalkyG_Diffset,1,c20d10k,minsup,0.034375,0.3174,172.0,34764,False,,20260923_151821,linux,Linux x86_64,extra
Talky_G,1,c20d10k,minsup,0.034375,0.3053,162.32,34764,False,,20260923_151821,linux,Linux x86_64,extra
Pascal,1,bms2,minsup,0.0012094901434616,478.7567,142.18,13848,False,,20260923_151840,linux,Linux x86_64,extra
Apriori_Gen_Borgelt,1,kosarak,minsup,0.0032752349487756,0.8635,81.42,4001,False,,20260923_151841,linux,Linux x86_64,extra
DefMe,1,kosarak,minsup,0.0032752349487756,4.3816,7989.88,4002,False,,20260923_151846,linux,Linux x86_64,extra
Eclat_Gen_Borgelt,1,kosarak,minsup,0.0032752349487756,0.6783,124.94,4001,False,,20260923_151847,linux,Linux x86_64,extra
FPgrowth_Gen_Borgelt,1,kosarak,minsup,0.0032752349487756,0.9033,135.61,4001,False,,20260923_151848,linux,Linux x86_64,extra
Gr_growth,1,kosarak,minsup,0.0032752349487756,0.9369,63.79,4002,False,,20260923_151849,linux,Linux x86_64,extra
Pascal,1,kosarak,minsup,0.0032752349487756,686.1005,492.09,4001,False,,20260923_153015,linux,Linux x86_64,extra
TalkyG_Diffset,1,kosarak,minsup,0.0032752349487756,3.0924,7930.08,,False,java.lang.OutOfMemoryError: Java heap space,20260923_153018,linux,Linux x86_64,extra
Talky_G,1,kosarak,minsup,0.0032752349487756,4.1195,8035.33,,False,java.lang.OutOfMemoryError: Java heap space,20260923_153023,linux,Linux x86_64,extra
Zart,1,kosarak,minsup,0.0032752349487756,550.9333,1732.91,4002,False,,20260923_153934,linux,Linux x86_64,extra
Apriori_Gen_Borgelt,1,c73d10k,minsup,0.446675,20.9821,62.72,1807687,False,,20260923_153955,linux,Linux x86_64,extra
DefMe,1,c73d10k,minsup,0.446675,10.1829,754.11,1807688,False,,20260923_154006,linux,Linux x86_64,extra
Eclat_Gen_Borgelt,1,c73d10k,minsup,0.446675,0.9654,171.44,1807687,False,,20260923_154007,linux,Linux x86_64,extra
FPgrowth_Gen_Borgelt,1,c73d10k,minsup,0.446675,0.8252,173.3,1807687,False,,20260923_154008,linux,Linux x86_64,extra
Gr_growth,1,c73d10k,minsup,0.446675,1.0828,98.6,1806480,False,,20260923_154010,linux,Linux x86_64,extra
Zart,1,c20d10k,minsup,0.034375,3600.1483,963.83,0,True,,20260923_161822,linux,Linux x86_64,extra
TalkyG_Diffset,1,c73d10k,minsup,0.446675,58.1968,574.95,1810556,False,,20260923_161920,linux,Linux x86_64,extra
Talky_G,1,c73d10k,minsup,0.446675,58.2635,574.09,1810556,False,,20260923_162019,linux,Linux x86_64,extra
Pascal,1,c73d10k,minsup,0.446675,3600.0643,917.91,684563,True,,20260923_164010,linux,Linux x86_64,extra
Apriori_Gen_Borgelt,1,bms2,minsup,0.0004354164516461,0.1611,20.54,100911,False,,20260923_164011,linux,Linux x86_64,extra
DefMe,1,bms2,minsup,0.0004354164516461,5.0359,671.47,100912,False,,20260923_164016,linux,Linux x86_64,extra
Eclat_Gen_Borgelt,1,bms2,minsup,0.0004354164516461,0.1039,27.68,100911,False,,20260923_164016,linux,Linux x86_64,extra
FPgrowth_Gen_Borgelt,1,bms2,minsup,0.0004354164516461,0.0983,33.12,100911,False,,20260923_164017,linux,Linux x86_64,extra
Gr_growth,1,bms2,minsup,0.0004354164516461,0.1649,26.77,100912,False,,20260923_164017,linux,Linux x86_64,extra
Pascal,1,bms2,minsup,0.0004354164516461,2035.6853,399.44,100911,False,,20260923_171413,linux,Linux x86_64,extra
TalkyG_Diffset,1,bms2,minsup,0.0004354164516461,1.7428,7586.2,,False,java.lang.OutOfMemoryError: Java heap space,20260923_171415,linux,Linux x86_64,extra
Talky_G,1,bms2,minsup,0.0004354164516461,1.8746,7591.22,,False,java.lang.OutOfMemoryError: Java heap space,20260923_171417,linux,Linux x86_64,extra
Zart,1,c73d10k,minsup,0.446675,3600.0692,1090.62,0,True,,20260923_172019,linux,Linux x86_64,extra
Apriori_Gen_Borgelt,1,c20d10k,minsup,0.001275,0.3985,21.29,386701,False,,20260923_172020,linux,Linux x86_64,extra
DefMe,1,c20d10k,minsup,0.001275,2.6059,750.96,386702,False,,20260923_172023,linux,Linux x86_64,extra
Eclat_Gen_Borgelt,1,c20d10k,minsup,0.001275,0.1722,39.88,386701,False,,20260923_172023,linux,Linux x86_64,extra
FPgrowth_Gen_Borgelt,1,c20d10k,minsup,0.001275,0.1464,42.9,386701,False,,20260923_172023,linux,Linux x86_64,extra
Gr_growth,1,c20d10k,minsup,0.001275,0.2013,27.5,386702,False,,20260923_172024,linux,Linux x86_64,extra
Zart,1,bms2,minsup,0.0004354164516461,3479.1071,1883.97,100912,False,,20260923_181217,linux,Linux x86_64,extra
TalkyG_Diffset,1,c20d10k,minsup,0.001275,12.5032,408.34,394806,False,,20260923_181229,linux,Linux x86_64,extra
Talky_G,1,c20d10k,minsup,0.001275,12.7513,405.26,394806,False,,20260923_181242,linux,Linux x86_64,extra
Pascal,1,c20d10k,minsup,0.001275,3600.0509,643.75,253643,True,,20260923_182024,linux,Linux x86_64,extra
Apriori_Gen_Borgelt,1,kosarak,minsup,0.0013246977425311,10.8181,93.03,202882,False,,20260923_182035,linux,Linux x86_64,extra
DefMe,1,kosarak,minsup,0.0013246977425311,206.058,8012.86,202883,False,,20260923_182402,linux,Linux x86_64,extra
Eclat_Gen_Borgelt,1,kosarak,minsup,0.0013246977425311,1.2067,154.16,202882,False,,20260923_182403,linux,Linux x86_64,extra
FPgrowth_Gen_Borgelt,1,kosarak,minsup,0.0013246977425311,1.9742,212.75,202882,False,,20260923_182405,linux,Linux x86_64,extra
Gr_growth,1,kosarak,minsup,0.0013246977425311,2.9051,120.23,202882,False,,20260923_182408,linux,Linux x86_64,extra
Zart,1,c20d10k,minsup,0.001275,3600.1552,1144.04,0,True,,20260923_191243,linux,Linux x86_64,extra
TalkyG_Diffset,1,kosarak,minsup,0.0013246977425311,3.0123,7931.48,,False,java.lang.OutOfMemoryError: Java heap space,20260923_191246,linux,Linux x86_64,extra
Talky_G,1,kosarak,minsup,0.0013246977425311,4.0715,8030.71,,False,java.lang.OutOfMemoryError: Java heap space,20260923_191250,linux,Linux x86_64,extra
Pascal,1,kosarak,minsup,0.0013246977425311,3600.1365,505.62,677,True,,20260923_192409,linux,Linux x86_64,extra
Apriori_Gen_Borgelt,1,c73d10k,minsup,0.124675,1800.7562,7835.69,0,False,non-zero exit code 1,20260923_195410,linux,Linux x86_64,extra
Zart,1,kosarak,minsup,0.0013246977425311,3600.1806,1791.38,0,True,,20260923_201251,linux,Linux x86_64,extra
Eclat_Gen_Borgelt,1,c73d10k,minsup,0.124675,244.8376,7834.46,82036521,False,non-zero exit code 1,20260923_201701,linux,Linux x86_64,extra
FPgrowth_Gen_Borgelt,1,c73d10k,minsup,0.124675,237.0021,7834.51,82018035,False,non-zero exit code 1,20260923_202104,linux,Linux x86_64,extra
Gr_growth,1,c73d10k,minsup,0.124675,351.593,7834.22,164364300,False,killed by signal 6,20260923_202722,linux,Linux x86_64,extra
DefMe,1,c73d10k,minsup,0.124675,3600.1501,951.8,426915793,True,,20260923_205447,linux,Linux x86_64,extra
Pascal,1,c73d10k,minsup,0.124675,3600.1687,1245.84,745089,True,,20260923_212722,linux,Linux x86_64,extra
TalkyG_Diffset,1,c73d10k,minsup,0.124675,3600.1636,1593.89,9464304,True,,20260923_215448,linux,Linux x86_64,extra
Talky_G,1,c73d10k,minsup,0.124675,3600.1142,1627.34,9790483,True,,20260923_222723,linux,Linux x86_64,extra
Zart,1,c73d10k,minsup,0.124675,3600.1641,1182.39,0,True,,20260923_225448,linux,Linux x86_64,extra
TalkyG_Diffset,1,bms1,minsup,0.0001803630750645,3600.3483,7970.2,1652741,True,,20260923_232724,linux,Linux x86_64,extra
Talky_G,1,bms1,minsup,0.0001803630750645,3600.3175,7981.06,1663800,True,,20260923_235449,linux,Linux x86_64,extra
Apriori_Gen_Borgelt,1,bms2,minsup,0.0001515894313138,0.669,57.46,524757,False,,20260923_235450,linux,Linux x86_64,extra
DefMe,1,bms2,minsup,0.0001515894313138,24.1012,731.47,524758,False,,20260923_235514,linux,Linux x86_64,extra
Eclat_Gen_Borgelt,1,bms2,minsup,0.0001515894313138,0.3445,58.48,524757,False,,20260923_235515,linux,Linux x86_64,extra
FPgrowth_Gen_Borgelt,1,bms2,minsup,0.0001515894313138,0.3056,70.45,524757,False,,20260923_235516,linux,Linux x86_64,extra
Gr_growth,1,bms2,minsup,0.0001515894313138,0.4422,42.28,524758,False,,20260923_235516,linux,Linux x86_64,extra
Zart,1,bms1,minsup,0.0001803630750645,3600.2197,2594.45,0,True,,20260924_002725,linux,Linux x86_64,extra
TalkyG_Diffset,1,bms2,minsup,0.0001515894313138,1.7157,7588.92,,False,java.lang.OutOfMemoryError: Java heap space,20260924_002726,linux,Linux x86_64,extra
Talky_G,1,bms2,minsup,0.0001515894313138,1.8217,7591.55,,False,java.lang.OutOfMemoryError: Java heap space,20260924_002728,linux,Linux x86_64,extra
Pascal,1,bms2,minsup,0.0001515894313138,3600.1379,511.46,2458,True,,20260924_005517,linux,Linux x86_64,extra
Apriori_Gen_Borgelt,1,kosarak,minsup,0.0006425150408652,1701.4612,7832.91,0,False,non-zero exit code 1,20260924_012338,linux,Linux x86_64,extra
Zart,1,bms2,minsup,0.0001515894313138,3600.2143,2305.97,0,True,,20260924_012729,linux,Linux x86_64,extra
Eclat_Gen_Borgelt,1,kosarak,minsup,0.0006425150408652,317.6957,7831.64,80375420,False,non-zero exit code 1,20260924_013252,linux,Linux x86_64,extra
FPgrowth_Gen_Borgelt,1,kosarak,minsup,0.0006425150408652,293.4879,7830.41,77733661,False,non-zero exit code 1,20260924_013752,linux,Linux x86_64,extra
Gr_growth,1,kosarak,minsup,0.0006425150408652,497.3721,7833.66,159581220,False,killed by signal 6,20260924_014639,linux,Linux x86_64,extra
DefMe,1,kosarak,minsup,0.0006425150408652,3600.3263,8001.69,189920,True,,20260924_022339,linux,Linux x86_64,extra
TalkyG_Diffset,1,kosarak,minsup,0.0006425150408652,2.9669,7927.38,,False,java.lang.OutOfMemoryError: Java heap space,20260924_022343,linux,Linux x86_64,extra
Talky_G,1,kosarak,minsup,0.0006425150408652,4.1167,8033.11,,False,java.lang.OutOfMemoryError: Java heap space,20260924_022347,linux,Linux x86_64,extra
Pascal,1,kosarak,minsup,0.0006425150408652,3600.148,669.32,1579,True,,20260924_024640,linux,Linux x86_64,extra
Apriori_Gen_Borgelt,1,c73d10k,minsup,0.015375,507.3927,7835.66,0,False,non-zero exit code 1,20260924_025507,linux,Linux x86_64,extra
Zart,1,kosarak,minsup,0.0006425150408652,3600.1334,2204.73,0,True,,20260924_032347,linux,Linux x86_64,extra
Eclat_Gen_Borgelt,1,c73d10k,minsup,0.015375,243.4157,7833.36,81504774,False,non-zero exit code 1,20260924_032756,linux,Linux x86_64,extra
FPgrowth_Gen_Borgelt,1,c73d10k,minsup,0.015375,234.12,7834.09,81472379,False,non-zero exit code 1,20260924_033156,linux,Linux x86_64,extra
Gr_growth,1,c73d10k,minsup,0.015375,428.3709,7834.13,161793128,False,killed by signal 6,20260924_033928,linux,Linux x86_64,extra
DefMe,1,c73d10k,minsup,0.015375,3600.0789,939.6,371037846,True,,20260924_035539,linux,Linux x86_64,extra
Pascal,1,c73d10k,minsup,0.015375,3600.1802,1529.62,6446509,True,,20260924_043930,linux,Linux x86_64,extra
TalkyG_Diffset,1,c73d10k,minsup,0.015375,3600.1538,787.26,4250488,True,,20260924_045539,linux,Linux x86_64,extra
Talky_G,1,c73d10k,minsup,0.015375,3600.1539,735.38,4091388,True,,20260924_053930,linux,Linux x86_64,extra
Zart,1,c73d10k,minsup,0.015375,3600.2109,1994.02,0,True,,20260924_055540,linux,Linux x86_64,extra
Apriori_Gen_Borgelt,1,chicago,minsup,0.0313061894768789,0.5734,132.53,22,False,,20260924_125504,linux,Linux x86_64,extra2
DefMe,1,chicago,minsup,0.0313061894768789,0.6457,612.49,23,False,,20260924_125504,linux,Linux x86_64,extra2
Eclat_Gen_Borgelt,1,chicago,minsup,0.0313061894768789,0.5361,132.82,22,False,,20260924_125505,linux,Linux x86_64,extra2
FPgrowth_Gen_Borgelt,1,chicago,minsup,0.0313061894768789,0.5306,132.81,22,False,,20260924_125505,linux,Linux x86_64,extra2
Gr_growth,1,chicago,minsup,0.0313061894768789,0.2006,13.75,23,False,,20260924_125505,linux,Linux x86_64,extra2
TalkyG_Diffset,1,chicago,minsup,0.0313061894768789,0.7181,683.88,23,False,,20260924_125506,linux,Linux x86_64,extra2
Talky_G,1,chicago,minsup,0.0313061894768789,0.6972,600.74,23,False,,20260924_125507,linux,Linux x86_64,extra2
Pascal,1,chicago,minsup,0.0313061894768789,2.4853,381.42,22,False,,20260924_125507,linux,Linux x86_64,extra2
Apriori_Gen_Borgelt,1,kddcup99,minsup,0.76716775,0.4103,109.04,34,False,,20260924_125508,linux,Linux x86_64,extra2
DefMe,1,kddcup99,minsup,0.76716775,0.9647,654.63,35,False,,20260924_125509,linux,Linux x86_64,extra2
Zart,1,chicago,minsup,0.0313061894768789,2.2804,905.32,23,False,,20260924_125509,linux,Linux x86_64,extra2
Eclat_Gen_Borgelt,1,kddcup99,minsup,0.76716775,0.4224,109.38,34,False,,20260924_125510,linux,Linux x86_64,extra2
FPgrowth_Gen_Borgelt,1,kddcup99,minsup,0.76716775,0.3795,109.52,34,False,,20260924_125510,linux,Linux x86_64,extra2
Gr_growth,1,kddcup99,minsup,0.76716775,0.3125,13.6,35,False,,20260924_125510,linux,Linux x86_64,extra2
Pascal,1,kddcup99,minsup,0.76716775,1.3842,638.95,34,False,,20260924_125512,linux,Linux x86_64,extra2
TalkyG_Diffset,1,kddcup99,minsup,0.76716775,1.3352,697.42,35,False,,20260924_125512,linux,Linux x86_64,extra2
Talky_G,1,kddcup99,minsup,0.76716775,1.4308,683.85,35,False,,20260924_125513,linux,Linux x86_64,extra2
Apriori_Gen_Borgelt,1,onlineretail,minsup,0.017636528480632,0.1338,35.79,54,False,,20260924_125514,linux,Linux x86_64,extra2
Zart,1,kddcup99,minsup,0.76716775,2.0421,1333.46,35,False,,20260924_125514,linux,Linux x86_64,extra2
DefMe,1,onlineretail,minsup,0.017636528480632,0.5899,686.96,55,False,,20260924_125514,linux,Linux x86_64,extra2
Eclat_Gen_Borgelt,1,onlineretail,minsup,0.017636528480632,0.1429,35.79,54,False,,20260924_125515,linux,Linux x86_64,extra2
FPgrowth_Gen_Borgelt,1,onlineretail,minsup,0.017636528480632,0.1452,35.91,54,False,,20260924_125515,linux,Linux x86_64,extra2
Gr_growth,1,onlineretail,minsup,0.017636528480632,0.1011,13.6,55,False,,20260924_125515,linux,Linux x86_64,extra2
TalkyG_Diffset,1,onlineretail,minsup,0.017636528480632,0.5796,527.21,55,False,,20260924_125516,linux,Linux x86_64,extra2
Talky_G,1,onlineretail,minsup,0.017636528480632,0.6118,650.92,55,False,,20260924_125517,linux,Linux x86_64,extra2
Zart,1,onlineretail,minsup,0.017636528480632,4.6665,826.25,55,False,,20260924_125522,linux,Linux x86_64,extra2
Pascal,1,onlineretail,minsup,0.017636528480632,7.1688,276.56,54,False,,20260924_125522,linux,Linux x86_64,extra2
Apriori_Gen_Borgelt,1,pamap,minsup,0.87309175,0.6862,139.36,21,False,,20260924_125523,linux,Linux x86_64,extra2
Eclat_Gen_Borgelt,1,pamap,minsup,0.87309175,0.6918,139.21,21,False,,20260924_125523,linux,Linux x86_64,extra2
DefMe,1,pamap,minsup,0.87309175,1.3447,1220.78,22,False,,20260924_125524,linux,Linux x86_64,extra2
FPgrowth_Gen_Borgelt,1,pamap,minsup,0.87309175,0.6506,139.36,21,False,,20260924_125524,linux,Linux x86_64,extra2
Gr_growth,1,pamap,minsup,0.87309175,0.4039,13.6,22,False,,20260924_125525,linux,Linux x86_64,extra2
TalkyG_Diffset,1,pamap,minsup,0.87309175,1.8575,1230.96,22,False,,20260924_125527,linux,Linux x86_64,extra2
Pascal,1,pamap,minsup,0.87309175,2.493,674.12,21,False,,20260924_125527,linux,Linux x86_64,extra2
Talky_G,1,pamap,minsup,0.87309175,2.0549,1294.46,22,False,,20260924_125529,linux,Linux x86_64,extra2
Apriori_Gen_Borgelt,1,recordlink,minsup,0.7772354251860716,0.1783,46.44,33,False,,20260924_125529,linux,Linux x86_64,extra2
DefMe,1,recordlink,minsup,0.7772354251860716,0.4789,278.78,34,False,,20260924_125530,linux,Linux x86_64,extra2
Zart,1,pamap,minsup,0.87309175,2.8441,1778.36,22,False,,20260924_125530,linux,Linux x86_64,extra2
Eclat_Gen_Borgelt,1,recordlink,minsup,0.7772354251860716,0.1804,46.51,33,False,,20260924_125530,linux,Linux x86_64,extra2
FPgrowth_Gen_Borgelt,1,recordlink,minsup,0.7772354251860716,0.1604,46.54,33,False,,20260924_125531,linux,Linux x86_64,extra2
Gr_growth,1,recordlink,minsup,0.7772354251860716,0.0999,13.63,34,False,,20260924_125531,linux,Linux x86_64,extra2
Pascal,1,recordlink,minsup,0.7772354251860716,0.7135,337.64,33,False,,20260924_125532,linux,Linux x86_64,extra2
TalkyG_Diffset,1,recordlink,minsup,0.7772354251860716,0.5669,279.54,34,False,,20260924_125532,linux,Linux x86_64,extra2
Talky_G,1,recordlink,minsup,0.7772354251860716,0.6806,274.68,34,False,,20260924_125532,linux,Linux x86_64,extra2
Zart,1,recordlink,minsup,0.7772354251860716,1.046,547.47,34,False,,20260924_125533,linux,Linux x86_64,extra2
Apriori_Gen_Borgelt,1,chicago,minsup,0.0014940977925552,0.5623,132.84,378,False,,20260924_125533,linux,Linux x86_64,extra2
Eclat_Gen_Borgelt,1,chicago,minsup,0.0014940977925552,0.5576,132.85,378,False,,20260924_125534,linux,Linux x86_64,extra2
DefMe,1,chicago,minsup,0.0014940977925552,0.9103,996.71,379,False,,20260924_125534,linux,Linux x86_64,extra2
Gr_growth,1,chicago,minsup,0.0014940977925552,0.1865,14.53,379,False,,20260924_125534,linux,Linux x86_64,extra2
FPgrowth_Gen_Borgelt,1,chicago,minsup,0.0014940977925552,0.5575,132.33,378,False,,20260924_125535,linux,Linux x86_64,extra2
TalkyG_Diffset,1,chicago,minsup,0.0014940977925552,0.8067,895.71,379,False,,20260924_125536,linux,Linux x86_64,extra2
Talky_G,1,chicago,minsup,0.0014940977925552,0.7825,820.85,379,False,,20260924_125537,linux,Linux x86_64,extra2
Pascal,1,chicago,minsup,0.0014940977925552,16.6443,379.52,378,False,,20260924_125551,linux,Linux x86_64,extra2
Apriori_Gen_Borgelt,1,kddcup99,minsup,0.45114675,0.4542,109.21,3394,False,,20260924_125552,linux,Linux x86_64,extra2
DefMe,1,kddcup99,minsup,0.45114675,1.5365,1415.4,3395,False,,20260924_125554,linux,Linux x86_64,extra2
Eclat_Gen_Borgelt,1,kddcup99,minsup,0.45114675,0.4993,109.32,3394,False,,20260924_125555,linux,Linux x86_64,extra2
FPgrowth_Gen_Borgelt,1,kddcup99,minsup,0.45114675,0.4676,109.38,3394,False,,20260924_125555,linux,Linux x86_64,extra2
Gr_growth,1,kddcup99,minsup,0.45114675,0.2815,13.64,3395,False,,20260924_125556,linux,Linux x86_64,extra2
Zart,1,chicago,minsup,0.0014940977925552,25.105,1229.48,379,False,,20260924_125602,linux,Linux x86_64,extra2
TalkyG_Diffset,1,kddcup99,minsup,0.45114675,1.4233,818.47,3687,False,,20260924_125604,linux,Linux x86_64,extra2
Talky_G,1,kddcup99,minsup,0.45114675,1.3662,815.58,3687,False,,20260924_125605,linux,Linux x86_64,extra2
Pascal,1,kddcup99,minsup,0.45114675,40.6292,622.07,3394,False,,20260924_125637,linux,Linux x86_64,extra2
Apriori_Gen_Borgelt,1,onlineretail,minsup,0.0058890194373259,0.141,35.62,270,False,,20260924_125637,linux,Linux x86_64,extra2
DefMe,1,onlineretail,minsup,0.0058890194373259,0.7731,1141.87,271,False,,20260924_125638,linux,Linux x86_64,extra2
Eclat_Gen_Borgelt,1,onlineretail,minsup,0.0058890194373259,0.15,35.94,270,False,,20260924_125638,linux,Linux x86_64,extra2
FPgrowth_Gen_Borgelt,1,onlineretail,minsup,0.0058890194373259,0.1502,35.62,270,False,,20260924_125639,linux,Linux x86_64,extra2
Gr_growth,1,onlineretail,minsup,0.0058890194373259,0.1492,13.75,271,False,,20260924_125639,linux,Linux x86_64,extra2
Pascal,1,onlineretail,minsup,0.0058890194373259,92.667,282.67,270,False,,20260924_125812,linux,Linux x86_64,extra2
TalkyG_Diffset,1,onlineretail,minsup,0.0058890194373259,0.5556,570.27,271,False,,20260924_125813,linux,Linux x86_64,extra2
Talky_G,1,onlineretail,minsup,0.0058890194373259,0.6172,663.88,271,False,,20260924_125814,linux,Linux x86_64,extra2
Zart,1,onlineretail,minsup,0.0058890194373259,87.3878,784.0,271,False,,20260924_125941,linux,Linux x86_64,extra2
Apriori_Gen_Borgelt,1,pamap,minsup,0.63655675,0.754,139.55,1673,False,,20260924_125942,linux,Linux x86_64,extra2
DefMe,1,pamap,minsup,0.63655675,1.5887,1705.5,1674,False,,20260924_125944,linux,Linux x86_64,extra2
Eclat_Gen_Borgelt,1,pamap,minsup,0.63655675,0.7684,139.68,1673,False,,20260924_125945,linux,Linux x86_64,extra2
FPgrowth_Gen_Borgelt,1,pamap,minsup,0.63655675,0.7153,139.71,1673,False,,20260924_125946,linux,Linux x86_64,extra2
Gr_growth,1,pamap,minsup,0.63655675,0.4392,14.06,1674,False,,20260924_125947,linux,Linux x86_64,extra2
Pascal,1,pamap,minsup,0.63655675,54.9236,675.94,1673,False,,20260924_130042,linux,Linux x86_64,extra2
TalkyG_Diffset,1,pamap,minsup,0.63655675,2.0118,1745.98,1674,False,,20260924_130044,linux,Linux x86_64,extra2
Talky_G,1,pamap,minsup,0.63655675,2.0661,1620.77,1674,False,,20260924_130046,linux,Linux x86_64,extra2
Zart,1,kddcup99,minsup,0.45114675,354.6493,1336.42,3395,False,,20260924_130200,linux,Linux x86_64,extra2
Apriori_Gen_Borgelt,1,recordlink,minsup,0.0439401265930671,0.2227,50.21,2550,False,,20260924_130201,linux,Linux x86_64,extra2
DefMe,1,recordlink,minsup,0.0439401265930671,0.7757,838.53,2551,False,,20260924_130202,linux,Linux x86_64,extra2
Eclat_Gen_Borgelt,1,recordlink,minsup,0.0439401265930671,0.2371,53.15,2550,False,,20260924_130202,linux,Linux x86_64,extra2
FPgrowth_Gen_Borgelt,1,recordlink,minsup,0.0439401265930671,0.2224,53.15,2550,False,,20260924_130203,linux,Linux x86_64,extra2
Gr_growth,1,recordlink,minsup,0.0439401265930671,0.1065,13.75,2551,False,,20260924_130203,linux,Linux x86_64,extra2
Zart,1,pamap,minsup,0.63655675,90.7496,1883.96,1674,False,,20260924_130217,linux,Linux x86_64,extra2
TalkyG_Diffset,1,recordlink,minsup,0.0439401265930671,0.6844,509.01,2551,False,,20260924_130218,linux,Linux x86_64,extra2
Talky_G,1,recordlink,minsup,0.0439401265930671,0.6705,377.6,2551,False,,20260924_130219,linux,Linux x86_64,extra2
Pascal,1,recordlink,minsup,0.0439401265930671,19.602,329.29,2550,False,,20260924_130223,linux,Linux x86_64,extra2
Apriori_Gen_Borgelt,1,chicago,minsup,9.29644154754388e-06,0.5379,132.49,18503,False,,20260924_130224,linux,Linux x86_64,extra2
DefMe,1,chicago,minsup,9.29644154754388e-06,7.0549,1836.28,18504,False,,20260924_130231,linux,Linux x86_64,extra2
Eclat_Gen_Borgelt,1,chicago,minsup,9.29644154754388e-06,0.5375,135.05,18503,False,,20260924_130232,linux,Linux x86_64,extra2
FPgrowth_Gen_Borgelt,1,chicago,minsup,9.29644154754388e-06,0.5184,134.06,18503,False,,20260924_130232,linux,Linux x86_64,extra2
Gr_growth,1,chicago,minsup,9.29644154754388e-06,0.2069,15.3,18504,False,,20260924_130233,linux,Linux x86_64,extra2
Zart,1,recordlink,minsup,0.0439401265930671,98.4032,766.5,2551,False,,20260924_130358,linux,Linux x86_64,extra2
TalkyG_Diffset,1,chicago,minsup,9.29644154754388e-06,3.398,1864.03,18506,False,,20260924_130401,linux,Linux x86_64,extra2
Talky_G,1,chicago,minsup,9.29644154754388e-06,2.2952,1903.22,18506,False,,20260924_130404,linux,Linux x86_64,extra2
Pascal,1,chicago,minsup,9.29644154754388e-06,229.861,394.77,18503,False,,20260924_130623,linux,Linux x86_64,extra2
Apriori_Gen_Borgelt,1,kddcup99,minsup,0.00029375,0.5174,113.03,69925,False,,20260924_130624,linux,Linux x86_64,extra2
DefMe,1,kddcup99,minsup,0.00029375,16.3038,1379.25,69926,False,,20260924_130640,linux,Linux x86_64,extra2
Eclat_Gen_Borgelt,1,kddcup99,minsup,0.00029375,0.553,113.06,69925,False,,20260924_130641,linux,Linux x86_64,extra2
FPgrowth_Gen_Borgelt,1,kddcup99,minsup,0.00029375,0.5021,113.27,69925,False,,20260924_130642,linux,Linux x86_64,extra2
Gr_growth,1,kddcup99,minsup,0.00029375,0.3426,16.14,69926,False,,20260924_130642,linux,Linux x86_64,extra2
Zart,1,chicago,minsup,9.29644154754388e-06,1057.9855,1695.39,18504,False,,20260924_132142,linux,Linux x86_64,extra2
TalkyG_Diffset,1,kddcup99,minsup,0.00029375,4.2389,1547.34,76770,False,,20260924_132147,linux,Linux x86_64,extra2
Talky_G,1,kddcup99,minsup,0.00029375,3.3176,1499.53,76770,False,,20260924_132150,linux,Linux x86_64,extra2
Pascal,1,kddcup99,minsup,0.00029375,3588.2038,767.3,69925,False,,20260924_140631,linux,Linux x86_64,extra2
Apriori_Gen_Borgelt,1,onlineretail,minsup,0.0015334301653236,0.1531,35.82,1510,False,,20260924_140631,linux,Linux x86_64,extra2
DefMe,1,onlineretail,minsup,0.0015334301653236,2.1924,2116.93,1511,False,,20260924_140634,linux,Linux x86_64,extra2
Eclat_Gen_Borgelt,1,onlineretail,minsup,0.0015334301653236,0.1481,35.78,1510,False,,20260924_140634,linux,Linux x86_64,extra2
FPgrowth_Gen_Borgelt,1,onlineretail,minsup,0.0015334301653236,0.1437,35.63,1510,False,,20260924_140634,linux,Linux x86_64,extra2
Gr_growth,1,onlineretail,minsup,0.0015334301653236,0.1445,13.91,1511,False,,20260924_140635,linux,Linux x86_64,extra2
Pascal,1,onlineretail,minsup,0.0015334301653236,834.7978,289.1,1510,False,,20260924_142030,linux,Linux x86_64,extra2
TalkyG_Diffset,1,onlineretail,minsup,0.0015334301653236,0.6137,603.0,1527,False,,20260924_142031,linux,Linux x86_64,extra2
Talky_G,1,onlineretail,minsup,0.0015334301653236,0.7463,969.79,1527,False,,20260924_142032,linux,Linux x86_64,extra2
Zart,1,kddcup99,minsup,0.00029375,3600.0609,926.16,0,True,,20260924_142150,linux,Linux x86_64,extra2
Apriori_Gen_Borgelt,1,pamap,minsup,0.04525675,147.862,825.86,20842078,False,,20260924_142420,linux,Linux x86_64,extra2
Zart,1,onlineretail,minsup,0.0015334301653236,800.5185,882.88,1511,False,,20260924_143352,linux,Linux x86_64,extra2
Eclat_Gen_Borgelt,1,pamap,minsup,0.04525675,28.4018,1946.2,20842078,False,,20260924_143422,linux,Linux x86_64,extra2
FPgrowth_Gen_Borgelt,1,pamap,minsup,0.04525675,23.7877,1960.66,20842078,False,,20260924_143448,linux,Linux x86_64,extra2
Gr_growth,1,pamap,minsup,0.04525675,21.4911,1033.28,20842079,False,,20260924_143511,linux,Linux x86_64,extra2
DefMe,1,pamap,minsup,0.04525675,3600.0961,1802.48,18515363,True,,20260924_152421,linux,Linux x86_64,extra2
Pascal,1,pamap,minsup,0.04525675,3600.1394,690.78,251742,True,,20260924_153511,linux,Linux x86_64,extra2
TalkyG_Diffset,1,pamap,minsup,0.04525675,3600.1739,2934.83,14558305,True,,20260924_162423,linux,Linux x86_64,extra2
Talky_G,1,pamap,minsup,0.04525675,3600.2053,3007.59,15116610,True,,20260924_163513,linux,Linux x86_64,extra2
Apriori_Gen_Borgelt,1,recordlink,minsup,0.0001021893747401,0.208,50.01,8989,False,,20260924_163513,linux,Linux x86_64,extra2
DefMe,1,recordlink,minsup,0.0001021893747401,1.4279,815.78,8990,False,,20260924_163515,linux,Linux x86_64,extra2
Eclat_Gen_Borgelt,1,recordlink,minsup,0.0001021893747401,0.223,56.87,8989,False,,20260924_163515,linux,Linux x86_64,extra2
FPgrowth_Gen_Borgelt,1,recordlink,minsup,0.0001021893747401,0.2202,57.17,8989,False,,20260924_163516,linux,Linux x86_64,extra2
Gr_growth,1,recordlink,minsup,0.0001021893747401,0.1205,13.92,8990,False,,20260924_163516,linux,Linux x86_64,extra2
Pascal,1,recordlink,minsup,0.0001021893747401,56.3277,324.36,8989,False,,20260924_163613,linux,Linux x86_64,extra2
TalkyG_Diffset,1,recordlink,minsup,0.0001021893747401,0.8799,829.45,9186,False,,20260924_163614,linux,Linux x86_64,extra2
Talky_G,1,recordlink,minsup,0.0001021893747401,0.8454,833.45,9186,False,,20260924_163615,linux,Linux x86_64,extra2
Zart,1,recordlink,minsup,0.0001021893747401,608.0888,830.86,8990,False,,20260924_164623,linux,Linux x86_64,extra2
Apriori_Gen_Borgelt,1,kddcup99,minsup,2.775e-05,0.5342,113.26,87682,False,,20260924_164624,linux,Linux x86_64,extra2
DefMe,1,kddcup99,minsup,2.775e-05,22.6675,1297.85,87683,False,,20260924_164647,linux,Linux x86_64,extra2
Eclat_Gen_Borgelt,1,kddcup99,minsup,2.775e-05,0.5512,112.89,87682,False,,20260924_164648,linux,Linux x86_64,extra2
FPgrowth_Gen_Borgelt,1,kddcup99,minsup,2.775e-05,0.5121,113.39,87682,False,,20260924_164648,linux,Linux x86_64,extra2
Gr_growth,1,kddcup99,minsup,2.775e-05,0.3537,16.73,87683,False,,20260924_164649,linux,Linux x86_64,extra2
Zart,1,pamap,minsup,0.04525675,3600.1844,1821.8,0,True,,20260924_172423,linux,Linux x86_64,extra2
TalkyG_Diffset,1,kddcup99,minsup,2.775e-05,5.1374,1534.2,96853,False,,20260924_172429,linux,Linux x86_64,extra2
Talky_G,1,kddcup99,minsup,2.775e-05,4.014,1542.3,96853,False,,20260924_172433,linux,Linux x86_64,extra2
Pascal,1,kddcup99,minsup,2.775e-05,3600.088,776.91,79165,True,,20260924_174649,linux,Linux x86_64,extra2
Apriori_Gen_Borgelt,1,onlineretail,minsup,0.0004010509663154,0.1482,35.75,5987,False,,20260924_174650,linux,Linux x86_64,extra2
DefMe,1,onlineretail,minsup,0.0004010509663154,8.2196,2041.07,5988,False,,20260924_174658,linux,Linux x86_64,extra2
Eclat_Gen_Borgelt,1,onlineretail,minsup,0.0004010509663154,0.1469,35.91,5987,False,,20260924_174659,linux,Linux x86_64,extra2
FPgrowth_Gen_Borgelt,1,onlineretail,minsup,0.0004010509663154,0.1427,35.78,5987,False,,20260924_174659,linux,Linux x86_64,extra2
Gr_growth,1,onlineretail,minsup,0.0004010509663154,0.1572,13.91,5988,False,,20260924_174659,linux,Linux x86_64,extra2
Zart,1,kddcup99,minsup,2.775e-05,3600.1521,892.87,0,True,,20260924_182433,linux,Linux x86_64,extra2
TalkyG_Diffset,1,onlineretail,minsup,0.0004010509663154,1.0926,2096.0,6116,False,,20260924_182435,linux,Linux x86_64,extra2
Talky_G,1,onlineretail,minsup,0.0004010509663154,1.0922,1816.75,6116,False,,20260924_182436,linux,Linux x86_64,extra2
Pascal,1,onlineretail,minsup,0.0004010509663154,3600.1194,287.49,686,True,,20260924_184700,linux,Linux x86_64,extra2
Apriori_Gen_Borgelt,1,pamap,minsup,0.00018775,248.7193,7833.06,0,False,non-zero exit code 1: /home/hanketsu/Desktop/Projects/CENG643/TermProject/external_algos/borgelt/apriori: not enough memory,20260924_185109,linux,Linux x86_64,extra2
Zart,1,onlineretail,minsup,0.0004010509663154,3069.9668,1757.5,5988,False,,20260924_191546,linux,Linux x86_64,extra2
Eclat_Gen_Borgelt,1,pamap,minsup,0.00018775,286.6328,7832.04,81536254,False,non-zero exit code 1: /home/hanketsu/Desktop/Projects/CENG643/TermProject/external_algos/borgelt/eclat: not enough memory,20260924_192038,linux,Linux x86_64,extra2
FPgrowth_Gen_Borgelt,1,pamap,minsup,0.00018775,272.8343,7830.52,81496188,False,non-zero exit code 1: /home/hanketsu/Desktop/Projects/CENG643/TermProject/external_algos/borgelt/fpgrowth: not enough memory,20260924_192516,linux,Linux x86_64,extra2
Gr_growth,1,pamap,minsup,0.00018775,306.3922,7834.09,163893921,False,killed by signal 6: what():  std::bad_alloc,20260924_193034,linux,Linux x86_64,extra2
DefMe,1,pamap,minsup,0.00018775,3600.1465,1983.21,14839070,True,,20260924_195110,linux,Linux x86_64,extra2
Pascal,1,pamap,minsup,0.00018775,3600.0715,696.11,42344,True,,20260924_203034,linux,Linux x86_64,extra2
TalkyG_Diffset,1,pamap,minsup,0.00018775,3600.2017,2336.16,11129983,True,,20260924_205111,linux,Linux x86_64,extra2
Talky_G,1,pamap,minsup,0.00018775,3600.1952,2363.75,11398930,True,,20260924_213035,linux,Linux x86_64,extra2
Apriori_Gen_Borgelt,1,onlineretail,minsup,4.024386859220471e-05,0.163,35.67,14687,False,,20260924_213035,linux,Linux x86_64,extra2
DefMe,1,onlineretail,minsup,4.024386859220471e-05,27.3897,2115.43,14688,False,,20260924_213103,linux,Linux x86_64,extra2
Eclat_Gen_Borgelt,1,onlineretail,minsup,4.024386859220471e-05,0.1527,37.47,14687,False,,20260924_213103,linux,Linux x86_64,extra2
FPgrowth_Gen_Borgelt,1,onlineretail,minsup,4.024386859220471e-05,0.1468,38.25,14687,False,,20260924_213104,linux,Linux x86_64,extra2
Gr_growth,1,onlineretail,minsup,4.024386859220471e-05,0.1566,14.38,14688,False,,20260924_213104,linux,Linux x86_64,extra2
Zart,1,pamap,minsup,0.00018775,3600.2,2039.44,0,True,,20260924_215112,linux,Linux x86_64,extra2
TalkyG_Diffset,1,onlineretail,minsup,4.024386859220471e-05,1.8719,1654.93,15221,False,,20260924_215114,linux,Linux x86_64,extra2
Talky_G,1,onlineretail,minsup,4.024386859220471e-05,1.6833,2133.53,15221,False,,20260924_215116,linux,Linux x86_64,extra2
Pascal,1,onlineretail,minsup,4.024386859220471e-05,3600.0886,299.98,1614,True,,20260924_223104,linux,Linux x86_64,extra2
Zart,1,onlineretail,minsup,4.024386859220471e-05,3600.195,2325.71,0,True,,20260924_225116,linux,Linux x86_64,extra2
