algorithm,category,dataset,param_name,param_value,runtime_s,peak_memory_mb,generator_count,timed_out,error,timestamp,measured,machine,source_table
DefMe,1,connect,minsup,0.2,39.339,1112.82,1482862,False,,20260604_215741,rerun,Linux x86_64,summary
DefMe,1,connect,minsup,0.3,12.4079,997.82,460357.0,False,,20260604_215741,remeasured,Linux x86_64,summary
DefMe,1,connect,minsup,0.5,3.4386,1090.26,130102.0,False,,20260604_215741,remeasured,Linux x86_64,summary
DefMe,1,connect,minsup,0.7,1.2143,890.95,35876.0,False,,20260604_215741,remeasured,Linux x86_64,summary
DefMe,1,chess,minsup,0.2,33.3844,751.8,25031186,False,,20260604_215741,rerun,Linux x86_64,summary
DefMe,1,chess,minsup,0.3,6.4614,590.56,5601829.0,False,,20260604_215741,remeasured,Linux x86_64,summary
DefMe,1,chess,minsup,0.5,0.6254,473.41,372604.0,False,,20260604_215741,remeasured,Linux x86_64,summary
DefMe,1,chess,minsup,0.7,0.2326,158.77,23893.0,False,,20260604_215741,remeasured,Linux x86_64,summary
DefMe,1,t10i4d100k,minsup,0.2,0.2793,150.71,1.0,False,,20260604_215741,remeasured,Linux x86_64,summary
DefMe,1,t10i4d100k,minsup,0.3,0.2721,151.82,1.0,False,,20260604_215741,remeasured,Linux x86_64,summary
DefMe,1,t10i4d100k,minsup,0.5,0.2807,149.84,1.0,False,,20260604_215741,remeasured,Linux x86_64,summary
DefMe,1,t10i4d100k,minsup,0.7,0.2792,154.07,1.0,False,,20260604_215741,remeasured,Linux x86_64,summary
DefMe,1,retail,minsup,0.2,0.378,478.55,4.0,False,,20260604_215741,remeasured,Linux x86_64,summary
DefMe,1,retail,minsup,0.3,0.3836,484.46,4.0,False,,20260604_215741,remeasured,Linux x86_64,summary
DefMe,1,retail,minsup,0.5,0.3782,481.9,2.0,False,,20260604_215741,remeasured,Linux x86_64,summary
DefMe,1,retail,minsup,0.7,0.3754,481.86,1.0,False,,20260604_215741,remeasured,Linux x86_64,summary
Talky_G,1,connect,minsup,0.2,36.2326,728.72,1482862,False,,20260604_215741,rerun,Linux x86_64,summary
Talky_G,1,connect,minsup,0.3,2.9281,643.98,460357.0,False,,20260604_215741,remeasured,Linux x86_64,summary
Talky_G,1,connect,minsup,0.5,0.877,514.44,130102.0,False,,20260604_215741,remeasured,Linux x86_64,summary
Talky_G,1,connect,minsup,0.7,0.5948,348.08,35876.0,False,,20260604_215741,remeasured,Linux x86_64,summary
Talky_G,1,chess,minsup,0.3,994.1657,871.21,5601874,False,,20260604_215741,rerun,Linux x86_64,summary
Talky_G,1,chess,minsup,0.5,3.0274,379.3,372604.0,False,,20260604_215741,remeasured,Linux x86_64,summary
Talky_G,1,chess,minsup,0.7,0.2556,115.34,23893.0,False,,20260604_215741,remeasured,Linux x86_64,summary
Talky_G,1,t10i4d100k,minsup,0.2,0.3068,152.2,1.0,False,,20260604_215741,remeasured,Linux x86_64,summary
Talky_G,1,t10i4d100k,minsup,0.3,0.3159,152.18,1.0,False,,20260604_215741,remeasured,Linux x86_64,summary
Talky_G,1,t10i4d100k,minsup,0.5,0.3144,153.44,1.0,False,,20260604_215741,remeasured,Linux x86_64,summary
Talky_G,1,t10i4d100k,minsup,0.7,0.3118,151.88,1.0,False,,20260604_215741,remeasured,Linux x86_64,summary
Talky_G,1,retail,minsup,0.2,0.6051,1153.82,4.0,False,,20260604_215741,remeasured,Linux x86_64,summary
Talky_G,1,retail,minsup,0.3,0.6143,1152.38,4.0,False,,20260604_215741,remeasured,Linux x86_64,summary
Talky_G,1,retail,minsup,0.5,0.6138,1155.51,2.0,False,,20260604_215741,remeasured,Linux x86_64,summary
Talky_G,1,retail,minsup,0.7,0.6108,1150.65,1.0,False,,20260604_215741,remeasured,Linux x86_64,summary
Pascal,1,connect,minsup,0.2,3600.0901,1050.15,,True,,20260605_080337,rerun,Linux x86_64,summary
Pascal,1,connect,minsup,0.3,3600.1463,818.22,,True,,20260605_080337,rerun,Linux x86_64,summary
Pascal,1,connect,minsup,0.5,3600.1394,733.87,,True,,20260605_080337,rerun,Linux x86_64,summary
Pascal,1,connect,minsup,0.7,3600.1371,566.24,,True,,20260605_080337,rerun,Linux x86_64,summary
Pascal,1,chess,minsup,0.2,3600.1119,731.03,,True,,20260605_080337,rerun,Linux x86_64,summary
Pascal,1,chess,minsup,0.3,3600.0519,768.73,,True,,20260605_080337,rerun,Linux x86_64,summary
Pascal,1,chess,minsup,0.5,441.1246,415.89,372603,False,,20260605_080337,rerun,Linux x86_64,summary
Pascal,1,chess,minsup,0.7,3.0817,104.99,23892.0,False,,20260605_080337,remeasured,Linux x86_64,summary
Pascal,1,t10i4d100k,minsup,0.2,0.2441,124.71,0.0,False,,20260605_080337,remeasured,Linux x86_64,summary
Pascal,1,t10i4d100k,minsup,0.3,0.2513,129.48,0.0,False,,20260605_080337,remeasured,Linux x86_64,summary
Pascal,1,t10i4d100k,minsup,0.5,0.2453,129.3,0.0,False,,20260605_080337,remeasured,Linux x86_64,summary
Pascal,1,t10i4d100k,minsup,0.7,0.2551,128.42,0.0,False,,20260605_080337,remeasured,Linux x86_64,summary
Pascal,1,retail,minsup,0.2,0.271,123.56,3.0,False,,20260605_080337,remeasured,Linux x86_64,summary
Pascal,1,retail,minsup,0.3,0.2713,125.85,3.0,False,,20260605_080337,remeasured,Linux x86_64,summary
Pascal,1,retail,minsup,0.5,0.2582,125.28,1.0,False,,20260605_080337,remeasured,Linux x86_64,summary
Pascal,1,retail,minsup,0.7,0.2531,124.11,0.0,False,,20260605_080337,remeasured,Linux x86_64,summary
Zart,1,connect,minsup,0.2,3600.1313,551.76,,True,,20260605_080337,rerun,Linux x86_64,summary
Zart,1,connect,minsup,0.3,3600.1297,548.79,,True,,20260605_080337,rerun,Linux x86_64,summary
Zart,1,connect,minsup,0.5,3600.1279,481.43,,True,,20260605_080337,rerun,Linux x86_64,summary
Zart,1,connect,minsup,0.7,3600.131,501.77,,True,,20260605_080337,rerun,Linux x86_64,summary
Zart,1,chess,minsup,0.2,3600.1367,546.62,,True,,20260605_080337,rerun,Linux x86_64,summary
Zart,1,chess,minsup,0.3,3600.1341,617.25,,True,,20260605_080337,rerun,Linux x86_64,summary
Zart,1,chess,minsup,0.5,3600.0631,565.08,,True,,20260605_080337,rerun,Linux x86_64,summary
Zart,1,chess,minsup,0.7,44.1872,404.79,23893,False,,20260605_080337,rerun,Linux x86_64,summary
Zart,1,t10i4d100k,minsup,0.2,0.3054,156.22,0.0,False,,20260605_080337,remeasured,Linux x86_64,summary
Zart,1,t10i4d100k,minsup,0.3,0.2949,155.03,0.0,False,,20260605_080337,remeasured,Linux x86_64,summary
Zart,1,t10i4d100k,minsup,0.5,0.306,153.89,0.0,False,,20260605_080337,remeasured,Linux x86_64,summary
Zart,1,t10i4d100k,minsup,0.7,0.2976,150.1,0.0,False,,20260605_080337,remeasured,Linux x86_64,summary
Zart,1,retail,minsup,0.2,0.3404,151.78,4.0,False,,20260605_080337,remeasured,Linux x86_64,summary
Zart,1,retail,minsup,0.3,0.3292,151.32,4.0,False,,20260605_080337,remeasured,Linux x86_64,summary
Zart,1,retail,minsup,0.5,0.3163,152.5,2.0,False,,20260605_080337,remeasured,Linux x86_64,summary
Zart,1,retail,minsup,0.7,0.3161,151.05,0.0,False,,20260605_080337,remeasured,Linux x86_64,summary
TalkyG_Diffset,1,connect,minsup,0.2,39.8986,876.0,1482862,False,,20260605_080337,rerun,Linux x86_64,summary
TalkyG_Diffset,1,connect,minsup,0.3,3.5146,963.05,460357.0,False,,20260605_080337,remeasured,Linux x86_64,summary
TalkyG_Diffset,1,connect,minsup,0.5,1.0608,650.89,130102.0,False,,20260605_080337,remeasured,Linux x86_64,summary
TalkyG_Diffset,1,connect,minsup,0.7,0.6369,359.92,35876.0,False,,20260605_080337,remeasured,Linux x86_64,summary
TalkyG_Diffset,1,chess,minsup,0.2,3600.1187,1581.16,,True,,20260605_080337,rerun,Linux x86_64,summary
TalkyG_Diffset,1,chess,minsup,0.3,946.3379,912.7,5601874,False,,20260605_080337,rerun,Linux x86_64,summary
TalkyG_Diffset,1,chess,minsup,0.5,2.9883,410.01,372604.0,False,,20260605_080337,remeasured,Linux x86_64,summary
TalkyG_Diffset,1,chess,minsup,0.7,0.2685,127.71,23893.0,False,,20260605_080337,remeasured,Linux x86_64,summary
TalkyG_Diffset,1,t10i4d100k,minsup,0.2,0.3045,153.45,1.0,False,,20260605_080337,remeasured,Linux x86_64,summary
TalkyG_Diffset,1,t10i4d100k,minsup,0.3,0.3083,151.56,1.0,False,,20260605_080337,remeasured,Linux x86_64,summary
TalkyG_Diffset,1,t10i4d100k,minsup,0.5,0.3079,151.83,1.0,False,,20260605_080337,remeasured,Linux x86_64,summary
TalkyG_Diffset,1,t10i4d100k,minsup,0.7,0.3031,154.51,1.0,False,,20260605_080337,remeasured,Linux x86_64,summary
TalkyG_Diffset,1,retail,minsup,0.2,0.5924,1161.95,4.0,False,,20260605_080337,remeasured,Linux x86_64,summary
TalkyG_Diffset,1,retail,minsup,0.3,0.6091,1117.43,4.0,False,,20260605_080337,remeasured,Linux x86_64,summary
TalkyG_Diffset,1,retail,minsup,0.5,0.5985,1116.02,2.0,False,,20260605_080337,remeasured,Linux x86_64,summary
TalkyG_Diffset,1,retail,minsup,0.7,0.5905,1159.84,1.0,False,,20260605_080337,remeasured,Linux x86_64,summary
FGC_Stream,5,connect,minsup,0.2,3600.1129,72.45,,True,,20260605_080337,rerun,Linux x86_64,summary
FGC_Stream,5,connect,minsup,0.3,3600.0319,98.11,,True,,20260605_080337,rerun,Linux x86_64,summary
FGC_Stream,5,connect,minsup,0.5,3600.0802,152.23,,True,,20260605_080337,rerun,Linux x86_64,summary
FGC_Stream,5,connect,minsup,0.7,3600.0995,208.75,,True,,20260605_080337,rerun,Linux x86_64,summary
FGC_Stream,5,chess,minsup,0.2,3600.1218,651.84,,True,,20260605_080337,rerun,Linux x86_64,summary
FGC_Stream,5,chess,minsup,0.3,3600.126,459.46,,True,,20260605_080337,rerun,Linux x86_64,summary
FGC_Stream,5,chess,minsup,0.5,3600.0493,389.12,,True,,20260605_080337,rerun,Linux x86_64,summary
FGC_Stream,5,chess,minsup,0.7,911.3875,56.66,23992,False,,20260605_080337,rerun,Linux x86_64,summary
FGC_Stream,5,t10i4d100k,minsup,0.2,0.6982,97.63,1,False,,20260605_080337,rerun,Linux x86_64,summary
FGC_Stream,5,t10i4d100k,minsup,0.3,0.7099,97.64,1,False,,20260605_080337,rerun,Linux x86_64,summary
FGC_Stream,5,t10i4d100k,minsup,0.5,0.6987,97.48,1,False,,20260605_080337,rerun,Linux x86_64,summary
FGC_Stream,5,t10i4d100k,minsup,0.7,0.6667,97.47,1,False,,20260605_080337,rerun,Linux x86_64,summary
FGC_Stream,5,retail,minsup,0.2,34.3437,95.71,4,False,,20260605_080337,rerun,Linux x86_64,summary
FGC_Stream,5,retail,minsup,0.3,53.2454,95.71,4,False,,20260605_080337,rerun,Linux x86_64,summary
FGC_Stream,5,retail,minsup,0.5,0.8554,95.93,2,False,,20260605_080337,rerun,Linux x86_64,summary
FGC_Stream,5,retail,minsup,0.7,0.8061,95.76,1,False,,20260605_080337,rerun,Linux x86_64,summary
Arima,5,connect,maxsup,0.1,3600.2003,2858.83,,True,,20260605_080337,rerun,Linux x86_64,summary
Arima,5,connect,maxsup,0.2,394.5635,8258.57,,False,java.lang.OutOfMemoryError: Java heap space,20260605_080337,rerun,Linux x86_64,summary
Arima,5,connect,maxsup,0.3,209.9342,8270.09,,False,java.lang.OutOfMemoryError: Java heap space,20260605_080337,rerun,Linux x86_64,summary
Arima,5,chess,maxsup,0.1,67.1115,8230.62,,False,java.lang.OutOfMemoryError: Java heap space,20260605_080337,rerun,Linux x86_64,summary
Arima,5,chess,maxsup,0.2,70.5496,8265.13,,False,java.lang.OutOfMemoryError: Java heap space,20260605_080337,rerun,Linux x86_64,summary
Arima,5,chess,maxsup,0.3,67.7226,7366.21,180161,False,,20260605_080337,rerun,Linux x86_64,summary
Arima,5,t10i4d100k,maxsup,0.1,0.217,95.76,870.0,False,,20260605_080337,remeasured,Linux x86_64,summary
Arima,5,t10i4d100k,maxsup,0.2,0.2249,95.27,870.0,False,,20260605_080337,remeasured,Linux x86_64,summary
Arima,5,t10i4d100k,maxsup,0.3,0.2133,99.11,870.0,False,,20260605_080337,remeasured,Linux x86_64,summary
Arima,5,retail,maxsup,0.1,0.2727,108.88,16472.0,False,,20260605_080337,remeasured,Linux x86_64,summary
Arima,5,retail,maxsup,0.2,0.2617,107.75,16468.0,False,,20260605_080337,remeasured,Linux x86_64,summary
Arima,5,retail,maxsup,0.3,0.2557,108.42,16468.0,False,,20260605_080337,remeasured,Linux x86_64,summary
DefMe,1,mushroom,minsup,0.2,0.2205,122.4,1704.0,False,,20260722_121411,remeasured,Linux x86_64,summary
DefMe,1,mushroom,minsup,0.3,0.2045,94.34,544.0,False,,20260722_121411,remeasured,Linux x86_64,summary
DefMe,1,mushroom,minsup,0.5,0.2096,96.62,53.0,False,,20260722_121411,remeasured,Linux x86_64,summary
DefMe,1,mushroom,minsup,0.7,0.2074,93.88,13.0,False,,20260722_121411,remeasured,Linux x86_64,summary
Talky_G,1,mushroom,minsup,0.2,0.2252,98.43,1852.0,False,,20260722_121411,remeasured,Linux x86_64,summary
Talky_G,1,mushroom,minsup,0.3,0.2265,96.07,551.0,False,,20260722_121411,remeasured,Linux x86_64,summary
Talky_G,1,mushroom,minsup,0.5,0.2102,96.1,52.0,False,,20260722_121411,remeasured,Linux x86_64,summary
Talky_G,1,mushroom,minsup,0.7,0.215,96.0,12.0,False,,20260722_121411,remeasured,Linux x86_64,summary
Pascal,1,mushroom,minsup,0.2,0.9832,109.09,1703.0,False,,20260722_121411,remeasured,Linux x86_64,summary
Pascal,1,mushroom,minsup,0.3,0.3789,98.48,543.0,False,,20260722_121411,remeasured,Linux x86_64,summary
Pascal,1,mushroom,minsup,0.5,0.224,99.4,52.0,False,,20260722_121411,remeasured,Linux x86_64,summary
Pascal,1,mushroom,minsup,0.7,0.1977,102.22,12.0,False,,20260722_121411,remeasured,Linux x86_64,summary
Zart,1,mushroom,minsup,0.2,44.2896,395.38,1704,False,,20260722_121411,rerun,Linux x86_64,summary
Zart,1,mushroom,minsup,0.3,1.2506,198.01,544.0,False,,20260722_121411,remeasured,Linux x86_64,summary
Zart,1,mushroom,minsup,0.5,0.2785,107.58,53.0,False,,20260722_121411,remeasured,Linux x86_64,summary
Zart,1,mushroom,minsup,0.7,0.2146,95.3,13.0,False,,20260722_121411,remeasured,Linux x86_64,summary
TalkyG_Diffset,1,mushroom,minsup,0.2,0.2252,99.75,1852.0,False,,20260722_121411,remeasured,Linux x86_64,summary
TalkyG_Diffset,1,mushroom,minsup,0.3,0.2251,97.12,551.0,False,,20260722_121411,remeasured,Linux x86_64,summary
TalkyG_Diffset,1,mushroom,minsup,0.5,0.2134,96.25,52.0,False,,20260722_121411,remeasured,Linux x86_64,summary
TalkyG_Diffset,1,mushroom,minsup,0.7,0.2185,97.82,12.0,False,,20260722_121411,remeasured,Linux x86_64,summary
FGC_Stream,5,mushroom,minsup,0.2,134.1415,24.49,1704,False,,20260722_121411,rerun,Linux x86_64,summary
FGC_Stream,5,mushroom,minsup,0.3,69.8936,23.31,544,False,,20260722_121411,rerun,Linux x86_64,summary
FGC_Stream,5,mushroom,minsup,0.5,8.3822,22.46,53,False,,20260722_121411,rerun,Linux x86_64,summary
FGC_Stream,5,mushroom,minsup,0.7,0.4118,22.18,13,False,,20260722_121411,rerun,Linux x86_64,summary
Arima,5,mushroom,maxsup,0.1,1.343,342.01,3077.0,False,,20260722_121411,remeasured,Linux x86_64,summary
Arima,5,mushroom,maxsup,0.2,0.27,112.59,1004.0,False,,20260722_121411,remeasured,Linux x86_64,summary
Arima,5,mushroom,maxsup,0.3,0.2108,88.53,409.0,False,,20260722_121411,remeasured,Linux x86_64,summary
Apriori_Gen_Borgelt,1,mushroom,minsup,0.1,0.1027,4.95,7584.0,False,,20260902_225814,remeasured,Linux x86_64,summary
Apriori_Gen_Borgelt,1,mushroom,minsup,0.15,0.0356,3.95,3082.0,False,,20260902_225814,remeasured,Linux x86_64,summary
Apriori_Gen_Borgelt,1,mushroom,minsup,0.2,0.0211,3.96,1703.0,False,,20260902_225814,remeasured,Linux x86_64,summary
Apriori_Gen_Borgelt,1,mushroom,minsup,0.3,0.009,3.94,543.0,False,,20260902_225814,remeasured,Linux x86_64,summary
Apriori_Gen_Borgelt,1,mushroom,minsup,0.4,0.0083,3.99,152.0,False,,20260902_225814,remeasured,Linux x86_64,summary
Apriori_Gen_Borgelt,1,mushroom,minsup,0.5,0.008,3.97,52.0,False,,20260902_225814,remeasured,Linux x86_64,summary
Apriori_Gen_Borgelt,1,mushroom,minsup,0.6,0.0088,4.05,20.0,False,,20260902_225814,remeasured,Linux x86_64,summary
Apriori_Gen_Borgelt,1,mushroom,minsup,0.7,0.0062,3.95,12.0,False,,20260902_225814,remeasured,Linux x86_64,summary
Eclat_Gen_Borgelt,1,mushroom,minsup,0.1,0.0215,11.43,7584.0,False,,20260902_225814,remeasured,Linux x86_64,summary
Eclat_Gen_Borgelt,1,mushroom,minsup,0.15,0.0156,7.88,3082.0,False,,20260902_225814,remeasured,Linux x86_64,summary
Eclat_Gen_Borgelt,1,mushroom,minsup,0.2,0.0116,6.52,1703.0,False,,20260902_225814,remeasured,Linux x86_64,summary
Eclat_Gen_Borgelt,1,mushroom,minsup,0.3,0.0084,4.71,543.0,False,,20260902_225814,remeasured,Linux x86_64,summary
Eclat_Gen_Borgelt,1,mushroom,minsup,0.4,0.0084,4.25,152.0,False,,20260902_225814,remeasured,Linux x86_64,summary
Eclat_Gen_Borgelt,1,mushroom,minsup,0.5,0.0082,4.24,52.0,False,,20260902_225814,remeasured,Linux x86_64,summary
Eclat_Gen_Borgelt,1,mushroom,minsup,0.6,0.007,4.09,20.0,False,,20260902_225814,remeasured,Linux x86_64,summary
Eclat_Gen_Borgelt,1,mushroom,minsup,0.7,0.0078,4.08,12.0,False,,20260902_225814,remeasured,Linux x86_64,summary
FPgrowth_Gen_Borgelt,1,mushroom,minsup,0.1,0.0144,10.66,7584.0,False,,20260902_225814,remeasured,Linux x86_64,summary
FPgrowth_Gen_Borgelt,1,mushroom,minsup,0.15,0.0108,7.55,3082.0,False,,20260902_225814,remeasured,Linux x86_64,summary
FPgrowth_Gen_Borgelt,1,mushroom,minsup,0.2,0.0131,6.26,1703.0,False,,20260902_225814,remeasured,Linux x86_64,summary
FPgrowth_Gen_Borgelt,1,mushroom,minsup,0.3,0.0099,4.6,543.0,False,,20260902_225814,remeasured,Linux x86_64,summary
FPgrowth_Gen_Borgelt,1,mushroom,minsup,0.4,0.009,4.45,152.0,False,,20260902_225814,remeasured,Linux x86_64,summary
FPgrowth_Gen_Borgelt,1,mushroom,minsup,0.5,0.0073,4.09,52.0,False,,20260902_225814,remeasured,Linux x86_64,summary
FPgrowth_Gen_Borgelt,1,mushroom,minsup,0.6,0.0074,4.06,20.0,False,,20260902_225814,remeasured,Linux x86_64,summary
FPgrowth_Gen_Borgelt,1,mushroom,minsup,0.7,0.007,3.96,12.0,False,,20260902_225814,remeasured,Linux x86_64,summary
FPgrowth_Gen_Borgelt,1,pumsb,minsup,0.6,1.4923,285.98,2853041.0,False,,20260902_232634,remeasured,Linux x86_64,summary
FPgrowth_Gen_Borgelt,1,pumsb,minsup,0.7,0.3033,68.51,658379.0,False,,20260902_232634,remeasured,Linux x86_64,summary
FPgrowth_Gen_Borgelt,1,pumsb,minsup,0.75,0.153,32.53,248298.0,False,,20260902_232634,remeasured,Linux x86_64,summary
FPgrowth_Gen_Borgelt,1,pumsb,minsup,0.8,0.1041,26.45,67835.0,False,,20260902_232634,remeasured,Linux x86_64,summary
FPgrowth_Gen_Borgelt,1,pumsb,minsup,0.85,0.0914,25.55,13789.0,False,,20260902_232634,remeasured,Linux x86_64,summary
FPgrowth_Gen_Borgelt,1,pumsb,minsup,0.9,0.088,21.0,2030.0,False,,20260902_232634,remeasured,Linux x86_64,summary
FPgrowth_Gen_Borgelt,1,pumsb,minsup,0.95,0.0801,18.61,141.0,False,,20260902_232634,remeasured,Linux x86_64,summary
FPgrowth_Gen_Borgelt,1,accidents,minsup,0.3,0.593,101.22,149529.0,False,,20260902_232634,remeasured,Linux x86_64,summary
FPgrowth_Gen_Borgelt,1,accidents,minsup,0.4,0.4903,87.92,32528.0,False,,20260902_232634,remeasured,Linux x86_64,summary
FPgrowth_Gen_Borgelt,1,accidents,minsup,0.5,0.4175,73.08,8057.0,False,,20260902_232634,remeasured,Linux x86_64,summary
FPgrowth_Gen_Borgelt,1,accidents,minsup,0.6,0.3781,65.38,2074.0,False,,20260902_232634,remeasured,Linux x86_64,summary
FPgrowth_Gen_Borgelt,1,accidents,minsup,0.7,0.3313,61.46,529.0,False,,20260902_232634,remeasured,Linux x86_64,summary
FPgrowth_Gen_Borgelt,1,accidents,minsup,0.8,0.2994,61.38,149.0,False,,20260902_232634,remeasured,Linux x86_64,summary
DefMe,1,mushroom,minsup,0.05,0.3504,376.26,21391.0,False,,20260902_232659,remeasured,Linux x86_64,summary
DefMe,1,mushroom,minsup,0.1,0.2642,228.18,7585.0,False,,20260902_232659,remeasured,Linux x86_64,summary
DefMe,1,mushroom,minsup,0.15,0.2208,127.88,3083.0,False,,20260902_232659,remeasured,Linux x86_64,summary
DefMe,1,mushroom,minsup,0.4,0.1954,96.41,153.0,False,,20260902_232659,remeasured,Linux x86_64,summary
DefMe,1,mushroom,minsup,0.6,0.193,94.95,21.0,False,,20260902_232659,remeasured,Linux x86_64,summary
DefMe,1,connect,minsup,0.4,6.2768,1119.68,239373.0,False,,20260902_232659,remeasured,Linux x86_64,summary
DefMe,1,connect,minsup,0.6,1.9531,1136.65,68344.0,False,,20260902_232659,remeasured,Linux x86_64,summary
DefMe,1,connect,minsup,0.8,0.686,579.87,15108.0,False,,20260902_232659,remeasured,Linux x86_64,summary
DefMe,1,connect,minsup,0.9,0.4557,342.02,3487.0,False,,20260902_232659,remeasured,Linux x86_64,summary
DefMe,1,chess,minsup,0.4,1.72,617.02,1396843.0,False,,20260902_232659,remeasured,Linux x86_64,summary
DefMe,1,chess,minsup,0.6,0.3581,394.71,98419.0,False,,20260902_232659,remeasured,Linux x86_64,summary
DefMe,1,chess,minsup,0.8,0.1958,109.58,5084.0,False,,20260902_232659,remeasured,Linux x86_64,summary
DefMe,1,chess,minsup,0.9,0.1878,93.38,499.0,False,,20260902_232659,remeasured,Linux x86_64,summary
DefMe,1,t10i4d100k,minsup,0.001,0.9844,812.59,871.0,False,,20260902_232659,remeasured,Linux x86_64,summary
DefMe,1,t10i4d100k,minsup,0.002,0.9919,750.12,871.0,False,,20260902_232659,remeasured,Linux x86_64,summary
DefMe,1,t10i4d100k,minsup,0.005,0.9871,796.69,871.0,False,,20260902_232659,remeasured,Linux x86_64,summary
DefMe,1,t10i4d100k,minsup,0.01,0.9878,819.07,870.0,False,,20260902_232659,remeasured,Linux x86_64,summary
DefMe,1,t10i4d100k,minsup,0.02,0.2763,152.76,1.0,False,,20260902_232659,remeasured,Linux x86_64,summary
DefMe,1,t10i4d100k,minsup,0.05,0.2744,152.14,1.0,False,,20260902_232659,remeasured,Linux x86_64,summary
DefMe,1,retail,minsup,0.0005,11.5215,1945.27,19115.0,False,,20260902_232659,remeasured,Linux x86_64,summary
DefMe,1,retail,minsup,0.001,3.6265,1946.05,7573.0,False,,20260902_232659,remeasured,Linux x86_64,summary
DefMe,1,retail,minsup,0.002,1.2698,1950.6,2692.0,False,,20260902_232659,remeasured,Linux x86_64,summary
DefMe,1,retail,minsup,0.005,0.4591,583.39,581.0,False,,20260902_232659,remeasured,Linux x86_64,summary
DefMe,1,retail,minsup,0.01,0.3992,492.42,160.0,False,,20260902_232659,remeasured,Linux x86_64,summary
DefMe,1,retail,minsup,0.02,0.3888,482.64,56.0,False,,20260902_232659,remeasured,Linux x86_64,summary
DefMe,1,accidents,minsup,0.3,6.6613,1034.79,149530.0,False,,20260902_232659,remeasured,Linux x86_64,summary
DefMe,1,accidents,minsup,0.4,1.9654,1056.2,32529.0,False,,20260902_232659,remeasured,Linux x86_64,summary
DefMe,1,accidents,minsup,0.5,1.0604,909.47,8058.0,False,,20260902_232659,remeasured,Linux x86_64,summary
DefMe,1,accidents,minsup,0.6,0.8599,879.69,2075.0,False,,20260902_232659,remeasured,Linux x86_64,summary
DefMe,1,accidents,minsup,0.7,0.7956,758.89,530.0,False,,20260902_232659,remeasured,Linux x86_64,summary
DefMe,1,accidents,minsup,0.8,0.7786,683.68,150.0,False,,20260902_232659,remeasured,Linux x86_64,summary
DefMe,1,pumsb,minsup,0.6,22.3843,869.07,2853042,False,,20260902_232659,rerun,Linux x86_64,summary
DefMe,1,pumsb,minsup,0.7,4.9336,869.43,658380.0,False,,20260902_232659,remeasured,Linux x86_64,summary
DefMe,1,pumsb,minsup,0.75,2.0546,882.07,248299.0,False,,20260902_232659,remeasured,Linux x86_64,summary
DefMe,1,pumsb,minsup,0.8,0.8963,862.44,67836.0,False,,20260902_232659,remeasured,Linux x86_64,summary
DefMe,1,pumsb,minsup,0.85,0.5654,598.97,13790.0,False,,20260902_232659,remeasured,Linux x86_64,summary
DefMe,1,pumsb,minsup,0.9,0.4463,415.27,2031.0,False,,20260902_232659,remeasured,Linux x86_64,summary
DefMe,1,pumsb,minsup,0.95,0.4203,340.62,142.0,False,,20260902_232659,remeasured,Linux x86_64,summary
Talky_G,1,mushroom,minsup,0.05,0.2879,134.96,24350.0,False,,20260902_232659,remeasured,Linux x86_64,summary
Talky_G,1,mushroom,minsup,0.1,0.2402,124.39,8437.0,False,,20260902_232659,remeasured,Linux x86_64,summary
Talky_G,1,mushroom,minsup,0.15,0.2217,96.02,3287.0,False,,20260902_232659,remeasured,Linux x86_64,summary
Talky_G,1,mushroom,minsup,0.4,0.216,94.93,152.0,False,,20260902_232659,remeasured,Linux x86_64,summary
Talky_G,1,mushroom,minsup,0.6,0.2097,95.32,20.0,False,,20260902_232659,remeasured,Linux x86_64,summary
Talky_G,1,connect,minsup,0.4,1.2828,657.92,239373.0,False,,20260902_232659,remeasured,Linux x86_64,summary
Talky_G,1,connect,minsup,0.6,0.6738,406.39,68344.0,False,,20260902_232659,remeasured,Linux x86_64,summary
Talky_G,1,connect,minsup,0.8,0.539,292.77,15108.0,False,,20260902_232659,remeasured,Linux x86_64,summary
Talky_G,1,connect,minsup,0.9,0.5064,278.12,3487.0,False,,20260902_232659,remeasured,Linux x86_64,summary
Talky_G,1,chess,minsup,0.4,49.3159,497.43,1396843,False,,20260902_232659,rerun,Linux x86_64,summary
Talky_G,1,chess,minsup,0.6,0.4304,168.39,98419.0,False,,20260902_232659,remeasured,Linux x86_64,summary
Talky_G,1,chess,minsup,0.8,0.2161,94.47,5084.0,False,,20260902_232659,remeasured,Linux x86_64,summary
Talky_G,1,chess,minsup,0.9,0.2059,94.63,499.0,False,,20260902_232659,remeasured,Linux x86_64,summary
Talky_G,1,t10i4d100k,minsup,0.001,0.3167,150.87,871.0,False,,20260902_232659,remeasured,Linux x86_64,summary
Talky_G,1,t10i4d100k,minsup,0.002,0.3233,151.57,871.0,False,,20260902_232659,remeasured,Linux x86_64,summary
Talky_G,1,t10i4d100k,minsup,0.005,0.3183,152.23,871.0,False,,20260902_232659,remeasured,Linux x86_64,summary
Talky_G,1,t10i4d100k,minsup,0.01,0.3107,153.12,870.0,False,,20260902_232659,remeasured,Linux x86_64,summary
Talky_G,1,t10i4d100k,minsup,0.02,0.3147,152.68,1.0,False,,20260902_232659,remeasured,Linux x86_64,summary
Talky_G,1,t10i4d100k,minsup,0.05,0.3067,151.77,1.0,False,,20260902_232659,remeasured,Linux x86_64,summary
Talky_G,1,retail,minsup,0.0005,0.8334,1286.16,19122.0,False,,20260902_232659,remeasured,Linux x86_64,summary
Talky_G,1,retail,minsup,0.001,0.6968,1291.24,7573.0,False,,20260902_232659,remeasured,Linux x86_64,summary
Talky_G,1,retail,minsup,0.002,0.6294,1149.64,2692.0,False,,20260902_232659,remeasured,Linux x86_64,summary
Talky_G,1,retail,minsup,0.005,0.6054,1155.25,581.0,False,,20260902_232659,remeasured,Linux x86_64,summary
Talky_G,1,retail,minsup,0.01,0.6077,1152.18,160.0,False,,20260902_232659,remeasured,Linux x86_64,summary
Talky_G,1,retail,minsup,0.02,0.6081,1153.92,56.0,False,,20260902_232659,remeasured,Linux x86_64,summary
Talky_G,1,accidents,minsup,0.3,2.18,848.32,149530.0,False,,20260902_232659,remeasured,Linux x86_64,summary
Talky_G,1,accidents,minsup,0.4,1.3443,846.63,32529.0,False,,20260902_232659,remeasured,Linux x86_64,summary
Talky_G,1,accidents,minsup,0.5,1.1971,813.12,8058.0,False,,20260902_232659,remeasured,Linux x86_64,summary
Talky_G,1,accidents,minsup,0.6,1.1451,791.38,2075.0,False,,20260902_232659,remeasured,Linux x86_64,summary
Talky_G,1,accidents,minsup,0.7,1.1149,773.59,530.0,False,,20260902_232659,remeasured,Linux x86_64,summary
Talky_G,1,accidents,minsup,0.8,1.1148,715.07,150.0,False,,20260902_232659,remeasured,Linux x86_64,summary
Talky_G,1,pumsb,minsup,0.6,129.5294,1063.86,2853042,False,,20260902_232659,rerun,Linux x86_64,summary
Talky_G,1,pumsb,minsup,0.7,5.7824,966.14,658380.0,False,,20260902_232659,remeasured,Linux x86_64,summary
Talky_G,1,pumsb,minsup,0.75,1.5897,964.59,248299.0,False,,20260902_232659,remeasured,Linux x86_64,summary
Talky_G,1,pumsb,minsup,0.8,0.895,680.41,67836.0,False,,20260902_232659,remeasured,Linux x86_64,summary
Talky_G,1,pumsb,minsup,0.85,0.7813,640.47,13790.0,False,,20260902_232659,remeasured,Linux x86_64,summary
Talky_G,1,pumsb,minsup,0.9,0.7441,466.01,2031.0,False,,20260902_232659,remeasured,Linux x86_64,summary
Talky_G,1,pumsb,minsup,0.95,0.7056,451.03,142.0,False,,20260902_232659,remeasured,Linux x86_64,summary
Pascal,1,mushroom,minsup,0.05,3600.0837,545.44,,True,,20260902_232659,rerun,Linux x86_64,summary
Pascal,1,mushroom,minsup,0.1,57.691,260.66,7584,False,,20260902_232659,rerun,Linux x86_64,summary
Pascal,1,mushroom,minsup,0.15,2.1117,120.54,3082.0,False,,20260902_232659,remeasured,Linux x86_64,summary
Pascal,1,mushroom,minsup,0.4,0.2905,98.23,152.0,False,,20260902_232659,remeasured,Linux x86_64,summary
Pascal,1,mushroom,minsup,0.6,0.2098,104.1,20.0,False,,20260902_232659,remeasured,Linux x86_64,summary
Pascal,1,connect,minsup,0.4,3600.1424,691.35,,True,,20260902_232659,rerun,Linux x86_64,summary
Pascal,1,connect,minsup,0.6,3600.1418,785.24,,True,,20260902_232659,rerun,Linux x86_64,summary
Pascal,1,connect,minsup,0.8,124.7782,356.96,15107,False,,20260902_232659,rerun,Linux x86_64,summary
Pascal,1,connect,minsup,0.9,16.4821,294.99,3486.0,False,,20260902_232659,remeasured,Linux x86_64,summary
Pascal,1,chess,minsup,0.4,3600.1363,550.2,,True,,20260902_232659,rerun,Linux x86_64,summary
Pascal,1,chess,minsup,0.6,20.6284,175.95,98418.0,False,,20260902_232659,remeasured,Linux x86_64,summary
Pascal,1,chess,minsup,0.8,0.8281,97.04,5083.0,False,,20260902_232659,remeasured,Linux x86_64,summary
Pascal,1,chess,minsup,0.9,0.3224,95.89,498.0,False,,20260902_232659,remeasured,Linux x86_64,summary
Pascal,1,t10i4d100k,minsup,0.001,954.0731,155.15,870,False,,20260902_232659,rerun,Linux x86_64,summary
Pascal,1,t10i4d100k,minsup,0.002,975.784,159.95,870,False,,20260902_232659,rerun,Linux x86_64,summary
Pascal,1,t10i4d100k,minsup,0.005,995.6832,155.71,870,False,,20260902_232659,rerun,Linux x86_64,summary
Pascal,1,t10i4d100k,minsup,0.01,969.3234,165.66,869,False,,20260902_232659,rerun,Linux x86_64,summary
Pascal,1,t10i4d100k,minsup,0.02,0.2401,128.2,0.0,False,,20260902_232659,remeasured,Linux x86_64,summary
Pascal,1,t10i4d100k,minsup,0.05,0.2427,127.62,0.0,False,,20260902_232659,remeasured,Linux x86_64,summary
Pascal,1,retail,minsup,0.0005,3600.0824,690.33,,True,,20260902_232659,rerun,Linux x86_64,summary
Pascal,1,retail,minsup,0.001,3519.7285,442.03,7572,False,,20260902_232659,rerun,Linux x86_64,summary
Pascal,1,retail,minsup,0.002,1162.8797,194.34,2691,False,,20260902_232659,rerun,Linux x86_64,summary
Pascal,1,retail,minsup,0.005,53.7008,130.58,580,False,,20260902_232659,rerun,Linux x86_64,summary
Pascal,1,retail,minsup,0.01,4.288,121.17,159.0,False,,20260902_232659,remeasured,Linux x86_64,summary
Pascal,1,retail,minsup,0.02,0.5707,125.52,55.0,False,,20260902_232659,remeasured,Linux x86_64,summary
Pascal,1,accidents,minsup,0.3,2867.3672,465.76,149529,False,,20260902_232659,rerun,Linux x86_64,summary
Pascal,1,accidents,minsup,0.4,701.2038,425.86,32528,False,,20260902_232659,rerun,Linux x86_64,summary
Pascal,1,accidents,minsup,0.5,138.517,408.96,8057,False,,20260902_232659,rerun,Linux x86_64,summary
Pascal,1,accidents,minsup,0.6,47.193,409.96,2074,False,,20260902_232659,rerun,Linux x86_64,summary
Pascal,1,accidents,minsup,0.7,11.4804,409.09,529.0,False,,20260902_232659,remeasured,Linux x86_64,summary
Pascal,1,accidents,minsup,0.8,3.5074,410.24,149.0,False,,20260902_232659,remeasured,Linux x86_64,summary
Pascal,1,pumsb,minsup,0.6,3600.0766,599.46,,True,,20260902_232659,rerun,Linux x86_64,summary
Pascal,1,pumsb,minsup,0.7,3600.1416,827.57,,True,,20260902_232659,rerun,Linux x86_64,summary
Pascal,1,pumsb,minsup,0.75,1237.6079,389.08,248298,False,,20260902_232659,rerun,Linux x86_64,summary
Pascal,1,pumsb,minsup,0.8,247.1454,361.36,67835,False,,20260902_232659,rerun,Linux x86_64,summary
Pascal,1,pumsb,minsup,0.85,63.5295,360.6,13789,False,,20260902_232659,rerun,Linux x86_64,summary
Pascal,1,pumsb,minsup,0.9,7.7666,361.6,2030.0,False,,20260902_232659,remeasured,Linux x86_64,summary
Pascal,1,pumsb,minsup,0.95,1.0149,365.98,141.0,False,,20260902_232659,remeasured,Linux x86_64,summary
Zart,1,mushroom,minsup,0.05,3600.0642,581.59,,True,,20260902_232659,rerun,Linux x86_64,summary
Zart,1,mushroom,minsup,0.1,3600.1033,550.93,,True,,20260902_232659,rerun,Linux x86_64,summary
Zart,1,mushroom,minsup,0.15,126.5752,415.82,3083,False,,20260902_232659,rerun,Linux x86_64,summary
Zart,1,mushroom,minsup,0.4,0.3876,143.97,153.0,False,,20260902_232659,remeasured,Linux x86_64,summary
Zart,1,mushroom,minsup,0.6,0.224,98.11,21.0,False,,20260902_232659,remeasured,Linux x86_64,summary
Zart,1,connect,minsup,0.4,3600.1323,515.62,,True,,20260902_232659,rerun,Linux x86_64,summary
Zart,1,connect,minsup,0.6,3600.1337,675.45,,True,,20260902_232659,rerun,Linux x86_64,summary
Zart,1,connect,minsup,0.8,3600.1262,485.34,,True,,20260902_232659,rerun,Linux x86_64,summary
Zart,1,connect,minsup,0.9,130.6938,429.09,3487,False,,20260904_214619,rerun,Linux x86_64,summary
Zart,1,chess,minsup,0.4,3600.1294,519.06,,True,,20260904_214619,rerun,Linux x86_64,summary
Zart,1,chess,minsup,0.6,1330.0085,515.32,98419,False,,20260904_214619,rerun,Linux x86_64,summary
Zart,1,chess,minsup,0.8,3.0932,395.5,5084.0,False,,20260904_214619,remeasured,Linux x86_64,summary
Zart,1,chess,minsup,0.9,0.3299,134.93,499.0,False,,20260904_214619,remeasured,Linux x86_64,summary
Zart,1,t10i4d100k,minsup,0.001,719.7062,1291.53,871,False,,20260904_214619,rerun,Linux x86_64,summary
Zart,1,t10i4d100k,minsup,0.002,545.852,1310.36,871,False,,20260904_214619,rerun,Linux x86_64,summary
Zart,1,t10i4d100k,minsup,0.005,550.0992,1314.66,871,False,,20260904_214619,rerun,Linux x86_64,summary
Zart,1,t10i4d100k,minsup,0.01,554.432,1308.71,870,False,,20260904_214619,rerun,Linux x86_64,summary
Zart,1,t10i4d100k,minsup,0.02,0.2892,153.7,0.0,False,,20260904_214619,remeasured,Linux x86_64,summary
Zart,1,t10i4d100k,minsup,0.05,0.2905,153.11,0.0,False,,20260904_214619,remeasured,Linux x86_64,summary
Zart,1,retail,minsup,0.0005,3600.2428,4262.69,,True,,20260904_214619,rerun,Linux x86_64,summary
Zart,1,retail,minsup,0.001,3600.1833,2215.16,,True,,20260904_214619,rerun,Linux x86_64,summary
Zart,1,retail,minsup,0.002,579.5006,1411.37,2692,False,,20260904_214619,rerun,Linux x86_64,summary
Zart,1,retail,minsup,0.005,24.7684,643.21,581.0,False,,20260904_214619,remeasured,Linux x86_64,summary
Zart,1,retail,minsup,0.01,2.2642,594.92,160.0,False,,20260904_214619,remeasured,Linux x86_64,summary
Zart,1,retail,minsup,0.02,0.5581,308.81,56.0,False,,20260904_214619,remeasured,Linux x86_64,summary
Zart,1,accidents,minsup,0.3,3600.1433,914.04,,True,,20260904_214619,rerun,Linux x86_64,summary
Zart,1,accidents,minsup,0.4,908.8655,864.61,32529,False,,20260904_214619,rerun,Linux x86_64,summary
Zart,1,accidents,minsup,0.5,212.8178,832.92,8058,False,,20260904_214619,rerun,Linux x86_64,summary
Zart,1,accidents,minsup,0.6,45.8235,814.38,2075,False,,20260904_214619,rerun,Linux x86_64,summary
Zart,1,accidents,minsup,0.7,7.8675,828.85,530.0,False,,20260904_214619,remeasured,Linux x86_64,summary
Zart,1,accidents,minsup,0.8,2.0683,799.09,150.0,False,,20260904_214619,remeasured,Linux x86_64,summary
Zart,1,pumsb,minsup,0.6,3600.1417,1475.64,,True,,20260904_214619,rerun,Linux x86_64,summary
Zart,1,pumsb,minsup,0.7,3600.1603,1088.16,,True,,20260904_214619,rerun,Linux x86_64,summary
Zart,1,pumsb,minsup,0.75,3600.0987,1090.66,,True,,20260904_214619,rerun,Linux x86_64,summary
Zart,1,pumsb,minsup,0.8,1079.0713,964.1,67836,False,,20260904_214619,rerun,Linux x86_64,summary
Zart,1,pumsb,minsup,0.85,107.8816,847.62,13790,False,,20260904_214619,rerun,Linux x86_64,summary
Zart,1,pumsb,minsup,0.9,8.3215,833.93,2031.0,False,,20260904_214619,remeasured,Linux x86_64,summary
Zart,1,pumsb,minsup,0.95,0.9708,830.36,142.0,False,,20260904_214619,remeasured,Linux x86_64,summary
TalkyG_Diffset,1,mushroom,minsup,0.05,0.3009,152.96,24350.0,False,,20260904_214619,remeasured,Linux x86_64,summary
TalkyG_Diffset,1,mushroom,minsup,0.1,0.2424,127.51,8437.0,False,,20260904_214619,remeasured,Linux x86_64,summary
TalkyG_Diffset,1,mushroom,minsup,0.15,0.2287,97.56,3287.0,False,,20260904_214619,remeasured,Linux x86_64,summary
TalkyG_Diffset,1,mushroom,minsup,0.4,0.2201,99.7,152.0,False,,20260904_214619,remeasured,Linux x86_64,summary
TalkyG_Diffset,1,mushroom,minsup,0.6,0.2129,94.16,20.0,False,,20260904_214619,remeasured,Linux x86_64,summary
TalkyG_Diffset,1,connect,minsup,0.4,1.6257,813.61,239373.0,False,,20260904_214619,remeasured,Linux x86_64,summary
TalkyG_Diffset,1,connect,minsup,0.6,0.7822,469.87,68344.0,False,,20260904_214619,remeasured,Linux x86_64,summary
TalkyG_Diffset,1,connect,minsup,0.8,0.5556,334.2,15108.0,False,,20260904_214619,remeasured,Linux x86_64,summary
TalkyG_Diffset,1,connect,minsup,0.9,0.5108,280.16,3487.0,False,,20260904_214619,remeasured,Linux x86_64,summary
TalkyG_Diffset,1,chess,minsup,0.4,51.5933,500.45,1396843,False,,20260904_214619,rerun,Linux x86_64,summary
TalkyG_Diffset,1,chess,minsup,0.6,0.4589,214.24,98419.0,False,,20260904_214619,remeasured,Linux x86_64,summary
TalkyG_Diffset,1,chess,minsup,0.8,0.2159,96.53,5084.0,False,,20260904_214619,remeasured,Linux x86_64,summary
TalkyG_Diffset,1,chess,minsup,0.9,0.2065,94.46,499.0,False,,20260904_214619,remeasured,Linux x86_64,summary
TalkyG_Diffset,1,t10i4d100k,minsup,0.001,0.3115,152.88,871.0,False,,20260904_214619,remeasured,Linux x86_64,summary
TalkyG_Diffset,1,t10i4d100k,minsup,0.002,0.3139,152.97,871.0,False,,20260904_214619,remeasured,Linux x86_64,summary
TalkyG_Diffset,1,t10i4d100k,minsup,0.005,0.3134,154.54,871.0,False,,20260904_214619,remeasured,Linux x86_64,summary
TalkyG_Diffset,1,t10i4d100k,minsup,0.01,0.3203,152.23,870.0,False,,20260904_214619,remeasured,Linux x86_64,summary
TalkyG_Diffset,1,t10i4d100k,minsup,0.02,0.3076,153.06,1.0,False,,20260904_214619,remeasured,Linux x86_64,summary
TalkyG_Diffset,1,t10i4d100k,minsup,0.05,0.3172,153.35,1.0,False,,20260904_214619,remeasured,Linux x86_64,summary
TalkyG_Diffset,1,retail,minsup,0.0005,0.8796,1268.12,19122.0,False,,20260904_214619,remeasured,Linux x86_64,summary
TalkyG_Diffset,1,retail,minsup,0.001,0.7099,1220.96,7573.0,False,,20260904_214619,remeasured,Linux x86_64,summary
TalkyG_Diffset,1,retail,minsup,0.002,0.623,1153.26,2692.0,False,,20260904_214619,remeasured,Linux x86_64,summary
TalkyG_Diffset,1,retail,minsup,0.005,0.6061,1153.06,581.0,False,,20260904_214619,remeasured,Linux x86_64,summary
TalkyG_Diffset,1,retail,minsup,0.01,0.6031,1152.71,160.0,False,,20260904_214619,remeasured,Linux x86_64,summary
TalkyG_Diffset,1,retail,minsup,0.02,0.6012,1105.32,56.0,False,,20260904_214619,remeasured,Linux x86_64,summary
TalkyG_Diffset,1,accidents,minsup,0.3,3.1233,974.49,149530.0,False,,20260904_214619,remeasured,Linux x86_64,summary
TalkyG_Diffset,1,accidents,minsup,0.4,1.5555,846.75,32529.0,False,,20260904_214619,remeasured,Linux x86_64,summary
TalkyG_Diffset,1,accidents,minsup,0.5,1.2459,808.49,8058.0,False,,20260904_214619,remeasured,Linux x86_64,summary
TalkyG_Diffset,1,accidents,minsup,0.6,1.1479,771.27,2075.0,False,,20260904_214619,remeasured,Linux x86_64,summary
TalkyG_Diffset,1,accidents,minsup,0.7,1.1223,712.12,530.0,False,,20260904_214619,remeasured,Linux x86_64,summary
TalkyG_Diffset,1,accidents,minsup,0.8,1.0921,694.46,150.0,False,,20260904_214619,remeasured,Linux x86_64,summary
TalkyG_Diffset,1,pumsb,minsup,0.6,122.1556,1069.73,2853042,False,,20260904_214619,rerun,Linux x86_64,summary
TalkyG_Diffset,1,pumsb,minsup,0.7,6.6818,954.39,658380.0,False,,20260904_214619,remeasured,Linux x86_64,summary
TalkyG_Diffset,1,pumsb,minsup,0.75,1.8205,963.41,248299.0,False,,20260904_214619,remeasured,Linux x86_64,summary
TalkyG_Diffset,1,pumsb,minsup,0.8,1.026,954.94,67836.0,False,,20260904_214619,remeasured,Linux x86_64,summary
TalkyG_Diffset,1,pumsb,minsup,0.85,0.7851,630.23,13790.0,False,,20260904_214619,remeasured,Linux x86_64,summary
TalkyG_Diffset,1,pumsb,minsup,0.9,0.7378,464.73,2031.0,False,,20260904_214619,remeasured,Linux x86_64,summary
TalkyG_Diffset,1,pumsb,minsup,0.95,0.7154,437.13,142.0,False,,20260904_214619,remeasured,Linux x86_64,summary
Apriori_Gen_Borgelt,1,mushroom,minsup,0.05,0.212,5.95,21390.0,False,,20260904_214619,remeasured,Linux x86_64,summary
Apriori_Gen_Borgelt,1,connect,minsup,0.2,145.698,73.55,1482861,False,,20260904_214619,rerun,Linux x86_64,summary
Apriori_Gen_Borgelt,1,connect,minsup,0.3,26.3211,27.08,460356,False,,20260904_214619,rerun,Linux x86_64,summary
Apriori_Gen_Borgelt,1,connect,minsup,0.4,6.4563,17.37,239372.0,False,,20260904_214619,remeasured,Linux x86_64,summary
Apriori_Gen_Borgelt,1,connect,minsup,0.5,1.2209,16.42,130101.0,False,,20260904_214619,remeasured,Linux x86_64,summary
Apriori_Gen_Borgelt,1,connect,minsup,0.6,0.4512,16.85,68343.0,False,,20260904_214619,remeasured,Linux x86_64,summary
Apriori_Gen_Borgelt,1,connect,minsup,0.7,0.1273,16.86,35875.0,False,,20260904_214619,remeasured,Linux x86_64,summary
Apriori_Gen_Borgelt,1,connect,minsup,0.8,0.0894,16.83,15107.0,False,,20260904_214619,remeasured,Linux x86_64,summary
Apriori_Gen_Borgelt,1,connect,minsup,0.9,0.0699,16.91,3486.0,False,,20260904_214619,remeasured,Linux x86_64,summary
Apriori_Gen_Borgelt,1,chess,minsup,0.2,233.4849,847.88,25031185,False,,20260904_214619,rerun,Linux x86_64,summary
Apriori_Gen_Borgelt,1,chess,minsup,0.3,55.4055,187.9,5601828,False,,20260904_214619,rerun,Linux x86_64,summary
Apriori_Gen_Borgelt,1,chess,minsup,0.4,14.8769,48.58,1396842,False,,20260904_214619,rerun,Linux x86_64,summary
Apriori_Gen_Borgelt,1,chess,minsup,0.5,3.4445,14.91,372603.0,False,,20260904_214619,remeasured,Linux x86_64,summary
Apriori_Gen_Borgelt,1,chess,minsup,0.6,0.5387,6.29,98418.0,False,,20260904_214619,remeasured,Linux x86_64,summary
Apriori_Gen_Borgelt,1,chess,minsup,0.7,0.0475,3.62,23892.0,False,,20260904_214619,remeasured,Linux x86_64,summary
Apriori_Gen_Borgelt,1,chess,minsup,0.8,0.0121,3.47,5083.0,False,,20260904_214619,remeasured,Linux x86_64,summary
Apriori_Gen_Borgelt,1,chess,minsup,0.9,0.0071,3.48,498.0,False,,20260904_214619,remeasured,Linux x86_64,summary
Apriori_Gen_Borgelt,1,t10i4d100k,minsup,0.001,0.0611,18.48,870.0,False,,20260904_214619,remeasured,Linux x86_64,summary
Apriori_Gen_Borgelt,1,t10i4d100k,minsup,0.002,0.0635,18.71,870.0,False,,20260904_214619,remeasured,Linux x86_64,summary
Apriori_Gen_Borgelt,1,t10i4d100k,minsup,0.005,0.065,18.18,870.0,False,,20260904_214619,remeasured,Linux x86_64,summary
Apriori_Gen_Borgelt,1,t10i4d100k,minsup,0.01,0.0593,18.68,869.0,False,,20260904_214619,remeasured,Linux x86_64,summary
Apriori_Gen_Borgelt,1,t10i4d100k,minsup,0.02,0.0315,9.69,0.0,False,,20260904_214619,remeasured,Linux x86_64,summary
Apriori_Gen_Borgelt,1,t10i4d100k,minsup,0.05,0.0307,9.84,0.0,False,,20260904_214619,remeasured,Linux x86_64,summary
Apriori_Gen_Borgelt,1,t10i4d100k,minsup,0.2,0.0317,10.0,0.0,False,,20260904_214619,remeasured,Linux x86_64,summary
Apriori_Gen_Borgelt,1,t10i4d100k,minsup,0.3,0.0282,9.87,0.0,False,,20260904_214619,remeasured,Linux x86_64,summary
Apriori_Gen_Borgelt,1,t10i4d100k,minsup,0.5,0.027,9.65,0.0,False,,20260904_214619,remeasured,Linux x86_64,summary
Apriori_Gen_Borgelt,1,t10i4d100k,minsup,0.7,0.0271,9.77,0.0,False,,20260904_214619,remeasured,Linux x86_64,summary
Apriori_Gen_Borgelt,1,retail,minsup,0.0005,0.158,46.88,19114.0,False,,20260904_214619,remeasured,Linux x86_64,summary
Apriori_Gen_Borgelt,1,retail,minsup,0.001,0.1082,24.06,7572.0,False,,20260904_214619,remeasured,Linux x86_64,summary
Apriori_Gen_Borgelt,1,retail,minsup,0.002,0.0749,15.79,2691.0,False,,20260904_214619,remeasured,Linux x86_64,summary
Apriori_Gen_Borgelt,1,retail,minsup,0.005,0.0627,11.66,580.0,False,,20260904_214619,remeasured,Linux x86_64,summary
Apriori_Gen_Borgelt,1,retail,minsup,0.01,0.0538,11.57,159.0,False,,20260904_214619,remeasured,Linux x86_64,summary
Apriori_Gen_Borgelt,1,retail,minsup,0.02,0.0498,11.83,55.0,False,,20260904_214619,remeasured,Linux x86_64,summary
Apriori_Gen_Borgelt,1,retail,minsup,0.2,0.047,11.49,3.0,False,,20260904_214619,remeasured,Linux x86_64,summary
Apriori_Gen_Borgelt,1,retail,minsup,0.3,0.047,11.42,3.0,False,,20260904_214619,remeasured,Linux x86_64,summary
Apriori_Gen_Borgelt,1,retail,minsup,0.5,0.0451,11.59,1.0,False,,20260904_214619,remeasured,Linux x86_64,summary
Apriori_Gen_Borgelt,1,retail,minsup,0.7,0.0424,10.8,0.0,False,,20260904_214619,remeasured,Linux x86_64,summary
Apriori_Gen_Borgelt,1,accidents,minsup,0.3,32.0856,63.36,149529,False,,20260904_214619,rerun,Linux x86_64,summary
Apriori_Gen_Borgelt,1,accidents,minsup,0.4,8.26,61.95,32528.0,False,,20260904_214619,remeasured,Linux x86_64,summary
Apriori_Gen_Borgelt,1,accidents,minsup,0.5,1.3671,61.27,8057.0,False,,20260904_214619,remeasured,Linux x86_64,summary
Apriori_Gen_Borgelt,1,accidents,minsup,0.6,0.4831,61.43,2074.0,False,,20260904_214619,remeasured,Linux x86_64,summary
Apriori_Gen_Borgelt,1,accidents,minsup,0.7,0.3345,61.22,529.0,False,,20260904_214619,remeasured,Linux x86_64,summary
Apriori_Gen_Borgelt,1,accidents,minsup,0.8,0.3086,61.28,149.0,False,,20260904_214619,remeasured,Linux x86_64,summary
Apriori_Gen_Borgelt,1,pumsb,minsup,0.6,19.2979,91.78,2853041,False,,20260904_214619,rerun,Linux x86_64,summary
Apriori_Gen_Borgelt,1,pumsb,minsup,0.7,1.6765,24.05,658379.0,False,,20260904_214619,remeasured,Linux x86_64,summary
Apriori_Gen_Borgelt,1,pumsb,minsup,0.75,0.484,18.57,248298.0,False,,20260904_214619,remeasured,Linux x86_64,summary
Apriori_Gen_Borgelt,1,pumsb,minsup,0.8,0.2125,18.27,67835.0,False,,20260904_214619,remeasured,Linux x86_64,summary
Apriori_Gen_Borgelt,1,pumsb,minsup,0.85,0.1226,18.36,13789.0,False,,20260904_214619,remeasured,Linux x86_64,summary
Apriori_Gen_Borgelt,1,pumsb,minsup,0.9,0.0967,18.2,2030.0,False,,20260904_214619,remeasured,Linux x86_64,summary
Apriori_Gen_Borgelt,1,pumsb,minsup,0.95,0.089,18.27,141.0,False,,20260904_214619,remeasured,Linux x86_64,summary
Eclat_Gen_Borgelt,1,mushroom,minsup,0.05,0.0366,15.5,21390.0,False,,20260904_214619,remeasured,Linux x86_64,summary
Eclat_Gen_Borgelt,1,connect,minsup,0.2,0.9549,158.61,1482861.0,False,,20260904_214619,remeasured,Linux x86_64,summary
Eclat_Gen_Borgelt,1,connect,minsup,0.3,0.3196,56.72,460356.0,False,,20260904_214619,remeasured,Linux x86_64,summary
Eclat_Gen_Borgelt,1,connect,minsup,0.4,0.1932,34.26,239372.0,False,,20260904_214619,remeasured,Linux x86_64,summary
Eclat_Gen_Borgelt,1,connect,minsup,0.5,0.1403,25.3,130101.0,False,,20260904_214619,remeasured,Linux x86_64,summary
Eclat_Gen_Borgelt,1,connect,minsup,0.6,0.1188,24.83,68343.0,False,,20260904_214619,remeasured,Linux x86_64,summary
Eclat_Gen_Borgelt,1,connect,minsup,0.7,0.093,24.62,35875.0,False,,20260904_214619,remeasured,Linux x86_64,summary
Eclat_Gen_Borgelt,1,connect,minsup,0.8,0.0852,24.71,15107.0,False,,20260904_214619,remeasured,Linux x86_64,summary
Eclat_Gen_Borgelt,1,connect,minsup,0.9,0.0736,21.07,3486.0,False,,20260904_214619,remeasured,Linux x86_64,summary
Eclat_Gen_Borgelt,1,chess,minsup,0.2,28.9072,2220.04,25031185,False,,20260904_214619,rerun,Linux x86_64,summary
Eclat_Gen_Borgelt,1,chess,minsup,0.3,3.1402,507.63,5601828.0,False,,20260904_214619,remeasured,Linux x86_64,summary
Eclat_Gen_Borgelt,1,chess,minsup,0.4,0.6688,134.43,1396842.0,False,,20260904_214619,remeasured,Linux x86_64,summary
Eclat_Gen_Borgelt,1,chess,minsup,0.5,0.1569,42.21,372603.0,False,,20260904_214619,remeasured,Linux x86_64,summary
Eclat_Gen_Borgelt,1,chess,minsup,0.6,0.0477,19.68,98418.0,False,,20260904_214619,remeasured,Linux x86_64,summary
Eclat_Gen_Borgelt,1,chess,minsup,0.7,0.0184,12.99,23892.0,False,,20260904_214619,remeasured,Linux x86_64,summary
Eclat_Gen_Borgelt,1,chess,minsup,0.8,0.0113,8.62,5083.0,False,,20260904_214619,remeasured,Linux x86_64,summary
Eclat_Gen_Borgelt,1,chess,minsup,0.9,0.0045,4.28,498,False,,20260904_214619,rerun,Linux x86_64,summary
Eclat_Gen_Borgelt,1,t10i4d100k,minsup,0.001,0.0746,25.45,870.0,False,,20260904_214619,remeasured,Linux x86_64,summary
Eclat_Gen_Borgelt,1,t10i4d100k,minsup,0.002,0.0743,25.47,870.0,False,,20260904_214619,remeasured,Linux x86_64,summary
Eclat_Gen_Borgelt,1,t10i4d100k,minsup,0.005,0.075,25.38,870.0,False,,20260904_214619,remeasured,Linux x86_64,summary
Eclat_Gen_Borgelt,1,t10i4d100k,minsup,0.01,0.0739,25.34,869.0,False,,20260904_214619,remeasured,Linux x86_64,summary
Eclat_Gen_Borgelt,1,t10i4d100k,minsup,0.02,0.0259,9.99,0.0,False,,20260904_214619,remeasured,Linux x86_64,summary
Eclat_Gen_Borgelt,1,t10i4d100k,minsup,0.05,0.0267,10.02,0.0,False,,20260904_214619,remeasured,Linux x86_64,summary
Eclat_Gen_Borgelt,1,t10i4d100k,minsup,0.2,0.0288,9.99,0.0,False,,20260904_214619,remeasured,Linux x86_64,summary
Eclat_Gen_Borgelt,1,t10i4d100k,minsup,0.3,0.0311,9.94,0.0,False,,20260904_214619,remeasured,Linux x86_64,summary
Eclat_Gen_Borgelt,1,t10i4d100k,minsup,0.5,0.0278,9.94,0.0,False,,20260904_214619,remeasured,Linux x86_64,summary
Eclat_Gen_Borgelt,1,t10i4d100k,minsup,0.7,0.0307,10.13,0.0,False,,20260904_214619,remeasured,Linux x86_64,summary
Eclat_Gen_Borgelt,1,retail,minsup,0.0005,0.1091,31.95,19114.0,False,,20260904_214619,remeasured,Linux x86_64,summary
Eclat_Gen_Borgelt,1,retail,minsup,0.001,0.0919,27.72,7572.0,False,,20260904_214619,remeasured,Linux x86_64,summary
Eclat_Gen_Borgelt,1,retail,minsup,0.002,0.0784,22.73,2691.0,False,,20260904_214619,remeasured,Linux x86_64,summary
Eclat_Gen_Borgelt,1,retail,minsup,0.005,0.0597,17.43,580.0,False,,20260904_214619,remeasured,Linux x86_64,summary
Eclat_Gen_Borgelt,1,retail,minsup,0.01,0.0529,13.83,159.0,False,,20260904_214619,remeasured,Linux x86_64,summary
Eclat_Gen_Borgelt,1,retail,minsup,0.02,0.0544,12.06,55.0,False,,20260904_214619,remeasured,Linux x86_64,summary
Eclat_Gen_Borgelt,1,retail,minsup,0.2,0.0491,11.58,3.0,False,,20260904_214619,remeasured,Linux x86_64,summary
Eclat_Gen_Borgelt,1,retail,minsup,0.3,0.0459,11.42,3.0,False,,20260904_214619,remeasured,Linux x86_64,summary
Eclat_Gen_Borgelt,1,retail,minsup,0.5,0.0461,11.56,1.0,False,,20260904_214619,remeasured,Linux x86_64,summary
Eclat_Gen_Borgelt,1,retail,minsup,0.7,0.0411,10.94,0.0,False,,20260904_214619,remeasured,Linux x86_64,summary
Eclat_Gen_Borgelt,1,accidents,minsup,0.3,0.9889,119.01,149529.0,False,,20260904_214619,remeasured,Linux x86_64,summary
Eclat_Gen_Borgelt,1,accidents,minsup,0.4,0.7314,110.16,32528.0,False,,20260904_214619,remeasured,Linux x86_64,summary
Eclat_Gen_Borgelt,1,accidents,minsup,0.5,0.4974,82.89,8057.0,False,,20260904_214619,remeasured,Linux x86_64,summary
Eclat_Gen_Borgelt,1,accidents,minsup,0.6,0.4086,69.04,2074.0,False,,20260904_214619,remeasured,Linux x86_64,summary
Eclat_Gen_Borgelt,1,accidents,minsup,0.7,0.3524,61.64,529.0,False,,20260904_214619,remeasured,Linux x86_64,summary
Eclat_Gen_Borgelt,1,accidents,minsup,0.8,0.3181,61.41,149.0,False,,20260904_214619,remeasured,Linux x86_64,summary
Eclat_Gen_Borgelt,1,pumsb,minsup,0.6,1.8571,284.51,2853041.0,False,,20260904_214619,remeasured,Linux x86_64,summary
Eclat_Gen_Borgelt,1,pumsb,minsup,0.7,0.3982,68.21,658379.0,False,,20260904_214619,remeasured,Linux x86_64,summary
Eclat_Gen_Borgelt,1,pumsb,minsup,0.75,0.1957,31.85,248298.0,False,,20260904_214619,remeasured,Linux x86_64,summary
Eclat_Gen_Borgelt,1,pumsb,minsup,0.8,0.1222,26.45,67835.0,False,,20260904_214619,remeasured,Linux x86_64,summary
Eclat_Gen_Borgelt,1,pumsb,minsup,0.85,0.1082,25.57,13789.0,False,,20260904_214619,remeasured,Linux x86_64,summary
Eclat_Gen_Borgelt,1,pumsb,minsup,0.9,0.0944,20.71,2030.0,False,,20260904_214619,remeasured,Linux x86_64,summary
Eclat_Gen_Borgelt,1,pumsb,minsup,0.95,0.0878,18.43,141.0,False,,20260904_214619,remeasured,Linux x86_64,summary
FPgrowth_Gen_Borgelt,1,mushroom,minsup,0.05,0.0212,14.95,21390.0,False,,20260904_214619,remeasured,Linux x86_64,summary
FPgrowth_Gen_Borgelt,1,connect,minsup,0.2,0.6854,147.07,1482861.0,False,,20260904_214619,remeasured,Linux x86_64,summary
FPgrowth_Gen_Borgelt,1,connect,minsup,0.3,0.2305,52.06,460356.0,False,,20260904_214619,remeasured,Linux x86_64,summary
FPgrowth_Gen_Borgelt,1,connect,minsup,0.4,0.1523,32.41,239372.0,False,,20260904_214619,remeasured,Linux x86_64,summary
FPgrowth_Gen_Borgelt,1,connect,minsup,0.5,0.1205,25.45,130101.0,False,,20260904_214619,remeasured,Linux x86_64,summary
FPgrowth_Gen_Borgelt,1,connect,minsup,0.6,0.1046,25.29,68343.0,False,,20260904_214619,remeasured,Linux x86_64,summary
FPgrowth_Gen_Borgelt,1,connect,minsup,0.7,0.0846,25.1,35875.0,False,,20260904_214619,remeasured,Linux x86_64,summary
FPgrowth_Gen_Borgelt,1,connect,minsup,0.8,0.081,24.67,15107.0,False,,20260904_214619,remeasured,Linux x86_64,summary
FPgrowth_Gen_Borgelt,1,connect,minsup,0.9,0.0677,20.9,3486.0,False,,20260904_214619,remeasured,Linux x86_64,summary
FPgrowth_Gen_Borgelt,1,chess,minsup,0.2,21.8235,2222.71,25031185,False,,20260904_214619,rerun,Linux x86_64,summary
FPgrowth_Gen_Borgelt,1,chess,minsup,0.3,2.6837,510.39,5601828.0,False,,20260904_214619,remeasured,Linux x86_64,summary
FPgrowth_Gen_Borgelt,1,chess,minsup,0.4,0.5515,135.39,1396842.0,False,,20260904_214619,remeasured,Linux x86_64,summary
FPgrowth_Gen_Borgelt,1,chess,minsup,0.5,0.1118,42.25,372603.0,False,,20260904_214619,remeasured,Linux x86_64,summary
FPgrowth_Gen_Borgelt,1,chess,minsup,0.6,0.0345,19.91,98418.0,False,,20260904_214619,remeasured,Linux x86_64,summary
FPgrowth_Gen_Borgelt,1,chess,minsup,0.7,0.0161,13.04,23892.0,False,,20260904_214619,remeasured,Linux x86_64,summary
FPgrowth_Gen_Borgelt,1,chess,minsup,0.8,0.0121,8.68,5083.0,False,,20260904_214619,remeasured,Linux x86_64,summary
FPgrowth_Gen_Borgelt,1,chess,minsup,0.9,0.0076,4.07,498.0,False,,20260904_214619,remeasured,Linux x86_64,summary
FPgrowth_Gen_Borgelt,1,t10i4d100k,minsup,0.001,0.1084,40.63,870.0,False,,20260904_214619,remeasured,Linux x86_64,summary
FPgrowth_Gen_Borgelt,1,t10i4d100k,minsup,0.002,0.1091,40.6,870.0,False,,20260904_214619,remeasured,Linux x86_64,summary
FPgrowth_Gen_Borgelt,1,t10i4d100k,minsup,0.005,0.1086,40.83,870.0,False,,20260904_214619,remeasured,Linux x86_64,summary
FPgrowth_Gen_Borgelt,1,t10i4d100k,minsup,0.01,0.1104,40.79,869.0,False,,20260904_214619,remeasured,Linux x86_64,summary
FPgrowth_Gen_Borgelt,1,t10i4d100k,minsup,0.02,0.0258,10.02,0.0,False,,20260904_214619,remeasured,Linux x86_64,summary
FPgrowth_Gen_Borgelt,1,t10i4d100k,minsup,0.05,0.0263,9.94,0.0,False,,20260904_214619,remeasured,Linux x86_64,summary
FPgrowth_Gen_Borgelt,1,t10i4d100k,minsup,0.2,0.0249,10.0,0.0,False,,20260904_214619,remeasured,Linux x86_64,summary
FPgrowth_Gen_Borgelt,1,t10i4d100k,minsup,0.3,0.0264,9.93,0.0,False,,20260904_214619,remeasured,Linux x86_64,summary
FPgrowth_Gen_Borgelt,1,t10i4d100k,minsup,0.5,0.025,9.89,0.0,False,,20260904_214619,remeasured,Linux x86_64,summary
FPgrowth_Gen_Borgelt,1,t10i4d100k,minsup,0.7,0.0258,9.95,0.0,False,,20260904_214619,remeasured,Linux x86_64,summary
FPgrowth_Gen_Borgelt,1,retail,minsup,0.0005,0.1402,41.54,19114.0,False,,20260904_214619,remeasured,Linux x86_64,summary
FPgrowth_Gen_Borgelt,1,retail,minsup,0.001,0.1095,34.3,7572.0,False,,20260904_214619,remeasured,Linux x86_64,summary
FPgrowth_Gen_Borgelt,1,retail,minsup,0.002,0.084,25.18,2691.0,False,,20260904_214619,remeasured,Linux x86_64,summary
FPgrowth_Gen_Borgelt,1,retail,minsup,0.005,0.0569,16.54,580.0,False,,20260904_214619,remeasured,Linux x86_64,summary
FPgrowth_Gen_Borgelt,1,retail,minsup,0.01,0.0522,13.28,159.0,False,,20260904_214619,remeasured,Linux x86_64,summary
FPgrowth_Gen_Borgelt,1,retail,minsup,0.02,0.0481,12.21,55.0,False,,20260904_214619,remeasured,Linux x86_64,summary
FPgrowth_Gen_Borgelt,1,retail,minsup,0.2,0.0443,11.75,3.0,False,,20260904_214619,remeasured,Linux x86_64,summary
FPgrowth_Gen_Borgelt,1,retail,minsup,0.3,0.0451,11.45,3.0,False,,20260904_214619,remeasured,Linux x86_64,summary
FPgrowth_Gen_Borgelt,1,retail,minsup,0.5,0.0442,11.43,1.0,False,,20260904_214619,remeasured,Linux x86_64,summary
FPgrowth_Gen_Borgelt,1,retail,minsup,0.7,0.0418,10.89,0.0,False,,20260904_214619,remeasured,Linux x86_64,summary
HUG_Miner,3,chainstore,min_utility,1000.0,0.4832,279.91,1000.0,False,,20260904_214619,remeasured,Linux x86_64,summary
HUG_Miner,3,chainstore,min_utility,2000.0,0.4947,276.75,1000.0,False,,20260904_214619,remeasured,Linux x86_64,summary
HUG_Miner,3,chainstore,min_utility,5000.0,0.4722,274.43,0.0,False,,20260904_214619,remeasured,Linux x86_64,summary
HUG_Miner,3,foodmart,min_utility,20.0,0.3618,140.09,13775.0,False,,20260904_214619,remeasured,Linux x86_64,summary
HUG_Miner,3,foodmart,min_utility,50.0,0.2683,114.56,1475.0,False,,20260904_214619,remeasured,Linux x86_64,summary
HUG_Miner,3,foodmart,min_utility,100.0,0.2534,109.66,687.0,False,,20260904_214619,remeasured,Linux x86_64,summary
GHUI_Miner,3,chainstore,min_utility,1000.0,0.8165,438.81,1000.0,False,,20260904_214619,remeasured,Linux x86_64,summary
GHUI_Miner,3,chainstore,min_utility,2000.0,0.7865,430.68,1000.0,False,,20260904_214619,remeasured,Linux x86_64,summary
GHUI_Miner,3,chainstore,min_utility,5000.0,0.6135,410.18,0.0,False,,20260904_214619,remeasured,Linux x86_64,summary
GHUI_Miner,3,foodmart,min_utility,20.0,0.9143,295.28,21978.0,False,,20260904_214619,remeasured,Linux x86_64,summary
GHUI_Miner,3,foodmart,min_utility,50.0,0.6088,288.46,10069.0,False,,20260904_214619,remeasured,Linux x86_64,summary
GHUI_Miner,3,foodmart,min_utility,100.0,0.3939,173.59,807.0,False,,20260904_214619,remeasured,Linux x86_64,summary
HUCI_Miner_Generators,3,chainstore,min_utility,1000.0,1.4272,266.04,0.0,False,,20260904_214619,remeasured,Linux x86_64,summary
HUCI_Miner_Generators,3,chainstore,min_utility,2000.0,1.444,260.99,0.0,False,,20260904_214619,remeasured,Linux x86_64,summary
HUCI_Miner_Generators,3,chainstore,min_utility,5000.0,1.6632,256.22,,False,SPMF error: java.lang.IndexOutOfBoundsException: Index 0 out of bounds for length 0,20260904_214619,rerun,Linux x86_64,summary
HUCI_Miner_Generators,3,foodmart,min_utility,20.0,11.1306,264.64,13146.0,False,,20260904_214619,remeasured,Linux x86_64,summary
HUCI_Miner_Generators,3,foodmart,min_utility,50.0,0.7176,204.9,2002.0,False,,20260904_214619,remeasured,Linux x86_64,summary
HUCI_Miner_Generators,3,foodmart,min_utility,100.0,0.394,167.04,2.0,False,,20260904_214619,remeasured,Linux x86_64,summary
FGC_Stream,5,mushroom,minsup,0.05,884.4065,44.75,21391,False,,20260904_214619,rerun,Linux x86_64,summary
FGC_Stream,5,mushroom,minsup,0.1,413.828,31.25,7585,False,,20260904_214619,rerun,Linux x86_64,summary
FGC_Stream,5,mushroom,minsup,0.15,233.2462,26.71,3084,False,,20260904_214619,rerun,Linux x86_64,summary
FGC_Stream,5,mushroom,minsup,0.4,23.4236,22.81,153,False,,20260904_214619,rerun,Linux x86_64,summary
FGC_Stream,5,mushroom,minsup,0.6,1.755,22.48,21,False,,20260904_214619,rerun,Linux x86_64,summary
FGC_Stream,5,connect,minsup,0.4,3600.0409,124.68,,True,,20260904_214619,rerun,Linux x86_64,summary
FGC_Stream,5,connect,minsup,0.6,3600.0899,180.25,,True,,20260904_214619,rerun,Linux x86_64,summary
FGC_Stream,5,connect,minsup,0.8,3600.0217,236.2,,True,,20260904_214619,rerun,Linux x86_64,summary
FGC_Stream,5,connect,minsup,0.9,3600.0689,265.21,,True,,20260904_214619,rerun,Linux x86_64,summary
FGC_Stream,5,chess,minsup,0.4,3600.0345,329.84,,True,,20260904_214619,rerun,Linux x86_64,summary
FGC_Stream,5,chess,minsup,0.6,3503.2678,195.66,98419,False,,20260904_214619,rerun,Linux x86_64,summary
FGC_Stream,5,chess,minsup,0.8,187.0577,22.75,5084,False,,20260904_214619,rerun,Linux x86_64,summary
FGC_Stream,5,chess,minsup,0.9,9.7388,15.77,504,False,,20260904_214619,rerun,Linux x86_64,summary
FGC_Stream,5,t10i4d100k,minsup,0.001,218.4696,97.52,871,False,,20260904_214619,rerun,Linux x86_64,summary
FGC_Stream,5,t10i4d100k,minsup,0.002,201.3183,97.82,871,False,,20260904_214619,rerun,Linux x86_64,summary
FGC_Stream,5,t10i4d100k,minsup,0.005,169.6082,97.98,871,False,,20260904_214619,rerun,Linux x86_64,summary
FGC_Stream,5,t10i4d100k,minsup,0.01,34.6795,98.45,870,False,,20260904_214619,rerun,Linux x86_64,summary
FGC_Stream,5,t10i4d100k,minsup,0.02,0.7699,97.8,1,False,,20260904_214619,rerun,Linux x86_64,summary
FGC_Stream,5,t10i4d100k,minsup,0.05,0.7413,97.74,1,False,,20260904_214619,rerun,Linux x86_64,summary
FGC_Stream,5,retail,minsup,0.0005,2925.0589,124.59,19699,False,,20260904_214619,rerun,Linux x86_64,summary
FGC_Stream,5,retail,minsup,0.001,1663.3835,111.25,7696,False,,20260904_214619,rerun,Linux x86_64,summary
FGC_Stream,5,retail,minsup,0.002,998.0178,105.67,2716,False,,20260904_214619,rerun,Linux x86_64,summary
FGC_Stream,5,retail,minsup,0.005,452.5109,102.19,581,False,,20260904_214619,rerun,Linux x86_64,summary
FGC_Stream,5,retail,minsup,0.01,179.3822,100.5,160,False,,20260904_214619,rerun,Linux x86_64,summary
FGC_Stream,5,retail,minsup,0.02,98.5938,99.96,56,False,,20260904_214619,rerun,Linux x86_64,summary
FGC_Stream,5,accidents,minsup,0.3,3600.0357,410.36,,True,,20260904_214619,rerun,Linux x86_64,summary
FGC_Stream,5,accidents,minsup,0.4,3600.041,534.01,,True,,20260904_214619,rerun,Linux x86_64,summary
FGC_Stream,5,accidents,minsup,0.5,3600.0846,656.46,,True,,20260904_214619,rerun,Linux x86_64,summary
FGC_Stream,5,accidents,minsup,0.6,3600.0602,778.32,,True,,20260904_214619,rerun,Linux x86_64,summary
FGC_Stream,5,accidents,minsup,0.7,3600.0361,899.75,,True,,20260904_214619,rerun,Linux x86_64,summary
FGC_Stream,5,accidents,minsup,0.8,3600.1078,1021.07,,True,,20260904_214619,rerun,Linux x86_64,summary
FGC_Stream,5,pumsb,minsup,0.6,3600.1182,230.55,,True,,20260904_214619,rerun,Linux x86_64,summary
FGC_Stream,5,pumsb,minsup,0.7,3600.1208,265.99,,True,,20260904_214619,rerun,Linux x86_64,summary
FGC_Stream,5,pumsb,minsup,0.75,3600.0542,283.45,,True,,20260904_214619,rerun,Linux x86_64,summary
FGC_Stream,5,pumsb,minsup,0.8,3600.09,300.81,,True,,20260904_214619,rerun,Linux x86_64,summary
FGC_Stream,5,pumsb,minsup,0.85,3600.0751,318.5,,True,,20260904_214619,rerun,Linux x86_64,summary
FGC_Stream,5,pumsb,minsup,0.9,3600.0245,335.96,,True,,20260904_214619,rerun,Linux x86_64,summary
FGC_Stream,5,pumsb,minsup,0.95,936.4791,346.87,142,False,,20260904_214619,rerun,Linux x86_64,summary
Arima,5,accidents,maxsup,0.1,3600.0368,707.79,,True,,20260904_214619,rerun,Linux x86_64,summary
Arima,5,accidents,maxsup,0.2,134.2372,586.05,19187,False,,20260904_214619,rerun,Linux x86_64,summary
Arima,5,accidents,maxsup,0.3,13.7258,284.93,5096.0,False,,20260904_214619,remeasured,Linux x86_64,summary
Arima,5,pumsb,maxsup,0.1,3600.1832,3367.45,,True,,20260904_214619,rerun,Linux x86_64,summary
Arima,5,pumsb,maxsup,0.2,3600.1685,1561.83,,True,,20260904_214619,rerun,Linux x86_64,summary
Arima,5,pumsb,maxsup,0.3,3600.2003,2905.93,,True,,20260904_214619,rerun,Linux x86_64,summary
Talky_G,1,chess,minsup,0.2,3600.1471,1351.99,,True,,20260906_103451,rerun,Linux x86_64,summary
Gr_growth,1,mushroom,minsup,0.05,0.0255,15.32,21391.0,False,,20260906_113511,remeasured,Linux x86_64,summary
Gr_growth,1,mushroom,minsup,0.1,0.0168,14.52,7585.0,False,,20260906_113511,remeasured,Linux x86_64,summary
Gr_growth,1,mushroom,minsup,0.15,0.0134,14.05,3084.0,False,,20260906_113511,remeasured,Linux x86_64,summary
Gr_growth,1,mushroom,minsup,0.2,0.0147,13.93,1704.0,False,,20260906_113511,remeasured,Linux x86_64,summary
Gr_growth,1,mushroom,minsup,0.3,0.0112,13.73,544.0,False,,20260906_113511,remeasured,Linux x86_64,summary
Gr_growth,1,mushroom,minsup,0.4,0.0103,13.73,153.0,False,,20260906_113511,remeasured,Linux x86_64,summary
Gr_growth,1,mushroom,minsup,0.5,0.0106,13.64,52.0,False,,20260906_113511,remeasured,Linux x86_64,summary
Gr_growth,1,mushroom,minsup,0.6,0.0112,13.73,21.0,False,,20260906_113511,remeasured,Linux x86_64,summary
Gr_growth,1,mushroom,minsup,0.7,0.0099,13.59,13.0,False,,20260906_113511,remeasured,Linux x86_64,summary
Gr_growth,1,connect,minsup,0.2,0.8426,83.43,1483175.0,False,,20260906_113511,remeasured,Linux x86_64,summary
Gr_growth,1,connect,minsup,0.3,0.2639,31.86,460402.0,False,,20260906_113511,remeasured,Linux x86_64,summary
Gr_growth,1,connect,minsup,0.4,0.1446,22.62,239370.0,False,,20260906_113511,remeasured,Linux x86_64,summary
Gr_growth,1,connect,minsup,0.5,0.1029,18.42,130110.0,False,,20260906_113511,remeasured,Linux x86_64,summary
Gr_growth,1,connect,minsup,0.6,0.0788,16.09,68349.0,False,,20260906_113511,remeasured,Linux x86_64,summary
Gr_growth,1,connect,minsup,0.7,0.0649,14.83,35875.0,False,,20260906_113511,remeasured,Linux x86_64,summary
Gr_growth,1,connect,minsup,0.8,0.0564,14.2,15108.0,False,,20260906_113511,remeasured,Linux x86_64,summary
Gr_growth,1,connect,minsup,0.9,0.055,13.74,3487.0,False,,20260906_113511,remeasured,Linux x86_64,summary
Gr_growth,1,chess,minsup,0.2,19.8408,1208.89,25155785,False,,20260906_113511,rerun,Linux x86_64,summary
Gr_growth,1,chess,minsup,0.3,3.4843,285.14,5601829.0,False,,20260906_113511,remeasured,Linux x86_64,summary
Gr_growth,1,chess,minsup,0.4,0.736,79.81,1402786.0,False,,20260906_113511,remeasured,Linux x86_64,summary
Gr_growth,1,chess,minsup,0.5,0.1798,28.72,372604.0,False,,20260906_113511,remeasured,Linux x86_64,summary
Gr_growth,1,chess,minsup,0.6,0.0535,17.68,98419.0,False,,20260906_113511,remeasured,Linux x86_64,summary
Gr_growth,1,chess,minsup,0.7,0.0184,14.5,23992.0,False,,20260906_113511,remeasured,Linux x86_64,summary
Gr_growth,1,chess,minsup,0.8,0.0102,13.9,5084.0,False,,20260906_113511,remeasured,Linux x86_64,summary
Gr_growth,1,chess,minsup,0.9,0.0093,13.59,504.0,False,,20260906_113511,remeasured,Linux x86_64,summary
Gr_growth,1,t10i4d100k,minsup,0.001,0.2094,43.88,871.0,False,,20260906_113511,remeasured,Linux x86_64,summary
Gr_growth,1,t10i4d100k,minsup,0.002,0.2092,44.07,871.0,False,,20260906_113511,remeasured,Linux x86_64,summary
Gr_growth,1,t10i4d100k,minsup,0.005,0.2096,43.73,871.0,False,,20260906_113511,remeasured,Linux x86_64,summary
Gr_growth,1,t10i4d100k,minsup,0.01,0.2049,43.89,870.0,False,,20260906_113511,remeasured,Linux x86_64,summary
Gr_growth,1,t10i4d100k,minsup,0.02,0.0152,4.06,1.0,False,,20260906_113511,remeasured,Linux x86_64,summary
Gr_growth,1,t10i4d100k,minsup,0.05,0.0141,4.05,1.0,False,,20260906_113511,remeasured,Linux x86_64,summary
Gr_growth,1,t10i4d100k,minsup,0.2,0.0145,3.93,1.0,False,,20260906_113511,remeasured,Linux x86_64,summary
Gr_growth,1,t10i4d100k,minsup,0.3,0.0138,4.05,1.0,False,,20260906_113511,remeasured,Linux x86_64,summary
Gr_growth,1,t10i4d100k,minsup,0.5,0.0128,4.07,1.0,False,,20260906_113511,remeasured,Linux x86_64,summary
Gr_growth,1,t10i4d100k,minsup,0.7,0.0149,4.08,1.0,False,,20260906_113511,remeasured,Linux x86_64,summary
Gr_growth,1,retail,minsup,0.0005,0.2084,34.98,19699.0,False,,20260906_113511,remeasured,Linux x86_64,summary
Gr_growth,1,retail,minsup,0.001,0.1571,30.61,7696.0,False,,20260906_113511,remeasured,Linux x86_64,summary
Gr_growth,1,retail,minsup,0.002,0.1034,24.98,2716.0,False,,20260906_113511,remeasured,Linux x86_64,summary
Gr_growth,1,retail,minsup,0.005,0.0602,17.8,581.0,False,,20260906_113511,remeasured,Linux x86_64,summary
Gr_growth,1,retail,minsup,0.01,0.0427,14.99,160.0,False,,20260906_113511,remeasured,Linux x86_64,summary
Gr_growth,1,retail,minsup,0.02,0.0365,13.88,56.0,False,,20260906_113511,remeasured,Linux x86_64,summary
Gr_growth,1,retail,minsup,0.2,0.036,13.73,4.0,False,,20260906_113511,remeasured,Linux x86_64,summary
Gr_growth,1,retail,minsup,0.3,0.0381,13.72,4.0,False,,20260906_113511,remeasured,Linux x86_64,summary
Gr_growth,1,retail,minsup,0.5,0.0161,4.24,2.0,False,,20260906_113511,remeasured,Linux x86_64,summary
Gr_growth,1,retail,minsup,0.7,0.0175,4.25,1.0,False,,20260906_113511,remeasured,Linux x86_64,summary
Gr_growth,1,accidents,minsup,0.3,0.503,40.92,149530.0,False,,20260906_113511,remeasured,Linux x86_64,summary
Gr_growth,1,accidents,minsup,0.4,0.3499,31.11,32530.0,False,,20260906_113511,remeasured,Linux x86_64,summary
Gr_growth,1,accidents,minsup,0.5,0.2394,18.89,8058.0,False,,20260906_113511,remeasured,Linux x86_64,summary
Gr_growth,1,accidents,minsup,0.6,0.2226,15.3,2075.0,False,,20260906_113511,remeasured,Linux x86_64,summary
Gr_growth,1,accidents,minsup,0.7,0.192,13.73,530.0,False,,20260906_113511,remeasured,Linux x86_64,summary
Gr_growth,1,accidents,minsup,0.8,0.1769,13.58,150.0,False,,20260906_113511,remeasured,Linux x86_64,summary
Gr_growth,1,pumsb,minsup,0.6,2.0571,144.86,2853042.0,False,,20260906_113511,remeasured,Linux x86_64,summary
Gr_growth,1,pumsb,minsup,0.7,0.4582,41.08,658565.0,False,,20260906_113511,remeasured,Linux x86_64,summary
Gr_growth,1,pumsb,minsup,0.75,0.1984,23.58,248406.0,False,,20260906_113511,remeasured,Linux x86_64,summary
Gr_growth,1,pumsb,minsup,0.8,0.0983,16.23,67836.0,False,,20260906_113511,remeasured,Linux x86_64,summary
Gr_growth,1,pumsb,minsup,0.85,0.0689,14.08,13795.0,False,,20260906_113511,remeasured,Linux x86_64,summary
Gr_growth,1,pumsb,minsup,0.9,0.0661,13.43,2032.0,False,,20260906_113511,remeasured,Linux x86_64,summary
Gr_growth,1,pumsb,minsup,0.95,0.0641,13.73,142.0,False,,20260906_113511,remeasured,Linux x86_64,summary
VGEN,2,leviathan,minsup,0.008,0.3417,438.72,1,False,,20260906_181531,remeasured,Linux x86_64,summary
VGEN,2,leviathan,minsup,0.006,0.3786,445.34,205,False,,20260906_181531,remeasured,Linux x86_64,summary
VGEN,2,leviathan,minsup,0.005,0.5624,485.16,1614,False,,20260906_181531,remeasured,Linux x86_64,summary
VGEN,2,leviathan,minsup,0.004,1.0836,650.39,5398,False,,20260906_181531,remeasured,Linux x86_64,summary
VGEN,2,leviathan,minsup,0.003,1.7948,814.5,8436,False,,20260906_181531,remeasured,Linux x86_64,summary
VGEN,2,bible,minsup,0.0025,0.7564,1753.19,11,False,,20260906_181531,remeasured,Linux x86_64,summary
VGEN,2,bible,minsup,0.002,0.9583,1836.61,1756,False,,20260906_181531,remeasured,Linux x86_64,summary
VGEN,2,bible,minsup,0.0015,4.1578,2505.52,12075,False,,20260906_181531,remeasured,Linux x86_64,summary
VGEN,2,bible,minsup,0.00125,5.0613,2644.81,13794,False,,20260906_181531,remeasured,Linux x86_64,summary
VGEN,2,bible,minsup,0.001,5.0782,2637.83,13906,False,,20260906_181531,remeasured,Linux x86_64,summary
VGEN,2,sign,minsup,0.05,0.3356,138.47,268,False,,20260906_181531,remeasured,Linux x86_64,summary
VGEN,2,sign,minsup,0.04,0.3341,138.12,399,False,,20260906_181531,remeasured,Linux x86_64,summary
VGEN,2,sign,minsup,0.03,0.6754,409.68,9327,False,,20260906_181531,remeasured,Linux x86_64,summary
VGEN,2,sign,minsup,0.025,2.2242,853.57,23903,False,,20260906_181531,remeasured,Linux x86_64,summary
VGEN,2,sign,minsup,0.02,10.3495,1119.1,51178,False,,20260906_181531,remeasured,Linux x86_64,summary
VGEN,2,sign,minsup,0.015,19.3161,1112.36,68065,False,,20260906_181531,remeasured,Linux x86_64,summary
FEAT,2,leviathan,minsup,0.008,0.2676,136.2,0,False,,20260906_181531,remeasured,Linux x86_64,summary
FEAT,2,leviathan,minsup,0.006,0.3081,149.79,315,False,,20260906_181531,remeasured,Linux x86_64,summary
FEAT,2,leviathan,minsup,0.005,0.5311,427.59,2076,False,,20260906_181531,remeasured,Linux x86_64,summary
FEAT,2,leviathan,minsup,0.004,1.0253,612.97,6103,False,,20260906_181531,remeasured,Linux x86_64,summary
FEAT,2,leviathan,minsup,0.003,1.3293,619.4,8666,False,,20260906_181531,remeasured,Linux x86_64,summary
FEAT,2,bible,minsup,0.0025,0.4776,336.13,15,False,,20260906_181531,remeasured,Linux x86_64,summary
FEAT,2,bible,minsup,0.002,1.3892,1405.74,2134,False,,20260906_181531,remeasured,Linux x86_64,summary
FEAT,2,bible,minsup,0.0015,6.2548,1461.42,12462,False,,20260906_181531,remeasured,Linux x86_64,summary
FEAT,2,bible,minsup,0.00125,6.9927,1500.15,13833,False,,20260906_181531,remeasured,Linux x86_64,summary
FEAT,2,bible,minsup,0.001,6.9611,1534.74,13905,False,,20260906_181531,remeasured,Linux x86_64,summary
FEAT,2,sign,minsup,0.05,0.4303,336.4,267,False,,20260906_181531,remeasured,Linux x86_64,summary
FEAT,2,sign,minsup,0.04,0.6105,394.28,526,False,,20260906_181531,remeasured,Linux x86_64,summary
FEAT,2,sign,minsup,0.03,7.7032,387.3,13128,False,,20260906_181531,remeasured,Linux x86_64,summary
FEAT,2,sign,minsup,0.025,17.4633,421.09,30445,False,,20260906_181531,remeasured,Linux x86_64,summary
FEAT,2,sign,minsup,0.02,34.4259,446.47,56952,False,,20260906_181531,rerun,Linux x86_64,summary
FEAT,2,sign,minsup,0.015,44.3638,468.0,69710,False,,20260906_181531,rerun,Linux x86_64,summary
FSGP,2,leviathan,minsup,0.008,0.2594,137.01,0,False,,20260906_181531,remeasured,Linux x86_64,summary
FSGP,2,leviathan,minsup,0.006,0.3058,150.49,315,False,,20260906_181531,remeasured,Linux x86_64,summary
FSGP,2,leviathan,minsup,0.005,0.5364,420.93,2076,False,,20260906_181531,remeasured,Linux x86_64,summary
FSGP,2,leviathan,minsup,0.004,1.0118,616.67,6103,False,,20260906_181531,remeasured,Linux x86_64,summary
FSGP,2,leviathan,minsup,0.003,1.3356,648.19,8666,False,,20260906_181531,remeasured,Linux x86_64,summary
FSGP,2,bible,minsup,0.0025,0.4732,338.22,15,False,,20260906_181531,remeasured,Linux x86_64,summary
FSGP,2,bible,minsup,0.002,1.4048,1420.42,2134,False,,20260906_181531,remeasured,Linux x86_64,summary
FSGP,2,bible,minsup,0.0015,6.2945,1482.92,12462,False,,20260906_181531,remeasured,Linux x86_64,summary
FSGP,2,bible,minsup,0.00125,6.9587,1477.0,13833,False,,20260906_181531,remeasured,Linux x86_64,summary
FSGP,2,bible,minsup,0.001,7.0012,1506.66,13905,False,,20260906_181531,remeasured,Linux x86_64,summary
FSGP,2,sign,minsup,0.05,0.4168,337.7,267,False,,20260906_181531,remeasured,Linux x86_64,summary
FSGP,2,sign,minsup,0.04,0.4619,389.69,526,False,,20260906_181531,remeasured,Linux x86_64,summary
FSGP,2,sign,minsup,0.03,1.2374,507.12,13128,False,,20260906_181531,remeasured,Linux x86_64,summary
FSGP,2,sign,minsup,0.025,2.083,778.85,30445,False,,20260906_181531,remeasured,Linux x86_64,summary
FSGP,2,sign,minsup,0.02,3.2525,984.85,56952,False,,20260906_181531,remeasured,Linux x86_64,summary
FSGP,2,sign,minsup,0.015,4.0357,1186.75,69710,False,,20260906_181531,remeasured,Linux x86_64,summary
Apriori_Gen_Borgelt,1,bms1,minsup,0.009894802187846,0.0323,5.62,79,False,,20260923_124200,linux,Linux x86_64,extra
Eclat_Gen_Borgelt,1,bms1,minsup,0.009894802187846,0.0194,6.32,79,False,,20260923_124200,linux,Linux x86_64,extra
DefMe,1,bms1,minsup,0.009894802187846,0.3444,115.83,80,False,,20260923_124200,linux,Linux x86_64,extra
FPgrowth_Gen_Borgelt,1,bms1,minsup,0.009894802187846,0.0173,6.37,79,False,,20260923_124200,linux,Linux x86_64,extra
Gr_growth,1,bms1,minsup,0.009894802187846,0.0219,14.54,80,False,,20260923_124200,linux,Linux x86_64,extra
TalkyG_Diffset,1,bms1,minsup,0.009894802187846,1.7675,7802.34,80,False,,20260923_124202,linux,Linux x86_64,extra
Pascal,1,bms1,minsup,0.009894802187846,2.0055,98.51,79,False,,20260923_124202,linux,Linux x86_64,extra
Talky_G,1,bms1,minsup,0.009894802187846,1.8774,7795.6,80,False,,20260923_124204,linux,Linux x86_64,extra
Apriori_Gen_Borgelt,1,bms1,minsup,0.0038547364182409,0.0179,5.46,304,False,,20260923_124205,linux,Linux x86_64,extra
Zart,1,bms1,minsup,0.009894802187846,1.8868,478.28,80,False,,20260923_124205,linux,Linux x86_64,extra
Eclat_Gen_Borgelt,1,bms1,minsup,0.0038547364182409,0.0197,7.0,304,False,,20260923_124205,linux,Linux x86_64,extra
FPgrowth_Gen_Borgelt,1,bms1,minsup,0.0038547364182409,0.0154,7.29,304,False,,20260923_124205,linux,Linux x86_64,extra
DefMe,1,bms1,minsup,0.0038547364182409,0.3177,179.56,305,False,,20260923_124205,linux,Linux x86_64,extra
TalkyG_Diffset,1,bms1,minsup,0.0038547364182409,1.7948,7790.54,305,False,,20260923_124207,linux,Linux x86_64,extra
Talky_G,1,bms1,minsup,0.0038547364182409,1.7659,7791.96,305,False,,20260923_124209,linux,Linux x86_64,extra
Pascal,1,bms1,minsup,0.0038547364182409,12.1523,99.99,304,False,,20260923_124217,linux,Linux x86_64,extra
Apriori_Gen_Borgelt,1,bms1,minsup,0.0012709305056877,0.0219,5.78,2077,False,,20260923_124218,linux,Linux x86_64,extra
DefMe,1,bms1,minsup,0.0012709305056877,0.4143,399.54,2078,False,,20260923_124218,linux,Linux x86_64,extra
Eclat_Gen_Borgelt,1,bms1,minsup,0.0012709305056877,0.0205,9.06,2077,False,,20260923_124219,linux,Linux x86_64,extra
FPgrowth_Gen_Borgelt,1,bms1,minsup,0.0012709305056877,0.0275,9.97,2077,False,,20260923_124219,linux,Linux x86_64,extra
Zart,1,bms1,minsup,0.0038547364182409,10.9244,501.68,305,False,,20260923_124220,linux,Linux x86_64,extra
TalkyG_Diffset,1,bms1,minsup,0.0012709305056877,1.7989,7950.78,2079,False,,20260923_124222,linux,Linux x86_64,extra
Talky_G,1,bms1,minsup,0.0012709305056877,1.7784,7791.57,2079,False,,20260923_124225,linux,Linux x86_64,extra
Pascal,1,bms1,minsup,0.0012709305056877,32.0492,114.13,2077,False,,20260923_124251,linux,Linux x86_64,extra
Apriori_Gen_Borgelt,1,bms1,minsup,0.0005662561659004,0.3635,24.74,159224,False,,20260923_124252,linux,Linux x86_64,extra
Gr_growth,1,bms1,minsup,0.0038547364182409,0.0249,15.61,305,False,,20260923_124401,linux,Linux x86_64,extra
Gr_growth,1,bms1,minsup,0.0012709305056877,0.0302,16.26,2078,False,,20260923_124401,linux,Linux x86_64,extra
DefMe,1,bms1,minsup,0.0005662561659004,4.6728,814.25,159225,False,,20260923_124406,linux,Linux x86_64,extra
Eclat_Gen_Borgelt,1,bms1,minsup,0.0005662561659004,0.1071,25.1,159224,False,,20260923_124406,linux,Linux x86_64,extra
FPgrowth_Gen_Borgelt,1,bms1,minsup,0.0005662561659004,0.0825,29.68,159224,False,,20260923_124407,linux,Linux x86_64,extra
Gr_growth,1,bms1,minsup,0.0005662561659004,0.1316,21.1,159225,False,,20260923_124407,linux,Linux x86_64,extra
Zart,1,bms1,minsup,0.0012709305056877,39.8572,644.7,2078,False,,20260923_124441,linux,Linux x86_64,extra
TalkyG_Diffset,1,bms1,minsup,0.0005662561659004,58.7362,7983.2,246441,False,,20260923_124540,linux,Linux x86_64,extra
Talky_G,1,bms1,minsup,0.0005662561659004,60.9755,7968.68,246441,False,,20260923_124642,linux,Linux x86_64,extra
Pascal,1,bms1,minsup,0.0005662561659004,3600.1096,598.29,159224,True,,20260923_134740,linux,Linux x86_64,extra
Apriori_Gen_Borgelt,1,bms1,minsup,0.0001803630750645,33.0664,7835.55,0,False,non-zero exit code 1,20260923_134814,linux,Linux x86_64,extra
DefMe,1,bms1,minsup,0.0001803630750645,254.9194,987.26,2915744,False,,20260923_135229,linux,Linux x86_64,extra
Eclat_Gen_Borgelt,1,bms1,minsup,0.0001803630750645,2.0514,234.53,2915743,False,,20260923_135231,linux,Linux x86_64,extra
FPgrowth_Gen_Borgelt,1,bms1,minsup,0.0001803630750645,1.8038,245.4,2915743,False,,20260923_135234,linux,Linux x86_64,extra
Gr_growth,1,bms1,minsup,0.0001803630750645,4.5285,132.79,2915744,False,,20260923_135239,linux,Linux x86_64,extra
Zart,1,bms1,minsup,0.0005662561659004,3600.1476,986.59,0,True,,20260923_144740,linux,Linux x86_64,extra
Pascal,1,bms1,minsup,0.0001803630750645,3600.208,2797.2,1684158,True,,20260923_145240,linux,Linux x86_64,extra
Apriori_Gen_Borgelt,1,bms2,minsup,0.0123819537619981,0.0236,7.46,51,False,,20260923_150940,linux,Linux x86_64,extra
Eclat_Gen_Borgelt,1,bms2,minsup,0.0123819537619981,0.0295,7.83,51,False,,20260923_150941,linux,Linux x86_64,extra
DefMe,1,bms2,minsup,0.0123819537619981,0.3223,172.55,52,False,,20260923_150941,linux,Linux x86_64,extra
Gr_growth,1,bms2,minsup,0.0123819537619981,0.0233,15.68,52,False,,20260923_150941,linux,Linux x86_64,extra
FPgrowth_Gen_Borgelt,1,bms2,minsup,0.0123819537619981,0.0375,7.95,51,False,,20260923_150941,linux,Linux x86_64,extra
Pascal,1,bms2,minsup,0.0123819537619981,1.2747,109.96,51,False,,20260923_150943,linux,Linux x86_64,extra
TalkyG_Diffset,1,bms2,minsup,0.0123819537619981,1.9027,7590.8,,False,java.lang.OutOfMemoryError: Java heap space,20260923_150943,linux,Linux x86_64,extra
Zart,1,bms2,minsup,0.0123819537619981,0.9866,515.0,52,False,,20260923_150944,linux,Linux x86_64,extra
Apriori_Gen_Borgelt,1,c20d10k,minsup,0.946075,0.0118,4.14,8,False,,20260923_150945,linux,Linux x86_64,extra
Talky_G,1,bms2,minsup,0.0123819537619981,1.8906,7598.84,,False,java.lang.OutOfMemoryError: Java heap space,20260923_150945,linux,Linux x86_64,extra
Eclat_Gen_Borgelt,1,c20d10k,minsup,0.946075,0.0217,4.29,8,False,,20260923_150945,linux,Linux x86_64,extra
DefMe,1,c20d10k,minsup,0.946075,0.2391,98.77,9,False,,20260923_150945,linux,Linux x86_64,extra
FPgrowth_Gen_Borgelt,1,c20d10k,minsup,0.946075,0.0118,4.43,8,False,,20260923_150945,linux,Linux x86_64,extra
Gr_growth,1,c20d10k,minsup,0.946075,0.0126,13.75,9,False,,20260923_150945,linux,Linux x86_64,extra
Pascal,1,c20d10k,minsup,0.946075,0.318,103.89,8,False,,20260923_150946,linux,Linux x86_64,extra
TalkyG_Diffset,1,c20d10k,minsup,0.946075,0.2403,99.81,8,False,,20260923_150946,linux,Linux x86_64,extra
Talky_G,1,c20d10k,minsup,0.946075,0.3011,101.68,8,False,,20260923_150946,linux,Linux x86_64,extra
Zart,1,c20d10k,minsup,0.946075,0.2848,110.67,9,False,,20260923_150946,linux,Linux x86_64,extra
Apriori_Gen_Borgelt,1,kosarak,minsup,0.0600247505990574,0.478,80.5,24,False,,20260923_150947,linux,Linux x86_64,extra
Eclat_Gen_Borgelt,1,kosarak,minsup,0.0600247505990574,0.5085,80.63,24,False,,20260923_150948,linux,Linux x86_64,extra
FPgrowth_Gen_Borgelt,1,kosarak,minsup,0.0600247505990574,0.4765,80.34,24,False,,20260923_150949,linux,Linux x86_64,extra
Gr_growth,1,kosarak,minsup,0.0600247505990574,0.2381,13.8,24,False,,20260923_150949,linux,Linux x86_64,extra
DefMe,1,kosarak,minsup,0.0600247505990574,3.3042,7895.45,25,False,,20260923_150950,linux,Linux x86_64,extra
Pascal,1,kosarak,minsup,0.0600247505990574,1.5701,478.26,24,False,,20260923_150951,linux,Linux x86_64,extra
TalkyG_Diffset,1,kosarak,minsup,0.0600247505990574,3.199,7926.61,,False,java.lang.OutOfMemoryError: Java heap space,20260923_150953,linux,Linux x86_64,extra
Talky_G,1,kosarak,minsup,0.0600247505990574,4.6089,8031.39,,False,java.lang.OutOfMemoryError: Java heap space,20260923_150956,linux,Linux x86_64,extra
Apriori_Gen_Borgelt,1,c73d10k,minsup,0.979375,0.0208,6.17,6,False,,20260923_150956,linux,Linux x86_64,extra
Zart,1,kosarak,minsup,0.0600247505990574,2.3451,1065.57,25,False,,20260923_150956,linux,Linux x86_64,extra
Eclat_Gen_Borgelt,1,c73d10k,minsup,0.979375,0.0238,6.14,6,False,,20260923_150956,linux,Linux x86_64,extra
DefMe,1,c73d10k,minsup,0.979375,0.2679,125.91,7,False,,20260923_150956,linux,Linux x86_64,extra
FPgrowth_Gen_Borgelt,1,c73d10k,minsup,0.979375,0.0252,6.41,6,False,,20260923_150957,linux,Linux x86_64,extra
Gr_growth,1,c73d10k,minsup,0.979375,0.0171,13.59,6,False,,20260923_150957,linux,Linux x86_64,extra
Pascal,1,c73d10k,minsup,0.979375,0.3183,119.76,6,False,,20260923_150957,linux,Linux x86_64,extra
TalkyG_Diffset,1,c73d10k,minsup,0.979375,0.4297,135.26,6,False,,20260923_150957,linux,Linux x86_64,extra
Talky_G,1,c73d10k,minsup,0.979375,0.4063,138.0,6,False,,20260923_150958,linux,Linux x86_64,extra
Zart,1,c73d10k,minsup,0.979375,0.3495,138.92,7,False,,20260923_150958,linux,Linux x86_64,extra
Apriori_Gen_Borgelt,1,bms2,minsup,0.0052862782536897,0.0286,7.28,345,False,,20260923_150958,linux,Linux x86_64,extra
Eclat_Gen_Borgelt,1,bms2,minsup,0.0052862782536897,0.0351,9.09,345,False,,20260923_150958,linux,Linux x86_64,extra
FPgrowth_Gen_Borgelt,1,bms2,minsup,0.0052862782536897,0.0247,9.28,345,False,,20260923_150959,linux,Linux x86_64,extra
DefMe,1,bms2,minsup,0.0052862782536897,0.3407,247.65,346,False,,20260923_150959,linux,Linux x86_64,extra
Gr_growth,1,bms2,minsup,0.0052862782536897,0.0468,16.79,346,False,,20260923_150959,linux,Linux x86_64,extra
TalkyG_Diffset,1,bms2,minsup,0.0052862782536897,1.8227,7592.71,,False,java.lang.OutOfMemoryError: Java heap space,20260923_151001,linux,Linux x86_64,extra
Talky_G,1,bms2,minsup,0.0052862782536897,1.8376,7590.3,,False,java.lang.OutOfMemoryError: Java heap space,20260923_151003,linux,Linux x86_64,extra
Zart,1,bms2,minsup,0.0052862782536897,7.2682,573.18,346,False,,20260923_151010,linux,Linux x86_64,extra
Apriori_Gen_Borgelt,1,c20d10k,minsup,0.337575,0.0134,4.13,659,False,,20260923_151011,linux,Linux x86_64,extra
DefMe,1,c20d10k,minsup,0.337575,0.2431,114.39,660,False,,20260923_151011,linux,Linux x86_64,extra
Eclat_Gen_Borgelt,1,c20d10k,minsup,0.337575,0.0124,5.07,659,False,,20260923_151011,linux,Linux x86_64,extra
FPgrowth_Gen_Borgelt,1,c20d10k,minsup,0.337575,0.0108,5.22,659,False,,20260923_151012,linux,Linux x86_64,extra
Gr_growth,1,c20d10k,minsup,0.337575,0.0117,13.73,660,False,,20260923_151012,linux,Linux x86_64,extra
Pascal,1,c20d10k,minsup,0.337575,0.4246,99.71,659,False,,20260923_151013,linux,Linux x86_64,extra
Pascal,1,bms2,minsup,0.0052862782536897,14.0866,111.29,345,False,,20260923_151013,linux,Linux x86_64,extra
TalkyG_Diffset,1,c20d10k,minsup,0.337575,0.323,99.7,659,False,,20260923_151013,linux,Linux x86_64,extra
Talky_G,1,c20d10k,minsup,0.337575,0.2526,99.73,659,False,,20260923_151013,linux,Linux x86_64,extra
Apriori_Gen_Borgelt,1,kosarak,minsup,0.0126772285392901,0.5105,80.88,251,False,,20260923_151014,linux,Linux x86_64,extra
Zart,1,c20d10k,minsup,0.337575,2.2742,399.09,660,False,,20260923_151016,linux,Linux x86_64,extra
Eclat_Gen_Borgelt,1,kosarak,minsup,0.0126772285392901,0.5745,94.79,251,False,,20260923_151017,linux,Linux x86_64,extra
FPgrowth_Gen_Borgelt,1,kosarak,minsup,0.0126772285392901,0.5933,89.23,251,False,,20260923_151017,linux,Linux x86_64,extra
DefMe,1,kosarak,minsup,0.0126772285392901,3.3132,7918.0,252,False,,20260923_151018,linux,Linux x86_64,extra
Gr_growth,1,kosarak,minsup,0.0126772285392901,0.3354,21.45,252,False,,20260923_151018,linux,Linux x86_64,extra
TalkyG_Diffset,1,kosarak,minsup,0.0126772285392901,3.1047,7936.34,,False,java.lang.OutOfMemoryError: Java heap space,20260923_151021,linux,Linux x86_64,extra
Talky_G,1,kosarak,minsup,0.0126772285392901,4.0978,8030.91,,False,java.lang.OutOfMemoryError: Java heap space,20260923_151026,linux,Linux x86_64,extra
Pascal,1,kosarak,minsup,0.0126772285392901,17.0601,485.96,251,False,,20260923_151035,linux,Linux x86_64,extra
Apriori_Gen_Borgelt,1,c73d10k,minsup,0.919975,0.0237,5.96,600,False,,20260923_151035,linux,Linux x86_64,extra
DefMe,1,c73d10k,minsup,0.919975,0.2757,148.35,601,False,,20260923_151036,linux,Linux x86_64,extra
Eclat_Gen_Borgelt,1,c73d10k,minsup,0.919975,0.0208,7.05,600,False,,20260923_151036,linux,Linux x86_64,extra
FPgrowth_Gen_Borgelt,1,c73d10k,minsup,0.919975,0.0211,7.12,600,False,,20260923_151036,linux,Linux x86_64,extra
Gr_growth,1,c73d10k,minsup,0.919975,0.0174,13.6,596,False,,20260923_151036,linux,Linux x86_64,extra
Pascal,1,c73d10k,minsup,0.919975,0.7386,123.84,600,False,,20260923_151037,linux,Linux x86_64,extra
TalkyG_Diffset,1,c73d10k,minsup,0.919975,0.3322,136.63,600,False,,20260923_151038,linux,Linux x86_64,extra
Zart,1,kosarak,minsup,0.0126772285392901,12.2491,1626.61,252,False,,20260923_151038,linux,Linux x86_64,extra
Talky_G,1,c73d10k,minsup,0.919975,0.3976,139.19,600,False,,20260923_151039,linux,Linux x86_64,extra
Apriori_Gen_Borgelt,1,bms2,minsup,0.0012094901434616,0.0685,10.25,13848,False,,20260923_151039,linux,Linux x86_64,extra
DefMe,1,bms2,minsup,0.0012094901434616,1.1293,663.53,13849,False,,20260923_151040,linux,Linux x86_64,extra
Eclat_Gen_Borgelt,1,bms2,minsup,0.0012094901434616,0.0571,18.57,13848,False,,20260923_151040,linux,Linux x86_64,extra
FPgrowth_Gen_Borgelt,1,bms2,minsup,0.0012094901434616,0.0448,20.92,13848,False,,20260923_151041,linux,Linux x86_64,extra
Gr_growth,1,bms2,minsup,0.0012094901434616,0.0688,21.7,13849,False,,20260923_151041,linux,Linux x86_64,extra
Zart,1,c73d10k,minsup,0.919975,4.2575,409.61,601,False,,20260923_151043,linux,Linux x86_64,extra
TalkyG_Diffset,1,bms2,minsup,0.0012094901434616,1.7312,7592.77,,False,java.lang.OutOfMemoryError: Java heap space,20260923_151045,linux,Linux x86_64,extra
Talky_G,1,bms2,minsup,0.0012094901434616,1.781,7592.48,,False,java.lang.OutOfMemoryError: Java heap space,20260923_151047,linux,Linux x86_64,extra
Zart,1,bms2,minsup,0.0012094901434616,367.5665,1518.68,13849,False,,20260923_151654,linux,Linux x86_64,extra
Apriori_Gen_Borgelt,1,c20d10k,minsup,0.034375,0.096,5.03,34690,False,,20260923_151655,linux,Linux x86_64,extra
DefMe,1,c20d10k,minsup,0.034375,0.4247,379.36,34691,False,,20260923_151655,linux,Linux x86_64,extra
Eclat_Gen_Borgelt,1,c20d10k,minsup,0.034375,0.0358,15.01,34690,False,,20260923_151656,linux,Linux x86_64,extra
FPgrowth_Gen_Borgelt,1,c20d10k,minsup,0.034375,0.0218,15.33,34690,False,,20260923_151656,linux,Linux x86_64,extra
Gr_growth,1,c20d10k,minsup,0.034375,0.0344,15.32,34691,False,,20260923_151656,linux,Linux x86_64,extra
Pascal,1,c20d10k,minsup,0.034375,83.7692,327.26,34690,False,,20260923_151820,linux,Linux x86_64,extra
TalkyG_Diffset,1,c20d10k,minsup,0.034375,0.3174,172.0,34764,False,,20260923_151821,linux,Linux x86_64,extra
Talky_G,1,c20d10k,minsup,0.034375,0.3053,162.32,34764,False,,20260923_151821,linux,Linux x86_64,extra
Pascal,1,bms2,minsup,0.0012094901434616,478.7567,142.18,13848,False,,20260923_151840,linux,Linux x86_64,extra
Apriori_Gen_Borgelt,1,kosarak,minsup,0.0032752349487756,0.8635,81.42,4001,False,,20260923_151841,linux,Linux x86_64,extra
DefMe,1,kosarak,minsup,0.0032752349487756,4.3816,7989.88,4002,False,,20260923_151846,linux,Linux x86_64,extra
Eclat_Gen_Borgelt,1,kosarak,minsup,0.0032752349487756,0.6783,124.94,4001,False,,20260923_151847,linux,Linux x86_64,extra
FPgrowth_Gen_Borgelt,1,kosarak,minsup,0.0032752349487756,0.9033,135.61,4001,False,,20260923_151848,linux,Linux x86_64,extra
Gr_growth,1,kosarak,minsup,0.0032752349487756,0.9369,63.79,4002,False,,20260923_151849,linux,Linux x86_64,extra
Pascal,1,kosarak,minsup,0.0032752349487756,686.1005,492.09,4001,False,,20260923_153015,linux,Linux x86_64,extra
TalkyG_Diffset,1,kosarak,minsup,0.0032752349487756,3.0924,7930.08,,False,java.lang.OutOfMemoryError: Java heap space,20260923_153018,linux,Linux x86_64,extra
Talky_G,1,kosarak,minsup,0.0032752349487756,4.1195,8035.33,,False,java.lang.OutOfMemoryError: Java heap space,20260923_153023,linux,Linux x86_64,extra
Zart,1,kosarak,minsup,0.0032752349487756,550.9333,1732.91,4002,False,,20260923_153934,linux,Linux x86_64,extra
Apriori_Gen_Borgelt,1,c73d10k,minsup,0.446675,20.9821,62.72,1807687,False,,20260923_153955,linux,Linux x86_64,extra
DefMe,1,c73d10k,minsup,0.446675,10.1829,754.11,1807688,False,,20260923_154006,linux,Linux x86_64,extra
Eclat_Gen_Borgelt,1,c73d10k,minsup,0.446675,0.9654,171.44,1807687,False,,20260923_154007,linux,Linux x86_64,extra
FPgrowth_Gen_Borgelt,1,c73d10k,minsup,0.446675,0.8252,173.3,1807687,False,,20260923_154008,linux,Linux x86_64,extra
Gr_growth,1,c73d10k,minsup,0.446675,1.0828,98.6,1806480,False,,20260923_154010,linux,Linux x86_64,extra
Zart,1,c20d10k,minsup,0.034375,3600.1483,963.83,0,True,,20260923_161822,linux,Linux x86_64,extra
TalkyG_Diffset,1,c73d10k,minsup,0.446675,58.1968,574.95,1810556,False,,20260923_161920,linux,Linux x86_64,extra
Talky_G,1,c73d10k,minsup,0.446675,58.2635,574.09,1810556,False,,20260923_162019,linux,Linux x86_64,extra
Pascal,1,c73d10k,minsup,0.446675,3600.0643,917.91,684563,True,,20260923_164010,linux,Linux x86_64,extra
Apriori_Gen_Borgelt,1,bms2,minsup,0.0004354164516461,0.1611,20.54,100911,False,,20260923_164011,linux,Linux x86_64,extra
DefMe,1,bms2,minsup,0.0004354164516461,5.0359,671.47,100912,False,,20260923_164016,linux,Linux x86_64,extra
Eclat_Gen_Borgelt,1,bms2,minsup,0.0004354164516461,0.1039,27.68,100911,False,,20260923_164016,linux,Linux x86_64,extra
FPgrowth_Gen_Borgelt,1,bms2,minsup,0.0004354164516461,0.0983,33.12,100911,False,,20260923_164017,linux,Linux x86_64,extra
Gr_growth,1,bms2,minsup,0.0004354164516461,0.1649,26.77,100912,False,,20260923_164017,linux,Linux x86_64,extra
Pascal,1,bms2,minsup,0.0004354164516461,2035.6853,399.44,100911,False,,20260923_171413,linux,Linux x86_64,extra
TalkyG_Diffset,1,bms2,minsup,0.0004354164516461,1.7428,7586.2,,False,java.lang.OutOfMemoryError: Java heap space,20260923_171415,linux,Linux x86_64,extra
Talky_G,1,bms2,minsup,0.0004354164516461,1.8746,7591.22,,False,java.lang.OutOfMemoryError: Java heap space,20260923_171417,linux,Linux x86_64,extra
Zart,1,c73d10k,minsup,0.446675,3600.0692,1090.62,0,True,,20260923_172019,linux,Linux x86_64,extra
Apriori_Gen_Borgelt,1,c20d10k,minsup,0.001275,0.3985,21.29,386701,False,,20260923_172020,linux,Linux x86_64,extra
DefMe,1,c20d10k,minsup,0.001275,2.6059,750.96,386702,False,,20260923_172023,linux,Linux x86_64,extra
Eclat_Gen_Borgelt,1,c20d10k,minsup,0.001275,0.1722,39.88,386701,False,,20260923_172023,linux,Linux x86_64,extra
FPgrowth_Gen_Borgelt,1,c20d10k,minsup,0.001275,0.1464,42.9,386701,False,,20260923_172023,linux,Linux x86_64,extra
Gr_growth,1,c20d10k,minsup,0.001275,0.2013,27.5,386702,False,,20260923_172024,linux,Linux x86_64,extra
Zart,1,bms2,minsup,0.0004354164516461,3479.1071,1883.97,100912,False,,20260923_181217,linux,Linux x86_64,extra
TalkyG_Diffset,1,c20d10k,minsup,0.001275,12.5032,408.34,394806,False,,20260923_181229,linux,Linux x86_64,extra
Talky_G,1,c20d10k,minsup,0.001275,12.7513,405.26,394806,False,,20260923_181242,linux,Linux x86_64,extra
Pascal,1,c20d10k,minsup,0.001275,3600.0509,643.75,253643,True,,20260923_182024,linux,Linux x86_64,extra
Apriori_Gen_Borgelt,1,kosarak,minsup,0.0013246977425311,10.8181,93.03,202882,False,,20260923_182035,linux,Linux x86_64,extra
DefMe,1,kosarak,minsup,0.0013246977425311,206.058,8012.86,202883,False,,20260923_182402,linux,Linux x86_64,extra
Eclat_Gen_Borgelt,1,kosarak,minsup,0.0013246977425311,1.2067,154.16,202882,False,,20260923_182403,linux,Linux x86_64,extra
FPgrowth_Gen_Borgelt,1,kosarak,minsup,0.0013246977425311,1.9742,212.75,202882,False,,20260923_182405,linux,Linux x86_64,extra
Gr_growth,1,kosarak,minsup,0.0013246977425311,2.9051,120.23,202882,False,,20260923_182408,linux,Linux x86_64,extra
Zart,1,c20d10k,minsup,0.001275,3600.1552,1144.04,0,True,,20260923_191243,linux,Linux x86_64,extra
TalkyG_Diffset,1,kosarak,minsup,0.0013246977425311,3.0123,7931.48,,False,java.lang.OutOfMemoryError: Java heap space,20260923_191246,linux,Linux x86_64,extra
Talky_G,1,kosarak,minsup,0.0013246977425311,4.0715,8030.71,,False,java.lang.OutOfMemoryError: Java heap space,20260923_191250,linux,Linux x86_64,extra
Pascal,1,kosarak,minsup,0.0013246977425311,3600.1365,505.62,677,True,,20260923_192409,linux,Linux x86_64,extra
Apriori_Gen_Borgelt,1,c73d10k,minsup,0.124675,1800.7562,7835.69,0,False,non-zero exit code 1,20260923_195410,linux,Linux x86_64,extra
Zart,1,kosarak,minsup,0.0013246977425311,3600.1806,1791.38,0,True,,20260923_201251,linux,Linux x86_64,extra
Eclat_Gen_Borgelt,1,c73d10k,minsup,0.124675,244.8376,7834.46,82036521,False,non-zero exit code 1,20260923_201701,linux,Linux x86_64,extra
FPgrowth_Gen_Borgelt,1,c73d10k,minsup,0.124675,237.0021,7834.51,82018035,False,non-zero exit code 1,20260923_202104,linux,Linux x86_64,extra
Gr_growth,1,c73d10k,minsup,0.124675,351.593,7834.22,164364300,False,killed by signal 6,20260923_202722,linux,Linux x86_64,extra
DefMe,1,c73d10k,minsup,0.124675,3600.1501,951.8,426915793,True,,20260923_205447,linux,Linux x86_64,extra
Pascal,1,c73d10k,minsup,0.124675,3600.1687,1245.84,745089,True,,20260923_212722,linux,Linux x86_64,extra
TalkyG_Diffset,1,c73d10k,minsup,0.124675,3600.1636,1593.89,9464304,True,,20260923_215448,linux,Linux x86_64,extra
Talky_G,1,c73d10k,minsup,0.124675,3600.1142,1627.34,9790483,True,,20260923_222723,linux,Linux x86_64,extra
Zart,1,c73d10k,minsup,0.124675,3600.1641,1182.39,0,True,,20260923_225448,linux,Linux x86_64,extra
TalkyG_Diffset,1,bms1,minsup,0.0001803630750645,3600.3483,7970.2,1652741,True,,20260923_232724,linux,Linux x86_64,extra
Talky_G,1,bms1,minsup,0.0001803630750645,3600.3175,7981.06,1663800,True,,20260923_235449,linux,Linux x86_64,extra
Apriori_Gen_Borgelt,1,bms2,minsup,0.0001515894313138,0.669,57.46,524757,False,,20260923_235450,linux,Linux x86_64,extra
DefMe,1,bms2,minsup,0.0001515894313138,24.1012,731.47,524758,False,,20260923_235514,linux,Linux x86_64,extra
Eclat_Gen_Borgelt,1,bms2,minsup,0.0001515894313138,0.3445,58.48,524757,False,,20260923_235515,linux,Linux x86_64,extra
FPgrowth_Gen_Borgelt,1,bms2,minsup,0.0001515894313138,0.3056,70.45,524757,False,,20260923_235516,linux,Linux x86_64,extra
Gr_growth,1,bms2,minsup,0.0001515894313138,0.4422,42.28,524758,False,,20260923_235516,linux,Linux x86_64,extra
Zart,1,bms1,minsup,0.0001803630750645,3600.2197,2594.45,0,True,,20260924_002725,linux,Linux x86_64,extra
TalkyG_Diffset,1,bms2,minsup,0.0001515894313138,1.7157,7588.92,,False,java.lang.OutOfMemoryError: Java heap space,20260924_002726,linux,Linux x86_64,extra
Talky_G,1,bms2,minsup,0.0001515894313138,1.8217,7591.55,,False,java.lang.OutOfMemoryError: Java heap space,20260924_002728,linux,Linux x86_64,extra
Pascal,1,bms2,minsup,0.0001515894313138,3600.1379,511.46,2458,True,,20260924_005517,linux,Linux x86_64,extra
Apriori_Gen_Borgelt,1,kosarak,minsup,0.0006425150408652,1701.4612,7832.91,0,False,non-zero exit code 1,20260924_012338,linux,Linux x86_64,extra
Zart,1,bms2,minsup,0.0001515894313138,3600.2143,2305.97,0,True,,20260924_012729,linux,Linux x86_64,extra
Eclat_Gen_Borgelt,1,kosarak,minsup,0.0006425150408652,317.6957,7831.64,80375420,False,non-zero exit code 1,20260924_013252,linux,Linux x86_64,extra
FPgrowth_Gen_Borgelt,1,kosarak,minsup,0.0006425150408652,293.4879,7830.41,77733661,False,non-zero exit code 1,20260924_013752,linux,Linux x86_64,extra
Gr_growth,1,kosarak,minsup,0.0006425150408652,497.3721,7833.66,159581220,False,killed by signal 6,20260924_014639,linux,Linux x86_64,extra
DefMe,1,kosarak,minsup,0.0006425150408652,3600.3263,8001.69,189920,True,,20260924_022339,linux,Linux x86_64,extra
TalkyG_Diffset,1,kosarak,minsup,0.0006425150408652,2.9669,7927.38,,False,java.lang.OutOfMemoryError: Java heap space,20260924_022343,linux,Linux x86_64,extra
Talky_G,1,kosarak,minsup,0.0006425150408652,4.1167,8033.11,,False,java.lang.OutOfMemoryError: Java heap space,20260924_022347,linux,Linux x86_64,extra
Pascal,1,kosarak,minsup,0.0006425150408652,3600.148,669.32,1579,True,,20260924_024640,linux,Linux x86_64,extra
Apriori_Gen_Borgelt,1,c73d10k,minsup,0.015375,507.3927,7835.66,0,False,non-zero exit code 1,20260924_025507,linux,Linux x86_64,extra
Zart,1,kosarak,minsup,0.0006425150408652,3600.1334,2204.73,0,True,,20260924_032347,linux,Linux x86_64,extra
Eclat_Gen_Borgelt,1,c73d10k,minsup,0.015375,243.4157,7833.36,81504774,False,non-zero exit code 1,20260924_032756,linux,Linux x86_64,extra
FPgrowth_Gen_Borgelt,1,c73d10k,minsup,0.015375,234.12,7834.09,81472379,False,non-zero exit code 1,20260924_033156,linux,Linux x86_64,extra
Gr_growth,1,c73d10k,minsup,0.015375,428.3709,7834.13,161793128,False,killed by signal 6,20260924_033928,linux,Linux x86_64,extra
DefMe,1,c73d10k,minsup,0.015375,3600.0789,939.6,371037846,True,,20260924_035539,linux,Linux x86_64,extra
Pascal,1,c73d10k,minsup,0.015375,3600.1802,1529.62,6446509,True,,20260924_043930,linux,Linux x86_64,extra
TalkyG_Diffset,1,c73d10k,minsup,0.015375,3600.1538,787.26,4250488,True,,20260924_045539,linux,Linux x86_64,extra
Talky_G,1,c73d10k,minsup,0.015375,3600.1539,735.38,4091388,True,,20260924_053930,linux,Linux x86_64,extra
Zart,1,c73d10k,minsup,0.015375,3600.2109,1994.02,0,True,,20260924_055540,linux,Linux x86_64,extra
Apriori_Gen_Borgelt,1,chicago,minsup,0.0313061894768789,0.5734,132.53,22,False,,20260924_125504,linux,Linux x86_64,extra2
DefMe,1,chicago,minsup,0.0313061894768789,0.6457,612.49,23,False,,20260924_125504,linux,Linux x86_64,extra2
Eclat_Gen_Borgelt,1,chicago,minsup,0.0313061894768789,0.5361,132.82,22,False,,20260924_125505,linux,Linux x86_64,extra2
FPgrowth_Gen_Borgelt,1,chicago,minsup,0.0313061894768789,0.5306,132.81,22,False,,20260924_125505,linux,Linux x86_64,extra2
Gr_growth,1,chicago,minsup,0.0313061894768789,0.2006,13.75,23,False,,20260924_125505,linux,Linux x86_64,extra2
TalkyG_Diffset,1,chicago,minsup,0.0313061894768789,0.7181,683.88,23,False,,20260924_125506,linux,Linux x86_64,extra2
Talky_G,1,chicago,minsup,0.0313061894768789,0.6972,600.74,23,False,,20260924_125507,linux,Linux x86_64,extra2
Pascal,1,chicago,minsup,0.0313061894768789,2.4853,381.42,22,False,,20260924_125507,linux,Linux x86_64,extra2
Apriori_Gen_Borgelt,1,kddcup99,minsup,0.76716775,0.4103,109.04,34,False,,20260924_125508,linux,Linux x86_64,extra2
DefMe,1,kddcup99,minsup,0.76716775,0.9647,654.63,35,False,,20260924_125509,linux,Linux x86_64,extra2
Zart,1,chicago,minsup,0.0313061894768789,2.2804,905.32,23,False,,20260924_125509,linux,Linux x86_64,extra2
Eclat_Gen_Borgelt,1,kddcup99,minsup,0.76716775,0.4224,109.38,34,False,,20260924_125510,linux,Linux x86_64,extra2
FPgrowth_Gen_Borgelt,1,kddcup99,minsup,0.76716775,0.3795,109.52,34,False,,20260924_125510,linux,Linux x86_64,extra2
Gr_growth,1,kddcup99,minsup,0.76716775,0.3125,13.6,35,False,,20260924_125510,linux,Linux x86_64,extra2
Pascal,1,kddcup99,minsup,0.76716775,1.3842,638.95,34,False,,20260924_125512,linux,Linux x86_64,extra2
TalkyG_Diffset,1,kddcup99,minsup,0.76716775,1.3352,697.42,35,False,,20260924_125512,linux,Linux x86_64,extra2
Talky_G,1,kddcup99,minsup,0.76716775,1.4308,683.85,35,False,,20260924_125513,linux,Linux x86_64,extra2
Apriori_Gen_Borgelt,1,onlineretail,minsup,0.017636528480632,0.1338,35.79,54,False,,20260924_125514,linux,Linux x86_64,extra2
Zart,1,kddcup99,minsup,0.76716775,2.0421,1333.46,35,False,,20260924_125514,linux,Linux x86_64,extra2
DefMe,1,onlineretail,minsup,0.017636528480632,0.5899,686.96,55,False,,20260924_125514,linux,Linux x86_64,extra2
Eclat_Gen_Borgelt,1,onlineretail,minsup,0.017636528480632,0.1429,35.79,54,False,,20260924_125515,linux,Linux x86_64,extra2
FPgrowth_Gen_Borgelt,1,onlineretail,minsup,0.017636528480632,0.1452,35.91,54,False,,20260924_125515,linux,Linux x86_64,extra2
Gr_growth,1,onlineretail,minsup,0.017636528480632,0.1011,13.6,55,False,,20260924_125515,linux,Linux x86_64,extra2
TalkyG_Diffset,1,onlineretail,minsup,0.017636528480632,0.5796,527.21,55,False,,20260924_125516,linux,Linux x86_64,extra2
Talky_G,1,onlineretail,minsup,0.017636528480632,0.6118,650.92,55,False,,20260924_125517,linux,Linux x86_64,extra2
Zart,1,onlineretail,minsup,0.017636528480632,4.6665,826.25,55,False,,20260924_125522,linux,Linux x86_64,extra2
Pascal,1,onlineretail,minsup,0.017636528480632,7.1688,276.56,54,False,,20260924_125522,linux,Linux x86_64,extra2
Apriori_Gen_Borgelt,1,pamap,minsup,0.87309175,0.6862,139.36,21,False,,20260924_125523,linux,Linux x86_64,extra2
Eclat_Gen_Borgelt,1,pamap,minsup,0.87309175,0.6918,139.21,21,False,,20260924_125523,linux,Linux x86_64,extra2
DefMe,1,pamap,minsup,0.87309175,1.3447,1220.78,22,False,,20260924_125524,linux,Linux x86_64,extra2
FPgrowth_Gen_Borgelt,1,pamap,minsup,0.87309175,0.6506,139.36,21,False,,20260924_125524,linux,Linux x86_64,extra2
Gr_growth,1,pamap,minsup,0.87309175,0.4039,13.6,22,False,,20260924_125525,linux,Linux x86_64,extra2
TalkyG_Diffset,1,pamap,minsup,0.87309175,1.8575,1230.96,22,False,,20260924_125527,linux,Linux x86_64,extra2
Pascal,1,pamap,minsup,0.87309175,2.493,674.12,21,False,,20260924_125527,linux,Linux x86_64,extra2
Talky_G,1,pamap,minsup,0.87309175,2.0549,1294.46,22,False,,20260924_125529,linux,Linux x86_64,extra2
Apriori_Gen_Borgelt,1,recordlink,minsup,0.7772354251860716,0.1783,46.44,33,False,,20260924_125529,linux,Linux x86_64,extra2
DefMe,1,recordlink,minsup,0.7772354251860716,0.4789,278.78,34,False,,20260924_125530,linux,Linux x86_64,extra2
Zart,1,pamap,minsup,0.87309175,2.8441,1778.36,22,False,,20260924_125530,linux,Linux x86_64,extra2
Eclat_Gen_Borgelt,1,recordlink,minsup,0.7772354251860716,0.1804,46.51,33,False,,20260924_125530,linux,Linux x86_64,extra2
FPgrowth_Gen_Borgelt,1,recordlink,minsup,0.7772354251860716,0.1604,46.54,33,False,,20260924_125531,linux,Linux x86_64,extra2
Gr_growth,1,recordlink,minsup,0.7772354251860716,0.0999,13.63,34,False,,20260924_125531,linux,Linux x86_64,extra2
Pascal,1,recordlink,minsup,0.7772354251860716,0.7135,337.64,33,False,,20260924_125532,linux,Linux x86_64,extra2
TalkyG_Diffset,1,recordlink,minsup,0.7772354251860716,0.5669,279.54,34,False,,20260924_125532,linux,Linux x86_64,extra2
Talky_G,1,recordlink,minsup,0.7772354251860716,0.6806,274.68,34,False,,20260924_125532,linux,Linux x86_64,extra2
Zart,1,recordlink,minsup,0.7772354251860716,1.046,547.47,34,False,,20260924_125533,linux,Linux x86_64,extra2
Apriori_Gen_Borgelt,1,chicago,minsup,0.0014940977925552,0.5623,132.84,378,False,,20260924_125533,linux,Linux x86_64,extra2
Eclat_Gen_Borgelt,1,chicago,minsup,0.0014940977925552,0.5576,132.85,378,False,,20260924_125534,linux,Linux x86_64,extra2
DefMe,1,chicago,minsup,0.0014940977925552,0.9103,996.71,379,False,,20260924_125534,linux,Linux x86_64,extra2
Gr_growth,1,chicago,minsup,0.0014940977925552,0.1865,14.53,379,False,,20260924_125534,linux,Linux x86_64,extra2
FPgrowth_Gen_Borgelt,1,chicago,minsup,0.0014940977925552,0.5575,132.33,378,False,,20260924_125535,linux,Linux x86_64,extra2
TalkyG_Diffset,1,chicago,minsup,0.0014940977925552,0.8067,895.71,379,False,,20260924_125536,linux,Linux x86_64,extra2
Talky_G,1,chicago,minsup,0.0014940977925552,0.7825,820.85,379,False,,20260924_125537,linux,Linux x86_64,extra2
Pascal,1,chicago,minsup,0.0014940977925552,16.6443,379.52,378,False,,20260924_125551,linux,Linux x86_64,extra2
Apriori_Gen_Borgelt,1,kddcup99,minsup,0.45114675,0.4542,109.21,3394,False,,20260924_125552,linux,Linux x86_64,extra2
DefMe,1,kddcup99,minsup,0.45114675,1.5365,1415.4,3395,False,,20260924_125554,linux,Linux x86_64,extra2
Eclat_Gen_Borgelt,1,kddcup99,minsup,0.45114675,0.4993,109.32,3394,False,,20260924_125555,linux,Linux x86_64,extra2
FPgrowth_Gen_Borgelt,1,kddcup99,minsup,0.45114675,0.4676,109.38,3394,False,,20260924_125555,linux,Linux x86_64,extra2
Gr_growth,1,kddcup99,minsup,0.45114675,0.2815,13.64,3395,False,,20260924_125556,linux,Linux x86_64,extra2
Zart,1,chicago,minsup,0.0014940977925552,25.105,1229.48,379,False,,20260924_125602,linux,Linux x86_64,extra2
TalkyG_Diffset,1,kddcup99,minsup,0.45114675,1.4233,818.47,3687,False,,20260924_125604,linux,Linux x86_64,extra2
Talky_G,1,kddcup99,minsup,0.45114675,1.3662,815.58,3687,False,,20260924_125605,linux,Linux x86_64,extra2
Pascal,1,kddcup99,minsup,0.45114675,40.6292,622.07,3394,False,,20260924_125637,linux,Linux x86_64,extra2
Apriori_Gen_Borgelt,1,onlineretail,minsup,0.0058890194373259,0.141,35.62,270,False,,20260924_125637,linux,Linux x86_64,extra2
DefMe,1,onlineretail,minsup,0.0058890194373259,0.7731,1141.87,271,False,,20260924_125638,linux,Linux x86_64,extra2
Eclat_Gen_Borgelt,1,onlineretail,minsup,0.0058890194373259,0.15,35.94,270,False,,20260924_125638,linux,Linux x86_64,extra2
FPgrowth_Gen_Borgelt,1,onlineretail,minsup,0.0058890194373259,0.1502,35.62,270,False,,20260924_125639,linux,Linux x86_64,extra2
Gr_growth,1,onlineretail,minsup,0.0058890194373259,0.1492,13.75,271,False,,20260924_125639,linux,Linux x86_64,extra2
Pascal,1,onlineretail,minsup,0.0058890194373259,92.667,282.67,270,False,,20260924_125812,linux,Linux x86_64,extra2
TalkyG_Diffset,1,onlineretail,minsup,0.0058890194373259,0.5556,570.27,271,False,,20260924_125813,linux,Linux x86_64,extra2
Talky_G,1,onlineretail,minsup,0.0058890194373259,0.6172,663.88,271,False,,20260924_125814,linux,Linux x86_64,extra2
Zart,1,onlineretail,minsup,0.0058890194373259,87.3878,784.0,271,False,,20260924_125941,linux,Linux x86_64,extra2
Apriori_Gen_Borgelt,1,pamap,minsup,0.63655675,0.754,139.55,1673,False,,20260924_125942,linux,Linux x86_64,extra2
DefMe,1,pamap,minsup,0.63655675,1.5887,1705.5,1674,False,,20260924_125944,linux,Linux x86_64,extra2
Eclat_Gen_Borgelt,1,pamap,minsup,0.63655675,0.7684,139.68,1673,False,,20260924_125945,linux,Linux x86_64,extra2
FPgrowth_Gen_Borgelt,1,pamap,minsup,0.63655675,0.7153,139.71,1673,False,,20260924_125946,linux,Linux x86_64,extra2
Gr_growth,1,pamap,minsup,0.63655675,0.4392,14.06,1674,False,,20260924_125947,linux,Linux x86_64,extra2
Pascal,1,pamap,minsup,0.63655675,54.9236,675.94,1673,False,,20260924_130042,linux,Linux x86_64,extra2
TalkyG_Diffset,1,pamap,minsup,0.63655675,2.0118,1745.98,1674,False,,20260924_130044,linux,Linux x86_64,extra2
Talky_G,1,pamap,minsup,0.63655675,2.0661,1620.77,1674,False,,20260924_130046,linux,Linux x86_64,extra2
Zart,1,kddcup99,minsup,0.45114675,354.6493,1336.42,3395,False,,20260924_130200,linux,Linux x86_64,extra2
Apriori_Gen_Borgelt,1,recordlink,minsup,0.0439401265930671,0.2227,50.21,2550,False,,20260924_130201,linux,Linux x86_64,extra2
DefMe,1,recordlink,minsup,0.0439401265930671,0.7757,838.53,2551,False,,20260924_130202,linux,Linux x86_64,extra2
Eclat_Gen_Borgelt,1,recordlink,minsup,0.0439401265930671,0.2371,53.15,2550,False,,20260924_130202,linux,Linux x86_64,extra2
FPgrowth_Gen_Borgelt,1,recordlink,minsup,0.0439401265930671,0.2224,53.15,2550,False,,20260924_130203,linux,Linux x86_64,extra2
Gr_growth,1,recordlink,minsup,0.0439401265930671,0.1065,13.75,2551,False,,20260924_130203,linux,Linux x86_64,extra2
Zart,1,pamap,minsup,0.63655675,90.7496,1883.96,1674,False,,20260924_130217,linux,Linux x86_64,extra2
TalkyG_Diffset,1,recordlink,minsup,0.0439401265930671,0.6844,509.01,2551,False,,20260924_130218,linux,Linux x86_64,extra2
Talky_G,1,recordlink,minsup,0.0439401265930671,0.6705,377.6,2551,False,,20260924_130219,linux,Linux x86_64,extra2
Pascal,1,recordlink,minsup,0.0439401265930671,19.602,329.29,2550,False,,20260924_130223,linux,Linux x86_64,extra2
Apriori_Gen_Borgelt,1,chicago,minsup,9.29644154754388e-06,0.5379,132.49,18503,False,,20260924_130224,linux,Linux x86_64,extra2
DefMe,1,chicago,minsup,9.29644154754388e-06,7.0549,1836.28,18504,False,,20260924_130231,linux,Linux x86_64,extra2
Eclat_Gen_Borgelt,1,chicago,minsup,9.29644154754388e-06,0.5375,135.05,18503,False,,20260924_130232,linux,Linux x86_64,extra2
FPgrowth_Gen_Borgelt,1,chicago,minsup,9.29644154754388e-06,0.5184,134.06,18503,False,,20260924_130232,linux,Linux x86_64,extra2
Gr_growth,1,chicago,minsup,9.29644154754388e-06,0.2069,15.3,18504,False,,20260924_130233,linux,Linux x86_64,extra2
Zart,1,recordlink,minsup,0.0439401265930671,98.4032,766.5,2551,False,,20260924_130358,linux,Linux x86_64,extra2
TalkyG_Diffset,1,chicago,minsup,9.29644154754388e-06,3.398,1864.03,18506,False,,20260924_130401,linux,Linux x86_64,extra2
Talky_G,1,chicago,minsup,9.29644154754388e-06,2.2952,1903.22,18506,False,,20260924_130404,linux,Linux x86_64,extra2
Pascal,1,chicago,minsup,9.29644154754388e-06,229.861,394.77,18503,False,,20260924_130623,linux,Linux x86_64,extra2
Apriori_Gen_Borgelt,1,kddcup99,minsup,0.00029375,0.5174,113.03,69925,False,,20260924_130624,linux,Linux x86_64,extra2
DefMe,1,kddcup99,minsup,0.00029375,16.3038,1379.25,69926,False,,20260924_130640,linux,Linux x86_64,extra2
Eclat_Gen_Borgelt,1,kddcup99,minsup,0.00029375,0.553,113.06,69925,False,,20260924_130641,linux,Linux x86_64,extra2
FPgrowth_Gen_Borgelt,1,kddcup99,minsup,0.00029375,0.5021,113.27,69925,False,,20260924_130642,linux,Linux x86_64,extra2
Gr_growth,1,kddcup99,minsup,0.00029375,0.3426,16.14,69926,False,,20260924_130642,linux,Linux x86_64,extra2
Zart,1,chicago,minsup,9.29644154754388e-06,1057.9855,1695.39,18504,False,,20260924_132142,linux,Linux x86_64,extra2
TalkyG_Diffset,1,kddcup99,minsup,0.00029375,4.2389,1547.34,76770,False,,20260924_132147,linux,Linux x86_64,extra2
Talky_G,1,kddcup99,minsup,0.00029375,3.3176,1499.53,76770,False,,20260924_132150,linux,Linux x86_64,extra2
Pascal,1,kddcup99,minsup,0.00029375,3588.2038,767.3,69925,False,,20260924_140631,linux,Linux x86_64,extra2
Apriori_Gen_Borgelt,1,onlineretail,minsup,0.0015334301653236,0.1531,35.82,1510,False,,20260924_140631,linux,Linux x86_64,extra2
DefMe,1,onlineretail,minsup,0.0015334301653236,2.1924,2116.93,1511,False,,20260924_140634,linux,Linux x86_64,extra2
Eclat_Gen_Borgelt,1,onlineretail,minsup,0.0015334301653236,0.1481,35.78,1510,False,,20260924_140634,linux,Linux x86_64,extra2
FPgrowth_Gen_Borgelt,1,onlineretail,minsup,0.0015334301653236,0.1437,35.63,1510,False,,20260924_140634,linux,Linux x86_64,extra2
Gr_growth,1,onlineretail,minsup,0.0015334301653236,0.1445,13.91,1511,False,,20260924_140635,linux,Linux x86_64,extra2
Pascal,1,onlineretail,minsup,0.0015334301653236,834.7978,289.1,1510,False,,20260924_142030,linux,Linux x86_64,extra2
TalkyG_Diffset,1,onlineretail,minsup,0.0015334301653236,0.6137,603.0,1527,False,,20260924_142031,linux,Linux x86_64,extra2
Talky_G,1,onlineretail,minsup,0.0015334301653236,0.7463,969.79,1527,False,,20260924_142032,linux,Linux x86_64,extra2
Zart,1,kddcup99,minsup,0.00029375,3600.0609,926.16,0,True,,20260924_142150,linux,Linux x86_64,extra2
Apriori_Gen_Borgelt,1,pamap,minsup,0.04525675,147.862,825.86,20842078,False,,20260924_142420,linux,Linux x86_64,extra2
Zart,1,onlineretail,minsup,0.0015334301653236,800.5185,882.88,1511,False,,20260924_143352,linux,Linux x86_64,extra2
Eclat_Gen_Borgelt,1,pamap,minsup,0.04525675,28.4018,1946.2,20842078,False,,20260924_143422,linux,Linux x86_64,extra2
FPgrowth_Gen_Borgelt,1,pamap,minsup,0.04525675,23.7877,1960.66,20842078,False,,20260924_143448,linux,Linux x86_64,extra2
Gr_growth,1,pamap,minsup,0.04525675,21.4911,1033.28,20842079,False,,20260924_143511,linux,Linux x86_64,extra2
DefMe,1,pamap,minsup,0.04525675,3600.0961,1802.48,18515363,True,,20260924_152421,linux,Linux x86_64,extra2
Pascal,1,pamap,minsup,0.04525675,3600.1394,690.78,251742,True,,20260924_153511,linux,Linux x86_64,extra2
TalkyG_Diffset,1,pamap,minsup,0.04525675,3600.1739,2934.83,14558305,True,,20260924_162423,linux,Linux x86_64,extra2
Talky_G,1,pamap,minsup,0.04525675,3600.2053,3007.59,15116610,True,,20260924_163513,linux,Linux x86_64,extra2
Apriori_Gen_Borgelt,1,recordlink,minsup,0.0001021893747401,0.208,50.01,8989,False,,20260924_163513,linux,Linux x86_64,extra2
DefMe,1,recordlink,minsup,0.0001021893747401,1.4279,815.78,8990,False,,20260924_163515,linux,Linux x86_64,extra2
Eclat_Gen_Borgelt,1,recordlink,minsup,0.0001021893747401,0.223,56.87,8989,False,,20260924_163515,linux,Linux x86_64,extra2
FPgrowth_Gen_Borgelt,1,recordlink,minsup,0.0001021893747401,0.2202,57.17,8989,False,,20260924_163516,linux,Linux x86_64,extra2
Gr_growth,1,recordlink,minsup,0.0001021893747401,0.1205,13.92,8990,False,,20260924_163516,linux,Linux x86_64,extra2
Pascal,1,recordlink,minsup,0.0001021893747401,56.3277,324.36,8989,False,,20260924_163613,linux,Linux x86_64,extra2
TalkyG_Diffset,1,recordlink,minsup,0.0001021893747401,0.8799,829.45,9186,False,,20260924_163614,linux,Linux x86_64,extra2
Talky_G,1,recordlink,minsup,0.0001021893747401,0.8454,833.45,9186,False,,20260924_163615,linux,Linux x86_64,extra2
Zart,1,recordlink,minsup,0.0001021893747401,608.0888,830.86,8990,False,,20260924_164623,linux,Linux x86_64,extra2
Apriori_Gen_Borgelt,1,kddcup99,minsup,2.775e-05,0.5342,113.26,87682,False,,20260924_164624,linux,Linux x86_64,extra2
DefMe,1,kddcup99,minsup,2.775e-05,22.6675,1297.85,87683,False,,20260924_164647,linux,Linux x86_64,extra2
Eclat_Gen_Borgelt,1,kddcup99,minsup,2.775e-05,0.5512,112.89,87682,False,,20260924_164648,linux,Linux x86_64,extra2
FPgrowth_Gen_Borgelt,1,kddcup99,minsup,2.775e-05,0.5121,113.39,87682,False,,20260924_164648,linux,Linux x86_64,extra2
Gr_growth,1,kddcup99,minsup,2.775e-05,0.3537,16.73,87683,False,,20260924_164649,linux,Linux x86_64,extra2
Zart,1,pamap,minsup,0.04525675,3600.1844,1821.8,0,True,,20260924_172423,linux,Linux x86_64,extra2
TalkyG_Diffset,1,kddcup99,minsup,2.775e-05,5.1374,1534.2,96853,False,,20260924_172429,linux,Linux x86_64,extra2
Talky_G,1,kddcup99,minsup,2.775e-05,4.014,1542.3,96853,False,,20260924_172433,linux,Linux x86_64,extra2
Pascal,1,kddcup99,minsup,2.775e-05,3600.088,776.91,79165,True,,20260924_174649,linux,Linux x86_64,extra2
Apriori_Gen_Borgelt,1,onlineretail,minsup,0.0004010509663154,0.1482,35.75,5987,False,,20260924_174650,linux,Linux x86_64,extra2
DefMe,1,onlineretail,minsup,0.0004010509663154,8.2196,2041.07,5988,False,,20260924_174658,linux,Linux x86_64,extra2
Eclat_Gen_Borgelt,1,onlineretail,minsup,0.0004010509663154,0.1469,35.91,5987,False,,20260924_174659,linux,Linux x86_64,extra2
FPgrowth_Gen_Borgelt,1,onlineretail,minsup,0.0004010509663154,0.1427,35.78,5987,False,,20260924_174659,linux,Linux x86_64,extra2
Gr_growth,1,onlineretail,minsup,0.0004010509663154,0.1572,13.91,5988,False,,20260924_174659,linux,Linux x86_64,extra2
Zart,1,kddcup99,minsup,2.775e-05,3600.1521,892.87,0,True,,20260924_182433,linux,Linux x86_64,extra2
TalkyG_Diffset,1,onlineretail,minsup,0.0004010509663154,1.0926,2096.0,6116,False,,20260924_182435,linux,Linux x86_64,extra2
Talky_G,1,onlineretail,minsup,0.0004010509663154,1.0922,1816.75,6116,False,,20260924_182436,linux,Linux x86_64,extra2
Pascal,1,onlineretail,minsup,0.0004010509663154,3600.1194,287.49,686,True,,20260924_184700,linux,Linux x86_64,extra2
Apriori_Gen_Borgelt,1,pamap,minsup,0.00018775,248.7193,7833.06,0,False,non-zero exit code 1: /home/hanketsu/Desktop/Projects/CENG643/TermProject/external_algos/borgelt/apriori: not enough memory,20260924_185109,linux,Linux x86_64,extra2
Zart,1,onlineretail,minsup,0.0004010509663154,3069.9668,1757.5,5988,False,,20260924_191546,linux,Linux x86_64,extra2
Eclat_Gen_Borgelt,1,pamap,minsup,0.00018775,286.6328,7832.04,81536254,False,non-zero exit code 1: /home/hanketsu/Desktop/Projects/CENG643/TermProject/external_algos/borgelt/eclat: not enough memory,20260924_192038,linux,Linux x86_64,extra2
FPgrowth_Gen_Borgelt,1,pamap,minsup,0.00018775,272.8343,7830.52,81496188,False,non-zero exit code 1: /home/hanketsu/Desktop/Projects/CENG643/TermProject/external_algos/borgelt/fpgrowth: not enough memory,20260924_192516,linux,Linux x86_64,extra2
Gr_growth,1,pamap,minsup,0.00018775,306.3922,7834.09,163893921,False,killed by signal 6: what():  std::bad_alloc,20260924_193034,linux,Linux x86_64,extra2
DefMe,1,pamap,minsup,0.00018775,3600.1465,1983.21,14839070,True,,20260924_195110,linux,Linux x86_64,extra2
Pascal,1,pamap,minsup,0.00018775,3600.0715,696.11,42344,True,,20260924_203034,linux,Linux x86_64,extra2
TalkyG_Diffset,1,pamap,minsup,0.00018775,3600.2017,2336.16,11129983,True,,20260924_205111,linux,Linux x86_64,extra2
Talky_G,1,pamap,minsup,0.00018775,3600.1952,2363.75,11398930,True,,20260924_213035,linux,Linux x86_64,extra2
Apriori_Gen_Borgelt,1,onlineretail,minsup,4.024386859220471e-05,0.163,35.67,14687,False,,20260924_213035,linux,Linux x86_64,extra2
DefMe,1,onlineretail,minsup,4.024386859220471e-05,27.3897,2115.43,14688,False,,20260924_213103,linux,Linux x86_64,extra2
Eclat_Gen_Borgelt,1,onlineretail,minsup,4.024386859220471e-05,0.1527,37.47,14687,False,,20260924_213103,linux,Linux x86_64,extra2
FPgrowth_Gen_Borgelt,1,onlineretail,minsup,4.024386859220471e-05,0.1468,38.25,14687,False,,20260924_213104,linux,Linux x86_64,extra2
Gr_growth,1,onlineretail,minsup,4.024386859220471e-05,0.1566,14.38,14688,False,,20260924_213104,linux,Linux x86_64,extra2
Zart,1,pamap,minsup,0.00018775,3600.2,2039.44,0,True,,20260924_215112,linux,Linux x86_64,extra2
TalkyG_Diffset,1,onlineretail,minsup,4.024386859220471e-05,1.8719,1654.93,15221,False,,20260924_215114,linux,Linux x86_64,extra2
Talky_G,1,onlineretail,minsup,4.024386859220471e-05,1.6833,2133.53,15221,False,,20260924_215116,linux,Linux x86_64,extra2
Pascal,1,onlineretail,minsup,4.024386859220471e-05,3600.0886,299.98,1614,True,,20260924_223104,linux,Linux x86_64,extra2
Zart,1,onlineretail,minsup,4.024386859220471e-05,3600.195,2325.71,0,True,,20260924_225116,linux,Linux x86_64,extra2
Apriori_Gen_Borgelt,1,chainstore_fim,minsup,0.0033943603884814,0.6459,85.84,233,False,,20260929_125114,exact,Linux x86_64,confirm
Eclat_Gen_Borgelt,1,chainstore_fim,minsup,0.0033943603884814,0.7824,103.39,233,False,,20260929_125115,exact,Linux x86_64,confirm
FPgrowth_Gen_Borgelt,1,chainstore_fim,minsup,0.0033943603884814,0.7659,102.81,233,False,,20260929_125116,exact,Linux x86_64,confirm
Gr_growth,1,chainstore_fim,minsup,0.0033943603884814,1.3177,38.36,234,False,,20260929_125118,exact,Linux x86_64,confirm
DefMe,1,chainstore_fim,minsup,0.0033943603884814,5.9657,8037.29,234,False,,20260929_125120,exact,Linux x86_64,confirm
TalkyG_Diffset,1,chainstore_fim,minsup,0.0033943603884814,3.4043,8041.64,,False,java.lang.OutOfMemoryError: Java heap space,20260929_125123,exact,Linux x86_64,confirm
Talky_G,1,chainstore_fim,minsup,0.0033943603884814,5.3461,8040.61,,False,java.lang.OutOfMemoryError: Java heap space,20260929_125129,exact,Linux x86_64,confirm
Zart,1,chainstore_fim,minsup,0.0033943603884814,231.2598,1633.54,234,False,,20260929_125520,exact,Linux x86_64,confirm
Apriori_Gen_Borgelt,1,fruithut,minsup,0.0140888608012309,0.0462,12.86,77,False,,20260929_125521,exact,Linux x86_64,confirm
DefMe,1,fruithut,minsup,0.0140888608012309,0.3239,200.05,78,False,,20260929_125521,exact,Linux x86_64,confirm
Eclat_Gen_Borgelt,1,fruithut,minsup,0.0140888608012309,0.0572,17.54,77,False,,20260929_125521,exact,Linux x86_64,confirm
FPgrowth_Gen_Borgelt,1,fruithut,minsup,0.0140888608012309,0.0464,16.52,77,False,,20260929_125522,exact,Linux x86_64,confirm
Gr_growth,1,fruithut,minsup,0.0140888608012309,0.0517,17.5,78,False,,20260929_125522,exact,Linux x86_64,confirm
Pascal,1,fruithut,minsup,0.0140888608012309,6.6971,117.04,77,False,,20260929_125529,exact,Linux x86_64,confirm
TalkyG_Diffset,1,fruithut,minsup,0.0140888608012309,0.4082,469.9,78,False,,20260929_125529,exact,Linux x86_64,confirm
Talky_G,1,fruithut,minsup,0.0140888608012309,0.3908,490.21,78,False,,20260929_125530,exact,Linux x86_64,confirm
Zart,1,fruithut,minsup,0.0140888608012309,3.8553,631.31,78,False,,20260929_125534,exact,Linux x86_64,confirm
Apriori_Gen_Borgelt,1,instacart,minsup,0.0124896158037939,0.0897,17.27,91,False,,20260929_125535,exact,Linux x86_64,confirm
DefMe,1,instacart,minsup,0.0124896158037939,0.7123,1531.06,92,False,,20260929_125535,exact,Linux x86_64,confirm
Eclat_Gen_Borgelt,1,instacart,minsup,0.0124896158037939,0.0951,20.58,91,False,,20260929_125536,exact,Linux x86_64,confirm
FPgrowth_Gen_Borgelt,1,instacart,minsup,0.0124896158037939,0.0848,20.44,91,False,,20260929_125536,exact,Linux x86_64,confirm
Gr_growth,1,instacart,minsup,0.0124896158037939,0.0735,17.57,92,False,,20260929_125536,exact,Linux x86_64,confirm
Pascal,1,instacart,minsup,0.0124896158037939,18.0561,175.54,91,False,,20260929_125555,exact,Linux x86_64,confirm
TalkyG_Diffset,1,instacart,minsup,0.0124896158037939,1.7695,6238.85,92,False,,20260929_125557,exact,Linux x86_64,confirm
Talky_G,1,instacart,minsup,0.0124896158037939,1.8744,6344.2,92,False,,20260929_125559,exact,Linux x86_64,confirm
Zart,1,instacart,minsup,0.0124896158037939,3.6769,691.8,92,False,,20260929_125603,exact,Linux x86_64,confirm
Apriori_Gen_Borgelt,1,skin,minsup,0.2363562354880701,0.0414,17.81,19,False,,20260929_125603,exact,Linux x86_64,confirm
DefMe,1,skin,minsup,0.2363562354880701,0.2769,164.94,20,False,,20260929_125603,exact,Linux x86_64,confirm
Eclat_Gen_Borgelt,1,skin,minsup,0.2363562354880701,0.0406,17.75,19,False,,20260929_125604,exact,Linux x86_64,confirm
FPgrowth_Gen_Borgelt,1,skin,minsup,0.2363562354880701,0.0321,17.99,19,False,,20260929_125604,exact,Linux x86_64,confirm
Gr_growth,1,skin,minsup,0.2363562354880701,0.0229,13.59,20,False,,20260929_125604,exact,Linux x86_64,confirm
Pascal,1,skin,minsup,0.2363562354880701,0.391,131.88,19,False,,20260929_125605,exact,Linux x86_64,confirm
TalkyG_Diffset,1,skin,minsup,0.2363562354880701,0.3313,166.4,20,False,,20260929_125605,exact,Linux x86_64,confirm
Talky_G,1,skin,minsup,0.2363562354880701,0.3276,163.0,20,False,,20260929_125606,exact,Linux x86_64,confirm
Zart,1,skin,minsup,0.2363562354880701,0.4146,170.25,20,False,,20260929_125606,exact,Linux x86_64,confirm
Apriori_Gen_Borgelt,1,t20i6d100k,minsup,0.0196027901763375,0.1066,23.61,388,False,,20260929_125607,exact,Linux x86_64,confirm
DefMe,1,t20i6d100k,minsup,0.0196027901763375,0.6084,723.67,389,False,,20260929_125608,exact,Linux x86_64,confirm
Eclat_Gen_Borgelt,1,t20i6d100k,minsup,0.0196027901763375,0.1276,36.14,388,False,,20260929_125608,exact,Linux x86_64,confirm
FPgrowth_Gen_Borgelt,1,t20i6d100k,minsup,0.0196027901763375,0.2441,60.67,388,False,,20260929_125608,exact,Linux x86_64,confirm
Gr_growth,1,t20i6d100k,minsup,0.0196027901763375,0.2637,60.32,389,False,,20260929_125609,exact,Linux x86_64,confirm
Pascal,1,chainstore_fim,minsup,0.0033943603884814,495.9643,560.85,233,False,,20260929_125934,exact,Linux x86_64,confirm
TalkyG_Diffset,1,t20i6d100k,minsup,0.0196027901763375,0.4307,203.99,389,False,,20260929_125935,exact,Linux x86_64,confirm
Talky_G,1,t20i6d100k,minsup,0.0196027901763375,0.4685,202.11,389,False,,20260929_125936,exact,Linux x86_64,confirm
Pascal,1,t20i6d100k,minsup,0.0196027901763375,373.1458,234.94,388,False,,20260929_130222,exact,Linux x86_64,confirm
Apriori_Gen_Borgelt,1,chainstore_fim,minsup,0.0015038874198188,0.6751,85.73,732,False,,20260929_130223,exact,Linux x86_64,confirm
DefMe,1,chainstore_fim,minsup,0.0015038874198188,10.6743,8052.2,733,False,,20260929_130234,exact,Linux x86_64,confirm
Eclat_Gen_Borgelt,1,chainstore_fim,minsup,0.0015038874198188,0.7101,123.07,732,False,,20260929_130235,exact,Linux x86_64,confirm
FPgrowth_Gen_Borgelt,1,chainstore_fim,minsup,0.0015038874198188,0.7507,132.23,732,False,,20260929_130236,exact,Linux x86_64,confirm
Gr_growth,1,chainstore_fim,minsup,0.0015038874198188,1.3039,67.46,733,False,,20260929_130238,exact,Linux x86_64,confirm
Zart,1,t20i6d100k,minsup,0.0196027901763375,262.2743,760.73,389,False,,20260929_130358,exact,Linux x86_64,confirm
TalkyG_Diffset,1,chainstore_fim,minsup,0.0015038874198188,3.4275,8048.94,,False,java.lang.OutOfMemoryError: Java heap space,20260929_130402,exact,Linux x86_64,confirm
Talky_G,1,chainstore_fim,minsup,0.0015038874198188,5.2975,8049.79,,False,java.lang.OutOfMemoryError: Java heap space,20260929_130407,exact,Linux x86_64,confirm
Zart,1,chainstore_fim,minsup,0.0015038874198188,2584.1126,1788.67,733,False,,20260929_134712,exact,Linux x86_64,confirm
Apriori_Gen_Borgelt,1,fruithut,minsup,0.0058402483925921,0.0549,12.86,231,False,,20260929_134712,exact,Linux x86_64,confirm
DefMe,1,fruithut,minsup,0.0058402483925921,0.3923,322.25,232,False,,20260929_134713,exact,Linux x86_64,confirm
Eclat_Gen_Borgelt,1,fruithut,minsup,0.0058402483925921,0.0577,19.69,231,False,,20260929_134713,exact,Linux x86_64,confirm
FPgrowth_Gen_Borgelt,1,fruithut,minsup,0.0058402483925921,0.0601,19.75,231,False,,20260929_134713,exact,Linux x86_64,confirm
Gr_growth,1,fruithut,minsup,0.0058402483925921,0.0685,20.79,232,False,,20260929_134713,exact,Linux x86_64,confirm
Pascal,1,fruithut,minsup,0.0058402483925921,28.6349,122.54,231,False,,20260929_134742,exact,Linux x86_64,confirm
TalkyG_Diffset,1,fruithut,minsup,0.0058402483925921,0.3917,466.31,232,False,,20260929_134743,exact,Linux x86_64,confirm
Talky_G,1,fruithut,minsup,0.0058402483925921,0.4067,485.84,232,False,,20260929_134743,exact,Linux x86_64,confirm
Zart,1,fruithut,minsup,0.0058402483925921,13.5307,621.94,232,False,,20260929_134757,exact,Linux x86_64,confirm
Apriori_Gen_Borgelt,1,instacart,minsup,0.0051044516763331,0.1067,17.36,349,False,,20260929_134758,exact,Linux x86_64,confirm
DefMe,1,instacart,minsup,0.0051044516763331,0.8363,1800.1,350,False,,20260929_134759,exact,Linux x86_64,confirm
Eclat_Gen_Borgelt,1,instacart,minsup,0.0051044516763331,0.1082,23.96,349,False,,20260929_134759,exact,Linux x86_64,confirm
FPgrowth_Gen_Borgelt,1,instacart,minsup,0.0051044516763331,0.103,25.91,349,False,,20260929_134759,exact,Linux x86_64,confirm
Gr_growth,1,instacart,minsup,0.0051044516763331,0.1156,22.73,350,False,,20260929_134800,exact,Linux x86_64,confirm
Pascal,1,instacart,minsup,0.0051044516763331,155.8404,180.09,349,False,,20260929_135036,exact,Linux x86_64,confirm
TalkyG_Diffset,1,instacart,minsup,0.0051044516763331,1.9018,6415.27,350,False,,20260929_135038,exact,Linux x86_64,confirm
Talky_G,1,instacart,minsup,0.0051044516763331,1.9431,6344.36,350,False,,20260929_135040,exact,Linux x86_64,confirm
Zart,1,instacart,minsup,0.0051044516763331,48.2527,839.86,350,False,,20260929_135128,exact,Linux x86_64,confirm
Apriori_Gen_Borgelt,1,skin,minsup,0.0023535340757456,0.0347,18.5,113,False,,20260929_135129,exact,Linux x86_64,confirm
DefMe,1,skin,minsup,0.0023535340757456,0.2986,164.62,114,False,,20260929_135129,exact,Linux x86_64,confirm
Eclat_Gen_Borgelt,1,skin,minsup,0.0023535340757456,0.036,18.77,113,False,,20260929_135130,exact,Linux x86_64,confirm
FPgrowth_Gen_Borgelt,1,skin,minsup,0.0023535340757456,0.041,18.75,113,False,,20260929_135130,exact,Linux x86_64,confirm
Gr_growth,1,skin,minsup,0.0023535340757456,0.0348,13.46,114,False,,20260929_135130,exact,Linux x86_64,confirm
Pascal,1,skin,minsup,0.0023535340757456,0.7181,132.53,113,False,,20260929_135131,exact,Linux x86_64,confirm
TalkyG_Diffset,1,skin,minsup,0.0023535340757456,0.3216,165.33,114,False,,20260929_135132,exact,Linux x86_64,confirm
Talky_G,1,skin,minsup,0.0023535340757456,0.3162,165.97,114,False,,20260929_135132,exact,Linux x86_64,confirm
Zart,1,skin,minsup,0.0023535340757456,0.8849,196.8,114,False,,20260929_135133,exact,Linux x86_64,confirm
Apriori_Gen_Borgelt,1,t20i6d100k,minsup,0.0145488481015191,0.1165,24.45,573,False,,20260929_135134,exact,Linux x86_64,confirm
DefMe,1,t20i6d100k,minsup,0.0145488481015191,0.7289,670.03,574,False,,20260929_135134,exact,Linux x86_64,confirm
Eclat_Gen_Borgelt,1,t20i6d100k,minsup,0.0145488481015191,0.1398,38.25,573,False,,20260929_135135,exact,Linux x86_64,confirm
FPgrowth_Gen_Borgelt,1,t20i6d100k,minsup,0.0145488481015191,0.2946,67.18,573,False,,20260929_135135,exact,Linux x86_64,confirm
Gr_growth,1,t20i6d100k,minsup,0.0145488481015191,0.296,66.08,574,False,,20260929_135136,exact,Linux x86_64,confirm
Pascal,1,t20i6d100k,minsup,0.0145488481015191,564.814,242.62,573,False,,20260929_140101,exact,Linux x86_64,confirm
TalkyG_Diffset,1,t20i6d100k,minsup,0.0145488481015191,0.4405,203.63,574,False,,20260929_140102,exact,Linux x86_64,confirm
Talky_G,1,t20i6d100k,minsup,0.0145488481015191,0.455,203.78,574,False,,20260929_140102,exact,Linux x86_64,confirm
Pascal,1,chainstore_fim,minsup,0.0015038874198188,3600.1282,571.87,221,True,,20260929_140238,exact,Linux x86_64,confirm
Apriori_Gen_Borgelt,1,chainstore_fim,minsup,0.0005370866050465,0.9413,113.2,3677,False,,20260929_140239,exact,Linux x86_64,confirm
DefMe,1,chainstore_fim,minsup,0.0005370866050465,95.204,8055.89,3678,False,,20260929_140414,exact,Linux x86_64,confirm
Eclat_Gen_Borgelt,1,chainstore_fim,minsup,0.0005370866050465,0.9339,151.75,3677,False,,20260929_140416,exact,Linux x86_64,confirm
FPgrowth_Gen_Borgelt,1,chainstore_fim,minsup,0.0005370866050465,1.2728,198.49,3677,False,,20260929_140417,exact,Linux x86_64,confirm
Gr_growth,1,chainstore_fim,minsup,0.0005370866050465,3.5271,133.04,3678,False,,20260929_140421,exact,Linux x86_64,confirm
Zart,1,t20i6d100k,minsup,0.0145488481015191,249.2191,769.92,574,False,,20260929_140512,exact,Linux x86_64,confirm
TalkyG_Diffset,1,chainstore_fim,minsup,0.0005370866050465,3.248,8037.43,,False,java.lang.OutOfMemoryError: Java heap space,20260929_140515,exact,Linux x86_64,confirm
Talky_G,1,chainstore_fim,minsup,0.0005370866050465,5.3551,8049.74,,False,java.lang.OutOfMemoryError: Java heap space,20260929_140521,exact,Linux x86_64,confirm
Pascal,1,chainstore_fim,minsup,0.0005370866050465,3600.1321,779.59,2428,True,,20260929_150421,exact,Linux x86_64,confirm
Apriori_Gen_Borgelt,1,fruithut,minsup,0.0015428367313293,0.1012,14.32,1493,False,,20260929_150422,exact,Linux x86_64,confirm
DefMe,1,fruithut,minsup,0.0015428367313293,0.55,703.48,1494,False,,20260929_150422,exact,Linux x86_64,confirm
Eclat_Gen_Borgelt,1,fruithut,minsup,0.0015428367313293,0.0705,22.88,1493,False,,20260929_150423,exact,Linux x86_64,confirm
FPgrowth_Gen_Borgelt,1,fruithut,minsup,0.0015428367313293,0.0669,25.11,1493,False,,20260929_150423,exact,Linux x86_64,confirm
Gr_growth,1,fruithut,minsup,0.0015428367313293,0.0947,23.18,1494,False,,20260929_150423,exact,Linux x86_64,confirm
Zart,1,chainstore_fim,minsup,0.0005370866050465,3600.1673,2759.65,0,True,,20260929_150521,exact,Linux x86_64,confirm
TalkyG_Diffset,1,fruithut,minsup,0.0015428367313293,0.447,565.58,1494,False,,20260929_150522,exact,Linux x86_64,confirm
Talky_G,1,fruithut,minsup,0.0015428367313293,0.4636,559.27,1494,False,,20260929_150522,exact,Linux x86_64,confirm
Pascal,1,fruithut,minsup,0.0015428367313293,128.6375,126.85,1493,False,,20260929_150632,exact,Linux x86_64,confirm
Apriori_Gen_Borgelt,1,instacart,minsup,0.0016062160370096,0.1277,21.2,2199,False,,20260929_150632,exact,Linux x86_64,confirm
DefMe,1,instacart,minsup,0.0016062160370096,2.3679,3550.96,2200,False,,20260929_150635,exact,Linux x86_64,confirm
Eclat_Gen_Borgelt,1,instacart,minsup,0.0016062160370096,0.1328,30.13,2199,False,,20260929_150635,exact,Linux x86_64,confirm
FPgrowth_Gen_Borgelt,1,instacart,minsup,0.0016062160370096,0.1584,38.09,2199,False,,20260929_150636,exact,Linux x86_64,confirm
Gr_growth,1,instacart,minsup,0.0016062160370096,0.2098,33.65,2200,False,,20260929_150636,exact,Linux x86_64,confirm
Zart,1,fruithut,minsup,0.0015428367313293,81.3542,773.02,1494,False,,20260929_150644,exact,Linux x86_64,confirm
TalkyG_Diffset,1,instacart,minsup,0.0016062160370096,1.9335,6439.02,2200,False,,20260929_150646,exact,Linux x86_64,confirm
Talky_G,1,instacart,minsup,0.0016062160370096,1.9939,6332.77,2200,False,,20260929_150648,exact,Linux x86_64,confirm
Zart,1,instacart,minsup,0.0016062160370096,931.4396,1488.22,2200,False,,20260929_152220,exact,Linux x86_64,confirm
Apriori_Gen_Borgelt,1,t20i6d100k,minsup,0.0090045235283521,0.2089,25.55,2190,False,,20260929_152221,exact,Linux x86_64,confirm
DefMe,1,t20i6d100k,minsup,0.0090045235283521,0.925,770.93,2191,False,,20260929_152222,exact,Linux x86_64,confirm
Eclat_Gen_Borgelt,1,t20i6d100k,minsup,0.0090045235283521,0.1789,41.8,2190,False,,20260929_152222,exact,Linux x86_64,confirm
FPgrowth_Gen_Borgelt,1,t20i6d100k,minsup,0.0090045235283521,0.4117,74.98,2190,False,,20260929_152223,exact,Linux x86_64,confirm
Gr_growth,1,t20i6d100k,minsup,0.0090045235283521,0.4137,72.51,2191,False,,20260929_152223,exact,Linux x86_64,confirm
Pascal,1,instacart,minsup,0.0016062160370096,1409.1824,279.84,2199,False,,20260929_153006,exact,Linux x86_64,confirm
TalkyG_Diffset,1,t20i6d100k,minsup,0.0090045235283521,0.4754,245.62,2191,False,,20260929_153006,exact,Linux x86_64,confirm
Talky_G,1,t20i6d100k,minsup,0.0090045235283521,0.4691,252.57,2191,False,,20260929_153007,exact,Linux x86_64,confirm
Pascal,1,t20i6d100k,minsup,0.0090045235283521,1002.3941,257.16,2190,False,,20260929_153906,exact,Linux x86_64,confirm
Apriori_Gen_Borgelt,1,chainstore_fim,minsup,0.0002244038136518,1.1386,197.46,12186,False,,20260929_153907,exact,Linux x86_64,confirm
Zart,1,t20i6d100k,minsup,0.0090045235283521,651.2928,974.8,2191,False,,20260929_154059,exact,Linux x86_64,confirm
Eclat_Gen_Borgelt,1,chainstore_fim,minsup,0.0002244038136518,1.3869,183.76,12186,False,,20260929_154100,exact,Linux x86_64,confirm
FPgrowth_Gen_Borgelt,1,chainstore_fim,minsup,0.0002244038136518,2.2411,266.93,12186,False,,20260929_154103,exact,Linux x86_64,confirm
Gr_growth,1,chainstore_fim,minsup,0.0002244038136518,8.9319,189.94,12187,False,,20260929_154112,exact,Linux x86_64,confirm
DefMe,1,chainstore_fim,minsup,0.0002244038136518,653.3759,8057.64,12187,False,,20260929_155001,exact,Linux x86_64,confirm
TalkyG_Diffset,1,chainstore_fim,minsup,0.0002244038136518,3.3001,8033.79,,False,java.lang.OutOfMemoryError: Java heap space,20260929_155004,exact,Linux x86_64,confirm
Talky_G,1,chainstore_fim,minsup,0.0002244038136518,5.3838,8038.87,,False,java.lang.OutOfMemoryError: Java heap space,20260929_155010,exact,Linux x86_64,confirm
Pascal,1,chainstore_fim,minsup,0.0002244038136518,3600.0943,2281.46,6456,True,,20260929_164112,exact,Linux x86_64,confirm
Apriori_Gen_Borgelt,1,fruithut,minsup,0.0003503324723855,0.1125,16.59,12591,False,,20260929_164113,exact,Linux x86_64,confirm
DefMe,1,fruithut,minsup,0.0003503324723855,1.4673,744.28,12592,False,,20260929_164114,exact,Linux x86_64,confirm
Eclat_Gen_Borgelt,1,fruithut,minsup,0.0003503324723855,0.1256,29.02,12591,False,,20260929_164115,exact,Linux x86_64,confirm
FPgrowth_Gen_Borgelt,1,fruithut,minsup,0.0003503324723855,0.1081,43.24,12591,False,,20260929_164115,exact,Linux x86_64,confirm
Gr_growth,1,fruithut,minsup,0.0003503324723855,0.1389,24.69,12592,False,,20260929_164115,exact,Linux x86_64,confirm
Zart,1,chainstore_fim,minsup,0.0002244038136518,3600.337,8091.47,0,True,,20260929_165011,exact,Linux x86_64,confirm
TalkyG_Diffset,1,fruithut,minsup,0.0003503324723855,0.937,2513.99,12592,False,,20260929_165012,exact,Linux x86_64,confirm
Talky_G,1,fruithut,minsup,0.0003503324723855,0.8598,2331.0,12592,False,,20260929_165013,exact,Linux x86_64,confirm
Pascal,1,fruithut,minsup,0.0003503324723855,831.2199,153.48,12591,False,,20260929_165507,exact,Linux x86_64,confirm
Apriori_Gen_Borgelt,1,instacart,minsup,0.0005849446303226,0.2013,42.05,9823,False,,20260929_165507,exact,Linux x86_64,confirm
DefMe,1,instacart,minsup,0.0005849446303226,13.1656,3440.54,9824,False,,20260929_165521,exact,Linux x86_64,confirm
Eclat_Gen_Borgelt,1,instacart,minsup,0.0005849446303226,0.1698,36.34,9823,False,,20260929_165521,exact,Linux x86_64,confirm
FPgrowth_Gen_Borgelt,1,instacart,minsup,0.0005849446303226,0.2543,57.57,9823,False,,20260929_165522,exact,Linux x86_64,confirm
Gr_growth,1,instacart,minsup,0.0005849446303226,0.3837,43.54,9824,False,,20260929_165522,exact,Linux x86_64,confirm
Zart,1,fruithut,minsup,0.0003503324723855,704.4324,918.2,12592,False,,20260929_170158,exact,Linux x86_64,confirm
TalkyG_Diffset,1,instacart,minsup,0.0005849446303226,2.2056,7084.23,9824,False,,20260929_170200,exact,Linux x86_64,confirm
Talky_G,1,instacart,minsup,0.0005849446303226,2.2468,6751.86,9824,False,,20260929_170202,exact,Linux x86_64,confirm
Pascal,1,instacart,minsup,0.0005849446303226,3600.0512,621.8,2911,True,,20260929_175522,exact,Linux x86_64,confirm
Apriori_Gen_Borgelt,1,t20i6d100k,minsup,0.0050614479293849,0.6358,27.46,25503,False,,20260929_175523,exact,Linux x86_64,confirm
DefMe,1,t20i6d100k,minsup,0.0050614479293849,2.9362,779.44,25504,False,,20260929_175526,exact,Linux x86_64,confirm
Eclat_Gen_Borgelt,1,t20i6d100k,minsup,0.0050614479293849,0.2546,50.01,25503,False,,20260929_175527,exact,Linux x86_64,confirm
FPgrowth_Gen_Borgelt,1,t20i6d100k,minsup,0.0050614479293849,0.5548,91.42,25503,False,,20260929_175528,exact,Linux x86_64,confirm
Gr_growth,1,t20i6d100k,minsup,0.0050614479293849,0.5866,76.1,25504,False,,20260929_175529,exact,Linux x86_64,confirm
Zart,1,instacart,minsup,0.0005849446303226,3600.1936,2743.53,0,True,,20260929_180203,exact,Linux x86_64,confirm
TalkyG_Diffset,1,t20i6d100k,minsup,0.0050614479293849,0.7453,727.39,25730,False,,20260929_180204,exact,Linux x86_64,confirm
Talky_G,1,t20i6d100k,minsup,0.0050614479293849,0.7025,744.42,25730,False,,20260929_180205,exact,Linux x86_64,confirm
Pascal,1,t20i6d100k,minsup,0.0050614479293849,1510.6129,275.01,25503,False,,20260929_182039,exact,Linux x86_64,confirm
Apriori_Gen_Borgelt,1,chainstore_fim,minsup,9.951039984761208e-05,1.8655,410.77,35935,False,,20260929_182041,exact,Linux x86_64,confirm
Zart,1,t20i6d100k,minsup,0.0050614479293849,1241.3761,1038.57,25504,False,,20260929_182246,exact,Linux x86_64,confirm
Eclat_Gen_Borgelt,1,chainstore_fim,minsup,9.951039984761208e-05,1.6939,200.97,35935,False,,20260929_182248,exact,Linux x86_64,confirm
FPgrowth_Gen_Borgelt,1,chainstore_fim,minsup,9.951039984761208e-05,2.8516,339.42,35935,False,,20260929_182251,exact,Linux x86_64,confirm
Gr_growth,1,chainstore_fim,minsup,9.951039984761208e-05,12.7503,224.88,35936,False,,20260929_182304,exact,Linux x86_64,confirm
DefMe,1,chainstore_fim,minsup,9.951039984761208e-05,2059.9577,8050.61,35936,False,,20260929_185502,exact,Linux x86_64,confirm
TalkyG_Diffset,1,chainstore_fim,minsup,9.951039984761208e-05,3.2794,8035.92,,False,java.lang.OutOfMemoryError: Java heap space,20260929_185505,exact,Linux x86_64,confirm
Talky_G,1,chainstore_fim,minsup,9.951039984761208e-05,5.377,8043.51,,False,java.lang.OutOfMemoryError: Java heap space,20260929_185511,exact,Linux x86_64,confirm
Pascal,1,chainstore_fim,minsup,9.951039984761208e-05,3600.45,5652.79,12043,True,,20260929_192305,exact,Linux x86_64,confirm
Apriori_Gen_Borgelt,1,fruithut,minsup,6.457108314557345e-05,0.549,29.27,178974,False,,20260929_192306,exact,Linux x86_64,confirm
DefMe,1,fruithut,minsup,6.457108314557345e-05,12.3805,739.04,178975,False,,20260929_192319,exact,Linux x86_64,confirm
Eclat_Gen_Borgelt,1,fruithut,minsup,6.457108314557345e-05,0.3836,41.22,178974,False,,20260929_192320,exact,Linux x86_64,confirm
FPgrowth_Gen_Borgelt,1,fruithut,minsup,6.457108314557345e-05,0.4145,66.5,178974,False,,20260929_192321,exact,Linux x86_64,confirm
Gr_growth,1,fruithut,minsup,6.457108314557345e-05,0.5645,30.46,178975,False,,20260929_192322,exact,Linux x86_64,confirm
Zart,1,chainstore_fim,minsup,9.951039984761208e-05,3600.3325,8520.36,0,True,,20260929_195511,exact,Linux x86_64,confirm
TalkyG_Diffset,1,fruithut,minsup,6.457108314557345e-05,13.6863,1239.79,180567,False,,20260929_195525,exact,Linux x86_64,confirm
Talky_G,1,fruithut,minsup,6.457108314557345e-05,13.7797,2324.39,180567,False,,20260929_195539,exact,Linux x86_64,confirm
Pascal,1,fruithut,minsup,6.457108314557345e-05,3600.0534,322.46,18662,True,,20260929_202322,exact,Linux x86_64,confirm
Apriori_Gen_Borgelt,1,instacart,minsup,0.0002267374951413,0.3648,118.42,40692,False,,20260929_202323,exact,Linux x86_64,confirm
DefMe,1,instacart,minsup,0.0002267374951413,60.3934,3565.39,40693,False,,20260929_202423,exact,Linux x86_64,confirm
Eclat_Gen_Borgelt,1,instacart,minsup,0.0002267374951413,0.2303,43.73,40692,False,,20260929_202424,exact,Linux x86_64,confirm
FPgrowth_Gen_Borgelt,1,instacart,minsup,0.0002267374951413,0.386,84.72,40692,False,,20260929_202424,exact,Linux x86_64,confirm
Gr_growth,1,instacart,minsup,0.0002267374951413,0.6231,51.17,40693,False,,20260929_202425,exact,Linux x86_64,confirm
Zart,1,fruithut,minsup,6.457108314557345e-05,3600.1606,2147.88,0,True,,20260929_205540,exact,Linux x86_64,confirm
TalkyG_Diffset,1,instacart,minsup,0.0002267374951413,3.7286,7970.41,40693,False,,20260929_205544,exact,Linux x86_64,confirm
Talky_G,1,instacart,minsup,0.0002267374951413,3.5229,7409.39,40693,False,,20260929_205547,exact,Linux x86_64,confirm
Pascal,1,instacart,minsup,0.0002267374951413,3600.1724,2089.01,6571,True,,20260929_212426,exact,Linux x86_64,confirm
Apriori_Gen_Borgelt,1,t20i6d100k,minsup,0.0022092231940913,1.9238,35.82,173200,False,,20260929_212428,exact,Linux x86_64,confirm
DefMe,1,t20i6d100k,minsup,0.0022092231940913,14.4988,810.84,173201,False,,20260929_212443,exact,Linux x86_64,confirm
Eclat_Gen_Borgelt,1,t20i6d100k,minsup,0.0022092231940913,0.4828,61.54,173200,False,,20260929_212443,exact,Linux x86_64,confirm
FPgrowth_Gen_Borgelt,1,t20i6d100k,minsup,0.0022092231940913,0.9817,191.92,173200,False,,20260929_212444,exact,Linux x86_64,confirm
Gr_growth,1,t20i6d100k,minsup,0.0022092231940913,1.1086,83.29,173201,False,,20260929_212446,exact,Linux x86_64,confirm
Zart,1,instacart,minsup,0.0002267374951413,3600.3146,7441.71,0,True,,20260929_215548,exact,Linux x86_64,confirm
TalkyG_Diffset,1,t20i6d100k,minsup,0.0022092231940913,2.3992,787.68,174068,False,,20260929_215551,exact,Linux x86_64,confirm
Talky_G,1,t20i6d100k,minsup,0.0022092231940913,2.1828,945.16,174068,False,,20260929_215553,exact,Linux x86_64,confirm
Pascal,1,t20i6d100k,minsup,0.0022092231940913,3323.4761,414.8,173200,False,,20260929_222010,exact,Linux x86_64,confirm
Zart,1,t20i6d100k,minsup,0.0022092231940913,3600.1656,1351.62,0,True,,20260929_225553,exact,Linux x86_64,confirm
Apriori_Gen_Borgelt,1,sign_set,minsup,0.0503424657534246,0.0395,4.12,6262,False,,20260930_084141,exact,Linux x86_64,hard
DefMe,1,sign_set,minsup,0.0503424657534246,0.2327,120.34,6263,False,,20260930_084141,exact,Linux x86_64,hard
Eclat_Gen_Borgelt,1,sign_set,minsup,0.0503424657534246,0.015,4.58,6262,False,,20260930_084141,exact,Linux x86_64,hard
FPgrowth_Gen_Borgelt,1,sign_set,minsup,0.0503424657534246,0.0301,11.94,6262,False,,20260930_084141,exact,Linux x86_64,hard
Gr_growth,1,sign_set,minsup,0.0503424657534246,0.03,15.34,6263,False,,20260930_084141,exact,Linux x86_64,hard
TalkyG_Diffset,1,sign_set,minsup,0.0503424657534246,0.2625,111.18,6263,False,,20260930_084142,exact,Linux x86_64,hard
Talky_G,1,sign_set,minsup,0.0503424657534246,0.2358,108.02,6263,False,,20260930_084142,exact,Linux x86_64,hard
Pascal,1,sign_set,minsup,0.0503424657534246,2.1433,93.32,6262,False,,20260930_084144,exact,Linux x86_64,hard
Apriori_Gen_Borgelt,1,liquor,minsup,0.0009543266002954,0.0611,11.58,12860,False,,20260930_084144,exact,Linux x86_64,hard
DefMe,1,liquor,minsup,0.0009543266002954,0.7542,625.98,12861,False,,20260930_084145,exact,Linux x86_64,hard
Eclat_Gen_Borgelt,1,liquor,minsup,0.0009543266002954,0.0665,20.0,12860,False,,20260930_084145,exact,Linux x86_64,hard
FPgrowth_Gen_Borgelt,1,liquor,minsup,0.0009543266002954,0.0654,31.92,12860,False,,20260930_084145,exact,Linux x86_64,hard
Gr_growth,1,liquor,minsup,0.0009543266002954,0.0803,27.74,12861,False,,20260930_084146,exact,Linux x86_64,hard
Zart,1,sign_set,minsup,0.0503424657534246,28.4174,518.34,6263,False,,20260930_084211,exact,Linux x86_64,hard
TalkyG_Diffset,1,liquor,minsup,0.0009543266002954,2.4697,7691.76,,False,java.lang.OutOfMemoryError: Java heap space,20260930_084214,exact,Linux x86_64,hard
Talky_G,1,liquor,minsup,0.0009543266002954,2.4264,7690.71,,False,java.lang.OutOfMemoryError: Java heap space,20260930_084216,exact,Linux x86_64,hard
Pascal,1,liquor,minsup,0.0009543266002954,224.7158,134.04,12860,False,,20260930_084531,exact,Linux x86_64,hard
Zart,1,liquor,minsup,0.0009543266002954,505.3404,1107.96,12861,False,,20260930_085042,exact,Linux x86_64,hard
Apriori_Gen_Borgelt,1,eshop_set,minsup,0.0162636310663447,600.2217,5407.41,0,True,,20260930_085531,exact,Linux x86_64,hard
Eclat_Gen_Borgelt,1,eshop_set,minsup,0.0162636310663447,253.6069,7834.82,79444513,False,non-zero exit code 1: /home/hanketsu/Desktop/Projects/CENG643/TermProject/external_algos/borgelt/eclat: not enough memory,20260930_085951,exact,Linux x86_64,hard
DefMe,1,eshop_set,minsup,0.0162636310663447,600.1525,990.3,43555473,True,,20260930_090045,exact,Linux x86_64,hard
FPgrowth_Gen_Borgelt,1,eshop_set,minsup,0.0162636310663447,221.4653,7824.98,79408068,False,non-zero exit code 1: /home/hanketsu/Desktop/Projects/CENG643/TermProject/external_algos/borgelt/fpgrowth: not enough memory,20260930_090338,exact,Linux x86_64,hard
Gr_growth,1,eshop_set,minsup,0.0162636310663447,350.7316,7834.18,157637608,False,killed by signal 6: what():  std::bad_alloc,20260930_090647,exact,Linux x86_64,hard
Pascal,1,eshop_set,minsup,0.0162636310663447,600.043,508.27,249586,True,,20260930_091339,exact,Linux x86_64,hard
TalkyG_Diffset,1,eshop_set,minsup,0.0162636310663447,600.142,594.34,2303828,True,,20260930_091647,exact,Linux x86_64,hard
Talky_G,1,eshop_set,minsup,0.0162636310663447,600.0513,575.3,2249134,True,,20260930_092339,exact,Linux x86_64,hard
Apriori_Gen_Borgelt,1,mooc_set,minsup,0.0008208638759314,37.8125,907.1,10789017,False,,20260930_092418,exact,Linux x86_64,hard
Zart,1,eshop_set,minsup,0.0162636310663447,600.1427,788.62,0,True,,20260930_092648,exact,Linux x86_64,hard
Eclat_Gen_Borgelt,1,mooc_set,minsup,0.0008208638759314,10.8294,970.19,10789017,False,,20260930_092659,exact,Linux x86_64,hard
FPgrowth_Gen_Borgelt,1,mooc_set,minsup,0.0008208638759314,9.9976,979.64,10789017,False,,20260930_092710,exact,Linux x86_64,hard
Gr_growth,1,mooc_set,minsup,0.0008208638759314,9.6539,523.45,10789018,False,,20260930_092721,exact,Linux x86_64,hard
DefMe,1,mooc_set,minsup,0.0008208638759314,600.1504,852.6,5947993,True,,20260930_093418,exact,Linux x86_64,hard
Pascal,1,mooc_set,minsup,0.0008208638759314,600.1288,281.36,230779,True,,20260930_093721,exact,Linux x86_64,hard
TalkyG_Diffset,1,mooc_set,minsup,0.0008208638759314,600.0833,484.64,891202,True,,20260930_094419,exact,Linux x86_64,hard
Talky_G,1,mooc_set,minsup,0.0008208638759314,600.0454,482.57,886472,True,,20260930_094722,exact,Linux x86_64,hard
Apriori_Gen_Borgelt,1,sign_set,minsup,0.0407534246575342,0.0774,10.02,22436,False,,20260930_094722,exact,Linux x86_64,hard
DefMe,1,sign_set,minsup,0.0407534246575342,0.3537,250.55,22437,False,,20260930_094722,exact,Linux x86_64,hard
Eclat_Gen_Borgelt,1,sign_set,minsup,0.0407534246575342,0.0438,5.39,22436,False,,20260930_094723,exact,Linux x86_64,hard
FPgrowth_Gen_Borgelt,1,sign_set,minsup,0.0407534246575342,0.0514,33.32,22436,False,,20260930_094723,exact,Linux x86_64,hard
Gr_growth,1,sign_set,minsup,0.0407534246575342,0.05,15.79,22437,False,,20260930_094723,exact,Linux x86_64,hard
Pascal,1,sign_set,minsup,0.0407534246575342,11.3449,173.77,22436,False,,20260930_094735,exact,Linux x86_64,hard
TalkyG_Diffset,1,sign_set,minsup,0.0407534246575342,0.4583,266.2,22437,False,,20260930_094736,exact,Linux x86_64,hard
Talky_G,1,sign_set,minsup,0.0407534246575342,0.4676,264.03,22437,False,,20260930_094736,exact,Linux x86_64,hard
Zart,1,mooc_set,minsup,0.0008208638759314,600.087,925.01,0,True,,20260930_095419,exact,Linux x86_64,hard
Apriori_Gen_Borgelt,1,liquor,minsup,0.0002253937196677,0.1268,21.46,89264,False,,20260930_095420,exact,Linux x86_64,hard
DefMe,1,liquor,minsup,0.0002253937196677,2.4276,754.27,89265,False,,20260930_095422,exact,Linux x86_64,hard
Eclat_Gen_Borgelt,1,liquor,minsup,0.0002253937196677,0.1104,26.93,89264,False,,20260930_095423,exact,Linux x86_64,hard
FPgrowth_Gen_Borgelt,1,liquor,minsup,0.0002253937196677,0.1111,48.78,89264,False,,20260930_095423,exact,Linux x86_64,hard
Gr_growth,1,liquor,minsup,0.0002253937196677,0.1452,30.7,89265,False,,20260930_095423,exact,Linux x86_64,hard
Zart,1,sign_set,minsup,0.0407534246575342,600.1197,770.26,0,True,,20260930_095737,exact,Linux x86_64,hard
TalkyG_Diffset,1,liquor,minsup,0.0002253937196677,2.4583,7691.6,,False,java.lang.OutOfMemoryError: Java heap space,20260930_095739,exact,Linux x86_64,hard
Talky_G,1,liquor,minsup,0.0002253937196677,2.4211,7477.58,,False,java.lang.OutOfMemoryError: Java heap space,20260930_095742,exact,Linux x86_64,hard
Pascal,1,liquor,minsup,0.0002253937196677,600.1219,171.24,1127,True,,20260930_100424,exact,Linux x86_64,hard
Zart,1,liquor,minsup,0.0002253937196677,600.1717,1307.63,0,True,,20260930_100742,exact,Linux x86_64,hard
Apriori_Gen_Borgelt,1,eshop_set,minsup,0.0018209439773578,233.4257,7835.68,0,False,non-zero exit code 1: /home/hanketsu/Desktop/Projects/CENG643/TermProject/external_algos/borgelt/apriori: not enough memory,20260930_100817,exact,Linux x86_64,hard
Eclat_Gen_Borgelt,1,eshop_set,minsup,0.0018209439773578,250.8103,7834.47,79396573,False,non-zero exit code 1: /home/hanketsu/Desktop/Projects/CENG643/TermProject/external_algos/borgelt/eclat: not enough memory,20260930_101233,exact,Linux x86_64,hard
FPgrowth_Gen_Borgelt,1,eshop_set,minsup,0.0018209439773578,238.7818,7833.33,79337697,False,non-zero exit code 1: /home/hanketsu/Desktop/Projects/CENG643/TermProject/external_algos/borgelt/fpgrowth: not enough memory,20260930_101638,exact,Linux x86_64,hard
DefMe,1,eshop_set,minsup,0.0018209439773578,600.1559,873.3,33248765,True,,20260930_101745,exact,Linux x86_64,hard
Gr_growth,1,eshop_set,minsup,0.0018209439773578,359.0829,7834.06,157141204,False,killed by signal 6: what():  std::bad_alloc,20260930_102250,exact,Linux x86_64,hard
Pascal,1,eshop_set,minsup,0.0018209439773578,600.0631,543.64,359663,True,,20260930_102745,exact,Linux x86_64,hard
TalkyG_Diffset,1,eshop_set,minsup,0.0018209439773578,600.1397,486.41,1113484,True,,20260930_103251,exact,Linux x86_64,hard
Talky_G,1,eshop_set,minsup,0.0018209439773578,600.0376,467.46,1097932,True,,20260930_103746,exact,Linux x86_64,hard
Apriori_Gen_Borgelt,1,mooc_set,minsup,0.0002998727812443,207.9337,7835.39,0,False,non-zero exit code 1: /home/hanketsu/Desktop/Projects/CENG643/TermProject/external_algos/borgelt/apriori: not enough memory,20260930_104114,exact,Linux x86_64,hard
Zart,1,eshop_set,minsup,0.0018209439773578,600.084,680.05,0,True,,20260930_104251,exact,Linux x86_64,hard
Eclat_Gen_Borgelt,1,mooc_set,minsup,0.0002998727812443,198.7657,5833.83,68140296,False,,20260930_104614,exact,Linux x86_64,hard
FPgrowth_Gen_Borgelt,1,mooc_set,minsup,0.0002998727812443,198.1182,5862.23,68140296,False,,20260930_104937,exact,Linux x86_64,hard
Gr_growth,1,mooc_set,minsup,0.0002998727812443,87.5891,2986.25,68140297,False,,20260930_105109,exact,Linux x86_64,hard
DefMe,1,mooc_set,minsup,0.0002998727812443,600.0891,874.62,4393330,True,,20260930_105114,exact,Linux x86_64,hard
Pascal,1,mooc_set,minsup,0.0002998727812443,600.1224,212.56,20836,True,,20260930_110109,exact,Linux x86_64,hard
TalkyG_Diffset,1,mooc_set,minsup,0.0002998727812443,600.098,470.19,584506,True,,20260930_110115,exact,Linux x86_64,hard
Talky_G,1,mooc_set,minsup,0.0002998727812443,600.073,470.09,550941,True,,20260930_111109,exact,Linux x86_64,hard
Zart,1,mooc_set,minsup,0.0002998727812443,600.1589,1151.38,0,True,,20260930_111115,exact,Linux x86_64,hard
Apriori_Gen_Borgelt,1,microblog_set,minsup,0.5635198135198135,0.0414,8.11,20,False,,20260930_163035,exact,Linux x86_64,fresh
DefMe,1,microblog_set,minsup,0.5635198135198135,0.3068,98.39,21,False,,20260930_163035,exact,Linux x86_64,fresh
Eclat_Gen_Borgelt,1,microblog_set,minsup,0.5635198135198135,0.0192,8.34,20,False,,20260930_163035,exact,Linux x86_64,fresh
FPgrowth_Gen_Borgelt,1,microblog_set,minsup,0.5635198135198135,0.027,8.44,20,False,,20260930_163036,exact,Linux x86_64,fresh
Gr_growth,1,microblog_set,minsup,0.5635198135198135,0.0113,13.96,21,False,,20260930_163036,exact,Linux x86_64,fresh
Pascal,1,microblog_set,minsup,0.5635198135198135,0.5068,96.19,20,False,,20260930_163037,exact,Linux x86_64,fresh
TalkyG_Diffset,1,microblog_set,minsup,0.5635198135198135,2.3805,6789.62,21,False,,20260930_163038,exact,Linux x86_64,fresh
Zart,1,microblog_set,minsup,0.5635198135198135,0.4141,106.09,21,False,,20260930_163039,exact,Linux x86_64,fresh
Talky_G,1,microblog_set,minsup,0.5635198135198135,2.3291,6759.13,21,False,,20260930_163039,exact,Linux x86_64,fresh
FGC_Stream,1,microblog_set,minsup,0.5635198135198135,0.1462,22.04,21,False,,20260930_163040,exact,Linux x86_64,fresh
Apriori_Gen_Borgelt,1,splice,minsup,0.244435736677116,0.0132,4.03,135,False,,20260930_163040,exact,Linux x86_64,fresh
Eclat_Gen_Borgelt,1,splice,minsup,0.244435736677116,0.0226,5.05,135,False,,20260930_163040,exact,Linux x86_64,fresh
FPgrowth_Gen_Borgelt,1,splice,minsup,0.244435736677116,0.0227,7.08,135,False,,20260930_163040,exact,Linux x86_64,fresh
DefMe,1,splice,minsup,0.244435736677116,0.3925,93.85,136,False,,20260930_163040,exact,Linux x86_64,fresh
Gr_growth,1,splice,minsup,0.244435736677116,0.0265,16.88,136,False,,20260930_163041,exact,Linux x86_64,fresh
TalkyG_Diffset,1,splice,minsup,0.244435736677116,0.273,93.09,136,False,,20260930_163041,exact,Linux x86_64,fresh
Talky_G,1,splice,minsup,0.244435736677116,0.2616,95.01,136,False,,20260930_163042,exact,Linux x86_64,fresh
Pascal,1,splice,minsup,0.244435736677116,1.2166,98.31,135,False,,20260930_163042,exact,Linux x86_64,fresh
Zart,1,splice,minsup,0.244435736677116,1.9101,337.66,136,False,,20260930_163044,exact,Linux x86_64,fresh
Apriori_Gen_Borgelt,1,msnbc_set,minsup,0.2619613085876062,0.0121,5.03,21,False,,20260930_163044,exact,Linux x86_64,fresh
DefMe,1,msnbc_set,minsup,0.2619613085876062,0.3295,97.94,22,False,,20260930_163045,exact,Linux x86_64,fresh
Eclat_Gen_Borgelt,1,msnbc_set,minsup,0.2619613085876062,0.0165,5.06,21,False,,20260930_163045,exact,Linux x86_64,fresh
FPgrowth_Gen_Borgelt,1,msnbc_set,minsup,0.2619613085876062,0.0117,5.15,21,False,,20260930_163045,exact,Linux x86_64,fresh
Gr_growth,1,msnbc_set,minsup,0.2619613085876062,0.0161,13.45,22,False,,20260930_163045,exact,Linux x86_64,fresh
Pascal,1,msnbc_set,minsup,0.2619613085876062,0.3584,97.16,21,False,,20260930_163046,exact,Linux x86_64,fresh
TalkyG_Diffset,1,msnbc_set,minsup,0.2619613085876062,0.4215,98.45,22,False,,20260930_163047,exact,Linux x86_64,fresh
Talky_G,1,msnbc_set,minsup,0.2619613085876062,0.3397,95.93,22,False,,20260930_163047,exact,Linux x86_64,fresh
Zart,1,msnbc_set,minsup,0.2619613085876062,0.4073,106.45,22,False,,20260930_163048,exact,Linux x86_64,fresh
FGC_Stream,1,splice,minsup,0.244435736677116,11.1347,22.06,136,False,,20260930_163053,exact,Linux x86_64,fresh
Apriori_Gen_Borgelt,1,bike_set,minsup,0.0555436948477085,0.0179,4.61,54,False,,20260930_163054,exact,Linux x86_64,fresh
DefMe,1,bike_set,minsup,0.0555436948477085,0.3232,99.47,55,False,,20260930_163054,exact,Linux x86_64,fresh
Eclat_Gen_Borgelt,1,bike_set,minsup,0.0555436948477085,0.0207,5.84,54,False,,20260930_163055,exact,Linux x86_64,fresh
FPgrowth_Gen_Borgelt,1,bike_set,minsup,0.0555436948477085,0.015,5.96,54,False,,20260930_163055,exact,Linux x86_64,fresh
Gr_growth,1,bike_set,minsup,0.0555436948477085,0.025,15.47,55,False,,20260930_163055,exact,Linux x86_64,fresh
Pascal,1,bike_set,minsup,0.0555436948477085,0.6353,99.61,54,False,,20260930_163056,exact,Linux x86_64,fresh
TalkyG_Diffset,1,bike_set,minsup,0.0555436948477085,0.3685,131.9,55,False,,20260930_163057,exact,Linux x86_64,fresh
Talky_G,1,bike_set,minsup,0.0555436948477085,0.3488,133.53,55,False,,20260930_163058,exact,Linux x86_64,fresh
Zart,1,bike_set,minsup,0.0555436948477085,0.8084,371.31,55,False,,20260930_163059,exact,Linux x86_64,fresh
FGC_Stream,1,bike_set,minsup,0.0555436948477085,35.34,17.21,55,False,,20260930_163134,exact,Linux x86_64,fresh
Apriori_Gen_Borgelt,1,t25i10d10k,minsup,0.0258370088211708,0.023,5.5,361,False,,20260930_163135,exact,Linux x86_64,fresh
DefMe,1,t25i10d10k,minsup,0.0258370088211708,0.4106,157.47,362,False,,20260930_163135,exact,Linux x86_64,fresh
Eclat_Gen_Borgelt,1,t25i10d10k,minsup,0.0258370088211708,0.0213,6.77,361,False,,20260930_163136,exact,Linux x86_64,fresh
FPgrowth_Gen_Borgelt,1,t25i10d10k,minsup,0.0258370088211708,0.0331,10.41,361,False,,20260930_163136,exact,Linux x86_64,fresh
Gr_growth,1,t25i10d10k,minsup,0.0258370088211708,0.0428,19.38,362,False,,20260930_163136,exact,Linux x86_64,fresh
Pascal,1,t25i10d10k,minsup,0.0258370088211708,14.6151,99.16,361,False,,20260930_163151,exact,Linux x86_64,fresh
TalkyG_Diffset,1,t25i10d10k,minsup,0.0258370088211708,0.2689,101.38,362,False,,20260930_163152,exact,Linux x86_64,fresh
Talky_G,1,t25i10d10k,minsup,0.0258370088211708,0.2595,102.68,362,False,,20260930_163152,exact,Linux x86_64,fresh
Zart,1,t25i10d10k,minsup,0.0258370088211708,23.5708,506.83,362,False,,20260930_163216,exact,Linux x86_64,fresh
FGC_Stream,1,t25i10d10k,minsup,0.0258370088211708,21.8244,27.68,362,False,,20260930_163238,exact,Linux x86_64,fresh
Apriori_Gen_Borgelt,1,ecommerce_fim,minsup,0.0150751252086811,0.0117,4.41,146,False,,20260930_163238,exact,Linux x86_64,fresh
DefMe,1,ecommerce_fim,minsup,0.0150751252086811,0.2756,118.58,147,False,,20260930_163239,exact,Linux x86_64,fresh
Eclat_Gen_Borgelt,1,ecommerce_fim,minsup,0.0150751252086811,0.0111,5.51,146,False,,20260930_163239,exact,Linux x86_64,fresh
FPgrowth_Gen_Borgelt,1,ecommerce_fim,minsup,0.0150751252086811,0.0108,5.57,146,False,,20260930_163239,exact,Linux x86_64,fresh
Gr_growth,1,ecommerce_fim,minsup,0.0150751252086811,1.8837,5198.69,0,False,killed by signal 6: what():  std::bad_alloc,20260930_163241,exact,Linux x86_64,fresh
Pascal,1,ecommerce_fim,minsup,0.0150751252086811,2.22,96.3,146,False,,20260930_163244,exact,Linux x86_64,fresh
TalkyG_Diffset,1,ecommerce_fim,minsup,0.0150751252086811,3.3458,5398.08,,False,java.lang.OutOfMemoryError: Java heap space,20260930_163247,exact,Linux x86_64,fresh
Talky_G,1,ecommerce_fim,minsup,0.0150751252086811,3.3075,5391.95,,False,java.lang.OutOfMemoryError: Java heap space,20260930_163251,exact,Linux x86_64,fresh
Zart,1,ecommerce_fim,minsup,0.0150751252086811,1.7554,375.58,147,False,,20260930_163253,exact,Linux x86_64,fresh
FGC_Stream,1,ecommerce_fim,minsup,0.0150751252086811,1.1695,21.67,147,False,,20260930_163254,exact,Linux x86_64,fresh
Apriori_Gen_Borgelt,1,fifa_set,minsup,0.3596943765281173,0.0217,6.64,32,False,,20260930_163254,exact,Linux x86_64,fresh
DefMe,1,fifa_set,minsup,0.3596943765281173,0.2845,126.01,33,False,,20260930_163255,exact,Linux x86_64,fresh
Eclat_Gen_Borgelt,1,fifa_set,minsup,0.3596943765281173,0.0332,6.62,32,False,,20260930_163255,exact,Linux x86_64,fresh
FPgrowth_Gen_Borgelt,1,fifa_set,minsup,0.3596943765281173,0.0274,6.78,32,False,,20260930_163255,exact,Linux x86_64,fresh
Gr_growth,1,fifa_set,minsup,0.3596943765281173,0.0336,13.75,33,False,,20260930_163256,exact,Linux x86_64,fresh
Pascal,1,fifa_set,minsup,0.3596943765281173,0.3668,120.46,32,False,,20260930_163256,exact,Linux x86_64,fresh
TalkyG_Diffset,1,fifa_set,minsup,0.3596943765281173,0.3269,142.75,33,False,,20260930_163257,exact,Linux x86_64,fresh
Talky_G,1,fifa_set,minsup,0.3596943765281173,0.3205,150.66,33,False,,20260930_163257,exact,Linux x86_64,fresh
Zart,1,fifa_set,minsup,0.3596943765281173,0.3955,163.41,33,False,,20260930_163258,exact,Linux x86_64,fresh
FGC_Stream,1,msnbc_set,minsup,0.2619613085876062,159.049,24.68,22,False,,20260930_163328,exact,Linux x86_64,fresh
Apriori_Gen_Borgelt,1,uscensus,minsup,0.74447675,1.1579,231.46,16,False,,20260930_163329,exact,Linux x86_64,fresh
DefMe,1,uscensus,minsup,0.74447675,2.6121,3009.03,17,False,,20260930_163332,exact,Linux x86_64,fresh
Eclat_Gen_Borgelt,1,uscensus,minsup,0.74447675,1.1753,231.41,16,False,,20260930_163333,exact,Linux x86_64,fresh
FGC_Stream,1,fifa_set,minsup,0.3596943765281173,35.7517,71.99,33,False,,20260930_163334,exact,Linux x86_64,fresh
FPgrowth_Gen_Borgelt,1,uscensus,minsup,0.74447675,1.1251,231.39,16,False,,20260930_163334,exact,Linux x86_64,fresh
Gr_growth,1,uscensus,minsup,0.74447675,0.7579,13.47,17,False,,20260930_163335,exact,Linux x86_64,fresh
Pascal,1,uscensus,minsup,0.74447675,3.8547,1162.88,16,False,,20260930_163339,exact,Linux x86_64,fresh
TalkyG_Diffset,1,uscensus,minsup,0.74447675,4.6725,3177.09,17,False,,20260930_163340,exact,Linux x86_64,fresh
Talky_G,1,uscensus,minsup,0.74447675,4.7416,3175.8,17,False,,20260930_163344,exact,Linux x86_64,fresh
Zart,1,uscensus,minsup,0.74447675,4.4498,3222.89,17,False,,20260930_163345,exact,Linux x86_64,fresh
Apriori_Gen_Borgelt,1,microblog_set,minsup,0.2954545454545454,0.0161,8.09,432,False,,20260930_163345,exact,Linux x86_64,fresh
DefMe,1,microblog_set,minsup,0.2954545454545454,0.2437,96.07,433,False,,20260930_163345,exact,Linux x86_64,fresh
Eclat_Gen_Borgelt,1,microblog_set,minsup,0.2954545454545454,0.0134,8.76,432,False,,20260930_163346,exact,Linux x86_64,fresh
FPgrowth_Gen_Borgelt,1,microblog_set,minsup,0.2954545454545454,0.0156,8.9,432,False,,20260930_163346,exact,Linux x86_64,fresh
Gr_growth,1,microblog_set,minsup,0.2954545454545454,0.0135,13.96,433,False,,20260930_163346,exact,Linux x86_64,fresh
Pascal,1,microblog_set,minsup,0.2954545454545454,0.3218,101.8,432,False,,20260930_163347,exact,Linux x86_64,fresh
TalkyG_Diffset,1,microblog_set,minsup,0.2954545454545454,1.6101,6741.52,433,False,,20260930_163348,exact,Linux x86_64,fresh
Talky_G,1,microblog_set,minsup,0.2954545454545454,1.6436,6747.52,433,False,,20260930_163350,exact,Linux x86_64,fresh
Zart,1,microblog_set,minsup,0.2954545454545454,0.3444,130.64,433,False,,20260930_163351,exact,Linux x86_64,fresh
FGC_Stream,1,microblog_set,minsup,0.2954545454545454,0.7759,22.31,433,False,,20260930_163352,exact,Linux x86_64,fresh
Apriori_Gen_Borgelt,1,splice,minsup,0.1638714733542319,0.0148,4.59,357,False,,20260930_163352,exact,Linux x86_64,fresh
DefMe,1,splice,minsup,0.1638714733542319,0.2377,92.34,358,False,,20260930_163352,exact,Linux x86_64,fresh
Eclat_Gen_Borgelt,1,splice,minsup,0.1638714733542319,0.0162,6.29,357,False,,20260930_163353,exact,Linux x86_64,fresh
FPgrowth_Gen_Borgelt,1,splice,minsup,0.1638714733542319,0.0286,10.34,357,False,,20260930_163353,exact,Linux x86_64,fresh
Gr_growth,1,splice,minsup,0.1638714733542319,0.0246,19.85,358,False,,20260930_163353,exact,Linux x86_64,fresh
Pascal,1,splice,minsup,0.1638714733542319,3.1294,98.94,357,False,,20260930_163356,exact,Linux x86_64,fresh
TalkyG_Diffset,1,splice,minsup,0.1638714733542319,0.2544,93.57,358,False,,20260930_163357,exact,Linux x86_64,fresh
Talky_G,1,splice,minsup,0.1638714733542319,0.2349,93.19,358,False,,20260930_163357,exact,Linux x86_64,fresh
Zart,1,splice,minsup,0.1638714733542319,5.4377,374.71,358,False,,20260930_163403,exact,Linux x86_64,fresh
FGC_Stream,1,splice,minsup,0.1638714733542319,73.5106,22.34,358,False,,20260930_163517,exact,Linux x86_64,fresh
Apriori_Gen_Borgelt,1,msnbc_set,minsup,0.0345942120163573,0.0224,5.07,593,False,,20260930_163517,exact,Linux x86_64,fresh
DefMe,1,msnbc_set,minsup,0.0345942120163573,0.2344,97.54,594,False,,20260930_163517,exact,Linux x86_64,fresh
Eclat_Gen_Borgelt,1,msnbc_set,minsup,0.0345942120163573,0.0136,6.55,593,False,,20260930_163518,exact,Linux x86_64,fresh
FPgrowth_Gen_Borgelt,1,msnbc_set,minsup,0.0345942120163573,0.0121,6.1,593,False,,20260930_163518,exact,Linux x86_64,fresh
Gr_growth,1,msnbc_set,minsup,0.0345942120163573,0.0185,14.06,594,False,,20260930_163518,exact,Linux x86_64,fresh
Pascal,1,msnbc_set,minsup,0.0345942120163573,0.7392,99.97,593,False,,20260930_163519,exact,Linux x86_64,fresh
TalkyG_Diffset,1,msnbc_set,minsup,0.0345942120163573,0.249,95.84,594,False,,20260930_163520,exact,Linux x86_64,fresh
Talky_G,1,msnbc_set,minsup,0.0345942120163573,0.2512,97.75,594,False,,20260930_163520,exact,Linux x86_64,fresh
Zart,1,msnbc_set,minsup,0.0345942120163573,1.004,132.12,594,False,,20260930_163521,exact,Linux x86_64,fresh
FGC_Stream,1,uscensus,minsup,0.74447675,600.1524,3897.72,0,True,,20260930_164344,exact,Linux x86_64,fresh
Apriori_Gen_Borgelt,1,bike_set,minsup,0.0338623209033115,0.0124,4.9,153,False,,20260930_164344,exact,Linux x86_64,fresh
DefMe,1,bike_set,minsup,0.0338623209033115,0.2436,100.18,154,False,,20260930_164345,exact,Linux x86_64,fresh
Eclat_Gen_Borgelt,1,bike_set,minsup,0.0338623209033115,0.0132,5.98,153,False,,20260930_164345,exact,Linux x86_64,fresh
FPgrowth_Gen_Borgelt,1,bike_set,minsup,0.0338623209033115,0.0121,6.23,153,False,,20260930_164345,exact,Linux x86_64,fresh
Gr_growth,1,bike_set,minsup,0.0338623209033115,0.0162,15.79,154,False,,20260930_164345,exact,Linux x86_64,fresh
Pascal,1,bike_set,minsup,0.0338623209033115,0.7494,99.88,153,False,,20260930_164346,exact,Linux x86_64,fresh
TalkyG_Diffset,1,bike_set,minsup,0.0338623209033115,0.269,133.17,154,False,,20260930_164347,exact,Linux x86_64,fresh
Talky_G,1,bike_set,minsup,0.0338623209033115,0.254,133.54,154,False,,20260930_164347,exact,Linux x86_64,fresh
Zart,1,bike_set,minsup,0.0338623209033115,0.8621,391.46,154,False,,20260930_164348,exact,Linux x86_64,fresh
FGC_Stream,1,bike_set,minsup,0.0338623209033115,40.3202,17.06,154,False,,20260930_164429,exact,Linux x86_64,fresh
Apriori_Gen_Borgelt,1,t25i10d10k,minsup,0.01882016840417,0.0245,5.69,579,False,,20260930_164429,exact,Linux x86_64,fresh
DefMe,1,t25i10d10k,minsup,0.01882016840417,0.2844,155.12,580,False,,20260930_164430,exact,Linux x86_64,fresh
Eclat_Gen_Borgelt,1,t25i10d10k,minsup,0.01882016840417,0.0253,7.0,579,False,,20260930_164430,exact,Linux x86_64,fresh
FPgrowth_Gen_Borgelt,1,t25i10d10k,minsup,0.01882016840417,0.032,11.43,579,False,,20260930_164430,exact,Linux x86_64,fresh
Gr_growth,1,t25i10d10k,minsup,0.01882016840417,0.0279,20.48,580,False,,20260930_164430,exact,Linux x86_64,fresh
Pascal,1,t25i10d10k,minsup,0.01882016840417,24.1387,103.09,579,False,,20260930_164455,exact,Linux x86_64,fresh
TalkyG_Diffset,1,t25i10d10k,minsup,0.01882016840417,0.28,102.18,580,False,,20260930_164455,exact,Linux x86_64,fresh
Talky_G,1,t25i10d10k,minsup,0.01882016840417,0.2684,100.89,580,False,,20260930_164456,exact,Linux x86_64,fresh
FGC_Stream,1,msnbc_set,minsup,0.0345942120163573,600.0148,24.41,0,True,,20260930_164522,exact,Linux x86_64,fresh
Zart,1,t25i10d10k,minsup,0.01882016840417,39.3879,546.26,580,False,,20260930_164535,exact,Linux x86_64,fresh
Apriori_Gen_Borgelt,1,ecommerce_fim,minsup,0.0079966611018363,0.0142,5.07,493,False,,20260930_164536,exact,Linux x86_64,fresh
DefMe,1,ecommerce_fim,minsup,0.0079966611018363,0.285,187.07,494,False,,20260930_164536,exact,Linux x86_64,fresh
Eclat_Gen_Borgelt,1,ecommerce_fim,minsup,0.0079966611018363,0.0132,6.27,493,False,,20260930_164536,exact,Linux x86_64,fresh
FPgrowth_Gen_Borgelt,1,ecommerce_fim,minsup,0.0079966611018363,0.0144,7.19,493,False,,20260930_164537,exact,Linux x86_64,fresh
Gr_growth,1,ecommerce_fim,minsup,0.0079966611018363,1.843,5198.64,0,False,killed by signal 6: what():  std::bad_alloc,20260930_164539,exact,Linux x86_64,fresh
FGC_Stream,1,t25i10d10k,minsup,0.01882016840417,28.435,27.72,580,False,,20260930_164550,exact,Linux x86_64,fresh
TalkyG_Diffset,1,ecommerce_fim,minsup,0.0079966611018363,3.2933,5397.79,,False,java.lang.OutOfMemoryError: Java heap space,20260930_164554,exact,Linux x86_64,fresh
Pascal,1,ecommerce_fim,minsup,0.0079966611018363,16.5227,92.69,493,False,,20260930_164555,exact,Linux x86_64,fresh
Talky_G,1,ecommerce_fim,minsup,0.0079966611018363,3.3832,5392.24,,False,java.lang.OutOfMemoryError: Java heap space,20260930_164557,exact,Linux x86_64,fresh
FGC_Stream,1,ecommerce_fim,minsup,0.0079966611018363,2.646,21.74,494,False,,20260930_164600,exact,Linux x86_64,fresh
Apriori_Gen_Borgelt,1,fifa_set,minsup,0.341161369193154,0.0336,6.62,234,False,,20260930_164600,exact,Linux x86_64,fresh
DefMe,1,fifa_set,minsup,0.341161369193154,0.3012,129.73,235,False,,20260930_164601,exact,Linux x86_64,fresh
Eclat_Gen_Borgelt,1,fifa_set,minsup,0.341161369193154,0.0244,7.2,234,False,,20260930_164601,exact,Linux x86_64,fresh
FPgrowth_Gen_Borgelt,1,fifa_set,minsup,0.341161369193154,0.029,7.41,234,False,,20260930_164601,exact,Linux x86_64,fresh
Gr_growth,1,fifa_set,minsup,0.341161369193154,0.0187,14.22,235,False,,20260930_164602,exact,Linux x86_64,fresh
Pascal,1,fifa_set,minsup,0.341161369193154,0.7881,117.98,234,False,,20260930_164603,exact,Linux x86_64,fresh
TalkyG_Diffset,1,fifa_set,minsup,0.341161369193154,0.3452,145.58,235,False,,20260930_164603,exact,Linux x86_64,fresh
Talky_G,1,fifa_set,minsup,0.341161369193154,0.3359,154.82,235,False,,20260930_164604,exact,Linux x86_64,fresh
Zart,1,fifa_set,minsup,0.341161369193154,0.7851,255.66,235,False,,20260930_164605,exact,Linux x86_64,fresh
Zart,1,ecommerce_fim,minsup,0.0079966611018363,12.9185,632.13,494,False,,20260930_164609,exact,Linux x86_64,fresh
Apriori_Gen_Borgelt,1,uscensus,minsup,0.60401875,1.3363,231.27,198,False,,20260930_164610,exact,Linux x86_64,fresh
DefMe,1,uscensus,minsup,0.60401875,2.6226,3182.05,199,False,,20260930_164613,exact,Linux x86_64,fresh
Eclat_Gen_Borgelt,1,uscensus,minsup,0.60401875,1.3587,231.43,198,False,,20260930_164615,exact,Linux x86_64,fresh
FPgrowth_Gen_Borgelt,1,uscensus,minsup,0.60401875,1.2912,231.51,198,False,,20260930_164616,exact,Linux x86_64,fresh
Gr_growth,1,uscensus,minsup,0.60401875,0.7288,14.07,199,False,,20260930_164617,exact,Linux x86_64,fresh
Pascal,1,uscensus,minsup,0.60401875,17.043,1185.35,198,False,,20260930_164634,exact,Linux x86_64,fresh
TalkyG_Diffset,1,uscensus,minsup,0.60401875,4.6026,3187.1,199,False,,20260930_164639,exact,Linux x86_64,fresh
Talky_G,1,uscensus,minsup,0.60401875,4.5522,3172.83,199,False,,20260930_164644,exact,Linux x86_64,fresh
Zart,1,uscensus,minsup,0.60401875,30.018,3224.42,199,False,,20260930_164714,exact,Linux x86_64,fresh
FGC_Stream,1,fifa_set,minsup,0.341161369193154,139.9196,71.87,235,False,,20260930_164825,exact,Linux x86_64,fresh
Apriori_Gen_Borgelt,1,microblog_set,minsup,0.1276223776223776,0.03,8.09,16495,False,,20260930_164825,exact,Linux x86_64,fresh
DefMe,1,microblog_set,minsup,0.1276223776223776,0.2564,116.47,16496,False,,20260930_164826,exact,Linux x86_64,fresh
Eclat_Gen_Borgelt,1,microblog_set,minsup,0.1276223776223776,0.0265,15.73,16495,False,,20260930_164826,exact,Linux x86_64,fresh
FPgrowth_Gen_Borgelt,1,microblog_set,minsup,0.1276223776223776,0.0244,16.54,16495,False,,20260930_164826,exact,Linux x86_64,fresh
Gr_growth,1,microblog_set,minsup,0.1276223776223776,0.021,14.76,16496,False,,20260930_164826,exact,Linux x86_64,fresh
Pascal,1,microblog_set,minsup,0.1276223776223776,1.7852,98.01,16495,False,,20260930_164828,exact,Linux x86_64,fresh
TalkyG_Diffset,1,microblog_set,minsup,0.1276223776223776,1.7349,6820.73,16671,False,,20260930_164830,exact,Linux x86_64,fresh
Talky_G,1,microblog_set,minsup,0.1276223776223776,1.6889,6761.39,16671,False,,20260930_164832,exact,Linux x86_64,fresh
Zart,1,microblog_set,minsup,0.1276223776223776,13.7004,628.55,16496,False,,20260930_164846,exact,Linux x86_64,fresh
FGC_Stream,1,microblog_set,minsup,0.1276223776223776,13.0821,44.24,16496,False,,20260930_164900,exact,Linux x86_64,fresh
Apriori_Gen_Borgelt,1,splice,minsup,0.1115203761755486,0.0261,4.73,1412,False,,20260930_164900,exact,Linux x86_64,fresh
DefMe,1,splice,minsup,0.1115203761755486,0.2479,106.21,1413,False,,20260930_164900,exact,Linux x86_64,fresh
Eclat_Gen_Borgelt,1,splice,minsup,0.1115203761755486,0.0229,7.05,1412,False,,20260930_164900,exact,Linux x86_64,fresh
FPgrowth_Gen_Borgelt,1,splice,minsup,0.1115203761755486,0.0505,11.0,1412,False,,20260930_164901,exact,Linux x86_64,fresh
Gr_growth,1,splice,minsup,0.1115203761755486,0.0396,20.19,1413,False,,20260930_164901,exact,Linux x86_64,fresh
Pascal,1,splice,minsup,0.1115203761755486,3.7488,102.38,1412,False,,20260930_164905,exact,Linux x86_64,fresh
TalkyG_Diffset,1,splice,minsup,0.1115203761755486,0.2656,93.88,1413,False,,20260930_164905,exact,Linux x86_64,fresh
Talky_G,1,splice,minsup,0.1115203761755486,0.2549,95.37,1413,False,,20260930_164906,exact,Linux x86_64,fresh
Zart,1,splice,minsup,0.1115203761755486,8.8241,622.81,1413,False,,20260930_164915,exact,Linux x86_64,fresh
FGC_Stream,1,splice,minsup,0.1115203761755486,127.1456,23.18,1413,False,,20260930_165122,exact,Linux x86_64,fresh
Apriori_Gen_Borgelt,1,msnbc_set,minsup,0.0066294432211387,0.0272,4.86,7985,False,,20260930_165123,exact,Linux x86_64,fresh
DefMe,1,msnbc_set,minsup,0.0066294432211387,0.2906,199.18,7986,False,,20260930_165123,exact,Linux x86_64,fresh
Eclat_Gen_Borgelt,1,msnbc_set,minsup,0.0066294432211387,0.0237,12.03,7985,False,,20260930_165123,exact,Linux x86_64,fresh
FPgrowth_Gen_Borgelt,1,msnbc_set,minsup,0.0066294432211387,0.0216,11.42,7985,False,,20260930_165124,exact,Linux x86_64,fresh
Gr_growth,1,msnbc_set,minsup,0.0066294432211387,0.0185,14.38,7986,False,,20260930_165124,exact,Linux x86_64,fresh
Pascal,1,msnbc_set,minsup,0.0066294432211387,3.3579,109.88,7985,False,,20260930_165127,exact,Linux x86_64,fresh
TalkyG_Diffset,1,msnbc_set,minsup,0.0066294432211387,0.2774,135.69,8013,False,,20260930_165128,exact,Linux x86_64,fresh
Talky_G,1,msnbc_set,minsup,0.0066294432211387,0.2698,119.39,8013,False,,20260930_165128,exact,Linux x86_64,fresh
Zart,1,msnbc_set,minsup,0.0066294432211387,10.0951,188.27,7986,False,,20260930_165139,exact,Linux x86_64,fresh
FGC_Stream,1,uscensus,minsup,0.60401875,600.1318,3181.98,0,True,,20260930_165715,exact,Linux x86_64,fresh
Apriori_Gen_Borgelt,1,bike_set,minsup,0.006962235506215,0.0273,4.86,2791,False,,20260930_165715,exact,Linux x86_64,fresh
DefMe,1,bike_set,minsup,0.006962235506215,0.2658,130.69,2792,False,,20260930_165715,exact,Linux x86_64,fresh
Eclat_Gen_Borgelt,1,bike_set,minsup,0.006962235506215,0.0247,7.83,2791,False,,20260930_165715,exact,Linux x86_64,fresh
FPgrowth_Gen_Borgelt,1,bike_set,minsup,0.006962235506215,0.0288,12.86,2791,False,,20260930_165716,exact,Linux x86_64,fresh
Gr_growth,1,bike_set,minsup,0.006962235506215,0.0286,15.95,2792,False,,20260930_165716,exact,Linux x86_64,fresh
Pascal,1,bike_set,minsup,0.006962235506215,4.6038,104.69,2791,False,,20260930_165721,exact,Linux x86_64,fresh
TalkyG_Diffset,1,bike_set,minsup,0.006962235506215,0.3042,148.09,2792,False,,20260930_165721,exact,Linux x86_64,fresh
Talky_G,1,bike_set,minsup,0.006962235506215,0.2818,146.7,2792,False,,20260930_165722,exact,Linux x86_64,fresh
Zart,1,bike_set,minsup,0.006962235506215,9.2011,487.21,2792,False,,20260930_165731,exact,Linux x86_64,fresh
FGC_Stream,1,bike_set,minsup,0.006962235506215,112.2492,20.04,2792,False,,20260930_165924,exact,Linux x86_64,fresh
Apriori_Gen_Borgelt,1,t25i10d10k,minsup,0.011502606255012,0.0282,6.5,1763,False,,20260930_165924,exact,Linux x86_64,fresh
DefMe,1,t25i10d10k,minsup,0.011502606255012,0.3743,295.5,1764,False,,20260930_165925,exact,Linux x86_64,fresh
Eclat_Gen_Borgelt,1,t25i10d10k,minsup,0.011502606255012,0.0227,8.16,1763,False,,20260930_165925,exact,Linux x86_64,fresh
FPgrowth_Gen_Borgelt,1,t25i10d10k,minsup,0.011502606255012,0.0319,13.02,1763,False,,20260930_165925,exact,Linux x86_64,fresh
Gr_growth,1,t25i10d10k,minsup,0.011502606255012,0.0366,21.42,1764,False,,20260930_165925,exact,Linux x86_64,fresh
Pascal,1,t25i10d10k,minsup,0.011502606255012,43.8949,136.2,1763,False,,20260930_170009,exact,Linux x86_64,fresh
TalkyG_Diffset,1,t25i10d10k,minsup,0.011502606255012,0.2965,113.05,1764,False,,20260930_170010,exact,Linux x86_64,fresh
Talky_G,1,t25i10d10k,minsup,0.011502606255012,0.2748,112.68,1764,False,,20260930_170011,exact,Linux x86_64,fresh
Zart,1,t25i10d10k,minsup,0.011502606255012,71.455,836.54,1764,False,,20260930_170122,exact,Linux x86_64,fresh
FGC_Stream,1,msnbc_set,minsup,0.0066294432211387,600.0147,30.78,0,True,,20260930_170139,exact,Linux x86_64,fresh
Apriori_Gen_Borgelt,1,ecommerce_fim,minsup,0.002787979966611,0.0242,7.88,2785,False,,20260930_170139,exact,Linux x86_64,fresh
DefMe,1,ecommerce_fim,minsup,0.002787979966611,0.5778,536.26,2786,False,,20260930_170140,exact,Linux x86_64,fresh
Eclat_Gen_Borgelt,1,ecommerce_fim,minsup,0.002787979966611,0.0192,8.77,2785,False,,20260930_170140,exact,Linux x86_64,fresh
FPgrowth_Gen_Borgelt,1,ecommerce_fim,minsup,0.002787979966611,0.0263,11.12,2785,False,,20260930_170140,exact,Linux x86_64,fresh
Gr_growth,1,ecommerce_fim,minsup,0.002787979966611,1.8365,5198.7,0,False,killed by signal 6: what():  std::bad_alloc,20260930_170143,exact,Linux x86_64,fresh
FGC_Stream,1,t25i10d10k,minsup,0.011502606255012,38.4384,28.8,1764,False,,20260930_170201,exact,Linux x86_64,fresh
TalkyG_Diffset,1,ecommerce_fim,minsup,0.002787979966611,3.2769,5397.34,,False,java.lang.OutOfMemoryError: Java heap space,20260930_170204,exact,Linux x86_64,fresh
Talky_G,1,ecommerce_fim,minsup,0.002787979966611,3.2627,5394.12,,False,java.lang.OutOfMemoryError: Java heap space,20260930_170208,exact,Linux x86_64,fresh
Pascal,1,ecommerce_fim,minsup,0.002787979966611,140.5301,180.04,2785,False,,20260930_170403,exact,Linux x86_64,fresh
FGC_Stream,1,ecommerce_fim,minsup,0.002787979966611,6.2718,24.22,2786,False,,20260930_170410,exact,Linux x86_64,fresh
Zart,1,ecommerce_fim,minsup,0.002787979966611,168.4304,1451.16,2786,False,,20260930_170456,exact,Linux x86_64,fresh
Apriori_Gen_Borgelt,1,fifa_set,minsup,0.0922127139364303,410.0775,7835.68,0,False,non-zero exit code 1: /home/hanketsu/Desktop/Projects/CENG643/TermProject/external_algos/borgelt/apriori: not enough memory,20260930_171100,exact,Linux x86_64,fresh
DefMe,1,fifa_set,minsup,0.0922127139364303,600.1504,840.84,69744318,True,,20260930_171502,exact,Linux x86_64,fresh
Eclat_Gen_Borgelt,1,fifa_set,minsup,0.0922127139364303,285.891,7833.84,77841480,False,non-zero exit code 1: /home/hanketsu/Desktop/Projects/CENG643/TermProject/external_algos/borgelt/eclat: not enough memory,20260930_171551,exact,Linux x86_64,fresh
FPgrowth_Gen_Borgelt,1,fifa_set,minsup,0.0922127139364303,253.8772,7833.88,77849716,False,non-zero exit code 1: /home/hanketsu/Desktop/Projects/CENG643/TermProject/external_algos/borgelt/fpgrowth: not enough memory,20260930_171921,exact,Linux x86_64,fresh
Gr_growth,1,fifa_set,minsup,0.0922127139364303,398.9289,7833.74,154730485,False,killed by signal 6: what():  std::bad_alloc,20260930_172241,exact,Linux x86_64,fresh
Pascal,1,fifa_set,minsup,0.0922127139364303,600.1334,395.42,790216,True,,20260930_172921,exact,Linux x86_64,fresh
TalkyG_Diffset,1,fifa_set,minsup,0.0922127139364303,600.1438,557.93,1247168,True,,20260930_173241,exact,Linux x86_64,fresh
Talky_G,1,fifa_set,minsup,0.0922127139364303,600.0463,541.92,1237640,True,,20260930_173922,exact,Linux x86_64,fresh
Zart,1,fifa_set,minsup,0.0922127139364303,600.1353,470.14,0,True,,20260930_174242,exact,Linux x86_64,fresh
Apriori_Gen_Borgelt,1,uscensus,minsup,0.25685375,98.2223,234.77,249916,False,,20260930_174420,exact,Linux x86_64,fresh
DefMe,1,uscensus,minsup,0.25685375,63.7462,3230.0,249917,False,,20260930_174524,exact,Linux x86_64,fresh
Eclat_Gen_Borgelt,1,uscensus,minsup,0.25685375,3.8609,345.97,249916,False,,20260930_174528,exact,Linux x86_64,fresh
FPgrowth_Gen_Borgelt,1,uscensus,minsup,0.25685375,2.3891,314.22,249916,False,,20260930_174531,exact,Linux x86_64,fresh
Gr_growth,1,uscensus,minsup,0.25685375,1.8738,78.63,249917,False,,20260930_174533,exact,Linux x86_64,fresh
FGC_Stream,1,fifa_set,minsup,0.0922127139364303,600.0204,115.77,0,True,,20260930_174922,exact,Linux x86_64,fresh
TalkyG_Diffset,1,uscensus,minsup,0.25685375,16.8616,3216.86,249917,False,,20260930_174939,exact,Linux x86_64,fresh
Talky_G,1,uscensus,minsup,0.25685375,11.8831,3208.43,249917,False,,20260930_174951,exact,Linux x86_64,fresh
Pascal,1,uscensus,minsup,0.25685375,600.1017,1116.31,6226,True,,20260930_175533,exact,Linux x86_64,fresh
Zart,1,uscensus,minsup,0.25685375,600.2094,3217.81,0,True,,20260930_175952,exact,Linux x86_64,fresh
Apriori_Gen_Borgelt,1,microblog_set,minsup,0.0623543123543123,0.3207,22.38,340226,False,,20260930_175952,exact,Linux x86_64,fresh
DefMe,1,microblog_set,minsup,0.0623543123543123,0.5176,380.18,340227,False,,20260930_175953,exact,Linux x86_64,fresh
Eclat_Gen_Borgelt,1,microblog_set,minsup,0.0623543123543123,0.1603,37.04,340226,False,,20260930_175953,exact,Linux x86_64,fresh
FPgrowth_Gen_Borgelt,1,microblog_set,minsup,0.0623543123543123,0.1167,41.6,340226,False,,20260930_175954,exact,Linux x86_64,fresh
Gr_growth,1,microblog_set,minsup,0.0623543123543123,0.1938,26.12,340227,False,,20260930_175954,exact,Linux x86_64,fresh
Pascal,1,microblog_set,minsup,0.0623543123543123,290.7042,415.81,340226,False,,20260930_180445,exact,Linux x86_64,fresh
FGC_Stream,1,uscensus,minsup,0.25685375,600.0852,1409.38,0,True,,20260930_180534,exact,Linux x86_64,fresh
TalkyG_Diffset,1,microblog_set,minsup,0.0623543123543123,120.3767,6773.03,362664,False,,20260930_180646,exact,Linux x86_64,fresh
Talky_G,1,microblog_set,minsup,0.0623543123543123,124.4452,6761.73,362664,False,,20260930_180738,exact,Linux x86_64,fresh
FGC_Stream,1,microblog_set,minsup,0.0623543123543123,149.8463,488.43,340227,False,,20260930_181009,exact,Linux x86_64,fresh
Apriori_Gen_Borgelt,1,splice,minsup,0.0751567398119122,0.0536,5.36,6744,False,,20260930_181009,exact,Linux x86_64,fresh
DefMe,1,splice,minsup,0.0751567398119122,0.2482,125.56,6745,False,,20260930_181009,exact,Linux x86_64,fresh
Eclat_Gen_Borgelt,1,splice,minsup,0.0751567398119122,0.0553,9.23,6744,False,,20260930_181010,exact,Linux x86_64,fresh
FPgrowth_Gen_Borgelt,1,splice,minsup,0.0751567398119122,0.0836,39.09,6744,False,,20260930_181010,exact,Linux x86_64,fresh
Gr_growth,1,splice,minsup,0.0751567398119122,0.0757,20.63,6745,False,,20260930_181010,exact,Linux x86_64,fresh
Pascal,1,splice,minsup,0.0751567398119122,8.1517,109.96,6744,False,,20260930_181019,exact,Linux x86_64,fresh
TalkyG_Diffset,1,splice,minsup,0.0751567398119122,0.2741,117.89,6745,False,,20260930_181019,exact,Linux x86_64,fresh
Talky_G,1,splice,minsup,0.0751567398119122,0.2833,121.19,6745,False,,20260930_181020,exact,Linux x86_64,fresh
Zart,1,splice,minsup,0.0751567398119122,56.7955,541.96,6745,False,,20260930_181117,exact,Linux x86_64,fresh
FGC_Stream,1,splice,minsup,0.0751567398119122,229.9467,28.77,6745,False,,20260930_181507,exact,Linux x86_64,fresh
Apriori_Gen_Borgelt,1,bike_set,minsup,0.0014588670651864,0.0663,7.72,55208,False,,20260930_181507,exact,Linux x86_64,fresh
DefMe,1,bike_set,minsup,0.0014588670651864,0.5252,507.62,55209,False,,20260930_181508,exact,Linux x86_64,fresh
Eclat_Gen_Borgelt,1,bike_set,minsup,0.0014588670651864,0.0841,17.53,55208,False,,20260930_181508,exact,Linux x86_64,fresh
FPgrowth_Gen_Borgelt,1,bike_set,minsup,0.0014588670651864,0.0691,25.57,55208,False,,20260930_181509,exact,Linux x86_64,fresh
Gr_growth,1,bike_set,minsup,0.0014588670651864,0.0939,17.98,55209,False,,20260930_181509,exact,Linux x86_64,fresh
Pascal,1,bike_set,minsup,0.0014588670651864,52.4513,117.95,55208,False,,20260930_181602,exact,Linux x86_64,fresh
TalkyG_Diffset,1,bike_set,minsup,0.0014588670651864,0.8663,429.73,55209,False,,20260930_181603,exact,Linux x86_64,fresh
Talky_G,1,bike_set,minsup,0.0014588670651864,0.9273,723.41,55209,False,,20260930_181604,exact,Linux x86_64,fresh
Zart,1,microblog_set,minsup,0.0623543123543123,600.0789,1116.0,0,True,,20260930_181646,exact,Linux x86_64,fresh
Zart,1,bike_set,minsup,0.0014588670651864,402.7514,871.59,55209,False,,20260930_182247,exact,Linux x86_64,fresh
Apriori_Gen_Borgelt,1,t25i10d10k,minsup,0.00709202085004,0.0684,7.4,9874,False,,20260930_182247,exact,Linux x86_64,fresh
DefMe,1,t25i10d10k,minsup,0.00709202085004,0.5067,388.16,9875,False,,20260930_182248,exact,Linux x86_64,fresh
Eclat_Gen_Borgelt,1,t25i10d10k,minsup,0.00709202085004,0.0403,13.65,9874,False,,20260930_182248,exact,Linux x86_64,fresh
FPgrowth_Gen_Borgelt,1,t25i10d10k,minsup,0.00709202085004,0.0601,22.7,9874,False,,20260930_182249,exact,Linux x86_64,fresh
Gr_growth,1,t25i10d10k,minsup,0.00709202085004,0.0603,21.88,9875,False,,20260930_182249,exact,Linux x86_64,fresh
Pascal,1,t25i10d10k,minsup,0.00709202085004,62.882,134.87,9874,False,,20260930_182352,exact,Linux x86_64,fresh
TalkyG_Diffset,1,t25i10d10k,minsup,0.00709202085004,0.323,175.72,10877,False,,20260930_182353,exact,Linux x86_64,fresh
Talky_G,1,t25i10d10k,minsup,0.00709202085004,0.3203,163.53,10877,False,,20260930_182353,exact,Linux x86_64,fresh
FGC_Stream,1,bike_set,minsup,0.0014588670651864,501.1668,91.87,55209,False,,20260930_182508,exact,Linux x86_64,fresh
FGC_Stream,1,t25i10d10k,minsup,0.00709202085004,53.6924,38.44,9875,False,,20260930_182601,exact,Linux x86_64,fresh
Apriori_Gen_Borgelt,1,ecommerce_fim,minsup,0.001118530884808,0.049,13.75,14316,False,,20260930_182602,exact,Linux x86_64,fresh
DefMe,1,ecommerce_fim,minsup,0.001118530884808,1.0814,659.91,14317,False,,20260930_182603,exact,Linux x86_64,fresh
Eclat_Gen_Borgelt,1,ecommerce_fim,minsup,0.001118530884808,0.0417,14.75,14316,False,,20260930_182603,exact,Linux x86_64,fresh
FPgrowth_Gen_Borgelt,1,ecommerce_fim,minsup,0.001118530884808,0.035,18.75,14316,False,,20260930_182604,exact,Linux x86_64,fresh
Gr_growth,1,ecommerce_fim,minsup,0.001118530884808,1.8986,5198.51,0,False,killed by signal 6: what():  std::bad_alloc,20260930_182606,exact,Linux x86_64,fresh
Zart,1,t25i10d10k,minsup,0.00709202085004,220.4859,1071.18,9875,False,,20260930_182734,exact,Linux x86_64,fresh
TalkyG_Diffset,1,ecommerce_fim,minsup,0.001118530884808,3.2499,5397.63,,False,java.lang.OutOfMemoryError: Java heap space,20260930_182737,exact,Linux x86_64,fresh
Talky_G,1,ecommerce_fim,minsup,0.001118530884808,3.2572,5391.34,,False,java.lang.OutOfMemoryError: Java heap space,20260930_182741,exact,Linux x86_64,fresh
Pascal,1,ecommerce_fim,minsup,0.001118530884808,351.1431,270.27,14316,False,,20260930_183157,exact,Linux x86_64,fresh
FGC_Stream,1,ecommerce_fim,minsup,0.001118530884808,11.955,37.57,14317,False,,20260930_183209,exact,Linux x86_64,fresh
Zart,1,ecommerce_fim,minsup,0.001118530884808,600.2004,2055.74,0,True,,20260930_183741,exact,Linux x86_64,fresh
Apriori_Gen_Borgelt,1,fifa_set,minsup,0.035880195599022,442.1643,7835.82,0,False,non-zero exit code 1: /home/hanketsu/Desktop/Projects/CENG643/TermProject/external_algos/borgelt/apriori: not enough memory,20260930_183932,exact,Linux x86_64,fresh
Eclat_Gen_Borgelt,1,fifa_set,minsup,0.035880195599022,296.1253,7834.31,77822269,False,non-zero exit code 1: /home/hanketsu/Desktop/Projects/CENG643/TermProject/external_algos/borgelt/eclat: not enough memory,20260930_184433,exact,Linux x86_64,fresh
DefMe,1,fifa_set,minsup,0.035880195599022,600.1525,844.7,35674688,True,,20260930_184744,exact,Linux x86_64,fresh
FPgrowth_Gen_Borgelt,1,fifa_set,minsup,0.035880195599022,276.4373,7835.11,77822268,False,non-zero exit code 1: /home/hanketsu/Desktop/Projects/CENG643/TermProject/external_algos/borgelt/fpgrowth: not enough memory,20260930_184915,exact,Linux x86_64,fresh
Gr_growth,1,fifa_set,minsup,0.035880195599022,399.584,7833.59,154670351,False,killed by signal 6: what():  std::bad_alloc,20260930_185434,exact,Linux x86_64,fresh
Pascal,1,fifa_set,minsup,0.035880195599022,600.1225,253.18,90475,True,,20260930_185915,exact,Linux x86_64,fresh
TalkyG_Diffset,1,fifa_set,minsup,0.035880195599022,600.0801,571.78,1554675,True,,20260930_190434,exact,Linux x86_64,fresh
Talky_G,1,fifa_set,minsup,0.035880195599022,600.1428,565.8,1482728,True,,20260930_190916,exact,Linux x86_64,fresh
Zart,1,fifa_set,minsup,0.035880195599022,600.1434,646.39,0,True,,20260930_191434,exact,Linux x86_64,fresh
FGC_Stream,1,fifa_set,minsup,0.035880195599022,600.1317,416.9,0,True,,20260930_191916,exact,Linux x86_64,fresh
Apriori_Gen_Borgelt,1,uscensus,minsup,0.05409375,600.0833,523.83,0,True,,20260930_192435,exact,Linux x86_64,fresh
DefMe,1,uscensus,minsup,0.05409375,600.2188,3230.97,2170718,True,,20260930_192916,exact,Linux x86_64,fresh
Eclat_Gen_Borgelt,1,uscensus,minsup,0.05409375,293.562,7807.61,81319798,False,non-zero exit code 1: /home/hanketsu/Desktop/Projects/CENG643/TermProject/external_algos/borgelt/eclat: not enough memory,20260930_192934,exact,Linux x86_64,fresh
Gr_growth,1,uscensus,minsup,0.05409375,154.8915,5968.44,122791281,False,,20260930_193217,exact,Linux x86_64,fresh
FPgrowth_Gen_Borgelt,1,uscensus,minsup,0.05409375,201.4691,7831.58,79747166,False,non-zero exit code 1: /home/hanketsu/Desktop/Projects/CENG643/TermProject/external_algos/borgelt/fpgrowth: not enough memory,20260930_193243,exact,Linux x86_64,fresh
Pascal,1,uscensus,minsup,0.05409375,600.096,1194.71,4331,True,,20260930_194217,exact,Linux x86_64,fresh
TalkyG_Diffset,1,uscensus,minsup,0.05409375,600.2475,3295.63,5149314,True,,20260930_194244,exact,Linux x86_64,fresh
Talky_G,1,uscensus,minsup,0.05409375,600.2238,3305.46,5827048,True,,20260930_195218,exact,Linux x86_64,fresh
Zart,1,uscensus,minsup,0.05409375,600.2471,3220.66,0,True,,20260930_195245,exact,Linux x86_64,fresh
Apriori_Gen_Borgelt,1,microblog_set,minsup,0.032051282051282,6.4472,390.14,4632196,False,,20260930_195252,exact,Linux x86_64,fresh
DefMe,1,microblog_set,minsup,0.032051282051282,3.1029,497.0,4632197,False,,20260930_195255,exact,Linux x86_64,fresh
Eclat_Gen_Borgelt,1,microblog_set,minsup,0.032051282051282,2.5584,380.1,4632196,False,,20260930_195258,exact,Linux x86_64,fresh
FPgrowth_Gen_Borgelt,1,microblog_set,minsup,0.032051282051282,2.1351,393.3,4632196,False,,20260930_195301,exact,Linux x86_64,fresh
Gr_growth,1,microblog_set,minsup,0.032051282051282,3.0788,210.99,4632197,False,,20260930_195305,exact,Linux x86_64,fresh
FGC_Stream,1,uscensus,minsup,0.05409375,600.0412,380.47,0,True,,20260930_200218,exact,Linux x86_64,fresh
Pascal,1,microblog_set,minsup,0.032051282051282,600.1402,540.68,765482,True,,20260930_200305,exact,Linux x86_64,fresh
TalkyG_Diffset,1,microblog_set,minsup,0.032051282051282,600.3256,6978.54,475029,True,,20260930_201219,exact,Linux x86_64,fresh
Talky_G,1,microblog_set,minsup,0.032051282051282,600.2088,6912.45,554888,True,,20260930_201306,exact,Linux x86_64,fresh
Zart,1,microblog_set,minsup,0.032051282051282,600.0888,1640.06,0,True,,20260930_202219,exact,Linux x86_64,fresh
Apriori_Gen_Borgelt,1,splice,minsup,0.053526645768025,0.1621,10.33,27605,False,,20260930_202220,exact,Linux x86_64,fresh
DefMe,1,splice,minsup,0.053526645768025,0.4046,375.64,27606,False,,20260930_202220,exact,Linux x86_64,fresh
Eclat_Gen_Borgelt,1,splice,minsup,0.053526645768025,0.178,14.63,27605,False,,20260930_202221,exact,Linux x86_64,fresh
FPgrowth_Gen_Borgelt,1,splice,minsup,0.053526645768025,0.2691,150.84,27605,False,,20260930_202221,exact,Linux x86_64,fresh
Gr_growth,1,splice,minsup,0.053526645768025,0.2381,21.88,27606,False,,20260930_202222,exact,Linux x86_64,fresh
FGC_Stream,1,microblog_set,minsup,0.032051282051282,600.0805,1421.37,0,True,,20260930_202306,exact,Linux x86_64,fresh
TalkyG_Diffset,1,splice,minsup,0.053526645768025,0.5239,386.9,27607,False,,20260930_202307,exact,Linux x86_64,fresh
Talky_G,1,splice,minsup,0.053526645768025,0.5333,385.95,27607,False,,20260930_202307,exact,Linux x86_64,fresh
Pascal,1,splice,minsup,0.053526645768025,55.2144,210.96,27605,False,,20260930_202317,exact,Linux x86_64,fresh
FGC_Stream,1,splice,minsup,0.053526645768025,544.3027,51.27,27606,False,,20260930_203222,exact,Linux x86_64,fresh
Apriori_Gen_Borgelt,1,t25i10d10k,minsup,0.0035836006415396,0.3653,18.32,119570,False,,20260930_203222,exact,Linux x86_64,fresh
DefMe,1,t25i10d10k,minsup,0.0035836006415396,1.3771,831.96,119571,False,,20260930_203224,exact,Linux x86_64,fresh
Eclat_Gen_Borgelt,1,t25i10d10k,minsup,0.0035836006415396,0.1073,23.48,119570,False,,20260930_203224,exact,Linux x86_64,fresh
FPgrowth_Gen_Borgelt,1,t25i10d10k,minsup,0.0035836006415396,0.1253,50.65,119570,False,,20260930_203224,exact,Linux x86_64,fresh
Gr_growth,1,t25i10d10k,minsup,0.0035836006415396,0.1233,25.79,119571,False,,20260930_203225,exact,Linux x86_64,fresh
Zart,1,splice,minsup,0.053526645768025,600.1559,902.39,0,True,,20260930_203308,exact,Linux x86_64,fresh
TalkyG_Diffset,1,t25i10d10k,minsup,0.0035836006415396,4.0562,438.06,168307,False,,20260930_203312,exact,Linux x86_64,fresh
Talky_G,1,t25i10d10k,minsup,0.0035836006415396,4.1644,413.12,168307,False,,20260930_203316,exact,Linux x86_64,fresh
Pascal,1,t25i10d10k,minsup,0.0035836006415396,239.5429,402.8,119570,False,,20260930_203625,exact,Linux x86_64,fresh
FGC_Stream,1,t25i10d10k,minsup,0.0035836006415396,140.6903,178.98,119571,False,,20260930_203846,exact,Linux x86_64,fresh
Apriori_Gen_Borgelt,1,ecommerce_fim,minsup,0.0007178631051752,0.0759,19.26,33198,False,,20260930_203846,exact,Linux x86_64,fresh
DefMe,1,ecommerce_fim,minsup,0.0007178631051752,1.5484,791.89,33199,False,,20260930_203848,exact,Linux x86_64,fresh
Eclat_Gen_Borgelt,1,ecommerce_fim,minsup,0.0007178631051752,0.0499,17.06,33198,False,,20260930_203848,exact,Linux x86_64,fresh
FPgrowth_Gen_Borgelt,1,ecommerce_fim,minsup,0.0007178631051752,0.0542,23.64,33198,False,,20260930_203848,exact,Linux x86_64,fresh
Gr_growth,1,ecommerce_fim,minsup,0.0007178631051752,1.8688,5198.74,0,False,killed by signal 6: what():  std::bad_alloc,20260930_203850,exact,Linux x86_64,fresh
Zart,1,t25i10d10k,minsup,0.0035836006415396,600.1782,1479.89,0,True,,20260930_204317,exact,Linux x86_64,fresh
TalkyG_Diffset,1,ecommerce_fim,minsup,0.0007178631051752,3.2572,5398.7,,False,java.lang.OutOfMemoryError: Java heap space,20260930_204320,exact,Linux x86_64,fresh
Talky_G,1,ecommerce_fim,minsup,0.0007178631051752,3.2671,5391.04,,False,java.lang.OutOfMemoryError: Java heap space,20260930_204324,exact,Linux x86_64,fresh
Pascal,1,ecommerce_fim,minsup,0.0007178631051752,555.4763,378.69,33198,False,,20260930_204806,exact,Linux x86_64,fresh
FGC_Stream,1,ecommerce_fim,minsup,0.0007178631051752,18.946,60.18,33199,False,,20260930_204825,exact,Linux x86_64,fresh
Apriori_Gen_Borgelt,1,fifa_set,minsup,0.0050733496332518,67.9082,7835.71,0,False,non-zero exit code 1: /home/hanketsu/Desktop/Projects/CENG643/TermProject/external_algos/borgelt/apriori: not enough memory,20260930_204933,exact,Linux x86_64,fresh
Zart,1,ecommerce_fim,minsup,0.0007178631051752,600.1283,2190.82,0,True,,20260930_205324,exact,Linux x86_64,fresh
Eclat_Gen_Borgelt,1,fifa_set,minsup,0.0050733496332518,289.9121,7834.1,77799427,False,non-zero exit code 1: /home/hanketsu/Desktop/Projects/CENG643/TermProject/external_algos/borgelt/eclat: not enough memory,20260930_205819,exact,Linux x86_64,fresh
DefMe,1,fifa_set,minsup,0.0050733496332518,600.1185,879.16,8720094,True,,20260930_205934,exact,Linux x86_64,fresh
FPgrowth_Gen_Borgelt,1,fifa_set,minsup,0.0050733496332518,261.4217,7835.42,77794582,False,non-zero exit code 1: /home/hanketsu/Desktop/Projects/CENG643/TermProject/external_algos/borgelt/fpgrowth: not enough memory,20260930_210246,exact,Linux x86_64,fresh
Gr_growth,1,fifa_set,minsup,0.0050733496332518,400.4737,7834.23,154620901,False,killed by signal 6: what():  std::bad_alloc,20260930_210625,exact,Linux x86_64,fresh
Pascal,1,fifa_set,minsup,0.0050733496332518,600.1386,541.51,443850,True,,20260930_211246,exact,Linux x86_64,fresh
TalkyG_Diffset,1,fifa_set,minsup,0.0050733496332518,600.1414,497.55,815539,True,,20260930_211626,exact,Linux x86_64,fresh
Talky_G,1,fifa_set,minsup,0.0050733496332518,600.125,501.1,837014,True,,20260930_212247,exact,Linux x86_64,fresh
Zart,1,fifa_set,minsup,0.0050733496332518,600.1285,1022.12,0,True,,20260930_212626,exact,Linux x86_64,fresh
FGC_Stream,1,fifa_set,minsup,0.0050733496332518,600.045,686.49,0,True,,20260930_213247,exact,Linux x86_64,fresh
Apriori_Gen_Borgelt,1,uscensus,minsup,0.00200475,600.1689,1244.0,0,True,,20260930_213626,exact,Linux x86_64,fresh
Eclat_Gen_Borgelt,1,uscensus,minsup,0.00200475,256.3295,7794.96,75493973,False,non-zero exit code 1: /home/hanketsu/Desktop/Projects/CENG643/TermProject/external_algos/borgelt/eclat: not enough memory,20260930_214048,exact,Linux x86_64,fresh
DefMe,1,uscensus,minsup,0.00200475,600.2274,3222.97,1829152,True,,20260930_214248,exact,Linux x86_64,fresh
FPgrowth_Gen_Borgelt,1,uscensus,minsup,0.00200475,221.7687,7830.17,76687789,False,non-zero exit code 1: /home/hanketsu/Desktop/Projects/CENG643/TermProject/external_algos/borgelt/fpgrowth: not enough memory,20260930_214435,exact,Linux x86_64,fresh
Gr_growth,1,uscensus,minsup,0.00200475,316.2566,7833.86,159809517,False,killed by signal 6: what():  std::bad_alloc,20260930_214814,exact,Linux x86_64,fresh
Pascal,1,uscensus,minsup,0.00200475,600.1022,1177.27,0,True,,20260930_215435,exact,Linux x86_64,fresh
TalkyG_Diffset,1,uscensus,minsup,0.00200475,600.2297,3277.53,4164630,True,,20260930_215815,exact,Linux x86_64,fresh
Talky_G,1,uscensus,minsup,0.00200475,600.2246,3283.61,4566957,True,,20260930_220436,exact,Linux x86_64,fresh
Zart,1,uscensus,minsup,0.00200475,600.1942,3213.99,0,True,,20260930_220816,exact,Linux x86_64,fresh
FGC_Stream,1,uscensus,minsup,0.00200475,600.1056,96.68,0,True,,20260930_221436,exact,Linux x86_64,fresh
Apriori_Gen_Borgelt,1,diabetes130,minsup,0.9999877169192068,0.1507,24.52,3,False,,20261001_094357,exact,Linux x86_64,fresh2
Eclat_Gen_Borgelt,1,diabetes130,minsup,0.9999877169192068,0.1129,24.54,3,False,,20261001_094358,exact,Linux x86_64,fresh2
DefMe,1,diabetes130,minsup,0.9999877169192068,0.549,417.98,4,False,,20261001_094358,exact,Linux x86_64,fresh2
FPgrowth_Gen_Borgelt,1,diabetes130,minsup,0.9999877169192068,0.1235,24.47,3,False,,20261001_094358,exact,Linux x86_64,fresh2
Gr_growth,1,diabetes130,minsup,0.9999877169192068,0.0952,13.6,4,False,,20261001_094358,exact,Linux x86_64,fresh2
Pascal,1,diabetes130,minsup,0.9999877169192068,0.5697,338.48,3,False,,20261001_094359,exact,Linux x86_64,fresh2
TalkyG_Diffset,1,diabetes130,minsup,0.9999877169192068,0.7385,412.16,3,False,,20261001_094359,exact,Linux x86_64,fresh2
Talky_G,1,diabetes130,minsup,0.9999877169192068,0.7609,448.18,3,False,,20261001_094400,exact,Linux x86_64,fresh2
Zart,1,diabetes130,minsup,0.9999877169192068,0.7088,519.02,4,False,,20261001_094400,exact,Linux x86_64,fresh2
Apriori_Gen_Borgelt,1,census_kdd,minsup,0.9695761892112688,0.1772,40.6,2,False,,20261001_094400,exact,Linux x86_64,fresh2
DefMe,1,census_kdd,minsup,0.9695761892112688,0.6467,663.7,3,False,,20261001_094401,exact,Linux x86_64,fresh2
Eclat_Gen_Borgelt,1,census_kdd,minsup,0.9695761892112688,0.1792,40.46,2,False,,20261001_094402,exact,Linux x86_64,fresh2
FPgrowth_Gen_Borgelt,1,census_kdd,minsup,0.9695761892112688,0.1616,40.49,2,False,,20261001_094402,exact,Linux x86_64,fresh2
Gr_growth,1,census_kdd,minsup,0.9695761892112688,0.129,13.61,3,False,,20261001_094402,exact,Linux x86_64,fresh2
FGC_Stream,1,diabetes130,minsup,0.9999877169192068,3.0414,433.41,4,False,,20261001_094403,exact,Linux x86_64,fresh2
Pascal,1,census_kdd,minsup,0.9695761892112688,0.5701,392.11,2,False,,20261001_094403,exact,Linux x86_64,fresh2
TalkyG_Diffset,1,census_kdd,minsup,0.9695761892112688,1.0517,662.27,2,False,,20261001_094404,exact,Linux x86_64,fresh2
Talky_G,1,census_kdd,minsup,0.9695761892112688,0.9694,663.64,2,False,,20261001_094405,exact,Linux x86_64,fresh2
Zart,1,census_kdd,minsup,0.9695761892112688,0.8845,688.7,3,False,,20261001_094406,exact,Linux x86_64,fresh2
Apriori_Gen_Borgelt,1,covertype,minsup,0.1456747020715579,0.3382,55.8,66,False,,20261001_094406,exact,Linux x86_64,fresh2
DefMe,1,covertype,minsup,0.1456747020715579,0.5878,448.23,67,False,,20261001_094407,exact,Linux x86_64,fresh2
Eclat_Gen_Borgelt,1,covertype,minsup,0.1456747020715579,0.3327,89.37,66,False,,20261001_094407,exact,Linux x86_64,fresh2
FPgrowth_Gen_Borgelt,1,covertype,minsup,0.1456747020715579,0.3031,84.33,66,False,,20261001_094408,exact,Linux x86_64,fresh2
Gr_growth,1,covertype,minsup,0.1456747020715579,0.2765,43.44,67,False,,20261001_094408,exact,Linux x86_64,fresh2
FGC_Stream,1,census_kdd,minsup,0.9695761892112688,4.6986,745.85,3,False,,20261001_094409,exact,Linux x86_64,fresh2
TalkyG_Diffset,1,covertype,minsup,0.1456747020715579,0.6987,357.05,67,False,,20261001_094410,exact,Linux x86_64,fresh2
Talky_G,1,covertype,minsup,0.1456747020715579,0.725,370.02,67,False,,20261001_094411,exact,Linux x86_64,fresh2
Pascal,1,covertype,minsup,0.1456747020715579,8.0131,358.5,66,False,,20261001_094417,exact,Linux x86_64,fresh2
Zart,1,covertype,minsup,0.1456747020715579,13.207,718.64,67,False,,20261001_094425,exact,Linux x86_64,fresh2
Apriori_Gen_Borgelt,1,poker,minsup,0.12537575,0.4212,93.9,33,False,,20261001_094425,exact,Linux x86_64,fresh2
DefMe,1,poker,minsup,0.12537575,0.7652,610.3,34,False,,20261001_094426,exact,Linux x86_64,fresh2
Eclat_Gen_Borgelt,1,poker,minsup,0.12537575,0.4227,93.75,33,False,,20261001_094427,exact,Linux x86_64,fresh2
FPgrowth_Gen_Borgelt,1,poker,minsup,0.12537575,0.402,94.02,33,False,,20261001_094428,exact,Linux x86_64,fresh2
Gr_growth,1,poker,minsup,0.12537575,0.2806,13.92,34,False,,20261001_094428,exact,Linux x86_64,fresh2
Pascal,1,poker,minsup,0.12537575,3.7444,558.83,33,False,,20261001_094432,exact,Linux x86_64,fresh2
TalkyG_Diffset,1,poker,minsup,0.12537575,0.9493,620.39,34,False,,20261001_094433,exact,Linux x86_64,fresh2
Talky_G,1,poker,minsup,0.12537575,0.9772,641.92,34,False,,20261001_094435,exact,Linux x86_64,fresh2
Zart,1,poker,minsup,0.12537575,3.7903,777.48,34,False,,20261001_094439,exact,Linux x86_64,fresh2
FGC_Stream,1,covertype,minsup,0.1456747020715579,600.0252,311.49,0,True,,20261001_095417,exact,Linux x86_64,fresh2
Apriori_Gen_Borgelt,1,diabetes130,minsup,0.9969415128824952,0.1213,24.55,1036,False,,20261001_095417,exact,Linux x86_64,fresh2
DefMe,1,diabetes130,minsup,0.9969415128824952,0.6392,640.34,1037,False,,20261001_095418,exact,Linux x86_64,fresh2
Eclat_Gen_Borgelt,1,diabetes130,minsup,0.9969415128824952,0.1185,25.4,1036,False,,20261001_095418,exact,Linux x86_64,fresh2
FPgrowth_Gen_Borgelt,1,diabetes130,minsup,0.9969415128824952,0.1202,25.27,1036,False,,20261001_095419,exact,Linux x86_64,fresh2
Gr_growth,1,diabetes130,minsup,0.9969415128824952,0.0875,13.6,1037,False,,20261001_095419,exact,Linux x86_64,fresh2
Pascal,1,diabetes130,minsup,0.9969415128824952,9.1594,339.69,1036,False,,20261001_095429,exact,Linux x86_64,fresh2
TalkyG_Diffset,1,diabetes130,minsup,0.9969415128824952,0.7103,432.84,1036,False,,20261001_095429,exact,Linux x86_64,fresh2
Talky_G,1,diabetes130,minsup,0.9969415128824952,0.7309,462.25,1036,False,,20261001_095430,exact,Linux x86_64,fresh2
FGC_Stream,1,poker,minsup,0.12537575,600.0525,594.06,0,True,,20261001_095439,exact,Linux x86_64,fresh2
Zart,1,diabetes130,minsup,0.9969415128824952,122.1168,844.46,1037,False,,20261001_095633,exact,Linux x86_64,fresh2
Apriori_Gen_Borgelt,1,census_kdd,minsup,0.8078705211930454,0.2122,40.25,111,False,,20261001_095633,exact,Linux x86_64,fresh2
DefMe,1,census_kdd,minsup,0.8078705211930454,0.6905,666.75,112,False,,20261001_095634,exact,Linux x86_64,fresh2
Eclat_Gen_Borgelt,1,census_kdd,minsup,0.8078705211930454,0.2102,40.63,111,False,,20261001_095635,exact,Linux x86_64,fresh2
FPgrowth_Gen_Borgelt,1,census_kdd,minsup,0.8078705211930454,0.2082,40.43,111,False,,20261001_095635,exact,Linux x86_64,fresh2
Gr_growth,1,census_kdd,minsup,0.8078705211930454,0.1185,13.75,112,False,,20261001_095635,exact,Linux x86_64,fresh2
Pascal,1,census_kdd,minsup,0.8078705211930454,2.6685,393.52,111,False,,20261001_095638,exact,Linux x86_64,fresh2
TalkyG_Diffset,1,census_kdd,minsup,0.8078705211930454,0.9469,663.33,111,False,,20261001_095639,exact,Linux x86_64,fresh2
Talky_G,1,census_kdd,minsup,0.8078705211930454,0.9294,665.39,111,False,,20261001_095640,exact,Linux x86_64,fresh2
Zart,1,census_kdd,minsup,0.8078705211930454,10.166,1872.73,112,False,,20261001_095651,exact,Linux x86_64,fresh2
FGC_Stream,1,diabetes130,minsup,0.9969415128824952,299.9041,439.55,1037,False,,20261001_095939,exact,Linux x86_64,fresh2
Apriori_Gen_Borgelt,1,covertype,minsup,0.0938995235898742,0.419,55.66,160,False,,20261001_095940,exact,Linux x86_64,fresh2
DefMe,1,covertype,minsup,0.0938995235898742,0.6166,486.59,161,False,,20261001_095940,exact,Linux x86_64,fresh2
Eclat_Gen_Borgelt,1,covertype,minsup,0.0938995235898742,0.3643,91.43,160,False,,20261001_095941,exact,Linux x86_64,fresh2
FPgrowth_Gen_Borgelt,1,covertype,minsup,0.0938995235898742,0.328,85.79,160,False,,20261001_095942,exact,Linux x86_64,fresh2
Gr_growth,1,covertype,minsup,0.0938995235898742,0.293,44.38,161,False,,20261001_095942,exact,Linux x86_64,fresh2
Pascal,1,covertype,minsup,0.0938995235898742,8.4136,361.36,160,False,,20261001_095951,exact,Linux x86_64,fresh2
TalkyG_Diffset,1,covertype,minsup,0.0938995235898742,0.7078,375.29,161,False,,20261001_095952,exact,Linux x86_64,fresh2
Talky_G,1,covertype,minsup,0.0938995235898742,0.7329,388.89,161,False,,20261001_095953,exact,Linux x86_64,fresh2
Zart,1,covertype,minsup,0.0938995235898742,14.3721,760.73,161,False,,20261001_100007,exact,Linux x86_64,fresh2
FGC_Stream,1,census_kdd,minsup,0.8078705211930454,600.0398,664.14,0,True,,20261001_100651,exact,Linux x86_64,fresh2
Apriori_Gen_Borgelt,1,poker,minsup,0.06372875,0.7991,169.14,187,False,,20261001_100652,exact,Linux x86_64,fresh2
DefMe,1,poker,minsup,0.06372875,0.896,806.61,188,False,,20261001_100653,exact,Linux x86_64,fresh2
Eclat_Gen_Borgelt,1,poker,minsup,0.06372875,1.1213,256.43,187,False,,20261001_100655,exact,Linux x86_64,fresh2
FPgrowth_Gen_Borgelt,1,poker,minsup,0.06372875,0.9344,235.55,187,False,,20261001_100656,exact,Linux x86_64,fresh2
Gr_growth,1,poker,minsup,0.06372875,1.6203,156.25,188,False,,20261001_100658,exact,Linux x86_64,fresh2
Pascal,1,poker,minsup,0.06372875,46.0455,561.45,187,False,,20261001_100744,exact,Linux x86_64,fresh2
TalkyG_Diffset,1,poker,minsup,0.06372875,0.9684,668.2,188,False,,20261001_100745,exact,Linux x86_64,fresh2
Talky_G,1,poker,minsup,0.06372875,1.0136,689.57,188,False,,20261001_100746,exact,Linux x86_64,fresh2
Zart,1,poker,minsup,0.06372875,56.1636,887.53,188,False,,20261001_100843,exact,Linux x86_64,fresh2
FGC_Stream,1,covertype,minsup,0.0938995235898742,600.0246,232.28,0,True,,20261001_101007,exact,Linux x86_64,fresh2
FGC_Stream,1,poker,minsup,0.06372875,600.0482,340.0,0,True,,20261001_101843,exact,Linux x86_64,fresh2
Apriori_Gen_Borgelt,1,diabetes130,minsup,0.2130549495902364,600.0487,315.94,0,True,,20261001_102008,exact,Linux x86_64,fresh2
Eclat_Gen_Borgelt,1,diabetes130,minsup,0.2130549495902364,17.5988,1830.39,19214398,False,,20261001_102027,exact,Linux x86_64,fresh2
FPgrowth_Gen_Borgelt,1,diabetes130,minsup,0.2130549495902364,16.3416,1811.39,19214398,False,,20261001_102045,exact,Linux x86_64,fresh2
Gr_growth,1,diabetes130,minsup,0.2130549495902364,17.6236,949.2,19214399,False,,20261001_102104,exact,Linux x86_64,fresh2
DefMe,1,diabetes130,minsup,0.2130549495902364,600.1519,904.65,5200383,True,,20261001_102844,exact,Linux x86_64,fresh2
Pascal,1,diabetes130,minsup,0.2130549495902364,600.1271,339.87,42765,True,,20261001_103104,exact,Linux x86_64,fresh2
TalkyG_Diffset,1,diabetes130,minsup,0.2130549495902364,600.173,1496.06,7299334,True,,20261001_103845,exact,Linux x86_64,fresh2
Talky_G,1,diabetes130,minsup,0.2130549495902364,600.0785,1533.68,7429391,True,,20261001_104105,exact,Linux x86_64,fresh2
Zart,1,diabetes130,minsup,0.2130549495902364,600.1529,862.52,0,True,,20261001_104845,exact,Linux x86_64,fresh2
Apriori_Gen_Borgelt,1,census_kdd,minsup,0.2090423159234775,8.3099,41.65,659736,False,,20261001_104854,exact,Linux x86_64,fresh2
DefMe,1,census_kdd,minsup,0.2090423159234775,90.9122,1879.03,659737,False,,20261001_105025,exact,Linux x86_64,fresh2
Eclat_Gen_Borgelt,1,census_kdd,minsup,0.2090423159234775,0.7555,81.5,659736,False,,20261001_105026,exact,Linux x86_64,fresh2
FPgrowth_Gen_Borgelt,1,census_kdd,minsup,0.2090423159234775,0.569,82.97,659736,False,,20261001_105027,exact,Linux x86_64,fresh2
Gr_growth,1,census_kdd,minsup,0.2090423159234775,0.5966,44.38,659737,False,,20261001_105028,exact,Linux x86_64,fresh2
FGC_Stream,1,diabetes130,minsup,0.2130549495902364,600.019,116.79,0,True,,20261001_105105,exact,Linux x86_64,fresh2
TalkyG_Diffset,1,census_kdd,minsup,0.2090423159234775,9.7533,1915.48,659736,False,,20261001_105115,exact,Linux x86_64,fresh2
Talky_G,1,census_kdd,minsup,0.2090423159234775,7.1506,1906.35,659736,False,,20261001_105123,exact,Linux x86_64,fresh2
Pascal,1,census_kdd,minsup,0.2090423159234775,600.0525,405.81,24856,True,,20261001_110028,exact,Linux x86_64,fresh2
Zart,1,census_kdd,minsup,0.2090423159234775,600.1652,1883.99,0,True,,20261001_110123,exact,Linux x86_64,fresh2
Apriori_Gen_Borgelt,1,covertype,minsup,0.0368869317673301,0.6888,55.63,1447,False,,20261001_110124,exact,Linux x86_64,fresh2
DefMe,1,covertype,minsup,0.0368869317673301,0.8465,770.29,1448,False,,20261001_110125,exact,Linux x86_64,fresh2
Eclat_Gen_Borgelt,1,covertype,minsup,0.0368869317673301,0.5691,99.94,1447,False,,20261001_110126,exact,Linux x86_64,fresh2
FPgrowth_Gen_Borgelt,1,covertype,minsup,0.0368869317673301,0.4579,124.51,1447,False,,20261001_110127,exact,Linux x86_64,fresh2
Gr_growth,1,covertype,minsup,0.0368869317673301,0.4927,52.78,1448,False,,20261001_110127,exact,Linux x86_64,fresh2
Pascal,1,covertype,minsup,0.0368869317673301,51.0637,358.16,1447,False,,20261001_110219,exact,Linux x86_64,fresh2
TalkyG_Diffset,1,covertype,minsup,0.0368869317673301,0.9176,730.07,1448,False,,20261001_110220,exact,Linux x86_64,fresh2
Talky_G,1,covertype,minsup,0.0368869317673301,0.9246,709.16,1448,False,,20261001_110221,exact,Linux x86_64,fresh2
Zart,1,covertype,minsup,0.0368869317673301,127.6945,759.55,1448,False,,20261001_110429,exact,Linux x86_64,fresh2
FGC_Stream,1,census_kdd,minsup,0.2090423159234775,600.0291,195.13,0,True,,20261001_111028,exact,Linux x86_64,fresh2
Apriori_Gen_Borgelt,1,poker,minsup,0.01922275,0.9549,170.34,1409,False,,20261001_111029,exact,Linux x86_64,fresh2
DefMe,1,poker,minsup,0.01922275,1.1959,1537.75,1410,False,,20261001_111031,exact,Linux x86_64,fresh2
Eclat_Gen_Borgelt,1,poker,minsup,0.01922275,1.5146,258.99,1409,False,,20261001_111032,exact,Linux x86_64,fresh2
FPgrowth_Gen_Borgelt,1,poker,minsup,0.01922275,1.2839,241.55,1409,False,,20261001_111034,exact,Linux x86_64,fresh2
Gr_growth,1,poker,minsup,0.01922275,2.4076,159.07,1410,False,,20261001_111037,exact,Linux x86_64,fresh2
Pascal,1,poker,minsup,0.01922275,107.6686,525.96,1409,False,,20261001_111224,exact,Linux x86_64,fresh2
TalkyG_Diffset,1,poker,minsup,0.01922275,1.195,865.82,1410,False,,20261001_111226,exact,Linux x86_64,fresh2
Talky_G,1,poker,minsup,0.01922275,1.1827,874.94,1410,False,,20261001_111227,exact,Linux x86_64,fresh2
FGC_Stream,1,covertype,minsup,0.0368869317673301,600.026,151.0,0,True,,20261001_111429,exact,Linux x86_64,fresh2
Zart,1,poker,minsup,0.01922275,167.588,846.51,1410,False,,20261001_111515,exact,Linux x86_64,fresh2
FGC_Stream,1,poker,minsup,0.01922275,600.0269,162.38,0,True,,20261001_112429,exact,Linux x86_64,fresh2
Apriori_Gen_Borgelt,1,diabetes130,minsup,0.0187857437651081,600.1064,585.57,0,True,,20261001_112515,exact,Linux x86_64,fresh2
Eclat_Gen_Borgelt,1,diabetes130,minsup,0.0187857437651081,210.0414,7824.29,80068538,False,non-zero exit code 1: /home/hanketsu/Desktop/Projects/CENG643/TermProject/external_algos/borgelt/eclat: not enough memory,20261001_112851,exact,Linux x86_64,fresh2
FPgrowth_Gen_Borgelt,1,diabetes130,minsup,0.0187857437651081,204.8377,7833.25,80287872,False,non-zero exit code 1: /home/hanketsu/Desktop/Projects/CENG643/TermProject/external_algos/borgelt/fpgrowth: not enough memory,20261001_113222,exact,Linux x86_64,fresh2
DefMe,1,diabetes130,minsup,0.0187857437651081,600.0945,910.21,4074758,True,,20261001_113430,exact,Linux x86_64,fresh2
Gr_growth,1,diabetes130,minsup,0.0187857437651081,290.1948,7834.07,160301042,False,killed by signal 6: what():  std::bad_alloc,20261001_113724,exact,Linux x86_64,fresh2
Pascal,1,diabetes130,minsup,0.0187857437651081,600.0375,365.93,51254,True,,20261001_114430,exact,Linux x86_64,fresh2
TalkyG_Diffset,1,diabetes130,minsup,0.0187857437651081,600.0666,1249.84,6188115,True,,20261001_114725,exact,Linux x86_64,fresh2
Talky_G,1,diabetes130,minsup,0.0187857437651081,600.091,1279.59,6272862,True,,20261001_115431,exact,Linux x86_64,fresh2
Zart,1,diabetes130,minsup,0.0187857437651081,600.0848,884.3,0,True,,20261001_115725,exact,Linux x86_64,fresh2
FGC_Stream,1,diabetes130,minsup,0.0187857437651081,600.0205,84.44,0,True,,20261001_120431,exact,Linux x86_64,fresh2
Apriori_Gen_Borgelt,1,census_kdd,minsup,0.015099762934599,600.1535,878.78,0,True,,20261001_120725,exact,Linux x86_64,fresh2
Eclat_Gen_Borgelt,1,census_kdd,minsup,0.015099762934599,292.6361,7828.01,86148013,False,non-zero exit code 1: /home/hanketsu/Desktop/Projects/CENG643/TermProject/external_algos/borgelt/eclat: not enough memory,20261001_121224,exact,Linux x86_64,fresh2
DefMe,1,census_kdd,minsup,0.015099762934599,600.1485,1896.55,3765905,True,,20261001_121432,exact,Linux x86_64,fresh2
FPgrowth_Gen_Borgelt,1,census_kdd,minsup,0.015099762934599,256.4827,7833.68,86199505,False,non-zero exit code 1: /home/hanketsu/Desktop/Projects/CENG643/TermProject/external_algos/borgelt/fpgrowth: not enough memory,20261001_121647,exact,Linux x86_64,fresh2
Gr_growth,1,census_kdd,minsup,0.015099762934599,128.3854,5848.29,125939923,False,,20261001_121649,exact,Linux x86_64,fresh2
Pascal,1,census_kdd,minsup,0.015099762934599,600.0398,427.93,51070,True,,20261001_122647,exact,Linux x86_64,fresh2
TalkyG_Diffset,1,census_kdd,minsup,0.015099762934599,600.1974,2036.18,5146920,True,,20261001_122649,exact,Linux x86_64,fresh2
Talky_G,1,census_kdd,minsup,0.015099762934599,600.1878,2035.73,5277767,True,,20261001_123648,exact,Linux x86_64,fresh2
Zart,1,census_kdd,minsup,0.015099762934599,600.1863,1876.55,0,True,,20261001_123650,exact,Linux x86_64,fresh2
Apriori_Gen_Borgelt,1,covertype,minsup,0.0002663456176464,11.9249,186.64,3258848,False,,20261001_123702,exact,Linux x86_64,fresh2
DefMe,1,covertype,minsup,0.0002663456176464,319.0277,1519.95,3258849,False,,20261001_124222,exact,Linux x86_64,fresh2
Eclat_Gen_Borgelt,1,covertype,minsup,0.0002663456176464,4.9099,349.95,3258848,False,,20261001_124227,exact,Linux x86_64,fresh2
FPgrowth_Gen_Borgelt,1,covertype,minsup,0.0002663456176464,3.1927,461.21,3258848,False,,20261001_124231,exact,Linux x86_64,fresh2
Gr_growth,1,covertype,minsup,0.0002663456176464,4.2657,196.1,3258849,False,,20261001_124235,exact,Linux x86_64,fresh2
FGC_Stream,1,census_kdd,minsup,0.015099762934599,600.0223,40.96,0,True,,20261001_124648,exact,Linux x86_64,fresh2
Pascal,1,covertype,minsup,0.0002663456176464,600.1291,363.41,50311,True,,20261001_125236,exact,Linux x86_64,fresh2
TalkyG_Diffset,1,covertype,minsup,0.0002663456176464,600.1779,1445.83,3241035,True,,20261001_125649,exact,Linux x86_64,fresh2
Talky_G,1,covertype,minsup,0.0002663456176464,576.959,1252.84,3401713,False,,20261001_130213,exact,Linux x86_64,fresh2
Zart,1,covertype,minsup,0.0002663456176464,600.1462,752.78,0,True,,20261001_130649,exact,Linux x86_64,fresh2
Apriori_Gen_Borgelt,1,poker,minsup,0.00164075,1.7195,172.16,46378,False,,20261001_130651,exact,Linux x86_64,fresh2
DefMe,1,poker,minsup,0.00164075,6.6882,1543.84,46379,False,,20261001_130658,exact,Linux x86_64,fresh2
Eclat_Gen_Borgelt,1,poker,minsup,0.00164075,2.6697,273.38,46378,False,,20261001_130701,exact,Linux x86_64,fresh2
FPgrowth_Gen_Borgelt,1,poker,minsup,0.00164075,2.3188,575.35,46378,False,,20261001_130704,exact,Linux x86_64,fresh2
Gr_growth,1,poker,minsup,0.00164075,3.454,170.79,46379,False,,20261001_130707,exact,Linux x86_64,fresh2
FGC_Stream,1,covertype,minsup,0.0002663456176464,600.0168,82.79,0,True,,20261001_131213,exact,Linux x86_64,fresh2
TalkyG_Diffset,1,poker,minsup,0.00164075,5.1571,1575.28,46379,False,,20261001_131219,exact,Linux x86_64,fresh2
Talky_G,1,poker,minsup,0.00164075,4.2028,1611.64,46379,False,,20261001_131223,exact,Linux x86_64,fresh2
Pascal,1,poker,minsup,0.00164075,600.1393,590.5,3216,True,,20261001_131708,exact,Linux x86_64,fresh2
Zart,1,poker,minsup,0.00164075,600.0533,859.01,0,True,,20261001_132223,exact,Linux x86_64,fresh2
FGC_Stream,1,poker,minsup,0.00164075,600.0209,111.19,0,True,,20261001_132708,exact,Linux x86_64,fresh2
Apriori_Gen_Borgelt,1,diabetes130,minsup,0.0017761334826955,600.2279,3419.2,0,True,,20261001_133224,exact,Linux x86_64,fresh2
Eclat_Gen_Borgelt,1,diabetes130,minsup,0.0017761334826955,205.1076,7823.59,79441231,False,non-zero exit code 1: /home/hanketsu/Desktop/Projects/CENG643/TermProject/external_algos/borgelt/eclat: not enough memory,20261001_133555,exact,Linux x86_64,fresh2
DefMe,1,diabetes130,minsup,0.0017761334826955,600.147,908.28,3386886,True,,20261001_133709,exact,Linux x86_64,fresh2
FPgrowth_Gen_Borgelt,1,diabetes130,minsup,0.0017761334826955,183.8906,7833.27,79623574,False,non-zero exit code 1: /home/hanketsu/Desktop/Projects/CENG643/TermProject/external_algos/borgelt/fpgrowth: not enough memory,20261001_133905,exact,Linux x86_64,fresh2
Gr_growth,1,diabetes130,minsup,0.0017761334826955,271.6056,7834.28,159471896,False,killed by signal 6: what():  std::bad_alloc,20261001_134152,exact,Linux x86_64,fresh2
Pascal,1,diabetes130,minsup,0.0017761334826955,600.1316,345.72,14943,True,,20261001_134905,exact,Linux x86_64,fresh2
TalkyG_Diffset,1,diabetes130,minsup,0.0017761334826955,600.1639,1056.42,3018020,True,,20261001_135152,exact,Linux x86_64,fresh2
Talky_G,1,diabetes130,minsup,0.0017761334826955,600.0565,1054.25,3044147,True,,20261001_135905,exact,Linux x86_64,fresh2
Zart,1,diabetes130,minsup,0.0017761334826955,600.1566,948.8,0,True,,20261001_140153,exact,Linux x86_64,fresh2
FGC_Stream,1,diabetes130,minsup,0.0017761334826955,600.1225,280.6,0,True,,20261001_140906,exact,Linux x86_64,fresh2
Apriori_Gen_Borgelt,1,census_kdd,minsup,0.0010562692020468,600.2816,5025.9,0,True,,20261001_141153,exact,Linux x86_64,fresh2
Eclat_Gen_Borgelt,1,census_kdd,minsup,0.0010562692020468,280.5581,7828.08,84265438,False,non-zero exit code 1: /home/hanketsu/Desktop/Projects/CENG643/TermProject/external_algos/borgelt/eclat: not enough memory,20261001_141639,exact,Linux x86_64,fresh2
DefMe,1,census_kdd,minsup,0.0010562692020468,600.0972,1881.38,4033968,True,,20261001_141906,exact,Linux x86_64,fresh2
FPgrowth_Gen_Borgelt,1,census_kdd,minsup,0.0010562692020468,251.2313,7834.34,84420373,False,non-zero exit code 1: /home/hanketsu/Desktop/Projects/CENG643/TermProject/external_algos/borgelt/fpgrowth: not enough memory,20261001_142056,exact,Linux x86_64,fresh2
Gr_growth,1,census_kdd,minsup,0.0010562692020468,301.1565,7834.04,167738028,False,killed by signal 6: what():  std::bad_alloc,20261001_142419,exact,Linux x86_64,fresh2
Pascal,1,census_kdd,minsup,0.0010562692020468,600.1176,386.87,0,True,,20261001_143057,exact,Linux x86_64,fresh2
TalkyG_Diffset,1,census_kdd,minsup,0.0010562692020468,600.1703,1247.82,2641946,True,,20261001_143419,exact,Linux x86_64,fresh2
Talky_G,1,census_kdd,minsup,0.0010562692020468,600.1428,2015.32,2464519,True,,20261001_144057,exact,Linux x86_64,fresh2
Zart,1,census_kdd,minsup,0.0010562692020468,600.1458,1903.41,0,True,,20261001_144420,exact,Linux x86_64,fresh2
FGC_Stream,1,census_kdd,minsup,0.0010562692020468,600.0785,227.03,0,True,,20261001_145057,exact,Linux x86_64,fresh2
Apriori_Gen_Borgelt,1,dota2,minsup,0.1415515380464112,0.0646,11.5,28,False,,20261001_153647,exact,Linux x86_64,fresh3
Eclat_Gen_Borgelt,1,dota2,minsup,0.1415515380464112,0.0416,11.55,28,False,,20261001_153647,exact,Linux x86_64,fresh3
DefMe,1,dota2,minsup,0.1415515380464112,0.3528,173.39,29,False,,20261001_153647,exact,Linux x86_64,fresh3
FPgrowth_Gen_Borgelt,1,dota2,minsup,0.1415515380464112,0.0416,11.46,28,False,,20261001_153647,exact,Linux x86_64,fresh3
Gr_growth,1,dota2,minsup,0.1415515380464112,0.0331,13.58,29,False,,20261001_153647,exact,Linux x86_64,fresh3
TalkyG_Diffset,1,dota2,minsup,0.1415515380464112,0.3724,174.38,29,False,,20261001_153648,exact,Linux x86_64,fresh3
Pascal,1,dota2,minsup,0.1415515380464112,0.5603,148.59,28,False,,20261001_153648,exact,Linux x86_64,fresh3
Talky_G,1,dota2,minsup,0.1415515380464112,0.423,175.97,29,False,,20261001_153649,exact,Linux x86_64,fresh3
Zart,1,dota2,minsup,0.1415515380464112,0.5128,190.49,29,False,,20261001_153649,exact,Linux x86_64,fresh3
Apriori_Gen_Borgelt,1,miniboone,minsup,0.1890434709066306,0.415,63.38,259,False,,20261001_153650,exact,Linux x86_64,fresh3
DefMe,1,miniboone,minsup,0.1890434709066306,0.7061,708.19,260,False,,20261001_153651,exact,Linux x86_64,fresh3
Eclat_Gen_Borgelt,1,miniboone,minsup,0.1890434709066306,0.7412,114.64,259,False,,20261001_153651,exact,Linux x86_64,fresh3
FPgrowth_Gen_Borgelt,1,miniboone,minsup,0.1890434709066306,1.7427,255.36,259,False,,20261001_153653,exact,Linux x86_64,fresh3
Gr_growth,1,miniboone,minsup,0.1890434709066306,1.8091,233.78,260,False,,20261001_153655,exact,Linux x86_64,fresh3
Pascal,1,miniboone,minsup,0.1890434709066306,152.3592,389.75,259,False,,20261001_153928,exact,Linux x86_64,fresh3
TalkyG_Diffset,1,miniboone,minsup,0.1890434709066306,0.92,535.01,260,False,,20261001_153929,exact,Linux x86_64,fresh3
Talky_G,1,miniboone,minsup,0.1890434709066306,0.9003,542.21,260,False,,20261001_153930,exact,Linux x86_64,fresh3
Zart,1,miniboone,minsup,0.1890434709066306,187.2846,886.55,260,False,,20261001_154238,exact,Linux x86_64,fresh3
FGC_Stream,1,dota2,minsup,0.1415515380464112,547.8832,138.19,29,False,,20261001_154557,exact,Linux x86_64,fresh3
Apriori_Gen_Borgelt,1,power,minsup,0.219214919386321,0.4585,158.79,12,False,,20261001_154557,exact,Linux x86_64,fresh3
DefMe,1,power,minsup,0.219214919386321,0.8448,781.43,13,False,,20261001_154559,exact,Linux x86_64,fresh3
Eclat_Gen_Borgelt,1,power,minsup,0.219214919386321,0.4571,158.89,12,False,,20261001_154559,exact,Linux x86_64,fresh3
FPgrowth_Gen_Borgelt,1,power,minsup,0.219214919386321,0.4311,158.77,12,False,,20261001_154600,exact,Linux x86_64,fresh3
Gr_growth,1,power,minsup,0.219214919386321,0.2759,13.61,13,False,,20261001_154600,exact,Linux x86_64,fresh3
Pascal,1,power,minsup,0.219214919386321,1.011,792.8,12,False,,20261001_154602,exact,Linux x86_64,fresh3
TalkyG_Diffset,1,power,minsup,0.219214919386321,1.0881,778.32,12,False,,20261001_154603,exact,Linux x86_64,fresh3
Talky_G,1,power,minsup,0.219214919386321,1.0542,778.06,12,False,,20261001_154604,exact,Linux x86_64,fresh3
Zart,1,power,minsup,0.219214919386321,1.6816,1201.3,13,False,,20261001_154606,exact,Linux x86_64,fresh3
FGC_Stream,1,miniboone,minsup,0.1890434709066306,600.0398,588.47,0,True,,20261001_155238,exact,Linux x86_64,fresh3
Apriori_Gen_Borgelt,1,dota2,minsup,0.0582703723691311,0.0757,17.34,200,False,,20261001_155238,exact,Linux x86_64,fresh3
DefMe,1,dota2,minsup,0.0582703723691311,0.3341,175.35,201,False,,20261001_155239,exact,Linux x86_64,fresh3
Eclat_Gen_Borgelt,1,dota2,minsup,0.0582703723691311,0.0795,24.91,200,False,,20261001_155239,exact,Linux x86_64,fresh3
FPgrowth_Gen_Borgelt,1,dota2,minsup,0.0582703723691311,0.0661,22.97,200,False,,20261001_155240,exact,Linux x86_64,fresh3
Gr_growth,1,dota2,minsup,0.0582703723691311,0.0847,24.56,201,False,,20261001_155240,exact,Linux x86_64,fresh3
Pascal,1,dota2,minsup,0.0582703723691311,6.5542,142.33,200,False,,20261001_155247,exact,Linux x86_64,fresh3
TalkyG_Diffset,1,dota2,minsup,0.0582703723691311,0.3494,176.29,201,False,,20261001_155247,exact,Linux x86_64,fresh3
Talky_G,1,dota2,minsup,0.0582703723691311,0.3559,175.21,201,False,,20261001_155248,exact,Linux x86_64,fresh3
Zart,1,dota2,minsup,0.0582703723691311,3.693,391.82,201,False,,20261001_155252,exact,Linux x86_64,fresh3
FGC_Stream,1,power,minsup,0.219214919386321,600.0346,665.99,0,True,,20261001_155606,exact,Linux x86_64,fresh3
Apriori_Gen_Borgelt,1,miniboone,minsup,0.1627256581375323,0.4151,63.27,349,False,,20261001_155607,exact,Linux x86_64,fresh3
DefMe,1,miniboone,minsup,0.1627256581375323,0.6941,707.52,350,False,,20261001_155608,exact,Linux x86_64,fresh3
Eclat_Gen_Borgelt,1,miniboone,minsup,0.1627256581375323,0.7559,114.97,349,False,,20261001_155609,exact,Linux x86_64,fresh3
FPgrowth_Gen_Borgelt,1,miniboone,minsup,0.1627256581375323,2.1366,255.6,349,False,,20261001_155611,exact,Linux x86_64,fresh3
Gr_growth,1,miniboone,minsup,0.1627256581375323,1.8249,233.91,350,False,,20261001_155613,exact,Linux x86_64,fresh3
Pascal,1,miniboone,minsup,0.1627256581375323,147.1415,391.71,349,False,,20261001_155841,exact,Linux x86_64,fresh3
TalkyG_Diffset,1,miniboone,minsup,0.1627256581375323,0.916,538.28,350,False,,20261001_155842,exact,Linux x86_64,fresh3
Talky_G,1,miniboone,minsup,0.1627256581375323,0.9168,543.18,350,False,,20261001_155843,exact,Linux x86_64,fresh3
Zart,1,miniboone,minsup,0.1627256581375323,189.7931,886.8,350,False,,20261001_160153,exact,Linux x86_64,fresh3
FGC_Stream,1,dota2,minsup,0.0582703723691311,600.0154,89.94,0,True,,20261001_160252,exact,Linux x86_64,fresh3
Apriori_Gen_Borgelt,1,power,minsup,0.0564362849391005,0.5716,172.04,184,False,,20261001_160253,exact,Linux x86_64,fresh3
DefMe,1,power,minsup,0.0564362849391005,0.9551,979.17,185,False,,20261001_160254,exact,Linux x86_64,fresh3
Eclat_Gen_Borgelt,1,power,minsup,0.0564362849391005,0.5901,172.48,184,False,,20261001_160255,exact,Linux x86_64,fresh3
FPgrowth_Gen_Borgelt,1,power,minsup,0.0564362849391005,0.547,172.51,184,False,,20261001_160256,exact,Linux x86_64,fresh3
Gr_growth,1,power,minsup,0.0564362849391005,0.3213,13.76,185,False,,20261001_160256,exact,Linux x86_64,fresh3
Pascal,1,power,minsup,0.0564362849391005,6.1521,778.37,184,False,,20261001_160302,exact,Linux x86_64,fresh3
TalkyG_Diffset,1,power,minsup,0.0564362849391005,1.0227,780.32,184,False,,20261001_160304,exact,Linux x86_64,fresh3
Talky_G,1,power,minsup,0.0564362849391005,1.0543,780.89,184,False,,20261001_160305,exact,Linux x86_64,fresh3
Zart,1,power,minsup,0.0564362849391005,17.0881,1901.09,185,False,,20261001_160322,exact,Linux x86_64,fresh3
FGC_Stream,1,miniboone,minsup,0.1627256581375323,600.0365,469.0,0,True,,20261001_161153,exact,Linux x86_64,fresh3
Apriori_Gen_Borgelt,1,dota2,minsup,0.0134565569347004,0.108,18.91,2331,False,,20261001_161153,exact,Linux x86_64,fresh3
DefMe,1,dota2,minsup,0.0134565569347004,0.4381,395.48,2332,False,,20261001_161154,exact,Linux x86_64,fresh3
Eclat_Gen_Borgelt,1,dota2,minsup,0.0134565569347004,0.1212,32.71,2331,False,,20261001_161154,exact,Linux x86_64,fresh3
FPgrowth_Gen_Borgelt,1,dota2,minsup,0.0134565569347004,0.1482,41.94,2331,False,,20261001_161155,exact,Linux x86_64,fresh3
Gr_growth,1,dota2,minsup,0.0134565569347004,0.1933,41.72,2332,False,,20261001_161155,exact,Linux x86_64,fresh3
Pascal,1,dota2,minsup,0.0134565569347004,85.4347,159.72,2331,False,,20261001_161321,exact,Linux x86_64,fresh3
TalkyG_Diffset,1,dota2,minsup,0.0134565569347004,0.3722,195.72,2332,False,,20261001_161322,exact,Linux x86_64,fresh3
Talky_G,1,dota2,minsup,0.0134565569347004,0.3714,174.35,2332,False,,20261001_161322,exact,Linux x86_64,fresh3
FGC_Stream,1,power,minsup,0.0564362849391005,600.03,360.95,0,True,,20261001_161323,exact,Linux x86_64,fresh3
Zart,1,dota2,minsup,0.0134565569347004,62.5532,514.66,2332,False,,20261001_161425,exact,Linux x86_64,fresh3
Apriori_Gen_Borgelt,1,miniboone,minsup,0.0786516637962849,1.2167,63.93,2184,False,,20261001_161426,exact,Linux x86_64,fresh3
DefMe,1,miniboone,minsup,0.0786516637962849,0.8922,876.27,2185,False,,20261001_161427,exact,Linux x86_64,fresh3
Eclat_Gen_Borgelt,1,miniboone,minsup,0.0786516637962849,1.0347,118.07,2184,False,,20261001_161429,exact,Linux x86_64,fresh3
FPgrowth_Gen_Borgelt,1,miniboone,minsup,0.0786516637962849,2.9473,260.49,2184,False,,20261001_161432,exact,Linux x86_64,fresh3
Gr_growth,1,miniboone,minsup,0.0786516637962849,3.64,235.63,2185,False,,20261001_161436,exact,Linux x86_64,fresh3
Pascal,1,miniboone,minsup,0.0786516637962849,170.2234,396.79,2184,False,,20261001_161726,exact,Linux x86_64,fresh3
TalkyG_Diffset,1,miniboone,minsup,0.0786516637962849,0.9413,606.91,2185,False,,20261001_161727,exact,Linux x86_64,fresh3
Talky_G,1,miniboone,minsup,0.0786516637962849,0.9324,604.77,2185,False,,20261001_161729,exact,Linux x86_64,fresh3
Zart,1,miniboone,minsup,0.0786516637962849,218.1192,903.07,2185,False,,20261001_162107,exact,Linux x86_64,fresh3
FGC_Stream,1,dota2,minsup,0.0134565569347004,600.0194,54.1,0,True,,20261001_162323,exact,Linux x86_64,fresh3
Apriori_Gen_Borgelt,1,power,minsup,0.0136480861570893,0.5615,173.32,1022,False,,20261001_162324,exact,Linux x86_64,fresh3
DefMe,1,power,minsup,0.0136480861570893,1.5253,1914.76,1023,False,,20261001_162325,exact,Linux x86_64,fresh3
Eclat_Gen_Borgelt,1,power,minsup,0.0136480861570893,0.5823,174.46,1022,False,,20261001_162326,exact,Linux x86_64,fresh3
FPgrowth_Gen_Borgelt,1,power,minsup,0.0136480861570893,0.5508,174.61,1022,False,,20261001_162327,exact,Linux x86_64,fresh3
Gr_growth,1,power,minsup,0.0136480861570893,0.3248,13.75,1023,False,,20261001_162327,exact,Linux x86_64,fresh3
Pascal,1,power,minsup,0.0136480861570893,18.9483,806.52,1022,False,,20261001_162347,exact,Linux x86_64,fresh3
TalkyG_Diffset,1,power,minsup,0.0136480861570893,1.2834,1357.74,1022,False,,20261001_162348,exact,Linux x86_64,fresh3
Talky_G,1,power,minsup,0.0136480861570893,1.2043,1082.45,1022,False,,20261001_162350,exact,Linux x86_64,fresh3
Zart,1,power,minsup,0.0136480861570893,90.2973,1950.62,1023,False,,20261001_162520,exact,Linux x86_64,fresh3
FGC_Stream,1,miniboone,minsup,0.0786516637962849,600.0238,155.86,0,True,,20261001_163107,exact,Linux x86_64,fresh3
Apriori_Gen_Borgelt,1,dota2,minsup,0.0037317862924986,0.1898,20.12,18487,False,,20261001_163108,exact,Linux x86_64,fresh3
DefMe,1,dota2,minsup,0.0037317862924986,0.7067,712.11,18488,False,,20261001_163109,exact,Linux x86_64,fresh3
Eclat_Gen_Borgelt,1,dota2,minsup,0.0037317862924986,0.1855,39.59,18487,False,,20261001_163109,exact,Linux x86_64,fresh3
FPgrowth_Gen_Borgelt,1,dota2,minsup,0.0037317862924986,0.2911,87.61,18487,False,,20261001_163109,exact,Linux x86_64,fresh3
Gr_growth,1,dota2,minsup,0.0037317862924986,0.3435,44.54,18488,False,,20261001_163110,exact,Linux x86_64,fresh3
FGC_Stream,1,power,minsup,0.0136480861570893,600.0232,230.82,0,True,,20261001_163520,exact,Linux x86_64,fresh3
Pascal,1,dota2,minsup,0.0037317862924986,250.632,207.27,18487,False,,20261001_163521,exact,Linux x86_64,fresh3
TalkyG_Diffset,1,dota2,minsup,0.0037317862924986,0.7319,800.0,18488,False,,20261001_163521,exact,Linux x86_64,fresh3
Talky_G,1,dota2,minsup,0.0037317862924986,0.6623,652.28,18488,False,,20261001_163522,exact,Linux x86_64,fresh3
Zart,1,dota2,minsup,0.0037317862924986,552.9712,774.66,18488,False,,20261001_164434,exact,Linux x86_64,fresh3
Apriori_Gen_Borgelt,1,miniboone,minsup,0.0500196057325624,6.2937,64.73,14513,False,,20261001_164441,exact,Linux x86_64,fresh3
DefMe,1,miniboone,minsup,0.0500196057325624,2.1032,1486.72,14514,False,,20261001_164443,exact,Linux x86_64,fresh3
Eclat_Gen_Borgelt,1,miniboone,minsup,0.0500196057325624,2.5111,131.05,14513,False,,20261001_164446,exact,Linux x86_64,fresh3
FPgrowth_Gen_Borgelt,1,miniboone,minsup,0.0500196057325624,4.3104,708.55,14513,False,,20261001_164451,exact,Linux x86_64,fresh3
Gr_growth,1,miniboone,minsup,0.0500196057325624,5.1364,252.33,14514,False,,20261001_164456,exact,Linux x86_64,fresh3
FGC_Stream,1,dota2,minsup,0.0037317862924986,600.0169,40.63,0,True,,20261001_164522,exact,Linux x86_64,fresh3
TalkyG_Diffset,1,miniboone,minsup,0.0500196057325624,1.2292,888.49,14524,False,,20261001_164523,exact,Linux x86_64,fresh3
Talky_G,1,miniboone,minsup,0.0500196057325624,1.1836,885.58,14524,False,,20261001_164525,exact,Linux x86_64,fresh3
Pascal,1,miniboone,minsup,0.0500196057325624,339.898,400.37,14513,False,,20261001_165036,exact,Linux x86_64,fresh3
Zart,1,miniboone,minsup,0.0500196057325624,600.1434,868.81,0,True,,20261001_165525,exact,Linux x86_64,fresh3
Apriori_Gen_Borgelt,1,dota2,minsup,0.0007744198596869,0.5378,29.95,190650,False,,20261001_165526,exact,Linux x86_64,fresh3
DefMe,1,dota2,minsup,0.0007744198596869,3.1639,999.91,190651,False,,20261001_165529,exact,Linux x86_64,fresh3
Eclat_Gen_Borgelt,1,dota2,minsup,0.0007744198596869,0.3754,50.7,190650,False,,20261001_165530,exact,Linux x86_64,fresh3
FPgrowth_Gen_Borgelt,1,dota2,minsup,0.0007744198596869,0.4884,179.25,190650,False,,20261001_165531,exact,Linux x86_64,fresh3
Gr_growth,1,dota2,minsup,0.0007744198596869,0.6007,50.2,190651,False,,20261001_165532,exact,Linux x86_64,fresh3
FGC_Stream,1,miniboone,minsup,0.0500196057325624,600.0207,117.96,0,True,,20261001_170036,exact,Linux x86_64,fresh3
TalkyG_Diffset,1,dota2,minsup,0.0007744198596869,4.4829,816.17,190651,False,,20261001_170041,exact,Linux x86_64,fresh3
Talky_G,1,dota2,minsup,0.0007744198596869,4.0262,1022.14,190651,False,,20261001_170045,exact,Linux x86_64,fresh3
Pascal,1,dota2,minsup,0.0007744198596869,600.0379,259.27,19973,True,,20261001_170532,exact,Linux x86_64,fresh3
Zart,1,dota2,minsup,0.0007744198596869,600.1438,814.77,0,True,,20261001_171046,exact,Linux x86_64,fresh3
Apriori_Gen_Borgelt,1,miniboone,minsup,0.0366261994095214,20.7452,71.53,61813,False,,20261001_171107,exact,Linux x86_64,fresh3
DefMe,1,miniboone,minsup,0.0366261994095214,6.1333,1494.07,61814,False,,20261001_171113,exact,Linux x86_64,fresh3
Eclat_Gen_Borgelt,1,miniboone,minsup,0.0366261994095214,6.7618,137.86,61813,False,,20261001_171120,exact,Linux x86_64,fresh3
FPgrowth_Gen_Borgelt,1,miniboone,minsup,0.0366261994095214,15.2995,3588.06,61813,False,,20261001_171136,exact,Linux x86_64,fresh3
Gr_growth,1,miniboone,minsup,0.0366261994095214,16.063,274.54,61814,False,,20261001_171152,exact,Linux x86_64,fresh3
FGC_Stream,1,dota2,minsup,0.0007744198596869,600.0144,44.22,0,True,,20261001_171532,exact,Linux x86_64,fresh3
TalkyG_Diffset,1,miniboone,minsup,0.0366261994095214,3.8105,1462.31,61939,False,,20261001_171536,exact,Linux x86_64,fresh3
Talky_G,1,miniboone,minsup,0.0366261994095214,3.5192,1411.04,61939,False,,20261001_171540,exact,Linux x86_64,fresh3
Pascal,1,miniboone,minsup,0.0366261994095214,600.0503,400.03,19883,True,,20261001_172152,exact,Linux x86_64,fresh3
Zart,1,miniboone,minsup,0.0366261994095214,600.0999,1026.96,0,True,,20261001_172540,exact,Linux x86_64,fresh3
FGC_Stream,1,miniboone,minsup,0.0366261994095214,600.0169,100.54,0,True,,20261001_173152,exact,Linux x86_64,fresh3
Apriori_Gen_Borgelt,1,tictactoe,minsup,0.2346033402922756,0.0074,2.67,37,False,,20261002_135654,exact,Linux x86_64,fresh4
Eclat_Gen_Borgelt,1,tictactoe,minsup,0.2346033402922756,0.0064,3.0,37,False,,20261002_135654,exact,Linux x86_64,fresh4
DefMe,1,tictactoe,minsup,0.2346033402922756,0.2926,73.73,38,False,,20261002_135654,exact,Linux x86_64,fresh4
FPgrowth_Gen_Borgelt,1,tictactoe,minsup,0.2346033402922756,0.0059,3.2,37,False,,20261002_135654,exact,Linux x86_64,fresh4
Gr_growth,1,tictactoe,minsup,0.2346033402922756,0.0082,13.92,38,False,,20261002_135654,exact,Linux x86_64,fresh4
Pascal,1,tictactoe,minsup,0.2346033402922756,0.2894,78.55,37,False,,20261002_135655,exact,Linux x86_64,fresh4
TalkyG_Diffset,1,tictactoe,minsup,0.2346033402922756,0.2682,79.54,38,False,,20261002_135655,exact,Linux x86_64,fresh4
Talky_G,1,tictactoe,minsup,0.2346033402922756,0.2337,76.44,38,False,,20261002_135655,exact,Linux x86_64,fresh4
Zart,1,tictactoe,minsup,0.2346033402922756,0.215,75.28,38,False,,20261002_135655,exact,Linux x86_64,fresh4
Apriori_Gen_Borgelt,1,car,minsup,0.1861979166666666,0.006,2.95,32,False,,20261002_135655,exact,Linux x86_64,fresh4
FGC_Stream,1,tictactoe,minsup,0.2346033402922756,0.2224,4.85,38,False,,20261002_135655,exact,Linux x86_64,fresh4
Eclat_Gen_Borgelt,1,car,minsup,0.1861979166666666,0.0072,3.29,32,False,,20261002_135656,exact,Linux x86_64,fresh4
DefMe,1,car,minsup,0.1861979166666666,0.2343,76.54,33,False,,20261002_135656,exact,Linux x86_64,fresh4
FPgrowth_Gen_Borgelt,1,car,minsup,0.1861979166666666,0.0099,3.2,32,False,,20261002_135656,exact,Linux x86_64,fresh4
Gr_growth,1,car,minsup,0.1861979166666666,0.0058,13.76,33,False,,20261002_135656,exact,Linux x86_64,fresh4
Pascal,1,car,minsup,0.1861979166666666,0.2277,78.08,32,False,,20261002_135656,exact,Linux x86_64,fresh4
TalkyG_Diffset,1,car,minsup,0.1861979166666666,0.2646,77.76,33,False,,20261002_135656,exact,Linux x86_64,fresh4
Talky_G,1,car,minsup,0.1861979166666666,0.2407,77.62,33,False,,20261002_135657,exact,Linux x86_64,fresh4
Zart,1,car,minsup,0.1861979166666666,0.2371,79.55,33,False,,20261002_135657,exact,Linux x86_64,fresh4
Apriori_Gen_Borgelt,1,nursery,minsup,0.1666473765432098,0.0109,4.97,60,False,,20261002_135657,exact,Linux x86_64,fresh4
FGC_Stream,1,car,minsup,0.1861979166666666,0.3397,5.02,33,False,,20261002_135657,exact,Linux x86_64,fresh4
DefMe,1,nursery,minsup,0.1666473765432098,0.2141,91.24,61,False,,20261002_135658,exact,Linux x86_64,fresh4
Eclat_Gen_Borgelt,1,nursery,minsup,0.1666473765432098,0.0074,5.82,60,False,,20261002_135658,exact,Linux x86_64,fresh4
FPgrowth_Gen_Borgelt,1,nursery,minsup,0.1666473765432098,0.0085,4.61,60,False,,20261002_135658,exact,Linux x86_64,fresh4
Gr_growth,1,nursery,minsup,0.1666473765432098,0.0094,14.38,61,False,,20261002_135658,exact,Linux x86_64,fresh4
TalkyG_Diffset,1,nursery,minsup,0.1666473765432098,0.2384,97.23,61,False,,20261002_135658,exact,Linux x86_64,fresh4
Pascal,1,nursery,minsup,0.1666473765432098,0.3667,94.36,60,False,,20261002_135658,exact,Linux x86_64,fresh4
Talky_G,1,nursery,minsup,0.1666473765432098,0.2926,94.16,61,False,,20261002_135659,exact,Linux x86_64,fresh4
Zart,1,nursery,minsup,0.1666473765432098,0.3421,98.67,61,False,,20261002_135659,exact,Linux x86_64,fresh4
Apriori_Gen_Borgelt,1,shoppers,minsup,0.7468572587185726,0.0072,4.13,11,False,,20261002_135659,exact,Linux x86_64,fresh4
DefMe,1,shoppers,minsup,0.7468572587185726,0.2229,96.76,12,False,,20261002_135700,exact,Linux x86_64,fresh4
Eclat_Gen_Borgelt,1,shoppers,minsup,0.7468572587185726,0.0072,4.43,11,False,,20261002_135700,exact,Linux x86_64,fresh4
FPgrowth_Gen_Borgelt,1,shoppers,minsup,0.7468572587185726,0.0112,4.09,11,False,,20261002_135700,exact,Linux x86_64,fresh4
Gr_growth,1,shoppers,minsup,0.7468572587185726,0.0139,13.78,12,False,,20261002_135700,exact,Linux x86_64,fresh4
Pascal,1,shoppers,minsup,0.7468572587185726,0.2261,100.48,11,False,,20261002_135701,exact,Linux x86_64,fresh4
TalkyG_Diffset,1,shoppers,minsup,0.7468572587185726,0.2482,97.91,11,False,,20261002_135701,exact,Linux x86_64,fresh4
Talky_G,1,shoppers,minsup,0.7468572587185726,0.238,96.03,11,False,,20261002_135702,exact,Linux x86_64,fresh4
Zart,1,shoppers,minsup,0.7468572587185726,0.2412,97.32,12,False,,20261002_135702,exact,Linux x86_64,fresh4
FGC_Stream,1,shoppers,minsup,0.7468572587185726,12.3058,26.04,12,False,,20261002_135715,exact,Linux x86_64,fresh4
Apriori_Gen_Borgelt,1,letter,minsup,0.1434875,0.0172,5.5,46,False,,20261002_135715,exact,Linux x86_64,fresh4
DefMe,1,letter,minsup,0.1434875,0.2365,104.68,47,False,,20261002_135715,exact,Linux x86_64,fresh4
Eclat_Gen_Borgelt,1,letter,minsup,0.1434875,0.0162,6.89,46,False,,20261002_135716,exact,Linux x86_64,fresh4
FPgrowth_Gen_Borgelt,1,letter,minsup,0.1434875,0.0148,6.64,46,False,,20261002_135716,exact,Linux x86_64,fresh4
Gr_growth,1,letter,minsup,0.1434875,0.0193,15.32,47,False,,20261002_135716,exact,Linux x86_64,fresh4
Pascal,1,letter,minsup,0.1434875,0.4086,99.17,46,False,,20261002_135717,exact,Linux x86_64,fresh4
TalkyG_Diffset,1,letter,minsup,0.1434875,0.267,104.79,47,False,,20261002_135717,exact,Linux x86_64,fresh4
Talky_G,1,letter,minsup,0.1434875,0.2563,105.61,47,False,,20261002_135718,exact,Linux x86_64,fresh4
Zart,1,letter,minsup,0.1434875,0.4997,196.2,47,False,,20261002_135718,exact,Linux x86_64,fresh4
FGC_Stream,1,nursery,minsup,0.1666473765432098,36.7312,16.05,61,False,,20261002_135736,exact,Linux x86_64,fresh4
Apriori_Gen_Borgelt,1,krk,minsup,0.0697087966923296,0.0137,6.58,56,False,,20261002_135736,exact,Linux x86_64,fresh4
DefMe,1,krk,minsup,0.0697087966923296,0.2247,95.91,57,False,,20261002_135737,exact,Linux x86_64,fresh4
Eclat_Gen_Borgelt,1,krk,minsup,0.0697087966923296,0.0168,8.16,56,False,,20261002_135737,exact,Linux x86_64,fresh4
FPgrowth_Gen_Borgelt,1,krk,minsup,0.0697087966923296,0.0103,6.98,56,False,,20261002_135737,exact,Linux x86_64,fresh4
Gr_growth,1,krk,minsup,0.0697087966923296,0.0155,15.68,57,False,,20261002_135737,exact,Linux x86_64,fresh4
Pascal,1,krk,minsup,0.0697087966923296,0.4272,97.16,56,False,,20261002_135738,exact,Linux x86_64,fresh4
TalkyG_Diffset,1,krk,minsup,0.0697087966923296,0.2383,97.14,57,False,,20261002_135738,exact,Linux x86_64,fresh4
Talky_G,1,krk,minsup,0.0697087966923296,0.234,96.49,57,False,,20261002_135739,exact,Linux x86_64,fresh4
Zart,1,krk,minsup,0.0697087966923296,0.5459,96.81,57,False,,20261002_135740,exact,Linux x86_64,fresh4
FGC_Stream,1,letter,minsup,0.1434875,42.8573,36.73,47,False,,20261002_135802,exact,Linux x86_64,fresh4
Apriori_Gen_Borgelt,1,adult,minsup,0.6756165351187002,0.0157,5.81,6,False,,20261002_135802,exact,Linux x86_64,fresh4
DefMe,1,adult,minsup,0.6756165351187002,0.2474,105.68,7,False,,20261002_135802,exact,Linux x86_64,fresh4
Eclat_Gen_Borgelt,1,adult,minsup,0.6756165351187002,0.0137,6.09,6,False,,20261002_135802,exact,Linux x86_64,fresh4
FPgrowth_Gen_Borgelt,1,adult,minsup,0.6756165351187002,0.013,6.11,6,False,,20261002_135803,exact,Linux x86_64,fresh4
Gr_growth,1,adult,minsup,0.6756165351187002,0.0136,13.6,7,False,,20261002_135803,exact,Linux x86_64,fresh4
Pascal,1,adult,minsup,0.6756165351187002,0.2481,106.55,6,False,,20261002_135803,exact,Linux x86_64,fresh4
TalkyG_Diffset,1,adult,minsup,0.6756165351187002,0.2713,107.01,6,False,,20261002_135804,exact,Linux x86_64,fresh4
Talky_G,1,adult,minsup,0.6756165351187002,0.2712,108.06,6,False,,20261002_135804,exact,Linux x86_64,fresh4
Zart,1,adult,minsup,0.6756165351187002,0.2918,119.23,7,False,,20261002_135805,exact,Linux x86_64,fresh4
FGC_Stream,1,adult,minsup,0.6756165351187002,37.085,54.32,7,False,,20261002_135842,exact,Linux x86_64,fresh4
Apriori_Gen_Borgelt,1,shuttle,minsup,0.2299942528735632,0.0145,5.83,25,False,,20261002_135842,exact,Linux x86_64,fresh4
DefMe,1,shuttle,minsup,0.2299942528735632,0.2464,96.18,26,False,,20261002_135843,exact,Linux x86_64,fresh4
Eclat_Gen_Borgelt,1,shuttle,minsup,0.2299942528735632,0.0185,5.96,25,False,,20261002_135843,exact,Linux x86_64,fresh4
FPgrowth_Gen_Borgelt,1,shuttle,minsup,0.2299942528735632,0.0157,5.94,25,False,,20261002_135843,exact,Linux x86_64,fresh4
Gr_growth,1,shuttle,minsup,0.2299942528735632,0.0137,13.61,26,False,,20261002_135844,exact,Linux x86_64,fresh4
Pascal,1,shuttle,minsup,0.2299942528735632,0.2824,102.67,25,False,,20261002_135844,exact,Linux x86_64,fresh4
TalkyG_Diffset,1,shuttle,minsup,0.2299942528735632,0.292,100.3,26,False,,20261002_135845,exact,Linux x86_64,fresh4
Talky_G,1,shuttle,minsup,0.2299942528735632,0.2655,103.6,26,False,,20261002_135845,exact,Linux x86_64,fresh4
Zart,1,shuttle,minsup,0.2299942528735632,0.3182,128.92,26,False,,20261002_135846,exact,Linux x86_64,fresh4
FGC_Stream,1,krk,minsup,0.0697087966923296,70.3115,25.29,57,False,,20261002_135850,exact,Linux x86_64,fresh4
Apriori_Gen_Borgelt,1,bank_full,minsup,0.8174725177501051,0.019,7.44,6,False,,20261002_135850,exact,Linux x86_64,fresh4
DefMe,1,bank_full,minsup,0.8174725177501051,0.2772,112.52,7,False,,20261002_135851,exact,Linux x86_64,fresh4
Eclat_Gen_Borgelt,1,bank_full,minsup,0.8174725177501051,0.0193,7.61,6,False,,20261002_135851,exact,Linux x86_64,fresh4
FPgrowth_Gen_Borgelt,1,bank_full,minsup,0.8174725177501051,0.0194,7.36,6,False,,20261002_135851,exact,Linux x86_64,fresh4
Gr_growth,1,bank_full,minsup,0.8174725177501051,0.0263,13.62,7,False,,20261002_135852,exact,Linux x86_64,fresh4
Pascal,1,bank_full,minsup,0.8174725177501051,0.2752,117.58,6,False,,20261002_135852,exact,Linux x86_64,fresh4
TalkyG_Diffset,1,bank_full,minsup,0.8174725177501051,0.2929,112.12,6,False,,20261002_135853,exact,Linux x86_64,fresh4
Talky_G,1,bank_full,minsup,0.8174725177501051,0.2928,114.92,6,False,,20261002_135853,exact,Linux x86_64,fresh4
Zart,1,bank_full,minsup,0.8174725177501051,0.3108,118.98,7,False,,20261002_135854,exact,Linux x86_64,fresh4
FGC_Stream,1,bank_full,minsup,0.8174725177501051,19.9207,82.38,7,False,,20261002_135914,exact,Linux x86_64,fresh4
Apriori_Gen_Borgelt,1,yearmsd,minsup,0.1262256352540531,3.296,398.04,466,False,,20261002_135917,exact,Linux x86_64,fresh4
DefMe,1,yearmsd,minsup,0.1262256352540531,3.5056,3028.25,467,False,,20261002_135921,exact,Linux x86_64,fresh4
Eclat_Gen_Borgelt,1,yearmsd,minsup,0.1262256352540531,8.2303,760.3,466,False,,20261002_135930,exact,Linux x86_64,fresh4
FPgrowth_Gen_Borgelt,1,yearmsd,minsup,0.1262256352540531,18.9117,1892.57,466,False,,20261002_135949,exact,Linux x86_64,fresh4
Gr_growth,1,yearmsd,minsup,0.1262256352540531,22.5402,1679.69,467,False,,20261002_140011,exact,Linux x86_64,fresh4
FGC_Stream,1,shuttle,minsup,0.2299942528735632,154.6731,50.1,26,False,,20261002_140121,exact,Linux x86_64,fresh4
TalkyG_Diffset,1,yearmsd,minsup,0.1262256352540531,5.9251,2770.58,467,False,,20261002_140127,exact,Linux x86_64,fresh4
Talky_G,1,yearmsd,minsup,0.1262256352540531,5.905,2791.28,467,False,,20261002_140133,exact,Linux x86_64,fresh4
Pascal,1,yearmsd,minsup,0.1262256352540531,600.1435,1054.06,218,True,,20261002_141012,exact,Linux x86_64,fresh4
Zart,1,yearmsd,minsup,0.1262256352540531,600.1568,3004.82,0,True,,20261002_141133,exact,Linux x86_64,fresh4
Apriori_Gen_Borgelt,1,tictactoe,minsup,0.1584029227557411,0.0063,3.0,131,False,,20261002_141133,exact,Linux x86_64,fresh4
DefMe,1,tictactoe,minsup,0.1584029227557411,0.1909,74.7,132,False,,20261002_141134,exact,Linux x86_64,fresh4
Eclat_Gen_Borgelt,1,tictactoe,minsup,0.1584029227557411,0.0063,3.14,131,False,,20261002_141134,exact,Linux x86_64,fresh4
FPgrowth_Gen_Borgelt,1,tictactoe,minsup,0.1584029227557411,0.0062,3.34,131,False,,20261002_141134,exact,Linux x86_64,fresh4
Gr_growth,1,tictactoe,minsup,0.1584029227557411,0.0087,13.75,132,False,,20261002_141135,exact,Linux x86_64,fresh4
Pascal,1,tictactoe,minsup,0.1584029227557411,0.2008,77.34,131,False,,20261002_141135,exact,Linux x86_64,fresh4
TalkyG_Diffset,1,tictactoe,minsup,0.1584029227557411,0.2158,76.82,132,False,,20261002_141135,exact,Linux x86_64,fresh4
Talky_G,1,tictactoe,minsup,0.1584029227557411,0.1902,76.0,132,False,,20261002_141136,exact,Linux x86_64,fresh4
Zart,1,tictactoe,minsup,0.1584029227557411,0.2295,85.82,132,False,,20261002_141136,exact,Linux x86_64,fresh4
FGC_Stream,1,tictactoe,minsup,0.1584029227557411,0.3507,5.02,132,False,,20261002_141137,exact,Linux x86_64,fresh4
Apriori_Gen_Borgelt,1,car,minsup,0.0831886574074074,0.0064,3.01,183,False,,20261002_141137,exact,Linux x86_64,fresh4
DefMe,1,car,minsup,0.0831886574074074,0.1889,77.19,184,False,,20261002_141138,exact,Linux x86_64,fresh4
Eclat_Gen_Borgelt,1,car,minsup,0.0831886574074074,0.0062,3.45,183,False,,20261002_141138,exact,Linux x86_64,fresh4
FPgrowth_Gen_Borgelt,1,car,minsup,0.0831886574074074,0.0062,3.34,183,False,,20261002_141138,exact,Linux x86_64,fresh4
Gr_growth,1,car,minsup,0.0831886574074074,0.0061,13.61,184,False,,20261002_141138,exact,Linux x86_64,fresh4
Pascal,1,car,minsup,0.0831886574074074,0.2132,89.55,183,False,,20261002_141139,exact,Linux x86_64,fresh4
TalkyG_Diffset,1,car,minsup,0.0831886574074074,0.1953,78.5,184,False,,20261002_141139,exact,Linux x86_64,fresh4
Talky_G,1,car,minsup,0.0831886574074074,0.1987,77.14,184,False,,20261002_141139,exact,Linux x86_64,fresh4
Zart,1,car,minsup,0.0831886574074074,0.2773,85.31,184,False,,20261002_141140,exact,Linux x86_64,fresh4
FGC_Stream,1,car,minsup,0.0831886574074074,0.4957,5.5,184,False,,20261002_141141,exact,Linux x86_64,fresh4
Apriori_Gen_Borgelt,1,nursery,minsup,0.1110918209876543,0.0118,5.03,152,False,,20261002_141141,exact,Linux x86_64,fresh4
DefMe,1,nursery,minsup,0.1110918209876543,0.2143,92.36,153,False,,20261002_141141,exact,Linux x86_64,fresh4
Eclat_Gen_Borgelt,1,nursery,minsup,0.1110918209876543,0.013,5.65,152,False,,20261002_141142,exact,Linux x86_64,fresh4
FPgrowth_Gen_Borgelt,1,nursery,minsup,0.1110918209876543,0.0093,4.95,152,False,,20261002_141142,exact,Linux x86_64,fresh4
Gr_growth,1,nursery,minsup,0.1110918209876543,0.0094,14.38,153,False,,20261002_141142,exact,Linux x86_64,fresh4
Pascal,1,nursery,minsup,0.1110918209876543,0.348,99.59,152,False,,20261002_141143,exact,Linux x86_64,fresh4
TalkyG_Diffset,1,nursery,minsup,0.1110918209876543,0.2445,94.5,153,False,,20261002_141143,exact,Linux x86_64,fresh4
Talky_G,1,nursery,minsup,0.1110918209876543,0.2355,96.46,153,False,,20261002_141144,exact,Linux x86_64,fresh4
Zart,1,nursery,minsup,0.1110918209876543,0.4223,120.75,153,False,,20261002_141144,exact,Linux x86_64,fresh4
FGC_Stream,1,nursery,minsup,0.1110918209876543,48.015,15.96,153,False,,20261002_141232,exact,Linux x86_64,fresh4
Apriori_Gen_Borgelt,1,shoppers,minsup,0.2178223844282238,0.0219,3.97,1193,False,,20261002_141233,exact,Linux x86_64,fresh4
DefMe,1,shoppers,minsup,0.2178223844282238,0.2292,115.67,1194,False,,20261002_141233,exact,Linux x86_64,fresh4
Eclat_Gen_Borgelt,1,shoppers,minsup,0.2178223844282238,0.0116,6.09,1193,False,,20261002_141233,exact,Linux x86_64,fresh4
FPgrowth_Gen_Borgelt,1,shoppers,minsup,0.2178223844282238,0.0099,5.94,1193,False,,20261002_141234,exact,Linux x86_64,fresh4
Gr_growth,1,shoppers,minsup,0.2178223844282238,0.0131,13.88,1194,False,,20261002_141234,exact,Linux x86_64,fresh4
Pascal,1,shoppers,minsup,0.2178223844282238,0.7502,96.95,1193,False,,20261002_141235,exact,Linux x86_64,fresh4
TalkyG_Diffset,1,shoppers,minsup,0.2178223844282238,0.2676,96.31,1193,False,,20261002_141235,exact,Linux x86_64,fresh4
Talky_G,1,shoppers,minsup,0.2178223844282238,0.2461,96.26,1193,False,,20261002_141236,exact,Linux x86_64,fresh4
Zart,1,shoppers,minsup,0.2178223844282238,2.269,231.39,1194,False,,20261002_141238,exact,Linux x86_64,fresh4
FGC_Stream,1,yearmsd,minsup,0.1262256352540531,600.1218,2738.73,0,True,,20261002_142012,exact,Linux x86_64,fresh4
Apriori_Gen_Borgelt,1,letter,minsup,0.0615875,0.034,6.26,257,False,,20261002_142012,exact,Linux x86_64,fresh4
DefMe,1,letter,minsup,0.0615875,0.2547,117.26,258,False,,20261002_142013,exact,Linux x86_64,fresh4
Eclat_Gen_Borgelt,1,letter,minsup,0.0615875,0.0246,8.61,257,False,,20261002_142013,exact,Linux x86_64,fresh4
FPgrowth_Gen_Borgelt,1,letter,minsup,0.0615875,0.0237,11.14,257,False,,20261002_142013,exact,Linux x86_64,fresh4
Gr_growth,1,letter,minsup,0.0615875,0.0255,19.69,258,False,,20261002_142014,exact,Linux x86_64,fresh4
Pascal,1,letter,minsup,0.0615875,1.8515,100.65,257,False,,20261002_142016,exact,Linux x86_64,fresh4
TalkyG_Diffset,1,letter,minsup,0.0615875,0.2693,103.52,258,False,,20261002_142016,exact,Linux x86_64,fresh4
Talky_G,1,letter,minsup,0.0615875,0.2728,110.01,258,False,,20261002_142017,exact,Linux x86_64,fresh4
Zart,1,letter,minsup,0.0615875,2.3774,380.79,258,False,,20261002_142019,exact,Linux x86_64,fresh4
FGC_Stream,1,shoppers,minsup,0.2178223844282238,600.0159,27.92,0,True,,20261002_142238,exact,Linux x86_64,fresh4
Apriori_Gen_Borgelt,1,krk,minsup,0.0409805389221556,0.0208,6.55,147,False,,20261002_142239,exact,Linux x86_64,fresh4
DefMe,1,krk,minsup,0.0409805389221556,0.2261,97.64,148,False,,20261002_142239,exact,Linux x86_64,fresh4
Eclat_Gen_Borgelt,1,krk,minsup,0.0409805389221556,0.0206,8.32,147,False,,20261002_142239,exact,Linux x86_64,fresh4
FPgrowth_Gen_Borgelt,1,krk,minsup,0.0409805389221556,0.016,7.45,147,False,,20261002_142240,exact,Linux x86_64,fresh4
Gr_growth,1,krk,minsup,0.0409805389221556,0.0139,16.1,148,False,,20261002_142240,exact,Linux x86_64,fresh4
Pascal,1,krk,minsup,0.0409805389221556,0.5047,94.41,147,False,,20261002_142241,exact,Linux x86_64,fresh4
TalkyG_Diffset,1,krk,minsup,0.0409805389221556,0.2507,97.68,148,False,,20261002_142241,exact,Linux x86_64,fresh4
Talky_G,1,krk,minsup,0.0409805389221556,0.2331,98.68,148,False,,20261002_142242,exact,Linux x86_64,fresh4
Zart,1,krk,minsup,0.0409805389221556,0.679,121.57,148,False,,20261002_142242,exact,Linux x86_64,fresh4
FGC_Stream,1,letter,minsup,0.0615875,171.4058,36.91,258,False,,20261002_142311,exact,Linux x86_64,fresh4
Apriori_Gen_Borgelt,1,adult,minsup,0.1999861797856331,0.0237,6.11,195,False,,20261002_142311,exact,Linux x86_64,fresh4
DefMe,1,adult,minsup,0.1999861797856331,0.2487,115.52,196,False,,20261002_142312,exact,Linux x86_64,fresh4
Eclat_Gen_Borgelt,1,adult,minsup,0.1999861797856331,0.0203,7.45,195,False,,20261002_142312,exact,Linux x86_64,fresh4
FPgrowth_Gen_Borgelt,1,adult,minsup,0.1999861797856331,0.0165,7.2,195,False,,20261002_142312,exact,Linux x86_64,fresh4
Gr_growth,1,adult,minsup,0.1999861797856331,0.0173,13.89,196,False,,20261002_142312,exact,Linux x86_64,fresh4
Pascal,1,adult,minsup,0.1999861797856331,0.5482,109.09,195,False,,20261002_142313,exact,Linux x86_64,fresh4
TalkyG_Diffset,1,adult,minsup,0.1999861797856331,0.2704,111.58,195,False,,20261002_142314,exact,Linux x86_64,fresh4
Talky_G,1,adult,minsup,0.1999861797856331,0.2645,110.76,195,False,,20261002_142314,exact,Linux x86_64,fresh4
Zart,1,adult,minsup,0.1999861797856331,1.9252,390.46,196,False,,20261002_142316,exact,Linux x86_64,fresh4
FGC_Stream,1,krk,minsup,0.0409805389221556,106.585,24.71,148,False,,20261002_142429,exact,Linux x86_64,fresh4
Apriori_Gen_Borgelt,1,shuttle,minsup,0.1327068965517241,0.0196,6.13,207,False,,20261002_142429,exact,Linux x86_64,fresh4
DefMe,1,shuttle,minsup,0.1327068965517241,0.2528,105.75,208,False,,20261002_142430,exact,Linux x86_64,fresh4
Eclat_Gen_Borgelt,1,shuttle,minsup,0.1327068965517241,0.018,6.98,207,False,,20261002_142430,exact,Linux x86_64,fresh4
FPgrowth_Gen_Borgelt,1,shuttle,minsup,0.1327068965517241,0.0163,6.91,207,False,,20261002_142430,exact,Linux x86_64,fresh4
Gr_growth,1,shuttle,minsup,0.1327068965517241,0.0241,14.07,208,False,,20261002_142431,exact,Linux x86_64,fresh4
Pascal,1,shuttle,minsup,0.1327068965517241,0.6805,104.47,207,False,,20261002_142432,exact,Linux x86_64,fresh4
TalkyG_Diffset,1,shuttle,minsup,0.1327068965517241,0.2817,101.61,208,False,,20261002_142432,exact,Linux x86_64,fresh4
Talky_G,1,shuttle,minsup,0.1327068965517241,0.2584,101.02,208,False,,20261002_142433,exact,Linux x86_64,fresh4
Zart,1,shuttle,minsup,0.1327068965517241,0.8677,148.12,208,False,,20261002_142434,exact,Linux x86_64,fresh4
FGC_Stream,1,adult,minsup,0.1999861797856331,600.0155,53.05,0,True,,20261002_143316,exact,Linux x86_64,fresh4
Apriori_Gen_Borgelt,1,bank_full,minsup,0.2128630200614894,0.0363,7.8,345,False,,20261002_143317,exact,Linux x86_64,fresh4
DefMe,1,bank_full,minsup,0.2128630200614894,0.2776,125.5,346,False,,20261002_143317,exact,Linux x86_64,fresh4
Eclat_Gen_Borgelt,1,bank_full,minsup,0.2128630200614894,0.0266,9.07,345,False,,20261002_143317,exact,Linux x86_64,fresh4
FPgrowth_Gen_Borgelt,1,bank_full,minsup,0.2128630200614894,0.023,8.5,345,False,,20261002_143318,exact,Linux x86_64,fresh4
Gr_growth,1,bank_full,minsup,0.2128630200614894,0.0291,13.91,346,False,,20261002_143318,exact,Linux x86_64,fresh4
Pascal,1,bank_full,minsup,0.2128630200614894,0.6406,117.85,345,False,,20261002_143319,exact,Linux x86_64,fresh4
TalkyG_Diffset,1,bank_full,minsup,0.2128630200614894,0.2977,115.56,345,False,,20261002_143319,exact,Linux x86_64,fresh4
Talky_G,1,bank_full,minsup,0.2128630200614894,0.2818,115.23,345,False,,20261002_143320,exact,Linux x86_64,fresh4
Zart,1,bank_full,minsup,0.2128630200614894,3.4403,315.82,346,False,,20261002_143324,exact,Linux x86_64,fresh4
FGC_Stream,1,shuttle,minsup,0.1327068965517241,600.0201,45.16,0,True,,20261002_143434,exact,Linux x86_64,fresh4
Apriori_Gen_Borgelt,1,yearmsd,minsup,0.1006854631363455,3.5751,397.96,571,False,,20261002_143438,exact,Linux x86_64,fresh4
DefMe,1,yearmsd,minsup,0.1006854631363455,3.7691,3039.48,572,False,,20261002_143442,exact,Linux x86_64,fresh4
Eclat_Gen_Borgelt,1,yearmsd,minsup,0.1006854631363455,8.862,760.69,571,False,,20261002_143451,exact,Linux x86_64,fresh4
FPgrowth_Gen_Borgelt,1,yearmsd,minsup,0.1006854631363455,19.9382,1892.55,571,False,,20261002_143511,exact,Linux x86_64,fresh4
Gr_growth,1,yearmsd,minsup,0.1006854631363455,23.3846,1679.54,572,False,,20261002_143535,exact,Linux x86_64,fresh4
FGC_Stream,1,bank_full,minsup,0.2128630200614894,600.015,60.67,0,True,,20261002_144324,exact,Linux x86_64,fresh4
TalkyG_Diffset,1,yearmsd,minsup,0.1006854631363455,5.924,2805.62,572,False,,20261002_144330,exact,Linux x86_64,fresh4
Talky_G,1,yearmsd,minsup,0.1006854631363455,5.9119,2819.09,572,False,,20261002_144336,exact,Linux x86_64,fresh4
Pascal,1,yearmsd,minsup,0.1006854631363455,600.0721,1053.78,218,True,,20261002_144535,exact,Linux x86_64,fresh4
Zart,1,yearmsd,minsup,0.1006854631363455,600.1843,3005.68,0,True,,20261002_145336,exact,Linux x86_64,fresh4
Apriori_Gen_Borgelt,1,tictactoe,minsup,0.0581941544885177,0.0062,3.05,1032,False,,20261002_145337,exact,Linux x86_64,fresh4
DefMe,1,tictactoe,minsup,0.0581941544885177,0.2131,75.84,1033,False,,20261002_145337,exact,Linux x86_64,fresh4
Eclat_Gen_Borgelt,1,tictactoe,minsup,0.0581941544885177,0.0095,4.34,1032,False,,20261002_145337,exact,Linux x86_64,fresh4
FPgrowth_Gen_Borgelt,1,tictactoe,minsup,0.0581941544885177,0.0069,4.75,1032,False,,20261002_145338,exact,Linux x86_64,fresh4
Gr_growth,1,tictactoe,minsup,0.0581941544885177,0.0096,13.91,1033,False,,20261002_145338,exact,Linux x86_64,fresh4
Pascal,1,tictactoe,minsup,0.0581941544885177,0.2846,87.46,1032,False,,20261002_145338,exact,Linux x86_64,fresh4
TalkyG_Diffset,1,tictactoe,minsup,0.0581941544885177,0.2059,77.2,1033,False,,20261002_145339,exact,Linux x86_64,fresh4
Talky_G,1,tictactoe,minsup,0.0581941544885177,0.1959,74.01,1033,False,,20261002_145339,exact,Linux x86_64,fresh4
Zart,1,tictactoe,minsup,0.0581941544885177,0.4031,99.91,1033,False,,20261002_145340,exact,Linux x86_64,fresh4
FGC_Stream,1,tictactoe,minsup,0.0581941544885177,0.8623,6.04,1033,False,,20261002_145341,exact,Linux x86_64,fresh4
Apriori_Gen_Borgelt,1,car,minsup,0.0264756944444444,0.0064,3.2,794,False,,20261002_145341,exact,Linux x86_64,fresh4
DefMe,1,car,minsup,0.0264756944444444,0.1857,79.35,795,False,,20261002_145342,exact,Linux x86_64,fresh4
Eclat_Gen_Borgelt,1,car,minsup,0.0264756944444444,0.0098,3.8,794,False,,20261002_145342,exact,Linux x86_64,fresh4
FPgrowth_Gen_Borgelt,1,car,minsup,0.0264756944444444,0.0061,3.99,794,False,,20261002_145342,exact,Linux x86_64,fresh4
Gr_growth,1,car,minsup,0.0264756944444444,0.0089,13.76,795,False,,20261002_145342,exact,Linux x86_64,fresh4
Pascal,1,car,minsup,0.0264756944444444,0.2525,83.95,794,False,,20261002_145343,exact,Linux x86_64,fresh4
TalkyG_Diffset,1,car,minsup,0.0264756944444444,0.2156,79.25,795,False,,20261002_145343,exact,Linux x86_64,fresh4
Talky_G,1,car,minsup,0.0264756944444444,0.1973,77.24,795,False,,20261002_145344,exact,Linux x86_64,fresh4
Zart,1,car,minsup,0.0264756944444444,0.4028,121.18,795,False,,20261002_145344,exact,Linux x86_64,fresh4
FGC_Stream,1,car,minsup,0.0264756944444444,0.845,6.11,795,False,,20261002_145345,exact,Linux x86_64,fresh4
Apriori_Gen_Borgelt,1,nursery,minsup,0.0499807098765432,0.0108,4.9,621,False,,20261002_145345,exact,Linux x86_64,fresh4
DefMe,1,nursery,minsup,0.0499807098765432,0.2149,91.68,622,False,,20261002_145346,exact,Linux x86_64,fresh4
Eclat_Gen_Borgelt,1,nursery,minsup,0.0499807098765432,0.0174,6.14,621,False,,20261002_145346,exact,Linux x86_64,fresh4
FPgrowth_Gen_Borgelt,1,nursery,minsup,0.0499807098765432,0.0119,6.31,621,False,,20261002_145346,exact,Linux x86_64,fresh4
Gr_growth,1,nursery,minsup,0.0499807098765432,0.0116,14.54,622,False,,20261002_145347,exact,Linux x86_64,fresh4
Pascal,1,nursery,minsup,0.0499807098765432,0.5865,95.2,621,False,,20261002_145347,exact,Linux x86_64,fresh4
TalkyG_Diffset,1,nursery,minsup,0.0499807098765432,0.2429,98.33,622,False,,20261002_145348,exact,Linux x86_64,fresh4
Talky_G,1,nursery,minsup,0.0499807098765432,0.2357,94.91,622,False,,20261002_145348,exact,Linux x86_64,fresh4
Zart,1,nursery,minsup,0.0499807098765432,1.0791,133.46,622,False,,20261002_145350,exact,Linux x86_64,fresh4
FGC_Stream,1,nursery,minsup,0.0499807098765432,92.0876,15.8,622,False,,20261002_145522,exact,Linux x86_64,fresh4
Apriori_Gen_Borgelt,1,shoppers,minsup,0.0338807785888077,0.3595,7.77,79912,False,,20261002_145523,exact,Linux x86_64,fresh4
DefMe,1,shoppers,minsup,0.0338807785888077,0.5204,499.71,79913,False,,20261002_145523,exact,Linux x86_64,fresh4
Eclat_Gen_Borgelt,1,shoppers,minsup,0.0338807785888077,0.0954,20.96,79912,False,,20261002_145524,exact,Linux x86_64,fresh4
FPgrowth_Gen_Borgelt,1,shoppers,minsup,0.0338807785888077,0.0505,26.93,79912,False,,20261002_145524,exact,Linux x86_64,fresh4
Gr_growth,1,shoppers,minsup,0.0338807785888077,0.0801,19.52,79913,False,,20261002_145524,exact,Linux x86_64,fresh4
FGC_Stream,1,yearmsd,minsup,0.1006854631363455,600.1087,2191.06,0,True,,20261002_145535,exact,Linux x86_64,fresh4
TalkyG_Diffset,1,shoppers,minsup,0.0338807785888077,0.4746,238.23,80092,False,,20261002_145536,exact,Linux x86_64,fresh4
Talky_G,1,shoppers,minsup,0.0338807785888077,0.4504,249.34,80092,False,,20261002_145537,exact,Linux x86_64,fresh4
Pascal,1,shoppers,minsup,0.0338807785888077,22.2531,135.62,79912,False,,20261002_145547,exact,Linux x86_64,fresh4
Zart,1,shoppers,minsup,0.0338807785888077,583.2783,476.2,79913,False,,20261002_150520,exact,Linux x86_64,fresh4
Apriori_Gen_Borgelt,1,letter,minsup,0.0253875,0.0495,6.91,1797,False,,20261002_150520,exact,Linux x86_64,fresh4
DefMe,1,letter,minsup,0.0253875,0.2724,158.53,1798,False,,20261002_150521,exact,Linux x86_64,fresh4
Eclat_Gen_Borgelt,1,letter,minsup,0.0253875,0.0393,10.3,1797,False,,20261002_150521,exact,Linux x86_64,fresh4
FPgrowth_Gen_Borgelt,1,letter,minsup,0.0253875,0.046,17.39,1797,False,,20261002_150521,exact,Linux x86_64,fresh4
Gr_growth,1,letter,minsup,0.0253875,0.0515,21.72,1798,False,,20261002_150522,exact,Linux x86_64,fresh4
Pascal,1,letter,minsup,0.0253875,5.4453,111.71,1797,False,,20261002_150527,exact,Linux x86_64,fresh4
TalkyG_Diffset,1,letter,minsup,0.0253875,0.278,115.44,1802,False,,20261002_150528,exact,Linux x86_64,fresh4
Talky_G,1,letter,minsup,0.0253875,0.331,113.94,1802,False,,20261002_150528,exact,Linux x86_64,fresh4
Zart,1,letter,minsup,0.0253875,11.2793,405.02,1798,False,,20261002_150540,exact,Linux x86_64,fresh4
FGC_Stream,1,shoppers,minsup,0.0338807785888077,600.0151,42.98,0,True,,20261002_150547,exact,Linux x86_64,fresh4
Apriori_Gen_Borgelt,1,krk,minsup,0.0042326062161391,0.0226,7.07,3694,False,,20261002_150547,exact,Linux x86_64,fresh4
DefMe,1,krk,minsup,0.0042326062161391,0.2571,168.6,3695,False,,20261002_150548,exact,Linux x86_64,fresh4
Eclat_Gen_Borgelt,1,krk,minsup,0.0042326062161391,0.0304,10.8,3694,False,,20261002_150548,exact,Linux x86_64,fresh4
FPgrowth_Gen_Borgelt,1,krk,minsup,0.0042326062161391,0.0262,13.78,3694,False,,20261002_150548,exact,Linux x86_64,fresh4
Gr_growth,1,krk,minsup,0.0042326062161391,0.0224,16.41,3695,False,,20261002_150548,exact,Linux x86_64,fresh4
Pascal,1,krk,minsup,0.0042326062161391,2.3198,100.01,3694,False,,20261002_150551,exact,Linux x86_64,fresh4
TalkyG_Diffset,1,krk,minsup,0.0042326062161391,0.255,134.73,3695,False,,20261002_150551,exact,Linux x86_64,fresh4
Talky_G,1,krk,minsup,0.0042326062161391,0.262,140.87,3695,False,,20261002_150552,exact,Linux x86_64,fresh4
Zart,1,krk,minsup,0.0042326062161391,8.1115,133.46,3695,False,,20261002_150600,exact,Linux x86_64,fresh4
FGC_Stream,1,krk,minsup,0.0042326062161391,230.9086,29.46,3695,False,,20261002_150951,exact,Linux x86_64,fresh4
Apriori_Gen_Borgelt,1,adult,minsup,0.0176821964927367,0.1782,8.54,18311,False,,20261002_150952,exact,Linux x86_64,fresh4
DefMe,1,adult,minsup,0.0176821964927367,0.5011,513.92,18312,False,,20261002_150952,exact,Linux x86_64,fresh4
Eclat_Gen_Borgelt,1,adult,minsup,0.0176821964927367,0.0594,19.35,18311,False,,20261002_150953,exact,Linux x86_64,fresh4
FPgrowth_Gen_Borgelt,1,adult,minsup,0.0176821964927367,0.0464,21.27,18311,False,,20261002_150953,exact,Linux x86_64,fresh4
Gr_growth,1,adult,minsup,0.0176821964927367,0.0569,17.34,18312,False,,20261002_150953,exact,Linux x86_64,fresh4
Pascal,1,adult,minsup,0.0176821964927367,12.5958,124.13,18311,False,,20261002_151006,exact,Linux x86_64,fresh4
TalkyG_Diffset,1,adult,minsup,0.0176821964927367,0.3537,210.58,18372,False,,20261002_151007,exact,Linux x86_64,fresh4
Talky_G,1,adult,minsup,0.0176821964927367,0.3468,209.29,18372,False,,20261002_151007,exact,Linux x86_64,fresh4
FGC_Stream,1,letter,minsup,0.0253875,334.3325,38.93,1798,False,,20261002_151114,exact,Linux x86_64,fresh4
Zart,1,adult,minsup,0.0176821964927367,318.737,442.4,18312,False,,20261002_151526,exact,Linux x86_64,fresh4
Apriori_Gen_Borgelt,1,shuttle,minsup,0.0043160919540229,0.0366,6.3,27220,False,,20261002_151526,exact,Linux x86_64,fresh4
DefMe,1,shuttle,minsup,0.0043160919540229,0.5131,493.91,27221,False,,20261002_151527,exact,Linux x86_64,fresh4
Eclat_Gen_Borgelt,1,shuttle,minsup,0.0043160919540229,0.0341,14.62,27220,False,,20261002_151527,exact,Linux x86_64,fresh4
FPgrowth_Gen_Borgelt,1,shuttle,minsup,0.0043160919540229,0.0366,15.71,27220,False,,20261002_151528,exact,Linux x86_64,fresh4
Gr_growth,1,shuttle,minsup,0.0043160919540229,0.0324,15.0,27221,False,,20261002_151528,exact,Linux x86_64,fresh4
Pascal,1,shuttle,minsup,0.0043160919540229,16.6497,117.03,27220,False,,20261002_151545,exact,Linux x86_64,fresh4
TalkyG_Diffset,1,shuttle,minsup,0.0043160919540229,0.4336,392.16,30374,False,,20261002_151546,exact,Linux x86_64,fresh4
Talky_G,1,shuttle,minsup,0.0043160919540229,0.3948,252.76,30374,False,,20261002_151546,exact,Linux x86_64,fresh4
Zart,1,shuttle,minsup,0.0043160919540229,137.2946,398.43,27221,False,,20261002_151804,exact,Linux x86_64,fresh4
FGC_Stream,1,adult,minsup,0.0176821964927367,600.0152,37.71,0,True,,20261002_152115,exact,Linux x86_64,fresh4
Apriori_Gen_Borgelt,1,bank_full,minsup,0.0314912300103957,0.4248,12.46,22707,False,,20261002_152115,exact,Linux x86_64,fresh4
DefMe,1,bank_full,minsup,0.0314912300103957,0.6335,513.23,22708,False,,20261002_152116,exact,Linux x86_64,fresh4
Eclat_Gen_Borgelt,1,bank_full,minsup,0.0314912300103957,0.1291,26.3,22707,False,,20261002_152117,exact,Linux x86_64,fresh4
FPgrowth_Gen_Borgelt,1,bank_full,minsup,0.0314912300103957,0.0718,33.98,22707,False,,20261002_152117,exact,Linux x86_64,fresh4
Gr_growth,1,bank_full,minsup,0.0314912300103957,0.0902,22.49,22708,False,,20261002_152117,exact,Linux x86_64,fresh4
Pascal,1,bank_full,minsup,0.0314912300103957,19.5956,141.91,22707,False,,20261002_152137,exact,Linux x86_64,fresh4
TalkyG_Diffset,1,bank_full,minsup,0.0314912300103957,0.3967,291.43,22715,False,,20261002_152138,exact,Linux x86_64,fresh4
Talky_G,1,bank_full,minsup,0.0314912300103957,0.3659,244.51,22715,False,,20261002_152138,exact,Linux x86_64,fresh4
Zart,1,bank_full,minsup,0.0314912300103957,319.0143,437.59,22708,False,,20261002_152657,exact,Linux x86_64,fresh4
FGC_Stream,1,shuttle,minsup,0.0043160919540229,600.0193,31.58,0,True,,20261002_152804,exact,Linux x86_64,fresh4
Apriori_Gen_Borgelt,1,yearmsd,minsup,0.0707792837807682,6.4557,398.45,1691,False,,20261002_152811,exact,Linux x86_64,fresh4
DefMe,1,yearmsd,minsup,0.0707792837807682,5.8793,3033.79,1692,False,,20261002_152817,exact,Linux x86_64,fresh4
Eclat_Gen_Borgelt,1,yearmsd,minsup,0.0707792837807682,11.7062,771.41,1691,False,,20261002_152829,exact,Linux x86_64,fresh4
FPgrowth_Gen_Borgelt,1,yearmsd,minsup,0.0707792837807682,24.9319,1993.01,1691,False,,20261002_152854,exact,Linux x86_64,fresh4
Gr_growth,1,yearmsd,minsup,0.0707792837807682,29.2883,1695.78,1692,False,,20261002_152923,exact,Linux x86_64,fresh4
FGC_Stream,1,bank_full,minsup,0.0314912300103957,600.0273,39.13,0,True,,20261002_153658,exact,Linux x86_64,fresh4
TalkyG_Diffset,1,yearmsd,minsup,0.0707792837807682,6.0979,3011.56,1692,False,,20261002_153704,exact,Linux x86_64,fresh4
Talky_G,1,yearmsd,minsup,0.0707792837807682,6.0943,3010.85,1692,False,,20261002_153710,exact,Linux x86_64,fresh4
Pascal,1,yearmsd,minsup,0.0707792837807682,600.1483,1073.12,218,True,,20261002_153924,exact,Linux x86_64,fresh4
Zart,1,yearmsd,minsup,0.0707792837807682,600.1813,3051.89,0,True,,20261002_154711,exact,Linux x86_64,fresh4
Apriori_Gen_Borgelt,1,shoppers,minsup,0.002250608272506,4.8203,131.55,3549329,False,,20261002_154716,exact,Linux x86_64,fresh4
DefMe,1,shoppers,minsup,0.002250608272506,12.6091,742.77,3549330,False,,20261002_154729,exact,Linux x86_64,fresh4
Eclat_Gen_Borgelt,1,shoppers,minsup,0.002250608272506,2.243,315.32,3549329,False,,20261002_154732,exact,Linux x86_64,fresh4
FPgrowth_Gen_Borgelt,1,shoppers,minsup,0.002250608272506,1.7049,326.27,3549329,False,,20261002_154734,exact,Linux x86_64,fresh4
Gr_growth,1,shoppers,minsup,0.002250608272506,2.1615,171.72,3549330,False,,20261002_154736,exact,Linux x86_64,fresh4
FGC_Stream,1,yearmsd,minsup,0.0707792837807682,600.076,1552.81,0,True,,20261002_154924,exact,Linux x86_64,fresh4
Pascal,1,shoppers,minsup,0.002250608272506,600.126,317.59,624776,True,,20261002_155737,exact,Linux x86_64,fresh4
TalkyG_Diffset,1,shoppers,minsup,0.002250608272506,600.1339,520.77,1703944,True,,20261002_155924,exact,Linux x86_64,fresh4
Talky_G,1,shoppers,minsup,0.002250608272506,600.0364,518.86,1719606,True,,20261002_160737,exact,Linux x86_64,fresh4
Zart,1,shoppers,minsup,0.002250608272506,600.1315,525.54,0,True,,20261002_160925,exact,Linux x86_64,fresh4
Apriori_Gen_Borgelt,1,letter,minsup,0.0082875,0.1022,8.02,18612,False,,20261002_160925,exact,Linux x86_64,fresh4
DefMe,1,letter,minsup,0.0082875,0.4081,383.31,18613,False,,20261002_160926,exact,Linux x86_64,fresh4
Eclat_Gen_Borgelt,1,letter,minsup,0.0082875,0.0972,17.55,18612,False,,20261002_160926,exact,Linux x86_64,fresh4
FPgrowth_Gen_Borgelt,1,letter,minsup,0.0082875,0.0918,50.93,18612,False,,20261002_160926,exact,Linux x86_64,fresh4
Gr_growth,1,letter,minsup,0.0082875,0.0989,22.82,18613,False,,20261002_160927,exact,Linux x86_64,fresh4
Pascal,1,letter,minsup,0.0082875,32.6666,124.96,18612,False,,20261002_161000,exact,Linux x86_64,fresh4
TalkyG_Diffset,1,letter,minsup,0.0082875,0.4105,383.57,18792,False,,20261002_161000,exact,Linux x86_64,fresh4
Talky_G,1,letter,minsup,0.0082875,0.4143,364.48,18792,False,,20261002_161001,exact,Linux x86_64,fresh4
Zart,1,letter,minsup,0.0082875,129.4162,555.38,18613,False,,20261002_161210,exact,Linux x86_64,fresh4
FGC_Stream,1,shoppers,minsup,0.002250608272506,600.0634,443.37,0,True,,20261002_161738,exact,Linux x86_64,fresh4
Apriori_Gen_Borgelt,1,krk,minsup,0.0019514542343883,0.0343,7.39,9836,False,,20261002_161738,exact,Linux x86_64,fresh4
DefMe,1,krk,minsup,0.0019514542343883,0.3206,269.83,9837,False,,20261002_161738,exact,Linux x86_64,fresh4
Eclat_Gen_Borgelt,1,krk,minsup,0.0019514542343883,0.0276,15.09,9836,False,,20261002_161739,exact,Linux x86_64,fresh4
FPgrowth_Gen_Borgelt,1,krk,minsup,0.0019514542343883,0.0248,17.87,9836,False,,20261002_161739,exact,Linux x86_64,fresh4
Gr_growth,1,krk,minsup,0.0019514542343883,0.0334,16.57,9837,False,,20261002_161739,exact,Linux x86_64,fresh4
Pascal,1,krk,minsup,0.0019514542343883,4.1152,102.55,9836,False,,20261002_161743,exact,Linux x86_64,fresh4
TalkyG_Diffset,1,krk,minsup,0.0019514542343883,0.2945,201.76,9837,False,,20261002_161744,exact,Linux x86_64,fresh4
Talky_G,1,krk,minsup,0.0019514542343883,0.3032,199.62,9837,False,,20261002_161744,exact,Linux x86_64,fresh4
Zart,1,krk,minsup,0.0019514542343883,23.3557,162.46,9837,False,,20261002_161808,exact,Linux x86_64,fresh4
FGC_Stream,1,letter,minsup,0.0082875,600.0226,51.59,0,True,,20261002_162211,exact,Linux x86_64,fresh4
Apriori_Gen_Borgelt,1,adult,minsup,0.0004837075028408,0.9702,47.07,1074688,False,,20261002_162212,exact,Linux x86_64,fresh4
DefMe,1,adult,minsup,0.0004837075028408,12.5822,770.56,1074689,False,,20261002_162225,exact,Linux x86_64,fresh4
Eclat_Gen_Borgelt,1,adult,minsup,0.0004837075028408,0.6672,112.73,1074688,False,,20261002_162226,exact,Linux x86_64,fresh4
FPgrowth_Gen_Borgelt,1,adult,minsup,0.0004837075028408,0.5195,119.96,1074688,False,,20261002_162227,exact,Linux x86_64,fresh4
Gr_growth,1,adult,minsup,0.0004837075028408,0.6034,55.79,1074689,False,,20261002_162228,exact,Linux x86_64,fresh4
FGC_Stream,1,krk,minsup,0.0019514542343883,266.7521,37.49,9837,False,,20261002_162235,exact,Linux x86_64,fresh4
TalkyG_Diffset,1,adult,minsup,0.0004837075028408,191.0628,470.96,1079268,False,,20261002_162546,exact,Linux x86_64,fresh4
Talky_G,1,adult,minsup,0.0004837075028408,188.509,473.51,1079268,False,,20261002_162855,exact,Linux x86_64,fresh4
Pascal,1,adult,minsup,0.0004837075028408,600.1256,375.46,438422,True,,20261002_163228,exact,Linux x86_64,fresh4
Zart,1,adult,minsup,0.0004837075028408,600.1149,495.25,0,True,,20261002_163856,exact,Linux x86_64,fresh4
Apriori_Gen_Borgelt,1,bank_full,minsup,0.0019630178496383,3.3988,59.42,1441871,False,,20261002_163859,exact,Linux x86_64,fresh4
DefMe,1,bank_full,minsup,0.0019630178496383,22.989,821.01,1441872,False,,20261002_163922,exact,Linux x86_64,fresh4
Eclat_Gen_Borgelt,1,bank_full,minsup,0.0019630178496383,1.1148,141.59,1441871,False,,20261002_163924,exact,Linux x86_64,fresh4
FPgrowth_Gen_Borgelt,1,bank_full,minsup,0.0019630178496383,0.7642,162.97,1441871,False,,20261002_163925,exact,Linux x86_64,fresh4
Gr_growth,1,bank_full,minsup,0.0019630178496383,0.961,85.32,1441872,False,,20261002_163926,exact,Linux x86_64,fresh4
FGC_Stream,1,adult,minsup,0.0004837075028408,600.0262,280.05,0,True,,20261002_164228,exact,Linux x86_64,fresh4
TalkyG_Diffset,1,bank_full,minsup,0.0019630178496383,132.9526,588.84,1443226,False,,20261002_164441,exact,Linux x86_64,fresh4
Talky_G,1,bank_full,minsup,0.0019630178496383,127.8616,500.46,1443226,False,,20261002_164650,exact,Linux x86_64,fresh4
Pascal,1,bank_full,minsup,0.0019630178496383,600.0947,397.05,432113,True,,20261002_164927,exact,Linux x86_64,fresh4
Zart,1,bank_full,minsup,0.0019630178496383,600.1341,479.47,0,True,,20261002_165650,exact,Linux x86_64,fresh4
Apriori_Gen_Borgelt,1,yearmsd,minsup,0.0552654047288709,22.1937,399.07,6736,False,,20261002_165712,exact,Linux x86_64,fresh4
DefMe,1,yearmsd,minsup,0.0552654047288709,14.29,3056.11,6737,False,,20261002_165727,exact,Linux x86_64,fresh4
Eclat_Gen_Borgelt,1,yearmsd,minsup,0.0552654047288709,18.6161,792.62,6736,False,,20261002_165746,exact,Linux x86_64,fresh4
FPgrowth_Gen_Borgelt,1,yearmsd,minsup,0.0552654047288709,39.9628,3807.36,6736,False,,20261002_165826,exact,Linux x86_64,fresh4
Gr_growth,1,yearmsd,minsup,0.0552654047288709,49.2876,1771.57,6737,False,,20261002_165915,exact,Linux x86_64,fresh4
FGC_Stream,1,bank_full,minsup,0.0019630178496383,600.0271,117.35,0,True,,20261002_165927,exact,Linux x86_64,fresh4
TalkyG_Diffset,1,yearmsd,minsup,0.0552654047288709,7.0946,3046.89,6737,False,,20261002_165934,exact,Linux x86_64,fresh4
Talky_G,1,yearmsd,minsup,0.0552654047288709,7.0846,3097.61,6737,False,,20261002_165942,exact,Linux x86_64,fresh4
Pascal,1,yearmsd,minsup,0.0552654047288709,600.1471,1035.5,218,True,,20261002_170916,exact,Linux x86_64,fresh4
Zart,1,yearmsd,minsup,0.0552654047288709,600.1319,3044.87,0,True,,20261002_170942,exact,Linux x86_64,fresh4
Apriori_Gen_Borgelt,1,letter,minsup,0.0008375,1.8053,85.64,1339250,False,,20261002_170944,exact,Linux x86_64,fresh4
DefMe,1,letter,minsup,0.0008375,6.2694,837.99,1339251,False,,20261002_170951,exact,Linux x86_64,fresh4
Eclat_Gen_Borgelt,1,letter,minsup,0.0008375,1.0765,116.78,1339250,False,,20261002_170952,exact,Linux x86_64,fresh4
FPgrowth_Gen_Borgelt,1,letter,minsup,0.0008375,0.8946,171.55,1339250,False,,20261002_170953,exact,Linux x86_64,fresh4
Gr_growth,1,letter,minsup,0.0008375,1.1374,77.04,1339251,False,,20261002_170955,exact,Linux x86_64,fresh4
FGC_Stream,1,yearmsd,minsup,0.0552654047288709,600.1139,1219.96,0,True,,20261002_171916,exact,Linux x86_64,fresh4
Pascal,1,letter,minsup,0.0008375,600.1246,472.29,222499,True,,20261002_171955,exact,Linux x86_64,fresh4
TalkyG_Diffset,1,letter,minsup,0.0008375,600.1161,469.27,1083613,True,,20261002_172917,exact,Linux x86_64,fresh4
Talky_G,1,letter,minsup,0.0008375,600.0617,463.05,1055991,True,,20261002_172955,exact,Linux x86_64,fresh4
Zart,1,letter,minsup,0.0008375,600.1443,779.66,0,True,,20261002_173917,exact,Linux x86_64,fresh4
FGC_Stream,1,letter,minsup,0.0008375,600.0344,378.75,0,True,,20261002_173956,exact,Linux x86_64,fresh4
DefMe,1,yearmsd,minsup,0.0457785561128952,37.8887,3070.39,24597,False,,20261002_174034,exact,Linux x86_64,fresh4
Apriori_Gen_Borgelt,1,yearmsd,minsup,0.0457785561128952,97.2315,403.64,24596,False,,20261002_174054,exact,Linux x86_64,fresh4
Eclat_Gen_Borgelt,1,yearmsd,minsup,0.0457785561128952,38.5119,809.3,24596,False,,20261002_174112,exact,Linux x86_64,fresh4
FPgrowth_Gen_Borgelt,1,yearmsd,minsup,0.0457785561128952,54.6324,7824.27,10718,False,non-zero exit code 1: /home/hanketsu/Desktop/Projects/CENG643/TermProject/external_algos/borgelt/fpgrowth: not enough memory,20261002_174149,exact,Linux x86_64,fresh4
Gr_growth,1,yearmsd,minsup,0.0457785561128952,125.2405,1869.86,24597,False,,20261002_174318,exact,Linux x86_64,fresh4
TalkyG_Diffset,1,yearmsd,minsup,0.0457785561128952,12.9875,3016.31,24597,False,,20261002_174331,exact,Linux x86_64,fresh4
Talky_G,1,yearmsd,minsup,0.0457785561128952,12.7164,3038.34,24597,False,,20261002_174344,exact,Linux x86_64,fresh4
Pascal,1,yearmsd,minsup,0.0457785561128952,600.1488,1066.41,218,True,,20261002_175150,exact,Linux x86_64,fresh4
Zart,1,yearmsd,minsup,0.0457785561128952,600.1897,3047.25,0,True,,20261002_175344,exact,Linux x86_64,fresh4
FGC_Stream,1,yearmsd,minsup,0.0457785561128952,600.0638,1017.66,0,True,,20261002_180150,exact,Linux x86_64,fresh4
Apriori_Gen_Borgelt,1,breast_cancer,minsup,0.3907342657342657,0.0244,2.85,25,False,,20261003_103308,exact,Linux x86_64,fresh5
DefMe,1,breast_cancer,minsup,0.3907342657342657,0.1929,70.72,26,False,,20261003_103308,exact,Linux x86_64,fresh5
Eclat_Gen_Borgelt,1,breast_cancer,minsup,0.3907342657342657,0.0061,2.94,25,False,,20261003_103308,exact,Linux x86_64,fresh5
FPgrowth_Gen_Borgelt,1,breast_cancer,minsup,0.3907342657342657,0.0058,3.05,25,False,,20261003_103308,exact,Linux x86_64,fresh5
Gr_growth,1,breast_cancer,minsup,0.3907342657342657,0.0084,13.75,26,False,,20261003_103309,exact,Linux x86_64,fresh5
Pascal,1,breast_cancer,minsup,0.3907342657342657,0.2516,72.0,25,False,,20261003_103309,exact,Linux x86_64,fresh5
TalkyG_Diffset,1,breast_cancer,minsup,0.3907342657342657,0.1968,72.08,26,False,,20261003_103309,exact,Linux x86_64,fresh5
Talky_G,1,breast_cancer,minsup,0.3907342657342657,0.2171,72.38,26,False,,20261003_103309,exact,Linux x86_64,fresh5
Zart,1,breast_cancer,minsup,0.3907342657342657,0.2115,73.34,26,False,,20261003_103309,exact,Linux x86_64,fresh5
FGC_Stream,1,breast_cancer,minsup,0.3907342657342657,0.0234,4.41,26,False,,20261003_103310,exact,Linux x86_64,fresh5
Apriori_Gen_Borgelt,1,primary_tumor,minsup,0.7957227138643068,0.006,2.77,22,False,,20261003_103310,exact,Linux x86_64,fresh5
Eclat_Gen_Borgelt,1,primary_tumor,minsup,0.7957227138643068,0.0081,3.03,22,False,,20261003_103310,exact,Linux x86_64,fresh5
DefMe,1,primary_tumor,minsup,0.7957227138643068,0.1957,71.99,23,False,,20261003_103310,exact,Linux x86_64,fresh5
FPgrowth_Gen_Borgelt,1,primary_tumor,minsup,0.7957227138643068,0.0063,3.18,22,False,,20261003_103310,exact,Linux x86_64,fresh5
Gr_growth,1,primary_tumor,minsup,0.7957227138643068,0.008,13.6,23,False,,20261003_103310,exact,Linux x86_64,fresh5
Pascal,1,primary_tumor,minsup,0.7957227138643068,0.2826,74.09,22,False,,20261003_103311,exact,Linux x86_64,fresh5
TalkyG_Diffset,1,primary_tumor,minsup,0.7957227138643068,0.1848,71.44,23,False,,20261003_103311,exact,Linux x86_64,fresh5
Talky_G,1,primary_tumor,minsup,0.7957227138643068,0.2457,73.9,23,False,,20261003_103311,exact,Linux x86_64,fresh5
Zart,1,primary_tumor,minsup,0.7957227138643068,0.2114,71.78,23,False,,20261003_103311,exact,Linux x86_64,fresh5
FGC_Stream,1,primary_tumor,minsup,0.7957227138643068,0.0286,4.71,23,False,,20261003_103311,exact,Linux x86_64,fresh5
Apriori_Gen_Borgelt,1,colic,minsup,0.3634510869565217,0.006,2.93,24,False,,20261003_103311,exact,Linux x86_64,fresh5
Eclat_Gen_Borgelt,1,colic,minsup,0.3634510869565217,0.0061,2.96,24,False,,20261003_103312,exact,Linux x86_64,fresh5
DefMe,1,colic,minsup,0.3634510869565217,0.2155,74.65,25,False,,20261003_103312,exact,Linux x86_64,fresh5
FPgrowth_Gen_Borgelt,1,colic,minsup,0.3634510869565217,0.0066,3.19,24,False,,20261003_103312,exact,Linux x86_64,fresh5
Gr_growth,1,colic,minsup,0.3634510869565217,0.0081,13.75,25,False,,20261003_103312,exact,Linux x86_64,fresh5
Pascal,1,colic,minsup,0.3634510869565217,0.2791,73.35,24,False,,20261003_103313,exact,Linux x86_64,fresh5
TalkyG_Diffset,1,colic,minsup,0.3634510869565217,0.1926,71.93,25,False,,20261003_103313,exact,Linux x86_64,fresh5
Talky_G,1,colic,minsup,0.3634510869565217,0.2383,72.25,25,False,,20261003_103313,exact,Linux x86_64,fresh5
Zart,1,colic,minsup,0.3634510869565217,0.2277,74.68,25,False,,20261003_103313,exact,Linux x86_64,fresh5
FGC_Stream,1,colic,minsup,0.3634510869565217,0.0386,4.87,25,False,,20261003_103313,exact,Linux x86_64,fresh5
Apriori_Gen_Borgelt,1,vote,minsup,0.4637931034482758,0.0074,2.84,32,False,,20261003_103313,exact,Linux x86_64,fresh5
Eclat_Gen_Borgelt,1,vote,minsup,0.4637931034482758,0.0088,3.13,32,False,,20261003_103314,exact,Linux x86_64,fresh5
DefMe,1,vote,minsup,0.4637931034482758,0.1977,75.53,33,False,,20261003_103314,exact,Linux x86_64,fresh5
FPgrowth_Gen_Borgelt,1,vote,minsup,0.4637931034482758,0.0061,3.09,32,False,,20261003_103314,exact,Linux x86_64,fresh5
Gr_growth,1,vote,minsup,0.4637931034482758,0.0077,13.78,33,False,,20261003_103314,exact,Linux x86_64,fresh5
Pascal,1,vote,minsup,0.4637931034482758,0.2698,74.24,32,False,,20261003_103314,exact,Linux x86_64,fresh5
TalkyG_Diffset,1,vote,minsup,0.4637931034482758,0.2006,72.86,33,False,,20261003_103314,exact,Linux x86_64,fresh5
Talky_G,1,vote,minsup,0.4637931034482758,0.2545,77.78,33,False,,20261003_103315,exact,Linux x86_64,fresh5
Zart,1,vote,minsup,0.4637931034482758,0.2343,77.39,33,False,,20261003_103315,exact,Linux x86_64,fresh5
FGC_Stream,1,vote,minsup,0.4637931034482758,0.053,4.38,33,False,,20261003_103315,exact,Linux x86_64,fresh5
Apriori_Gen_Borgelt,1,credit_a,minsup,0.4923913043478261,0.0062,2.94,20,False,,20261003_103315,exact,Linux x86_64,fresh5
Eclat_Gen_Borgelt,1,credit_a,minsup,0.4923913043478261,0.0059,3.19,20,False,,20261003_103315,exact,Linux x86_64,fresh5
DefMe,1,credit_a,minsup,0.4923913043478261,0.206,77.19,21,False,,20261003_103315,exact,Linux x86_64,fresh5
FPgrowth_Gen_Borgelt,1,credit_a,minsup,0.4923913043478261,0.0068,3.17,20,False,,20261003_103316,exact,Linux x86_64,fresh5
Gr_growth,1,credit_a,minsup,0.4923913043478261,0.0082,13.79,21,False,,20261003_103316,exact,Linux x86_64,fresh5
Pascal,1,credit_a,minsup,0.4923913043478261,0.3077,72.43,20,False,,20261003_103316,exact,Linux x86_64,fresh5
TalkyG_Diffset,1,credit_a,minsup,0.4923913043478261,0.2452,77.86,21,False,,20261003_103316,exact,Linux x86_64,fresh5
Talky_G,1,credit_a,minsup,0.4923913043478261,0.2692,78.64,21,False,,20261003_103317,exact,Linux x86_64,fresh5
Zart,1,credit_a,minsup,0.4923913043478261,0.2107,76.18,21,False,,20261003_103317,exact,Linux x86_64,fresh5
Apriori_Gen_Borgelt,1,soybean,minsup,0.777086383601757,0.0058,3.15,20,False,,20261003_103317,exact,Linux x86_64,fresh5
FGC_Stream,1,credit_a,minsup,0.4923913043478261,0.1265,5.1,21,False,,20261003_103317,exact,Linux x86_64,fresh5
Eclat_Gen_Borgelt,1,soybean,minsup,0.777086383601757,0.0064,3.16,20,False,,20261003_103317,exact,Linux x86_64,fresh5
DefMe,1,soybean,minsup,0.777086383601757,0.2144,79.34,21,False,,20261003_103317,exact,Linux x86_64,fresh5
FPgrowth_Gen_Borgelt,1,soybean,minsup,0.777086383601757,0.0064,3.17,20,False,,20261003_103317,exact,Linux x86_64,fresh5
Gr_growth,1,soybean,minsup,0.777086383601757,0.0095,13.77,21,False,,20261003_103318,exact,Linux x86_64,fresh5
Pascal,1,soybean,minsup,0.777086383601757,0.2699,79.44,20,False,,20261003_103318,exact,Linux x86_64,fresh5
TalkyG_Diffset,1,soybean,minsup,0.777086383601757,0.2197,78.55,21,False,,20261003_103318,exact,Linux x86_64,fresh5
Talky_G,1,soybean,minsup,0.777086383601757,0.2507,77.86,21,False,,20261003_103318,exact,Linux x86_64,fresh5
Zart,1,soybean,minsup,0.777086383601757,0.2232,77.07,21,False,,20261003_103319,exact,Linux x86_64,fresh5
FGC_Stream,1,soybean,minsup,0.777086383601757,0.0541,5.78,21,False,,20261003_103319,exact,Linux x86_64,fresh5
Apriori_Gen_Borgelt,1,anneal,minsup,0.731347438752784,0.0067,3.13,12,False,,20261003_103319,exact,Linux x86_64,fresh5
Eclat_Gen_Borgelt,1,anneal,minsup,0.731347438752784,0.006,3.01,12,False,,20261003_103319,exact,Linux x86_64,fresh5
DefMe,1,anneal,minsup,0.731347438752784,0.2065,71.32,13,False,,20261003_103319,exact,Linux x86_64,fresh5
FPgrowth_Gen_Borgelt,1,anneal,minsup,0.731347438752784,0.0064,3.19,12,False,,20261003_103319,exact,Linux x86_64,fresh5
Gr_growth,1,anneal,minsup,0.731347438752784,0.007,13.76,13,False,,20261003_103319,exact,Linux x86_64,fresh5
Pascal,1,anneal,minsup,0.731347438752784,0.2561,72.05,12,False,,20261003_103320,exact,Linux x86_64,fresh5
TalkyG_Diffset,1,anneal,minsup,0.731347438752784,0.2066,75.68,12,False,,20261003_103320,exact,Linux x86_64,fresh5
Talky_G,1,anneal,minsup,0.731347438752784,0.2753,74.67,12,False,,20261003_103320,exact,Linux x86_64,fresh5
Zart,1,anneal,minsup,0.731347438752784,0.2173,75.88,13,False,,20261003_103320,exact,Linux x86_64,fresh5
FGC_Stream,1,anneal,minsup,0.731347438752784,0.0638,5.17,13,False,,20261003_103321,exact,Linux x86_64,fresh5
Apriori_Gen_Borgelt,1,credit_g,minsup,0.61075,0.0061,3.08,26,False,,20261003_103321,exact,Linux x86_64,fresh5
Eclat_Gen_Borgelt,1,credit_g,minsup,0.61075,0.0132,3.16,26,False,,20261003_103321,exact,Linux x86_64,fresh5
DefMe,1,credit_g,minsup,0.61075,0.2181,78.1,27,False,,20261003_103321,exact,Linux x86_64,fresh5
FPgrowth_Gen_Borgelt,1,credit_g,minsup,0.61075,0.0061,3.29,26,False,,20261003_103321,exact,Linux x86_64,fresh5
Gr_growth,1,credit_g,minsup,0.61075,0.0097,13.75,27,False,,20261003_103321,exact,Linux x86_64,fresh5
Pascal,1,credit_g,minsup,0.61075,0.2358,76.27,26,False,,20261003_103322,exact,Linux x86_64,fresh5
TalkyG_Diffset,1,credit_g,minsup,0.61075,0.2063,79.26,27,False,,20261003_103322,exact,Linux x86_64,fresh5
Talky_G,1,credit_g,minsup,0.61075,0.2226,74.75,27,False,,20261003_103322,exact,Linux x86_64,fresh5
Zart,1,credit_g,minsup,0.61075,0.2305,87.46,27,False,,20261003_103322,exact,Linux x86_64,fresh5
FGC_Stream,1,credit_g,minsup,0.61075,0.1606,5.82,27,False,,20261003_103322,exact,Linux x86_64,fresh5
Apriori_Gen_Borgelt,1,segment,minsup,0.2055194805194805,0.006,3.19,12,False,,20261003_103322,exact,Linux x86_64,fresh5
Eclat_Gen_Borgelt,1,segment,minsup,0.2055194805194805,0.0112,3.37,12,False,,20261003_103323,exact,Linux x86_64,fresh5
DefMe,1,segment,minsup,0.2055194805194805,0.2054,82.29,13,False,,20261003_103323,exact,Linux x86_64,fresh5
FPgrowth_Gen_Borgelt,1,segment,minsup,0.2055194805194805,0.0063,3.12,12,False,,20261003_103323,exact,Linux x86_64,fresh5
Gr_growth,1,segment,minsup,0.2055194805194805,0.0069,13.75,13,False,,20261003_103323,exact,Linux x86_64,fresh5
Pascal,1,segment,minsup,0.2055194805194805,0.275,83.61,12,False,,20261003_103323,exact,Linux x86_64,fresh5
TalkyG_Diffset,1,segment,minsup,0.2055194805194805,0.2065,84.25,12,False,,20261003_103324,exact,Linux x86_64,fresh5
Talky_G,1,segment,minsup,0.2055194805194805,0.2653,84.72,12,False,,20261003_103324,exact,Linux x86_64,fresh5
Zart,1,segment,minsup,0.2055194805194805,0.2248,82.16,13,False,,20261003_103324,exact,Linux x86_64,fresh5
FGC_Stream,1,segment,minsup,0.2055194805194805,0.0457,8.62,13,False,,20261003_103324,exact,Linux x86_64,fresh5
Apriori_Gen_Borgelt,1,hypothyroid,minsup,0.9858828207847296,0.0067,3.47,12,False,,20261003_103324,exact,Linux x86_64,fresh5
Eclat_Gen_Borgelt,1,hypothyroid,minsup,0.9858828207847296,0.0063,3.5,12,False,,20261003_103325,exact,Linux x86_64,fresh5
DefMe,1,hypothyroid,minsup,0.9858828207847296,0.2189,87.89,13,False,,20261003_103325,exact,Linux x86_64,fresh5
FPgrowth_Gen_Borgelt,1,hypothyroid,minsup,0.9858828207847296,0.0063,3.64,12,False,,20261003_103325,exact,Linux x86_64,fresh5
Gr_growth,1,hypothyroid,minsup,0.9858828207847296,0.009,13.66,13,False,,20261003_103325,exact,Linux x86_64,fresh5
Pascal,1,hypothyroid,minsup,0.9858828207847296,0.2864,97.99,12,False,,20261003_103325,exact,Linux x86_64,fresh5
TalkyG_Diffset,1,hypothyroid,minsup,0.9858828207847296,0.2238,86.16,12,False,,20261003_103325,exact,Linux x86_64,fresh5
Talky_G,1,hypothyroid,minsup,0.9858828207847296,0.3171,89.48,12,False,,20261003_103326,exact,Linux x86_64,fresh5
Zart,1,hypothyroid,minsup,0.9858828207847296,0.2538,105.2,13,False,,20261003_103326,exact,Linux x86_64,fresh5
Apriori_Gen_Borgelt,1,waveform_5000,minsup,0.13435,0.0158,4.88,214,False,,20261003_103326,exact,Linux x86_64,fresh5
FGC_Stream,1,hypothyroid,minsup,0.9858828207847296,0.1069,14.22,13,False,,20261003_103326,exact,Linux x86_64,fresh5
Eclat_Gen_Borgelt,1,waveform_5000,minsup,0.13435,0.0254,6.6,214,False,,20261003_103326,exact,Linux x86_64,fresh5
DefMe,1,waveform_5000,minsup,0.13435,0.2492,90.64,215,False,,20261003_103327,exact,Linux x86_64,fresh5
FPgrowth_Gen_Borgelt,1,waveform_5000,minsup,0.13435,0.0329,11.29,214,False,,20261003_103327,exact,Linux x86_64,fresh5
Gr_growth,1,waveform_5000,minsup,0.13435,0.0272,20.82,215,False,,20261003_103327,exact,Linux x86_64,fresh5
TalkyG_Diffset,1,waveform_5000,minsup,0.13435,0.2394,93.32,215,False,,20261003_103327,exact,Linux x86_64,fresh5
Talky_G,1,waveform_5000,minsup,0.13435,0.2422,93.24,215,False,,20261003_103328,exact,Linux x86_64,fresh5
Pascal,1,waveform_5000,minsup,0.13435,2.8881,90.93,214,False,,20261003_103330,exact,Linux x86_64,fresh5
Zart,1,waveform_5000,minsup,0.13435,4.6927,368.58,215,False,,20261003_103333,exact,Linux x86_64,fresh5
Apriori_Gen_Borgelt,1,susy,minsup,0.16199895,6.7294,1030.26,101,False,,20261003_103340,exact,Linux x86_64,fresh5
DefMe,1,susy,minsup,0.16199895,4.2333,2240.76,102,False,,20261003_103344,exact,Linux x86_64,fresh5
Eclat_Gen_Borgelt,1,susy,minsup,0.16199895,11.0152,1730.57,101,False,,20261003_103355,exact,Linux x86_64,fresh5
FPgrowth_Gen_Borgelt,1,susy,minsup,0.16199895,9.5338,2235.04,101,False,,20261003_103405,exact,Linux x86_64,fresh5
Gr_growth,1,susy,minsup,0.16199895,16.2215,1654.07,102,False,,20261003_103422,exact,Linux x86_64,fresh5
FGC_Stream,1,waveform_5000,minsup,0.13435,77.6989,23.14,215,False,,20261003_103448,exact,Linux x86_64,fresh5
TalkyG_Diffset,1,susy,minsup,0.16199895,5.3005,2358.99,102,False,,20261003_103453,exact,Linux x86_64,fresh5
Talky_G,1,susy,minsup,0.16199895,5.8488,2280.07,102,False,,20261003_103459,exact,Linux x86_64,fresh5
Pascal,1,susy,minsup,0.16199895,297.488,1649.43,101,False,,20261003_103919,exact,Linux x86_64,fresh5
Zart,1,susy,minsup,0.16199895,391.8855,2288.83,102,False,,20261003_104131,exact,Linux x86_64,fresh5
Apriori_Gen_Borgelt,1,breast_cancer,minsup,0.1284965034965035,0.0062,2.97,405,False,,20261003_104132,exact,Linux x86_64,fresh5
DefMe,1,breast_cancer,minsup,0.1284965034965035,0.1956,71.16,406,False,,20261003_104132,exact,Linux x86_64,fresh5
Eclat_Gen_Borgelt,1,breast_cancer,minsup,0.1284965034965035,0.0062,3.63,405,False,,20261003_104132,exact,Linux x86_64,fresh5
FPgrowth_Gen_Borgelt,1,breast_cancer,minsup,0.1284965034965035,0.0061,3.56,405,False,,20261003_104133,exact,Linux x86_64,fresh5
Gr_growth,1,breast_cancer,minsup,0.1284965034965035,0.0087,13.76,406,False,,20261003_104133,exact,Linux x86_64,fresh5
Pascal,1,breast_cancer,minsup,0.1284965034965035,0.1998,71.74,405,False,,20261003_104133,exact,Linux x86_64,fresh5
TalkyG_Diffset,1,breast_cancer,minsup,0.1284965034965035,0.2121,68.8,406,False,,20261003_104134,exact,Linux x86_64,fresh5
Talky_G,1,breast_cancer,minsup,0.1284965034965035,0.195,75.34,406,False,,20261003_104134,exact,Linux x86_64,fresh5
Zart,1,breast_cancer,minsup,0.1284965034965035,0.2206,89.98,406,False,,20261003_104135,exact,Linux x86_64,fresh5
FGC_Stream,1,breast_cancer,minsup,0.1284965034965035,0.0961,4.39,406,False,,20261003_104135,exact,Linux x86_64,fresh5
Apriori_Gen_Borgelt,1,primary_tumor,minsup,0.4564896755162242,0.0059,2.88,875,False,,20261003_104135,exact,Linux x86_64,fresh5
DefMe,1,primary_tumor,minsup,0.4564896755162242,0.1951,71.9,876,False,,20261003_104135,exact,Linux x86_64,fresh5
Eclat_Gen_Borgelt,1,primary_tumor,minsup,0.4564896755162242,0.0063,4.29,875,False,,20261003_104136,exact,Linux x86_64,fresh5
FPgrowth_Gen_Borgelt,1,primary_tumor,minsup,0.4564896755162242,0.0064,4.3,875,False,,20261003_104136,exact,Linux x86_64,fresh5
Gr_growth,1,primary_tumor,minsup,0.4564896755162242,0.0089,13.78,876,False,,20261003_104136,exact,Linux x86_64,fresh5
Pascal,1,primary_tumor,minsup,0.4564896755162242,0.2226,79.18,875,False,,20261003_104137,exact,Linux x86_64,fresh5
TalkyG_Diffset,1,primary_tumor,minsup,0.4564896755162242,0.1948,74.56,876,False,,20261003_104137,exact,Linux x86_64,fresh5
Talky_G,1,primary_tumor,minsup,0.4564896755162242,0.1967,75.07,876,False,,20261003_104137,exact,Linux x86_64,fresh5
Zart,1,primary_tumor,minsup,0.4564896755162242,0.28,106.68,876,False,,20261003_104138,exact,Linux x86_64,fresh5
FGC_Stream,1,primary_tumor,minsup,0.4564896755162242,0.8314,5.64,876,False,,20261003_104139,exact,Linux x86_64,fresh5
Apriori_Gen_Borgelt,1,colic,minsup,0.1732336956521739,0.0061,2.85,255,False,,20261003_104139,exact,Linux x86_64,fresh5
DefMe,1,colic,minsup,0.1732336956521739,0.2022,75.86,256,False,,20261003_104140,exact,Linux x86_64,fresh5
Eclat_Gen_Borgelt,1,colic,minsup,0.1732336956521739,0.0063,3.48,255,False,,20261003_104140,exact,Linux x86_64,fresh5
FPgrowth_Gen_Borgelt,1,colic,minsup,0.1732336956521739,0.0064,3.65,255,False,,20261003_104140,exact,Linux x86_64,fresh5
Gr_growth,1,colic,minsup,0.1732336956521739,0.0088,13.74,256,False,,20261003_104140,exact,Linux x86_64,fresh5
Pascal,1,colic,minsup,0.1732336956521739,0.2231,80.19,255,False,,20261003_104141,exact,Linux x86_64,fresh5
TalkyG_Diffset,1,colic,minsup,0.1732336956521739,0.2042,77.34,256,False,,20261003_104141,exact,Linux x86_64,fresh5
Talky_G,1,colic,minsup,0.1732336956521739,0.2159,75.17,256,False,,20261003_104142,exact,Linux x86_64,fresh5
Zart,1,colic,minsup,0.1732336956521739,0.2299,88.35,256,False,,20261003_104142,exact,Linux x86_64,fresh5
FGC_Stream,1,colic,minsup,0.1732336956521739,0.1581,5.02,256,False,,20261003_104142,exact,Linux x86_64,fresh5
Apriori_Gen_Borgelt,1,vote,minsup,0.3442528735632184,0.0061,2.83,344,False,,20261003_104143,exact,Linux x86_64,fresh5
DefMe,1,vote,minsup,0.3442528735632184,0.2012,77.06,345,False,,20261003_104143,exact,Linux x86_64,fresh5
Eclat_Gen_Borgelt,1,vote,minsup,0.3442528735632184,0.006,3.62,344,False,,20261003_104143,exact,Linux x86_64,fresh5
FPgrowth_Gen_Borgelt,1,vote,minsup,0.3442528735632184,0.0065,3.64,344,False,,20261003_104143,exact,Linux x86_64,fresh5
Gr_growth,1,vote,minsup,0.3442528735632184,0.007,13.59,345,False,,20261003_104144,exact,Linux x86_64,fresh5
Pascal,1,vote,minsup,0.3442528735632184,0.2196,78.26,344,False,,20261003_104144,exact,Linux x86_64,fresh5
TalkyG_Diffset,1,vote,minsup,0.3442528735632184,0.1952,75.66,345,False,,20261003_104145,exact,Linux x86_64,fresh5
Talky_G,1,vote,minsup,0.3442528735632184,0.207,78.31,345,False,,20261003_104145,exact,Linux x86_64,fresh5
Zart,1,vote,minsup,0.3442528735632184,0.2361,105.45,345,False,,20261003_104145,exact,Linux x86_64,fresh5
FGC_Stream,1,vote,minsup,0.3442528735632184,0.3034,5.04,345,False,,20261003_104146,exact,Linux x86_64,fresh5
Apriori_Gen_Borgelt,1,credit_a,minsup,0.1967391304347826,0.0062,3.05,519,False,,20261003_104146,exact,Linux x86_64,fresh5
DefMe,1,credit_a,minsup,0.1967391304347826,0.183,76.79,520,False,,20261003_104147,exact,Linux x86_64,fresh5
Eclat_Gen_Borgelt,1,credit_a,minsup,0.1967391304347826,0.0062,3.87,519,False,,20261003_104147,exact,Linux x86_64,fresh5
FPgrowth_Gen_Borgelt,1,credit_a,minsup,0.1967391304347826,0.0064,3.85,519,False,,20261003_104147,exact,Linux x86_64,fresh5
Gr_growth,1,credit_a,minsup,0.1967391304347826,0.0071,13.61,520,False,,20261003_104147,exact,Linux x86_64,fresh5
Pascal,1,credit_a,minsup,0.1967391304347826,0.2693,80.42,519,False,,20261003_104148,exact,Linux x86_64,fresh5
TalkyG_Diffset,1,credit_a,minsup,0.1967391304347826,0.2056,80.72,520,False,,20261003_104148,exact,Linux x86_64,fresh5
Talky_G,1,credit_a,minsup,0.1967391304347826,0.2014,78.02,520,False,,20261003_104149,exact,Linux x86_64,fresh5
Zart,1,credit_a,minsup,0.1967391304347826,0.2904,114.33,520,False,,20261003_104149,exact,Linux x86_64,fresh5
FGC_Stream,1,credit_a,minsup,0.1967391304347826,0.9831,5.32,520,False,,20261003_104150,exact,Linux x86_64,fresh5
Apriori_Gen_Borgelt,1,soybean,minsup,0.6379941434846267,0.0064,3.03,888,False,,20261003_104151,exact,Linux x86_64,fresh5
DefMe,1,soybean,minsup,0.6379941434846267,0.2017,79.27,889,False,,20261003_104151,exact,Linux x86_64,fresh5
Eclat_Gen_Borgelt,1,soybean,minsup,0.6379941434846267,0.0064,4.2,888,False,,20261003_104151,exact,Linux x86_64,fresh5
FPgrowth_Gen_Borgelt,1,soybean,minsup,0.6379941434846267,0.0061,4.43,888,False,,20261003_104151,exact,Linux x86_64,fresh5
Gr_growth,1,soybean,minsup,0.6379941434846267,0.0088,13.75,889,False,,20261003_104152,exact,Linux x86_64,fresh5
Pascal,1,soybean,minsup,0.6379941434846267,0.3145,84.48,888,False,,20261003_104152,exact,Linux x86_64,fresh5
TalkyG_Diffset,1,soybean,minsup,0.6379941434846267,0.205,78.32,917,False,,20261003_104153,exact,Linux x86_64,fresh5
Talky_G,1,soybean,minsup,0.6379941434846267,0.2077,80.14,917,False,,20261003_104153,exact,Linux x86_64,fresh5
Zart,1,soybean,minsup,0.6379941434846267,0.3723,128.82,889,False,,20261003_104154,exact,Linux x86_64,fresh5
FGC_Stream,1,soybean,minsup,0.6379941434846267,1.6263,7.18,889,False,,20261003_104155,exact,Linux x86_64,fresh5
Apriori_Gen_Borgelt,1,anneal,minsup,0.2213251670378619,0.006,3.04,322,False,,20261003_104156,exact,Linux x86_64,fresh5
DefMe,1,anneal,minsup,0.2213251670378619,0.1862,78.59,323,False,,20261003_104156,exact,Linux x86_64,fresh5
Eclat_Gen_Borgelt,1,anneal,minsup,0.2213251670378619,0.0062,3.63,322,False,,20261003_104156,exact,Linux x86_64,fresh5
FPgrowth_Gen_Borgelt,1,anneal,minsup,0.2213251670378619,0.0058,3.52,322,False,,20261003_104156,exact,Linux x86_64,fresh5
Gr_growth,1,anneal,minsup,0.2213251670378619,0.0097,13.75,323,False,,20261003_104157,exact,Linux x86_64,fresh5
Pascal,1,anneal,minsup,0.2213251670378619,0.2562,80.05,322,False,,20261003_104157,exact,Linux x86_64,fresh5
TalkyG_Diffset,1,anneal,minsup,0.2213251670378619,0.2223,80.18,322,False,,20261003_104158,exact,Linux x86_64,fresh5
Talky_G,1,anneal,minsup,0.2213251670378619,0.2199,74.32,322,False,,20261003_104158,exact,Linux x86_64,fresh5
Zart,1,anneal,minsup,0.2213251670378619,0.3943,119.02,323,False,,20261003_104159,exact,Linux x86_64,fresh5
FGC_Stream,1,anneal,minsup,0.2213251670378619,1.1611,5.81,323,False,,20261003_104200,exact,Linux x86_64,fresh5
Apriori_Gen_Borgelt,1,credit_g,minsup,0.29575,0.0059,2.96,495,False,,20261003_104200,exact,Linux x86_64,fresh5
DefMe,1,credit_g,minsup,0.29575,0.2079,79.73,496,False,,20261003_104201,exact,Linux x86_64,fresh5
Eclat_Gen_Borgelt,1,credit_g,minsup,0.29575,0.0055,3.97,495,False,,20261003_104201,exact,Linux x86_64,fresh5
FPgrowth_Gen_Borgelt,1,credit_g,minsup,0.29575,0.006,3.95,495,False,,20261003_104201,exact,Linux x86_64,fresh5
Gr_growth,1,credit_g,minsup,0.29575,0.0096,13.91,496,False,,20261003_104201,exact,Linux x86_64,fresh5
Pascal,1,credit_g,minsup,0.29575,0.2398,80.77,495,False,,20261003_104202,exact,Linux x86_64,fresh5
TalkyG_Diffset,1,credit_g,minsup,0.29575,0.2163,77.19,496,False,,20261003_104202,exact,Linux x86_64,fresh5
Talky_G,1,credit_g,minsup,0.29575,0.2092,81.07,496,False,,20261003_104203,exact,Linux x86_64,fresh5
Zart,1,credit_g,minsup,0.29575,0.2957,118.35,496,False,,20261003_104203,exact,Linux x86_64,fresh5
FGC_Stream,1,credit_g,minsup,0.29575,1.9383,6.48,496,False,,20261003_104205,exact,Linux x86_64,fresh5
Apriori_Gen_Borgelt,1,segment,minsup,0.1968614718614718,0.0078,3.23,108,False,,20261003_104206,exact,Linux x86_64,fresh5
DefMe,1,segment,minsup,0.1968614718614718,0.1968,82.28,109,False,,20261003_104206,exact,Linux x86_64,fresh5
Eclat_Gen_Borgelt,1,segment,minsup,0.1968614718614718,0.0068,3.56,108,False,,20261003_104206,exact,Linux x86_64,fresh5
FPgrowth_Gen_Borgelt,1,segment,minsup,0.1968614718614718,0.007,4.17,108,False,,20261003_104206,exact,Linux x86_64,fresh5
Gr_growth,1,segment,minsup,0.1968614718614718,0.0093,14.52,109,False,,20261003_104207,exact,Linux x86_64,fresh5
Pascal,1,segment,minsup,0.1968614718614718,0.3223,77.98,108,False,,20261003_104207,exact,Linux x86_64,fresh5
TalkyG_Diffset,1,segment,minsup,0.1968614718614718,0.2292,83.71,108,False,,20261003_104208,exact,Linux x86_64,fresh5
Talky_G,1,segment,minsup,0.1968614718614718,0.2248,83.56,108,False,,20261003_104208,exact,Linux x86_64,fresh5
Zart,1,segment,minsup,0.1968614718614718,0.4302,110.9,109,False,,20261003_104209,exact,Linux x86_64,fresh5
FGC_Stream,1,segment,minsup,0.1968614718614718,0.3067,8.44,109,False,,20261003_104209,exact,Linux x86_64,fresh5
Apriori_Gen_Borgelt,1,hypothyroid,minsup,0.9127120890774124,0.0081,3.55,825,False,,20261003_104210,exact,Linux x86_64,fresh5
DefMe,1,hypothyroid,minsup,0.9127120890774124,0.2219,104.26,826,False,,20261003_104210,exact,Linux x86_64,fresh5
Eclat_Gen_Borgelt,1,hypothyroid,minsup,0.9127120890774124,0.0068,4.57,825,False,,20261003_104210,exact,Linux x86_64,fresh5
FPgrowth_Gen_Borgelt,1,hypothyroid,minsup,0.9127120890774124,0.0076,4.7,825,False,,20261003_104210,exact,Linux x86_64,fresh5
Gr_growth,1,hypothyroid,minsup,0.9127120890774124,0.0111,13.75,826,False,,20261003_104211,exact,Linux x86_64,fresh5
Pascal,1,hypothyroid,minsup,0.9127120890774124,0.3769,97.38,825,False,,20261003_104211,exact,Linux x86_64,fresh5
TalkyG_Diffset,1,hypothyroid,minsup,0.9127120890774124,0.2401,95.04,825,False,,20261003_104212,exact,Linux x86_64,fresh5
Talky_G,1,hypothyroid,minsup,0.9127120890774124,0.227,90.27,825,False,,20261003_104212,exact,Linux x86_64,fresh5
Zart,1,hypothyroid,minsup,0.9127120890774124,0.709,173.37,826,False,,20261003_104213,exact,Linux x86_64,fresh5
FGC_Stream,1,hypothyroid,minsup,0.9127120890774124,20.3407,15.62,826,False,,20261003_104234,exact,Linux x86_64,fresh5
Apriori_Gen_Borgelt,1,waveform_5000,minsup,0.09935,0.0228,4.88,303,False,,20261003_104234,exact,Linux x86_64,fresh5
DefMe,1,waveform_5000,minsup,0.09935,0.2434,93.99,304,False,,20261003_104234,exact,Linux x86_64,fresh5
Eclat_Gen_Borgelt,1,waveform_5000,minsup,0.09935,0.024,6.56,303,False,,20261003_104235,exact,Linux x86_64,fresh5
FPgrowth_Gen_Borgelt,1,waveform_5000,minsup,0.09935,0.0305,11.2,303,False,,20261003_104235,exact,Linux x86_64,fresh5
Gr_growth,1,waveform_5000,minsup,0.09935,0.0333,20.94,304,False,,20261003_104235,exact,Linux x86_64,fresh5
Pascal,1,waveform_5000,minsup,0.09935,2.7236,98.71,303,False,,20261003_104238,exact,Linux x86_64,fresh5
TalkyG_Diffset,1,waveform_5000,minsup,0.09935,0.245,94.23,304,False,,20261003_104239,exact,Linux x86_64,fresh5
Talky_G,1,waveform_5000,minsup,0.09935,0.2376,92.67,304,False,,20261003_104239,exact,Linux x86_64,fresh5
Zart,1,waveform_5000,minsup,0.09935,4.025,370.26,304,False,,20261003_104243,exact,Linux x86_64,fresh5
FGC_Stream,1,waveform_5000,minsup,0.09935,103.3205,23.43,304,False,,20261003_104427,exact,Linux x86_64,fresh5
Apriori_Gen_Borgelt,1,susy,minsup,0.11046075,9.5622,1033.94,205,False,,20261003_104437,exact,Linux x86_64,fresh5
DefMe,1,susy,minsup,0.11046075,4.5619,2211.21,207,False,,20261003_104441,exact,Linux x86_64,fresh5
Eclat_Gen_Borgelt,1,susy,minsup,0.11046075,13.7369,1734.49,205,False,,20261003_104455,exact,Linux x86_64,fresh5
FPgrowth_Gen_Borgelt,1,susy,minsup,0.11046075,11.4221,2239.05,205,False,,20261003_104507,exact,Linux x86_64,fresh5
Gr_growth,1,susy,minsup,0.11046075,18.5747,1654.07,207,False,,20261003_104526,exact,Linux x86_64,fresh5
FGC_Stream,1,susy,minsup,0.16199895,600.1221,3999.11,0,True,,20261003_104920,exact,Linux x86_64,fresh5
TalkyG_Diffset,1,susy,minsup,0.11046075,5.2441,2282.79,207,False,,20261003_104925,exact,Linux x86_64,fresh5
Talky_G,1,susy,minsup,0.11046075,5.7493,2290.91,207,False,,20261003_104931,exact,Linux x86_64,fresh5
Pascal,1,susy,minsup,0.11046075,307.6047,1724.7,206,False,,20261003_105034,exact,Linux x86_64,fresh5
Zart,1,susy,minsup,0.11046075,403.8973,2246.07,207,False,,20261003_105615,exact,Linux x86_64,fresh5
Apriori_Gen_Borgelt,1,breast_cancer,minsup,0.0445804195804195,0.006,3.02,2147,False,,20261003_105615,exact,Linux x86_64,fresh5
DefMe,1,breast_cancer,minsup,0.0445804195804195,0.1963,89.05,2148,False,,20261003_105616,exact,Linux x86_64,fresh5
Eclat_Gen_Borgelt,1,breast_cancer,minsup,0.0445804195804195,0.0065,5.35,2147,False,,20261003_105616,exact,Linux x86_64,fresh5
FPgrowth_Gen_Borgelt,1,breast_cancer,minsup,0.0445804195804195,0.0071,5.68,2147,False,,20261003_105616,exact,Linux x86_64,fresh5
Gr_growth,1,breast_cancer,minsup,0.0445804195804195,0.0084,13.75,2148,False,,20261003_105617,exact,Linux x86_64,fresh5
Pascal,1,breast_cancer,minsup,0.0445804195804195,0.282,89.6,2147,False,,20261003_105617,exact,Linux x86_64,fresh5
TalkyG_Diffset,1,breast_cancer,minsup,0.0445804195804195,0.205,75.46,2167,False,,20261003_105617,exact,Linux x86_64,fresh5
Talky_G,1,breast_cancer,minsup,0.0445804195804195,0.1944,72.53,2167,False,,20261003_105618,exact,Linux x86_64,fresh5
Zart,1,breast_cancer,minsup,0.0445804195804195,0.4752,102.85,2148,False,,20261003_105619,exact,Linux x86_64,fresh5
FGC_Stream,1,breast_cancer,minsup,0.0445804195804195,0.221,6.87,2148,False,,20261003_105619,exact,Linux x86_64,fresh5
Apriori_Gen_Borgelt,1,primary_tumor,minsup,0.0405604719764011,0.0683,7.69,127116,False,,20261003_105619,exact,Linux x86_64,fresh5
DefMe,1,primary_tumor,minsup,0.0405604719764011,0.3138,216.08,127117,False,,20261003_105620,exact,Linux x86_64,fresh5
Eclat_Gen_Borgelt,1,primary_tumor,minsup,0.0405604719764011,0.0567,20.7,127116,False,,20261003_105620,exact,Linux x86_64,fresh5
FPgrowth_Gen_Borgelt,1,primary_tumor,minsup,0.0405604719764011,0.0469,21.16,127116,False,,20261003_105620,exact,Linux x86_64,fresh5
Gr_growth,1,primary_tumor,minsup,0.0405604719764011,0.0607,18.44,127117,False,,20261003_105621,exact,Linux x86_64,fresh5
Pascal,1,primary_tumor,minsup,0.0405604719764011,42.959,300.45,127116,False,,20261003_105704,exact,Linux x86_64,fresh5
TalkyG_Diffset,1,primary_tumor,minsup,0.0405604719764011,2.2851,151.73,130251,False,,20261003_105706,exact,Linux x86_64,fresh5
Talky_G,1,primary_tumor,minsup,0.0405604719764011,2.4158,142.65,130251,False,,20261003_105709,exact,Linux x86_64,fresh5
FGC_Stream,1,susy,minsup,0.11046075,600.0949,2845.36,0,True,,20261003_110034,exact,Linux x86_64,fresh5
FGC_Stream,1,primary_tumor,minsup,0.0405604719764011,25.2438,226.83,127117,False,,20261003_110059,exact,Linux x86_64,fresh5
Apriori_Gen_Borgelt,1,colic,minsup,0.0482336956521739,0.0112,3.32,6489,False,,20261003_110100,exact,Linux x86_64,fresh5
DefMe,1,colic,minsup,0.0482336956521739,0.2126,96.7,6490,False,,20261003_110100,exact,Linux x86_64,fresh5
Eclat_Gen_Borgelt,1,colic,minsup,0.0482336956521739,0.0118,9.09,6489,False,,20261003_110100,exact,Linux x86_64,fresh5
FPgrowth_Gen_Borgelt,1,colic,minsup,0.0482336956521739,0.0104,10.06,6489,False,,20261003_110100,exact,Linux x86_64,fresh5
Gr_growth,1,colic,minsup,0.0482336956521739,0.0128,14.07,6490,False,,20261003_110101,exact,Linux x86_64,fresh5
Pascal,1,colic,minsup,0.0482336956521739,0.3758,98.43,6489,False,,20261003_110101,exact,Linux x86_64,fresh5
TalkyG_Diffset,1,colic,minsup,0.0482336956521739,0.2222,97.12,6518,False,,20261003_110102,exact,Linux x86_64,fresh5
Talky_G,1,colic,minsup,0.0482336956521739,0.2145,99.41,6518,False,,20261003_110102,exact,Linux x86_64,fresh5
Zart,1,colic,minsup,0.0482336956521739,2.8591,119.52,6490,False,,20261003_110105,exact,Linux x86_64,fresh5
FGC_Stream,1,colic,minsup,0.0482336956521739,1.1771,12.66,6490,False,,20261003_110107,exact,Linux x86_64,fresh5
Apriori_Gen_Borgelt,1,vote,minsup,0.0660919540229885,0.074,7.42,85772,False,,20261003_110107,exact,Linux x86_64,fresh5
DefMe,1,vote,minsup,0.0660919540229885,0.2786,150.52,85773,False,,20261003_110107,exact,Linux x86_64,fresh5
Eclat_Gen_Borgelt,1,vote,minsup,0.0660919540229885,0.0458,17.38,85772,False,,20261003_110108,exact,Linux x86_64,fresh5
FPgrowth_Gen_Borgelt,1,vote,minsup,0.0660919540229885,0.0353,18.34,85772,False,,20261003_110108,exact,Linux x86_64,fresh5
Gr_growth,1,vote,minsup,0.0660919540229885,0.0459,16.89,85773,False,,20261003_110108,exact,Linux x86_64,fresh5
Pascal,1,vote,minsup,0.0660919540229885,8.0389,149.35,85772,False,,20261003_110117,exact,Linux x86_64,fresh5
TalkyG_Diffset,1,vote,minsup,0.0660919540229885,1.2046,144.47,101398,False,,20261003_110118,exact,Linux x86_64,fresh5
Talky_G,1,vote,minsup,0.0660919540229885,1.2161,143.1,101398,False,,20261003_110119,exact,Linux x86_64,fresh5
Zart,1,primary_tumor,minsup,0.0405604719764011,600.1197,234.89,0,True,,20261003_110709,exact,Linux x86_64,fresh5
FGC_Stream,1,vote,minsup,0.0660919540229885,17.3355,142.18,85773,False,,20261003_110727,exact,Linux x86_64,fresh5
Apriori_Gen_Borgelt,1,credit_a,minsup,0.0271739130434782,0.0306,4.38,35181,False,,20261003_110727,exact,Linux x86_64,fresh5
DefMe,1,credit_a,minsup,0.0271739130434782,0.2269,119.22,35182,False,,20261003_110728,exact,Linux x86_64,fresh5
Eclat_Gen_Borgelt,1,credit_a,minsup,0.0271739130434782,0.0275,13.62,35181,False,,20261003_110728,exact,Linux x86_64,fresh5
FPgrowth_Gen_Borgelt,1,credit_a,minsup,0.0271739130434782,0.0234,14.45,35181,False,,20261003_110728,exact,Linux x86_64,fresh5
Gr_growth,1,credit_a,minsup,0.0271739130434782,0.0248,15.0,35182,False,,20261003_110728,exact,Linux x86_64,fresh5
Pascal,1,credit_a,minsup,0.0271739130434782,1.6976,103.11,35181,False,,20261003_110730,exact,Linux x86_64,fresh5
TalkyG_Diffset,1,credit_a,minsup,0.0271739130434782,0.4694,127.58,35360,False,,20261003_110731,exact,Linux x86_64,fresh5
Talky_G,1,credit_a,minsup,0.0271739130434782,0.4526,125.29,35360,False,,20261003_110732,exact,Linux x86_64,fresh5
Zart,1,credit_a,minsup,0.0271739130434782,75.1872,168.04,35182,False,,20261003_110847,exact,Linux x86_64,fresh5
FGC_Stream,1,credit_a,minsup,0.0271739130434782,10.1292,44.38,35182,False,,20261003_110857,exact,Linux x86_64,fresh5
Apriori_Gen_Borgelt,1,soybean,minsup,0.1621522693997071,1.0349,23.58,431029,False,,20261003_110859,exact,Linux x86_64,fresh5
DefMe,1,soybean,minsup,0.1621522693997071,0.6491,440.72,431030,False,,20261003_110900,exact,Linux x86_64,fresh5
Eclat_Gen_Borgelt,1,soybean,minsup,0.1621522693997071,0.1793,44.25,431029,False,,20261003_110900,exact,Linux x86_64,fresh5
FPgrowth_Gen_Borgelt,1,soybean,minsup,0.1621522693997071,0.1459,45.21,431029,False,,20261003_110900,exact,Linux x86_64,fresh5
Gr_growth,1,soybean,minsup,0.1621522693997071,0.201,30.04,431030,False,,20261003_110901,exact,Linux x86_64,fresh5
Zart,1,vote,minsup,0.0660919540229885,600.0432,235.32,0,True,,20261003_111120,exact,Linux x86_64,fresh5
TalkyG_Diffset,1,soybean,minsup,0.1621522693997071,16.6087,330.55,467691,False,,20261003_111137,exact,Linux x86_64,fresh5
Talky_G,1,soybean,minsup,0.1621522693997071,16.3356,316.15,467691,False,,20261003_111153,exact,Linux x86_64,fresh5
Pascal,1,soybean,minsup,0.1621522693997071,600.1206,488.25,210669,True,,20261003_111901,exact,Linux x86_64,fresh5
Zart,1,soybean,minsup,0.1621522693997071,600.1055,464.62,0,True,,20261003_112154,exact,Linux x86_64,fresh5
Apriori_Gen_Borgelt,1,anneal,minsup,0.0153118040089086,0.0143,3.41,8569,False,,20261003_112154,exact,Linux x86_64,fresh5
DefMe,1,anneal,minsup,0.0153118040089086,0.2175,104.37,8570,False,,20261003_112154,exact,Linux x86_64,fresh5
Eclat_Gen_Borgelt,1,anneal,minsup,0.0153118040089086,0.0112,10.18,8569,False,,20261003_112154,exact,Linux x86_64,fresh5
FPgrowth_Gen_Borgelt,1,anneal,minsup,0.0153118040089086,0.0117,10.61,8569,False,,20261003_112155,exact,Linux x86_64,fresh5
Gr_growth,1,anneal,minsup,0.0153118040089086,0.0136,14.06,8570,False,,20261003_112155,exact,Linux x86_64,fresh5
Pascal,1,anneal,minsup,0.0153118040089086,16.992,185.56,8569,False,,20261003_112212,exact,Linux x86_64,fresh5
TalkyG_Diffset,1,anneal,minsup,0.0153118040089086,0.2432,104.26,8650,False,,20261003_112213,exact,Linux x86_64,fresh5
Talky_G,1,anneal,minsup,0.0153118040089086,0.2223,111.88,8650,False,,20261003_112213,exact,Linux x86_64,fresh5
FGC_Stream,1,soybean,minsup,0.1621522693997071,600.129,446.87,0,True,,20261003_112902,exact,Linux x86_64,fresh5
FGC_Stream,1,anneal,minsup,0.0153118040089086,5.8785,16.9,8570,False,,20261003_112908,exact,Linux x86_64,fresh5
Apriori_Gen_Borgelt,1,credit_g,minsup,0.06075,0.0547,4.53,45823,False,,20261003_112908,exact,Linux x86_64,fresh5
DefMe,1,credit_g,minsup,0.06075,0.2563,130.43,45824,False,,20261003_112909,exact,Linux x86_64,fresh5
Eclat_Gen_Borgelt,1,credit_g,minsup,0.06075,0.0369,14.71,45823,False,,20261003_112909,exact,Linux x86_64,fresh5
FPgrowth_Gen_Borgelt,1,credit_g,minsup,0.06075,0.0296,16.51,45823,False,,20261003_112909,exact,Linux x86_64,fresh5
Gr_growth,1,credit_g,minsup,0.06075,0.0361,15.63,45824,False,,20261003_112909,exact,Linux x86_64,fresh5
Pascal,1,credit_g,minsup,0.06075,1.7234,100.84,45823,False,,20261003_112911,exact,Linux x86_64,fresh5
TalkyG_Diffset,1,credit_g,minsup,0.06075,0.4797,156.06,45839,False,,20261003_112912,exact,Linux x86_64,fresh5
Talky_G,1,credit_g,minsup,0.06075,0.4786,138.45,45839,False,,20261003_112913,exact,Linux x86_64,fresh5
Zart,1,credit_g,minsup,0.06075,31.7331,256.65,45824,False,,20261003_112945,exact,Linux x86_64,fresh5
FGC_Stream,1,credit_g,minsup,0.06075,35.3216,77.32,45824,False,,20261003_113020,exact,Linux x86_64,fresh5
Apriori_Gen_Borgelt,1,segment,minsup,0.0548701298701298,0.0557,3.86,7926,False,,20261003_113021,exact,Linux x86_64,fresh5
DefMe,1,segment,minsup,0.0548701298701298,0.2264,128.14,7927,False,,20261003_113021,exact,Linux x86_64,fresh5
Eclat_Gen_Borgelt,1,segment,minsup,0.0548701298701298,0.0215,10.66,7926,False,,20261003_113021,exact,Linux x86_64,fresh5
FPgrowth_Gen_Borgelt,1,segment,minsup,0.0548701298701298,0.0167,11.95,7926,False,,20261003_113021,exact,Linux x86_64,fresh5
Gr_growth,1,segment,minsup,0.0548701298701298,0.0205,15.03,7927,False,,20261003_113022,exact,Linux x86_64,fresh5
Pascal,1,segment,minsup,0.0548701298701298,1.3976,104.4,7926,False,,20261003_113023,exact,Linux x86_64,fresh5
TalkyG_Diffset,1,segment,minsup,0.0548701298701298,0.2538,113.19,10009,False,,20261003_113024,exact,Linux x86_64,fresh5
Talky_G,1,segment,minsup,0.0548701298701298,0.2574,111.48,10009,False,,20261003_113024,exact,Linux x86_64,fresh5
Zart,1,segment,minsup,0.0548701298701298,47.5865,251.99,7927,False,,20261003_113112,exact,Linux x86_64,fresh5
FGC_Stream,1,segment,minsup,0.0548701298701298,46.2365,18.46,7927,False,,20261003_113159,exact,Linux x86_64,fresh5
Zart,1,anneal,minsup,0.0153118040089086,600.0397,242.27,0,True,,20261003_113213,exact,Linux x86_64,fresh5
DefMe,1,hypothyroid,minsup,0.108364262990456,9.241,869.21,4796328,False,,20261003_113223,exact,Linux x86_64,fresh5
Eclat_Gen_Borgelt,1,hypothyroid,minsup,0.108364262990456,3.0249,452.64,4796327,False,,20261003_113227,exact,Linux x86_64,fresh5
FPgrowth_Gen_Borgelt,1,hypothyroid,minsup,0.108364262990456,2.6754,452.8,4796327,False,,20261003_113230,exact,Linux x86_64,fresh5
Gr_growth,1,hypothyroid,minsup,0.108364262990456,3.5509,247.98,4796328,False,,20261003_113234,exact,Linux x86_64,fresh5
Apriori_Gen_Borgelt,1,hypothyroid,minsup,0.108364262990456,37.6003,157.39,4796327,False,,20261003_113237,exact,Linux x86_64,fresh5
Pascal,1,hypothyroid,minsup,0.108364262990456,600.1299,358.21,434793,True,,20261003_114234,exact,Linux x86_64,fresh5
TalkyG_Diffset,1,hypothyroid,minsup,0.108364262990456,600.1483,784.21,4575415,True,,20261003_114237,exact,Linux x86_64,fresh5
Talky_G,1,hypothyroid,minsup,0.108364262990456,591.1964,817.34,4796327,False,,20261003_115226,exact,Linux x86_64,fresh5
Zart,1,hypothyroid,minsup,0.108364262990456,600.1331,519.16,0,True,,20261003_115238,exact,Linux x86_64,fresh5
Apriori_Gen_Borgelt,1,waveform_5000,minsup,0.05775,0.0384,4.86,1436,False,,20261003_115238,exact,Linux x86_64,fresh5
DefMe,1,waveform_5000,minsup,0.05775,0.2496,113.33,1437,False,,20261003_115238,exact,Linux x86_64,fresh5
Eclat_Gen_Borgelt,1,waveform_5000,minsup,0.05775,0.03,7.36,1436,False,,20261003_115239,exact,Linux x86_64,fresh5
FPgrowth_Gen_Borgelt,1,waveform_5000,minsup,0.05775,0.0525,13.38,1436,False,,20261003_115239,exact,Linux x86_64,fresh5
Gr_growth,1,waveform_5000,minsup,0.05775,0.0541,21.11,1437,False,,20261003_115239,exact,Linux x86_64,fresh5
Pascal,1,waveform_5000,minsup,0.05775,2.9383,102.12,1436,False,,20261003_115242,exact,Linux x86_64,fresh5
TalkyG_Diffset,1,waveform_5000,minsup,0.05775,0.245,92.59,1437,False,,20261003_115243,exact,Linux x86_64,fresh5
Talky_G,1,waveform_5000,minsup,0.05775,0.2619,92.21,1437,False,,20261003_115243,exact,Linux x86_64,fresh5
Zart,1,waveform_5000,minsup,0.05775,5.6222,386.81,1437,False,,20261003_115249,exact,Linux x86_64,fresh5
FGC_Stream,1,waveform_5000,minsup,0.05775,128.4756,24.39,1437,False,,20261003_115458,exact,Linux x86_64,fresh5
Apriori_Gen_Borgelt,1,susy,minsup,0.04290295,27.6764,1038.79,2084,False,,20261003_115526,exact,Linux x86_64,fresh5
DefMe,1,susy,minsup,0.04290295,8.3762,2296.09,2085,False,,20261003_115534,exact,Linux x86_64,fresh5
Eclat_Gen_Borgelt,1,susy,minsup,0.04290295,19.6709,1744.93,2084,False,,20261003_115554,exact,Linux x86_64,fresh5
FPgrowth_Gen_Borgelt,1,susy,minsup,0.04290295,13.8166,2267.5,2084,False,,20261003_115608,exact,Linux x86_64,fresh5
Gr_growth,1,susy,minsup,0.04290295,31.3562,1658.13,2085,False,,20261003_115640,exact,Linux x86_64,fresh5
FGC_Stream,1,hypothyroid,minsup,0.108364262990456,600.122,230.46,0,True,,20261003_120226,exact,Linux x86_64,fresh5
TalkyG_Diffset,1,susy,minsup,0.04290295,6.469,2293.27,2085,False,,20261003_120233,exact,Linux x86_64,fresh5
Talky_G,1,susy,minsup,0.04290295,6.899,2264.42,2085,False,,20261003_120240,exact,Linux x86_64,fresh5
Pascal,1,susy,minsup,0.04290295,600.1653,1649.77,833,True,,20261003_120640,exact,Linux x86_64,fresh5
Zart,1,susy,minsup,0.04290295,600.1559,2245.8,0,True,,20261003_121241,exact,Linux x86_64,fresh5
Apriori_Gen_Borgelt,1,colic,minsup,0.0319293478260869,0.0172,3.58,15404,False,,20261003_121241,exact,Linux x86_64,fresh5
DefMe,1,colic,minsup,0.0319293478260869,0.2194,110.9,15405,False,,20261003_121241,exact,Linux x86_64,fresh5
Eclat_Gen_Borgelt,1,colic,minsup,0.0319293478260869,0.0178,11.79,15404,False,,20261003_121241,exact,Linux x86_64,fresh5
FPgrowth_Gen_Borgelt,1,colic,minsup,0.0319293478260869,0.0156,12.77,15404,False,,20261003_121242,exact,Linux x86_64,fresh5
Gr_growth,1,colic,minsup,0.0319293478260869,0.0182,14.38,15405,False,,20261003_121242,exact,Linux x86_64,fresh5
Pascal,1,colic,minsup,0.0319293478260869,0.7683,110.6,15404,False,,20261003_121243,exact,Linux x86_64,fresh5
TalkyG_Diffset,1,colic,minsup,0.0319293478260869,0.3027,117.61,15532,False,,20261003_121243,exact,Linux x86_64,fresh5
Talky_G,1,colic,minsup,0.0319293478260869,0.3045,107.46,15532,False,,20261003_121244,exact,Linux x86_64,fresh5
Zart,1,colic,minsup,0.0319293478260869,17.9604,152.46,15405,False,,20261003_121302,exact,Linux x86_64,fresh5
FGC_Stream,1,colic,minsup,0.0319293478260869,1.9657,25.12,15405,False,,20261003_121304,exact,Linux x86_64,fresh5
Apriori_Gen_Borgelt,1,credit_a,minsup,0.019927536231884,0.037,5.34,58207,False,,20261003_121305,exact,Linux x86_64,fresh5
DefMe,1,credit_a,minsup,0.019927536231884,0.2348,127.31,58208,False,,20261003_121305,exact,Linux x86_64,fresh5
Eclat_Gen_Borgelt,1,credit_a,minsup,0.019927536231884,0.031,15.28,58207,False,,20261003_121305,exact,Linux x86_64,fresh5
FPgrowth_Gen_Borgelt,1,credit_a,minsup,0.019927536231884,0.029,16.31,58207,False,,20261003_121306,exact,Linux x86_64,fresh5
Gr_growth,1,credit_a,minsup,0.019927536231884,0.0384,15.79,58208,False,,20261003_121306,exact,Linux x86_64,fresh5
Pascal,1,credit_a,minsup,0.019927536231884,5.1186,107.84,58207,False,,20261003_121311,exact,Linux x86_64,fresh5
TalkyG_Diffset,1,credit_a,minsup,0.019927536231884,1.0554,141.79,58955,False,,20261003_121312,exact,Linux x86_64,fresh5
Talky_G,1,credit_a,minsup,0.019927536231884,1.066,142.11,58955,False,,20261003_121314,exact,Linux x86_64,fresh5
FGC_Stream,1,susy,minsup,0.04290295,600.0624,1348.34,0,True,,20261003_121640,exact,Linux x86_64,fresh5
FGC_Stream,1,credit_a,minsup,0.019927536231884,13.3708,70.79,58208,False,,20261003_121654,exact,Linux x86_64,fresh5
Apriori_Gen_Borgelt,1,soybean,minsup,0.0230600292825768,9.2361,337.25,5255530,False,,20261003_121704,exact,Linux x86_64,fresh5
DefMe,1,soybean,minsup,0.0230600292825768,5.2576,594.68,5255531,False,,20261003_121710,exact,Linux x86_64,fresh5
Eclat_Gen_Borgelt,1,soybean,minsup,0.0230600292825768,2.9454,443.29,5255530,False,,20261003_121713,exact,Linux x86_64,fresh5
FPgrowth_Gen_Borgelt,1,soybean,minsup,0.0230600292825768,2.5659,445.26,5255530,False,,20261003_121716,exact,Linux x86_64,fresh5
Gr_growth,1,soybean,minsup,0.0230600292825768,3.22,244.08,5255531,False,,20261003_121720,exact,Linux x86_64,fresh5
Zart,1,credit_a,minsup,0.019927536231884,266.215,238.07,58208,False,,20261003_121740,exact,Linux x86_64,fresh5
Pascal,1,soybean,minsup,0.0230600292825768,600.0546,650.62,813937,True,,20261003_122720,exact,Linux x86_64,fresh5
TalkyG_Diffset,1,soybean,minsup,0.0230600292825768,600.1299,433.74,1066708,True,,20261003_122741,exact,Linux x86_64,fresh5
Talky_G,1,soybean,minsup,0.0230600292825768,600.1322,465.19,1154558,True,,20261003_123721,exact,Linux x86_64,fresh5
Zart,1,soybean,minsup,0.0230600292825768,600.0297,309.72,0,True,,20261003_123741,exact,Linux x86_64,fresh5
Apriori_Gen_Borgelt,1,credit_g,minsup,0.01475,0.4789,32.66,786611,False,,20261003_123742,exact,Linux x86_64,fresh5
DefMe,1,credit_g,minsup,0.01475,0.6803,446.09,786612,False,,20261003_123743,exact,Linux x86_64,fresh5
Eclat_Gen_Borgelt,1,credit_g,minsup,0.01475,0.3171,70.16,786611,False,,20261003_123743,exact,Linux x86_64,fresh5
FPgrowth_Gen_Borgelt,1,credit_g,minsup,0.01475,0.2385,73.5,786611,False,,20261003_123744,exact,Linux x86_64,fresh5
Gr_growth,1,credit_g,minsup,0.01475,0.3516,42.68,786612,False,,20261003_123744,exact,Linux x86_64,fresh5
FGC_Stream,1,soybean,minsup,0.0230600292825768,600.1725,2819.5,0,True,,20261003_124721,exact,Linux x86_64,fresh5
Pascal,1,credit_g,minsup,0.01475,600.095,393.55,762104,True,,20261003_124745,exact,Linux x86_64,fresh5
TalkyG_Diffset,1,credit_g,minsup,0.01475,346.286,407.94,793817,False,,20261003_125308,exact,Linux x86_64,fresh5
Talky_G,1,credit_g,minsup,0.01475,340.8459,365.62,793817,False,,20261003_125326,exact,Linux x86_64,fresh5
FGC_Stream,1,credit_g,minsup,0.01475,297.5442,1372.61,786612,False,,20261003_125824,exact,Linux x86_64,fresh5
Apriori_Gen_Borgelt,1,segment,minsup,0.0128787878787878,0.3602,15.04,132944,False,,20261003_125825,exact,Linux x86_64,fresh5
DefMe,1,segment,minsup,0.0128787878787878,0.4772,375.15,132945,False,,20261003_125825,exact,Linux x86_64,fresh5
Eclat_Gen_Borgelt,1,segment,minsup,0.0128787878787878,0.0825,20.96,132944,False,,20261003_125826,exact,Linux x86_64,fresh5
FPgrowth_Gen_Borgelt,1,segment,minsup,0.0128787878787878,0.0616,26.04,132944,False,,20261003_125826,exact,Linux x86_64,fresh5
Gr_growth,1,segment,minsup,0.0128787878787878,0.0848,19.27,132945,False,,20261003_125826,exact,Linux x86_64,fresh5
Zart,1,credit_g,minsup,0.01475,600.0798,277.9,0,True,,20261003_130308,exact,Linux x86_64,fresh5
TalkyG_Diffset,1,segment,minsup,0.0128787878787878,8.6855,371.89,197380,False,,20261003_130317,exact,Linux x86_64,fresh5
Talky_G,1,segment,minsup,0.0128787878787878,8.1857,318.31,197380,False,,20261003_130326,exact,Linux x86_64,fresh5
Pascal,1,segment,minsup,0.0128787878787878,600.1375,481.64,131210,True,,20261003_130827,exact,Linux x86_64,fresh5
FGC_Stream,1,segment,minsup,0.0128787878787878,239.7876,177.32,132945,False,,20261003_131227,exact,Linux x86_64,fresh5
Zart,1,segment,minsup,0.0128787878787878,600.0524,358.56,0,True,,20261003_131326,exact,Linux x86_64,fresh5
Apriori_Gen_Borgelt,1,hypothyroid,minsup,0.0076219512195121,82.2387,676.75,20298652,False,,20261003_131350,exact,Linux x86_64,fresh5
Eclat_Gen_Borgelt,1,hypothyroid,minsup,0.0076219512195121,18.9638,1804.12,20298652,False,,20261003_131411,exact,Linux x86_64,fresh5
DefMe,1,hypothyroid,minsup,0.0076219512195121,44.1617,906.76,20298653,False,,20261003_131411,exact,Linux x86_64,fresh5
Gr_growth,1,hypothyroid,minsup,0.0076219512195121,14.5674,1000.13,20298653,False,,20261003_131428,exact,Linux x86_64,fresh5
FPgrowth_Gen_Borgelt,1,hypothyroid,minsup,0.0076219512195121,16.0224,1806.05,20298652,False,,20261003_131428,exact,Linux x86_64,fresh5
Pascal,1,hypothyroid,minsup,0.0076219512195121,600.1262,474.0,562992,True,,20261003_132428,exact,Linux x86_64,fresh5
TalkyG_Diffset,1,hypothyroid,minsup,0.0076219512195121,600.1537,866.06,5196964,True,,20261003_132429,exact,Linux x86_64,fresh5
Talky_G,1,hypothyroid,minsup,0.0076219512195121,600.151,889.87,5478693,True,,20261003_133429,exact,Linux x86_64,fresh5
Zart,1,hypothyroid,minsup,0.0076219512195121,600.0635,494.13,0,True,,20261003_133429,exact,Linux x86_64,fresh5
Apriori_Gen_Borgelt,1,waveform_5000,minsup,0.04215,0.1253,5.63,6223,False,,20261003_133430,exact,Linux x86_64,fresh5
DefMe,1,waveform_5000,minsup,0.04215,0.3057,209.47,6224,False,,20261003_133430,exact,Linux x86_64,fresh5
Eclat_Gen_Borgelt,1,waveform_5000,minsup,0.04215,0.0658,8.63,6223,False,,20261003_133430,exact,Linux x86_64,fresh5
FPgrowth_Gen_Borgelt,1,waveform_5000,minsup,0.04215,0.0841,38.97,6223,False,,20261003_133431,exact,Linux x86_64,fresh5
Gr_growth,1,waveform_5000,minsup,0.04215,0.0864,21.41,6224,False,,20261003_133431,exact,Linux x86_64,fresh5
Pascal,1,waveform_5000,minsup,0.04215,6.5944,114.87,6223,False,,20261003_133438,exact,Linux x86_64,fresh5
TalkyG_Diffset,1,waveform_5000,minsup,0.04215,0.2793,130.32,6224,False,,20261003_133438,exact,Linux x86_64,fresh5
Talky_G,1,waveform_5000,minsup,0.04215,0.2722,122.94,6224,False,,20261003_133439,exact,Linux x86_64,fresh5
Zart,1,waveform_5000,minsup,0.04215,27.0841,518.7,6224,False,,20261003_133506,exact,Linux x86_64,fresh5
FGC_Stream,1,waveform_5000,minsup,0.04215,155.8635,29.71,6224,False,,20261003_133742,exact,Linux x86_64,fresh5
Apriori_Gen_Borgelt,1,susy,minsup,0.02598815,46.0497,1040.67,9637,False,,20261003_133829,exact,Linux x86_64,fresh5
DefMe,1,susy,minsup,0.02598815,24.2138,2237.74,9638,False,,20261003_133853,exact,Linux x86_64,fresh5
Eclat_Gen_Borgelt,1,susy,minsup,0.02598815,57.3551,1822.98,9637,False,,20261003_133951,exact,Linux x86_64,fresh5
FPgrowth_Gen_Borgelt,1,susy,minsup,0.02598815,34.5169,7817.47,7239,False,non-zero exit code 1: /home/hanketsu/Desktop/Projects/CENG643/TermProject/external_algos/borgelt/fpgrowth: not enough memory,20261003_134025,exact,Linux x86_64,fresh5
Gr_growth,1,susy,minsup,0.02598815,76.5401,1910.78,9638,False,,20261003_134142,exact,Linux x86_64,fresh5
FGC_Stream,1,hypothyroid,minsup,0.0076219512195121,600.1428,779.75,0,True,,20261003_134429,exact,Linux x86_64,fresh5
TalkyG_Diffset,1,susy,minsup,0.02598815,17.5895,2398.71,9640,False,,20261003_134447,exact,Linux x86_64,fresh5
Talky_G,1,susy,minsup,0.02598815,16.4789,2277.16,9640,False,,20261003_134504,exact,Linux x86_64,fresh5
Pascal,1,susy,minsup,0.02598815,600.1649,1672.97,3300,True,,20261003_135142,exact,Linux x86_64,fresh5
Zart,1,susy,minsup,0.02598815,600.1802,2283.56,0,True,,20261003_135504,exact,Linux x86_64,fresh5
Apriori_Gen_Borgelt,1,waveform_5000,minsup,0.03575,0.1089,10.48,20119,False,,20261003_135504,exact,Linux x86_64,fresh5
DefMe,1,waveform_5000,minsup,0.03575,0.4085,377.24,20120,False,,20261003_135505,exact,Linux x86_64,fresh5
Eclat_Gen_Borgelt,1,waveform_5000,minsup,0.03575,0.1597,10.95,20119,False,,20261003_135505,exact,Linux x86_64,fresh5
FPgrowth_Gen_Borgelt,1,waveform_5000,minsup,0.03575,0.2528,137.95,20119,False,,20261003_135506,exact,Linux x86_64,fresh5
Gr_growth,1,waveform_5000,minsup,0.03575,0.2132,22.66,20120,False,,20261003_135506,exact,Linux x86_64,fresh5
Pascal,1,waveform_5000,minsup,0.03575,98.5168,187.16,20119,False,,20261003_135645,exact,Linux x86_64,fresh5
TalkyG_Diffset,1,waveform_5000,minsup,0.03575,0.5215,382.23,20120,False,,20261003_135646,exact,Linux x86_64,fresh5
Talky_G,1,waveform_5000,minsup,0.03575,0.5479,382.99,20120,False,,20261003_135647,exact,Linux x86_64,fresh5
FGC_Stream,1,susy,minsup,0.02598815,600.0483,990.21,0,True,,20261003_140143,exact,Linux x86_64,fresh5
Zart,1,waveform_5000,minsup,0.03575,561.203,777.43,20120,False,,20261003_140608,exact,Linux x86_64,fresh5
FGC_Stream,1,waveform_5000,minsup,0.03575,307.4055,44.06,20120,False,,20261003_140650,exact,Linux x86_64,fresh5
Apriori_Gen_Borgelt,1,zoo,minsup,0.7004950495049505,0.0079,2.85,22,False,,20261003_145103,exact,Linux x86_64,fresh6
DefMe,1,zoo,minsup,0.7004950495049505,0.1989,74.34,23,False,,20261003_145103,exact,Linux x86_64,fresh6
Eclat_Gen_Borgelt,1,zoo,minsup,0.7004950495049505,0.0077,3.01,22,False,,20261003_145103,exact,Linux x86_64,fresh6
FPgrowth_Gen_Borgelt,1,zoo,minsup,0.7004950495049505,0.0069,3.18,22,False,,20261003_145104,exact,Linux x86_64,fresh6
Gr_growth,1,zoo,minsup,0.7004950495049505,0.0084,13.75,23,False,,20261003_145104,exact,Linux x86_64,fresh6
Pascal,1,zoo,minsup,0.7004950495049505,0.2459,75.56,22,False,,20261003_145104,exact,Linux x86_64,fresh6
TalkyG_Diffset,1,zoo,minsup,0.7004950495049505,0.2218,71.39,23,False,,20261003_145104,exact,Linux x86_64,fresh6
Talky_G,1,zoo,minsup,0.7004950495049505,0.2518,71.91,23,False,,20261003_145105,exact,Linux x86_64,fresh6
Zart,1,zoo,minsup,0.7004950495049505,0.2434,72.07,23,False,,20261003_145105,exact,Linux x86_64,fresh6
FGC_Stream,1,zoo,minsup,0.7004950495049505,0.0084,4.41,23,False,,20261003_145105,exact,Linux x86_64,fresh6
Apriori_Gen_Borgelt,1,lymph,minsup,0.7415540540540541,0.0065,2.86,17,False,,20261003_145105,exact,Linux x86_64,fresh6
Eclat_Gen_Borgelt,1,lymph,minsup,0.7415540540540541,0.0071,3.0,17,False,,20261003_145105,exact,Linux x86_64,fresh6
DefMe,1,lymph,minsup,0.7415540540540541,0.2199,70.45,18,False,,20261003_145105,exact,Linux x86_64,fresh6
FPgrowth_Gen_Borgelt,1,lymph,minsup,0.7415540540540541,0.0113,3.03,17,False,,20261003_145106,exact,Linux x86_64,fresh6
Gr_growth,1,lymph,minsup,0.7415540540540541,0.0092,13.75,18,False,,20261003_145106,exact,Linux x86_64,fresh6
Pascal,1,lymph,minsup,0.7415540540540541,0.279,74.35,17,False,,20261003_145106,exact,Linux x86_64,fresh6
TalkyG_Diffset,1,lymph,minsup,0.7415540540540541,0.2262,72.18,18,False,,20261003_145106,exact,Linux x86_64,fresh6
Talky_G,1,lymph,minsup,0.7415540540540541,0.2349,72.07,18,False,,20261003_145107,exact,Linux x86_64,fresh6
Zart,1,lymph,minsup,0.7415540540540541,0.2371,68.89,18,False,,20261003_145107,exact,Linux x86_64,fresh6
FGC_Stream,1,lymph,minsup,0.7415540540540541,0.0067,4.21,18,False,,20261003_145107,exact,Linux x86_64,fresh6
Apriori_Gen_Borgelt,1,sonar,minsup,0.1622596153846154,0.0065,3.03,318,False,,20261003_145107,exact,Linux x86_64,fresh6
Eclat_Gen_Borgelt,1,sonar,minsup,0.1622596153846154,0.0074,3.31,318,False,,20261003_145107,exact,Linux x86_64,fresh6
DefMe,1,sonar,minsup,0.1622596153846154,0.2438,79.59,319,False,,20261003_145107,exact,Linux x86_64,fresh6
FPgrowth_Gen_Borgelt,1,sonar,minsup,0.1622596153846154,0.0069,3.5,318,False,,20261003_145108,exact,Linux x86_64,fresh6
Gr_growth,1,sonar,minsup,0.1622596153846154,0.0108,14.22,319,False,,20261003_145108,exact,Linux x86_64,fresh6
TalkyG_Diffset,1,sonar,minsup,0.1622596153846154,0.2376,77.68,319,False,,20261003_145108,exact,Linux x86_64,fresh6
Pascal,1,sonar,minsup,0.1622596153846154,0.7216,78.41,318,False,,20261003_145109,exact,Linux x86_64,fresh6
Talky_G,1,sonar,minsup,0.1622596153846154,0.2655,80.24,319,False,,20261003_145109,exact,Linux x86_64,fresh6
FGC_Stream,1,sonar,minsup,0.1622596153846154,0.1478,5.16,319,False,,20261003_145109,exact,Linux x86_64,fresh6
Apriori_Gen_Borgelt,1,autos,minsup,0.5841463414634146,0.0069,3.0,17,False,,20261003_145109,exact,Linux x86_64,fresh6
DefMe,1,autos,minsup,0.5841463414634146,0.2148,72.16,18,False,,20261003_145110,exact,Linux x86_64,fresh6
Zart,1,sonar,minsup,0.1622596153846154,1.1555,373.56,319,False,,20261003_145110,exact,Linux x86_64,fresh6
Eclat_Gen_Borgelt,1,autos,minsup,0.5841463414634146,0.0073,3.04,17,False,,20261003_145110,exact,Linux x86_64,fresh6
FPgrowth_Gen_Borgelt,1,autos,minsup,0.5841463414634146,0.0075,3.14,17,False,,20261003_145110,exact,Linux x86_64,fresh6
Gr_growth,1,autos,minsup,0.5841463414634146,0.0068,13.75,18,False,,20261003_145110,exact,Linux x86_64,fresh6
Pascal,1,autos,minsup,0.5841463414634146,0.3055,75.97,17,False,,20261003_145111,exact,Linux x86_64,fresh6
TalkyG_Diffset,1,autos,minsup,0.5841463414634146,0.2211,74.38,18,False,,20261003_145111,exact,Linux x86_64,fresh6
Talky_G,1,autos,minsup,0.5841463414634146,0.2544,77.4,18,False,,20261003_145111,exact,Linux x86_64,fresh6
Zart,1,autos,minsup,0.5841463414634146,0.2383,74.1,18,False,,20261003_145111,exact,Linux x86_64,fresh6
FGC_Stream,1,autos,minsup,0.5841463414634146,0.0137,4.38,18,False,,20261003_145112,exact,Linux x86_64,fresh6
Apriori_Gen_Borgelt,1,glass,minsup,0.2044392523364486,0.0074,2.83,12,False,,20261003_145112,exact,Linux x86_64,fresh6
Eclat_Gen_Borgelt,1,glass,minsup,0.2044392523364486,0.0064,2.99,12,False,,20261003_145112,exact,Linux x86_64,fresh6
DefMe,1,glass,minsup,0.2044392523364486,0.2334,73.16,13,False,,20261003_145112,exact,Linux x86_64,fresh6
FPgrowth_Gen_Borgelt,1,glass,minsup,0.2044392523364486,0.0075,3.17,12,False,,20261003_145112,exact,Linux x86_64,fresh6
Gr_growth,1,glass,minsup,0.2044392523364486,0.0074,13.75,13,False,,20261003_145112,exact,Linux x86_64,fresh6
Pascal,1,glass,minsup,0.2044392523364486,0.2629,72.28,12,False,,20261003_145113,exact,Linux x86_64,fresh6
TalkyG_Diffset,1,glass,minsup,0.2044392523364486,0.2172,69.12,12,False,,20261003_145113,exact,Linux x86_64,fresh6
Talky_G,1,glass,minsup,0.2044392523364486,0.2389,70.39,12,False,,20261003_145113,exact,Linux x86_64,fresh6
Zart,1,glass,minsup,0.2044392523364486,0.201,71.09,13,False,,20261003_145113,exact,Linux x86_64,fresh6
FGC_Stream,1,glass,minsup,0.2044392523364486,0.007,4.36,13,False,,20261003_145113,exact,Linux x86_64,fresh6
Apriori_Gen_Borgelt,1,audiology,minsup,0.9900442477876106,0.0065,3.09,264,False,,20261003_145114,exact,Linux x86_64,fresh6
Eclat_Gen_Borgelt,1,audiology,minsup,0.9900442477876106,0.0066,3.02,264,False,,20261003_145114,exact,Linux x86_64,fresh6
DefMe,1,audiology,minsup,0.9900442477876106,0.2238,75.05,265,False,,20261003_145114,exact,Linux x86_64,fresh6
FPgrowth_Gen_Borgelt,1,audiology,minsup,0.9900442477876106,0.0067,3.38,264,False,,20261003_145114,exact,Linux x86_64,fresh6
Gr_growth,1,audiology,minsup,0.9900442477876106,0.0067,13.75,265,False,,20261003_145114,exact,Linux x86_64,fresh6
TalkyG_Diffset,1,audiology,minsup,0.9900442477876106,0.2477,78.25,265,False,,20261003_145115,exact,Linux x86_64,fresh6
Pascal,1,audiology,minsup,0.9900442477876106,0.4516,79.99,264,False,,20261003_145115,exact,Linux x86_64,fresh6
Talky_G,1,audiology,minsup,0.9900442477876106,0.2579,79.06,265,False,,20261003_145115,exact,Linux x86_64,fresh6
Zart,1,audiology,minsup,0.9900442477876106,0.3227,119.63,265,False,,20261003_145115,exact,Linux x86_64,fresh6
Apriori_Gen_Borgelt,1,heart_c,minsup,0.4282178217821782,0.0072,2.77,24,False,,20261003_145116,exact,Linux x86_64,fresh6
FGC_Stream,1,audiology,minsup,0.9900442477876106,0.136,5.78,265,False,,20261003_145116,exact,Linux x86_64,fresh6
Eclat_Gen_Borgelt,1,heart_c,minsup,0.4282178217821782,0.0098,2.99,24,False,,20261003_145116,exact,Linux x86_64,fresh6
DefMe,1,heart_c,minsup,0.4282178217821782,0.2128,73.78,25,False,,20261003_145116,exact,Linux x86_64,fresh6
FPgrowth_Gen_Borgelt,1,heart_c,minsup,0.4282178217821782,0.007,3.2,24,False,,20261003_145116,exact,Linux x86_64,fresh6
Gr_growth,1,heart_c,minsup,0.4282178217821782,0.0084,13.75,25,False,,20261003_145116,exact,Linux x86_64,fresh6
Pascal,1,heart_c,minsup,0.4282178217821782,0.2592,75.41,24,False,,20261003_145117,exact,Linux x86_64,fresh6
TalkyG_Diffset,1,heart_c,minsup,0.4282178217821782,0.2201,71.42,25,False,,20261003_145117,exact,Linux x86_64,fresh6
Talky_G,1,heart_c,minsup,0.4282178217821782,0.2658,74.6,25,False,,20261003_145117,exact,Linux x86_64,fresh6
Zart,1,heart_c,minsup,0.4282178217821782,0.2178,73.53,25,False,,20261003_145117,exact,Linux x86_64,fresh6
FGC_Stream,1,heart_c,minsup,0.4282178217821782,0.0284,4.51,25,False,,20261003_145117,exact,Linux x86_64,fresh6
Apriori_Gen_Borgelt,1,ionosphere,minsup,0.344017094017094,0.008,3.02,10,False,,20261003_145118,exact,Linux x86_64,fresh6
Eclat_Gen_Borgelt,1,ionosphere,minsup,0.344017094017094,0.0079,3.16,10,False,,20261003_145118,exact,Linux x86_64,fresh6
DefMe,1,ionosphere,minsup,0.344017094017094,0.2381,79.86,11,False,,20261003_145118,exact,Linux x86_64,fresh6
FPgrowth_Gen_Borgelt,1,ionosphere,minsup,0.344017094017094,0.0088,3.22,10,False,,20261003_145118,exact,Linux x86_64,fresh6
Gr_growth,1,ionosphere,minsup,0.344017094017094,0.0095,13.75,11,False,,20261003_145118,exact,Linux x86_64,fresh6
Pascal,1,ionosphere,minsup,0.344017094017094,0.2698,78.67,10,False,,20261003_145119,exact,Linux x86_64,fresh6
TalkyG_Diffset,1,ionosphere,minsup,0.344017094017094,0.3013,79.55,10,False,,20261003_145119,exact,Linux x86_64,fresh6
Talky_G,1,ionosphere,minsup,0.344017094017094,0.3464,78.62,10,False,,20261003_145119,exact,Linux x86_64,fresh6
Zart,1,ionosphere,minsup,0.344017094017094,0.3004,75.61,11,False,,20261003_145119,exact,Linux x86_64,fresh6
FGC_Stream,1,ionosphere,minsup,0.344017094017094,0.0278,5.15,11,False,,20261003_145120,exact,Linux x86_64,fresh6
Apriori_Gen_Borgelt,1,balance_scale,minsup,0.1228,0.0073,3.0,34,False,,20261003_145120,exact,Linux x86_64,fresh6
Eclat_Gen_Borgelt,1,balance_scale,minsup,0.1228,0.0098,3.16,34,False,,20261003_145120,exact,Linux x86_64,fresh6
DefMe,1,balance_scale,minsup,0.1228,0.2258,71.38,35,False,,20261003_145120,exact,Linux x86_64,fresh6
FPgrowth_Gen_Borgelt,1,balance_scale,minsup,0.1228,0.0079,3.15,34,False,,20261003_145120,exact,Linux x86_64,fresh6
Gr_growth,1,balance_scale,minsup,0.1228,0.0092,13.6,35,False,,20261003_145120,exact,Linux x86_64,fresh6
Pascal,1,balance_scale,minsup,0.1228,0.3257,77.88,34,False,,20261003_145121,exact,Linux x86_64,fresh6
TalkyG_Diffset,1,balance_scale,minsup,0.1228,0.2354,70.96,35,False,,20261003_145121,exact,Linux x86_64,fresh6
Talky_G,1,balance_scale,minsup,0.1228,0.3324,72.39,35,False,,20261003_145121,exact,Linux x86_64,fresh6
Zart,1,balance_scale,minsup,0.1228,0.2532,72.52,35,False,,20261003_145122,exact,Linux x86_64,fresh6
FGC_Stream,1,balance_scale,minsup,0.1228,0.0298,4.38,35,False,,20261003_145122,exact,Linux x86_64,fresh6
Apriori_Gen_Borgelt,1,breast_w,minsup,0.5189556509298998,0.0081,2.93,22,False,,20261003_145122,exact,Linux x86_64,fresh6
Eclat_Gen_Borgelt,1,breast_w,minsup,0.5189556509298998,0.0084,2.94,22,False,,20261003_145122,exact,Linux x86_64,fresh6
DefMe,1,breast_w,minsup,0.5189556509298998,0.2568,75.15,23,False,,20261003_145122,exact,Linux x86_64,fresh6
FPgrowth_Gen_Borgelt,1,breast_w,minsup,0.5189556509298998,0.0092,2.99,22,False,,20261003_145122,exact,Linux x86_64,fresh6
Gr_growth,1,breast_w,minsup,0.5189556509298998,0.0108,13.79,23,False,,20261003_145123,exact,Linux x86_64,fresh6
Pascal,1,breast_w,minsup,0.5189556509298998,0.318,72.87,22,False,,20261003_145123,exact,Linux x86_64,fresh6
TalkyG_Diffset,1,breast_w,minsup,0.5189556509298998,0.2446,75.32,23,False,,20261003_145123,exact,Linux x86_64,fresh6
Talky_G,1,breast_w,minsup,0.5189556509298998,0.3445,75.93,23,False,,20261003_145124,exact,Linux x86_64,fresh6
Zart,1,breast_w,minsup,0.5189556509298998,0.2745,73.81,23,False,,20261003_145124,exact,Linux x86_64,fresh6
FGC_Stream,1,breast_w,minsup,0.5189556509298998,0.0691,4.72,23,False,,20261003_145124,exact,Linux x86_64,fresh6
Apriori_Gen_Borgelt,1,diabetes,minsup,0.1611328125,0.0085,3.12,50,False,,20261003_145124,exact,Linux x86_64,fresh6
Eclat_Gen_Borgelt,1,diabetes,minsup,0.1611328125,0.01,3.0,50,False,,20261003_145124,exact,Linux x86_64,fresh6
DefMe,1,diabetes,minsup,0.1611328125,0.2522,76.68,51,False,,20261003_145125,exact,Linux x86_64,fresh6
FPgrowth_Gen_Borgelt,1,diabetes,minsup,0.1611328125,0.0079,3.2,50,False,,20261003_145125,exact,Linux x86_64,fresh6
Gr_growth,1,diabetes,minsup,0.1611328125,0.01,13.75,51,False,,20261003_145125,exact,Linux x86_64,fresh6
Pascal,1,diabetes,minsup,0.1611328125,0.3378,74.54,50,False,,20261003_145125,exact,Linux x86_64,fresh6
TalkyG_Diffset,1,diabetes,minsup,0.1611328125,0.2367,70.71,51,False,,20261003_145125,exact,Linux x86_64,fresh6
Talky_G,1,diabetes,minsup,0.1611328125,0.3227,72.23,51,False,,20261003_145126,exact,Linux x86_64,fresh6
Zart,1,diabetes,minsup,0.1611328125,0.2818,75.66,51,False,,20261003_145126,exact,Linux x86_64,fresh6
FGC_Stream,1,diabetes,minsup,0.1611328125,0.0891,4.71,51,False,,20261003_145126,exact,Linux x86_64,fresh6
Apriori_Gen_Borgelt,1,vehicle,minsup,0.1876477541371158,0.008,2.86,78,False,,20261003_145126,exact,Linux x86_64,fresh6
Eclat_Gen_Borgelt,1,vehicle,minsup,0.1876477541371158,0.007,3.31,78,False,,20261003_145127,exact,Linux x86_64,fresh6
DefMe,1,vehicle,minsup,0.1876477541371158,0.263,77.8,79,False,,20261003_145127,exact,Linux x86_64,fresh6
FPgrowth_Gen_Borgelt,1,vehicle,minsup,0.1876477541371158,0.0082,3.38,78,False,,20261003_145127,exact,Linux x86_64,fresh6
Gr_growth,1,vehicle,minsup,0.1876477541371158,0.0125,13.91,79,False,,20261003_145127,exact,Linux x86_64,fresh6
Pascal,1,vehicle,minsup,0.1876477541371158,0.4358,79.48,78,False,,20261003_145128,exact,Linux x86_64,fresh6
TalkyG_Diffset,1,vehicle,minsup,0.1876477541371158,0.2621,74.54,79,False,,20261003_145128,exact,Linux x86_64,fresh6
Talky_G,1,vehicle,minsup,0.1876477541371158,0.3043,75.8,79,False,,20261003_145128,exact,Linux x86_64,fresh6
Zart,1,vehicle,minsup,0.1876477541371158,0.3376,82.62,79,False,,20261003_145128,exact,Linux x86_64,fresh6
FGC_Stream,1,vehicle,minsup,0.1876477541371158,0.1155,5.31,79,False,,20261003_145129,exact,Linux x86_64,fresh6
Apriori_Gen_Borgelt,1,vowel,minsup,0.1522727272727272,0.0084,3.09,66,False,,20261003_145129,exact,Linux x86_64,fresh6
Eclat_Gen_Borgelt,1,vowel,minsup,0.1522727272727272,0.0101,3.13,66,False,,20261003_145129,exact,Linux x86_64,fresh6
DefMe,1,vowel,minsup,0.1522727272727272,0.272,77.94,67,False,,20261003_145129,exact,Linux x86_64,fresh6
FPgrowth_Gen_Borgelt,1,vowel,minsup,0.1522727272727272,0.0103,3.36,66,False,,20261003_145129,exact,Linux x86_64,fresh6
Gr_growth,1,vowel,minsup,0.1522727272727272,0.0108,13.75,67,False,,20261003_145129,exact,Linux x86_64,fresh6
Pascal,1,vowel,minsup,0.1522727272727272,0.3914,75.05,66,False,,20261003_145130,exact,Linux x86_64,fresh6
TalkyG_Diffset,1,vowel,minsup,0.1522727272727272,0.2421,76.14,67,False,,20261003_145130,exact,Linux x86_64,fresh6
Talky_G,1,vowel,minsup,0.1522727272727272,0.305,73.69,67,False,,20261003_145130,exact,Linux x86_64,fresh6
Zart,1,vowel,minsup,0.1522727272727272,0.3058,75.91,67,False,,20261003_145130,exact,Linux x86_64,fresh6
Apriori_Gen_Borgelt,1,zoo,minsup,0.3935643564356436,0.0081,2.88,329,False,,20261003_145131,exact,Linux x86_64,fresh6
FGC_Stream,1,vowel,minsup,0.1522727272727272,0.2679,5.41,67,False,,20261003_145131,exact,Linux x86_64,fresh6
Eclat_Gen_Borgelt,1,zoo,minsup,0.3935643564356436,0.0113,3.38,329,False,,20261003_145131,exact,Linux x86_64,fresh6
DefMe,1,zoo,minsup,0.3935643564356436,0.2713,71.23,330,False,,20261003_145131,exact,Linux x86_64,fresh6
FPgrowth_Gen_Borgelt,1,zoo,minsup,0.3935643564356436,0.0098,3.5,329,False,,20261003_145132,exact,Linux x86_64,fresh6
Gr_growth,1,zoo,minsup,0.3935643564356436,0.0107,13.79,330,False,,20261003_145132,exact,Linux x86_64,fresh6
TalkyG_Diffset,1,zoo,minsup,0.3935643564356436,0.2591,72.0,343,False,,20261003_145132,exact,Linux x86_64,fresh6
Pascal,1,zoo,minsup,0.3935643564356436,0.3526,75.59,329,False,,20261003_145132,exact,Linux x86_64,fresh6
Talky_G,1,zoo,minsup,0.3935643564356436,0.289,75.27,343,False,,20261003_145133,exact,Linux x86_64,fresh6
Zart,1,zoo,minsup,0.3935643564356436,0.3326,83.38,330,False,,20261003_145133,exact,Linux x86_64,fresh6
FGC_Stream,1,zoo,minsup,0.3935643564356436,0.0564,4.36,330,False,,20261003_145133,exact,Linux x86_64,fresh6
Apriori_Gen_Borgelt,1,lymph,minsup,0.3631756756756756,0.0079,2.97,324,False,,20261003_145133,exact,Linux x86_64,fresh6
Eclat_Gen_Borgelt,1,lymph,minsup,0.3631756756756756,0.0086,3.4,324,False,,20261003_145133,exact,Linux x86_64,fresh6
DefMe,1,lymph,minsup,0.3631756756756756,0.2737,73.04,325,False,,20261003_145134,exact,Linux x86_64,fresh6
FPgrowth_Gen_Borgelt,1,lymph,minsup,0.3631756756756756,0.0079,3.54,324,False,,20261003_145134,exact,Linux x86_64,fresh6
Gr_growth,1,lymph,minsup,0.3631756756756756,0.0101,13.75,325,False,,20261003_145134,exact,Linux x86_64,fresh6
Pascal,1,lymph,minsup,0.3631756756756756,0.3383,80.54,324,False,,20261003_145134,exact,Linux x86_64,fresh6
TalkyG_Diffset,1,lymph,minsup,0.3631756756756756,0.2735,77.62,325,False,,20261003_145134,exact,Linux x86_64,fresh6
Talky_G,1,lymph,minsup,0.3631756756756756,0.3256,76.12,325,False,,20261003_145135,exact,Linux x86_64,fresh6
Zart,1,lymph,minsup,0.3631756756756756,0.3051,87.42,325,False,,20261003_145135,exact,Linux x86_64,fresh6
FGC_Stream,1,lymph,minsup,0.3631756756756756,0.0968,4.38,325,False,,20261003_145135,exact,Linux x86_64,fresh6
Apriori_Gen_Borgelt,1,sonar,minsup,0.1334134615384615,0.0123,3.17,437,False,,20261003_145135,exact,Linux x86_64,fresh6
Eclat_Gen_Borgelt,1,sonar,minsup,0.1334134615384615,0.0166,3.62,437,False,,20261003_145136,exact,Linux x86_64,fresh6
DefMe,1,sonar,minsup,0.1334134615384615,0.2476,79.57,438,False,,20261003_145136,exact,Linux x86_64,fresh6
FPgrowth_Gen_Borgelt,1,sonar,minsup,0.1334134615384615,0.0085,3.95,437,False,,20261003_145136,exact,Linux x86_64,fresh6
Gr_growth,1,sonar,minsup,0.1334134615384615,0.0105,14.07,438,False,,20261003_145136,exact,Linux x86_64,fresh6
TalkyG_Diffset,1,sonar,minsup,0.1334134615384615,0.2637,93.29,439,False,,20261003_145137,exact,Linux x86_64,fresh6
Pascal,1,sonar,minsup,0.1334134615384615,0.708,84.39,437,False,,20261003_145137,exact,Linux x86_64,fresh6
Talky_G,1,sonar,minsup,0.1334134615384615,0.2921,82.75,439,False,,20261003_145137,exact,Linux x86_64,fresh6
FGC_Stream,1,sonar,minsup,0.1334134615384615,0.2809,5.32,438,False,,20261003_145138,exact,Linux x86_64,fresh6
Apriori_Gen_Borgelt,1,autos,minsup,0.2329268292682927,0.0078,2.88,215,False,,20261003_145138,exact,Linux x86_64,fresh6
Zart,1,sonar,minsup,0.1334134615384615,1.2691,372.31,438,False,,20261003_145139,exact,Linux x86_64,fresh6
DefMe,1,autos,minsup,0.2329268292682927,0.2489,73.08,216,False,,20261003_145139,exact,Linux x86_64,fresh6
Eclat_Gen_Borgelt,1,autos,minsup,0.2329268292682927,0.0102,3.26,215,False,,20261003_145139,exact,Linux x86_64,fresh6
FPgrowth_Gen_Borgelt,1,autos,minsup,0.2329268292682927,0.0079,3.28,215,False,,20261003_145139,exact,Linux x86_64,fresh6
Gr_growth,1,autos,minsup,0.2329268292682927,0.0123,13.75,216,False,,20261003_145139,exact,Linux x86_64,fresh6
Pascal,1,autos,minsup,0.2329268292682927,0.3219,84.77,215,False,,20261003_145139,exact,Linux x86_64,fresh6
TalkyG_Diffset,1,autos,minsup,0.2329268292682927,0.2558,75.47,216,False,,20261003_145140,exact,Linux x86_64,fresh6
Talky_G,1,autos,minsup,0.2329268292682927,0.3029,72.17,216,False,,20261003_145140,exact,Linux x86_64,fresh6
Zart,1,autos,minsup,0.2329268292682927,0.3074,83.39,216,False,,20261003_145140,exact,Linux x86_64,fresh6
FGC_Stream,1,autos,minsup,0.2329268292682927,0.0952,4.68,216,False,,20261003_145140,exact,Linux x86_64,fresh6
Apriori_Gen_Borgelt,1,glass,minsup,0.1063084112149532,0.0078,2.86,107,False,,20261003_145141,exact,Linux x86_64,fresh6
Eclat_Gen_Borgelt,1,glass,minsup,0.1063084112149532,0.0084,3.14,107,False,,20261003_145141,exact,Linux x86_64,fresh6
DefMe,1,glass,minsup,0.1063084112149532,0.2641,71.2,108,False,,20261003_145141,exact,Linux x86_64,fresh6
FPgrowth_Gen_Borgelt,1,glass,minsup,0.1063084112149532,0.008,3.18,107,False,,20261003_145141,exact,Linux x86_64,fresh6
Gr_growth,1,glass,minsup,0.1063084112149532,0.0114,13.75,108,False,,20261003_145141,exact,Linux x86_64,fresh6
Pascal,1,glass,minsup,0.1063084112149532,0.323,72.91,107,False,,20261003_145142,exact,Linux x86_64,fresh6
TalkyG_Diffset,1,glass,minsup,0.1063084112149532,0.2568,71.75,107,False,,20261003_145142,exact,Linux x86_64,fresh6
Talky_G,1,glass,minsup,0.1063084112149532,0.2962,72.34,107,False,,20261003_145142,exact,Linux x86_64,fresh6
Zart,1,glass,minsup,0.1063084112149532,0.2613,72.59,108,False,,20261003_145142,exact,Linux x86_64,fresh6
FGC_Stream,1,glass,minsup,0.1063084112149532,0.021,4.38,108,False,,20261003_145143,exact,Linux x86_64,fresh6
Apriori_Gen_Borgelt,1,heart_c,minsup,0.1773927392739274,0.0084,2.86,379,False,,20261003_145143,exact,Linux x86_64,fresh6
Eclat_Gen_Borgelt,1,heart_c,minsup,0.1773927392739274,0.0078,3.51,379,False,,20261003_145143,exact,Linux x86_64,fresh6
DefMe,1,heart_c,minsup,0.1773927392739274,0.2473,71.87,380,False,,20261003_145143,exact,Linux x86_64,fresh6
FPgrowth_Gen_Borgelt,1,heart_c,minsup,0.1773927392739274,0.0077,3.64,379,False,,20261003_145143,exact,Linux x86_64,fresh6
Gr_growth,1,heart_c,minsup,0.1773927392739274,0.012,13.75,380,False,,20261003_145143,exact,Linux x86_64,fresh6
Pascal,1,heart_c,minsup,0.1773927392739274,0.3571,80.99,379,False,,20261003_145144,exact,Linux x86_64,fresh6
TalkyG_Diffset,1,heart_c,minsup,0.1773927392739274,0.2727,72.29,380,False,,20261003_145144,exact,Linux x86_64,fresh6
Talky_G,1,heart_c,minsup,0.1773927392739274,0.2878,72.48,380,False,,20261003_145145,exact,Linux x86_64,fresh6
Zart,1,heart_c,minsup,0.1773927392739274,0.3199,88.07,380,False,,20261003_145145,exact,Linux x86_64,fresh6
Apriori_Gen_Borgelt,1,ionosphere,minsup,0.1987179487179487,0.0085,2.85,180,False,,20261003_145145,exact,Linux x86_64,fresh6
FGC_Stream,1,heart_c,minsup,0.1773927392739274,0.1974,4.65,380,False,,20261003_145145,exact,Linux x86_64,fresh6
Eclat_Gen_Borgelt,1,ionosphere,minsup,0.1987179487179487,0.0079,3.35,180,False,,20261003_145145,exact,Linux x86_64,fresh6
DefMe,1,ionosphere,minsup,0.1987179487179487,0.2847,75.62,181,False,,20261003_145145,exact,Linux x86_64,fresh6
FPgrowth_Gen_Borgelt,1,ionosphere,minsup,0.1987179487179487,0.0085,3.66,180,False,,20261003_145146,exact,Linux x86_64,fresh6
Gr_growth,1,ionosphere,minsup,0.1987179487179487,0.0097,14.07,181,False,,20261003_145146,exact,Linux x86_64,fresh6
Pascal,1,ionosphere,minsup,0.1987179487179487,0.4259,76.88,180,False,,20261003_145146,exact,Linux x86_64,fresh6
TalkyG_Diffset,1,ionosphere,minsup,0.1987179487179487,0.3156,77.91,180,False,,20261003_145146,exact,Linux x86_64,fresh6
Talky_G,1,ionosphere,minsup,0.1987179487179487,0.306,79.75,180,False,,20261003_145147,exact,Linux x86_64,fresh6
FGC_Stream,1,ionosphere,minsup,0.1987179487179487,0.0694,5.31,181,False,,20261003_145147,exact,Linux x86_64,fresh6
Apriori_Gen_Borgelt,1,balance_scale,minsup,0.0396,0.0089,2.85,209,False,,20261003_145147,exact,Linux x86_64,fresh6
Zart,1,ionosphere,minsup,0.1987179487179487,0.9632,120.65,181,False,,20261003_145148,exact,Linux x86_64,fresh6
Eclat_Gen_Borgelt,1,balance_scale,minsup,0.0396,0.0081,3.0,209,False,,20261003_145148,exact,Linux x86_64,fresh6
DefMe,1,balance_scale,minsup,0.0396,0.281,71.14,210,False,,20261003_145148,exact,Linux x86_64,fresh6
FPgrowth_Gen_Borgelt,1,balance_scale,minsup,0.0396,0.0085,3.28,209,False,,20261003_145148,exact,Linux x86_64,fresh6
Gr_growth,1,balance_scale,minsup,0.0396,0.0118,13.75,210,False,,20261003_145148,exact,Linux x86_64,fresh6
Pascal,1,balance_scale,minsup,0.0396,0.322,73.7,209,False,,20261003_145149,exact,Linux x86_64,fresh6
TalkyG_Diffset,1,balance_scale,minsup,0.0396,0.2795,72.67,210,False,,20261003_145149,exact,Linux x86_64,fresh6
Talky_G,1,balance_scale,minsup,0.0396,0.2898,74.06,210,False,,20261003_145149,exact,Linux x86_64,fresh6
Zart,1,balance_scale,minsup,0.0396,0.2802,86.14,210,False,,20261003_145149,exact,Linux x86_64,fresh6
FGC_Stream,1,balance_scale,minsup,0.0396,0.0458,4.21,210,False,,20261003_145150,exact,Linux x86_64,fresh6
Apriori_Gen_Borgelt,1,breast_w,minsup,0.0683118741058655,0.0093,2.99,992,False,,20261003_145150,exact,Linux x86_64,fresh6
Eclat_Gen_Borgelt,1,breast_w,minsup,0.0683118741058655,0.0129,4.31,992,False,,20261003_145150,exact,Linux x86_64,fresh6
DefMe,1,breast_w,minsup,0.0683118741058655,0.2342,79.5,993,False,,20261003_145150,exact,Linux x86_64,fresh6
FPgrowth_Gen_Borgelt,1,breast_w,minsup,0.0683118741058655,0.0082,4.27,992,False,,20261003_145150,exact,Linux x86_64,fresh6
Gr_growth,1,breast_w,minsup,0.0683118741058655,0.0112,13.75,993,False,,20261003_145151,exact,Linux x86_64,fresh6
Pascal,1,breast_w,minsup,0.0683118741058655,0.4007,76.11,992,False,,20261003_145151,exact,Linux x86_64,fresh6
TalkyG_Diffset,1,breast_w,minsup,0.0683118741058655,0.2613,72.45,1001,False,,20261003_145151,exact,Linux x86_64,fresh6
Talky_G,1,breast_w,minsup,0.0683118741058655,0.3319,76.27,1001,False,,20261003_145152,exact,Linux x86_64,fresh6
Zart,1,breast_w,minsup,0.0683118741058655,0.4675,114.54,993,False,,20261003_145152,exact,Linux x86_64,fresh6
Apriori_Gen_Borgelt,1,diabetes,minsup,0.0843098958333333,0.0085,2.74,164,False,,20261003_145152,exact,Linux x86_64,fresh6
DefMe,1,diabetes,minsup,0.0843098958333333,0.2166,74.27,165,False,,20261003_145153,exact,Linux x86_64,fresh6
FGC_Stream,1,breast_w,minsup,0.0683118741058655,0.8545,5.63,993,False,,20261003_145153,exact,Linux x86_64,fresh6
Eclat_Gen_Borgelt,1,diabetes,minsup,0.0843098958333333,0.0077,3.38,164,False,,20261003_145153,exact,Linux x86_64,fresh6
FPgrowth_Gen_Borgelt,1,diabetes,minsup,0.0843098958333333,0.008,3.38,164,False,,20261003_145153,exact,Linux x86_64,fresh6
Gr_growth,1,diabetes,minsup,0.0843098958333333,0.0114,13.91,165,False,,20261003_145153,exact,Linux x86_64,fresh6
Pascal,1,diabetes,minsup,0.0843098958333333,0.3759,73.59,164,False,,20261003_145154,exact,Linux x86_64,fresh6
TalkyG_Diffset,1,diabetes,minsup,0.0843098958333333,0.263,71.54,165,False,,20261003_145154,exact,Linux x86_64,fresh6
Talky_G,1,diabetes,minsup,0.0843098958333333,0.3422,78.2,165,False,,20261003_145154,exact,Linux x86_64,fresh6
Zart,1,diabetes,minsup,0.0843098958333333,0.2908,72.84,165,False,,20261003_145154,exact,Linux x86_64,fresh6
Apriori_Gen_Borgelt,1,vehicle,minsup,0.1238179669030732,0.0122,3.08,240,False,,20261003_145155,exact,Linux x86_64,fresh6
FGC_Stream,1,diabetes,minsup,0.0843098958333333,0.2274,4.41,165,False,,20261003_145155,exact,Linux x86_64,fresh6
Eclat_Gen_Borgelt,1,vehicle,minsup,0.1238179669030732,0.0088,3.61,240,False,,20261003_145155,exact,Linux x86_64,fresh6
DefMe,1,vehicle,minsup,0.1238179669030732,0.2695,75.29,241,False,,20261003_145155,exact,Linux x86_64,fresh6
FPgrowth_Gen_Borgelt,1,vehicle,minsup,0.1238179669030732,0.0076,3.98,240,False,,20261003_145155,exact,Linux x86_64,fresh6
Gr_growth,1,vehicle,minsup,0.1238179669030732,0.0111,14.07,241,False,,20261003_145155,exact,Linux x86_64,fresh6
TalkyG_Diffset,1,vehicle,minsup,0.1238179669030732,0.2613,74.61,243,False,,20261003_145156,exact,Linux x86_64,fresh6
Pascal,1,vehicle,minsup,0.1238179669030732,0.4625,77.28,240,False,,20261003_145156,exact,Linux x86_64,fresh6
Talky_G,1,vehicle,minsup,0.1238179669030732,0.317,73.11,243,False,,20261003_145157,exact,Linux x86_64,fresh6
Zart,1,vehicle,minsup,0.1238179669030732,0.3972,98.39,241,False,,20261003_145157,exact,Linux x86_64,fresh6
Apriori_Gen_Borgelt,1,vowel,minsup,0.1027777777777777,0.0089,2.99,157,False,,20261003_145157,exact,Linux x86_64,fresh6
FGC_Stream,1,vehicle,minsup,0.1238179669030732,0.6316,5.34,241,False,,20261003_145157,exact,Linux x86_64,fresh6
DefMe,1,vowel,minsup,0.1027777777777777,0.2507,78.42,158,False,,20261003_145158,exact,Linux x86_64,fresh6
Eclat_Gen_Borgelt,1,vowel,minsup,0.1027777777777777,0.0093,3.35,157,False,,20261003_145158,exact,Linux x86_64,fresh6
FPgrowth_Gen_Borgelt,1,vowel,minsup,0.1027777777777777,0.0082,3.36,157,False,,20261003_145158,exact,Linux x86_64,fresh6
Gr_growth,1,vowel,minsup,0.1027777777777777,0.0098,13.75,158,False,,20261003_145158,exact,Linux x86_64,fresh6
Pascal,1,vowel,minsup,0.1027777777777777,0.358,72.51,157,False,,20261003_145159,exact,Linux x86_64,fresh6
TalkyG_Diffset,1,vowel,minsup,0.1027777777777777,0.2466,76.69,158,False,,20261003_145159,exact,Linux x86_64,fresh6
Talky_G,1,vowel,minsup,0.1027777777777777,0.3485,78.39,158,False,,20261003_145159,exact,Linux x86_64,fresh6
Zart,1,vowel,minsup,0.1027777777777777,0.33,89.69,158,False,,20261003_145159,exact,Linux x86_64,fresh6
Apriori_Gen_Borgelt,1,zoo,minsup,0.1361386138613861,0.0088,3.08,3816,False,,20261003_145200,exact,Linux x86_64,fresh6
FGC_Stream,1,vowel,minsup,0.1027777777777777,0.5333,5.38,158,False,,20261003_145200,exact,Linux x86_64,fresh6
DefMe,1,zoo,minsup,0.1361386138613861,0.2428,92.44,3817,False,,20261003_145200,exact,Linux x86_64,fresh6
Eclat_Gen_Borgelt,1,zoo,minsup,0.1361386138613861,0.0085,7.58,3816,False,,20261003_145200,exact,Linux x86_64,fresh6
FPgrowth_Gen_Borgelt,1,zoo,minsup,0.1361386138613861,0.0089,7.71,3816,False,,20261003_145200,exact,Linux x86_64,fresh6
Gr_growth,1,zoo,minsup,0.1361386138613861,0.0149,13.92,3817,False,,20261003_145201,exact,Linux x86_64,fresh6
TalkyG_Diffset,1,zoo,minsup,0.1361386138613861,0.2673,77.84,4309,False,,20261003_145201,exact,Linux x86_64,fresh6
Talky_G,1,zoo,minsup,0.1361386138613861,0.2806,76.53,4309,False,,20261003_145202,exact,Linux x86_64,fresh6
Pascal,1,zoo,minsup,0.1361386138613861,4.2986,118.38,3816,False,,20261003_145205,exact,Linux x86_64,fresh6
FGC_Stream,1,zoo,minsup,0.1361386138613861,0.2377,8.15,3817,False,,20261003_145205,exact,Linux x86_64,fresh6
Apriori_Gen_Borgelt,1,lymph,minsup,0.0861486486486486,0.0162,3.38,11857,False,,20261003_145206,exact,Linux x86_64,fresh6
DefMe,1,lymph,minsup,0.0861486486486486,0.2631,105.97,11858,False,,20261003_145206,exact,Linux x86_64,fresh6
Eclat_Gen_Borgelt,1,lymph,minsup,0.0861486486486486,0.0156,10.64,11857,False,,20261003_145206,exact,Linux x86_64,fresh6
FPgrowth_Gen_Borgelt,1,lymph,minsup,0.0861486486486486,0.0149,11.23,11857,False,,20261003_145207,exact,Linux x86_64,fresh6
Gr_growth,1,lymph,minsup,0.0861486486486486,0.0182,14.26,11858,False,,20261003_145207,exact,Linux x86_64,fresh6
Pascal,1,lymph,minsup,0.0861486486486486,1.7983,98.4,11857,False,,20261003_145209,exact,Linux x86_64,fresh6
TalkyG_Diffset,1,lymph,minsup,0.0861486486486486,0.298,94.35,12090,False,,20261003_145210,exact,Linux x86_64,fresh6
Talky_G,1,lymph,minsup,0.0861486486486486,0.3071,108.82,12090,False,,20261003_145210,exact,Linux x86_64,fresh6
Zart,1,lymph,minsup,0.0861486486486486,101.9251,195.3,11858,False,,20261003_145352,exact,Linux x86_64,fresh6
FGC_Stream,1,lymph,minsup,0.0861486486486486,0.9909,20.83,11858,False,,20261003_145354,exact,Linux x86_64,fresh6
Apriori_Gen_Borgelt,1,sonar,minsup,0.0853365384615384,0.0105,3.46,1625,False,,20261003_145354,exact,Linux x86_64,fresh6
DefMe,1,sonar,minsup,0.0853365384615384,0.2546,95.05,1626,False,,20261003_145354,exact,Linux x86_64,fresh6
Eclat_Gen_Borgelt,1,sonar,minsup,0.0853365384615384,0.009,4.43,1625,False,,20261003_145355,exact,Linux x86_64,fresh6
FPgrowth_Gen_Borgelt,1,sonar,minsup,0.0853365384615384,0.0145,5.05,1625,False,,20261003_145355,exact,Linux x86_64,fresh6
Gr_growth,1,sonar,minsup,0.0853365384615384,0.0144,14.22,1626,False,,20261003_145355,exact,Linux x86_64,fresh6
Pascal,1,sonar,minsup,0.0853365384615384,0.5578,89.18,1625,False,,20261003_145356,exact,Linux x86_64,fresh6
TalkyG_Diffset,1,sonar,minsup,0.0853365384615384,0.3033,88.8,1640,False,,20261003_145357,exact,Linux x86_64,fresh6
Talky_G,1,sonar,minsup,0.0853365384615384,0.2762,82.85,1640,False,,20261003_145357,exact,Linux x86_64,fresh6
Zart,1,sonar,minsup,0.0853365384615384,1.7806,517.77,1626,False,,20261003_145359,exact,Linux x86_64,fresh6
FGC_Stream,1,sonar,minsup,0.0853365384615384,0.464,6.87,1626,False,,20261003_145400,exact,Linux x86_64,fresh6
Apriori_Gen_Borgelt,1,autos,minsup,0.0865853658536585,0.01,3.3,5586,False,,20261003_145400,exact,Linux x86_64,fresh6
DefMe,1,autos,minsup,0.0865853658536585,0.2508,96.38,5587,False,,20261003_145401,exact,Linux x86_64,fresh6
Eclat_Gen_Borgelt,1,autos,minsup,0.0865853658536585,0.0149,8.47,5586,False,,20261003_145401,exact,Linux x86_64,fresh6
FPgrowth_Gen_Borgelt,1,autos,minsup,0.0865853658536585,0.009,8.81,5586,False,,20261003_145401,exact,Linux x86_64,fresh6
Gr_growth,1,autos,minsup,0.0865853658536585,0.0129,13.97,5587,False,,20261003_145401,exact,Linux x86_64,fresh6
Pascal,1,autos,minsup,0.0865853658536585,1.6131,106.75,5586,False,,20261003_145403,exact,Linux x86_64,fresh6
TalkyG_Diffset,1,autos,minsup,0.0865853658536585,0.2862,80.88,5851,False,,20261003_145404,exact,Linux x86_64,fresh6
Talky_G,1,autos,minsup,0.0865853658536585,0.283,82.28,5851,False,,20261003_145404,exact,Linux x86_64,fresh6
Zart,1,autos,minsup,0.0865853658536585,96.6378,434.21,5587,False,,20261003_145541,exact,Linux x86_64,fresh6
FGC_Stream,1,autos,minsup,0.0865853658536585,0.643,10.5,5587,False,,20261003_145542,exact,Linux x86_64,fresh6
Apriori_Gen_Borgelt,1,glass,minsup,0.050233644859813,0.0086,2.87,538,False,,20261003_145542,exact,Linux x86_64,fresh6
DefMe,1,glass,minsup,0.050233644859813,0.2334,71.17,539,False,,20261003_145543,exact,Linux x86_64,fresh6
Eclat_Gen_Borgelt,1,glass,minsup,0.050233644859813,0.0133,3.77,538,False,,20261003_145543,exact,Linux x86_64,fresh6
FPgrowth_Gen_Borgelt,1,glass,minsup,0.050233644859813,0.0083,3.8,538,False,,20261003_145543,exact,Linux x86_64,fresh6
Gr_growth,1,glass,minsup,0.050233644859813,0.012,13.75,539,False,,20261003_145544,exact,Linux x86_64,fresh6
Pascal,1,glass,minsup,0.050233644859813,0.279,83.83,538,False,,20261003_145544,exact,Linux x86_64,fresh6
TalkyG_Diffset,1,glass,minsup,0.050233644859813,0.2688,75.52,548,False,,20261003_145545,exact,Linux x86_64,fresh6
Talky_G,1,glass,minsup,0.050233644859813,0.2384,67.69,548,False,,20261003_145545,exact,Linux x86_64,fresh6
Zart,1,glass,minsup,0.050233644859813,0.3334,90.0,539,False,,20261003_145546,exact,Linux x86_64,fresh6
FGC_Stream,1,glass,minsup,0.050233644859813,0.0416,4.68,539,False,,20261003_145546,exact,Linux x86_64,fresh6
Apriori_Gen_Borgelt,1,audiology,minsup,0.9502212389380532,24.8797,2106.5,44131149,False,,20261003_145614,exact,Linux x86_64,fresh6
DefMe,1,audiology,minsup,0.9502212389380532,13.7761,476.35,44131150,False,,20261003_145631,exact,Linux x86_64,fresh6
Zart,1,zoo,minsup,0.1361386138613861,286.4763,435.73,3817,False,,20261003_145648,exact,Linux x86_64,fresh6
Eclat_Gen_Borgelt,1,audiology,minsup,0.9502212389380532,72.0606,3699.65,44131149,False,,20261003_145746,exact,Linux x86_64,fresh6
FPgrowth_Gen_Borgelt,1,audiology,minsup,0.9502212389380532,57.6543,3697.91,44131149,False,,20261003_145749,exact,Linux x86_64,fresh6
Gr_growth,1,audiology,minsup,0.9502212389380532,39.0975,1956.88,44131150,False,,20261003_145828,exact,Linux x86_64,fresh6
Pascal,1,audiology,minsup,0.9502212389380532,600.1334,490.02,701490,True,,20261003_150749,exact,Linux x86_64,fresh6
TalkyG_Diffset,1,audiology,minsup,0.9502212389380532,600.1025,299.98,290894,True,,20261003_150828,exact,Linux x86_64,fresh6
Talky_G,1,audiology,minsup,0.9502212389380532,600.1233,301.02,314347,True,,20261003_151750,exact,Linux x86_64,fresh6
Zart,1,audiology,minsup,0.9502212389380532,600.1364,516.23,0,True,,20261003_151829,exact,Linux x86_64,fresh6
Apriori_Gen_Borgelt,1,heart_c,minsup,0.042079207920792,0.0116,3.39,9720,False,,20261003_151829,exact,Linux x86_64,fresh6
DefMe,1,heart_c,minsup,0.042079207920792,0.2408,99.85,9721,False,,20261003_151829,exact,Linux x86_64,fresh6
Eclat_Gen_Borgelt,1,heart_c,minsup,0.042079207920792,0.015,10.34,9720,False,,20261003_151830,exact,Linux x86_64,fresh6
FPgrowth_Gen_Borgelt,1,heart_c,minsup,0.042079207920792,0.0123,10.84,9720,False,,20261003_151830,exact,Linux x86_64,fresh6
Gr_growth,1,heart_c,minsup,0.042079207920792,0.0157,14.07,9721,False,,20261003_151830,exact,Linux x86_64,fresh6
Pascal,1,heart_c,minsup,0.042079207920792,0.469,89.93,9720,False,,20261003_151831,exact,Linux x86_64,fresh6
TalkyG_Diffset,1,heart_c,minsup,0.042079207920792,0.3117,98.62,9906,False,,20261003_151832,exact,Linux x86_64,fresh6
Talky_G,1,heart_c,minsup,0.042079207920792,0.3227,95.19,9906,False,,20261003_151832,exact,Linux x86_64,fresh6
Zart,1,heart_c,minsup,0.042079207920792,2.6982,114.12,9721,False,,20261003_151835,exact,Linux x86_64,fresh6
FGC_Stream,1,heart_c,minsup,0.042079207920792,1.0299,17.65,9721,False,,20261003_151836,exact,Linux x86_64,fresh6
Apriori_Gen_Borgelt,1,ionosphere,minsup,0.1047008547008547,0.01,3.16,1804,False,,20261003_151837,exact,Linux x86_64,fresh6
DefMe,1,ionosphere,minsup,0.1047008547008547,0.253,93.78,1805,False,,20261003_151837,exact,Linux x86_64,fresh6
Eclat_Gen_Borgelt,1,ionosphere,minsup,0.1047008547008547,0.0104,5.04,1804,False,,20261003_151838,exact,Linux x86_64,fresh6
FPgrowth_Gen_Borgelt,1,ionosphere,minsup,0.1047008547008547,0.0104,5.42,1804,False,,20261003_151838,exact,Linux x86_64,fresh6
Gr_growth,1,ionosphere,minsup,0.1047008547008547,0.0153,14.07,1805,False,,20261003_151838,exact,Linux x86_64,fresh6
Pascal,1,ionosphere,minsup,0.1047008547008547,0.4527,87.39,1804,False,,20261003_151839,exact,Linux x86_64,fresh6
TalkyG_Diffset,1,ionosphere,minsup,0.1047008547008547,0.2581,90.0,1813,False,,20261003_151839,exact,Linux x86_64,fresh6
Talky_G,1,ionosphere,minsup,0.1047008547008547,0.2726,83.15,1813,False,,20261003_151840,exact,Linux x86_64,fresh6
Zart,1,ionosphere,minsup,0.1047008547008547,2.9561,389.35,1805,False,,20261003_151843,exact,Linux x86_64,fresh6
FGC_Stream,1,ionosphere,minsup,0.1047008547008547,0.6926,7.19,1805,False,,20261003_151844,exact,Linux x86_64,fresh6
Apriori_Gen_Borgelt,1,breast_w,minsup,0.0168097281831187,0.0099,3.02,2821,False,,20261003_151844,exact,Linux x86_64,fresh6
DefMe,1,breast_w,minsup,0.0168097281831187,0.2604,88.77,2822,False,,20261003_151845,exact,Linux x86_64,fresh6
Eclat_Gen_Borgelt,1,breast_w,minsup,0.0168097281831187,0.0089,6.38,2821,False,,20261003_151845,exact,Linux x86_64,fresh6
FPgrowth_Gen_Borgelt,1,breast_w,minsup,0.0168097281831187,0.0085,6.6,2821,False,,20261003_151845,exact,Linux x86_64,fresh6
Gr_growth,1,breast_w,minsup,0.0168097281831187,0.0123,13.91,2822,False,,20261003_151846,exact,Linux x86_64,fresh6
Pascal,1,breast_w,minsup,0.0168097281831187,0.3582,89.26,2821,False,,20261003_151846,exact,Linux x86_64,fresh6
TalkyG_Diffset,1,breast_w,minsup,0.0168097281831187,0.2687,79.61,2859,False,,20261003_151847,exact,Linux x86_64,fresh6
Talky_G,1,breast_w,minsup,0.0168097281831187,0.2665,79.53,2859,False,,20261003_151847,exact,Linux x86_64,fresh6
Zart,1,breast_w,minsup,0.0168097281831187,1.138,109.55,2822,False,,20261003_151849,exact,Linux x86_64,fresh6
FGC_Stream,1,breast_w,minsup,0.0168097281831187,1.0399,8.31,2822,False,,20261003_151850,exact,Linux x86_64,fresh6
Apriori_Gen_Borgelt,1,diabetes,minsup,0.0257161458333333,0.0103,3.05,1480,False,,20261003_151850,exact,Linux x86_64,fresh6
DefMe,1,diabetes,minsup,0.0257161458333333,0.2361,76.5,1481,False,,20261003_151851,exact,Linux x86_64,fresh6
Eclat_Gen_Borgelt,1,diabetes,minsup,0.0257161458333333,0.0083,4.86,1480,False,,20261003_151851,exact,Linux x86_64,fresh6
FPgrowth_Gen_Borgelt,1,diabetes,minsup,0.0257161458333333,0.0095,5.48,1480,False,,20261003_151851,exact,Linux x86_64,fresh6
Gr_growth,1,diabetes,minsup,0.0257161458333333,0.0128,13.91,1481,False,,20261003_151852,exact,Linux x86_64,fresh6
Pascal,1,diabetes,minsup,0.0257161458333333,0.3184,83.3,1480,False,,20261003_151852,exact,Linux x86_64,fresh6
TalkyG_Diffset,1,diabetes,minsup,0.0257161458333333,0.2731,74.71,1481,False,,20261003_151853,exact,Linux x86_64,fresh6
Talky_G,1,diabetes,minsup,0.0257161458333333,0.2467,74.67,1481,False,,20261003_151853,exact,Linux x86_64,fresh6
Zart,1,diabetes,minsup,0.0257161458333333,0.5721,115.93,1481,False,,20261003_151854,exact,Linux x86_64,fresh6
FGC_Stream,1,diabetes,minsup,0.0257161458333333,0.4059,6.13,1481,False,,20261003_151855,exact,Linux x86_64,fresh6
Apriori_Gen_Borgelt,1,vehicle,minsup,0.0528959810874704,0.0153,3.15,3341,False,,20261003_151855,exact,Linux x86_64,fresh6
DefMe,1,vehicle,minsup,0.0528959810874704,0.2679,99.65,3342,False,,20261003_151856,exact,Linux x86_64,fresh6
Eclat_Gen_Borgelt,1,vehicle,minsup,0.0528959810874704,0.0154,6.43,3341,False,,20261003_151856,exact,Linux x86_64,fresh6
FPgrowth_Gen_Borgelt,1,vehicle,minsup,0.0528959810874704,0.0124,7.18,3341,False,,20261003_151856,exact,Linux x86_64,fresh6
Gr_growth,1,vehicle,minsup,0.0528959810874704,0.0143,14.25,3342,False,,20261003_151857,exact,Linux x86_64,fresh6
Pascal,1,vehicle,minsup,0.0528959810874704,0.4932,91.47,3341,False,,20261003_151857,exact,Linux x86_64,fresh6
TalkyG_Diffset,1,vehicle,minsup,0.0528959810874704,0.2622,84.12,3691,False,,20261003_151858,exact,Linux x86_64,fresh6
Talky_G,1,vehicle,minsup,0.0528959810874704,0.2654,81.95,3691,False,,20261003_151858,exact,Linux x86_64,fresh6
Zart,1,vehicle,minsup,0.0528959810874704,1.7708,127.82,3342,False,,20261003_151900,exact,Linux x86_64,fresh6
FGC_Stream,1,vehicle,minsup,0.0528959810874704,1.6841,9.17,3342,False,,20261003_151902,exact,Linux x86_64,fresh6
Apriori_Gen_Borgelt,1,vowel,minsup,0.0361111111111111,0.0088,3.14,1705,False,,20261003_151903,exact,Linux x86_64,fresh6
DefMe,1,vowel,minsup,0.0361111111111111,0.2424,94.13,1706,False,,20261003_151903,exact,Linux x86_64,fresh6
Eclat_Gen_Borgelt,1,vowel,minsup,0.0361111111111111,0.0089,4.91,1705,False,,20261003_151903,exact,Linux x86_64,fresh6
FPgrowth_Gen_Borgelt,1,vowel,minsup,0.0361111111111111,0.009,5.64,1705,False,,20261003_151904,exact,Linux x86_64,fresh6
Gr_growth,1,vowel,minsup,0.0361111111111111,0.0114,13.91,1706,False,,20261003_151904,exact,Linux x86_64,fresh6
Pascal,1,vowel,minsup,0.0361111111111111,0.4418,91.5,1705,False,,20261003_151905,exact,Linux x86_64,fresh6
TalkyG_Diffset,1,vowel,minsup,0.0361111111111111,0.2562,84.57,1709,False,,20261003_151905,exact,Linux x86_64,fresh6
Talky_G,1,vowel,minsup,0.0361111111111111,0.2822,80.79,1709,False,,20261003_151906,exact,Linux x86_64,fresh6
Zart,1,vowel,minsup,0.0361111111111111,1.292,152.04,1706,False,,20261003_151907,exact,Linux x86_64,fresh6
FGC_Stream,1,vowel,minsup,0.0361111111111111,1.1594,6.66,1706,False,,20261003_151909,exact,Linux x86_64,fresh6
Apriori_Gen_Borgelt,1,sonar,minsup,0.0564903846153846,0.0276,4.3,11697,False,,20261003_151909,exact,Linux x86_64,fresh6
DefMe,1,sonar,minsup,0.0564903846153846,0.3004,124.7,11698,False,,20261003_151910,exact,Linux x86_64,fresh6
Eclat_Gen_Borgelt,1,sonar,minsup,0.0564903846153846,0.0221,8.88,11697,False,,20261003_151910,exact,Linux x86_64,fresh6
FPgrowth_Gen_Borgelt,1,sonar,minsup,0.0564903846153846,0.0237,12.23,11697,False,,20261003_151910,exact,Linux x86_64,fresh6
Gr_growth,1,sonar,minsup,0.0564903846153846,0.0213,14.54,11698,False,,20261003_151910,exact,Linux x86_64,fresh6
Pascal,1,sonar,minsup,0.0564903846153846,1.0349,99.9,11697,False,,20261003_151912,exact,Linux x86_64,fresh6
TalkyG_Diffset,1,sonar,minsup,0.0564903846153846,0.4167,125.22,12086,False,,20261003_151912,exact,Linux x86_64,fresh6
Talky_G,1,sonar,minsup,0.0564903846153846,0.386,117.83,12086,False,,20261003_151913,exact,Linux x86_64,fresh6
Zart,1,sonar,minsup,0.0564903846153846,34.4557,641.53,11698,False,,20261003_151948,exact,Linux x86_64,fresh6
FGC_Stream,1,sonar,minsup,0.0564903846153846,0.9547,17.34,11698,False,,20261003_151949,exact,Linux x86_64,fresh6
Apriori_Gen_Borgelt,1,autos,minsup,0.0573170731707317,0.018,3.96,14625,False,,20261003_151949,exact,Linux x86_64,fresh6
DefMe,1,autos,minsup,0.0573170731707317,0.2408,107.33,14626,False,,20261003_151950,exact,Linux x86_64,fresh6
Eclat_Gen_Borgelt,1,autos,minsup,0.0573170731707317,0.0131,11.38,14625,False,,20261003_151950,exact,Linux x86_64,fresh6
FPgrowth_Gen_Borgelt,1,autos,minsup,0.0573170731707317,0.0166,11.96,14625,False,,20261003_151950,exact,Linux x86_64,fresh6
Gr_growth,1,autos,minsup,0.0573170731707317,0.0147,14.23,14626,False,,20261003_151951,exact,Linux x86_64,fresh6
Pascal,1,autos,minsup,0.0573170731707317,50.8072,310.44,14625,False,,20261003_152042,exact,Linux x86_64,fresh6
TalkyG_Diffset,1,autos,minsup,0.0573170731707317,0.3513,111.92,16347,False,,20261003_152042,exact,Linux x86_64,fresh6
Talky_G,1,autos,minsup,0.0573170731707317,0.3495,115.89,16347,False,,20261003_152043,exact,Linux x86_64,fresh6
FGC_Stream,1,audiology,minsup,0.9502212389380532,600.1332,405.51,0,True,,20261003_152750,exact,Linux x86_64,fresh6
FGC_Stream,1,autos,minsup,0.0573170731707317,1.189,21.56,14626,False,,20261003_152752,exact,Linux x86_64,fresh6
Apriori_Gen_Borgelt,1,audiology,minsup,0.0785398230088495,127.0615,7835.16,0,False,non-zero exit code 1: /home/hanketsu/Desktop/Projects/CENG643/TermProject/external_algos/borgelt/apriori: not enough memory,20261003_152959,exact,Linux x86_64,fresh6
Zart,1,autos,minsup,0.0573170731707317,600.1402,488.11,0,True,,20261003_153043,exact,Linux x86_64,fresh6
Eclat_Gen_Borgelt,1,audiology,minsup,0.0785398230088495,302.8856,7834.02,77781197,False,non-zero exit code 1: /home/hanketsu/Desktop/Projects/CENG643/TermProject/external_algos/borgelt/eclat: not enough memory,20261003_153552,exact,Linux x86_64,fresh6
FPgrowth_Gen_Borgelt,1,audiology,minsup,0.0785398230088495,274.9047,7832.22,78067423,False,non-zero exit code 1: /home/hanketsu/Desktop/Projects/CENG643/TermProject/external_algos/borgelt/fpgrowth: not enough memory,20261003_154033,exact,Linux x86_64,fresh6
DefMe,1,audiology,minsup,0.0785398230088495,600.0562,647.43,451239122,True,,20261003_154034,exact,Linux x86_64,fresh6
Gr_growth,1,audiology,minsup,0.0785398230088495,483.7402,7832.66,153888159,False,killed by signal 6: what():  std::bad_alloc,20261003_154847,exact,Linux x86_64,fresh6
Pascal,1,audiology,minsup,0.0785398230088495,600.1188,541.37,632702,True,,20261003_155034,exact,Linux x86_64,fresh6
TalkyG_Diffset,1,audiology,minsup,0.0785398230088495,600.1281,305.53,576888,True,,20261003_155848,exact,Linux x86_64,fresh6
Talky_G,1,audiology,minsup,0.0785398230088495,600.1284,324.55,610205,True,,20261003_160035,exact,Linux x86_64,fresh6
FGC_Stream,1,audiology,minsup,0.0785398230088495,460.5909,7832.66,0,False,killed by signal 6: what():  std::bad_alloc,20261003_160816,exact,Linux x86_64,fresh6
Apriori_Gen_Borgelt,1,ionosphere,minsup,0.0448717948717948,0.0984,7.59,64767,False,,20261003_160816,exact,Linux x86_64,fresh6
DefMe,1,ionosphere,minsup,0.0448717948717948,0.3769,219.84,64768,False,,20261003_160816,exact,Linux x86_64,fresh6
Eclat_Gen_Borgelt,1,ionosphere,minsup,0.0448717948717948,0.0378,15.54,64767,False,,20261003_160817,exact,Linux x86_64,fresh6
FPgrowth_Gen_Borgelt,1,ionosphere,minsup,0.0448717948717948,0.0327,18.75,64767,False,,20261003_160817,exact,Linux x86_64,fresh6
Gr_growth,1,ionosphere,minsup,0.0448717948717948,0.0488,16.11,64768,False,,20261003_160817,exact,Linux x86_64,fresh6
Zart,1,audiology,minsup,0.0785398230088495,600.0551,582.92,0,True,,20261003_160848,exact,Linux x86_64,fresh6
TalkyG_Diffset,1,ionosphere,minsup,0.0448717948717948,4.4738,142.36,81322,False,,20261003_160853,exact,Linux x86_64,fresh6
Talky_G,1,ionosphere,minsup,0.0448717948717948,4.3865,143.76,81322,False,,20261003_160857,exact,Linux x86_64,fresh6
Pascal,1,ionosphere,minsup,0.0448717948717948,181.2063,381.57,64767,False,,20261003_161119,exact,Linux x86_64,fresh6
FGC_Stream,1,ionosphere,minsup,0.0448717948717948,6.935,85.88,64768,False,,20261003_161126,exact,Linux x86_64,fresh6
Apriori_Gen_Borgelt,1,vehicle,minsup,0.0209810874704491,0.0609,5.43,32155,False,,20261003_161126,exact,Linux x86_64,fresh6
DefMe,1,vehicle,minsup,0.0209810874704491,0.3407,159.56,32156,False,,20261003_161127,exact,Linux x86_64,fresh6
Eclat_Gen_Borgelt,1,vehicle,minsup,0.0209810874704491,0.037,13.09,32155,False,,20261003_161127,exact,Linux x86_64,fresh6
FPgrowth_Gen_Borgelt,1,vehicle,minsup,0.0209810874704491,0.0329,16.75,32155,False,,20261003_161128,exact,Linux x86_64,fresh6
Gr_growth,1,vehicle,minsup,0.0209810874704491,0.0396,15.32,32156,False,,20261003_161128,exact,Linux x86_64,fresh6
Pascal,1,vehicle,minsup,0.0209810874704491,5.065,122.14,32155,False,,20261003_161133,exact,Linux x86_64,fresh6
TalkyG_Diffset,1,vehicle,minsup,0.0209810874704491,0.7474,135.38,40715,False,,20261003_161134,exact,Linux x86_64,fresh6
Talky_G,1,vehicle,minsup,0.0209810874704491,0.7686,138.52,40715,False,,20261003_161135,exact,Linux x86_64,fresh6
Zart,1,vehicle,minsup,0.0209810874704491,361.4078,275.91,32156,False,,20261003_161737,exact,Linux x86_64,fresh6
FGC_Stream,1,vehicle,minsup,0.0209810874704491,7.6031,41.81,32156,False,,20261003_161745,exact,Linux x86_64,fresh6
Apriori_Gen_Borgelt,1,vowel,minsup,0.0138888888888888,0.015,3.82,12004,False,,20261003_161745,exact,Linux x86_64,fresh6
DefMe,1,vowel,minsup,0.0138888888888888,0.2508,103.18,12005,False,,20261003_161746,exact,Linux x86_64,fresh6
Eclat_Gen_Borgelt,1,vowel,minsup,0.0138888888888888,0.0133,10.65,12004,False,,20261003_161746,exact,Linux x86_64,fresh6
FPgrowth_Gen_Borgelt,1,vowel,minsup,0.0138888888888888,0.0171,12.39,12004,False,,20261003_161746,exact,Linux x86_64,fresh6
Gr_growth,1,vowel,minsup,0.0138888888888888,0.0181,14.22,12005,False,,20261003_161746,exact,Linux x86_64,fresh6
Pascal,1,vowel,minsup,0.0138888888888888,1.0092,105.42,12004,False,,20261003_161748,exact,Linux x86_64,fresh6
TalkyG_Diffset,1,vowel,minsup,0.0138888888888888,0.3391,105.4,12199,False,,20261003_161748,exact,Linux x86_64,fresh6
Talky_G,1,vowel,minsup,0.0138888888888888,0.314,106.03,12199,False,,20261003_161749,exact,Linux x86_64,fresh6
Zart,1,vowel,minsup,0.0138888888888888,22.3292,175.55,12005,False,,20261003_161811,exact,Linux x86_64,fresh6
FGC_Stream,1,vowel,minsup,0.0138888888888888,3.0135,19.39,12005,False,,20261003_161815,exact,Linux x86_64,fresh6
Apriori_Gen_Borgelt,1,sonar,minsup,0.0516826923076923,0.0358,5.06,18239,False,,20261003_161815,exact,Linux x86_64,fresh6
DefMe,1,sonar,minsup,0.0516826923076923,0.32,134.01,18240,False,,20261003_161816,exact,Linux x86_64,fresh6
Eclat_Gen_Borgelt,1,sonar,minsup,0.0516826923076923,0.0238,10.98,18239,False,,20261003_161816,exact,Linux x86_64,fresh6
FPgrowth_Gen_Borgelt,1,sonar,minsup,0.0516826923076923,0.0326,15.52,18239,False,,20261003_161816,exact,Linux x86_64,fresh6
Gr_growth,1,sonar,minsup,0.0516826923076923,0.0261,14.69,18240,False,,20261003_161817,exact,Linux x86_64,fresh6
Pascal,1,sonar,minsup,0.0516826923076923,1.5342,99.72,18239,False,,20261003_161818,exact,Linux x86_64,fresh6
TalkyG_Diffset,1,sonar,minsup,0.0516826923076923,0.6727,133.37,19009,False,,20261003_161819,exact,Linux x86_64,fresh6
Talky_G,1,sonar,minsup,0.0516826923076923,0.6361,125.25,19009,False,,20261003_161820,exact,Linux x86_64,fresh6
Zart,1,ionosphere,minsup,0.0448717948717948,600.1353,505.34,0,True,,20261003_161858,exact,Linux x86_64,fresh6
FGC_Stream,1,sonar,minsup,0.0516826923076923,1.2391,24.58,18240,False,,20261003_161859,exact,Linux x86_64,fresh6
Apriori_Gen_Borgelt,1,ionosphere,minsup,0.0334757834757834,0.2997,17.84,174626,False,,20261003_161900,exact,Linux x86_64,fresh6
DefMe,1,ionosphere,minsup,0.0334757834757834,0.5086,365.11,174627,False,,20261003_161900,exact,Linux x86_64,fresh6
Eclat_Gen_Borgelt,1,ionosphere,minsup,0.0334757834757834,0.0935,23.0,174626,False,,20261003_161901,exact,Linux x86_64,fresh6
FPgrowth_Gen_Borgelt,1,ionosphere,minsup,0.0334757834757834,0.0728,27.67,174626,False,,20261003_161901,exact,Linux x86_64,fresh6
Gr_growth,1,ionosphere,minsup,0.0334757834757834,0.115,19.69,174627,False,,20261003_161902,exact,Linux x86_64,fresh6
Zart,1,sonar,minsup,0.0516826923076923,93.2728,556.57,18240,False,,20261003_161954,exact,Linux x86_64,fresh6
TalkyG_Diffset,1,ionosphere,minsup,0.0334757834757834,95.9777,318.43,248674,False,,20261003_162130,exact,Linux x86_64,fresh6
Talky_G,1,ionosphere,minsup,0.0334757834757834,97.6916,290.73,248674,False,,20261003_162308,exact,Linux x86_64,fresh6
Pascal,1,ionosphere,minsup,0.0334757834757834,600.058,459.81,171336,True,,20261003_162902,exact,Linux x86_64,fresh6
FGC_Stream,1,ionosphere,minsup,0.0334757834757834,16.5376,208.99,174627,False,,20261003_162919,exact,Linux x86_64,fresh6
Zart,1,ionosphere,minsup,0.0334757834757834,600.0622,528.92,0,True,,20261003_163308,exact,Linux x86_64,fresh6
