year,title,venue,type,doi,id,queries
1941,Hypertension in relation to height,American Heart Journal,article,https://doi.org/10.1016/s0002-8703(41)90827-x,https://openalex.org/W4241007668,"generators ""closed itemsets"" | ""utility"" generators itemsets"
1960,TECHNIQUES FOR PULSE TESTING MAGNETIC FILM MEMORY ELEMENTS,Defense Technical Information Center (DTIC),article,,https://openalex.org/W236124811,"""generator patterns"""
1965,THE ELECTRICAL ANALOGUE FOR LUNG FUNCTION,Elsevier eBooks,book-chapter,https://doi.org/10.1016/b978-1-4831-6701-5.50047-4,https://openalex.org/W226821418,"""generator patterns"""
1969,Intermediate propositional logics,Figshare,dissertation,,https://openalex.org/W2418139482,"""disjunction-free"""
1973,Sequential generators using read-only memories,Electronics Letters,article,https://doi.org/10.1049/el:19730105,https://openalex.org/W1971357054,"""sequential generator"" | ""sequential generators"""
1974,A DIGITAL SEQUENTIAL GENERATOR FOR IMPLEMENTING REINFORCEMENT SCHEDULES,Journal of the Experimental Analysis of Behavior,article,https://doi.org/10.1901/jeab.1974.22-577,https://openalex.org/W2112982217,"""sequential generator"" | ""sequential generators"""
1975,Some Remarks on the Abstract Cauchy Problem,Publications of the Research Institute for Mathematical Sciences,article,https://doi.org/10.2977/prims/1195191687,https://openalex.org/W2092400372,"generators ""closed graph"""
1983,A Decision Procedure for Certain Disjunction-free Intermediate Propositional Calculi,Publications de l Institut Mathematique,article,,https://openalex.org/W2596809261,"""disjunction-free"""
1984,Liquid Chromatographic Dual Electrode Detection System for Vitamin K Compounds,Journal of Chromatographic Science,article,https://doi.org/10.1093/chromsci/22.3.89,https://openalex.org/W2329033311,"""sequential generator"" | ""sequential generators"""
1987,Automatization of a Hydride Generation/A.A.S. System - An Improvement for Organotin Analysis,,conference-paper,https://doi.org/10.1109/oceans.1987.1160636,https://openalex.org/W2011202832,"""sequential generator"" | ""sequential generators"""
1987,Toward a Physical (Synergetic) Theory of Biological Coordination,Springer proceedings in physics,book-chapter,https://doi.org/10.1007/978-3-642-72758-0_16,https://openalex.org/W154393002,"""generator patterns"""
1989,A Fast Generator for the Hierarchical Structure Code With Concurrent Implementation Techniques,Informatik-Fachberichte,book-chapter,https://doi.org/10.1007/978-3-642-75102-8_62,https://openalex.org/W1552871727,"""sequential generator"" | ""sequential generators"""
1989,An interactive simulator for unbalanced systems,Canadian Journal of Electrical and Computer Engineering,article,https://doi.org/10.1109/cjece.1989.6592961,https://openalex.org/W2082457485,"""sequential generator"" | ""sequential generators"""
1989,Sequential generator of earthquake-response constrained trusses for design strain ranges,Computers & Structures,article,https://doi.org/10.1016/0045-7949(89)90480-x,https://openalex.org/W2027622877,"""sequential generator"" | ""sequential generators"""
1991,Disjunctions: Free Trade and the Paradox of Canadian Development,McGill-Queen's University Press eBooks,book-chapter,https://doi.org/10.1515/9780773562776-007,https://openalex.org/W4385534081,"""disjunction-free"""
1992,Propositional semantics for default logic,eScholarship (California Digital Library),article,,https://openalex.org/W3011063628,"""disjunction-free"""
1993,Association of impaired eye tracking to olfactory deficits in schizophrenia,Schizophrenia Research,article,https://doi.org/10.1016/0920-9964(93)90304-2,https://openalex.org/W2039956490,"""generator patterns"""
1993,Enhancement of prepulse inhibition of startle on repeated testing: Implications for sensory gating research,Schizophrenia Research,article,https://doi.org/10.1016/0920-9964(93)90306-4,https://openalex.org/W2043197678,"""generator patterns"""
1993,Smooth pursuit eye movement (SPEM) dysfunction in depression: Effects of ECT and clinical recovery,Schizophrenia Research,article,https://doi.org/10.1016/0920-9964(93)90305-3,https://openalex.org/W2324782834,"""generator patterns"""
1994,A Graph-Theoretic Approach to Default Logic,Information and Computation,article,https://doi.org/10.1006/inco.1994.1058,https://openalex.org/W1972369425,"""disjunction-free"""
1994,A New Solution to a Problem of Hosoi and Ono,Notre Dame Journal of Formal Logic,article,https://doi.org/10.1305/ndjfl/1040511350,https://openalex.org/W2038798298,"""disjunction-free"""
1994,Hardware and software for prototyping industrial vision systems,"Proceedings of SPIE, the International Society for Optical Engineering/Proceedings of SPIE",conference-paper,https://doi.org/10.1117/12.188731,https://openalex.org/W2069380098,"""generator patterns"""
1995,Self-organized pulse generator,Physica D Nonlinear Phenomena,article,https://doi.org/10.1016/0167-2789(95)00027-2,https://openalex.org/W1978952639,"""generator patterns"""
1996,Acoustic echo cancellation structures based on perceptual hearing criteria.,uO Research (University of Ottawa),dissertation,https://doi.org/10.20381/ruor-16381,https://openalex.org/W2558817680,"""free sets"" frequency"
1996,Default reasoning using classical logic,Artificial Intelligence,article,https://doi.org/10.1016/0004-3702(95)00095-x,https://openalex.org/W1985310272,"""disjunction-free"""
1996,Experimental Investigation of the Performance of a Mach-2.7 Two-dimensional Bifurcated Duct Inlet with 30 Percent Internal Contraction,NASA Technical Reports Server (NASA),article,,https://openalex.org/W244561515,"""generator patterns"""
1996,Experimental evaluation of a 20×20 mm footprint microcolumn,Journal of Vacuum Science & Technology B Microelectronics and Nanometer Structures Processing Measurement and Phenomena,article,https://doi.org/10.1116/1.588669,https://openalex.org/W2054858631,"""generator patterns"""
1997,A deductive system for nonmonotonic reasoning,,article,,https://openalex.org/W3204705986,"""disjunction-free"""
1997,"Advances in Knowledge Discovery and Data Mining: 9th Pacific-Asia Conference, PAKDD 2005, Hanoi, Vietnam, May 18-20, 2005, Proceedings",,article,,https://openalex.org/W1538971590,"""disjunction-free"""
1997,"On kernels, defaults and even graphs",Annals of Mathematics and Artificial Intelligence,article,https://doi.org/10.1023/a:1018972125742,https://openalex.org/W1590977969,"""disjunction-free"""
1998,Inhibitory synaptic drive patterns motoneuronal activity in rhythmic preparations of isolated thoracic ganglia in the stick insect,Brain Research,article,https://doi.org/10.1016/s0006-8993(97)01370-x,https://openalex.org/W2039083330,"""generator patterns"""
1998,On Some Kripke Complete and Kripke Incomplete Intermediate Predicate Logics,Studia Logica,article,https://doi.org/10.1023/a:1005029515564,https://openalex.org/W1501433448,"""disjunction-free"""
1999,A Classification of Symbolic Transition Systems,,report,https://doi.org/10.21236/ada603898,https://openalex.org/W2564186726,"""disjunction-free"""
1999,Falling asleep at the wheel: Motor vehicle mishaps in persons taking pramipexole and ropinirole,Neurology,article,https://doi.org/10.1212/wnl.52.9.1908,https://openalex.org/W2254141218,"""generator patterns"""
1999,"Moduli of Riemann surfaces, Hurwitz-type spaces, and their superanalogues",Russian Mathematical Surveys,article,https://doi.org/10.1070/rm1999v054n01abeh000117,https://openalex.org/W1977546773,"""sequential generator"" | ""sequential generators"""
2000,A Classification of Symbolic Transition Systems,Lecture notes in computer science,conference-paper,https://doi.org/10.1007/3-540-46541-3_2,https://openalex.org/W1527008463,"""disjunction-free"""
2000,Adaptive neural network control of cyclic movements using functional neuromuscular stimulation,IEEE Transactions on Rehabilitation Engineering,article,https://doi.org/10.1109/86.830948,https://openalex.org/W10779107,"""generator patterns"""
2000,Approximation of Frequency Queries by Means of Free-Sets,Lecture notes in computer science,conference-paper,https://doi.org/10.1007/3-540-45372-5_8,https://openalex.org/W2105309441,"""free sets"" frequency"
2000,Mining Association Rules using Formal Concept Analysis,,article,,https://openalex.org/W3084437639,"generators ""closed itemsets"""
2000,Mining Minimal Non-redundant Association Rules Using Frequent Closed Itemsets,Lecture notes in computer science,conference-paper,https://doi.org/10.1007/3-540-44957-4_65,https://openalex.org/W1536736992,"generators ""closed itemsets"""
2001,A condensed representation to find frequent patterns,,conference-paper,https://doi.org/10.1145/375551.375604,https://openalex.org/W2060917063,"""free sets"" frequency | ""disjunction-free"""
2001,Adaptive control of cyclic movements as muscles fatigue using functional neuromuscular stimulation,IEEE Transactions on Neural Systems and Rehabilitation Engineering,article,https://doi.org/10.1109/7333.948462,https://openalex.org/W2119223181,"""generator patterns"""
2001,Closed Set Based Discovery of Representative Association Rules,Lecture notes in computer science,conference-paper,https://doi.org/10.1007/3-540-44816-0_35,https://openalex.org/W1587519422,"generators ""closed itemsets"""
2001,Containment and Integrity Constraints for XPath Fragments,ScholarlyCommons (University of Pennsylvania),article,,https://openalex.org/W1544585257,"""disjunction-free"""
2001,Improving ASP Instantiators by Join-Ordering Methods,Lecture notes in computer science,conference-paper,https://doi.org/10.1007/3-540-45402-0_21,https://openalex.org/W2099531973,"""disjunction-free"""
2001,Logic and Provability,UvA-DARE (University of Amsterdam),other,,https://openalex.org/W95978091,"""disjunction-free"""
2002,Complexity of the Unique Extension Problem in Default Logic,Fundamenta Informaticae,article,https://doi.org/10.3233/fun-2002-53104,https://openalex.org/W1509535499,"""disjunction-free"""
2002,Concise Representation of Frequent Patterns Based on Generalized Disjunction-Free Generators,Lecture notes in computer science,conference-paper,https://doi.org/10.1007/3-540-47887-6_15,https://openalex.org/W1584153238,"""disjunction-free"""
2002,Concise representation of frequent patterns based on disjunction-free generators,,conference-paper,https://doi.org/10.1109/icdm.2001.989533,https://openalex.org/W2133864385,"""disjunction-free"""
2002,Condensed Representations for Sets of Mining Queries.,,article,,https://openalex.org/W2569877509,"""key patterns"" mining"
2002,Detection of motion in SPECT using multi-head data combination,1997 IEEE Nuclear Science Symposium Conference Record,conference-paper,https://doi.org/10.1109/nssmic.1997.670638,https://openalex.org/W2145500632,"""free sets"" frequency"
2002,Electrophysiological (QEEG) Correlates of Effective Reading: Towards a Generator/Activation Theory of the Mind,Journal of Neurotherapy,article,https://doi.org/10.1300/j184v06n03_04,https://openalex.org/W2012774509,"""generator patterns"""
2002,Mining free itemsets under constraints,,conference-paper,https://doi.org/10.1109/ideas.2001.938100,https://openalex.org/W2126802107,"""free itemsets"""
2002,Propositional default logics made easier: computational complexity of model checking,Theoretical Computer Science,article,https://doi.org/10.1016/s0304-3975(01)00383-8,https://openalex.org/W2027047567,"""disjunction-free"""
2002,The Closed Keys Base of Frequent Itemsets,Lecture notes in computer science,conference-paper,https://doi.org/10.1007/3-540-46145-0_18,https://openalex.org/W1581597260,"""key itemsets"""
2002,Why to Apply Generalized Disjunction-Free Generators Representation of Frequent Patterns?,Lecture notes in computer science,conference-paper,https://doi.org/10.1007/3-540-48050-1_42,https://openalex.org/W1525708799,"generators ""closed itemsets"" | ""disjunction-free"""
2003,"Abnormal oral glucose tolerance tests in first episode, drug naive patients with schizophrenia",Schizophrenia Research,article,https://doi.org/10.1016/s0920-9964(03)80536-4,https://openalex.org/W2014299373,"""generator patterns"""
2003,Control of cyclic movements as muscles fatigue using functional neuromuscular stimulation,,conference-paper,https://doi.org/10.1109/iembs.1999.802737,https://openalex.org/W4255254061,"""generator patterns"""
2003,Data Mining Techniques Applied to Urban Terrain Command and Control Experimentation,Defense Technical Information Center (DTIC),article,,https://openalex.org/W1484040684,"""key patterns"" mining"
2003,Dataless Transitions Between Concise Representations of Frequent Patterns,Journal of Intelligent Information Systems,article,https://doi.org/10.1023/a:1025828729955,https://openalex.org/W1591986277,"generators ""closed itemsets"""
2003,Domain decomposition approach for parallel unstructured mesh generation,International Journal for Numerical Methods in Engineering,article,https://doi.org/10.1002/nme.769,https://openalex.org/W2096142038,"""sequential generator"" | ""sequential generators"""
2003,Eliminating Disjunction from Propositional Logic Programs under Stable Model Preservation.,,article,,https://openalex.org/W1234197129,"""disjunction-free"""
2003,Fixed-parameter tractability of disjunction-free default reasoning,Journal of Computer Science and Technology,article,https://doi.org/10.1007/bf02946660,https://openalex.org/W2028823236,"""disjunction-free"""
2003,Fixed—Parameter Tractability of Disjunction—Free Default Reasoning,Acta Scientiarum Naturalium Universitatis Sunyatseni,article,,https://openalex.org/W1512578863,"""disjunction-free"""
2003,Free-Sets: A Condensed Representation of Boolean Data for the Approximation of Frequency Queries,Data Mining and Knowledge Discovery,article,https://doi.org/10.1023/a:1021571501451,https://openalex.org/W2153818052,"""free sets"" frequency"
2003,Improving the Model Generation/Checking Interplay to Enhance the Evaluation of Disjunctive Programs,Lecture notes in computer science,conference-paper,https://doi.org/10.1007/978-3-540-24609-1_20,https://openalex.org/W1505706329,"""disjunction-free"""
2003,Maximal L p Regularity for Second Order Elliptic Operators with Uniformly Continuous Coefficients on Domains,Birkhäuser Basel eBooks,book-chapter,https://doi.org/10.1007/978-3-0348-8085-5_20,https://openalex.org/W127249574,"generators ""closed graph"""
2003,Single-trial variability in early visual neuromagnetic responses: an explorative study based on the regional activation contributing to the N70m peak,NeuroImage,article,https://doi.org/10.1016/s1053-8119(03)00367-7,https://openalex.org/W1986243360,"""generator patterns"""
2003,Solving Hard Disjunctive Logic Programs Faster (Sometimes).,APPIA-GULP-PRODE,article,,https://openalex.org/W181323627,"""disjunction-free"""
2003,Tempo and Loudness Analysis of a Continuous 28-Hour Performance of Erik Satie?s Composition ?Vexations?,Journal of New Music Research,article,https://doi.org/10.1076/jnmr.32.3.243.16864,https://openalex.org/W2117861249,"""generator patterns"""
2003,Testing parallel random number generators,Parallel Computing,article,https://doi.org/10.1016/s0167-8191(02)00163-1,https://openalex.org/W2104480405,"""sequential generator"" | ""sequential generators"""
2003,Unfolding Partiality and Disjunctions in Stable Model Semantics,arXiv (Cornell University),preprint,https://doi.org/10.48550/arxiv.cs/0303009,https://openalex.org/W2404506223,"""disjunction-free"""
2003,Vibrational study of the Fe(phen)2(NCS)2 spin-crossover complex by density-functional calculations,Spectrochimica Acta Part A Molecular and Biomolecular Spectroscopy,article,https://doi.org/10.1016/s1386-1425(03)00333-0,https://openalex.org/W2066850203,"""free sets"" frequency"
2004,A New Frequency Domain Implementation of ECLMS Algorithm for Double-Talk Echo Canceling,Institutional Repositories DataBase (IRDB),article,,https://openalex.org/W429261054,"""free sets"" frequency"
2004,Condensed Representations for Sets of Mining Queries,Lecture notes in computer science,conference-paper,https://doi.org/10.1007/978-3-540-44497-8_13,https://openalex.org/W2173291806,"""key patterns"" mining"
2004,Coupled Chaotic Oscillators and Its Relation with Artificial Quadrupeds' Central Pattern Generator,arXiv (Cornell University),preprint,https://doi.org/10.48550/arxiv.nlin/0405020,https://openalex.org/W4394648572,"""generator patterns"""
2004,Eclipse modeling framework : a developer's guide,CERN Document Server (European Organization for Nuclear Research),article,,https://openalex.org/W576210519,"""generator patterns"""
2004,Focus on Data Acquisition,Physics Today,article,https://doi.org/10.1063/1.2408523,https://openalex.org/W4256652926,"""generators"" ""data streams"" closed"
2004,Formal Concept Analysis for Knowledge Discovery and Data Mining: The New Challenges,Lecture notes in computer science,conference-paper,https://doi.org/10.1007/978-3-540-24651-0_30,https://openalex.org/W77161,"""minimal generators"" mining"
2004,On eliminating disjunctions in stable logic programming,,article,,https://openalex.org/W1586133382,"""disjunction-free"""
2004,On model checking data-independent systems with arrays without reset,Theory and Practice of Logic Programming,article,https://doi.org/10.1017/s1471068404002054,https://openalex.org/W2141509697,"""disjunction-free"""
2004,On model checking data-independent systems with arrays without reset,arXiv (Cornell University),preprint,https://doi.org/10.48550/arxiv.cs/0405103,https://openalex.org/W2950147931,"""disjunction-free"""
2004,Progressive evolution of fractal random arrays by generator mitosis,,conference-paper,https://doi.org/10.1109/aps.2004.1331832,https://openalex.org/W2078109333,"""generator patterns"""
2004,Reducing borders of k-disjunction free representations of frequent patterns,ACM Symposium on Applied Computing,conference-paper,https://doi.org/10.1145/967900.968017,https://openalex.org/W2053993489,"""disjunction-free"""
2004,Regular disjunction-free default theories,Journal of Computer Science and Technology,article,https://doi.org/10.1007/bf02944903,https://openalex.org/W1993204649,"""disjunction-free"""
2004,Table-based approach to sub-optimum peak reduction carriers,,conference-paper,https://doi.org/10.1109/icics.2003.1292583,https://openalex.org/W2110413563,"""generator patterns"""
2004,Upper bound on the length of generalized disjunction-free patterns,,conference-paper,https://doi.org/10.1109/ssdm.2004.1311191,https://openalex.org/W4248990008,"""disjunction-free"""
2004,Using rule-free sets to find frequent itemsets,International Conference on Machine Learning and Cybernetics,conference-paper,https://doi.org/10.1109/icmlc.2003.1264434,https://openalex.org/W2539513525,"""free sets"" frequency"
2005,10 Advanced data mining and predictive modelling at the core of personalised medicine,Studies in multidisciplinarity,book-chapter,https://doi.org/10.1016/s1571-0831(06)80014-6,https://openalex.org/W1683633034,"""key patterns"" mining"
2005,A classification of symbolic transition systems,ACM Transactions on Computational Logic,article,https://doi.org/10.1145/1042038.1042039,https://openalex.org/W1977116278,"""disjunction-free"""
2005,Advances in VLSI testing at MultiGb per second rates,Serbian Journal of Electrical Engineering,article,https://doi.org/10.2298/sjee0501043t,https://openalex.org/W2061465973,"""generator patterns"""
2005,An Efficient Algorithm for Mining Frequent Itemsets,Computer Engineering and Science,article,,https://openalex.org/W2352794981,"""free sets"" frequency | ""disjunction-free"""
2005,An Optimized Algorithm for Mining Frequent Rule-Free Sets,Computer Engineering and Science,article,,https://openalex.org/W2389064265,"""free sets"" frequency"
2005,Design and implementation of the integration applications for a portable MP3 player with a bluetooth hand-free/set,IEEE Transactions on Consumer Electronics,article,https://doi.org/10.1109/tce.2005.1510494,https://openalex.org/W2144624555,"""free sets"" frequency"
2005,Efficient Strategies for Channel Management in Wireless LANs,,article,,https://openalex.org/W1554265553,"""free sets"" frequency"
2005,Focus on Magnetics,Physics Today,article,https://doi.org/10.1063/1.2405589,https://openalex.org/W4251571261,"""generators"" ""data streams"" closed"
2005,"Formal Concept Analysis: Third International Conference, ICFCA 2005, Lens, France, February 14-18, 2005, Proceedings",Medical Entomology and Zoology,book,,https://openalex.org/W1545860673,"""minimal generators"" mining"
2005,Generalized disjunction-free representation of frequent patterns with negation,Journal of Experimental & Theoretical Artificial Intelligence,article,https://doi.org/10.1080/09528130512331315882,https://openalex.org/W2093428478,"""disjunction-free"""
2005,Generating a Condensed Representation for Association Rules,Journal of Intelligent Information Systems,article,https://doi.org/10.1007/s10844-005-0266-z,https://openalex.org/W1997309399,"generators ""closed itemsets"""
2005,Merge-Based Computation of Minimal Generators,Lecture notes in computer science,conference-paper,https://doi.org/10.1007/11524564_12,https://openalex.org/W2134994630,"""minimal generators"" mining"
2005,Mining Succinct Systems of Minimal Generators of Formal Concepts,Lecture notes in computer science,conference-paper,https://doi.org/10.1007/11408079_17,https://openalex.org/W1578949701,"""minimal generator"" itemset | ""minimal generators"" itemsets | ""minimal generators"" mining | generators ""closed itemsets"""
2005,On Computing the Minimal Generator Family for Concept Lattices and Icebergs,Lecture notes in computer science,conference-paper,https://doi.org/10.1007/978-3-540-32262-7_13,https://openalex.org/W1523674847,"""minimal generators"" mining"
2005,Prince: An Algorithm for Generating Rule Bases Without Closure Computations,Lecture notes in computer science,conference-paper,https://doi.org/10.1007/11546849_34,https://openalex.org/W1603954989,"""minimal generator"" itemset | ""minimal generators"" itemsets | generators ""closed itemsets"""
2005,Principal components analysis of Laplacian waveforms as a generic method for identifying ERP generator patterns: I. Evaluation with auditory oddball tasks,Clinical Neurophysiology,article,https://doi.org/10.1016/j.clinph.2005.08.034,https://openalex.org/W2171862597,"""generator patterns"""
2005,Principal components analysis of Laplacian waveforms as a generic method for identifying ERP generator patterns: II. Adequacy of low-density estimates,Clinical Neurophysiology,article,https://doi.org/10.1016/j.clinph.2005.08.033,https://openalex.org/W2144931071,"""generator patterns"""
2005,Rambist builder: a methodology for automatic built-in self-test design of embedded rams,,conference-paper,https://doi.org/10.1109/mtdt.1996.782492,https://openalex.org/W2169270029,"""generator patterns"""
2005,Reasoning about sets using redescription mining,,conference-paper,https://doi.org/10.1145/1081870.1081912,https://openalex.org/W2134155244,"""minimal generator"" itemset | ""minimal generators"" itemsets | ""minimal generators"" mining | generators ""closed itemsets"""
2005,Support Oriented Discovery of Generalized Disjunction-Free Representation of Frequent Patterns with Negation,Lecture notes in computer science,conference-paper,https://doi.org/10.1007/11430919_77,https://openalex.org/W1485423389,"""disjunction-free"""
2005,"Syncretism in German: A unified approach to underspecification, indeterminacy, and likeness of case",Proceedings of the International Conference on Head-Driven Phrase Structure Grammar,conference-paper,https://doi.org/10.21248/hpsg.2005.5,https://openalex.org/W2301202196,"""disjunction-free"""
2005,Towards Fault-Tolerant Formal Concept Analysis,Lecture notes in computer science,conference-paper,https://doi.org/10.1007/11558590_22,https://openalex.org/W2152307491,"""free itemsets"""
2006,,ACM Transactions on Computational Logic,paratext,https://doi.org/10.1145/1119439,https://openalex.org/W4237184537,"""disjunction-free"""
2006,A New Concise and Lossless Representation of Frequent Itemsets Using Generators and A Positive Border,,article,,https://openalex.org/W2361428440,"generators ""closed itemsets"""
2006,BLOSOM,ACM SIGKDD International Conference on Knowledge Discovery and Data Mining (KDD),conference-paper,https://doi.org/10.1145/1150402.1150511,https://openalex.org/W2039314072,"""minimal generators"" mining"
2006,Closed Non-derivable Itemsets,Lecture notes in computer science,conference-paper,https://doi.org/10.1007/11871637_61,https://openalex.org/W1585352563,"generators ""closed itemsets"""
2006,ERP/CSD indices of impaired verbal working memory subprocesses in schizophrenia,Psychophysiology,article,https://doi.org/10.1111/j.1469-8986.2006.00398.x,https://openalex.org/W2145303601,"""generator patterns"""
2006,Extracting Informative Rules from High Dimensional Data Using a Numerical Approach,,conference-paper,https://doi.org/10.1109/icdmw.2006.77,https://openalex.org/W2086005071,"generators ""closed itemsets"""
2006,Generalized Disjunction-Free Representation of Frequents Patterns with at Most k Negations,Lecture notes in computer science,conference-paper,https://doi.org/10.1007/11731139_54,https://openalex.org/W1536279094,"""disjunction-free"""
2006,Group SAX: Extending the Notion of Contrast Sets to Time Series and Multimedia Data,Lecture notes in computer science,conference-paper,https://doi.org/10.1007/11871637_29,https://openalex.org/W2162688169,"""key patterns"" mining"
2006,Minimum description length principle: generators are preferable to closed patterns,,article,,https://openalex.org/W1506481577,"generators ""closed patterns"""
2006,Suggestions of efficient self-similar generators,Simulation Modelling Practice and Theory,article,https://doi.org/10.1016/j.simpat.2006.10.002,https://openalex.org/W1976491058,"""sequential generator"" | ""sequential generators"""
2006,The Canonical Basis of Implicational System,International Conference on Machine Learning and Cybernetics,conference-paper,https://doi.org/10.1109/icmlc.2006.258563,https://openalex.org/W2112286835,"generators ""closed itemsets"""
2006,The DLV system for knowledge representation and reasoning,ACM Transactions on Computational Logic,article,https://doi.org/10.1145/1149114.1149117,https://openalex.org/W1976055110,"""disjunction-free"""
2006,Unfolding partiality and disjunctions in stable model semantics,ACM Transactions on Computational Logic,article,https://doi.org/10.1145/1119439.1119440,https://openalex.org/W2056850725,"""disjunction-free"""
2007,"% MathType!Translator!2!1!AMS LaTeX.tdl!TeX -- AMS-LaTeX! % MathType!MTEF!2!1!+- % feaaeaart1ev0aaatCvAUfeBSjuyZL2yd9gzLbvyNv2CaerbbjxAHX % garmWu51MyVXgatuuDJXwAK1uy0HwmaeHbfv3ySLgzG0uy0Hgip5wz % aebbnrfifHhDYfgasaacH8qrps0lbbf9q8WrFfeuY-Hhbbf9v8qqaq % Fr0xc9pk0xbba9q8WqFfea0-yr0RYxir-Jbba9q8aq0-yq-He9q8qq % Q8frFve9Fve9Ff0dmeaabaqaciGacaGaaeqabaWaaeWaeaaakeaaca % WGmbGaamyramaaDaaaleaacqGHsgIRaeaacaWG0baaaaaa!3C3E! $$ LE^{t}_{ \to } $$ , % MathType!Translator!2!1!AMS LaTeX.tdl!TeX -- AMS-LaTeX! % MathType!MTEF!2!1!+- % feaaeaart1ev0aaatCvAUfeBSjuyZL2yd9gzLbvyNv2CaerbbjxAHX % garmWu51MyVXgatuuDJXwAK1uy0HwmaeHbfv3ySLgzG0uy0Hgip5wz % aebbnrfifHhDYfgasaacH8qrps0lbbf9q8WrFfeuY-Hhbbf9v8qqaq % Fr0xc9pk0xbba9q8WqFfea0-yr0RYxir-Jbba9q8aq0-yq-He9q8qq % Q8frFve9Fve9Ff0dmeaabaqaciGacaGaaeqabaWaaeWaeaaakeaaie % GacaWFmbGaa8NuamaaDaaaleaadaqiaaqaaiablYJi6aGaayPadaaa % baGaeSigI8gaaaaa!3C8D! $$LR^{ \circ }_{{\widehat{ \sim }}}$$ , LK and Cutfree Proofs",Journal of Philosophical Logic,article,https://doi.org/10.1007/s10992-007-9048-0,https://openalex.org/W40425547,"""disjunction-free"""
2007,A new concise representation of frequent itemsets using generators and a positive border,Knowledge and Information Systems,article,https://doi.org/10.1007/s10115-007-0111-5,https://openalex.org/W1965392447,"generators ""closed itemsets"""
2007,About the Lossless Reduction of the Minimal Generator Family of a Context,Springer eBooks,conference-paper,https://doi.org/10.1007/978-3-540-70901-5_9,https://openalex.org/W1502180139,"""minimal generators"" mining"
2007,Building classifiers with association rules based on small key itemsets,International Conference on Digital Information Management,conference-paper,https://doi.org/10.1109/icdim.2007.4444223,https://openalex.org/W2097527755,"""key itemsets"""
2007,"Extraction et usages de motifs minimaux en fouille de données, contribution au domaine des hypergraphes",HAL (Le Centre pour la Communication Scientifique Directe),dissertation,,https://openalex.org/W857337007,"""minimal generators"" mining | ""key patterns"" mining"
2007,Hemispatial PCA dissociates temporal from parietal ERP generator patterns: CSD components in healthy adults and depressed patients during a dichotic oddball task,International Journal of Psychophysiology,article,https://doi.org/10.1016/j.ijpsycho.2007.09.001,https://openalex.org/W2088382156,"""generator patterns"""
2007,MINING NON-REDUNDANT ASSOCIATION RULES BASED ON CONCISE BASES,International Journal of Pattern Recognition and Artificial Intelligence,article,https://doi.org/10.1142/s0218001407005600,https://openalex.org/W2094018592,"""minimal generator"" itemset | ""minimal generators"" itemsets | ""minimal generators"" mining | generators ""closed itemsets"""
2007,Mining statistically important equivalence classes and delta-discriminative emerging patterns,ACM SIGKDD International Conference on Knowledge Discovery and Data Mining (KDD),conference-paper,https://doi.org/10.1145/1281192.1281240,https://openalex.org/W2161970221,"generators ""closed patterns"""
2007,Reference‐independent ERP old/new effects of auditory and visual word recognition memory: Joint extraction of stimulus‐ and response‐locked neuronal generator patterns,Psychophysiology,article,https://doi.org/10.1111/j.1469-8986.2007.00562.x,https://openalex.org/W2143716437,"""generator patterns"""
2007,Satisfiability-Based Automatic Test Program Generation and Design for Testability for Microprocessors,IEEE Transactions on Very Large Scale Integration (VLSI) Systems,article,https://doi.org/10.1109/tvlsi.2007.896908,https://openalex.org/W2037073597,"""sequential generator"" | ""sequential generators"""
2007,Scope Design Implemented in a PCI Card,"International Conference on Electronics, Communications, and Computers",conference-paper,https://doi.org/10.1109/conielecomp.2007.33,https://openalex.org/W2154319385,"""generator patterns"""
2007,Towards a Finer Assessment of Extraction Contexts Sparseness,,conference-paper,https://doi.org/10.1109/dexa.2007.41,https://openalex.org/W2103167816,"""minimal generator"" itemset | ""minimal generators"" itemsets | ""minimal generators"" mining | generators ""closed itemsets"""
2007,Towards a Finer Assessment of Extraction Contexts Sparseness,Proceedings - International Workshop on Database and Expert Systems Applications/Proceedings,conference-paper,https://doi.org/10.1109/dexa.2007.4312945,https://openalex.org/W4252825593,"""minimal generator"" itemset | ""minimal generators"" itemsets | ""minimal generators"" mining | generators ""closed itemsets"""
2007,ZART: A Multifunctional Itemset Mining Algorithm,,article,,https://openalex.org/W28878581,"generators ""closed itemsets"""
2008,Adaptive Control of Movement for Neuromuscular Stimulation-Assisted Therapy in a Rodent Model,IEEE Transactions on Biomedical Engineering,article,https://doi.org/10.1109/tbme.2008.2008193,https://openalex.org/W2160376995,"""generator patterns"""
2008,Compact Representations of Sequential Classification Rules,Studies in computational intelligence,book-chapter,https://doi.org/10.1007/978-3-540-78488-3_1,https://openalex.org/W1488107386,"generators ""closed itemsets"""
2008,Diagnosis of Multiple Scan Chain Timing Faults,IEEE Transactions on Computer-Aided Design of Integrated Circuits and Systems,article,https://doi.org/10.1109/tcad.2008.923258,https://openalex.org/W2111702018,"""generator patterns"""
2008,Efficient Mining of Frequent Closures with Precedence Links and Associated Generators,HAL (Le Centre pour la Communication Scientifique Directe),report,,https://openalex.org/W127811214,"generators ""closed itemsets"""
2008,Feature Construction Based on Closedness Properties Is Not That Simple,,article,,https://openalex.org/W4299425575,"""free itemsets"""
2008,Feature Construction Based on Closedness Properties Is Not That Simple,Lecture notes in computer science,conference-paper,https://doi.org/10.1007/978-3-540-68125-0_12,https://openalex.org/W2145658350,"""free itemsets"""
2008,Generic Association Rule Bases: Are They so Succinct?,Springer eBooks,conference-paper,https://doi.org/10.1007/978-3-540-78921-5_13,https://openalex.org/W1557160334,"""minimal generator"" itemset | ""minimal generators"" itemsets | ""minimal generators"" mining | generators ""closed itemsets"""
2008,Mining and Ranking Generators of Sequential Pattern,Singapore Management University Institutional Knowledge (InK) (Singapore Management University),conference-paper,,https://openalex.org/W1498352890,"generators ""closed patterns"" | ""sequential generator"" | ""sequential generators"""
2008,Mining and Ranking Generators of Sequential Patterns,SIAM International Conference on Data Mining,conference-paper,https://doi.org/10.1137/1.9781611972788.51,https://openalex.org/W4249002966,"generators ""closed patterns"" | ""sequential generator"" | ""sequential generators"""
2008,Proceedings of the Eighth SIAM International Conference on Data Mining,SIAM International Conference on Data Mining,conference-paper,,https://openalex.org/W2467293674,"generators ""closed patterns"""
2008,SUCCINCT MINIMAL GENERATORS: THEORETICAL FOUNDATIONS AND APPLICATIONS,International Journal of Foundations of Computer Science,article,https://doi.org/10.1142/s0129054108005681,https://openalex.org/W2005890650,"""minimal generator"" itemset | ""minimal generators"" itemsets | ""minimal generators"" mining | generators ""closed itemsets"" | ""utility"" generators itemsets"
2008,Spinal Cord Plasticity (review),Zhongguo kangfu lilun yu shijian,article,,https://openalex.org/W2373105040,"""generator patterns"""
2008,"Succinct System of Minimal Generators: A Thorough Study, Limitations and New Definitions",Springer eBooks,conference-paper,https://doi.org/10.1007/978-3-540-78921-5_5,https://openalex.org/W1523526897,"""minimal generator"" itemset | ""minimal generators"" itemsets | generators ""closed itemsets"""
2008,The Algorithm of Generating Maximal Boolean Association Rules,Journal of Zhengzhou University,article,,https://openalex.org/W2381112847,"""key itemsets"""
2008,The Complexity of Reasoning for Fragments of Default Logic,"White Rose Research Online (University of Leeds, The University of Sheffield, University of York)",article,https://doi.org/10.48550/arxiv.0808.3884,https://openalex.org/W2949401150,"""disjunction-free"""
2008,Towards universal code generator generation,Proceedings - IEEE International Parallel and Distributed Processing Symposium,conference-paper,https://doi.org/10.1109/ipdps.2008.4536404,https://openalex.org/W2168331211,"""generator patterns"""
2009,A Tractable Subclass of DTDs for XPath Satisfiability with Sibling Axes,Lecture notes in computer science,conference-paper,https://doi.org/10.1007/978-3-642-03793-1_5,https://openalex.org/W1520088189,"""disjunction-free"""
2009,A framework for mining top-k frequent closed itemsets using order preserving generators,,conference-paper,https://doi.org/10.1145/1517303.1517307,https://openalex.org/W2064471787,"generators ""closed itemsets"""
2009,Adriaan ter Mors,,article,,https://openalex.org/W2338536693,"""free sets"" frequency"
2009,CONSTRUCTIVE GEOMETRY,,conference-paper,https://doi.org/10.1142/9789814293020_0002,https://openalex.org/W4256176218,"""disjunction-free"""
2009,Classification based on Small Key Itemsets,International Journal of Computational Intelligence Research,article,https://doi.org/10.5019/j.ijcir.2009.167,https://openalex.org/W2088040922,"""key itemsets"""
2009,Compressed Disjunction-Free Pattern Representation versus Essential Pattern Representation,Lecture notes in computer science,conference-paper,https://doi.org/10.1007/978-3-642-04394-9_43,https://openalex.org/W1585191132,"""disjunction-free"""
2009,Context-aware multi-stage routing,,conference-paper,https://doi.org/10.65109/ngct3312,https://openalex.org/W173221315,"""free sets"" frequency"
2009,Current source density (CSD) old/new effects during recognition memory for words and faces in schizophrenia and in healthy adults,International Journal of Psychophysiology,article,https://doi.org/10.1016/j.ijpsycho.2009.12.001,https://openalex.org/W2096228792,"""generator patterns"""
2009,Efficient Vertical Mining of Frequent Closed Itemsets and Generators,,article,,https://openalex.org/W2734830287,"generators ""closed itemsets"""
2009,Efficient itemset generator discovery over a stream sliding window,,conference-paper,https://doi.org/10.1145/1645953.1646000,https://openalex.org/W2160234432,"generators ""closed itemsets"" | ""generator patterns"" | ""utility"" generators itemsets"
2009,Epilepsy In Everyday Life,,book-chapter,https://doi.org/10.1093/oso/9780195379532.003.0004,https://openalex.org/W4388076503,"""free sets"" frequency"
2009,Evolution equations on locally closed graphs and applications,Nonlinear Analysis,article,https://doi.org/10.1016/j.na.2009.04.044,https://openalex.org/W1974590130,"generators ""closed graph"""
2009,Fast algorithm for mining minimal generators of frequent closed itemsets and their applications,,conference-paper,https://doi.org/10.1109/iccie.2009.5223846,https://openalex.org/W2166563634,"""minimal generator"" itemset | ""minimal generators"" itemsets | ""minimal generators"" mining | generators ""closed itemsets"""
2009,Length adaptive processors: a solution for the energy/performance dilemma in embedded systems,,article,,https://openalex.org/W131654931,"""generator patterns"""
2009,Mining Conditional Contrast Patterns,IGI Global eBooks,book-chapter,https://doi.org/10.4018/978-1-60566-404-0.ch015,https://openalex.org/W244657192,"""minimal generator"" itemset | ""minimal generators"" itemsets | ""minimal generators"" mining | generators ""closed patterns"""
2009,Mining Non-Redundant Association Rules Based on Closed Itemsets,Journal of Beijing Jiaotong University,article,,https://openalex.org/W2377114948,"generators ""closed itemsets"""
2009,Mining concise Association Rules based on generators and closed itemsets,International Conference on Machine Learning and Cybernetics,conference-paper,https://doi.org/10.1109/icmlc.2009.5212488,https://openalex.org/W2099549463,"generators ""closed itemsets"""
2009,Non-redundant sequential rules—Theory and algorithm,Information Systems,article,https://doi.org/10.1016/j.is.2009.01.002,https://openalex.org/W2128343678,"generators ""closed patterns"""
2009,On Concise Representations of Frequent Patterns Admitting Negation,Studies in computational intelligence,book-chapter,https://doi.org/10.1007/978-3-642-05179-1_13,https://openalex.org/W1603198972,"""disjunction-free"""
2009,PHASE ALIGNMENT OF ASYNCHRONOUS EXTERNAL CLOCK CONTROLLABLE DEVICES TO PERIODIC MASTER CONTROL SIGNAL USING THE PERIODIC EVENT SYNCHRONIZATION UNIT,Montana State University ScholarWorks (Montana State University),dissertation,,https://openalex.org/W2122809935,"""generator patterns"""
2009,Stimulus- and response-locked neuronal generator patterns of auditory and visual word recognition memory in schizophrenia,International Journal of Psychophysiology,article,https://doi.org/10.1016/j.ijpsycho.2009.02.003,https://openalex.org/W2145633789,"""generator patterns"""
2009,The Complexity of Reasoning for Fragments of Default Logic,Lecture notes in computer science,conference-paper,https://doi.org/10.1007/978-3-642-02777-2_7,https://openalex.org/W2898424779,"""disjunction-free"""
2010,Application-independent feature construction based on almost-closedness properties,Knowledge and Information Systems,article,https://doi.org/10.1007/s10115-010-0369-x,https://openalex.org/W2140353901,"""free itemsets"""
2010,ERP Generator Patterns in Schizophrenia during Tonal and Phonetic Oddball Tasks: Effects of Response Hand and Silent Count,Clinical EEG and Neuroscience,article,https://doi.org/10.1177/155005941004100405,https://openalex.org/W2145349005,"""generator patterns"""
2010,Finding Minimal Rare Itemsets and Rare Association Rules,Lecture notes in computer science,conference-paper,https://doi.org/10.1007/978-3-642-15280-1_5,https://openalex.org/W1570932812,"""minimal rare itemsets"""
2010,Generating Rare Association Rules Using the Minimal Rare Itemsets Family,HAL (Le Centre pour la Communication Scientifique Directe),article,,https://openalex.org/W2401363858,"""minimal rare itemsets"""
2010,Inferring a Boolean Function from Positive and Negative Examples,Springer optimization and its applications,book-chapter,https://doi.org/10.1007/978-1-4419-1630-3_2,https://openalex.org/W92729570,"""key patterns"" mining"
2010,Mining Antagonistic Communities from Social Networks,Lecture notes in computer science,conference-paper,https://doi.org/10.1007/978-3-642-13657-3_10,https://openalex.org/W2169381585,"generators ""closed patterns"""
2010,Mining Frequent Boolean Expressions,International Journal of Knowledge Discovery in Bioinformatics,article,https://doi.org/10.4018/jkdb.2010070105,https://openalex.org/W2011985274,"""minimal generators"" mining"
2010,Mining Iterative Generators and Representative Rules for Software Specification Discovery,IEEE Transactions on Knowledge and Data Engineering,article,https://doi.org/10.1109/tkde.2010.24,https://openalex.org/W2058928127,"generators ""closed patterns"""
2010,Mining the Most Generalization Association Rules,Studies in computational intelligence,book-chapter,https://doi.org/10.1007/978-3-642-12090-9_18,https://openalex.org/W1569532047,"""minimal generator"" itemset | ""minimal generators"" itemsets | ""minimal generators"" mining | generators ""closed itemsets"""
2010,Neuronal generator patterns of olfactory event-related brain potentials in schizophrenia,Psychophysiology,article,https://doi.org/10.1111/j.1469-8986.2010.01013.x,https://openalex.org/W2116367828,"""generator patterns"""
2010,Non-redundant sequential association rule mining based on closed sequential patterns,,dissertation,,https://openalex.org/W23738016,"""sequential generator"" | ""sequential generators"""
2010,Pattern Mining in Numerical Data: Extracting Closed Patterns and their Generators,HAL (Le Centre pour la Communication Scientifique Directe),report,,https://openalex.org/W2528456700,"generators ""closed patterns"""
2010,Repetetive hindlimb movement using intermittent adaptive neuromuscular electrical stimulation in an incomplete spinal cord injury rodent model,Experimental Neurology,article,https://doi.org/10.1016/j.expneurol.2010.02.011,https://openalex.org/W2059241199,"""generator patterns"""
2010,SOM-based Pattern Generator: Pattern Generation Based on the Backward Projection in a Self-Organizing Map and Its Applications,IEEJ Transactions on Electronics Information and Systems,article,https://doi.org/10.1541/ieejeiss.130.882,https://openalex.org/W2035191247,"""generator patterns"""
2011,An Automatic Emerging Approach for Web Service Semantics Based on Social Tagging,Chinese Journal of Computers,article,,https://openalex.org/W2383821688,"""free sets"" frequency"
2011,An Equivalence Class Based Clustering Algorithm for Categorical Data,Journal of Bioresource Management,article,,https://openalex.org/W850387732,"generators ""closed patterns"" | ""generator patterns"""
2011,An effective algorithm for mining sequential generators,Procedia Engineering,conference-paper,https://doi.org/10.1016/j.proeng.2011.08.684,https://openalex.org/W2158906891,"generators ""closed patterns"" | ""sequential generator"" | ""sequential generators"" | ""generator patterns"""
2011,Efficient Incremental Mining of Frequent Sequence Generators,Lecture notes in computer science,conference-paper,https://doi.org/10.1007/978-3-642-20149-3_14,https://openalex.org/W1855183001,"""generator patterns"""
2011,Fast Mining of Iceberg Lattices: A Modular Approach Using Generators,,article,,https://openalex.org/W1481614914,"generators ""closed itemsets"""
2011,Minimal Generators Based Algorithm for Text Features Extraction: A More Efficient and Large Scale Approach,Qatar Foundation Annual Research Forum Volume 2013 Issue 1,article,https://doi.org/10.5339/qfarf.2011.csp8,https://openalex.org/W1984865283,"""minimal generators"" mining"
2011,Mining Conditional Contrast Patterns,IGI Global eBooks,book-chapter,https://doi.org/10.4018/9781605664040.ch015,https://openalex.org/W4230648223,"""minimal generator"" itemset | ""minimal generators"" itemsets | ""minimal generators"" mining | generators ""closed patterns"""
2011,Mining minimal non-redundant association rules using frequent itemsets lattice,International Journal of Intelligent Systems Technologies and Applications,article,https://doi.org/10.1504/ijista.2011.038265,https://openalex.org/W2150948842,"""minimal generator"" itemset | ""minimal generators"" itemsets | ""minimal generators"" mining | generators ""closed itemsets"""
2011,Outlier detection in default logics: the tractability/intractability frontier,arXiv (Cornell University),preprint,https://doi.org/10.48550/arxiv.1109.4623,https://openalex.org/W2462440100,"""disjunction-free"""
2011,Performance analysis of MIMO-SESS with Alamouti scheme over Rayleigh fading channels,EURASIP Journal on Wireless Communications and Networking,article,https://doi.org/10.1186/1687-1499-2011-145,https://openalex.org/W2140573647,"""generators"" ""data streams"" closed"
2011,Profit and Quantity Oriented Two Efficient Approaches for Utility Pattern Mining,CiiT international journal of data mining and knowledge engineering,article,,https://openalex.org/W1204247436,"""utility"" generators itemsets"
2011,Reliable representations for association rules,Data & Knowledge Engineering,article,https://doi.org/10.1016/j.datak.2011.02.003,https://openalex.org/W2090804724,"generators ""closed itemsets"""
2011,Revisiting Numerical Pattern Mining with Formal Concept Analysis,arXiv (Cornell University),preprint,https://doi.org/10.48550/arxiv.1111.5689,https://openalex.org/W2953101596,"generators ""closed patterns"""
2011,The complexity of reasoning for fragments of default logic,Journal of Logic and Computation,article,https://doi.org/10.1093/logcom/exq061,https://openalex.org/W1997929764,"""disjunction-free"""
2012,A New Concise and Exact Representation of Data Cubes,Studies in computational intelligence,book-chapter,https://doi.org/10.1007/978-3-642-25838-1_2,https://openalex.org/W13037240,"""minimal generators"" mining"
2012,A quantitative algorithm for extracting generic basis of fuzzy association rules,International Conference on Fuzzy Systems and Knowledge Discovery (FSKD),conference-paper,https://doi.org/10.1109/fskd.2012.6234087,https://openalex.org/W1996264685,"""minimal generator"" itemset | ""minimal generators"" itemsets | generators ""closed itemsets"""
2012,A scalable mining of frequent quadratic concepts in d-folksonomies,arXiv (Cornell University),preprint,https://doi.org/10.48550/arxiv.1212.0087,https://openalex.org/W4301821483,"""minimal generators"" mining"
2012,Alzheimer (AD) hastalığının veri madenciliği sınıflandırma yaklaşımları kullanarak SNP biyolojik göstergeleri ve klinik verilerle karar destek sistemlerine dayalı tahmin edilmesi.,OpenMETU (Middle East Technical University),dissertation,,https://openalex.org/W7110547951,"""key patterns"" mining"
2012,An Analytical Survey of Current Approaches to Mining Logical Rules from Data,IGI Global eBooks,book-chapter,https://doi.org/10.4018/978-1-4666-1900-5.ch004,https://openalex.org/W2495116678,"""minimal generator"" itemset | ""minimal generators"" itemsets | ""minimal generators"" mining | generators ""closed itemsets"""
2012,Between Tree Patterns and Conjunctive Queries: Is There Tractability beyond Acyclicity?,Lecture notes in computer science,conference-paper,https://doi.org/10.1007/978-3-642-32589-2_61,https://openalex.org/W116502645,"""disjunction-free"""
2012,Chinese trade and investment and its impacts on forests: A scoping study in the miombo woodlands,,report,https://doi.org/10.17528/cifor/003729,https://openalex.org/W1607112073,"""key patterns"" mining"
2012,Clarifying the nature of olfaction deficits in the schizophrenia-prone: “Clinical high-risk state” versus “vulnerability”,Schizophrenia Research,article,https://doi.org/10.1016/j.schres.2012.04.010,https://openalex.org/W2033867014,"""generator patterns"""
2012,Diagnostic Test Approaches to Machine Learning and Commonsense Reasoning Systems,IGI Global eBooks,book,https://doi.org/10.4018/978-1-4666-1900-5,https://openalex.org/W2487107472,"generators ""closed itemsets"""
2012,DisClose: Discovering Colossal Closed Itemsets from High Dimensional Datasets via a Compact Row-Tree,Research Explorer (The University of Manchester),dissertation,,https://openalex.org/W631696767,"generators ""closed itemsets"""
2012,Efficient Sequential Generator Discovery Over Stream Sliding Windows,Advanced Science Letters,article,https://doi.org/10.1166/asl.2012.3059,https://openalex.org/W2334105137,"""sequential generator"" | ""sequential generators"""
2012,Efficient Vertical Mining of Minimal Rare Itemsets,,article,,https://openalex.org/W2181825915,"""minimal rare itemsets"""
2012,Finding minimal rare itemsets in a depth-first manner,HAL (Le Centre pour la Communication Scientifique Directe),conference-paper,,https://openalex.org/W2610739942,"""minimal rare itemsets"""
2012,Looking for a structural characterization of the sparseness measure of (frequent closed) itemset contexts,Information Sciences,article,https://doi.org/10.1016/j.ins.2012.08.005,https://openalex.org/W2068383256,"""minimal generator"" itemset | ""minimal generators"" itemsets | ""minimal generators"" mining | generators ""closed itemsets"""
2012,MSGPs: A Novel Algorithm for Mining Sequential Generator Patterns,Lecture notes in computer science,conference-paper,https://doi.org/10.1007/978-3-642-34707-8_40,https://openalex.org/W57250427,"""sequential generator"" | ""sequential generators"" | ""generator patterns"""
2012,Mining disjunctive minimal generators with TitanicOR,Expert Systems with Applications,article,https://doi.org/10.1016/j.eswa.2012.01.141,https://openalex.org/W2072513122,"""minimal generator"" itemset | ""minimal generators"" itemsets | ""minimal generators"" mining | generators ""closed itemsets"""
2012,Mining disjunctive patterns in biomedical data sets,NOVA (University of Newcastle Australia),dissertation,,https://openalex.org/W2735970024,"""minimal generator"" itemset | ""minimal generators"" itemsets | ""minimal generators"" mining | generators ""closed patterns"""
2012,Mining of Multiobjective Non-redundant Association Rules in Data Streams,Lecture notes in computer science,conference-paper,https://doi.org/10.1007/978-3-642-29350-4_9,https://openalex.org/W1602150939,"""minimal generator"" itemset | ""minimal generators"" itemsets | ""minimal generators"" mining | generators ""closed itemsets"" | ""generators"" ""data streams"" closed"
2012,On Computing Minimal Generators in Multi-Relational Data Mining with respect to theta-Subsumption.,,article,,https://openalex.org/W2397115238,"""minimal generators"" mining | generators ""closed patterns"""
2012,Research on Power Flow Control Model of Micro-Grid by Generator Regulation,Power System and Clean Energy,article,,https://openalex.org/W2355034042,"""generator patterns"""
2012,Scalable Mining of Frequent Tri-concepts from Folksonomies,Lecture notes in computer science,conference-paper,https://doi.org/10.1007/978-3-642-30220-6_20,https://openalex.org/W39173160,"""minimal generators"" mining"
2012,SeqGen: Mining Sequential Generator Patterns from Sequence Databases,Advanced Science Letters,article,https://doi.org/10.1166/asl.2012.3008,https://openalex.org/W2315130982,"""sequential generator"" | ""sequential generators"" | ""generator patterns"""
2013,A Relevance Criterion for Sequential Patterns,Lecture notes in computer science,conference-paper,https://doi.org/10.1007/978-3-642-40988-2_24,https://openalex.org/W134614516,"""minimal generator"" itemset | ""minimal generators"" itemsets | ""minimal generators"" mining | generators ""closed patterns"""
2013,"A fast compound algorithm for mining generators, closed itemsets, and computing links between equivalence classes",Annals of Mathematics and Artificial Intelligence,article,https://doi.org/10.1007/s10472-013-9372-8,https://openalex.org/W2009254877,"generators ""closed itemsets"""
2013,An Approach for Mining Association Rules Intersected with Constraint Itemsets,Advances in intelligent systems and computing,book-chapter,https://doi.org/10.1007/978-3-319-02821-7_31,https://openalex.org/W33242136,"generators ""closed itemsets"""
2013,An Approach for Mining Concurrently Closed Itemsets and Generators,Studies in computational intelligence,book-chapter,https://doi.org/10.1007/978-3-319-00293-4_27,https://openalex.org/W156079328,"generators ""closed itemsets"""
2013,An Efficient Algorithm for Mining Frequent Itemsets with Single Constraint,Studies in computational intelligence,book-chapter,https://doi.org/10.1007/978-3-319-00293-4_28,https://openalex.org/W24403552,"generators ""closed itemsets"""
2013,An effective algorithm for mining closed sequential patterns and their minimal generators based on prefix trees,International Journal of Intelligent Information and Database Systems,article,https://doi.org/10.1504/ijiids.2013.056314,https://openalex.org/W1969139014,"""minimal generators"" mining | ""sequential generator"" | ""sequential generators"" | ""generator patterns"""
2013,An efficient method for mining frequent itemsets with double constraints,Engineering Applications of Artificial Intelligence,article,https://doi.org/10.1016/j.engappai.2013.09.006,https://openalex.org/W2039324668,"generators ""closed itemsets"""
2013,Analyzing methods for path mining with applications in metabolomics,Gene,article,https://doi.org/10.1016/j.gene.2013.10.056,https://openalex.org/W2093123642,"""key patterns"" mining"
2013,Auditory event-related potentials and alpha oscillations in the psychosis prodrome: Neuronal generator patterns during a novelty oddball task,International Journal of Psychophysiology,article,https://doi.org/10.1016/j.ijpsycho.2013.12.003,https://openalex.org/W2110098865,"""generator patterns"""
2013,Backdoors to Normality for Disjunctive Logic Programs,arXiv (Cornell University),preprint,https://doi.org/10.48550/arxiv.1301.1391,https://openalex.org/W2953129498,"""disjunction-free"""
2013,Backdoors to Normality for Disjunctive Logic Programs,Proceedings of the AAAI Conference on Artificial Intelligence,conference-paper,https://doi.org/10.1609/aaai.v27i1.8624,https://openalex.org/W2402235836,"""disjunction-free"""
2013,Content-centric flow mining for influence analysis in social streams,,conference-paper,https://doi.org/10.1145/2505515.2505626,https://openalex.org/W1980042617,"""key patterns"" mining"
2013,Efficient construction of the lattice of frequent closed patterns and simultaneous extraction of generic bases of rules,arXiv (Cornell University),preprint,https://doi.org/10.48550/arxiv.1312.1558,https://openalex.org/W1752548623,"""minimal generators"" mining | generators ""closed patterns"""
2013,Hex Semantics via Approximation Fixpoint Theory,Lecture notes in computer science,conference-paper,https://doi.org/10.1007/978-3-642-40564-8_11,https://openalex.org/W2256752531,"""disjunction-free"""
2013,Mining Constant Conditional Functional Dependencies for Improving Data Quality,International Journal of Computer Applications,article,https://doi.org/10.5120/12960-9988,https://openalex.org/W2126532106,"""minimal generator"" itemset | ""minimal generators"" itemsets | ""minimal generators"" mining | generators ""closed itemsets"""
2013,Mining Frequent Boolean Expressions,IGI Global eBooks,book-chapter,https://doi.org/10.4018/978-1-4666-1785-8.ch008,https://openalex.org/W4248459541,"""minimal generators"" mining"
2013,Modeling nonlinear time-dependent treatment effects: An application of the generalized time-varying effect model (TVEM).,Journal of Consulting and Clinical Psychology,article,https://doi.org/10.1037/a0035267,https://openalex.org/W2049172561,"""free sets"" frequency"
2013,Objectively Evaluating Interestingness Measures for Frequent Itemset Mining,Lecture notes in computer science,conference-paper,https://doi.org/10.1007/978-3-642-40319-4_31,https://openalex.org/W78447660,"""utility"" generators itemsets"
2013,Objectively evaluating condensed representations and interestingness measures for frequent itemset mining,Journal of Intelligent Information Systems,article,https://doi.org/10.1007/s10844-013-0297-9,https://openalex.org/W2042343053,"""utility"" generators itemsets"
2013,Olfaction in the psychosis prodrome: Electrophysiological and behavioral measures of odor detection,International Journal of Psychophysiology,article,https://doi.org/10.1016/j.ijpsycho.2013.07.003,https://openalex.org/W2127842223,"""generator patterns"""
2013,Relationships between palaeogeography and opal occurrence in Australia: A data-mining approach,Computers & Geosciences,article,https://doi.org/10.1016/j.cageo.2013.02.002,https://openalex.org/W1994579228,"""key patterns"" mining"
2013,Schemas for Unordered XML on a DIME Under submission for publication. Do not redistribute.,,article,,https://openalex.org/W2188775855,"""disjunction-free"""
2013,Simple Schemas for Unordered XML,arXiv (Cornell University),preprint,https://doi.org/10.48550/arxiv.1303.4277,https://openalex.org/W1648433341,"""disjunction-free"""
2013,МОДЕЛИРОВАНИЕ РЕЖИМОВ РАБОТЫ СУДОВЫХ ПОТРЕБИТЕЛЕЙ ЭЛЕКТРОЭНЕРГИИ С ИСПОЛЬЗОВАНИЕМ ДИАГРАММ СОСТОЯНИЙ,The Scientific Issues of Ternopil Volodymyr Hnatiuk National Pedagogical University Series pedagogy,article,,https://openalex.org/W3086439515,"""generator patterns"""
2014,A Methodology for Heart Disease Diagnosis Using Data Mining Technique,Research Journal of Applied Sciences Engineering and Technology,article,https://doi.org/10.19026/rjaset.8.1106,https://openalex.org/W2495730952,"""key patterns"" mining"
2014,A Truth-conditional Account of Free-choice Disjunction,BRILL eBooks,book-chapter,https://doi.org/10.1163/9789004279377_008,https://openalex.org/W881694848,"""disjunction-free"""
2014,ARAS: Efficient generation of Association Rules Using Antecedent Support,International Conference on Fuzzy Systems and Knowledge Discovery (FSKD),conference-paper,https://doi.org/10.1109/fskd.2014.6980848,https://openalex.org/W2028163445,"generators ""closed itemsets"""
2014,An Algorithm for Mining High Utility Closed Itemsets and Generators,arXiv (Cornell University),preprint,https://doi.org/10.48550/arxiv.1410.2988,https://openalex.org/W1674084049,"generators ""closed itemsets"" | ""utility"" generators itemsets"
2014,An effective association rule mining scheme using a new generic basis,Knowledge and Information Systems,article,https://doi.org/10.1007/s10115-014-0732-4,https://openalex.org/W2070335644,"generators ""closed itemsets"""
2014,An efficient algorithm for mining sequential generator pattern using prefix trees and hash tables,International Journal of Intelligent Systems Technologies and Applications,article,https://doi.org/10.1504/ijista.2014.065151,https://openalex.org/W2159775075,"""sequential generator"" | ""sequential generators"" | ""generator patterns"""
2014,An efficient method for mining association rules based on minimum single constraints,Vietnam Journal of Computer Science,article,https://doi.org/10.1007/s40595-014-0032-7,https://openalex.org/W2007383489,"generators ""closed itemsets"""
2014,An efficient method for mining non-redundant sequential rules using attributed prefix-trees,Engineering Applications of Artificial Intelligence,article,https://doi.org/10.1016/j.engappai.2014.02.019,https://openalex.org/W1986167697,"""sequential generator"" | ""sequential generators"" | ""generator patterns"""
2014,Association Rules Mining Based on Minimal Generator of Frequent Closed Itemset,Advances in intelligent systems and computing,book-chapter,https://doi.org/10.1007/978-3-319-03449-2_26,https://openalex.org/W982122077,"""minimal generator"" itemset | ""minimal generators"" itemsets | ""minimal generators"" mining | generators ""closed itemsets"""
2014,CGT : A vertical miner for frequent equivalence classes of itemsets,,conference-paper,https://doi.org/10.17048/futurerfid.1.2014.161,https://openalex.org/W2902324563,"generators ""closed itemsets"""
2014,"Disclosed: An efficient depth-first, top-down algorithm for mining disjunctive closed itemsets in high-dimensional data",Information Sciences,article,https://doi.org/10.1016/j.ins.2014.04.044,https://openalex.org/W1995150322,"""minimal generator"" itemset | ""minimal generators"" itemsets | ""minimal generators"" mining | generators ""closed itemsets"" | generators ""closed patterns"""
2014,Efficient Algorithm for Locating and Sizing Series Compensation Devices in Large Transmission Grids: Solutions and Applications (PART II),,report,https://doi.org/10.2172/1114413,https://openalex.org/W2342125393,"""sequential generator"" | ""sequential generators"""
2014,Efficient algorithm for locating and sizing series compensation devices in large power transmission grids: II. Solutions and applications,New Journal of Physics,article,https://doi.org/10.1088/1367-2630/16/10/105016,https://openalex.org/W2064578515,"""sequential generator"" | ""sequential generators"""
2014,In Vitro Evaluation of Aerosol Delivery by Different Nebulization Modes in Pediatric and Adult Mechanical Ventilators,Respiratory Care,article,https://doi.org/10.4187/respcare.02999,https://openalex.org/W1980762946,"""generator patterns"""
2014,Mining and Using Sets of Patterns through Compression,Springer eBooks,book-chapter,https://doi.org/10.1007/978-3-319-07821-2_8,https://openalex.org/W1528146397,"""key patterns"" mining"
2014,Novel Concise Representations of High Utility Itemsets Using Generator Patterns,Lecture notes in computer science,conference-paper,https://doi.org/10.1007/978-3-319-14717-8_3,https://openalex.org/W153355562,"""generator patterns"" | ""utility"" generators itemsets"
2014,Restricted default theories: Expressive power and outlier detection tasks,Theoretical Computer Science,article,https://doi.org/10.1016/j.tcs.2014.11.010,https://openalex.org/W1994969449,"""disjunction-free"""
2014,STUDY ON SMEs THROUGH SUSTAINABLE DEVELOPMENT,RePEc: Research Papers in Economics,article,,https://openalex.org/W4324112011,"""generator patterns"""
2014,Schemas for Unordered XML on a DIME,Theory of Computing Systems,article,https://doi.org/10.1007/s00224-014-9593-1,https://openalex.org/W2069510946,"""disjunction-free"""
2014,Simultaneous mining of frequent closed itemsets and their generators: Foundation and algorithm,Engineering Applications of Artificial Intelligence,article,https://doi.org/10.1016/j.engappai.2014.07.004,https://openalex.org/W2030560550,"generators ""closed itemsets"""
2014,The Absolute Consistency Problem of XML Schema Mappings with Data Values between Restricted DTDs,Lecture notes in computer science,conference-paper,https://doi.org/10.1007/978-3-319-10073-9_26,https://openalex.org/W2273788962,"""disjunction-free"""
2014,Treatment of persistent/medically refractory covert hepatic encephalopathy with the molecular adsorbent recirculating system,Liver Transplantation,article,https://doi.org/10.1002/lt.23883,https://openalex.org/W1961106628,"""free sets"" frequency"
2014,VGEN: Fast Vertical Mining of Sequential Generator Patterns,Lecture notes in computer science,conference-paper,https://doi.org/10.1007/978-3-319-10160-6_42,https://openalex.org/W326699862,"""sequential generator"" | ""sequential generators"" | ""generator patterns"""
2014,尋找關鍵商品組合之研究;Study on finding key itemsets,,dissertation,,https://openalex.org/W2275104930,"""key itemsets"""
2015,3 dimensional Frequent Closed Pattern miner,,conference-paper,https://doi.org/10.1109/isacc.2015.7377320,https://openalex.org/W2535445538,"generators ""closed patterns"""
2015,Algorithm for Finding Zero Factor Free Rules,Advances in intelligent systems and computing,book-chapter,https://doi.org/10.1007/978-3-319-23437-3_36,https://openalex.org/W2295277915,"""minimal generators"" mining"
2015,An Efficient Algorithm for Mining Frequent Closed Itemsets,Informatica,article,,https://openalex.org/W1581276022,"generators ""closed itemsets"""
2015,An efficient approach for mining association rules from high utility itemsets,Expert Systems with Applications,article,https://doi.org/10.1016/j.eswa.2015.02.051,https://openalex.org/W1977157385,"generators ""closed itemsets"" | ""utility"" generators itemsets"
2015,Backdoors to Normality for Disjunctive Logic Programs,ACM Transactions on Computational Logic,article,https://doi.org/10.1145/2818646,https://openalex.org/W1973101725,"""disjunction-free"""
2015,Chinese trade and investment and its impacts on forests: A scoping study in the miombo woodlands [Chinese],,report,https://doi.org/10.17528/cifor/005543,https://openalex.org/W4252453449,"""key patterns"" mining"
2015,Efficient Algorithm for Locating and Sizing Series Compensation Devices in Large Transmission Grids: Solutions and Applications,,report,https://doi.org/10.2172/1170268,https://openalex.org/W4232175686,"""sequential generator"" | ""sequential generators"""
2015,Efficiently Mining Sequential Generator Patterns Using Prefix Trees,Fundamenta Informaticae,article,https://doi.org/10.3233/fi-2015-1217,https://openalex.org/W1949834100,"""sequential generator"" | ""sequential generators"" | ""generator patterns"""
2015,Efficiently Mining Sequential Generator Patterns Using Prefix Trees,Fundamenta Informaticae,article,https://doi.org/10.5555/2756707.2756712,https://openalex.org/W3016752894,"""sequential generator"" | ""sequential generators"" | ""generator patterns"""
2015,Elementary Elimination of Prenex Cuts in Disjunction-free Intuitionistic Logic,DROPS (Schloss Dagstuhl – Leibniz Center for Informatics),article,https://doi.org/10.4230/lipics.csl.2015.94,https://openalex.org/W2294431224,"""disjunction-free"""
2015,Enhancing Cloud Computing Security by Using Pixel Key Pattern,INTERNATIONAL JOURNAL OF COMPUTERS & TECHNOLOGY,article,https://doi.org/10.24297/ijct.v14i7.1894,https://openalex.org/W1719501933,"""key patterns"" mining"
2015,Filtering decision rules using generators and closed itemsets,"Proceedings of SPIE, the International Society for Optical Engineering/Proceedings of SPIE",conference-paper,https://doi.org/10.1117/12.2205410,https://openalex.org/W2180933558,"generators ""closed itemsets"""
2015,Finding minimal rare itemsets with an extended version of the Apriori algorithm,,conference-paper,https://doi.org/10.14794/icai.9.2014.1.85,https://openalex.org/W2318143093,"""minimal rare itemsets"""
2015,Frequent Item Set Mining Using INC_MINE in Massive Online Analysis Frame Work,Procedia Computer Science,conference-paper,https://doi.org/10.1016/j.procs.2015.03.105,https://openalex.org/W2070824909,"generators ""closed itemsets"" | ""generators"" ""data streams"" closed"
2015,Layer‐Based Procedural Design of Façades,Computer Graphics Forum,article,https://doi.org/10.1111/cgf.12553,https://openalex.org/W1903404387,"""generator patterns"""
2015,Linear flags and Koszul filtrations,Kyoto journal of mathematics,article,https://doi.org/10.1215/21562261-3089028,https://openalex.org/W2223877637,"generators ""closed graph"""
2015,Mining Contiguous Sequential Generators in Biological Sequences,IEEE Transactions on Computational Biology and Bioinformatics,article,https://doi.org/10.1109/tcbb.2015.2495132,https://openalex.org/W2344493264,"generators ""closed patterns"" | ""sequential generator"" | ""sequential generators"""
2015,Schemas for Unordered XML on a DIME,LillOA (Université de Lille (University Of Lille)),article,,https://openalex.org/W3102219044,"""disjunction-free"""
2015,Sequential Generation of Structured Arrays and Its Deductive Verification,Lecture notes in computer science,conference-paper,https://doi.org/10.1007/978-3-319-21215-9_7,https://openalex.org/W2179340374,"""sequential generator"" | ""sequential generators"""
2015,Strain-effect transistors: Theoretical study on the effects of external strain on III-nitride high-electron-mobility transistors on flexible substrates,Applied Physics Letters,article,https://doi.org/10.1063/1.4935537,https://openalex.org/W2212384050,"""free sets"" frequency"
2015,The Complexity of Disjunction in Intuitionistic Logic,Lecture notes in computer science,conference-paper,https://doi.org/10.1007/978-3-319-27683-0_24,https://openalex.org/W2401823700,"""disjunction-free"""
2015,UP-Miner: A Utility Pattern Mining Toolbox,,conference-paper,https://doi.org/10.1109/icdmw.2015.115,https://openalex.org/W2282622981,"""utility"" generators itemsets"
2015,Using minimal generators for composite isolated point extraction and conceptual binary relation coverage: Application for extracting relevant textual features,Information Sciences,article,https://doi.org/10.1016/j.ins.2015.12.013,https://openalex.org/W2483930716,"""minimal generators"" mining"
2016,A note on strong normalization in classical natural deduction,Electronic Proceedings in Theoretical Computer Science,article,https://doi.org/10.4204/eptcs.213.4,https://openalex.org/W2438831231,"""disjunction-free"""
2016,Achieving completeness: from constructive set theory to large cardinals,DiVA (Stockholm University),dissertation,,https://openalex.org/W2508839894,"""disjunction-free"""
2016,An efficient dynamic superset bit-vector approach for mining frequent closed itemsets and their lattice structure,Expert Systems with Applications,article,https://doi.org/10.1016/j.eswa.2016.09.023,https://openalex.org/W2523619183,"generators ""closed itemsets"""
2016,Contributions au filtrage des concepts formels : Obtention d'une couverture pertinente et calcul efficace de la stabilité,HAL (Le Centre pour la Communication Scientifique Directe),dissertation,,https://openalex.org/W4392677701,"""minimal generator"" itemset | ""minimal generators"" itemsets | ""minimal generators"" mining | generators ""closed itemsets"""
2016,E-Cigarette Social Media Messages: A Text Mining Analysis of Marketing and Consumer Conversations on Twitter,JMIR Public Health and Surveillance,article,https://doi.org/10.2196/publichealth.6551,https://openalex.org/W2564368681,"""key patterns"" mining"
2016,Generator patterns,European Conference on Pattern Languages of Programs,conference-paper,https://doi.org/10.1145/3011784.3011817,https://openalex.org/W2588808241,"""generator patterns"""
2016,Investigation of the Dynamic Characteristics of Bovine Tibia Using the Impulse Response Method,,conference-paper,https://doi.org/10.1115/imece2016-66554,https://openalex.org/W2586482922,"""free sets"" frequency"
2016,Mining Influencers Using Information Flows in Social Streams,ACM Transactions on Knowledge Discovery from Data,article,https://doi.org/10.1145/2815625,https://openalex.org/W2344550499,"""key patterns"" mining"
2016,Mining Minimal High-Utility Itemsets,Lecture notes in computer science,conference-paper,https://doi.org/10.1007/978-3-319-44403-1_6,https://openalex.org/W2504094598,"""utility"" generators itemsets"
2016,Mining of constant conditional functional dependencies based on pruning free itemsets,Journal of Tsinghua University(Science and Technology),article,https://doi.org/10.16511/j.cnki.qhdxxb.2016.21.026,https://openalex.org/W2594182789,"""free itemsets"""
2016,Neuronal generator patterns at scalp elicited by lateralized aversive pictures reveal consecutive stages of motivated attention,NeuroImage,article,https://doi.org/10.1016/j.neuroimage.2016.05.059,https://openalex.org/W2417780610,"""generator patterns"""
2016,Novel Algorithms CIPFP for Mining Frequent Patterns using Counting Inference from Probabilistic Databases and Future Possibilities,International Journal of Computer Applications,article,https://doi.org/10.5120/ijca2016909478,https://openalex.org/W2336593327,"""key patterns"" mining"
2016,PM510. Temporal relationship of mismatch negativity multiple generators in patients with schizophrenia and subjects at clinical high risk for psychosis,The International Journal of Neuropsychopharmacology,conference-abstract,https://doi.org/10.1093/ijnp/pyw041.510,https://openalex.org/W3183304618,"""sequential generator"" | ""sequential generators"""
2016,Structure of frequent itemsets with extended double constraints,Vietnam Journal of Computer Science,article,https://doi.org/10.1007/s40595-015-0056-7,https://openalex.org/W2298650848,"generators ""closed itemsets"""
2016,Top-k utility-based gene regulation sequential pattern discovery,IEEE International Conference on Bioinformatics and Biomedicine (BIBM),conference-paper,https://doi.org/10.1109/bibm.2016.7822529,https://openalex.org/W2575204312,"""key patterns"" mining"
2016,Workshop Generator Patterns: A Supporting Tool for Creating New Values in a Workshop,Springer proceedings in complexity,book-chapter,https://doi.org/10.1007/978-3-319-42697-6_9,https://openalex.org/W2521203775,"""generator patterns"""
2017,A lattice-based approach for mining high utility association rules,Information Sciences,article,https://doi.org/10.1016/j.ins.2017.02.058,https://openalex.org/W2593237442,"generators ""closed itemsets"" | ""utility"" generators itemsets"
2017,An Algorithm for Fuzzy Association Rules Extraction Based on Prime Number Coding,IEEE International Conference on Enabling Technologies: Infrastructure for Collaborative Enterprises (WETICE),conference-paper,https://doi.org/10.1109/wetice.2017.30,https://openalex.org/W2744174305,"""minimal generators"" mining"
2017,An efficient approach for mining closed high utility itemsets and generators,Journal of Information and Telecommunication,article,https://doi.org/10.1080/24751839.2017.1347392,https://openalex.org/W2734915117,"""utility"" generators itemsets"
2017,Efficient algorithms for simultaneously mining concise representations of sequential patterns based on extended pruning conditions,Engineering Applications of Artificial Intelligence,article,https://doi.org/10.1016/j.engappai.2017.09.024,https://openalex.org/W2767047002,"""sequential generator"" | ""sequential generators"" | ""generator patterns"""
2017,Efficiently mining association rules based on maximum single constraints,Vietnam Journal of Computer Science,article,https://doi.org/10.1007/s40595-017-0096-2,https://openalex.org/W2618628590,"generators ""closed itemsets"""
2017,Engineering Nature under Climate Change – Implications of Assisted Migration on Sustainable Development in Mountain Ranges,KTH Publication Database DiVA (KTH Royal Institute of Technology),dissertation,,https://openalex.org/W2624693321,"""key patterns"" mining"
2017,Enumerating Non-redundant Association Rules Using Satisfiability,Lecture notes in computer science,conference-paper,https://doi.org/10.1007/978-3-319-57454-7_64,https://openalex.org/W2605807800,"""minimal generators"" mining"
2017,"FCloSM, FGenSM: two efficient algorithms for mining frequent closed and generator sequences using the local pruning strategy",Knowledge and Information Systems,article,https://doi.org/10.1007/s10115-017-1032-6,https://openalex.org/W2588254752,"""generator patterns"""
2017,Motivated attention and family risk for depression: Neuronal generator patterns at scalp elicited by lateralized aversive pictures reveal blunted emotional responsivity,NeuroImage Clinical,article,https://doi.org/10.1016/j.nicl.2017.03.007,https://openalex.org/W2603785434,"""generator patterns"""
2017,Procedural City Generator: Pattern Based Designs,,article,,https://openalex.org/W2728625113,"""generator patterns"""
2017,Triangular fractal approximating graphs and their covering paths and cycles,arXiv (Cornell University),preprint,https://doi.org/10.48550/arxiv.1710.09475,https://openalex.org/W2767064662,"""generator patterns"""
2018,A Frequent and Rare Itemset Mining Approach to Transaction Clustering,Communications in computer and information science,conference-paper,https://doi.org/10.1007/978-981-10-8603-8_2,https://openalex.org/W2788943737,"""minimal rare itemsets"""
2018,A tutorial on statistically sound pattern discovery,Data Mining and Knowledge Discovery,article,https://doi.org/10.1007/s10618-018-0590-x,https://openalex.org/W2754504587,"""key patterns"" mining"
2018,A tutorial on statistically sound pattern discovery,UEF eRepo (University of Eastern Finland),article,,https://openalex.org/W3103529187,"""key patterns"" mining"
2018,ANÁLISE COMPARATIVA DOS MODOS E FREQUENCIAS NATURAIS DE VIBRAÇÃO DE VIGAS ENGASTADA LIVRE E BI-ENGASTADA SUJEITAS À OSCILAÇÕES LIVRES,Colloquium Exactarum,article,https://doi.org/10.5747/ce.2018.v10.n4.e252,https://openalex.org/W2919615002,"""free sets"" frequency"
2018,Controllability for noninstantaneous impulsive semilinear functional differential inclusions without compactness,Indagationes Mathematicae,article,https://doi.org/10.1016/j.indag.2018.07.002,https://openalex.org/W2857346174,"generators ""closed graph"""
2018,Deforestation and Forest Degradation Due to Gold Mining in the Peruvian Amazon: A 34-Year Perspective,Remote Sensing,article,https://doi.org/10.3390/rs10121903,https://openalex.org/W3121473452,"""key patterns"" mining"
2018,Deforestation and Forest Degradation Due to Gold Mining in the Peruvian Amazon: A 34-Year Perspective,Preprints.org,preprint,https://doi.org/10.20944/preprints201811.0113.v2,https://openalex.org/W2900161795,"""key patterns"" mining"
2018,Deforestation and Forest Degradation Due to Gold Mining in the Peruvian Amazon: A 34-Year Perspective,Preprints.org,preprint,https://doi.org/10.20944/preprints201811.0113.v1,https://openalex.org/W4248144617,"""key patterns"" mining"
2018,From spatio-temporal trajectories to succinct and semantically meaningful patterns,ResearchOnline - JCU (James Cook University),dissertation,https://doi.org/10.4225/28/5afa1141b90e5,https://openalex.org/W2803804247,"""key patterns"" mining"
2018,Implementing Evidence-Based Practice: Selecting Treatment Words to Boost Phonological Learning,Language Speech and Hearing Services in Schools,article,https://doi.org/10.1044/2017_lshss-17-0080,https://openalex.org/W2744684905,"""free sets"" frequency"
2018,On the efficient stability computation for the selection of interesting formal concepts,Information Sciences,article,https://doi.org/10.1016/j.ins.2018.08.056,https://openalex.org/W2889581556,"generators ""closed patterns"""
2018,RARE: Mining colossal closed itemset in high dimensional data,Knowledge-Based Systems,article,https://doi.org/10.1016/j.knosys.2018.07.025,https://openalex.org/W2883154776,"generators ""closed itemsets"""
2019,A Microcontroller Implementation Of Hindmarsh-Rose Neuron Model-Based Biological Central Pattern Generator,International Informatics and Software Engineering Conference (IISEC),conference-paper,https://doi.org/10.1109/ubmyk48245.2019.8965612,https://openalex.org/W3002658975,"""generator patterns"""
2019,A Parallel Distributed Galois Lattice Approach for Data Mining Based on a CORBA Infrastructure,Advances in intelligent systems and computing,conference-paper,https://doi.org/10.1007/978-3-030-22868-2_8,https://openalex.org/W2958425108,"""minimal generators"" mining"
2019,Bifurcation Point Tracking in Generator Outage Scenario using Nested Holomorphic Embedding Power Flow Method,North American Power Symposium (NAPS),conference-paper,https://doi.org/10.1109/naps46351.2019.9000327,https://openalex.org/W3008558221,"""sequential generator"" | ""sequential generators"""
2019,Closed-loop deep brain stimulation based on a stream-clustering system,Expert Systems with Applications,article,https://doi.org/10.1016/j.eswa.2019.02.024,https://openalex.org/W2915542294,"""generators"" ""data streams"" closed"
2019,Contributions to the Formalization and Extraction of Generic Bases of Association Rules,arXiv (Cornell University),preprint,https://doi.org/10.48550/arxiv.1911.00524,https://openalex.org/W2985726963,"""minimal generator"" itemset | ""minimal generators"" itemsets | generators ""closed itemsets"""
2019,Data-Driven Safety Approaches for Transportation Operations and Planning,UA Campus Repository (The University of Arizona),dissertation,,https://openalex.org/W3086535490,"""key patterns"" mining"
2019,IoT Malware Analysis and New Pattern Discovery Through Sequence Analysis Using Meta-Feature Information,IEICE Transactions on Communications,article,https://doi.org/10.1587/transcom.2019cpp0009,https://openalex.org/W2966268778,"""key patterns"" mining"
2019,LUIM: New Low-Utility Itemset Mining Framework,IEEE Access,article,https://doi.org/10.1109/access.2019.2929082,https://openalex.org/W2962662215,"""utility"" generators itemsets"
2019,NUCLEAR: AN EFFICIENT METHOD FOR MINING FREQUENT ITEMSETS BASED ON KERNELS AND EXTENDABLE SETS,,conference-paper,https://doi.org/10.5121/csit.2019.90607,https://openalex.org/W2947038666,"generators ""closed itemsets"""
2019,Natural Frequencies Reduction of RC Slab Subjected to Incremental Concentrated Loads,Academic Journal of Nawroz University,article,https://doi.org/10.25007/ajnu.v8n3a387,https://openalex.org/W2969963635,"""free sets"" frequency"
2019,Proposition d'une nouvelle approche d'extraction des motifs fermés fréquents,arXiv (Cornell University),preprint,https://doi.org/10.48550/arxiv.1906.04586,https://openalex.org/W2952095447,"""minimal generator"" itemset | ""minimal generators"" itemsets | generators ""closed itemsets"" | generators ""closed patterns"""
2020,An Efficient Method for Mining Informative Association Rules in Knowledge Extraction,Lecture notes in computer science,conference-paper,https://doi.org/10.1007/978-3-030-57321-8_13,https://openalex.org/W3080343408,"generators ""closed itemsets"""
2020,An integrated approach for mining closed and generator high utility itemsets,International Journal of Knowledge-based and Intelligent Engineering Systems,article,https://doi.org/10.3233/kes-200026,https://openalex.org/W3016607348,"""utility"" generators itemsets"
2020,An intelligent linear time trajectory data compression framework for smart planning of sustainable metropolitan cities,Transactions on Emerging Telecommunications Technologies,article,https://doi.org/10.1002/ett.3886,https://openalex.org/W3006260159,"""key patterns"" mining"
2020,"Antibody Clustering Using a Machine Learning Pipeline that Fuses Genetic, Structural, and Physicochemical Properties",Advances in experimental medicine and biology,book-chapter,https://doi.org/10.1007/978-3-030-32622-7_4,https://openalex.org/W3031083826,"""key patterns"" mining"
2020,Autonomous control of ventilation through closed-loop adaptive respiratory pacing,Scientific Reports,article,https://doi.org/10.1038/s41598-020-78834-w,https://openalex.org/W3113328946,"""generator patterns"""
2020,Biting into evolution of language,Journal of Language Evolution,article,https://doi.org/10.1093/jole/lzaa003,https://openalex.org/W3039899489,"""free sets"" frequency"
2020,Complexity and Expressive Power of Disjunction and Negation in Limit Datalog,Proceedings of the AAAI Conference on Artificial Intelligence,conference-paper,https://doi.org/10.1609/aaai.v34i03.5676,https://openalex.org/W2997405294,"""disjunction-free"""
2020,Discovery data topology with the closure structure. Theoretical and practical aspects,arXiv (Cornell University),preprint,https://doi.org/10.48550/arxiv.2010.02628,https://openalex.org/W3092492849,"generators ""closed itemsets"""
2020,Efficient Algorithm for Mining Non-Redundant High-Utility Association Rules,Sensors,article,https://doi.org/10.3390/s20041078,https://openalex.org/W3006136924,"""utility"" generators itemsets"
2020,Extraction of Closed High-Utility Itemsets and Generators based on Multiple Minimum Support and Utility,European Journal of Molecular & Clinical Medicine,article,,https://openalex.org/W3138043902,"""utility"" generators itemsets"
2020,Fast Enumeration of Pairs of Minimal Generators and Their Closure Itemsets,The Japanese Society for Artificial Intelligence,article,,https://openalex.org/W3131556351,"""minimal generator"" itemset | ""minimal generators"" itemsets"
2020,Intuitionistic fixed point logic,Annals of Pure and Applied Logic,article,https://doi.org/10.1016/j.apal.2020.102903,https://openalex.org/W3004069955,"""disjunction-free"""
2020,Large-Scale Loop Detector Troubleshooting Using Clustering and Association Rule Mining,Journal of Transportation Engineering Part A Systems,article,https://doi.org/10.1061/jtepbs.0000387,https://openalex.org/W3024340504,"""key patterns"" mining"
2020,"Mining Consistent, Non-Redundant and Minimal Negative Rules Based on Minimal Generators",IEEE International Conference on Big Data (BigData),conference-paper,https://doi.org/10.1109/bigdata50022.2020.9377846,https://openalex.org/W3138703411,"""minimal generator"" itemset | ""minimal generators"" itemsets | ""minimal generators"" mining"
2020,Non-heuristic Identification of the Optimal Number of Oscillation Patterns in Uncertain Power Systems,IEEE PES Innovative Smart Grid Technologies Europe,conference-paper,https://doi.org/10.1109/isgt-europe47291.2020.9248958,https://openalex.org/W3105604196,"""generator patterns"""
2020,Nouvelles représentations concises exactes des motifs rares,arXiv (Cornell University),preprint,https://doi.org/10.48550/arxiv.2004.07123,https://openalex.org/W3017386905,"""minimal generator"" itemset | ""minimal generators"" itemsets | ""minimal generators"" mining | generators ""closed itemsets"""
2020,On the Decidability of Intuitionistic Tense Logic without Disjunction,International Joint Conference on Artificial Intelligence (IJCAI),conference-paper,https://doi.org/10.24963/ijcai.2020/249,https://openalex.org/W3035174319,"""disjunction-free"""
2021,A Lattice-based approach for Mining Non-Redundant High Utility Association Rules,"International Conference on Intelligent Transportation, Big Data & Smart City (ICITBS)",conference-paper,https://doi.org/10.1109/icitbs53129.2021.00093,https://openalex.org/W3198013425,"generators ""closed itemsets"" | ""utility"" generators itemsets"
2021,A Novel Algorithm for Mining Minimal Generators of Closed Frequent Significance Itemsets,Lecture notes on data engineering and communications technologies,conference-paper,https://doi.org/10.1007/978-3-030-70665-4_191,https://openalex.org/W3176113441,"""minimal generator"" itemset | ""minimal generators"" itemsets | ""minimal generators"" mining"
2021,CONCISE: An Algorithm for Mining Positive and Negative Non-Redundant Association Rules,Soft Computing Research Society eBooks,conference-paper,https://doi.org/10.52458/978-93-91842-08-6-2,https://openalex.org/W4206957006,"generators ""closed itemsets"""
2021,Conceptual Relevance Index for Identifying Actionable Formal Concepts,Lecture notes in computer science,conference-paper,https://doi.org/10.1007/978-3-030-86982-3_9,https://openalex.org/W3199928492,"""minimal generators"" mining"
2021,Construction method of synonyms database for electric power field,,conference-paper,https://doi.org/10.1109/icbaie52039.2021.9389882,https://openalex.org/W3140718739,"""key patterns"" mining"
2021,Data mining techniques for classifying and predicting Teachers’ performance based on their evaluation reports,Indian Journal of Science and Technology,article,https://doi.org/10.17485/ijst/v14i2.2149,https://openalex.org/W3131869460,"""key patterns"" mining"
2021,Detecting Important Patterns Using Conceptual Relevance Interestingness Measure,arXiv (Cornell University),preprint,https://doi.org/10.48550/arxiv.2110.11262,https://openalex.org/W3206641090,"""minimal generators"" mining"
2021,Detecting the Behaviour of COVID-19 Based On Parallel Approach of Sequential Rule Mining Algorithm,IJCI International Journal of Computers and Information,article,https://doi.org/10.21608/ijci.2021.79097.1051,https://openalex.org/W3213288226,"""sequential generator"" | ""sequential generators"" | ""generator patterns"""
2021,Enhanced parallel mining algorithm for frequent sequential rules,Ain Shams Engineering Journal,article,https://doi.org/10.1016/j.asej.2021.05.019,https://openalex.org/W3174292200,"""sequential generator"" | ""sequential generators"" | ""generator patterns"""
2021,Enumerating Minimal Generators from Closed Itemsets – Toward Effective Compression of Negative Association Rules,IEEE Asia-Pacific Conference on Computer Science and Data Engineering (CSDE),conference-paper,https://doi.org/10.1109/csde53843.2021.9718380,https://openalex.org/W4214877627,"""minimal generator"" itemset | ""minimal generators"" itemsets | generators ""closed itemsets"""
2021,FGC-Stream: A novel joint miner for frequent generators and closed itemsets in data streams,,conference-paper,https://doi.org/10.1109/icdm51629.2021.00053,https://openalex.org/W4206951498,"generators ""closed itemsets"" | ""generators"" ""data streams"" closed"
2021,Generating a Condensed Representation for Positive and Negative Association Rules,Business Information Systems,article,https://doi.org/10.52825/bis.v1i.40,https://openalex.org/W3181402125,"generators ""closed itemsets"""
2021,GrAFCI+ A fast generator-based algorithm for mining frequent closed itemsets,Knowledge and Information Systems,article,https://doi.org/10.1007/s10115-021-01575-3,https://openalex.org/W3162616720,"generators ""closed itemsets"""
2021,Head2Head++: Deep Facial Attributes Re-Targeting,IEEE Transactions on Biometrics Behavior and Identity Science,article,https://doi.org/10.1109/tbiom.2021.3049576,https://openalex.org/W3036235590,"""sequential generator"" | ""sequential generators"""
2021,High Utility Pattern Mining Distributed Algorithm Based on Spark RDD,Lecture notes in networks and systems,book-chapter,https://doi.org/10.1007/978-981-16-0980-0_34,https://openalex.org/W3173999987,"""key patterns"" mining"
2021,Impact of sturgeon gelatin hydrolysates (SGH) on physicochemical and microbiological properties of fat-free set-type yogurt,LWT,article,https://doi.org/10.1016/j.lwt.2021.111665,https://openalex.org/W3160661110,"""free sets"" frequency"
2021,Machine Learning and Deep Learning Algorithms in the Diagnosis of Chronic Diseases,Studies in computational intelligence,book-chapter,https://doi.org/10.1007/978-981-16-0935-0_7,https://openalex.org/W3157377797,"""key patterns"" mining"
2021,Paramilitarism in progress,Routledge eBooks,book-chapter,https://doi.org/10.4324/9780429279430-5,https://openalex.org/W3215779512,"""key patterns"" mining"
2021,Quantum Generators: Pattern Analysis for 3D Model Reconstruction from the Structured Compute Units.,,article,,https://openalex.org/W3125385349,"""generator patterns"""
2021,The Effect of Concurrent Multi-Priority Data Streams on the MAC Layer Performance of IEEE 802.11p and C-V2X Mode 4,IEEE Transactions on Communications,article,https://doi.org/10.1109/tcomm.2021.3119703,https://openalex.org/W3206376721,"""generators"" ""data streams"" closed"
2022,A Bottom-Up Enumeration Algorithm of Minimal Generators without Support Counting for Compressing Negative Association Rules,International Congress on Advanced Applied Informatics (IIAI-AAI),conference-paper,https://doi.org/10.1109/iiaiaai55812.2022.00135,https://openalex.org/W4297035320,"""minimal generator"" itemset | ""minimal generators"" itemsets | ""minimal generators"" mining | generators ""closed itemsets"""
2022,A Catalog of Design Patterns for Compositional Language Engineering.,The Journal of Object Technology,article,https://doi.org/10.5381/jot.2022.21.4.a4,https://openalex.org/W4312396434,"""generator patterns"""
2022,A comparative analysis of followers' engagements on bilingual tweets using regression-text mining approach. A case of Tanzanian-based airlines,International Journal of Information Management Data Insights,article,https://doi.org/10.1016/j.jjimei.2022.100123,https://openalex.org/W4297502716,"""key patterns"" mining"
2022,Content loss and conditional space relationship in conditional generative adversarial networks,TURKISH JOURNAL OF ELECTRICAL ENGINEERING & COMPUTER SCIENCES,article,https://doi.org/10.55730/1300-0632.3902,https://openalex.org/W4293147543,"""sequential generator"" | ""sequential generators"""
2022,Data-Driven Approach for Generator Rejection Prediction to Prevent Transient Instability in Power System Using Wide-Area Measurements,IEEE Access,article,https://doi.org/10.1109/access.2022.3204990,https://openalex.org/W4296437666,"""generator patterns"""
2022,Data-free Defense of Black Box Models Against Adversarial Attacks,arXiv (Cornell University),preprint,https://doi.org/10.48550/arxiv.2211.01579,https://openalex.org/W4308243255,"""free sets"" frequency"
2022,Insights into the long-term effects of COVID-19 responses on transportation facilities,Transportation Research Part D Transport and Environment,article,https://doi.org/10.1016/j.trd.2022.103463,https://openalex.org/W4296260706,"""key patterns"" mining"
2022,Introducing Smart Marine Ecosystem-Based Planning (SMEP)—How SMEP Can Drive Marine Spatial Planning Strategy and Its Implementation in Greece,Geomatics,article,https://doi.org/10.3390/geomatics2020012,https://openalex.org/W4280507085,"""key patterns"" mining"
2022,Introducing the closure structure and the GDPM algorithm for mining and understanding a tabular dataset,International Journal of Approximate Reasoning,article,https://doi.org/10.1016/j.ijar.2021.12.012,https://openalex.org/W4210968078,"generators ""closed itemsets"""
2022,Jankov Formulas and Axiomatization Techniques for Intermediate Logics,Outstanding contributions to logic,book-chapter,https://doi.org/10.1007/978-3-031-06843-0_4,https://openalex.org/W4312423544,"""disjunction-free"""
2022,New Tools to Generate Realistic Ice Floe Fields for Computational Models,Journal of Offshore Mechanics and Arctic Engineering,article,https://doi.org/10.1115/1.4054658,https://openalex.org/W4281702578,"""sequential generator"" | ""sequential generators"""
2022,On Shapley value interpretability in concept-based learning with formal concept analysis,Annals of Mathematics and Artificial Intelligence,article,https://doi.org/10.1007/s10472-022-09817-y,https://openalex.org/W4309700918,"""minimal generator"" itemset | ""minimal generators"" itemsets | ""minimal generators"" mining | generators ""closed itemsets"""
2022,The Effect of Vertical Wind Turbines Position Pattern on Their Aerodynamic Characteristics,Lecture notes in networks and systems,conference-paper,https://doi.org/10.1007/978-3-030-94259-5_9,https://openalex.org/W4212956124,"""generator patterns"""
2022,Wearable Big Data Pertinence Learning with Deep Spatiotemporal co-Mining,2022 IEEE International Instrumentation and Measurement Technology Conference (I2MTC),conference-paper,https://doi.org/10.1109/i2mtc48687.2022.9806704,https://openalex.org/W4283736123,"""key patterns"" mining"
2023,An efficient framework for obtaining the initial cluster centers,Scientific Reports,article,https://doi.org/10.1038/s41598-023-48220-3,https://openalex.org/W4389048133,"""key patterns"" mining"
2023,ChatGPT as the Transportation Equity Information Source for Scientific Writing,arXiv (Cornell University),preprint,https://doi.org/10.48550/arxiv.2303.11158,https://openalex.org/W4353007473,"""key patterns"" mining"
2023,Data complexity: An FCA-based approach,International Journal of Approximate Reasoning,article,https://doi.org/10.1016/j.ijar.2023.109084,https://openalex.org/W4319322502,"""minimal generator"" itemset | ""minimal generators"" itemsets | generators ""closed itemsets"""
2023,Data-Free Defense of Black Box Models Against Adversarial Attacks,SSRN Electronic Journal,preprint,https://doi.org/10.2139/ssrn.4531714,https://openalex.org/W4385653924,"""free sets"" frequency"
2023,Efficient Associate Rules Mining Based on Topology for Items of Transactional Data,Mathematics,article,https://doi.org/10.3390/math11020401,https://openalex.org/W4316038515,"""minimal generator"" itemset | ""minimal generators"" itemsets | ""minimal generators"" mining | generators ""closed itemsets"""
2023,Efficient mining of concise and informative representations of frequent high utility itemsets,Engineering Applications of Artificial Intelligence,article,https://doi.org/10.1016/j.engappai.2023.107111,https://openalex.org/W4386616511,"""utility"" generators itemsets"
2023,MFG-HUI: An Efficient Algorithm for Mining Frequent Generators of High Utility Itemsets,Lecture notes in computer science,conference-paper,https://doi.org/10.1007/978-3-031-46781-3_23,https://openalex.org/W4388200498,"""utility"" generators itemsets"
2023,MPPN: Multi-Resolution Periodic Pattern Network For Long-Term Time Series Forecasting,arXiv (Cornell University),preprint,https://doi.org/10.48550/arxiv.2306.06895,https://openalex.org/W4380558555,"""key patterns"" mining"
2023,Mining Frequent Closed Itemsets and Generators Over Uncertain Data,IEEE International Conference on Electronic Information and Communication Technology (ICEICT),conference-paper,https://doi.org/10.1109/iceict57916.2023.10245860,https://openalex.org/W4386920436,"generators ""closed itemsets"""
2023,Optimal Generator Policy for Hybrid Fuel UAV under Airspace Noise Restrictions,IFAC-PapersOnLine,article,https://doi.org/10.1016/j.ifacol.2023.11.005,https://openalex.org/W4390017909,"""generator patterns"""
2023,Push-down automata as sequential generators of highly entangled states,arXiv (Cornell University),preprint,https://doi.org/10.48550/arxiv.2305.04951,https://openalex.org/W4376122496,"""sequential generator"" | ""sequential generators"""
2023,Targeting Minimal Rare Itemsets from Transaction Databases,International Joint Conference on Artificial Intelligence,conference-paper,https://doi.org/10.24963/ijcai.2023/235,https://openalex.org/W4385764414,"""minimal rare itemsets"""
2023,Text Mining Identifies Key Pattern Analysis and Process in Prostate Cancer,South Asian Research Journal of Applied Medical Sciences,article,https://doi.org/10.36346/sarjams.2023.v05i05.005,https://openalex.org/W4387381461,"""key patterns"" mining"
2024,A Space-Saving Algorithm for Enumerating Minimal Generators in Negative Rule Mining,IIAI International Congress on Advanced Applied Informatics (IIAI-AAI),conference-paper,https://doi.org/10.1109/iiai-aai63651.2024.00139,https://openalex.org/W4403421971,"""minimal generator"" itemset | ""minimal generators"" itemsets | ""minimal generators"" mining | generators ""closed itemsets"""
2024,An Efficient Algorithm for Mining Frequent High Utility Occupancy Generators,International Conference on Cloud Computing and Internet of Things (CCIOT),conference-paper,https://doi.org/10.1145/3704304.3704318,https://openalex.org/W4406698622,"""utility"" generators itemsets"
2024,Analyzing Daytime/Nighttime Pedestrian Crash Patterns in Michigan Using Unsupervised Machine Learning Techniques and their Potential as a Decision-Making Tool,The Open Transportation Journal,article,https://doi.org/10.2174/0126671212352718241021171500,https://openalex.org/W4404331900,"""key patterns"" mining"
2024,CG-FHAUI: an efficient algorithm for simultaneously mining succinct pattern sets of frequent high average utility itemsets,Knowledge and Information Systems,article,https://doi.org/10.1007/s10115-024-02121-7,https://openalex.org/W4396706185,"""utility"" generators itemsets"
2024,Data-free Defense of Black Box Models Against Adversarial Attacks,IEEE/CVF Conference on Computer Vision and Pattern Recognition Workshops (CVPRW),conference-paper,https://doi.org/10.1109/cvprw63382.2024.00030,https://openalex.org/W4402917237,"""free sets"" frequency"
2024,Faculty Profile Generation and Student Feedback Evaluation-based on Text Summarization and Sentiment Analysis,CRC Press eBooks,book-chapter,https://doi.org/10.1201/9781003470939-16,https://openalex.org/W4399293589,"""key patterns"" mining"
2024,GELEX: Generative AI-Hybrid System for Example-Based Learning,Extended Abstracts of the CHI Conference on Human Factors in Computing Systems (CHI EA),conference-paper,https://doi.org/10.1145/3613905.3650900,https://openalex.org/W4396832268,"""key patterns"" mining"
2024,Generator Patterns: A Way of Being That Fascinates Others with the Attractive World and Generates Discoveries and Excitement,Conference on Pattern Languages of Programs,conference-paper,https://doi.org/10.64346/plop2023p24,https://openalex.org/W7155956448,"""generator patterns"""
2024,Geography,Oxford Open Economics,article,https://doi.org/10.1093/ooec/odad087,https://openalex.org/W4400738687,"""key patterns"" mining"
2024,High-Resolution NLP for Social Healthcare Networks: Text Classification through Integration of Causal Dilated Cosine Architecture Optimized by Weighted Leadership Navigator for Advanced Insights,,conference-paper,https://doi.org/10.1109/ictbig64922.2024.10911601,https://openalex.org/W4408401196,"""key patterns"" mining"
2024,Identifying the Opportunities and Challenges of Project Bundling: Modeling and Discovering Key Patterns Using Unsupervised Machine Learning,Journal of Infrastructure Systems,article,https://doi.org/10.1061/jitse4.iseng-2299,https://openalex.org/W4390926350,"""key patterns"" mining"
2024,Intelligent Analysis of College Physical Education Teaching Effect Based on Data Mining Technology,Water and irrigation review.,article,,https://openalex.org/W7216611943,"""key patterns"" mining"
2024,MRI-CE: Minimal rare itemset discovery using the cross-entropy method,Information Sciences,article,https://doi.org/10.1016/j.ins.2024.120392,https://openalex.org/W4392455583,"""minimal rare itemsets"""
2024,Mapping the Landscape of Smart City Research: A Bibliometric Analysis,S.M.A.R.T. environments,book-chapter,https://doi.org/10.1007/978-3-031-59846-3_4,https://openalex.org/W4399336445,"""key patterns"" mining"
2024,Modification and completion of geological structure knowledge graph based on pattern matching,Scientific Reports,article,https://doi.org/10.1038/s41598-024-60618-1,https://openalex.org/W4396230387,"""key patterns"" mining"
2024,Navigating Process Mining: A Case study using pm4py,arXiv (Cornell University),preprint,https://doi.org/10.48550/arxiv.2409.11294,https://openalex.org/W4403707161,"""key patterns"" mining"
2024,Navigálás a Process Miningban: Egy esettanulmány pm4py használatával.,Production Systems and Information Engineering,article,https://doi.org/10.32968/psaie.2024.1.5,https://openalex.org/W7216071202,"""key patterns"" mining"
2024,On the Learning of Explainable Classification Rules through Disjunctive Patterns,,conference-paper,https://doi.org/10.1109/ictai62512.2024.00130,https://openalex.org/W4406894462,"""minimal generators"" mining"
2024,Optimizing the Performance of the ECLAT Algorithm using K-means Clustering for Frequently Itemset Mining for Large Datasets,International Conference on Advanced Information Technologies (ICAIT),conference-paper,https://doi.org/10.1109/icait65209.2024.10754926,https://openalex.org/W4404564881,"""key patterns"" mining"
2024,"Satisfiability to Coverage in Presence of Fairness, Matroid, and Global Constraints",arXiv (Cornell University),preprint,https://doi.org/10.4230/lipics.icalp.2024.88,https://openalex.org/W4392780853,"""free sets"" frequency"
2024,Temporal Gene Expression Profiles From Pollination to Seed Maturity in Sorghum Provide Core Candidates for Engineering Seed Traits,Plant Cell & Environment,article,https://doi.org/10.1111/pce.15134,https://openalex.org/W4402363807,"""key patterns"" mining"
2024,The Disjunction-Free Fragment of D2 is Three-Valued,Electronic Proceedings in Theoretical Computer Science,article,https://doi.org/10.4204/eptcs.415.22,https://openalex.org/W4405854060,"""disjunction-free"""
2024,Unlocking AI-Powered Conversations and Code Excellence: Exploring Prompt Patterns in Conversational AI and Software Engineering,International Research Journal of Modernization in Engineering Technology and Science,article,https://doi.org/10.56726/irjmets47950,https://openalex.org/W4390571527,"""generator patterns"""
2025,A Data Mining Approach for Evaluating Factors Associated with the Occurrence and Severity of Road Traffic Accidents,Revista de Gestão Social e Ambiental,article,https://doi.org/10.24857/rgsa.v19n6-061,https://openalex.org/W4411477455,"""key patterns"" mining"
2025,A predictive modelling approach to decoding consumer intention for adopting energy-efficient technologies in food supply chains,Decision Analytics Journal,article,https://doi.org/10.1016/j.dajour.2025.100561,https://openalex.org/W4408479055,"""key patterns"" mining"
2025,An Indonesian Economic Policy: The Poverty Impact of Nickel Downstream in Mining Regions,Graduate Review of Political Science and Public Administration Journal,article,,https://openalex.org/W7220306381,"""key patterns"" mining"
2025,Analysing User Feedback on Commercial Diet Tracking App,Lecture notes in computer science,conference-paper,https://doi.org/10.1007/978-3-031-94959-3_2,https://openalex.org/W4411144482,"""key patterns"" mining"
2025,Analyzing Student Learning Experiences and Course Preferences at H University Using Text Mining Techniques,Association of Global Studies Education,article,https://doi.org/10.19037/agse.17.1.04,https://openalex.org/W4409304643,"""key patterns"" mining"
2025,Association Rule-Based Analysis of Contributing Factors to Sleep Disorders,Science and Technology of Engineering Chemistry and Environmental Protection,article,https://doi.org/10.61173/z3gd7b29,https://openalex.org/W4413616793,"""key patterns"" mining"
2025,"Comparative Study of FPclose, CFPtree-closed and NCFPGEN Algorithms",International Journal of Computer Sciences and Engineering,article,,https://openalex.org/W7218219579,"generators ""closed itemsets"" | generators ""closed patterns"""
2025,Conciseness Effect on High Utility Itemsets Mining,Communications in computer and information science,conference-paper,https://doi.org/10.1007/978-3-032-01922-6_17,https://openalex.org/W4415557320,"generators ""closed itemsets"" | ""utility"" generators itemsets"
2025,Construction of a predictive model for self realization and career satisfaction of university teachers based on text mining,Scientific Reports,article,https://doi.org/10.1038/s41598-025-27274-5,https://openalex.org/W4416587449,"""key patterns"" mining"
2025,Discovery of Latent Dynamical Patterns in Biomedical Data,,conference-paper,https://doi.org/10.1109/icdmw69685.2025.00096,https://openalex.org/W7134913603,"""key patterns"" mining"
2025,Drone-Based VNIR–SWIR Hyperspectral Imaging for Environmental Monitoring of a Uranium Legacy Mine Site,Drones,article,https://doi.org/10.3390/drones9040313,https://openalex.org/W4409545256,"""key patterns"" mining"
2025,Dynamic Latent Attention Mechanism for Autonomous Business Model Generation,,conference-paper,https://doi.org/10.1145/3785706.3785894,https://openalex.org/W7124765003,"""generators"" ""data streams"" closed"
2025,Efficient Mining of Concise Patterns for Frequent High-Utility Occupancy Itemsets Using Extended Pruning Strategies,Research and Development on Information and Communication Technology,article,https://doi.org/10.32913/mic-ict-research.v2025.n2.1360,https://openalex.org/W7108072251,"""utility"" generators itemsets"
2025,Efficient Mining of Concise Patterns for Frequent High-Utility Occupancy Itemsets Using Extended Pruning Strategies,Research and Development on Information and Communication Technology,article,https://doi.org/10.32913/mic-ict-research.v.n0.1360,https://openalex.org/W4410518099,"""utility"" generators itemsets"
2025,"Evaluating the Role of Wireless Sensor Networks (Wsn) and Predictive Analysis in Enhancing Road Safety and Logistics in Bogotá, Colombia",SSRN Electronic Journal,preprint,https://doi.org/10.2139/ssrn.5159571,https://openalex.org/W4408043534,"""key patterns"" mining"
2025,Exploring knowledge structure of “dual carbon” policies: Combining computational text mining and knowledge graph,Energy Strategy Reviews,article,https://doi.org/10.1016/j.esr.2025.101976,https://openalex.org/W4416021159,"""key patterns"" mining"
2025,Exploring multidrug resistance patterns in community-acquired E. coli urinary tract infections with machine learning,medRxiv,preprint,https://doi.org/10.1101/2025.02.05.25321745,https://openalex.org/W4407271616,"""key patterns"" mining"
2025,"Exploring the Economic Diversification of Small-Scale Mining Communities in Taneg, Mankayan, Benguet",Social Science and Humanities Journal,article,https://doi.org/10.18535/sshj.v9i04.1776,https://openalex.org/W4409590505,"""key patterns"" mining"
2025,FPGA-Based Accelerator for Parallel High Utility Itemset Mining Using Utility List,IEEE International Conference on Parallel and Distributed Systems (ICPADS),conference-paper,https://doi.org/10.1109/icpads67057.2025.11323079,https://openalex.org/W7124180134,"""free itemsets"""
2025,Foreign Trade Risk Warning Model Based on Deep Learning and Association Rule Mining,The International Journal of Maritime Engineering,article,https://doi.org/10.5750/ijme.v167ia2(s).1629,https://openalex.org/W4413316214,"""key patterns"" mining"
2025,Hazardous waste management and one health approach,Frontiers in Public Health,article,https://doi.org/10.3389/fpubh.2025.1684269,https://openalex.org/W4414879937,"""key patterns"" mining"
2025,Identifying patterns in backing maneuver crashes utilizing differential evolution optimization algorithm,Journal of Transportation Safety & Security,article,https://doi.org/10.1080/19439962.2025.2529835,https://openalex.org/W4412124120,"""key patterns"" mining"
2025,Insights into the long-term effects of COVID-19 responses on transportation facilities,Carolina Digital Repository (University of North Carolina at Chapel Hill),article,https://doi.org/10.17615/1vz2-a105,https://openalex.org/W4415276141,"""key patterns"" mining"
2025,Intelligent Tutoring Systems as A Solution to Emotional and Academic Challenges in Higher Education: Analysis of a Survey from Instituto Politécnico Nacional,Journal of Information Systems Engineering & Management,article,https://doi.org/10.52783/jisem.v10i6s.747,https://openalex.org/W4407181392,"""key patterns"" mining"
2025,Leveraging Artificial Intelligence for Hyper-Personalized Marketing: Opportunities and Challenges in the Digital Era,Inverge Journal of Social Sciences,article,https://doi.org/10.63544/ijss.v4i3.166,https://openalex.org/W4414067754,"""key patterns"" mining"
2025,Livelihood Diversification Pathways and Resilience Outcomes among Cocoa Farming Households in Galamsey-Affected Landscapes of Ghana: A Systematic Review and Evidence Gap Map,Open Science Framework,other,https://doi.org/10.17605/osf.io/mx26y,https://openalex.org/W7117890196,"""key patterns"" mining"
2025,MINING CONCISE REPRESENTATIONS OF FREQUENT HIGH-UTILITY OCCUPANCY ITEMSETS USING GENERATOR PATTERNS,Dalat University Journal of Science,article,https://doi.org/10.37569/dalatuniversity.15.3.1373(2025),https://openalex.org/W4414609724,"""generator patterns"" | ""utility"" generators itemsets"
2025,"MINING, CITIES, AND DEVELOPMENT: A CRITICAL REVIEW OF SOCIOECONOMIC, ENVIRONMENTAL, AND SPATIAL TRANSFORMATIONS",Revista fisio&terapia.,article,https://doi.org/10.69849/revistaft/ar10202511120213,https://openalex.org/W4416126045,"""key patterns"" mining"
2025,"Mapping the landscape of women entrepreneurs in micro and small enterprises: Trends, themes, and insights through systematic review and text mining",F1000Research,review,https://doi.org/10.12688/f1000research.163030.1,https://openalex.org/W4409340082,"""key patterns"" mining"
2025,Mining Patterns for Maximal Coverage in Time Series,"IEEE/ACIS International Conference on Software Engineering Research, Management and Applications (SERA)",conference-paper,https://doi.org/10.1109/sera65747.2025.11154502,https://openalex.org/W4414231634,"""key patterns"" mining"
2025,Opinion Mining of YouTube Video Comments Using Machine Learning and Deep Learning,Lecture notes in networks and systems,conference-paper,https://doi.org/10.1007/978-3-032-06694-7_13,https://openalex.org/W4415781135,"""key patterns"" mining"
2025,Optimizing Retail Pharmacy Inventory via Descriptive and Predictive Analysis,International Conference on Advancements in Computing (ICAC),conference-paper,https://doi.org/10.1109/icac69156.2025.11361458,https://openalex.org/W7126055617,"""key patterns"" mining"
2025,"Peer Review Report For: Mapping the landscape of women entrepreneurs in micro and small enterprises: Trends, themes, and insights through systematic review and text mining [version 1; peer review: 2 approved, 1 approved with reservations]",,peer-review,https://doi.org/10.5256/f1000research.179322.r378117,https://openalex.org/W4416622720,"""key patterns"" mining"
2025,"Peer Review Report For: Mapping the landscape of women entrepreneurs in micro and small enterprises: Trends, themes, and insights through systematic review and text mining [version 1; peer review: 2 approved, 1 approved with reservations]",,peer-review,https://doi.org/10.5256/f1000research.179322.r378122,https://openalex.org/W4416652418,"""key patterns"" mining"
2025,PrAda-GAN: A Private Adaptive Generative Adversarial Network with Bayes Network Structure,arXiv (Cornell University),preprint,https://doi.org/10.48550/arxiv.2511.07997,https://openalex.org/W4416190036,"""sequential generator"" | ""sequential generators"""
2025,Push-down automata as sequential generators of highly entangled states,Journal of Physics A Mathematical and Theoretical,article,https://doi.org/10.1088/1751-8121/adab9f,https://openalex.org/W4406507275,"""sequential generator"" | ""sequential generators"""
2025,Research on comorbidity characteristics and patterns of hospitalized participants with schizophrenia in China,Frontiers in Psychiatry,article,https://doi.org/10.3389/fpsyt.2025.1619051,https://openalex.org/W4412914480,"""key patterns"" mining"
2025,Research on the co-occurrence feature mining of the Qing Dynasty embroidery patterns based on temporal multilayer networks,npj Heritage Science,article,https://doi.org/10.1038/s40494-025-01766-z,https://openalex.org/W4411007905,"""key patterns"" mining"
2025,Safety Scheduling Through Integrated Accident Analysis Using Multiple Correspondence Analysis and Association Rule Mining: A Construction Engineering Perspective,Buildings,article,https://doi.org/10.3390/buildings15224020,https://openalex.org/W4415998341,"""key patterns"" mining"
2025,Safety Scheduling Through Integrated Construction Accident Analysis Using Multiple Correspondence Analysis and Association Rule Mining,Preprints.org,preprint,https://doi.org/10.20944/preprints202510.0604.v1,https://openalex.org/W4415044869,"""key patterns"" mining"
2025,"Sandy beaches within meta-social-ecological systems: An integrated framework for ecology, management, and conservation",Estuarine Coastal and Shelf Science,article,https://doi.org/10.1016/j.ecss.2025.109350,https://openalex.org/W4410251541,"""key patterns"" mining"
2025,Sim4Rec: Data-Free Model Extraction Attack on Sequential Recommendation,Proceedings of the AAAI Conference on Artificial Intelligence,conference-paper,https://doi.org/10.1609/aaai.v39i12.33392,https://openalex.org/W4409365300,"""sequential generator"" | ""sequential generators"""
2025,Source-Free Time-Series Domain Adaptation With Prior Evaluation of Model Salience,IEEE Transactions on Neural Networks and Learning Systems,article,https://doi.org/10.1109/tnnls.2025.3641830,https://openalex.org/W7117104742,"""key patterns"" mining"
2025,Spatio-Temporal Data Mining of Craton Edge-Related Mineralisation: Unveiling the Dynamics of Sediment-Hosted and IOCG Deposits,,conference-abstract,https://doi.org/10.5194/egusphere-egu25-3017,https://openalex.org/W4408443294,"""key patterns"" mining"
2025,Substructure Mining Based on Fact Reflection,Proceedings/Proceedings of the ... International Conference on Software Engineering and Knowledge Engineering,conference-paper,https://doi.org/10.18293/seke2025-093,https://openalex.org/W4415405275,"""key patterns"" mining"
2025,To Study the Techniques of Data Mining in Retail Marketing: Pilot Study in Nashik,INTERANTIONAL JOURNAL OF SCIENTIFIC RESEARCH IN ENGINEERING AND MANAGEMENT,article,https://doi.org/10.55041/ijsrem52808,https://openalex.org/W4414743357,"""key patterns"" mining"
2025,Transforming Patient Feedback Into Actionable Insights Through Natural Language Processing: Knowledge Discovery and Action Research Study,JMIR Formative Research,article,https://doi.org/10.2196/69699,https://openalex.org/W4411190125,"""key patterns"" mining"
2025,Uncovering new psychoactive substances research trends using large language model-assisted text mining (LATeM),Journal of Hazardous Materials Advances,article,https://doi.org/10.1016/j.hazadv.2025.100700,https://openalex.org/W4408849341,"""key patterns"" mining"
2025,Uncovering the role of restraint usage in driver ejection: a data mining investigation of fatal and injury crashes,Traffic Injury Prevention,article,https://doi.org/10.1080/15389588.2025.2491580,https://openalex.org/W4410114527,"""key patterns"" mining"
2025,Unravelling Regional Water Balance Dynamics in Anthropogenically Shaped Lowlands: A Data‐Driven Approach,Hydrological Processes,article,https://doi.org/10.1002/hyp.70053,https://openalex.org/W4406113468,"""key patterns"" mining"
2025,Unveiling wildlife crime characteristics in China based on judicial big data,Discover Sustainability,article,https://doi.org/10.1007/s43621-025-01824-3,https://openalex.org/W4413413248,"""key patterns"" mining"
2025,space_packet_parser,Zenodo (CERN European Organization for Nuclear Research),software,https://doi.org/10.5281/zenodo.17546431,https://openalex.org/W7104263200,"""generator patterns"""
2025,ПРОГНОЗИРОВАНИЕ НА ОСНОВЕ ВРЕМЕННЫХ РЯДОВ ОБЪЕМОВ ДОБЫЧИ УГЛЯ В РОССИИ,Экономика и предпринимательство,article,https://doi.org/10.34925/eip.2025.180.7.201,https://openalex.org/W4414337737,"""key patterns"" mining"
2025,Прогнозирование пожаров в Республике Абхазия на основе интеллектуальных систем,Сибирский пожарно-спасательный вестник.,article,https://doi.org/10.34987/vestnik.sibpsa.2025.77.26.005,https://openalex.org/W4414731793,"""key patterns"" mining"
2026,(GQR50/OperA_2) Admissibility Distance as a Resource Monotone for Dynamical Nonlocality of Quantum Channels,Zenodo (CERN European Organization for Nuclear Research),preprint,https://doi.org/10.5281/zenodo.18751657,https://openalex.org/W7131239085,"""free sets"" frequency"
2026,(GQR50/OperA_2) Admissibility Distance as a Resource Monotone for Dynamical Nonlocality of Quantum Channels,Zenodo (CERN European Organization for Nuclear Research),preprint,https://doi.org/10.5281/zenodo.21181754,https://openalex.org/W7167264585,"""free sets"" frequency"
2026,"A Universal Obstruction to Simulating ( 𝑥 , 𝑦 , 𝑧 , 𝑥 + 𝑦 + 𝑧 ) (x,y,z,x+y+z) in Near-Extremal 3-AP-Free Sets",Zenodo (CERN European Organization for Nuclear Research),preprint,https://doi.org/10.5281/zenodo.18551321,https://openalex.org/W7128406254,"""free sets"" frequency"
2026,"A Universal Obstruction to Simulating ( 𝑥 , 𝑦 , 𝑧 , 𝑥 + 𝑦 + 𝑧 ) (x,y,z,x+y+z) in Near-Extremal 3-AP-Free Sets",Zenodo (CERN European Organization for Nuclear Research),preprint,https://doi.org/10.5281/zenodo.18551320,https://openalex.org/W7128402775,"""free sets"" frequency"
2026,A decoupled methodology for process-aware post-harvest loss prediction,Data Technologies and Applications,article,https://doi.org/10.1108/dta-08-2024-0806,https://openalex.org/W7165037719,"""key patterns"" mining"
2026,A matrix-based high-utility itemsets mining algorithm over streaming data using sliding windows,Data & Knowledge Engineering,article,https://doi.org/10.1016/j.datak.2026.102647,https://openalex.org/W7204779823,"""free itemsets"""
2026,Closed Itemsets and Minimal Generators: A Comparison of Their Effects on Associative Classifiers,Research Square,preprint,https://doi.org/10.21203/rs.3.rs-8695223/v1,https://openalex.org/W7131663691,"""minimal generator"" itemset | ""minimal generators"" itemsets | ""minimal generators"" mining | generators ""closed itemsets"""
2026,Continuous Linear Operators on Bicomplex Multi-Normed Spaces,International Journal For Multidisciplinary Research,article,https://doi.org/10.36948/ijfmr.2026.v08i04.86616,https://openalex.org/W7204202616,"generators ""closed graph"""
2026,Controlled Emergence in τ-TCPN: An Agent-Based Framework for Self-Growing Causal Topology under Axiomatic Constraints,Zenodo (CERN European Organization for Nuclear Research),preprint,https://doi.org/10.5281/zenodo.22847281,https://openalex.org/W7213650776,"generators ""closed graph"""
2026,Controlled Emergence in τ-TCPN: An Agent-Based Framework for Self-Growing Causal Topology under Axiomatic Constraints,Zenodo (CERN European Organization for Nuclear Research),preprint,https://doi.org/10.5281/zenodo.22847280,https://openalex.org/W7213640547,"generators ""closed graph"""
2026,DAGSmith: Dependency-Aware Rewriting for dbt-Style SQL Pipelines,arXiv (Cornell University),preprint,https://doi.org/10.48550/arxiv.2608.22551,https://openalex.org/W7204171225,"""free sets"" frequency"
2026,Data-Assimilation-Assisted Reinforcement Learning for Power Grid Control under Load Uncertainty,arXiv (Cornell University),preprint,https://doi.org/10.48550/arxiv.2609.27229,https://openalex.org/W7214228064,"""sequential generator"" | ""sequential generators"""
2026,Development of an Enhanced Pattern Mining Model Leveraging Deep Learning and Genetic Algorithms,Lecture notes in networks and systems,conference-paper,https://doi.org/10.1007/978-981-95-0701-6_3,https://openalex.org/W7117977973,"""key patterns"" mining"
2026,Digital Holographic Information Engineering Cosmology Approach : The Topological Compilation of Cosmic OS: Re-Specification of Nondimensionalized Berry Phase and Chern Invariants over the Double-Twisted Toroidal Substrate,Zenodo (CERN European Organization for Nuclear Research),other,https://doi.org/10.5281/zenodo.22081551,https://openalex.org/W7204149892,"""generators"" ""data streams"" closed"
2026,Digital Holographic Information Engineering Cosmology Approach : The Topological Compilation of Cosmic OS: Re-Specification of Nondimensionalized Berry Phase and Chern Invariants over the Double-Twisted Toroidal Substrate,Zenodo (CERN European Organization for Nuclear Research),other,https://doi.org/10.5281/zenodo.22081550,https://openalex.org/W7204124092,"""generators"" ""data streams"" closed"
2026,Effect of the vortices on the mixing and combustion performance in aft-mixing section of solid fuel ramjet,Applied Thermal Engineering,article,https://doi.org/10.1016/j.applthermaleng.2026.130740,https://openalex.org/W7140077644,"""generator patterns"""
2026,Entropy Dissipation and Structural Non-Fixedness Toward a Conditional Resolution of Erdős Conjecture #259,Zenodo (CERN European Organization for Nuclear Research),preprint,https://doi.org/10.5281/zenodo.18374901,https://openalex.org/W7125678628,"""free sets"" frequency"
2026,Entropy Dissipation and Structural Non-Fixedness Toward a Conditional Resolution of Erdős Conjecture #259,Zenodo (CERN European Organization for Nuclear Research),preprint,https://doi.org/10.5281/zenodo.18419503,https://openalex.org/W7126032728,"""free sets"" frequency"
2026,Entropy Dissipation and Structural Non-Fixedness Toward a Conditional Resolution of Erdős Conjecture #259,Zenodo (CERN European Organization for Nuclear Research),preprint,https://doi.org/10.5281/zenodo.18374902,https://openalex.org/W7125711410,"""free sets"" frequency"
2026,Entropy Dissipation and Structural Non-Fixedness Toward a Conditional Resolution of Erdős Conjecture #259,Zenodo (CERN European Organization for Nuclear Research),preprint,https://doi.org/10.5281/zenodo.18375252,https://openalex.org/W7125691869,"""free sets"" frequency"
2026,From minerals to megawatts: understanding Chinese involvement in Latin America’s renewable energy value chain,,report,https://doi.org/10.21678/cechap.2026.jet.dt2,https://openalex.org/W7147719524,"""key patterns"" mining"
2026,Generator Resolution and the 3+1+3+1=8 Closure Architecture paper 1: From Dual U(2) Tetrads to SU(4) Frame–Bridge Reclosure,Zenodo (CERN European Organization for Nuclear Research),preprint,https://doi.org/10.5281/zenodo.22819617,https://openalex.org/W7213530149,"""generator patterns"""
2026,Generator Resolution and the 3+1+3+1=8 Closure Architecture paper 1: From Dual U(2) Tetrads to SU(4) Frame–Bridge Reclosure,Zenodo (CERN European Organization for Nuclear Research),preprint,https://doi.org/10.5281/zenodo.22819616,https://openalex.org/W7213514942,"""generator patterns"""
2026,Identifying Pesticide Co-Occurrence Patterns in European Soils: A Regional Analysis using Association Rule Mining (ARM),Water Air & Soil Pollution,article,https://doi.org/10.1007/s11270-026-09855-w,https://openalex.org/W7203696515,"""key patterns"" mining"
2026,"Identifying the Most Important Influencing Factors Based on Demographic Information, Nutrition, Physical Activity, Leisure Time, and Underlying Diseases in the Severity of Disease in COVID‐19 Patients Using Data Mining Techniques",Health Science Reports,article,https://doi.org/10.1002/hsr2.72930,https://openalex.org/W7171845727,"""key patterns"" mining"
2026,Intelligent Acquisition of Dynamic Targets via Multi-Source Information: A Fusion Framework Integrating Deep Reinforcement Learning with Evidence Theory,Remote Sensing,article,https://doi.org/10.3390/rs18050689,https://openalex.org/W7131628594,"""generators"" ""data streams"" closed"
2026,Invisible Strings of Developer Programming Behavior with AI,,conference-paper,https://doi.org/10.1145/3803437.3807401,https://openalex.org/W7169506340,"""key patterns"" mining"
2026,LAGA: A Self-Contained Layout-Aware Generative Architecture for Knowledge-Preserving Data Generation,Zenodo (CERN European Organization for Nuclear Research),preprint,https://doi.org/10.5281/zenodo.20396743,https://openalex.org/W7162427520,"""utility"" generators itemsets"
2026,LAGA: A Self-Contained Layout-Aware Generative Architecture for Knowledge-Preserving Data Generation,Zenodo (CERN European Organization for Nuclear Research),preprint,https://doi.org/10.5281/zenodo.20396742,https://openalex.org/W7162396119,"""utility"" generators itemsets"
2026,Livelihood Diversification Pathways and Resilience Outcomes among Cocoa Farming Households in Galamsey-Affected Landscapes of Ghana: A Systematic Review and Evidence Gap Map,Open Science Framework,other,https://doi.org/10.17605/osf.io/4jqsf,https://openalex.org/W7158977157,"""key patterns"" mining"
2026,Livelihood Diversification Pathways and Resilience Outcomes among Cocoa Farming Households in Galamsey-Affected Landscapes of Ghana: A Systematic Review and Evidence Gap Map,OSF Preprints (OSF Preprints),preprint,,https://openalex.org/W7123379689,"""key patterns"" mining"
2026,MPPN: Multi-resolution Periodic Pattern Network for Multivariate Time Series Long-term Forecasting,SSRN Electronic Journal,preprint,https://doi.org/10.2139/ssrn.6853603,https://openalex.org/W7162848599,"""key patterns"" mining"
2026,Mining National-Scale Safety Deficiency Patterns in China’s Reservoir Dams Using Interpretable Machine Learning,SSRN Electronic Journal,preprint,https://doi.org/10.2139/ssrn.7382232,https://openalex.org/W7204769134,"""key patterns"" mining"
2026,Monotone Boolean Functions of Sum-Free Sets,Lecture notes in computer science,conference-paper,https://doi.org/10.1007/978-3-032-39382-1_31,https://openalex.org/W7214941453,"""free sets"" frequency"
2026,Natural Cell-Inspired Integration of Redox Reactant Molecules in Hierarchical MOFs Harvested for Reaction Pathway-Regulated Glycoprotein Assay,Analytical Chemistry,article,https://doi.org/10.1021/acs.analchem.5c05891,https://openalex.org/W7124431817,"""generator patterns"""
2026,"Neurorobotic insights into locomotor control, turning, and recovery after thoracic spinal cord injury",,dissertation,https://doi.org/10.17918/00011535,https://openalex.org/W7204193143,"""generator patterns"""
2026,On the Finite Sum of Reciprocals for Sets Avoiding Three-Term Arithmetic Progressions: A Definitive Resolution of Erdős Conjecture #259,Zenodo (CERN European Organization for Nuclear Research),preprint,https://doi.org/10.5281/zenodo.18368192,https://openalex.org/W7125639001,"""free sets"" frequency"
2026,Pipeline-Feedback SMOTE: Embedding Sample Generation into the Classification Pipeline via Adaptive Feedback Loops,Zenodo (CERN European Organization for Nuclear Research),preprint,https://doi.org/10.5281/zenodo.21093055,https://openalex.org/W7166803039,"""generators"" ""data streams"" closed"
2026,Pipeline-Feedback SMOTE: Embedding Sample Generation into the Classification Pipeline via Adaptive Feedback Loops,Zenodo (CERN European Organization for Nuclear Research),preprint,https://doi.org/10.5281/zenodo.21093054,https://openalex.org/W7166889201,"""generators"" ""data streams"" closed"
2026,PrAda-GAN: A Private Adaptive Generative Adversarial Network with Bayes Network Structure,Proceedings of the AAAI Conference on Artificial Intelligence,conference-paper,https://doi.org/10.1609/aaai.v40i27.39382,https://openalex.org/W7138472971,"""sequential generator"" | ""sequential generators"""
2026,RareSense: Rarity-Aware Similarity Search for Anomaly Retrieval in Transactional Data,arXiv (Cornell University),preprint,https://doi.org/10.48550/arxiv.2607.28879,https://openalex.org/W7172286332,"""minimal rare itemsets"""
2026,"Regimes of Environmental Truth: EIA as a Power/Knowledge Apparatus in the North Kendeng Mining Dispute, Indonesia",Sodality Jurnal Sosiologi Pedesaan,article,https://doi.org/10.22500/14202671984,https://openalex.org/W7162315793,"""key patterns"" mining"
2026,Signal2Symbol: Neuro-Symbolic Temporal Reasoning for Explainable Physiological Time-Series Anomaly Detection,arXiv (Cornell University),preprint,https://doi.org/10.48550/arxiv.2609.26820,https://openalex.org/W7214235433,"""minimal rare itemsets"""
2026,Technical Support and Its Impact on Productivity and Sustainability in Ethiopia’s Artisanal and Small-Scale Mining: A Systematic Review,,preprint,https://doi.org/10.17605/osf.io/vr9dk,https://openalex.org/W7155703654,"""key patterns"" mining"
2026,The Digital Divide as an Influential Factor in College Achievement,Lecture notes in networks and systems,conference-paper,https://doi.org/10.1007/978-3-032-09077-5_16,https://openalex.org/W7138912206,"""key patterns"" mining"
2026,The Nexus Unified Phase-Space Holographic Model: An Executable Process Ontology of the Stroboscopic Universe,Zenodo (CERN European Organization for Nuclear Research),dissertation,https://doi.org/10.5281/zenodo.18675529,https://openalex.org/W7129678913,"""generators"" ""data streams"" closed"
2026,The Nexus Unified Phase-Space Holographic Model: An Executable Process Ontology of the Stroboscopic Universe,Zenodo (CERN European Organization for Nuclear Research),dissertation,https://doi.org/10.5281/zenodo.18675530,https://openalex.org/W7129575287,"""generators"" ""data streams"" closed"
2026,The Uncomputable Normalcy of Chaitin's Omega on Cantor's Measure-Zero Substrate — E8 Intelligence Research,Zenodo (CERN European Organization for Nuclear Research),preprint,https://doi.org/10.5281/zenodo.22138695,https://openalex.org/W7204530506,"""free sets"" frequency"
2026,The Uncomputable Normalcy of Chaitin's Omega on Cantor's Measure-Zero Substrate — E8 Intelligence Research,Zenodo (CERN European Organization for Nuclear Research),preprint,https://doi.org/10.5281/zenodo.22138696,https://openalex.org/W7204573140,"""free sets"" frequency"
2026,"The alphabet theorems: cancellation mechanisms, mechanism moduli, and the unique flexible family of two-symbol Kochen-Specker sets in dimension three",Zenodo (CERN European Organization for Nuclear Research),preprint,https://doi.org/10.5281/zenodo.21729524,https://openalex.org/W7171947471,"generators ""closed graph"""
2026,"The alphabet theorems: cancellation mechanisms, mechanism moduli, and the unique flexible family of two-symbol Kochen-Specker sets in dimension three",Zenodo (CERN European Organization for Nuclear Research),preprint,https://doi.org/10.5281/zenodo.21498385,https://openalex.org/W7170084206,"generators ""closed graph"""
2026,The biopsychosocial model of bruxism,CRANIO®,article,https://doi.org/10.1080/08869634.2026.2655187,https://openalex.org/W7154119558,"""generator patterns"""
2026,Why Independent Sequential Generators Tremble: A First-Principles Kinematic Analysis with Cross-Domain Validation,Zenodo (CERN European Organization for Nuclear Research),preprint,https://doi.org/10.5281/zenodo.19050963,https://openalex.org/W7136475734,"""sequential generator"" | ""sequential generators"""
2026,Why Independent Sequential Generators Tremble: A First-Principles Kinematic Analysis with Cross-Domain Validation,Zenodo (CERN European Organization for Nuclear Research),preprint,https://doi.org/10.5281/zenodo.19050964,https://openalex.org/W7136792590,"""sequential generator"" | ""sequential generators"""
2026,space_packet_parser,Zenodo (CERN European Organization for Nuclear Research),software,https://doi.org/10.5281/zenodo.22732164,https://openalex.org/W7212438737,"""generator patterns"""
2026,space_packet_parser,Zenodo (CERN European Organization for Nuclear Research),software,https://doi.org/10.5281/zenodo.18331609,https://openalex.org/W7125299962,"""generator patterns"""
2026,space_packet_parser,Zenodo (CERN European Organization for Nuclear Research),software,https://doi.org/10.5281/zenodo.19392826,https://openalex.org/W7148434855,"""generator patterns"""
2026,space_packet_parser,Zenodo (CERN European Organization for Nuclear Research),software,https://doi.org/10.5281/zenodo.19359142,https://openalex.org/W7147487290,"""generator patterns"""
2026,thiagomassensini/primos: CPFormal v0.45.0 — Genuine-first real spectral and enriched TFVD checkpoint,Zenodo (CERN European Organization for Nuclear Research),software,https://doi.org/10.5281/zenodo.21483475,https://openalex.org/W7170075049,"generators ""closed graph"""
