set,objective,dataset,sigma,primary,SBS (fixed choice),random pick,regression (PAR10-imputed),pairwise ranking,"SUNNY (k-NN, k=16)",ISAC (k-means clusters),survival (expected_par10),"AutoFolio (SMAC, 1800s/fold)",SBS (fixed choice) |unsound,random pick |unsound,regression (PAR10-imputed) |unsound,pairwise ranking |unsound,"SUNNY (k-NN, k=16) |unsound",ISAC (k-means clusters) |unsound,survival (expected_par10) |unsound,"recommender, no probe","recommender, probe"
confirm,memory,chainstore_fim,9.951039984761208e-05,False,1.1189729810419466,1.6889087923570683,1.1189729810419466,2.0439369060058716,2.0439369060058716,2.0439369060058716,1.1189729810419466,1.1189729810419466,False,False,False,False,False,False,False,1.1189729810419466,1.0
confirm,memory,chainstore_fim,0.0002244038136518,False,1.033630822812364,1.45260121898128,1.033630822812364,1.0745537657814541,1.0745537657814541,1.0745537657814541,1.033630822812364,1.033630822812364,False,False,False,False,False,False,False,1.033630822812364,1.0
confirm,memory,chainstore_fim,0.0005370866050465,False,1.1752650176678445,1.753445229681979,1.1752650176678445,1.0,1.0,1.0,1.1752650176678445,1.1752650176678445,False,False,False,False,False,False,False,1.1752650176678445,1.0
confirm,memory,chainstore_fim,0.0015038874198188,False,1.0,1.0,1.0,1.2708271568336793,1.2708271568336793,1.2708271568336793,1.0,1.0,False,False,False,False,False,False,False,1.0,1.0
confirm,memory,chainstore_fim,0.0033943603884814,False,1.0,1.0,1.0,2.237747653806048,2.237747653806048,2.237747653806048,1.0,1.0,False,False,False,False,False,False,False,1.0,1.0
confirm,memory,fruithut,6.457108314557345e-05,False,1.0406559617355655,10.0,1.0,1.0,1.0406559617355655,1.0406559617355655,1.0406559617355655,1.0,False,False,False,False,False,False,False,1.0,1.0
confirm,memory,fruithut,0.0003503324723855,False,1.488245931283906,9.25135623869801,1.0,1.0,1.488245931283906,1.488245931283906,1.488245931283906,1.0,False,False,False,False,False,False,False,1.0,1.0
confirm,memory,fruithut,0.0015428367313293,False,1.6187150837988826,1.5977653631284916,1.0,1.0,1.6187150837988826,1.6187150837988826,1.6187150837988826,1.0,False,False,False,False,False,False,False,1.0,1.0
confirm,memory,fruithut,0.0058402483925921,False,1.6166407465007777,1.5357698289269053,1.0,1.0,1.6166407465007777,1.6166407465007777,1.6166407465007777,1.0,False,True,False,False,False,False,False,1.0,1.0
confirm,memory,fruithut,0.0140888608012309,False,1.3608087091757388,1.3608087091757388,1.0,1.0,1.3608087091757388,1.3608087091757388,1.3608087091757388,1.0,False,True,False,False,False,False,False,1.0,1.0
confirm,memory,instacart,0.0002267374951413,False,1.170134918820032,2.707980791218843,2.707980791218843,2.707980791218843,2.707980791218843,2.707980791218843,2.707980791218843,2.707980791218843,False,True,False,False,False,False,False,2.707980791218843,1.0
confirm,memory,instacart,0.0005849446303226,False,1.198128783709411,94.67638965327461,1.1571271326362134,1.1571271326362134,1.1571271326362134,1.1571271326362134,1.1571271326362134,1.1571271326362134,False,False,False,False,False,False,False,1.1571271326362134,1.0
confirm,memory,instacart,0.0016062160370096,False,1.5872641509433962,1.4212264150943397,1.0,1.0,1.0,1.0,1.0,1.0,False,False,False,False,False,False,False,1.0,1.0
confirm,memory,instacart,0.0051044516763331,False,1.3093317972350231,1.0,1.0,1.0,1.0,1.0,1.0,1.0,False,False,False,False,False,False,False,1.0,1.0
confirm,memory,instacart,0.0124896158037939,False,1.0173711638679792,1.0173711638679792,1.0,1.0,1.0,1.0,1.0,1.0,False,False,False,False,False,False,False,1.0,1.0173711638679792
confirm,memory,skin,0.0023535340757456,False,1.0,9.846210995542346,1.0,1.37444279346211,1.0,1.0,1.0,1.37444279346211,False,False,False,False,False,False,False,1.0,1.0
confirm,memory,skin,0.2363562354880701,False,1.0,1.0,1.0,1.0,1.0,1.0,1.0,1.0,False,False,False,False,False,False,False,1.0,1.0
confirm,memory,t20i6d100k,0.0022092231940913,False,2.3252372975991067,11.580122836404243,1.0,1.0,1.0,1.0,1.0,1.0,False,False,False,False,False,False,False,1.0,1.0
confirm,memory,t20i6d100k,0.0050614479293849,False,2.771303714493809,28.384559359067737,1.0,1.0,1.0,1.0,1.0,1.0,False,True,False,False,False,False,False,1.0,1.0
confirm,memory,t20i6d100k,0.0090045235283521,False,2.8379647749510766,38.15264187866927,1.0,1.0,1.0,1.0,1.0,1.0,False,False,False,False,False,False,False,1.0,1.0
confirm,memory,t20i6d100k,0.0145488481015191,False,2.7026584867075663,9.923108384458079,1.0,1.0,1.0,1.0,2.7026584867075663,1.0,False,False,False,False,False,False,False,1.0,1.0
confirm,memory,t20i6d100k,0.0196027901763375,False,2.554849639983058,1.0,1.0,1.0,1.0,1.0,2.554849639983058,1.0,False,True,False,False,False,False,False,1.0,1.0
hard,memory,liquor,0.0002253937196677,False,1.4305684995340167,10.0,1.0,1.4305684995340167,1.4305684995340167,1.4305684995340167,1.4305684995340167,1.0,False,False,False,False,False,False,False,1.4305684995340167,1.0
hard,memory,liquor,0.0009543266002954,False,2.395509499136442,2.756476683937824,1.0,2.395509499136442,2.395509499136442,2.395509499136442,2.395509499136442,1.0,False,True,False,False,False,False,False,2.395509499136442,1.0
hard,memory,mooc_set,0.0002998727812443,False,1.0,10.0,10.0,10.0,1.0,10.0,1.9630740895772287,10.0,False,False,False,False,False,False,False,10.0,1.0
hard,memory,mooc_set,0.0008208638759314,False,1.0,10.0,1.7329257808768745,1.7329257808768745,1.0,1.7329257808768745,1.8715063520871142,1.7329257808768745,False,False,False,False,False,False,False,1.7329257808768745,1.0
hard,memory,sign_set,0.0407534246575342,False,2.929499072356215,1.0,1.8589981447124304,1.8589981447124304,1.8589981447124304,1.8589981447124304,2.929499072356215,1.8589981447124304,False,False,False,False,False,False,False,1.8589981447124304,1.0
hard,memory,sign_set,0.0503424657534246,False,3.7233009708737863,1.1116504854368932,1.0,1.0,1.0,1.0,3.7233009708737863,1.0,False,False,False,False,False,False,False,3.7233009708737863,1.0
fresh,memory,bike_set,0.0014588670651864,False,2.329015544041451,1.0,1.0,1.0,1.0,1.0,2.329015544041451,1.0,False,False,False,False,False,False,False,1.0,1.0
fresh,memory,bike_set,0.006962235506215,False,3.281893004115226,26.89094650205761,1.0,1.0,1.0,1.0,3.281893004115226,1.0,False,False,False,False,False,False,False,1.0,1.0
fresh,memory,bike_set,0.0338623209033115,False,3.2224489795918365,1.0,1.0,1.0,1.0,1.0,3.2224489795918365,1.0,False,True,False,False,False,False,False,1.0,1.0
fresh,memory,bike_set,0.0555436948477085,False,3.355748373101952,1.2668112798264641,1.0,1.0,1.0,1.0,3.355748373101952,1.0,False,False,False,False,False,False,False,1.0,1.0
fresh,memory,ecommerce_fim,0.0007178631051752,False,10.0,1.3856975381008207,1.1289566236811257,1.1289566236811257,1.1289566236811257,10.0,1.1289566236811257,1.1289566236811257,False,True,False,False,False,False,False,1.1289566236811257,1.0
fresh,memory,ecommerce_fim,0.001118530884808,False,10.0,1.3636363636363635,1.0,1.0,1.0,10.0,1.0,1.0,False,False,False,False,False,False,False,1.0,1.0
fresh,memory,ecommerce_fim,0.002787979966611,False,10.0,1.1129441624365481,1.0,1.0,1.0,1.0,1.0,1.0,False,False,False,False,False,False,False,1.0,1.0
fresh,memory,ecommerce_fim,0.0079966611018363,False,10.0,1.2366863905325443,1.0,1.0,1.0,1.0,1.0,1.0,False,False,False,False,False,False,False,1.2366863905325443,1.0
fresh,memory,ecommerce_fim,0.0150751252086811,False,10.0,1.2630385487528344,1.0,1.0,1.0,1.0,1.0,1.0,False,False,False,False,False,False,False,1.2494331065759636,1.0
fresh,memory,fifa_set,0.341161369193154,False,2.1480362537764353,1.1193353474320242,1.0,1.0,2.1480362537764353,1.0,2.1480362537764353,1.0,False,True,False,False,False,False,False,1.0,1.0
fresh,memory,fifa_set,0.3596943765281173,False,2.0770392749244713,1.0241691842900302,1.0030211480362536,1.0030211480362536,2.0770392749244713,1.0030211480362536,2.0770392749244713,1.0030211480362536,False,False,False,False,False,False,False,1.0030211480362536,1.0241691842900302
fresh,memory,microblog_set,0.032051282051282,False,1.0,10.0,1.8490923740461631,1.8490923740461631,1.8490923740461631,1.0,1.8490923740461631,1.8490923740461631,False,False,False,False,False,False,False,1.8490923740461631,1.0
fresh,memory,microblog_set,0.0623543123543123,False,1.1671134941912422,1.6550491510277034,1.0,1.0,1.0,1.1671134941912422,1.0,1.0,False,False,False,False,False,False,False,1.0,1.0
fresh,memory,microblog_set,0.1276223776223776,False,1.8244746600741657,14.396786155747836,1.0,1.0,1.0,1.8244746600741657,1.0,1.0,False,False,False,False,False,False,False,1.0,1.0
fresh,memory,microblog_set,0.2954545454545454,False,1.7255871446229916,1.0,1.0,1.0,1.7255871446229916,1.7255871446229916,1.0,1.0,False,False,False,False,False,False,False,1.0,1.0
fresh,memory,microblog_set,0.5635198135198135,False,1.7213316892725032,13.081381011097411,1.7213316892725032,1.0,1.7213316892725032,1.7213316892725032,1.0,1.0,False,False,False,False,False,False,False,1.0,1.0
fresh,memory,msnbc_set,0.0066294432211387,False,2.9588477366255144,22.609053497942384,1.0,1.0,2.9588477366255144,2.9588477366255144,2.9588477366255144,1.0,False,False,False,False,False,False,False,1.0,1.0
fresh,memory,msnbc_set,0.0345942120163573,False,2.7731755424063116,26.059171597633135,1.0,1.0,2.7731755424063116,2.7731755424063116,2.7731755424063116,1.0,False,False,False,False,False,False,False,1.0,1.0
fresh,memory,msnbc_set,0.2619613085876062,False,2.673956262425447,1.0,1.0,1.0,2.673956262425447,1.0,2.673956262425447,1.0,False,False,False,False,False,False,False,1.0,1.0
fresh,memory,splice,0.053526645768025,False,2.1181026137463697,2.1181026137463697,1.0,1.0,1.0,1.0,2.1181026137463697,1.0,False,False,False,False,False,False,False,1.0,1.0
fresh,memory,splice,0.0751567398119122,False,3.848880597014925,1.7220149253731343,1.0,1.0,1.0,1.0,3.848880597014925,1.0,False,True,False,False,False,False,False,1.0,1.0
fresh,memory,splice,0.1115203761755486,False,4.268498942917548,1.0,1.0,1.0,1.0,1.0,4.268498942917548,1.0,False,False,False,False,False,False,False,1.0,1.0
fresh,memory,splice,0.1638714733542319,False,4.324618736383442,2.252723311546841,1.0,1.0,1.0,1.0,4.324618736383442,1.0,False,True,False,False,False,False,False,1.0,1.0
fresh,memory,splice,0.244435736677116,False,4.188585607940446,1.2531017369727047,1.0,1.0,1.0,1.0,4.188585607940446,1.0,False,False,False,False,False,False,False,1.0,1.0
fresh,memory,t25i10d10k,0.0035836006415396,False,1.4077510917030567,1.4077510917030567,1.0,1.0,1.0,1.0,1.0,1.0,False,False,False,False,False,False,False,1.2816593886462881,1.0
fresh,memory,t25i10d10k,0.00709202085004,False,2.9567567567567563,144.75405405405405,1.0,1.0,1.0,1.0,1.0,1.0,False,False,False,False,False,False,False,1.8445945945945945,1.0
fresh,memory,t25i10d10k,0.011502606255012,False,3.2953846153846156,2.003076923076923,1.0,1.0,1.0,1.0,1.0,1.0,False,False,False,False,False,False,False,1.2553846153846153,1.0
fresh,memory,t25i10d10k,0.01882016840417,False,3.5992970123022845,27.261862917398943,1.0,1.0,1.0,1.0,1.0,1.0,False,False,False,False,False,False,False,1.2302284710017575,1.0
fresh,memory,t25i10d10k,0.0258370088211708,False,3.5236363636363635,1.0,1.0,1.0,1.0,1.0,1.0,1.0,False,False,False,False,False,False,False,1.2309090909090907,1.0
fresh,memory,uscensus,0.05409375,False,1.0,10.0,1.0,1.0,1.0,1.0,1.0,1.0,False,True,False,False,False,False,False,1.0,1.0
fresh,memory,uscensus,0.25685375,False,1.0,10.0,1.0,1.0,1.0,1.0,1.0,1.0,False,True,False,False,False,False,False,1.0,1.0
fresh,memory,uscensus,0.60401875,False,1.0,1.0,1.0,1.0,1.0,1.0,1.0,1.0,False,False,False,False,False,False,False,1.0,1.0
fresh,memory,uscensus,0.74447675,False,1.0,223.38752783964367,1.0,1.0,1.0,1.0,1.0,1.0,False,False,False,False,False,False,False,1.0,1.0
fresh2,memory,census_kdd,0.015099762934599,False,1.0,1.0,1.0,10.0,1.0,1.0,1.0,10.0,False,False,False,False,False,False,False,10.0,1.0
fresh2,memory,census_kdd,0.2090423159234775,False,1.065546218487395,10.0,1.065546218487395,1.0,1.065546218487395,1.065546218487395,1.065546218487395,1.065546218487395,False,False,False,False,False,False,False,1.992076830732293,1.0
fresh2,memory,census_kdd,0.8078705211930454,False,1.0,48.49090909090909,1.0,2.9272727272727272,1.0,1.0,1.0,1.0,False,False,False,False,False,False,False,1.0,1.0
fresh2,memory,census_kdd,0.9695761892112688,False,1.0,1.0,1.0,2.983100661278472,1.0,1.0,1.0,1.0,False,True,False,False,False,False,False,1.0,1.0
fresh2,memory,covertype,0.0002663456176464,False,1.0506858122588942,1.0,1.0506858122588942,1.0,1.0506858122588942,1.0506858122588942,1.0506858122588942,1.0506858122588942,False,False,False,False,False,False,False,1.0506858122588942,1.0
fresh2,memory,covertype,0.0368869317673301,False,1.0,2.3590375142099282,1.0,1.0,1.0,1.0,1.0,1.0,False,False,False,False,False,False,False,1.0,1.0
fresh2,memory,covertype,0.0938995235898742,False,1.0,8.142406489409645,1.0,1.0,1.0,1.0,1.0,1.0,False,False,False,False,False,False,False,1.0,1.0
fresh2,memory,covertype,0.1456747020715579,False,1.0,1.0,1.0,1.0,1.0,1.0,1.0,1.0,False,False,False,False,False,False,False,1.0,1.0
fresh2,memory,diabetes130,0.2130549495902364,False,1.0,1.0,1.9283501896333755,10.0,1.0,1.0,1.0,1.0,False,False,False,False,False,False,False,10.0,1.0
fresh2,memory,diabetes130,0.9969415128824952,False,1.0,24.97720588235294,1.8676470588235294,1.8051470588235294,1.0,1.0,1.0,1.0,False,False,False,False,False,False,False,1.8051470588235294,1.0
fresh2,memory,diabetes130,0.9999877169192068,False,1.0,1.8044117647058824,1.8044117647058824,1.8029411764705883,1.0,1.0,1.0,1.0,False,False,False,False,False,False,False,1.8029411764705883,1.0
fresh2,memory,poker,0.00164075,False,1.0,1.6006791966742784,1.0,1.008021546928977,1.0,1.0,1.0,1.0,False,False,False,False,False,False,False,1.0,1.0
fresh2,memory,poker,0.01922275,False,1.0,9.667127679637895,1.0,1.0708493116238136,1.0,1.0,1.0,1.0,False,False,False,False,False,False,False,1.0,1.0
fresh2,memory,poker,0.06372875,False,1.0,5.162304,1.0,1.0,1.0,1.0,1.0,1.0,False,False,False,False,False,False,False,1.0,1.082496
fresh2,memory,poker,0.12537575,False,1.0,55.85344827586207,1.0,1.0,1.0,1.0,1.0,1.0,False,False,False,False,False,False,False,1.0,1.0
fresh3,memory,dota2,0.0007744198596869,False,1.6761268781302172,10.0,1.0,1.0,1.0,1.0,1.6761268781302172,1.0,False,False,False,False,False,False,False,1.6761268781302172,1.0
fresh3,memory,dota2,0.0037317862924986,False,2.213717693836978,35.39314115308151,1.0,1.0,1.0,1.0,2.213717693836978,1.0,False,False,False,False,False,False,False,2.213717693836978,1.0
fresh3,memory,dota2,0.0134565569347004,False,2.206240084611317,27.216287678476995,1.0,1.0,2.206240084611317,1.0,2.206240084611317,1.0,False,True,False,False,False,False,False,2.206240084611317,1.0
fresh3,memory,dota2,0.0582703723691311,False,1.4163783160322951,1.436562860438293,1.0,1.0,1.4163783160322951,1.0,1.4163783160322951,1.0,False,False,False,False,False,False,False,1.4163783160322951,1.0
fresh3,memory,dota2,0.1415515380464112,False,1.1849912739965096,1.0078534031413613,1.0034904013961605,1.0034904013961605,1.1849912739965096,1.0034904013961605,1.1849912739965096,1.0034904013961605,False,True,False,False,False,False,False,1.1849912739965096,1.0034904013961605
fresh3,memory,miniboone,0.0366261994095214,False,3.83810988396477,10.0,3.83810988396477,1.0,3.83810988396477,1.0,3.83810988396477,3.83810988396477,False,False,False,False,False,False,False,3.83810988396477,1.0
fresh3,memory,miniboone,0.0500196057325624,False,3.8981924918893864,22.968021010350686,3.8981924918893864,1.0,3.8981924918893864,1.0,3.8981924918893864,3.8981924918893864,False,False,False,False,False,False,False,3.8981924918893864,1.0
fresh3,memory,miniboone,0.0786516637962849,False,3.6857500391052715,4.074612857813233,3.6857500391052715,1.0,3.6857500391052715,1.0,3.6857500391052715,3.6857500391052715,False,False,False,False,False,False,False,3.6857500391052715,1.0
fresh3,memory,miniboone,0.1627256581375323,False,3.69701280227596,11.182550972024655,3.69701280227596,1.0,3.69701280227596,1.0,3.69701280227596,3.69701280227596,False,False,False,False,False,False,False,3.69701280227596,1.0
fresh3,memory,miniboone,0.1890434709066306,False,3.6885452824234775,11.173714105396025,3.6885452824234775,1.0,3.6885452824234775,1.0,3.6885452824234775,3.6885452824234775,False,True,False,False,False,False,False,3.6885452824234775,1.0
fresh3,memory,power,0.0136480861570893,False,1.0,141.86327272727272,1.0,12.605090909090908,1.0,1.0,1.0,1.0,False,False,False,False,False,False,False,1.0,1.0
fresh3,memory,power,0.0564362849391005,False,1.0,1.0,1.0,12.502906976744185,1.0,1.0,1.0,1.0,False,False,False,False,False,False,False,1.0,1.0
fresh3,memory,power,0.219214919386321,False,1.0,11.667156502571638,1.0,11.667156502571638,1.0,1.0,1.0,1.0,False,True,False,False,False,False,False,1.0,1.0
fresh4,memory,adult,0.0004837075028408,False,1.1852560016995963,10.0,1.0,1.0,1.1852560016995963,1.0,1.1852560016995963,1.0,False,True,False,False,False,False,False,1.0,1.0
fresh4,memory,adult,0.0176821964927367,False,2.0304449648711946,2.490632318501171,1.0,1.0,2.0304449648711946,1.0,2.0304449648711946,1.0,False,False,False,False,False,False,False,1.0,1.0
fresh4,memory,adult,0.1999861797856331,False,2.2733224222585924,2.2733224222585924,1.0,1.0,2.2733224222585924,1.0,2.2733224222585924,1.0,False,False,False,False,False,False,False,1.0,1.0
fresh4,memory,adult,0.6756165351187002,False,2.3407917383820998,18.33907056798623,1.0516351118760758,1.0,2.3407917383820998,1.0,2.3407917383820998,1.0,False,False,False,False,False,False,False,1.0,1.0516351118760758
fresh4,memory,bank_full,0.0019630178496383,False,1.435880175025244,2.3828677213059577,1.0,1.0,1.435880175025244,1.435880175025244,1.435880175025244,1.0,False,False,False,False,False,False,False,1.0,1.0
fresh4,memory,bank_full,0.0314912300103957,False,1.8049759229534508,35.11958266452648,1.0,1.0,1.8049759229534508,1.0,1.8049759229534508,1.0,False,True,False,False,False,False,False,1.0,1.0
fresh4,memory,bank_full,0.2128630200614894,False,1.7833333333333334,1.7833333333333334,1.0,1.0,1.7833333333333334,1.0,1.7833333333333334,1.0,False,True,False,False,False,False,False,1.0,1.0
fresh4,memory,bank_full,0.8174725177501051,False,1.8505434782608694,15.97554347826087,1.0,1.0108695652173914,1.8505434782608694,1.0108695652173914,1.8505434782608694,1.0108695652173914,False,False,False,False,False,False,False,1.0108695652173914,1.0
fresh4,memory,car,0.0264756944444444,False,4.3,37.86875,1.0,1.0,1.0,1.0,4.3,1.0,False,True,False,False,False,False,False,4.3,1.0
fresh4,memory,car,0.0831886574074074,False,4.5215946843853825,1.1461794019933556,1.0,1.0,1.0,1.0,4.5215946843853825,1.0,False,False,False,False,False,False,False,4.5215946843853825,1.0
fresh4,memory,car,0.1861979166666666,False,4.664406779661016,1.0847457627118644,1.0,1.0,1.0,1.0,4.664406779661016,1.0,False,False,False,False,False,False,False,4.664406779661016,1.0
fresh4,memory,krk,0.0019514542343883,False,2.242219215155616,2.0419485791610286,1.0,1.0,1.0,1.0,2.242219215155616,1.0,False,True,False,False,False,False,False,2.242219215155616,1.0
fresh4,memory,krk,0.0042326062161391,False,2.321074964639321,18.876944837340876,1.0,1.0,1.0,1.0,2.321074964639321,1.0,False,False,False,False,False,False,False,2.321074964639321,1.0
fresh4,memory,krk,0.0409805389221556,False,2.458015267175573,14.413740458015267,1.0,1.0,1.0,1.0,2.458015267175573,1.0,False,False,False,False,False,False,False,2.458015267175573,1.0
fresh4,memory,krk,0.0697087966923296,False,2.382978723404255,14.575987841945288,1.0,1.0,1.0,1.0,2.382978723404255,1.0,False,False,False,False,False,False,False,2.382978723404255,1.0
fresh4,memory,letter,0.0008375,False,1.0,10.0,1.1116303219106956,1.1116303219106956,1.1116303219106956,1.1116303219106956,1.0,1.1116303219106956,False,True,False,False,False,False,False,1.0,1.0
fresh4,memory,letter,0.0082875,False,2.8453865336658355,2.8453865336658355,1.0,1.0,1.0,1.0,2.8453865336658355,1.0,False,False,False,False,False,False,False,1.0,1.0
fresh4,memory,letter,0.0253875,False,3.143270622286541,3.143270622286541,1.0,1.0,1.0,1.0,3.143270622286541,1.0,False,False,False,False,False,False,False,3.143270622286541,1.0
fresh4,memory,letter,0.0615875,False,3.1453674121405752,1.3753993610223643,1.0,1.0,1.0,1.0,3.1453674121405752,1.0,False,False,False,False,False,False,False,3.1453674121405752,1.0
fresh4,memory,letter,0.1434875,False,2.7854545454545456,19.032727272727275,1.0,1.0,1.0,1.0,2.7854545454545456,1.0,False,False,False,False,False,False,False,2.7854545454545456,1.0
fresh4,memory,nursery,0.0499807098765432,False,2.96734693877551,18.710204081632654,1.0,1.0,2.96734693877551,1.0,2.96734693877551,1.0,False,False,False,False,False,False,False,2.96734693877551,1.0
fresh4,memory,nursery,0.1110918209876543,False,2.905050505050505,1.1414141414141414,1.0161616161616163,1.0161616161616163,2.905050505050505,1.0161616161616163,2.905050505050505,1.0161616161616163,False,False,False,False,False,False,False,2.905050505050505,1.0161616161616163
fresh4,memory,nursery,0.1666473765432098,False,3.119305856832972,3.119305856832972,1.0780911062906724,1.0780911062906724,3.119305856832972,1.0780911062906724,3.119305856832972,1.0780911062906724,False,False,False,False,False,False,False,3.119305856832972,1.0780911062906724
fresh4,memory,shoppers,0.002250608272506,False,1.3053591790193841,10.0,1.0,1.0,1.3053591790193841,1.0,2.396959331052831,1.0,False,False,False,False,False,False,False,1.0,1.0
fresh4,memory,shoppers,0.0338807785888077,False,2.5122265122265124,64.31274131274131,1.0,1.0,2.5122265122265124,1.0,2.697554697554698,1.0,False,False,False,False,False,False,False,1.0,1.0
fresh4,memory,shoppers,0.2178223844282238,False,3.496221662468514,3.496221662468514,1.0,1.0,3.496221662468514,1.0,1.5340050377833752,1.0,False,False,False,False,False,False,False,1.0,1.0
fresh4,memory,shoppers,0.7468572587185726,False,3.36919315403423,23.794621026894866,1.0097799511002445,1.0097799511002445,3.36919315403423,1.0097799511002445,1.0831295843520783,1.0097799511002445,False,False,False,False,False,False,False,1.0097799511002445,1.0097799511002445
fresh4,memory,shuttle,0.0043160919540229,False,2.380952380952381,2.380952380952381,1.0,1.0,2.380952380952381,2.380952380952381,2.380952380952381,1.0,False,False,False,False,False,False,False,2.380952380952381,1.0
fresh4,memory,shuttle,0.1327068965517241,False,2.2952691680261013,17.251223491027734,1.0,1.0,2.2952691680261013,1.0,2.2952691680261013,1.0,False,False,False,False,False,False,False,2.2952691680261013,1.0
fresh4,memory,shuttle,0.2299942528735632,False,2.334476843910806,2.334476843910806,1.0,1.0,2.334476843910806,1.0,2.334476843910806,1.0,False,False,False,False,False,False,False,2.334476843910806,1.0188679245283019
fresh4,memory,tictactoe,0.0581941544885177,False,4.560655737704918,32.75737704918033,1.0,1.0,1.0,1.0,4.560655737704918,1.0,False,True,False,False,False,False,False,4.560655737704918,1.0
fresh4,memory,tictactoe,0.1584029227557411,False,4.583333333333333,1.0466666666666666,1.0,1.0,1.0,1.0,4.583333333333333,1.0,False,False,False,False,False,False,False,4.583333333333333,1.0
fresh4,memory,tictactoe,0.2346033402922756,False,5.213483146067416,29.419475655430713,1.0,1.0,1.0,1.0,5.213483146067416,1.0,False,False,False,False,False,False,False,5.213483146067416,1.0
fresh4,memory,yearmsd,0.0457785561128952,False,4.632494301853137,7.606753542760876,4.632494301853137,1.0,4.632494301853137,1.0,4.632494301853137,4.632494301853137,False,False,False,False,False,False,False,4.632494301853137,1.0
fresh4,memory,yearmsd,0.0552654047288709,False,4.439246247525497,10.0,4.439246247525497,1.0,4.439246247525497,1.0,4.439246247525497,4.439246247525497,False,False,False,False,False,False,False,4.439246247525497,1.0
fresh4,memory,yearmsd,0.0707792837807682,False,4.255941774375706,1.936027105031999,4.255941774375706,1.0,4.255941774375706,1.0,4.255941774375706,4.255941774375706,False,True,False,False,False,False,False,4.255941774375706,1.0
fresh4,memory,yearmsd,0.1006854631363455,False,4.220373906925319,10.0,4.220373906925319,1.0,4.220373906925319,1.0,4.220373906925319,4.220373906925319,False,False,False,False,False,False,False,4.220373906925319,1.0
fresh4,memory,yearmsd,0.1262256352540531,False,4.219902522359562,10.0,4.219902522359562,1.0,4.219902522359562,1.0,4.219902522359562,4.219902522359562,False,False,False,False,False,False,False,4.219902522359562,1.0
fresh5,memory,anneal,0.0153118040089086,False,4.12316715542522,54.41642228739003,1.0,1.0,1.0,1.0,4.12316715542522,1.0,False,True,False,False,False,False,False,1.0,1.0
fresh5,memory,anneal,0.2213251670378619,False,4.5230263157894735,26.33223684210526,1.0,1.0,1.0,1.0,4.5230263157894735,1.0,False,False,False,False,False,False,False,1.0,1.0
fresh5,memory,anneal,0.731347438752784,False,4.571428571428572,1.0598006644518272,1.0398671096345515,1.0398671096345515,1.0398671096345515,1.0398671096345515,4.571428571428572,1.0398671096345515,False,False,False,False,False,False,False,1.0398671096345515,1.0398671096345515
fresh5,memory,breast_cancer,0.0445804195804195,False,4.552980132450331,1.0,1.0,1.0,1.0,1.0,4.552980132450331,1.0,False,False,False,False,False,False,False,4.552980132450331,1.0
fresh5,memory,breast_cancer,0.1284965034965035,False,4.632996632996632,1.0,1.0,1.0,1.0,1.0,4.632996632996632,1.0,False,True,False,False,False,False,False,1.0,1.0
fresh5,memory,breast_cancer,0.3907342657342657,False,4.824561403508771,1.0701754385964912,1.0,1.0,1.0,1.0,4.824561403508771,1.0,False,False,False,False,False,False,False,1.0,1.0701754385964912
fresh5,memory,colic,0.0319293478260869,False,4.016759776536313,1.0,1.0,1.0,1.0,1.0,4.016759776536313,1.0,False,False,False,False,False,False,False,1.0,1.0
fresh5,memory,colic,0.0482336956521739,False,4.2379518072289155,36.0,1.0,1.0,1.0,1.0,4.2379518072289155,1.0,False,False,False,False,False,False,False,1.0,1.0
fresh5,memory,colic,0.1732336956521739,False,4.821052631578947,1.280701754385965,1.0,1.0,4.821052631578947,1.0,4.821052631578947,1.0,False,True,False,False,False,False,False,1.0,1.0
fresh5,memory,colic,0.3634510869565217,False,4.692832764505119,25.477815699658702,1.0,1.0,4.692832764505119,1.0,4.692832764505119,1.0,False,False,False,False,False,False,False,1.0,1.0
fresh5,memory,credit_a,0.019927536231884,False,2.9569288389513106,20.194756554307116,1.0,1.0,1.0,1.0,2.9569288389513106,1.0,False,False,False,False,False,False,False,2.9569288389513106,1.0
fresh5,memory,credit_a,0.0271739130434782,False,3.4246575342465753,3.1095890410958904,1.0,1.0,1.0,1.0,3.4246575342465753,1.0,False,False,False,False,False,False,False,3.4246575342465753,1.0
fresh5,memory,credit_a,0.1967391304347826,False,4.462295081967214,26.3672131147541,1.0,1.0,1.0,1.0,4.462295081967214,1.0,False,False,False,False,False,False,False,1.0,1.0
fresh5,memory,credit_a,0.4923913043478261,False,4.690476190476191,1.0782312925170068,1.0,1.0,4.690476190476191,1.0,4.690476190476191,1.0,False,False,False,False,False,False,False,1.0,1.0
fresh5,memory,credit_g,0.01475,False,1.306797305572566,13.658603796693203,1.0,1.0,1.306797305572566,1.0,1.306797305572566,1.0,False,False,False,False,False,False,False,1.0,1.0
fresh5,memory,credit_g,0.06075,False,3.4503311258278146,56.655629139072836,1.0,1.0,3.4503311258278146,1.0,3.4503311258278146,1.0,False,False,False,False,False,False,False,1.0,1.0
fresh5,memory,credit_g,0.29575,False,4.699324324324325,1.3412162162162162,1.0,1.0,4.699324324324325,1.0,4.699324324324325,1.0,False,True,False,False,False,False,False,1.0,1.0
fresh5,memory,credit_g,0.61075,False,4.464285714285714,1.025974025974026,1.0,1.0,4.464285714285714,1.0,4.464285714285714,1.0,False,False,False,False,False,False,False,1.0,1.0
fresh5,memory,hypothyroid,0.0076219512195121,False,1.4778426302179535,10.0,1.0,1.0,1.0,1.0,1.0,1.0,False,True,False,False,False,False,False,1.0,1.4778426302179535
fresh5,memory,hypothyroid,0.108364262990456,False,1.5755765931761867,5.522650740199505,1.0,1.0,1.0,1.0,1.0,1.0,False,False,False,False,False,False,False,1.0,1.0
fresh5,memory,hypothyroid,0.9127120890774124,False,3.8732394366197185,3.8732394366197185,1.0,1.0,3.8732394366197185,1.0,1.0,1.0,False,False,False,False,False,False,False,1.0,1.0
fresh5,memory,hypothyroid,0.9858828207847296,False,3.9365994236311237,30.31700288184438,1.0,1.0,3.9365994236311237,1.0,1.0,1.0,False,True,False,False,False,False,False,1.0,1.0489913544668588
fresh5,memory,primary_tumor,0.0405604719764011,False,2.397919375812744,39.070221066319895,1.0,1.0,1.0,1.0,2.397919375812744,1.0,False,False,False,False,False,False,False,1.0,1.0
fresh5,memory,primary_tumor,0.4564896755162242,False,4.784722222222222,37.04166666666667,1.0,1.0,1.0,1.0,4.784722222222222,1.0,False,False,False,False,False,False,False,1.0,1.0
fresh5,memory,primary_tumor,0.7957227138643068,False,4.909747292418772,25.98916967509025,1.0,1.0,1.0,1.0,4.909747292418772,1.0,False,False,False,False,False,False,False,1.0,1.0
fresh5,memory,segment,0.0128787878787878,False,1.28125,10.0,1.0,1.0,1.0,1.0,1.0,1.0,False,True,False,False,False,False,False,1.0,1.0
fresh5,memory,segment,0.0548701298701298,False,3.893782383419689,3.893782383419689,1.0,1.0,3.893782383419689,1.0,1.0,1.0,False,True,False,False,False,False,False,1.0,1.0
fresh5,memory,segment,0.1968614718614718,False,4.495356037151702,1.2910216718266254,1.0,1.0,4.495356037151702,1.0,1.0,1.0,False,False,False,False,False,False,False,1.0,1.0
fresh5,memory,segment,0.2055194805194805,False,4.407051282051282,26.333333333333332,1.0224358974358974,1.0224358974358974,4.407051282051282,1.0224358974358974,1.0224358974358974,1.0224358974358974,False,False,False,False,False,False,False,1.0224358974358974,1.0224358974358974
fresh5,memory,soybean,0.0230600292825768,False,1.0,1.8161668305473615,1.38171910848902,1.38171910848902,1.38171910848902,1.38171910848902,1.0,1.38171910848902,False,True,False,False,False,False,False,1.38171910848902,1.0
fresh5,memory,soybean,0.1621522693997071,False,1.273960983884648,10.0,1.0,1.0,1.0,1.0,1.273960983884648,1.0,False,False,False,False,False,False,False,1.0,1.0
fresh5,memory,soybean,0.6379941434846267,False,4.537953795379538,1.0,1.0,1.0,1.0,1.0,4.537953795379538,1.0,False,False,False,False,False,False,False,1.0,1.0
fresh5,memory,soybean,0.777086383601757,False,4.371428571428571,4.371428571428571,1.0,1.0,1.0,1.0,4.371428571428571,1.0,False,False,False,False,False,False,False,1.0,1.0
fresh5,memory,susy,0.02598815,False,1.8361055858245168,1.0,1.8361055858245168,1.8361055858245168,1.8361055858245168,1.8361055858245168,1.8361055858245168,1.8361055858245168,False,False,False,False,False,False,False,1.8361055858245168,1.0
fresh5,memory,susy,0.04290295,False,1.5962129015489177,1.0,1.5962129015489177,1.5962129015489177,1.5962129015489177,1.5962129015489177,1.5962129015489177,1.5962129015489177,False,True,False,False,False,False,False,1.5962129015489177,1.0
fresh5,memory,susy,0.11046075,False,1.5997736812581,2.1655511925256787,1.5997736812581,1.5997736812581,1.5997736812581,1.5997736812581,1.5997736812581,1.5997736812581,False,False,False,False,False,False,False,1.5997736812581,1.0
fresh5,memory,susy,0.16199895,False,1.6054879350843476,1.600984217576146,1.6054879350843476,1.6054879350843476,1.6054879350843476,1.6054879350843476,1.6054879350843476,1.6054879350843476,False,False,False,False,False,False,False,1.6054879350843476,1.0
fresh5,memory,vote,0.0660919540229885,False,2.276280323450135,2.4716981132075473,1.0,1.0,1.0,1.0,2.276280323450135,1.0,False,False,False,False,False,False,False,1.0,1.0
fresh5,memory,vote,0.3442528735632184,False,4.802120141342756,1.2862190812720848,1.0,1.0,1.0,1.0,4.802120141342756,1.0,False,False,False,False,False,False,False,1.0,1.0
fresh5,memory,vote,0.4637931034482758,False,4.852112676056338,26.140845070422536,1.0,1.0,1.0,1.0,4.852112676056338,1.0,False,False,False,False,False,False,False,1.0,1.0
fresh5,memory,waveform_5000,0.03575,False,2.1622137404580153,1.0448473282442747,1.0,1.0,1.0,1.0,2.1622137404580153,1.0,False,False,False,False,False,False,False,2.1622137404580153,1.0
fresh5,memory,waveform_5000,0.04215,False,3.802841918294849,1.532859680284192,1.0,1.0,1.0,1.0,3.802841918294849,1.0,False,False,False,False,False,False,False,3.802841918294849,1.0
fresh5,memory,waveform_5000,0.05775,False,4.343621399176954,1.0,1.0,1.0,1.0,1.0,4.343621399176954,1.0,False,False,False,False,False,False,False,4.343621399176954,1.0
fresh5,memory,waveform_5000,0.09935,False,4.290983606557377,4.290983606557377,1.0,1.0,1.0,1.0,4.290983606557377,1.0,False,False,False,False,False,False,False,4.290983606557377,1.0
fresh5,memory,waveform_5000,0.13435,False,4.266393442622951,18.633196721311478,1.0,1.0,1.0,1.0,4.266393442622951,1.0,False,False,False,False,False,False,False,4.266393442622951,1.0
fresh6,memory,audiology,0.9502212389380532,False,4.108071795948358,10.0,4.422168573527868,4.422168573527868,4.422168573527868,4.422168573527868,4.108071795948358,4.422168573527868,False,False,False,False,False,False,False,4.422168573527868,4.108071795948358
fresh6,memory,audiology,0.9900442477876106,False,4.552980132450331,1.0231788079470199,1.0231788079470199,1.0231788079470199,1.0231788079470199,1.0231788079470199,4.552980132450331,1.0231788079470199,False,False,False,False,False,False,False,1.0231788079470199,1.0231788079470199
fresh6,memory,autos,0.0573170731707317,False,3.5934343434343434,78.39393939393939,1.0,1.0,1.0,1.0,3.5934343434343434,1.0,False,False,False,False,False,False,False,1.0,1.0
fresh6,memory,autos,0.0865853658536585,False,4.233333333333333,29.206060606060607,1.0,1.0,1.0,1.0,4.233333333333333,1.0,False,False,False,False,False,False,False,1.0,1.0
fresh6,memory,autos,0.2329268292682927,False,4.774305555555555,1.0,1.0,1.0,1.0,1.0,4.774305555555555,1.0,False,False,False,False,False,False,False,1.0,1.0
fresh6,memory,autos,0.5841463414634146,False,4.583333333333333,4.583333333333333,1.0,1.0,1.0,1.0,4.583333333333333,1.0,False,True,False,False,False,False,False,1.0,1.0
fresh6,memory,balance_scale,0.0396,False,4.824561403508771,1.0,1.0,1.0,1.0,1.0,4.824561403508771,1.0,False,False,False,False,False,False,False,4.824561403508771,1.0
fresh6,memory,balance_scale,0.1228,False,4.533333333333333,1.0,1.0,1.0,1.0,1.0,4.533333333333333,1.0,False,False,False,False,False,False,False,4.533333333333333,1.0
fresh6,memory,breast_w,0.0168097281831187,False,4.605960264900662,29.394039735099337,1.0,1.0,1.0,1.0,4.605960264900662,1.0,False,False,False,False,False,False,False,4.605960264900662,1.0
fresh6,memory,breast_w,0.0683118741058655,False,4.598662207357859,4.598662207357859,1.0,1.0,1.0,1.0,4.598662207357859,1.0,False,False,False,False,False,False,False,4.598662207357859,1.0
fresh6,memory,breast_w,0.5189556509298998,False,4.706484641638225,1.0,1.0,1.0,1.0,1.0,4.706484641638225,1.0,False,True,False,False,False,False,False,1.0,1.0204778156996588
fresh6,memory,diabetes,0.0257161458333333,False,4.560655737704918,1.7967213114754101,1.0,1.0,1.0,1.0,4.560655737704918,1.0,False,False,False,False,False,False,False,4.560655737704918,1.0
fresh6,memory,diabetes,0.0843098958333333,False,5.076642335766423,5.076642335766423,1.0,1.0,1.0,1.0,5.076642335766423,1.0,False,False,False,False,False,False,False,5.076642335766423,1.0
fresh6,memory,diabetes,0.1611328125,False,4.583333333333333,1.0,1.04,1.04,1.04,1.04,4.583333333333333,1.04,False,False,False,False,False,False,False,4.583333333333333,1.04
fresh6,memory,glass,0.050233644859813,False,4.790940766550523,31.358885017421603,1.0,1.0,1.0,1.0,1.0,1.0,False,False,False,False,False,False,False,1.0,1.0
fresh6,memory,glass,0.1063084112149532,False,4.8076923076923075,1.111888111888112,1.0,1.0,1.0,1.0,1.0,1.0,False,False,False,False,False,False,False,1.0,1.0
fresh6,memory,glass,0.2044392523364486,False,4.858657243816254,25.120141342756185,1.0,1.0,1.0,1.0,1.0,1.0,False,False,False,False,False,False,False,1.0,1.0565371024734982
fresh6,memory,heart_c,0.042079207920792,False,4.150442477876106,4.150442477876106,1.0,1.0,1.0,1.0,4.150442477876106,1.0,False,False,False,False,False,False,False,4.150442477876106,1.0
fresh6,memory,heart_c,0.1773927392739274,False,4.8076923076923075,28.318181818181817,1.0,1.0,1.0,1.0,4.8076923076923075,1.0,False,False,False,False,False,False,False,4.8076923076923075,1.0
fresh6,memory,heart_c,0.4282178217821782,False,4.963898916967509,26.545126353790614,1.0,1.0,1.0,1.0,4.963898916967509,1.0,False,False,False,False,False,False,False,1.0,1.0
fresh6,memory,ionosphere,0.0334757834757834,False,1.1036995515695067,10.0,1.0,1.0,1.0,1.0,1.0,1.0,False,False,False,False,False,False,False,1.0,1.0
fresh6,memory,ionosphere,0.0448717948717948,False,2.122529644268775,10.0,1.0,1.0,1.0,1.0,1.0,1.0,False,False,False,False,False,False,False,1.0,1.0
fresh6,memory,ionosphere,0.1047008547008547,False,4.4525316455696204,1.5949367088607593,1.0,1.0,1.0,1.0,1.0,1.0,False,False,False,False,False,False,False,1.0,1.0
fresh6,memory,ionosphere,0.1987179487179487,False,4.936842105263158,1.2842105263157895,1.0,1.0,1.0,1.0,1.0,1.0,False,False,False,False,False,False,False,1.0,1.0
fresh6,memory,ionosphere,0.344017094017094,False,4.552980132450331,4.552980132450331,1.0,1.0,1.0,1.0,1.0,1.0,False,False,False,False,False,False,False,1.0,1.0
fresh6,memory,lymph,0.0861486486486486,False,4.218934911242604,57.7810650887574,1.0,1.0,1.0,1.0,4.218934911242604,1.0,False,False,False,False,False,False,False,1.0,1.0
fresh6,memory,lymph,0.3631756756756756,False,4.62962962962963,29.434343434343432,1.0,1.0,1.0,1.0,4.62962962962963,1.0,False,False,False,False,False,False,False,1.0,1.0
fresh6,memory,lymph,0.7415540540540541,False,4.8076923076923075,1.048951048951049,1.0,1.0,1.0,1.0,4.8076923076923075,1.0,False,False,False,False,False,False,False,1.0,1.0
fresh6,memory,sonar,0.0516826923076923,False,2.9031620553359687,1.0,1.0,1.0,1.0,1.0,2.9031620553359687,1.0,False,False,False,False,False,False,False,2.9031620553359687,1.0
fresh6,memory,sonar,0.0564903846153846,False,3.3813953488372093,2.844186046511628,1.0,1.0,1.0,1.0,3.3813953488372093,1.0,False,False,False,False,False,False,False,3.3813953488372093,1.0
fresh6,memory,sonar,0.0853365384615384,False,4.109826589595376,149.64450867052022,1.0,1.0,1.0,1.0,4.109826589595376,1.0,False,False,False,False,False,False,False,4.109826589595376,1.0
fresh6,memory,sonar,0.1334134615384615,False,4.438485804416404,1.2460567823343849,1.0,1.0,1.0,1.0,4.438485804416404,1.0,False,False,False,False,False,False,False,4.438485804416404,1.0
fresh6,memory,sonar,0.1622596153846154,False,4.693069306930694,1.0,1.0,1.0,1.0,1.0,4.693069306930694,1.0,False,False,False,False,False,False,False,4.693069306930694,1.0
fresh6,memory,vehicle,0.0209810874704491,False,2.821362799263352,2.821362799263352,1.0,1.0,1.0,1.0,2.821362799263352,1.0,False,True,False,False,False,False,False,2.821362799263352,1.0
fresh6,memory,vehicle,0.0528959810874704,False,4.523809523809524,1.0,1.0,1.0,1.0,1.0,4.523809523809524,1.0,False,True,False,False,False,False,False,4.523809523809524,1.0
fresh6,memory,vehicle,0.1238179669030732,False,4.568181818181818,4.568181818181818,1.0,1.0,1.0,1.0,4.568181818181818,1.0,False,False,False,False,False,False,False,4.568181818181818,1.0
fresh6,memory,vehicle,0.1876477541371158,False,4.863636363636364,1.1818181818181819,1.0,1.0,1.0,1.0,4.863636363636364,1.0,False,False,False,False,False,False,False,4.863636363636364,1.0
fresh6,memory,vowel,0.0138888888888888,False,3.722513089005236,2.787958115183246,1.0,1.0,1.0,1.0,3.722513089005236,1.0,False,True,False,False,False,False,False,3.722513089005236,1.0
fresh6,memory,vowel,0.0361111111111111,False,4.429936305732484,29.14012738853503,1.0,1.0,1.0,1.0,4.429936305732484,1.0,False,False,False,False,False,False,False,4.429936305732484,1.0
fresh6,memory,vowel,0.1027777777777777,False,4.598662207357859,1.0,1.0,1.0,1.0,1.0,4.598662207357859,1.0,False,False,False,False,False,False,False,4.598662207357859,1.0
fresh6,memory,vowel,0.1522727272727272,False,4.449838187702266,1.0129449838187703,1.0,1.0,1.0,1.0,4.449838187702266,1.0,False,False,False,False,False,False,False,4.449838187702266,1.0
fresh6,memory,zoo,0.1361386138613861,False,4.51948051948052,141.47077922077924,1.0,1.0,1.0,1.0,4.51948051948052,1.0,False,True,False,False,False,False,False,1.0,1.0
fresh6,memory,zoo,0.3935643564356436,False,4.788194444444445,26.24652777777778,1.0,1.0,1.0,1.0,4.788194444444445,1.0,False,False,False,False,False,False,False,1.1736111111111112,1.0
fresh6,memory,zoo,0.7004950495049505,False,4.824561403508771,4.824561403508771,1.0,1.0,1.0,1.0,4.824561403508771,1.0,False,False,False,False,False,False,False,1.0,1.0
fresh7,memory,oml_analcatdata_dmft,0.0147427854454203,True,4.858657243816254,1.2190812720848057,1.0,1.0,1.0,1.0,4.858657243816254,1.0,False,False,False,False,False,False,False,4.858657243816254,1.0
fresh7,memory,oml_analcatdata_dmft,0.0348180677540777,True,4.643097643097643,23.501683501683498,1.0,1.0,1.0,1.0,4.643097643097643,1.0,False,True,False,False,False,False,False,4.643097643097643,1.0
fresh7,memory,oml_analcatdata_dmft,0.1075909661229611,True,4.657534246575342,1.0,1.0,1.0,1.0,1.0,4.657534246575342,1.0,False,False,False,False,False,False,False,4.657534246575342,1.0
fresh7,memory,oml_banknote_authentication,0.0245991253644314,True,4.689419795221843,1.0,1.0,1.0,1.0,1.0,4.689419795221843,1.0,False,False,False,False,False,False,False,4.689419795221843,1.0
fresh7,memory,oml_banknote_authentication,0.0428206997084548,True,4.851590106007067,27.151943462897528,1.0,1.0,1.0,1.0,4.851590106007067,1.0,False,True,False,False,False,False,False,4.851590106007067,1.0
fresh7,memory,oml_banknote_authentication,0.1259110787172011,True,4.705882352941176,1.0,1.0,1.0,1.0,1.0,4.705882352941176,1.0,False,True,False,False,False,False,False,4.705882352941176,1.0
fresh7,memory,oml_blood_transfusion_service_center,0.025066844919786,True,4.774305555555555,26.593750000000004,1.0,1.0,1.0,1.0,4.774305555555555,1.0,False,False,False,False,False,False,False,4.774305555555555,1.0
fresh7,memory,oml_blood_transfusion_service_center,0.0357620320855614,True,4.824561403508771,1.03859649122807,1.0,1.0,1.0,1.0,4.824561403508771,1.0,False,True,False,False,False,False,False,4.824561403508771,1.0
fresh7,memory,oml_blood_transfusion_service_center,0.1600935828877005,True,4.821678321678322,24.853146853146853,1.0,1.0,1.0,1.0,4.821678321678322,1.0,False,True,False,False,False,False,False,4.821678321678322,1.0
fresh7,memory,oml_churn,0.02595,True,3.27037037037037,23.24259259259259,1.0,1.0,3.27037037037037,1.0,3.27037037037037,1.0,False,True,False,False,False,False,False,3.27037037037037,1.0
fresh7,memory,oml_churn,0.04455,True,4.012224938875306,2.723716381418093,1.0,1.0,4.012224938875306,1.0,4.012224938875306,1.0,False,True,False,False,False,False,False,4.012224938875306,1.0
fresh7,memory,oml_churn,0.18055,True,3.9537712895377126,22.618004866180044,1.0,1.0,3.9537712895377126,1.0,3.9537712895377126,1.0,False,False,False,False,False,False,False,3.9537712895377126,1.0
fresh7,memory,oml_churn,0.32535,True,3.9230769230769234,26.373219373219374,1.0,1.0,3.9230769230769234,1.0,3.9230769230769234,1.0,False,False,False,False,False,False,False,3.9230769230769234,1.0
fresh7,memory,oml_climate_model_simulation_crashes,0.0310185185185185,True,3.8121693121693125,1.0,1.0,1.0,1.0,1.0,3.8121693121693125,1.0,False,False,False,False,False,False,False,3.8121693121693125,1.0
fresh7,memory,oml_climate_model_simulation_crashes,0.0458333333333333,True,4.480891719745223,27.872611464968152,1.0,1.0,1.0,1.0,4.480891719745223,1.0,False,False,False,False,False,False,False,4.480891719745223,1.0
fresh7,memory,oml_climate_model_simulation_crashes,0.0662037037037037,True,4.69,28.563333333333333,1.0,1.0,1.0,1.0,4.69,1.0,False,False,False,False,False,False,False,4.69,1.0
fresh7,memory,oml_climate_model_simulation_crashes,0.1921296296296296,True,4.89198606271777,4.89198606271777,1.0,1.0,1.0,1.0,4.89198606271777,1.0,False,True,False,False,False,False,False,4.89198606271777,1.0
fresh7,memory,oml_cmc,0.0106924643584521,True,4.182352941176471,3.4558823529411766,1.0,1.0,1.0,1.0,4.182352941176471,1.0,False,True,False,False,False,False,False,4.182352941176471,1.0
fresh7,memory,oml_cmc,0.1274609640190088,True,4.621262458471761,36.17275747508306,1.0,1.0,1.0,1.0,4.621262458471761,1.0,False,False,False,False,False,False,False,4.621262458471761,1.0
fresh7,memory,oml_cmc,0.3691446028513238,True,4.41025641025641,26.08653846153846,1.0032051282051282,1.0032051282051282,1.0032051282051282,1.0032051282051282,4.41025641025641,1.0032051282051282,False,False,False,False,False,False,False,1.0032051282051282,1.0032051282051282
fresh7,memory,oml_cylinder_bands,0.0236111111111111,True,1.0,1.766834411694225,1.1471363527438294,1.1471363527438294,1.1471363527438294,1.1471363527438294,1.1471363527438294,1.1471363527438294,False,False,False,False,False,False,False,1.1471363527438294,1.0
fresh7,memory,oml_cylinder_bands,0.0347222222222222,True,1.0,10.0,1.047391205285942,1.047391205285942,1.047391205285942,1.047391205285942,1.047391205285942,1.047391205285942,False,False,False,False,False,False,False,1.047391205285942,1.0
fresh7,memory,oml_cylinder_bands,0.1625,True,3.766497461928934,10.0,1.0,1.0,1.0,1.0,1.0,1.0,False,False,False,False,False,False,False,1.0,1.0
fresh7,memory,oml_cylinder_bands,0.5087962962962963,True,4.478827361563519,1.0,1.0,1.0,1.0,1.0,1.0,1.0,False,False,False,False,False,False,False,1.0,1.0
fresh7,memory,oml_cylinder_bands,0.8847222222222222,True,4.60200668896321,26.17391304347826,1.0,1.0,1.0,1.0,1.0,1.0,False,False,False,False,False,False,False,1.0,1.0
fresh7,memory,oml_dresses_sales,0.0235,True,4.367924528301887,2.2672955974842766,1.0,1.0,4.367924528301887,1.0,4.367924528301887,1.0,False,False,False,False,False,False,False,1.0,1.0
fresh7,memory,oml_dresses_sales,0.1235,True,4.841549295774648,26.443661971830984,1.0,1.0,4.841549295774648,1.0,4.841549295774648,1.0,False,True,False,False,False,False,False,1.0,1.0
fresh7,memory,oml_dresses_sales,0.2755,True,4.6000000000000005,4.6000000000000005,1.0,1.0,4.6000000000000005,1.0,4.6000000000000005,1.0,False,False,False,False,False,False,False,1.0766666666666667,1.01
fresh7,memory,oml_electricity,0.013081523658192,True,2.4563106796116507,34.3705501618123,1.0,1.0,2.4563106796116507,1.0,2.4563106796116507,1.0,False,True,False,False,False,False,False,2.4563106796116507,1.0
fresh7,memory,oml_electricity,0.0864837129237288,True,2.335453100158982,1.0,2.335453100158982,1.0,2.335453100158982,1.0,2.335453100158982,1.0,False,False,False,False,False,False,False,2.335453100158982,1.0
fresh7,memory,oml_electricity,0.2002063471045197,True,2.231147540983607,2.231147540983607,2.231147540983607,1.0,2.231147540983607,1.0,2.231147540983607,1.0,False,False,False,False,False,False,False,2.231147540983607,1.0
fresh7,memory,oml_eucalyptus,0.0173233695652173,True,3.400462962962963,1.0,1.0,1.0,1.0,1.0,3.400462962962963,1.0,False,False,False,False,False,False,False,1.0,1.0
fresh7,memory,oml_eucalyptus,0.054008152173913,True,4.455696202531645,1.7531645569620253,1.0,1.0,1.0,1.0,4.455696202531645,1.0,False,False,False,False,False,False,False,4.455696202531645,1.0
fresh7,memory,oml_eucalyptus,0.1246603260869565,True,4.605960264900662,1.2086092715231789,1.0,1.0,1.0,1.0,4.605960264900662,1.0,False,True,False,False,False,False,False,1.0,1.0
fresh7,memory,oml_eucalyptus,0.2605298913043478,True,4.583333333333333,1.0466666666666666,1.0,1.0,1.0,1.0,4.583333333333333,1.0,False,False,False,False,False,False,False,1.0466666666666666,1.0
fresh7,memory,oml_gesturephasesegmentationprocessed,0.0146611972044971,True,7.530166025047998,10.0,10.0,10.0,10.0,10.0,7.530166025047998,10.0,False,False,False,False,False,False,False,10.0,7.530166025047998
fresh7,memory,oml_gesturephasesegmentationprocessed,0.0429200850805226,True,2.9850000000000003,10.0,1.0,1.0,1.0,1.0,2.9850000000000003,1.0,False,False,False,False,False,False,False,2.9850000000000003,1.0
fresh7,memory,oml_gesturephasesegmentationprocessed,0.072090549984807,True,3.8515007898894154,1.0,1.0,1.0,1.0,1.0,3.8515007898894154,1.0,False,True,False,False,False,False,False,3.8515007898894154,1.0
fresh7,memory,oml_gesturephasesegmentationprocessed,0.1199989871366352,True,3.9983277591973243,18.801003344481604,1.0,1.0,1.0,1.0,3.9983277591973243,1.0,False,True,False,False,False,False,False,3.9983277591973243,1.0
fresh7,memory,oml_gesturephasesegmentationprocessed,0.152714473817482,True,3.991652754590985,18.165275459098496,1.0,1.0,1.0,1.0,3.991652754590985,1.0,False,False,False,False,False,False,False,3.991652754590985,1.0
fresh7,memory,oml_ilpd,0.0253001715265866,True,4.415873015873016,25.993650793650794,1.0,1.0,1.0,1.0,4.415873015873016,1.0,False,False,False,False,False,False,False,4.415873015873016,1.0
fresh7,memory,oml_ilpd,0.1162092624356775,True,5.190298507462686,26.906716417910445,1.0,1.0,1.0,1.0,5.190298507462686,1.0,False,False,False,False,False,False,False,5.190298507462686,1.0
fresh7,memory,oml_ilpd,0.1882504288164665,True,4.583333333333333,24.956666666666667,1.0,1.0,1.0,1.0,4.583333333333333,1.0,False,False,False,False,False,False,False,4.583333333333333,1.07
fresh7,memory,oml_jungle_chess_2pcs_raw_endgame_complete,0.0074912425533813,True,1.847921225382932,1.847921225382932,1.0,1.0,1.0,1.0,1.847921225382932,1.0,False,False,False,False,False,False,False,1.847921225382932,1.0
fresh7,memory,oml_jungle_chess_2pcs_raw_endgame_complete,0.0411599991075213,True,1.8914027149321266,1.3167420814479638,1.0,1.0,1.0,1.0,1.8914027149321266,1.0,False,False,False,False,False,False,False,1.8914027149321266,1.0
fresh7,memory,oml_jungle_chess_2pcs_raw_endgame_complete,0.1040574310002454,True,2.0458115183246077,13.204188481675393,1.0,1.0,2.0458115183246077,1.0,2.0458115183246077,1.0,False,False,False,False,False,False,False,2.0458115183246077,1.0
fresh7,memory,oml_mfeat_morphological,0.011875,True,4.396166134185304,1.0,1.0,1.0,1.0,1.0,4.396166134185304,1.0,False,True,False,False,False,False,False,1.0,1.0
fresh7,memory,oml_mfeat_morphological,0.089875,True,4.543333333333334,1.1033333333333333,1.0,1.0,1.0,1.0,4.543333333333334,1.0,False,False,False,False,False,False,False,1.0,1.0
fresh7,memory,oml_mfeat_morphological,0.197875,True,4.4267100977198695,4.4267100977198695,1.0,1.0,1.0,1.0,4.4267100977198695,1.0,False,False,False,False,False,False,False,1.0,1.0
fresh7,memory,oml_numerai28_6,0.0252777200996677,True,3.1869335347432024,19.687688821752268,3.1869335347432024,1.0,3.1869335347432024,1.0,3.1869335347432024,1.0,False,True,False,False,False,False,False,3.1869335347432024,1.0
fresh7,memory,oml_numerai28_6,0.0487930855481727,True,2.9855129209083793,8.433046202036023,2.9855129209083793,1.0,2.9855129209083793,1.0,2.9855129209083793,1.0,False,False,False,False,False,False,False,2.9855129209083793,1.0
fresh7,memory,oml_numerai28_6,0.1018350290697674,True,2.9088775909268674,13.420023464998044,2.9088775909268674,1.0,2.9088775909268674,1.0,2.9088775909268674,1.0,False,False,False,False,False,False,False,2.9088775909268674,1.0
fresh7,memory,oml_numerai28_6,0.1345800456810631,True,2.9575565251884175,1.0,2.9575565251884175,1.0,2.9575565251884175,1.0,2.9575565251884175,1.0,False,False,False,False,False,False,False,2.9575565251884175,1.0
fresh7,memory,oml_pc4,0.0135459533607681,True,1.0852475142234275,10.0,4.981828574466954,4.981828574466954,1.0852475142234275,4.981828574466954,4.981828574466954,4.981828574466954,False,False,False,False,False,False,False,4.981828574466954,1.0852475142234275
fresh7,memory,oml_pc4,0.047153635116598,True,1.0,10.0,2.499707621337145,2.499707621337145,1.0,2.499707621337145,1.0,2.499707621337145,False,False,False,False,False,False,False,2.499707621337145,1.0
fresh7,memory,oml_pc4,0.1582647462277092,True,3.2520000000000002,29.838,1.0,1.0,3.2520000000000002,1.0,3.2520000000000002,1.0,False,False,False,False,False,False,False,1.0,1.0
fresh7,memory,oml_pc4,0.4134087791495199,True,4.276729559748428,1.0,1.0,1.0,4.276729559748428,1.0,4.276729559748428,1.0,False,False,False,False,False,False,False,1.0,1.0
fresh7,memory,oml_pc4,0.6822702331961591,True,4.327044025157233,1.0,1.0,1.0,4.327044025157233,1.0,4.327044025157233,1.0,False,False,False,False,False,False,False,1.0,1.0
fresh7,memory,oml_pendigits,0.0123498908296943,True,2.243534482758621,38.75323275862069,1.0,1.0,1.0,1.0,2.243534482758621,1.0,False,False,False,False,False,False,False,2.243534482758621,1.0
fresh7,memory,oml_pendigits,0.0499226710334788,True,3.796095444685466,3.796095444685466,1.0,1.0,1.0,1.0,3.796095444685466,1.0,False,True,False,False,False,False,False,3.796095444685466,1.0
fresh7,memory,oml_pendigits,0.1125136462882096,True,3.4846625766871164,1.2822085889570551,1.0,1.0,1.0,1.0,3.4846625766871164,1.0,False,False,False,False,False,False,False,3.4846625766871164,1.0
fresh7,memory,oml_pendigits,0.1784707059679767,True,3.803571428571428,24.04910714285714,1.0,1.0,1.0,1.0,3.803571428571428,1.0,False,False,False,False,False,False,False,3.803571428571428,1.0
fresh7,memory,oml_phishingwebsites,0.141180461329715,True,1.1959002435026178,10.0,1.0,1.0,1.1959002435026178,1.0,1.1959002435026178,1.0,False,False,False,False,False,False,False,1.0,1.1959002435026178
fresh7,memory,oml_phishingwebsites,0.7258932609678879,True,2.9255319148936167,1.0,1.0,1.0,2.9255319148936167,1.0,2.9255319148936167,1.0,False,False,False,False,False,False,False,1.0,1.0
fresh7,memory,oml_phishingwebsites,0.8334464043419267,True,2.887473460721868,1.0318471337579618,1.0,1.0,2.887473460721868,1.0,2.887473460721868,1.0,False,False,False,False,False,False,False,1.0,1.0
fresh7,memory,oml_phoneme,0.0117968171724648,True,4.3742138364779874,27.801886792452827,1.0,1.0,1.0,1.0,4.3742138364779874,1.0,False,False,False,False,False,False,False,4.3742138364779874,1.0
fresh7,memory,oml_phoneme,0.0554681717246484,True,4.290220820189274,25.394321766561514,1.0,1.0,1.0,1.0,4.290220820189274,1.0,False,False,False,False,False,False,False,4.290220820189274,1.0
fresh7,memory,oml_phoneme,0.1398501110288675,True,4.473684210526316,1.1513157894736843,1.0,1.0,1.0,1.0,4.473684210526316,1.0,False,True,False,False,False,False,False,4.473684210526316,1.0
fresh7,memory,oml_satimage,0.0492612752721617,True,2.2615343071700442,1.0,2.4679302540890857,2.4679302540890857,2.4679302540890857,2.4679302540890857,2.2615343071700442,2.4679302540890857,False,True,False,False,False,False,False,2.2615343071700442,2.2615343071700442
fresh7,memory,oml_satimage,0.1086702954898911,True,3.579032258064516,76.71290322580646,1.0,1.0,1.0,1.0,3.579032258064516,1.0,False,False,False,False,False,False,False,3.579032258064516,1.0
fresh7,memory,oml_satimage,0.1659020217729393,True,4.190573770491803,20.020491803278688,1.0,1.0,1.0,1.0,4.190573770491803,1.0,False,True,False,False,False,False,False,4.190573770491803,1.0
fresh7,memory,oml_satimage,0.1823872472783825,True,4.053941908713693,1.0,1.0,1.0,1.0,1.0,4.053941908713693,1.0,False,True,False,False,False,False,False,4.053941908713693,1.0
fresh7,memory,oml_steel_plates_fault,0.0168727460072127,True,1.0,1.9764210526315789,1.9764210526315789,1.9764210526315789,1.9764210526315789,1.9764210526315789,1.0,1.9764210526315789,False,True,False,False,False,False,False,1.9764210526315789,1.0
fresh7,memory,oml_steel_plates_fault,0.0338742916022668,True,1.4101921470342522,1.4101921470342522,1.0,1.0,1.0,1.0,1.4101921470342522,1.0,False,False,False,False,False,False,False,1.0,1.0
fresh7,memory,oml_steel_plates_fault,0.0838485316846986,True,3.715686274509804,3.715686274509804,1.0,1.0,1.0,1.0,3.715686274509804,1.0,False,False,False,False,False,False,False,1.0,1.0
fresh7,memory,oml_steel_plates_fault,0.1791602266872746,True,4.261363636363637,23.460227272727273,1.0,1.0,1.0,1.0,4.261363636363637,1.0,False,False,False,False,False,False,False,1.0,1.0
fresh7,memory,oml_steel_plates_fault,0.3084750128799587,True,4.192073170731708,24.378048780487806,1.0060975609756098,1.0060975609756098,1.0060975609756098,1.0060975609756098,4.192073170731708,1.0060975609756098,False,False,False,False,False,False,False,1.024390243902439,1.0060975609756098
fresh7,memory,oml_wall_robot_navigation,0.0129673753665689,True,1.0,17.746431969552805,1.365128449096099,1.365128449096099,1.365128449096099,1.365128449096099,1.365128449096099,1.365128449096099,False,True,False,False,False,False,False,1.365128449096099,1.0
fresh7,memory,oml_wall_robot_navigation,0.0245142961876832,True,1.9305936073059362,3.954337899543379,1.0,1.0,1.0,1.0,1.9305936073059362,1.0,False,False,False,False,False,False,False,1.0,1.0
fresh7,memory,oml_wall_robot_navigation,0.0732679618768328,True,3.9156908665105385,1.557377049180328,1.0,1.0,1.0,1.0,3.9156908665105385,1.0,False,False,False,False,False,False,False,1.0,1.0
fresh7,memory,oml_wall_robot_navigation,0.1203720674486803,True,4.189873417721519,4.189873417721519,1.0,1.0,1.0,1.0,4.189873417721519,1.0,False,False,False,False,False,False,False,1.0,1.0
fresh7,memory,oml_wall_robot_navigation,0.1830553519061583,True,3.8267898383371826,3.8267898383371826,1.0,1.0,1.0,1.0,3.8267898383371826,1.0,False,False,False,False,False,False,False,1.1824480369515011,1.0
fresh7,memory,oml_wdbc,0.0259226713532513,True,1.0,1.430482838859802,1.0011634671320535,1.0011634671320535,1.0011634671320535,1.0011634671320535,1.0,1.0011634671320535,False,False,False,False,False,False,False,1.0011634671320535,1.0110529377545083
fresh7,memory,oml_wdbc,0.0417398945518453,True,2.5877342419080067,3.0136286201022147,1.0,1.0,1.0,1.0,2.5877342419080067,1.0,False,False,False,False,False,False,False,1.0,1.0
fresh7,memory,oml_wdbc,0.0663444639718804,True,4.3014925373134325,2.441791044776119,1.0,1.0,1.0,1.0,4.3014925373134325,1.0,False,False,False,False,False,False,False,1.0,1.0
fresh7,memory,oml_wdbc,0.171792618629174,True,4.5,35.892405063291136,1.0,1.0,1.0,1.0,4.5,1.0,False,False,False,False,False,False,False,1.0,1.0
fresh7,memory,oml_wdbc,0.1981546572934973,True,4.572347266881029,25.790996784565916,1.0,1.0,1.0,1.0,4.572347266881029,1.0,False,False,False,False,False,False,False,1.0,1.0
fresh7,memory,oml_wilt,0.0148274436867121,True,4.346875,1.36875,1.0,1.0,1.0,1.0,4.346875,1.0,False,False,False,False,False,False,False,4.346875,1.0
fresh7,memory,oml_wilt,0.044379003926431,True,4.365079365079366,26.704761904761906,1.0,1.0,1.0,1.0,4.365079365079366,1.0,False,False,False,False,False,False,False,4.365079365079366,1.0
fresh7,memory,oml_wilt,0.1929634221946683,True,4.372990353697749,1.090032154340836,1.0,1.0,1.0,1.0,4.372990353697749,1.0,False,False,False,False,False,False,False,4.372990353697749,1.0
fresh8,memory,oml_click_prediction_small,0.0162128414298134,True,1.0,10.0,1.0,2.427414128321452,1.0,1.0,1.0,1.0,False,False,False,False,False,False,False,1.0,1.0
fresh8,memory,oml_click_prediction_small,0.134045680574128,True,1.0,1.0,1.0,2.9745814000403468,1.0,1.0,1.0,1.0,False,True,False,False,False,False,False,1.0,1.0
fresh8,memory,oml_click_prediction_small,0.2768773335311426,True,1.0,1.0,1.0,10.25680647534952,1.0,1.0,1.0,1.0,False,False,False,False,False,False,False,1.0,1.0
fresh8,memory,oml_comet_mc_sample,0.0043425335328241,True,1.0,31.217197924388437,1.0,4.00815418828762,1.0,1.0,1.0,1.0,False,False,False,False,False,False,False,1.0,1.0
fresh8,memory,oml_comet_mc_sample,0.0399818227156993,True,1.0,1.0,1.0,3.949264705882353,1.0,1.0,1.0,1.0,False,False,False,False,False,False,False,1.0,1.0
fresh8,memory,oml_comet_mc_sample,0.1999996718901751,True,1.0,1.0,1.0,3.8818722139673105,1.0,1.0,1.0,1.0,False,False,False,False,False,False,False,1.0,1.0
fresh8,memory,oml_creditcard,0.0296648256538638,True,2.9895327506204814,29.092154958454728,2.9895327506204814,1.0,2.9895327506204814,2.9895327506204814,2.9895327506204814,2.9895327506204814,False,True,False,False,False,False,False,2.9895327506204814,1.0
fresh8,memory,oml_creditcard,0.0405388561376651,True,2.7414532263383533,11.728152138067497,2.7414532263383533,1.0,2.7414532263383533,2.7414532263383533,2.7414532263383533,2.7414532263383533,False,True,False,False,False,False,False,2.7414532263383533,1.0
fresh8,memory,oml_creditcard,0.0508967476220739,True,2.606591943180557,1.7461990900011097,2.606591943180557,1.0,2.606591943180557,2.606591943180557,2.606591943180557,2.606591943180557,False,True,False,False,False,False,False,2.606591943180557,1.0
fresh8,memory,oml_creditcard,0.1996711808347407,True,2.5769359704994974,9.383283048385296,2.5769359704994974,1.0,2.5769359704994974,2.5769359704994974,2.5769359704994974,2.5769359704994974,False,False,False,False,False,False,False,2.5769359704994974,1.0
fresh8,memory,oml_creditcard,0.1999626062561664,True,2.5398230088495577,9.395429595608828,2.5398230088495577,1.0,2.5398230088495577,2.5398230088495577,2.5398230088495577,2.5398230088495577,False,False,False,False,False,False,False,2.5398230088495577,1.0
fresh8,memory,oml_fars,0.1225809167260914,True,1.2153284671532847,1.2153284671532847,1.0,1.0,1.2153284671532847,1.0,1.2153284671532847,1.2153284671532847,False,True,False,False,False,False,False,1.0,1.0
fresh8,memory,oml_fars,0.660632576657951,True,1.0,1.2981818181818183,1.3672727272727274,1.2981818181818183,1.0,1.2981818181818183,1.0,1.0,False,True,False,False,False,False,False,1.2981818181818183,1.0
fresh8,memory,oml_fars,0.980377446319626,True,1.0,20.47573529411765,1.3183823529411764,1.311764705882353,1.0,1.311764705882353,1.0,1.0,False,False,False,False,False,False,False,1.311764705882353,1.0
fresh8,memory,oml_ldpa,0.0025824942375348,True,1.0013210039630118,50.51254953764861,1.0,1.0,1.0013210039630118,1.0,1.0013210039630118,1.0,False,False,False,False,False,False,False,1.0,1.0
fresh8,memory,oml_ldpa,0.0561794856241659,True,1.0,1.0,1.0,1.0550139275766017,1.0,1.0550139275766017,1.0,1.0,False,False,False,False,False,False,False,1.0,1.0550139275766017
fresh8,memory,oml_ldpa,0.1582782360790974,True,1.0,11.213475177304966,1.0,1.0638297872340425,1.0,1.0638297872340425,1.0,1.0,False,False,False,False,False,False,False,1.0,1.0638297872340425
fresh8,memory,oml_sensordataresource,0.0081725983807635,True,1.0,1.0,1.867962902700944,1.358363163032867,1.0,1.358363163032867,1.358363163032867,1.358363163032867,False,False,False,False,False,False,False,1.358363163032867,1.0
fresh8,memory,oml_sensordataresource,0.0107825003330955,True,1.0,10.0,1.6128995947771272,1.2205087798289058,1.0,1.2205087798289058,1.2205087798289058,1.2205087798289058,False,False,False,False,False,False,False,1.2205087798289058,1.2205087798289058
fresh8,memory,oml_sensordataresource,0.0869477470981495,True,1.0,87.76614605318699,2.0607851414098777,1.4668636555508652,1.0,1.4668636555508652,1.0,1.0,False,False,False,False,False,False,False,1.4668636555508652,1.0
fresh8,memory,oml_sensordataresource,0.1999964731054698,True,1.0,1.648764258555133,1.9386882129277567,1.648764258555133,1.0,1.648764258555133,1.0,1.0,False,False,False,False,False,False,False,1.648764258555133,1.0
fresh8,memory,oml_sensordataresource,0.5470037071580284,True,1.0,2.415373765867419,2.415373765867419,2.394217207334274,1.0,2.394217207334274,1.0,1.0,False,False,False,False,False,False,False,2.394217207334274,1.0
fresh8,memory,oml_spoken_arabic_digit,0.0197934709940134,True,1.933070125963527,1.0,1.933070125963527,1.0,1.933070125963527,1.0,1.933070125963527,1.933070125963527,False,False,False,False,False,False,False,1.933070125963527,1.0
fresh8,memory,oml_spoken_arabic_digit,0.041441600571307,True,1.7696831720736104,7.764181369759059,1.7696831720736104,1.7696831720736104,1.7696831720736104,1.0,1.7696831720736104,1.7696831720736104,False,False,False,False,False,False,False,1.7696831720736104,1.0
fresh8,memory,oml_spoken_arabic_digit,0.0976454477770687,True,1.6961083555894696,1.6961083555894696,1.6961083555894696,1.6961083555894696,1.6961083555894696,1.0,1.6961083555894696,1.6961083555894696,False,True,False,False,False,False,False,1.6961083555894696,1.0
fresh8,memory,oml_spoken_arabic_digit,0.1084638146898836,True,1.6153217568947904,6.351787538304392,1.6153217568947904,1.6153217568947904,1.6153217568947904,1.0,1.6153217568947904,1.6153217568947904,False,False,False,False,False,False,False,1.6153217568947904,1.0
fresh8,memory,oml_walking_activity,0.0267976723006455,True,1.185504745470233,1.185504745470233,1.0,1.0,1.185504745470233,1.0,1.185504745470233,1.185504745470233,False,False,False,False,False,False,False,1.185504745470233,1.0
fresh8,memory,oml_walking_activity,0.042387097206225,True,1.1730605285592497,1.0,1.0,1.0,1.1730605285592497,1.0,1.1730605285592497,1.1730605285592497,False,False,False,False,False,False,False,1.1730605285592497,1.0
fresh8,memory,oml_walking_activity,0.0656573942624487,True,1.1782347900599828,12.582690659811483,1.0077120822622108,1.0077120822622108,1.1782347900599828,1.0077120822622108,1.1782347900599828,1.1782347900599828,False,False,False,False,False,False,False,1.1782347900599828,1.0077120822622108
confirm,runtime,chainstore_fim,9.951039984761208e-05,False,7.527185784284787,1.6834523879804002,1.1013046815042211,1.0,1.6834523879804002,1.0,1.0,1.0,False,False,False,False,False,False,False,1.0,
confirm,runtime,chainstore_fim,0.0002244038136518,False,7.844633760758827,1.9682943966274369,7.844633760758827,1.2180748287370455,1.9682943966274369,1.2180748287370455,1.2180748287370455,1.2180748287370455,False,False,False,False,False,False,False,1.2180748287370455,
confirm,runtime,chainstore_fim,0.0005370866050465,False,3.7767426919370384,1.3628868187172074,1.0079237605739373,1.0,1.3628868187172074,1.0,3.7767426919370384,1.0,False,False,False,False,False,False,False,1.0,
confirm,runtime,chainstore_fim,0.0015038874198188,False,1.931417567767738,1.931417567767738,1.0,1.051844171233891,1.111983409865205,1.051844171233891,1.0,1.051844171233891,False,False,False,False,False,False,False,1.051844171233891,
confirm,runtime,chainstore_fim,0.0033943603884814,False,2.0400990865459048,2.0400990865459048,1.0,1.2113330236878772,1.1857872735717603,1.2113330236878772,1.0,1.2113330236878772,False,False,False,False,False,False,False,1.2113330236878772,
confirm,runtime,fruithut,6.457108314557345e-05,False,1.471584984358707,10.0,1.471584984358707,1.0805526590198122,1.0805526590198122,1.0,32.2745046923879,1.0805526590198122,False,False,False,False,False,False,False,1.0805526590198122,
confirm,runtime,fruithut,0.0003503324723855,False,1.2849213691026826,7689.360777058279,1.2849213691026826,1.0,1.0,1.1618871415356151,13.57354301572618,1.0,False,False,False,False,False,False,False,1.1618871415356151,
confirm,runtime,fruithut,0.0015428367313293,False,1.4155455904334828,1.053811659192825,1.4155455904334828,1.0,1.0,1.053811659192825,8.221225710014949,1.0,False,False,False,False,False,False,False,1.0,
confirm,runtime,fruithut,0.0058402483925921,False,1.2477231329690348,1.0947176684881603,1.0,1.0947176684881603,1.0510018214936248,1.0510018214936248,7.145719489981785,1.0947176684881603,False,True,False,False,False,False,False,1.0947176684881603,
confirm,runtime,fruithut,0.0140888608012309,False,1.119047619047619,1.119047619047619,1.119047619047619,1.119047619047619,1.2380952380952381,1.2380952380952381,7.0108225108225115,1.0043290043290043,False,True,False,False,False,False,False,1.0043290043290043,
confirm,runtime,instacart,0.0002267374951413,False,2.705601389491967,1.584020842379505,1.6760746851932262,1.0,1.6760746851932262,1.0,2.705601389491967,1.0,False,True,False,False,False,False,False,1.0,
confirm,runtime,instacart,0.0005849446303226,False,2.259717314487632,77.5359246171967,1.0,1.0,1.4976442873969378,1.0,2.259717314487632,1.0,False,False,False,False,False,False,False,1.0,
confirm,runtime,instacart,0.0016062160370096,False,1.6429130775254501,1.0399373531714957,1.240407204385278,1.0399373531714957,1.0399373531714957,1.0399373531714957,1.0,1.0399373531714957,False,False,False,False,False,False,False,1.0399373531714957,
confirm,runtime,instacart,0.0051044516763331,False,1.1223300970873786,1.0359223300970875,1.0,1.050485436893204,1.050485436893204,1.050485436893204,1.0359223300970875,1.050485436893204,False,False,False,False,False,False,False,1.050485436893204,
confirm,runtime,instacart,0.0124896158037939,False,1.0,1.0,1.1537414965986394,1.0,1.2938775510204084,1.2938775510204084,1.2204081632653063,1.2938775510204084,False,False,False,False,False,False,False,1.2938775510204084,
confirm,runtime,skin,0.0023535340757456,False,1.0028818443804033,20.694524495677232,1.0,1.0028818443804033,1.0028818443804033,1.0028818443804033,1.0028818443804033,1.0028818443804033,False,False,False,False,False,False,False,1.0028818443804033,
confirm,runtime,skin,0.2363562354880701,False,1.0,1.0,1.8078602620087336,1.0,1.0,1.0,1.4017467248908295,1.0,False,False,False,False,False,False,False,1.0,
confirm,runtime,t20i6d100k,0.0022092231940913,False,2.296188898094449,6883.753314001657,3.984672742336371,2.0333471416735707,1.0,3.984672742336371,2.0333471416735707,2.0333471416735707,False,False,False,False,False,False,False,2.0333471416735707,
confirm,runtime,t20i6d100k,0.0050614479293849,False,2.3040062843676354,11.53260015710919,2.497250589159466,2.1791044776119404,1.0,2.497250589159466,2.1791044776119404,2.1791044776119404,False,True,False,False,False,False,False,2.1791044776119404,
confirm,runtime,t20i6d100k,0.0090045235283521,False,2.3124650642817217,3640.5410844046955,1.0,2.301285634432644,1.0,1.1676914477361655,2.301285634432644,2.301285634432644,False,False,False,False,False,False,False,2.301285634432644,
confirm,runtime,t20i6d100k,0.0145488481015191,False,2.540772532188841,4848.188841201716,1.2,2.528755364806867,1.2,1.0,2.528755364806867,2.528755364806867,False,False,False,False,False,False,False,2.528755364806867,
confirm,runtime,t20i6d100k,0.0196027901763375,False,2.4737335834896808,1.0,2.2898686679174487,2.2898686679174487,1.1969981238273921,1.0,2.2898686679174487,2.2898686679174487,False,True,False,False,False,False,False,2.2898686679174487,
hard,runtime,liquor,0.0002253937196677,False,1.315217391304348,10.0,1.1485507246376812,1.006340579710145,1.006340579710145,1.0,21.98913043478261,1.006340579710145,False,False,False,False,False,False,False,1.006340579710145,
hard,runtime,liquor,0.0009543266002954,False,1.3142389525368248,1.0703764320785598,1.0,1.0703764320785598,1.088379705400982,1.088379705400982,1.0,1.0703764320785598,False,True,False,False,False,False,False,1.088379705400982,
hard,runtime,mooc_set,0.0002998727812443,False,1.0,10.0,2.2619047347215577,2.2619047347215577,2.2619047347215577,2.2619047347215577,1.0,2.2619047347215577,False,False,False,False,False,False,False,2.2619047347215577,
hard,runtime,mooc_set,0.0008208638759314,False,1.0,10.0,1.1217642610758345,1.0356021918602845,1.0356021918602845,1.0356021918602845,1.0,1.0356021918602845,False,False,False,False,False,False,False,1.0356021918602845,
hard,runtime,sign_set,0.0407534246575342,False,1.1415525114155252,1.0,1.17351598173516,1.17351598173516,1.1415525114155252,1.1415525114155252,1.0,1.17351598173516,False,False,False,False,False,False,False,1.0,
hard,runtime,sign_set,0.0503424657534246,False,2.0,1.0,2.006666666666667,2.006666666666667,2.0,2.0,1.0,2.006666666666667,False,False,False,False,False,False,False,1.0,
fresh,runtime,bike_set,0.0014588670651864,False,1.416289592760181,1.0,1.2684766214177978,1.042232277526395,1.042232277526395,1.0,1.2684766214177978,1.042232277526395,False,False,False,False,False,False,False,1.416289592760181,
fresh,runtime,bike_set,0.006962235506215,False,1.1578947368421053,10.761133603238866,1.105263157894737,1.165991902834008,1.0,1.105263157894737,1.0,1.165991902834008,False,False,False,False,False,False,False,1.1578947368421053,
fresh,runtime,bike_set,0.0338623209033115,False,1.3388429752066116,1.024793388429752,1.3388429752066116,1.0,1.0909090909090908,1.024793388429752,1.0909090909090908,1.3388429752066116,False,True,False,False,False,False,False,1.3388429752066116,
fresh,runtime,bike_set,0.0555436948477085,False,1.6666666666666667,1.3800000000000001,1.6666666666666667,1.0,1.3800000000000001,1.1933333333333334,1.3800000000000001,1.6666666666666667,False,False,False,False,False,False,False,1.6666666666666667,
fresh,runtime,ecommerce_fim,0.0007178631051752,False,10.0,1.0861723446893787,1.0,1.0861723446893787,1.0861723446893787,1.0861723446893787,1.0861723446893787,1.0861723446893787,False,True,False,False,False,False,False,1.0861723446893787,
fresh,runtime,ecommerce_fim,0.001118530884808,False,10.0,1.0,1.1914285714285713,1.0,1.0,1.0,1.0,1.0,False,False,False,False,False,False,False,1.0,
fresh,runtime,ecommerce_fim,0.002787979966611,False,10.0,1.0,1.3697916666666667,1.3697916666666667,1.3697916666666667,1.3697916666666667,1.3697916666666667,1.3697916666666667,False,False,False,False,False,False,False,1.3697916666666667,
fresh,runtime,ecommerce_fim,0.0079966611018363,False,10.0,1.0,1.0909090909090908,1.0909090909090908,1.0909090909090908,1.0909090909090908,1.0909090909090908,1.0909090909090908,False,False,False,False,False,False,False,1.0909090909090908,
fresh,runtime,ecommerce_fim,0.0150751252086811,False,10.0,1.0,1.0,1.0,1.0,1.0,1.0,1.0,False,False,False,False,False,False,False,1.0,
fresh,runtime,fifa_set,0.341161369193154,False,1.0,1.5508021390374331,1.5508021390374331,1.5508021390374331,1.0,1.3048128342245988,16.106951871657753,1.5508021390374331,False,True,False,False,False,False,False,1.5508021390374331,
fresh,runtime,fifa_set,0.3596943765281173,False,1.5483870967741935,1.262672811059908,1.262672811059908,1.262672811059908,1.5483870967741935,1.5299539170506913,13.110599078341012,1.262672811059908,False,False,False,False,False,False,False,1.262672811059908,
fresh,runtime,microblog_set,0.032051282051282,False,1.4419933492576462,10.0,1.0,1.0,1.0,1.0,1.0,1.1982576928481101,False,False,False,False,False,False,False,1.0,
fresh,runtime,microblog_set,0.0623543123543123,False,1.660668380462725,1.3736075407026564,1.0,1.0,1.0,1.0,1.0,1.3736075407026564,False,False,False,False,False,False,False,1.0,
fresh,runtime,microblog_set,0.1276223776223776,False,1.0,12.209523809523809,1.161904761904762,1.161904761904762,1.161904761904762,1.161904761904762,1.161904761904762,1.2619047619047619,False,False,False,False,False,False,False,1.161904761904762,
fresh,runtime,microblog_set,0.2954545454545454,False,1.007462686567164,1.2014925373134329,1.1641791044776117,1.1641791044776117,1.1641791044776117,1.1641791044776117,1.1641791044776117,1.0,False,False,False,False,False,False,False,1.1641791044776117,
fresh,runtime,microblog_set,0.5635198135198135,False,1.0,36.64601769911505,2.3893805309734515,2.3893805309734515,2.3893805309734515,2.3893805309734515,2.3893805309734515,1.6991150442477876,False,False,False,False,False,False,False,2.3893805309734515,
fresh,runtime,msnbc_set,0.0066294432211387,False,1.0,181.5081081081081,1.1675675675675676,1.1675675675675676,1.0,1.0,1.281081081081081,1.0,False,False,False,False,False,False,False,1.0,
fresh,runtime,msnbc_set,0.0345942120163573,False,1.5289256198347108,82.97520661157026,1.5289256198347108,1.5289256198347108,1.5289256198347108,1.0,1.1239669421487604,1.5289256198347108,False,False,False,False,False,False,False,1.5289256198347108,
fresh,runtime,msnbc_set,0.2619613085876062,False,1.376068376068376,1.034188034188034,1.034188034188034,1.0,1.0,1.0,1.4102564102564104,1.376068376068376,False,False,False,False,False,False,False,1.376068376068376,
fresh,runtime,splice,0.053526645768025,False,1.4688463911165948,1.4688463911165948,1.660086366440469,1.660086366440469,1.4688463911165948,1.4688463911165948,1.660086366440469,1.660086366440469,False,False,False,False,False,False,False,1.660086366440469,
fresh,runtime,splice,0.0751567398119122,False,1.412313432835821,1.0317164179104477,1.5597014925373132,1.5597014925373132,1.412313432835821,1.412313432835821,1.5597014925373132,1.5597014925373132,False,True,False,False,False,False,False,1.5597014925373132,
fresh,runtime,splice,0.1115203761755486,False,1.7292576419213974,1.1397379912663756,2.2052401746724892,2.2052401746724892,1.7292576419213974,1.7292576419213974,2.2052401746724892,2.2052401746724892,False,False,False,False,False,False,False,2.2052401746724892,
fresh,runtime,splice,0.1638714733542319,False,1.662162162162162,1.9324324324324325,1.0945945945945945,1.9324324324324325,1.662162162162162,1.662162162162162,1.9324324324324325,1.9324324324324325,False,True,False,False,False,False,False,1.9324324324324325,
fresh,runtime,splice,0.244435736677116,False,2.0075757575757573,1.712121212121212,1.7196969696969697,1.7196969696969697,2.0075757575757573,2.0075757575757573,1.7196969696969697,1.7196969696969697,False,False,False,False,False,False,False,1.7196969696969697,
fresh,runtime,t25i10d10k,0.0035836006415396,False,1.1491146318732526,1.1491146318732526,1.167753960857409,1.167753960857409,1.0,3.4044734389561975,1.167753960857409,1.167753960857409,False,False,False,False,False,False,False,1.167753960857409,
fresh,runtime,t25i10d10k,0.00709202085004,False,1.4962779156327541,5471.114143920595,1.4913151364764268,1.4913151364764268,1.0,1.6972704714640199,1.4913151364764268,1.4913151364764268,False,False,False,False,False,False,False,1.4913151364764268,
fresh,runtime,t25i10d10k,0.011502606255012,False,1.6123348017621144,1.4052863436123346,1.4052863436123346,1.4052863436123346,1.0,1.2422907488986783,1.4052863436123346,1.4052863436123346,False,False,False,False,False,False,False,1.4052863436123346,
fresh,runtime,t25i10d10k,0.01882016840417,False,1.1387755102040817,11.608163265306121,1.3061224489795917,1.3061224489795917,1.0326530612244897,1.0,1.3061224489795917,1.3061224489795917,False,False,False,False,False,False,False,1.3061224489795917,
fresh,runtime,t25i10d10k,0.0258370088211708,False,2.0093896713615025,1.07981220657277,1.5539906103286385,1.5539906103286385,1.0,1.07981220657277,1.5539906103286385,1.5539906103286385,False,False,False,False,False,False,False,1.5539906103286385,
fresh,runtime,uscensus,0.05409375,False,1.0,10.0,10.0,1.0,1.0,1.0,10.0,1.0,False,True,False,False,False,False,False,10.0,
fresh,runtime,uscensus,0.25685375,False,1.0,10.0,1.0,1.0,1.0,1.0,1.0,1.0,False,True,False,False,False,False,False,1.2750026683744264,
fresh,runtime,uscensus,0.60401875,False,1.0,1.0,1.0,1.0,1.0,1.0,1.7716794731064762,1.0,False,False,False,False,False,False,False,1.0,
fresh,runtime,uscensus,0.74447675,False,1.0,3.4464968993270877,1.527774112679773,1.0,1.0,1.0,1.4844966354400315,1.0,False,False,False,False,False,False,False,1.0,
fresh2,runtime,census_kdd,0.015099762934599,False,1.0,1.0,1.0,1.0,1.0,1.0,10.0,1.0,False,False,False,False,False,False,False,10.0,
fresh2,runtime,census_kdd,0.2090423159234775,False,1.0485061511423552,10.0,1.0485061511423552,1.0485061511423552,1.0485061511423552,1.0485061511423552,1.0,1.0485061511423552,False,False,False,False,False,False,False,1.0,
fresh2,runtime,census_kdd,0.8078705211930454,False,1.0,5.827004219409283,1.0,1.0,1.0,1.0,1.7569620253164557,1.0,False,False,False,False,False,False,False,1.0,
fresh2,runtime,census_kdd,0.9695761892112688,False,1.0,1.0,1.0,1.0,1.0,1.0,1.2527131782945735,1.0,False,True,False,False,False,False,False,1.0,
fresh2,runtime,covertype,0.0002663456176464,False,1.336079180630814,3.7350518370031636,1.336079180630814,1.336079180630814,1.336079180630814,1.336079180630814,1.5378519748175528,1.336079180630814,False,False,False,False,False,False,False,1.336079180630814,
fresh2,runtime,covertype,0.0368869317673301,False,1.0759991264468225,1.0,1.0759991264468225,1.0759991264468225,1.0759991264468225,1.0759991264468225,1.242847783358812,1.0759991264468225,False,False,False,False,False,False,False,1.0759991264468225,
fresh2,runtime,covertype,0.0938995235898742,False,1.0,28.715358361774747,1.0,1.0,1.0,1.0,1.2433447098976111,1.0,False,False,False,False,False,False,False,1.0,
fresh2,runtime,covertype,0.1456747020715579,False,1.0,1.0,1.0,1.0,1.0,1.0,1.2231464737793851,1.0,False,False,False,False,False,False,False,1.0,
fresh2,runtime,diabetes130,0.2130549495902364,False,1.0784500905664072,1.0784500905664072,1.0784500905664072,1.0,1.0,1.0,1.0,1.0,False,False,False,False,False,False,False,1.0,
fresh2,runtime,diabetes130,0.9969415128824952,False,1.0,104.67885714285714,1.0,1.0,1.3737142857142859,1.3737142857142859,1.3862857142857143,1.0,False,False,False,False,False,False,False,1.3737142857142859,
fresh2,runtime,diabetes130,0.9999877169192068,False,1.0,1.1859243697478992,1.0,1.0,1.297268907563025,1.297268907563025,1.5829831932773109,1.0,False,False,False,False,False,False,False,1.297268907563025,
fresh2,runtime,poker,0.00164075,False,2.008723466123873,1.5526025007269555,1.0,2.008723466123873,2.008723466123873,2.008723466123873,1.0,2.008723466123873,False,False,False,False,False,False,False,2.008723466123873,
fresh2,runtime,poker,0.01922275,False,2.521311132055713,1.2523824484239188,1.0,2.521311132055713,2.521311132055713,2.521311132055713,1.0,2.521311132055713,False,False,False,False,False,False,False,2.521311132055713,
fresh2,runtime,poker,0.06372875,False,2.0276561131272683,1.1212614190964836,1.0,2.0276561131272683,2.0276561131272683,2.0276561131272683,1.0,2.0276561131272683,False,False,False,False,False,False,False,2.0276561131272683,
fresh2,runtime,poker,0.12537575,False,1.0,13.507840342124018,1.5010691375623664,1.0,1.0,1.0,1.5010691375623664,1.0,False,False,False,False,False,False,False,1.0,
fresh3,runtime,dota2,0.0007744198596869,False,1.6001598295151838,10.0,1.0,1.3010122535961641,1.6001598295151838,1.3010122535961641,1.0,1.6001598295151838,False,False,False,False,False,False,False,1.3010122535961641,
fresh3,runtime,dota2,0.0037317862924986,False,1.8517520215633425,3.8097035040431266,1.0,1.5692722371967656,1.8517520215633425,1.5692722371967656,1.0,1.8517520215633425,False,False,False,False,False,False,False,1.5692722371967656,
fresh3,runtime,dota2,0.0134565569347004,False,1.7898148148148147,579.1962962962963,1.7898148148148147,1.3722222222222222,1.7898148148148147,1.3722222222222222,1.1222222222222222,1.7898148148148147,False,True,False,False,False,False,False,1.3722222222222222,
fresh3,runtime,dota2,0.0582703723691311,False,1.2813918305597578,1.2027231467473525,1.2813918305597578,1.0,1.2813918305597578,1.0,1.2027231467473525,1.2813918305597578,False,False,False,False,False,False,False,1.0,
fresh3,runtime,dota2,0.1415515380464112,False,1.0,1.256797583081571,1.0,1.256797583081571,1.0,1.256797583081571,1.256797583081571,1.0,False,True,False,False,False,False,False,1.256797583081571,
fresh3,runtime,miniboone,0.0366261994095214,False,2.618981624900135,10.0,2.4944972527024603,2.4944972527024603,2.618981624900135,3.3823879477605856,1.1024733830075164,2.618981624900135,False,False,False,False,False,False,False,2.4944972527024603,
fresh3,runtime,miniboone,0.0500196057325624,False,2.442183339672879,1.0,2.0494484594903,2.0494484594903,2.442183339672879,2.9924400912894638,1.1939425637124381,2.442183339672879,False,False,False,False,False,False,False,2.0494484594903,
fresh3,runtime,miniboone,0.0786516637962849,False,4.079802734812822,3.303407307778525,3.303407307778525,3.303407307778525,4.079802734812822,1.363707688859,1.1597175521183591,4.079802734812822,False,False,False,False,False,False,False,3.303407307778525,
fresh3,runtime,miniboone,0.1627256581375323,False,4.396290050590219,1.6721271982654782,4.396290050590219,5.147193447362081,4.396290050590219,1.0,1.821006986268369,4.396290050590219,False,False,False,False,False,False,False,5.147193447362081,
fresh3,runtime,miniboone,0.1890434709066306,False,4.359277108433735,1.70144578313253,4.359277108433735,4.199277108433735,4.359277108433735,1.0,1.7860240963855423,4.359277108433735,False,True,False,False,False,False,False,4.199277108433735,
fresh3,runtime,power,0.0136480861570893,False,1.0,278.0089285714286,1.7287561576354682,1.0,1.0,1.0,1.6958128078817734,1.0,False,False,False,False,False,False,False,1.0,
fresh3,runtime,power,0.0564362849391005,False,1.0,1.0,1.7790227201991908,1.0,1.0,1.0,1.7790227201991908,1.0,False,False,False,False,False,False,False,1.0,
fresh3,runtime,power,0.219214919386321,False,1.0,1.6618339978252992,1.0,1.0,1.0,1.0,1.6618339978252992,1.0,False,True,False,False,False,False,False,1.0,
fresh4,runtime,adult,0.0004837075028408,False,1.1615014436958615,10.0,1.0,1.0,1.1615014436958615,1.0,1.2843118383060637,1.1615014436958615,False,True,False,False,False,False,False,1.2843118383060637,
fresh4,runtime,adult,0.0176821964927367,False,1.226293103448276,1.0,1.0,1.0,1.226293103448276,1.0,1.2801724137931036,1.226293103448276,False,False,False,False,False,False,False,1.2801724137931036,
fresh4,runtime,adult,0.1999861797856331,False,1.0484848484848484,1.0484848484848484,1.0,1.0,1.0484848484848484,1.0,1.2303030303030302,1.0484848484848484,False,False,False,False,False,False,False,1.0,
fresh4,runtime,adult,0.6756165351187002,False,1.0461538461538462,19.084615384615386,1.0,1.0,1.0461538461538462,1.0,1.0538461538461539,1.0461538461538462,False,False,False,False,False,False,False,1.0,
fresh4,runtime,bank_full,0.0019630178496383,False,1.2575242083224287,1.458780423972782,1.0,1.0,1.2575242083224287,1.0,1.458780423972782,1.2575242083224287,False,False,False,False,False,False,False,1.2575242083224287,
fresh4,runtime,bank_full,0.0314912300103957,False,1.256267409470752,4443.096100278552,1.0,1.0,1.0,1.0,1.7980501392757657,1.256267409470752,False,True,False,False,False,False,False,1.256267409470752,
fresh4,runtime,bank_full,0.2128630200614894,False,1.2652173913043478,1.2652173913043478,1.0,1.0,1.0,1.0,1.1565217391304348,1.2652173913043478,False,True,False,False,False,False,False,1.2652173913043478,
fresh4,runtime,bank_full,0.8174725177501051,False,1.3842105263157896,14.48421052631579,1.0210526315789474,1.0210526315789474,1.3842105263157896,1.0210526315789474,1.0157894736842106,1.3842105263157896,False,False,False,False,False,False,False,1.3842105263157896,
fresh4,runtime,car,0.0264756944444444,False,1.0,40.28,1.0,1.0,1.0,1.0,1.0,1.0,False,True,False,False,False,False,False,1.0,
fresh4,runtime,car,0.0831886574074074,False,1.0,1.0,1.0,1.0,1.0,1.0,1.0,1.0,False,False,False,False,False,False,False,1.0,
fresh4,runtime,car,0.1861979166666666,False,1.0,1.0,1.0,1.0,1.0,1.0,1.0,1.0,False,False,False,False,False,False,False,1.0,
fresh4,runtime,krk,0.0019514542343883,False,1.346774193548387,1.1129032258064517,1.3830645161290323,1.0,1.1129032258064517,1.3830645161290323,1.1129032258064517,1.346774193548387,False,True,False,False,False,False,False,1.346774193548387,
fresh4,runtime,krk,0.0042326062161391,False,1.0,362.1205357142857,1.0089285714285714,1.1696428571428572,1.3571428571428572,1.0089285714285714,1.3571428571428572,1.0,False,False,False,False,False,False,False,1.0,
fresh4,runtime,krk,0.0409805389221556,False,1.0,36.309352517985616,1.0,1.0,1.4820143884892087,1.1510791366906477,1.4820143884892087,1.0,False,False,False,False,False,False,False,1.0,
fresh4,runtime,krk,0.0697087966923296,False,1.5048543689320388,21.815533980582526,1.5048543689320388,1.5048543689320388,1.0,1.0,1.6310679611650485,1.5048543689320388,False,False,False,False,False,False,False,1.5048543689320388,
fresh4,runtime,letter,0.0008375,False,1.2714062150681869,10.0,1.203331097697295,1.0,1.0,1.0,1.203331097697295,1.0,False,True,False,False,False,False,False,1.2714062150681869,
fresh4,runtime,letter,0.0082875,False,1.077342047930283,1.077342047930283,1.0588235294117645,1.0,1.0,1.0,1.0588235294117645,1.0,False,False,False,False,False,False,False,1.077342047930283,
fresh4,runtime,letter,0.0253875,False,1.3104325699745545,1.3104325699745545,1.3104325699745545,1.1704834605597965,1.1704834605597965,1.1704834605597965,1.0,1.1704834605597965,False,False,False,False,False,False,False,1.3104325699745545,
fresh4,runtime,letter,0.0615875,False,1.0759493670886076,1.0379746835443038,1.0759493670886076,1.0,1.0,1.0,1.0379746835443038,1.0,False,False,False,False,False,False,False,1.0759493670886076,
fresh4,runtime,letter,0.1434875,False,1.3040540540540542,15.979729729729728,1.3040540540540542,1.0,1.0,1.0,1.0945945945945945,1.0,False,False,False,False,False,False,False,1.3040540540540542,
fresh4,runtime,nursery,0.0499807098765432,False,1.074074074074074,19.89814814814815,1.074074074074074,1.074074074074074,1.074074074074074,1.074074074074074,1.611111111111111,1.0,False,False,False,False,False,False,False,1.074074074074074,
fresh4,runtime,nursery,0.1110918209876543,False,1.0,1.2999999999999998,1.0,1.0,1.0,1.0,1.2999999999999998,1.18,False,False,False,False,False,False,False,1.0,
fresh4,runtime,nursery,0.1666473765432098,False,1.0,1.0,1.09,1.0,1.0,1.0,1.0,1.09,False,False,False,False,False,False,False,1.0,
fresh4,runtime,shoppers,0.002250608272506,False,1.2678162942108042,10.0,1.0,1.0,1.0,1.0,2.827321250513226,1.0,False,False,False,False,False,False,False,1.2678162942108042,
fresh4,runtime,shoppers,0.0338807785888077,False,1.5861386138613862,10.304950495049503,1.0,1.0,1.0,1.0,7.118811881188118,1.0,False,False,False,False,False,False,False,1.5861386138613862,
fresh4,runtime,shoppers,0.2178223844282238,False,1.31,1.31,1.0,1.0,1.0,1.0,2.19,1.0,False,False,False,False,False,False,False,1.31,
fresh4,runtime,shoppers,0.7468572587185726,False,1.39,24.12,1.1199999999999999,1.1199999999999999,1.39,1.1199999999999999,1.0,1.1199999999999999,False,False,False,False,False,False,False,1.39,
fresh4,runtime,shuttle,0.0043160919540229,False,1.0,1.0,1.1296296296296298,1.1296296296296298,1.0,1.1296296296296298,1.0524691358024691,1.0,False,False,False,False,False,False,False,1.0,
fresh4,runtime,shuttle,0.1327068965517241,False,1.4785276073619633,15.509202453987733,1.4785276073619633,1.4785276073619633,1.0,1.0,1.1042944785276074,1.4785276073619633,False,False,False,False,False,False,False,1.4785276073619633,
fresh4,runtime,shuttle,0.2299942528735632,False,1.0,1.0,1.0583941605839415,1.0,1.1459854014598538,1.1459854014598538,1.3503649635036494,1.0,False,False,False,False,False,False,False,1.0,
fresh4,runtime,tictactoe,0.0581941544885177,False,1.0,40.31,1.0,1.0,1.0,1.0,1.0,1.0,False,True,False,False,False,False,False,1.0,
fresh4,runtime,tictactoe,0.1584029227557411,False,1.0,1.0,1.0,1.0,1.0,1.0,1.0,1.0,False,False,False,False,False,False,False,1.0,
fresh4,runtime,tictactoe,0.2346033402922756,False,1.0,28.939999999999998,1.0,1.0,1.0,1.0,1.0,1.0,False,False,False,False,False,False,False,1.0,
fresh4,runtime,yearmsd,0.0457785561128952,False,3.3054842208890776,1.0,10.0,3.3054842208890776,10.0,2.566240066299451,1.0164481758413457,3.3054842208890776,False,False,False,False,False,False,False,10.0,
fresh4,runtime,yearmsd,0.0552654047288709,False,3.4490972708187546,10.0,2.7965570328901332,3.4490972708187546,2.7965570328901332,1.5530930720783767,1.3027361791462562,3.4490972708187546,False,False,False,False,False,False,False,2.7965570328901332,
fresh4,runtime,yearmsd,0.0707792837807682,False,4.981596448556801,1.9910873743472866,4.24062388379569,4.24062388379569,4.24062388379569,1.0980388821798515,1.9910873743472866,4.981596448556801,False,True,False,False,False,False,False,4.24062388379569,
fresh4,runtime,yearmsd,0.1006854631363455,False,6.540963889121983,10.0,5.576962882157142,5.576962882157142,5.576962882157142,1.0,2.4788117814886297,6.540963889121983,False,False,False,False,False,False,False,5.576962882157142,
fresh4,runtime,yearmsd,0.1262256352540531,False,6.8386529126213595,10.0,5.737773058252428,6.8386529126213595,5.737773058252428,1.0,2.4970570388349516,6.8386529126213595,False,False,False,False,False,False,False,5.737773058252428,
fresh5,runtime,anneal,0.0153118040089086,False,1.2142857142857142,1517.1428571428573,1.0446428571428572,1.0446428571428572,1.2142857142857142,1.0446428571428572,1.2767857142857144,1.0446428571428572,False,True,False,False,False,False,False,1.2142857142857142,
fresh5,runtime,anneal,0.2213251670378619,False,1.0,25.619999999999997,1.0,1.0,1.0,1.0,1.0,1.0,False,False,False,False,False,False,False,1.0,
fresh5,runtime,anneal,0.731347438752784,False,1.0,1.0,1.0,1.0,1.0,1.0,1.0,1.0,False,False,False,False,False,False,False,1.0,
fresh5,runtime,breast_cancer,0.0445804195804195,False,1.0,1.0,1.0,1.0,1.0,1.0,1.0,1.0,False,False,False,False,False,False,False,1.0,
fresh5,runtime,breast_cancer,0.1284965034965035,False,1.0,1.0,1.0,1.0,1.0,1.0,1.0,1.0,False,True,False,False,False,False,False,1.0,
fresh5,runtime,breast_cancer,0.3907342657342657,False,1.0,1.0,2.44,1.0,1.0,1.0,1.0,1.0,False,False,False,False,False,False,False,1.0,
fresh5,runtime,colic,0.0319293478260869,False,1.1666666666666667,1.1025641025641026,1.1666666666666667,1.0,1.1666666666666667,1.1666666666666667,1.1025641025641026,1.0,False,False,False,False,False,False,False,1.1666666666666667,
fresh5,runtime,colic,0.0482336956521739,False,1.2307692307692308,274.91346153846155,1.2307692307692308,1.0,1.2307692307692308,1.2307692307692308,1.1346153846153846,1.0,False,False,False,False,False,False,False,1.2307692307692308,
fresh5,runtime,colic,0.1732336956521739,False,1.0,1.0,1.0,1.0,1.0,1.0,1.0,1.0,False,True,False,False,False,False,False,1.0,
fresh5,runtime,colic,0.3634510869565217,False,1.0,21.55,1.0,1.0,1.0,1.0,1.0,1.0,False,False,False,False,False,False,False,1.0,
fresh5,runtime,credit_a,0.019927536231884,False,1.3241379310344825,176.50344827586204,1.3241379310344825,1.0,1.3241379310344825,1.0,1.0689655172413792,1.3241379310344825,False,False,False,False,False,False,False,1.3241379310344825,
fresh5,runtime,credit_a,0.0271739130434782,False,1.0598290598290598,1.1752136752136753,1.0598290598290598,1.0,1.0598290598290598,1.0,1.1752136752136753,1.0598290598290598,False,False,False,False,False,False,False,1.0598290598290598,
fresh5,runtime,credit_a,0.1967391304347826,False,1.0,26.929999999999996,1.0,1.0,1.0,1.0,1.0,1.0,False,False,False,False,False,False,False,1.0,
fresh5,runtime,credit_a,0.4923913043478261,False,1.0,1.0,1.0,1.0,1.0,1.0,1.0,1.0,False,False,False,False,False,False,False,1.0,
fresh5,runtime,credit_g,0.01475,False,1.4742138364779875,2.8524109014675054,2.007966457023061,1.0,1.4742138364779875,1.0,1.0,1.0,False,False,False,False,False,False,False,1.4742138364779875,
fresh5,runtime,credit_g,0.06075,False,1.2195945945945945,1072.0641891891892,1.2195945945945945,1.0,1.2195945945945945,1.2195945945945945,1.0,1.0,False,False,False,False,False,False,False,1.2195945945945945,
fresh5,runtime,credit_g,0.29575,False,1.0,1.0,1.0,1.0,1.0,1.0,1.0,1.0,False,True,False,False,False,False,False,1.0,
fresh5,runtime,credit_g,0.61075,False,1.0,1.32,1.0,1.0,1.0,1.0,1.32,1.0,False,False,False,False,False,False,False,1.0,
fresh5,runtime,hypothyroid,0.0076219512195121,False,1.0,10.0,1.0998805552123236,1.0998805552123236,1.0,1.0998805552123236,1.0998805552123236,1.0998805552123236,False,True,False,False,False,False,False,1.0,
fresh5,runtime,hypothyroid,0.108364262990456,False,1.32724078642446,3.4540629438588626,1.0,1.0,1.32724078642446,1.32724078642446,1.0,1.0,False,False,False,False,False,False,False,1.32724078642446,
fresh5,runtime,hypothyroid,0.9127120890774124,False,1.11,1.11,1.0,1.0,1.11,1.11,1.0,1.11,False,False,False,False,False,False,False,1.11,
fresh5,runtime,hypothyroid,0.9858828207847296,False,1.0,25.380000000000003,1.0,1.0,1.0,1.0,1.0,1.0,False,True,False,False,False,False,False,1.0,
fresh5,runtime,primary_tumor,0.0405604719764011,False,1.2942430703624734,915.9701492537315,1.2942430703624734,1.0,1.2942430703624734,1.2942430703624734,1.2089552238805972,1.2942430703624734,False,False,False,False,False,False,False,1.2942430703624734,
fresh5,runtime,primary_tumor,0.4564896755162242,False,1.0,28.000000000000004,1.0,1.0,1.0,1.0,1.0,1.0,False,False,False,False,False,False,False,1.0,
fresh5,runtime,primary_tumor,0.7957227138643068,False,1.0,19.57,1.0,1.0,1.0,1.0,1.0,1.0,False,False,False,False,False,False,False,1.0,
fresh5,runtime,segment,0.0128787878787878,False,1.3766233766233766,10.0,1.0,1.0,1.3766233766233766,1.3766233766233766,5.847402597402597,1.0,False,True,False,False,False,False,False,1.3766233766233766,
fresh5,runtime,segment,0.0548701298701298,False,1.2275449101796407,1.2275449101796407,1.2275449101796407,1.0,1.2275449101796407,1.2275449101796407,3.3353293413173652,1.0,False,True,False,False,False,False,False,1.2275449101796407,
fresh5,runtime,segment,0.1968614718614718,False,1.0,1.0,1.0,1.0,1.0,1.0,1.0,1.0,False,False,False,False,False,False,False,1.0,
fresh5,runtime,segment,0.2055194805194805,False,1.0,22.48,1.0,1.0,1.0,1.0,1.0,1.0,False,False,False,False,False,False,False,1.0,
fresh5,runtime,soybean,0.0230600292825768,False,1.2549203008690908,1.1479013211738571,1.0,1.0,1.2549203008690908,1.2549203008690908,1.2549203008690908,1.2549203008690908,False,True,False,False,False,False,False,1.0,
fresh5,runtime,soybean,0.1621522693997071,False,1.3776559287183003,10.0,1.0,1.0,1.3776559287183003,1.3776559287183003,1.0,1.3776559287183003,False,False,False,False,False,False,False,1.0,
fresh5,runtime,soybean,0.6379941434846267,False,1.0,1.0,1.0,1.0,1.0,1.0,1.0,1.0,False,False,False,False,False,False,False,1.0,
fresh5,runtime,soybean,0.777086383601757,False,1.0,1.0,1.0,1.0,1.0,1.0,1.0,1.0,False,False,False,False,False,False,False,1.0,
fresh5,runtime,susy,0.02598815,False,3.1610114893160097,1.9017956702376333,1.9017956702376333,3.1610114893160097,3.1610114893160097,3.1610114893160097,1.9017956702376333,3.1610114893160097,False,False,False,False,False,False,False,3.1610114893160097,
fresh5,runtime,susy,0.04290295,False,3.7434875002984644,3.3041713426135955,3.3041713426135955,3.7434875002984644,3.7434875002984644,3.7434875002984644,3.3041713426135955,3.7434875002984644,False,True,False,False,False,False,False,3.7434875002984644,
fresh5,runtime,susy,0.11046075,False,4.071702580065324,2.5038032398781214,2.0961003090817427,4.071702580065324,4.071702580065324,4.071702580065324,2.0961003090817427,4.071702580065324,False,False,False,False,False,False,False,4.071702580065324,
fresh5,runtime,susy,0.16199895,False,3.8318805659887083,70.27330923865543,1.5896345640516856,3.8318805659887083,3.8318805659887083,3.8318805659887083,1.5896345640516856,3.8318805659887083,False,False,False,False,False,False,False,3.8318805659887083,
fresh5,runtime,vote,0.0660919540229885,False,1.3002832861189804,1.0,1.3002832861189804,1.0,1.3002832861189804,1.3002832861189804,1.0,1.3002832861189804,False,False,False,False,False,False,False,1.0,
fresh5,runtime,vote,0.3442528735632184,False,1.0,1.0,1.0,1.0,1.0,1.0,20.119999999999997,1.0,False,False,False,False,False,False,False,1.0,
fresh5,runtime,vote,0.4637931034482758,False,1.0,26.979999999999997,1.0,1.0,1.0,1.0,19.77,1.0,False,False,False,False,False,False,False,1.0,
fresh5,runtime,waveform_5000,0.03575,False,1.957759412304867,1.4664830119375576,2.3213957759412307,2.3213957759412307,1.957759412304867,1.0,1.4664830119375576,2.3213957759412307,False,False,False,False,False,False,False,2.3213957759412307,
fresh5,runtime,waveform_5000,0.04215,False,1.3130699088145898,1.0,1.2781155015197567,1.2781155015197567,1.3130699088145898,1.9042553191489362,1.0,1.2781155015197567,False,False,False,False,False,False,False,1.2781155015197567,
fresh5,runtime,waveform_5000,0.05775,False,1.8033333333333335,1.28,1.75,1.75,1.8033333333333335,1.28,1.0,1.75,False,False,False,False,False,False,False,1.75,
fresh5,runtime,waveform_5000,0.09935,False,1.4605263157894737,1.4605263157894737,1.3377192982456139,1.3377192982456139,1.4605263157894737,1.0,1.0526315789473684,1.3377192982456139,False,False,False,False,False,False,False,1.3377192982456139,
fresh5,runtime,waveform_5000,0.13435,False,1.7215189873417718,182.7911392405063,2.082278481012658,2.082278481012658,1.7215189873417718,1.0,1.6075949367088604,2.082278481012658,False,False,False,False,False,False,False,2.082278481012658,
fresh6,runtime,audiology,0.9502212389380532,False,2.8380673775596867,10.0,5.230841820253918,2.8380673775596867,2.8380673775596867,2.8380673775596867,5.230841820253918,2.8380673775596867,False,False,False,False,False,False,False,4.1850959270040144,
fresh6,runtime,audiology,0.9900442477876106,False,1.0,1.0,1.0,1.0,1.0,1.0,1.0,1.0,False,False,False,False,False,False,False,1.0,
fresh6,runtime,autos,0.0573170731707317,False,1.1221374045801527,3878.412213740458,1.0,1.2671755725190839,1.1221374045801527,1.1221374045801527,1.2671755725190839,1.2671755725190839,False,False,False,False,False,False,False,1.2671755725190839,
fresh6,runtime,autos,0.0865853658536585,False,1.29,25.080000000000002,1.49,1.0,1.29,1.29,1.0,1.0,False,False,False,False,False,False,False,1.0,
fresh6,runtime,autos,0.2329268292682927,False,1.23,1.0,1.02,1.0,1.23,1.23,1.0,1.0,False,False,False,False,False,False,False,1.0,
fresh6,runtime,autos,0.5841463414634146,False,1.0,1.0,1.0,1.0,1.0,1.0,1.0,1.0,False,True,False,False,False,False,False,1.0,
fresh6,runtime,balance_scale,0.0396,False,1.18,1.0,1.18,1.18,1.18,1.18,1.0,1.0,False,False,False,False,False,False,False,1.18,
fresh6,runtime,balance_scale,0.1228,False,1.0,1.0,1.0,1.0,1.0,1.0,1.0,1.0,False,False,False,False,False,False,False,1.0,
fresh6,runtime,breast_w,0.0168097281831187,False,1.23,26.040000000000003,1.23,1.23,1.23,1.0,1.0,1.23,False,False,False,False,False,False,False,1.23,
fresh6,runtime,breast_w,0.0683118741058655,False,1.1199999999999999,1.1199999999999999,1.1199999999999999,1.1199999999999999,1.1199999999999999,1.0,1.0,1.1199999999999999,False,False,False,False,False,False,False,1.1199999999999999,
fresh6,runtime,breast_w,0.5189556509298998,False,1.08,1.0,1.0,1.0,1.0,1.0,25.679999999999996,1.0,False,True,False,False,False,False,False,1.08,
fresh6,runtime,diabetes,0.0257161458333333,False,1.28,1.0,1.28,1.28,1.28,1.28,1.0,1.28,False,False,False,False,False,False,False,1.28,
fresh6,runtime,diabetes,0.0843098958333333,False,1.1400000000000001,1.1400000000000001,1.1400000000000001,1.1400000000000001,1.1400000000000001,1.1400000000000001,1.0,1.1400000000000001,False,False,False,False,False,False,False,1.1400000000000001,
fresh6,runtime,diabetes,0.1611328125,False,1.0,1.0,1.0,1.0,1.0,1.0,1.0,1.0,False,False,False,False,False,False,False,1.0,
fresh6,runtime,glass,0.050233644859813,False,1.2,33.339999999999996,1.0,1.0,1.2,1.2,1.3299999999999998,1.0,False,False,False,False,False,False,False,1.2,
fresh6,runtime,glass,0.1063084112149532,False,1.1400000000000001,1.0,1.0,1.0,1.1400000000000001,1.1400000000000001,1.0,1.0,False,False,False,False,False,False,False,1.1400000000000001,
fresh6,runtime,glass,0.2044392523364486,False,1.0,20.1,1.0,1.0,1.0,1.0,1.0,1.0,False,False,False,False,False,False,False,1.0,
fresh6,runtime,heart_c,0.042079207920792,False,1.353448275862069,1.353448275862069,1.353448275862069,1.060344827586207,1.353448275862069,1.353448275862069,1.293103448275862,1.353448275862069,False,False,False,False,False,False,False,1.353448275862069,
fresh6,runtime,heart_c,0.1773927392739274,False,1.2,35.709999999999994,1.0,1.0,1.2,1.2,1.0,1.2,False,False,False,False,False,False,False,1.2,
fresh6,runtime,heart_c,0.4282178217821782,False,1.0,21.779999999999998,1.0,1.0,1.0,1.0,1.0,1.0,False,False,False,False,False,False,False,1.0,
fresh6,runtime,ionosphere,0.0334757834757834,False,1.5796703296703296,10.0,1.0,1.0,1.5796703296703296,1.5796703296703296,1.0,1.0,False,False,False,False,False,False,False,1.0,
fresh6,runtime,ionosphere,0.0448717948717948,False,1.492354740061162,10.0,1.0,1.0,1.492354740061162,1.492354740061162,1.0,1.0,False,False,False,False,False,False,False,1.0,
fresh6,runtime,ionosphere,0.1047008547008547,False,1.5299999999999998,1.04,1.04,1.04,1.5299999999999998,1.5299999999999998,1.04,1.04,False,False,False,False,False,False,False,1.04,
fresh6,runtime,ionosphere,0.1987179487179487,False,1.0,1.0,1.0,1.0,1.0,1.0,1.0,1.0,False,False,False,False,False,False,False,1.0,
fresh6,runtime,ionosphere,0.344017094017094,False,1.0,1.0,1.0,1.0,1.0,1.0,23.81,1.0,False,False,False,False,False,False,False,1.0,
fresh6,runtime,lymph,0.0861486486486486,False,1.221476510067114,6840.6107382550335,1.221476510067114,1.0,1.221476510067114,1.221476510067114,1.0469798657718121,1.221476510067114,False,False,False,False,False,False,False,1.221476510067114,
fresh6,runtime,lymph,0.3631756756756756,False,1.01,30.509999999999998,1.0,1.0,1.01,1.01,1.0,1.0,False,False,False,False,False,False,False,1.01,
fresh6,runtime,lymph,0.7415540540540541,False,1.0,1.0,1.0,1.13,1.0,1.0,1.0,1.0,False,False,False,False,False,False,False,1.13,
fresh6,runtime,sonar,0.0516826923076923,False,1.096638655462185,1.5042016806722687,1.3697478991596637,1.3697478991596637,1.096638655462185,1.096638655462185,1.0,1.3697478991596637,False,False,False,False,False,False,False,1.0,
fresh6,runtime,sonar,0.0564903846153846,False,1.0,1.1126760563380282,1.1126760563380282,1.1126760563380282,1.0,1.0,1.0375586854460095,1.1126760563380282,False,False,False,False,False,False,False,1.0375586854460095,
fresh6,runtime,sonar,0.0853365384615384,False,1.44,178.06,1.45,1.45,1.44,1.44,1.0,1.45,False,False,False,False,False,False,False,1.0,
fresh6,runtime,sonar,0.1334134615384615,False,1.05,1.0,1.0,1.0,1.05,1.05,1.66,1.0,False,False,False,False,False,False,False,1.66,
fresh6,runtime,sonar,0.1622596153846154,False,1.08,1.0,1.0,1.0,1.08,1.08,1.0,1.0,False,False,False,False,False,False,False,1.0,
fresh6,runtime,vehicle,0.0209810874704491,False,1.203647416413374,1.203647416413374,1.203647416413374,1.0,1.203647416413374,1.203647416413374,1.1246200607902734,1.203647416413374,False,True,False,False,False,False,False,1.0,
fresh6,runtime,vehicle,0.0528959810874704,False,1.153225806451613,1.2338709677419355,1.153225806451613,1.0,1.153225806451613,1.153225806451613,1.2419354838709677,1.153225806451613,False,True,False,False,False,False,False,1.0,
fresh6,runtime,vehicle,0.1238179669030732,False,1.11,1.11,1.11,1.0,1.11,1.11,1.0,1.11,False,False,False,False,False,False,False,1.0,
fresh6,runtime,vehicle,0.1876477541371158,False,1.25,1.0,1.0,1.0,1.25,1.25,1.0,1.25,False,False,False,False,False,False,False,1.0,
fresh6,runtime,vowel,0.0138888888888888,False,1.360902255639098,1.0,1.0,1.2857142857142858,1.360902255639098,1.360902255639098,1.0,1.360902255639098,False,True,False,False,False,False,False,1.360902255639098,
fresh6,runtime,vowel,0.0361111111111111,False,1.1400000000000001,44.18,1.1400000000000001,1.0,1.1400000000000001,1.1400000000000001,1.0,1.1400000000000001,False,False,False,False,False,False,False,1.1400000000000001,
fresh6,runtime,vowel,0.1027777777777777,False,1.0,1.0,1.0,1.0,1.0,1.0,1.0,1.0,False,False,False,False,False,False,False,1.0,
fresh6,runtime,vowel,0.1522727272727272,False,1.08,1.01,1.0,1.03,1.08,1.08,1.01,1.08,False,False,False,False,False,False,False,1.08,
fresh6,runtime,zoo,0.1361386138613861,False,1.49,28647.629999999997,1.49,1.0,1.0,1.0,1.0,1.49,False,True,False,False,False,False,True,1.0,
fresh6,runtime,zoo,0.3935643564356436,False,1.0699999999999998,35.260000000000005,1.0,1.0,1.0,1.0,1.0,1.0,False,False,False,False,False,False,True,1.13,
fresh6,runtime,zoo,0.7004950495049505,False,1.0,1.0,1.0,1.0,1.0,1.0,1.0,1.0,False,False,False,False,False,False,False,1.0,
fresh7,runtime,oml_analcatdata_dmft,0.0147427854454203,True,1.25,1.0,1.0,1.25,1.25,1.0,1.0,1.25,False,False,False,False,False,False,False,1.25,
fresh7,runtime,oml_analcatdata_dmft,0.0348180677540777,True,1.0699999999999998,22.71,1.0699999999999998,1.0699999999999998,1.0699999999999998,1.21,1.0,1.0699999999999998,False,True,False,False,False,False,False,1.0699999999999998,
fresh7,runtime,oml_analcatdata_dmft,0.1075909661229611,True,1.0999999999999999,1.0,1.0999999999999999,1.0999999999999999,1.0999999999999999,1.0,1.0,1.0999999999999999,False,False,False,False,False,False,False,1.0999999999999999,
fresh7,runtime,oml_banknote_authentication,0.0245991253644314,True,1.0,1.0,1.0,1.0,1.0,1.0,1.0,1.0,False,False,False,False,False,False,False,1.0,
fresh7,runtime,oml_banknote_authentication,0.0428206997084548,True,1.03,24.740000000000002,1.03,1.03,1.03,1.03,1.0,1.0,False,True,False,False,False,False,False,1.03,
fresh7,runtime,oml_banknote_authentication,0.1259110787172011,True,1.0,1.0,1.0,1.0,1.0,1.0,1.0,1.0,False,True,False,False,False,False,False,1.0,
fresh7,runtime,oml_blood_transfusion_service_center,0.025066844919786,True,1.39,26.009999999999998,1.39,1.39,1.39,1.39,1.0,1.39,False,False,False,False,False,False,False,1.39,
fresh7,runtime,oml_blood_transfusion_service_center,0.0357620320855614,True,1.0,1.0,1.0,1.0,1.0,1.0,1.0,1.0,False,True,False,False,False,False,False,1.0,
fresh7,runtime,oml_blood_transfusion_service_center,0.1600935828877005,True,1.0699999999999998,21.69,1.0,1.0699999999999998,1.0699999999999998,1.0699999999999998,1.0,1.0699999999999998,False,True,False,False,False,False,False,1.0699999999999998,
fresh7,runtime,oml_churn,0.02595,True,1.614481409001957,188.52641878669274,1.614481409001957,1.2328767123287672,1.614481409001957,1.614481409001957,1.0,1.2328767123287672,False,True,False,False,False,False,False,1.614481409001957,
fresh7,runtime,oml_churn,0.04455,True,1.327683615819209,1.248587570621469,1.327683615819209,1.248587570621469,1.327683615819209,1.327683615819209,1.5310734463276836,1.248587570621469,False,True,False,False,False,False,False,1.327683615819209,
fresh7,runtime,oml_churn,0.18055,True,1.584070796460177,23.991150442477878,1.256637168141593,1.2831858407079648,1.584070796460177,1.584070796460177,1.256637168141593,1.2831858407079648,False,False,False,False,False,False,False,1.2831858407079648,
fresh7,runtime,oml_churn,0.32535,True,1.26,26.779999999999998,1.0,1.0,1.26,1.26,1.0,1.0,False,False,False,False,False,False,False,1.0,
fresh7,runtime,oml_climate_model_simulation_crashes,0.0310185185185185,True,1.4,1.0,1.4,1.4200000000000002,1.4,1.4,1.0,1.4,False,False,False,False,False,False,False,1.4200000000000002,
fresh7,runtime,oml_climate_model_simulation_crashes,0.0458333333333333,True,1.6,44.919999999999995,1.6,1.1400000000000001,1.6,1.6,1.0,1.6,False,False,False,False,False,False,False,1.1400000000000001,
fresh7,runtime,oml_climate_model_simulation_crashes,0.0662037037037037,True,1.27,30.31,1.27,1.0,1.27,1.27,1.0,1.27,False,False,False,False,False,False,False,1.0,
fresh7,runtime,oml_climate_model_simulation_crashes,0.1921296296296296,True,1.0,1.0,1.0,1.0,1.0,1.0,1.0,1.0,False,True,False,False,False,False,False,1.0,
fresh7,runtime,oml_cmc,0.0106924643584521,True,1.1603773584905661,1.1132075471698113,1.0660377358490565,1.1132075471698113,1.1603773584905661,1.1132075471698113,1.0660377358490565,1.1603773584905661,False,True,False,False,False,False,False,1.1603773584905661,
fresh7,runtime,oml_cmc,0.1274609640190088,True,1.0,32.66,1.0,1.0,1.0,1.0,1.0,1.0,False,False,False,False,False,False,False,1.0,
fresh7,runtime,oml_cmc,0.3691446028513238,True,1.0,30.049999999999997,1.05,1.0,1.0,1.0,1.1199999999999999,1.0,False,False,False,False,False,False,False,1.0,
fresh7,runtime,oml_cylinder_bands,0.0236111111111111,True,1.3440696076934817,1.0,1.3440696076934817,1.0,1.0,1.0,3.327736223477332,1.0,False,False,False,False,False,False,False,1.0,
fresh7,runtime,oml_cylinder_bands,0.0347222222222222,True,1.5066548358473824,10.0,1.5066548358473824,1.0,1.0,1.0,3.6793847973972196,1.0,False,False,False,False,False,False,False,1.0,
fresh7,runtime,oml_cylinder_bands,0.1625,True,1.2793296089385475,10.0,1.2793296089385475,1.0,1.0,1.0,15.642458100558661,1.0,False,False,False,False,False,False,False,1.0,
fresh7,runtime,oml_cylinder_bands,0.5087962962962963,True,1.0,1.0,1.0,1.0,1.0,1.0,21.77,1.0,False,False,False,False,False,False,False,1.0,
fresh7,runtime,oml_cylinder_bands,0.8847222222222222,True,1.11,23.03,1.11,1.0,1.0,1.0,22.47,1.11,False,False,False,False,False,False,False,1.0,
fresh7,runtime,oml_dresses_sales,0.0235,True,1.47,1.34,1.47,1.0,1.0,1.0,1.47,1.47,False,False,False,False,False,False,False,1.47,
fresh7,runtime,oml_dresses_sales,0.1235,True,1.0,25.84,1.0,1.0,1.0,1.0,1.0,1.0,False,True,False,False,False,False,True,1.0,
fresh7,runtime,oml_dresses_sales,0.2755,True,1.1199999999999999,1.1199999999999999,1.1199999999999999,1.0,1.0,1.0,1.1199999999999999,1.0,False,False,False,False,False,False,True,1.1199999999999999,
fresh7,runtime,oml_electricity,0.013081523658192,True,1.0,396.35471698113207,1.6075471698113208,1.0,1.0,1.1132075471698113,1.3773584905660377,1.6075471698113208,False,True,False,False,False,False,False,1.0,
fresh7,runtime,oml_electricity,0.0864837129237288,True,1.1614349775784754,1.013452914798206,1.1614349775784754,1.1614349775784754,1.1614349775784754,1.0,1.1031390134529149,1.013452914798206,False,False,False,False,False,False,False,1.1614349775784754,
fresh7,runtime,oml_electricity,0.2002063471045197,True,1.0253164556962024,1.0253164556962024,1.0,1.0253164556962024,1.1518987341772151,1.1518987341772151,1.0063291139240507,1.0,False,False,False,False,False,False,False,1.0253164556962024,
fresh7,runtime,oml_eucalyptus,0.0173233695652173,True,1.0,1.1101321585903083,1.0,1.026431718061674,1.0,1.026431718061674,1.0,1.026431718061674,False,False,False,False,False,False,False,1.0,
fresh7,runtime,oml_eucalyptus,0.054008152173913,True,1.17,1.0,1.17,1.0,1.17,1.0,1.17,1.0,False,False,False,False,False,False,False,1.17,
fresh7,runtime,oml_eucalyptus,0.1246603260869565,True,1.11,1.0,1.11,1.0,1.11,1.0,1.11,1.0,False,True,False,False,False,False,False,1.11,
fresh7,runtime,oml_eucalyptus,0.2605298913043478,True,1.0,1.0,1.0,1.0,1.0,1.0,1.0,1.0,False,False,False,False,False,False,False,1.0,
fresh7,runtime,oml_gesturephasesegmentationprocessed,0.0146611972044971,True,1.0,10.0,10.0,10.0,1.0,10.0,10.0,10.0,False,False,False,False,False,False,False,10.0,
fresh7,runtime,oml_gesturephasesegmentationprocessed,0.0429200850805226,True,1.1669873028087725,10.0,1.0573297422085417,1.0,1.1669873028087725,4.291650634859561,1.0573297422085417,1.0,False,False,False,False,False,False,False,1.0,
fresh7,runtime,oml_gesturephasesegmentationprocessed,0.072090549984807,True,1.2036036036036035,1.6828828828828828,1.0,1.2846846846846847,1.2036036036036035,1.6828828828828828,1.0,1.2846846846846847,False,True,False,False,False,False,False,1.2846846846846847,
fresh7,runtime,oml_gesturephasesegmentationprocessed,0.1199989871366352,True,1.8024691358024691,11.650205761316874,1.374485596707819,2.0576131687242802,1.8024691358024691,1.0,1.374485596707819,2.0576131687242802,False,True,False,False,False,False,False,2.0576131687242802,
fresh7,runtime,oml_gesturephasesegmentationprocessed,0.152714473817482,True,1.5625000000000002,11.500000000000002,1.2426470588235294,1.8419117647058825,1.5625000000000002,1.0,1.2426470588235294,1.8419117647058825,False,False,False,False,False,False,False,1.8419117647058825,
fresh7,runtime,oml_ilpd,0.0253001715265866,True,1.44,40.75,1.44,1.44,1.44,1.44,1.0,1.44,False,False,False,False,False,False,False,1.0,
fresh7,runtime,oml_ilpd,0.1162092624356775,True,1.24,23.39,1.24,1.0,1.24,1.24,1.0,1.24,False,False,False,False,False,False,False,1.24,
fresh7,runtime,oml_ilpd,0.1882504288164665,True,1.08,25.66,1.0,1.08,1.08,1.08,1.0,1.08,False,False,False,False,False,False,False,1.08,
fresh7,runtime,oml_jungle_chess_2pcs_raw_endgame_complete,0.0074912425533813,True,1.1867816091954024,1.1867816091954024,1.0,1.1867816091954024,1.0804597701149425,1.0,1.0804597701149425,1.1867816091954024,False,False,False,False,False,False,False,1.1867816091954024,
fresh7,runtime,oml_jungle_chess_2pcs_raw_endgame_complete,0.0411599991075213,True,1.0,1.1721311475409835,1.0,1.0,1.1721311475409835,1.0040983606557377,1.1721311475409835,1.0,False,False,False,False,False,False,False,1.0,
fresh7,runtime,oml_jungle_chess_2pcs_raw_endgame_complete,0.1040574310002454,True,1.6111111111111114,16.13888888888889,1.6111111111111114,1.6111111111111114,1.0,1.0,1.3111111111111111,1.6111111111111114,False,False,False,False,False,False,False,1.6111111111111114,
fresh7,runtime,oml_mfeat_morphological,0.011875,True,1.0,1.0,1.0,1.0,1.0,1.0,1.0,1.0,False,True,False,False,False,False,False,1.0,
fresh7,runtime,oml_mfeat_morphological,0.089875,True,1.0,1.0,1.0,1.0,1.0,1.0,1.0,1.0,False,False,False,False,False,False,False,1.0,
fresh7,runtime,oml_mfeat_morphological,0.197875,True,1.0,1.0,1.08,1.0,1.0,1.0,1.0,1.0,False,False,False,False,False,False,False,1.0,
fresh7,runtime,oml_numerai28_6,0.0252777200996677,True,2.0921372930866604,1.8338607594936709,2.0921372930866604,2.0921372930866604,2.0921372930866604,1.0,1.1583495618305746,2.0921372930866604,False,True,False,False,False,False,False,1.8338607594936709,
fresh7,runtime,oml_numerai28_6,0.0487930855481727,True,2.2813306567249785,84.27960997992544,2.2813306567249785,2.2813306567249785,2.2813306567249785,1.5445942070547747,1.0,2.2813306567249785,False,False,False,False,False,False,False,1.673358187553771,
fresh7,runtime,oml_numerai28_6,0.1018350290697674,True,2.622265122265122,78.64478764478764,2.622265122265122,2.622265122265122,2.572072072072072,1.0,1.2277992277992278,2.622265122265122,False,False,False,False,False,False,False,2.572072072072072,
fresh7,runtime,oml_numerai28_6,0.1345800456810631,True,2.6253687315634218,1.0,2.6253687315634218,2.6253687315634218,2.193952802359882,1.0,1.3119469026548674,2.6253687315634218,False,False,False,False,False,False,False,2.193952802359882,
fresh7,runtime,oml_pc4,0.0135459533607681,True,1.0,10.0,1.0162566502660106,1.0162566502660106,1.0,1.0,1.0,1.0162566502660106,False,False,False,False,False,False,False,1.0162566502660106,
fresh7,runtime,oml_pc4,0.047153635116598,True,1.2663261792723517,10.0,1.1643521175255365,1.0,1.2663261792723517,1.2663261792723517,1.0,1.0,False,False,False,False,False,False,False,1.0,
fresh7,runtime,oml_pc4,0.1582647462277092,True,1.0914634146341462,9.472560975609754,1.100609756097561,1.0,1.0914634146341462,1.0914634146341462,1.0,1.0,False,False,False,False,False,False,False,1.0,
fresh7,runtime,oml_pc4,0.4134087791495199,True,1.0,1.0,1.0,1.0,1.0,1.0,1.0,1.0,False,False,False,False,False,False,False,1.0,
fresh7,runtime,oml_pc4,0.6822702331961591,True,1.55,1.0,1.0,1.0,1.55,1.55,1.0,1.0,False,False,False,False,False,False,False,1.0,
fresh7,runtime,oml_pendigits,0.0123498908296943,True,1.503893214682981,6494.463848720801,1.6329254727474976,1.0,1.6329254727474976,4.636262513904338,4.636262513904338,1.503893214682981,False,False,False,False,False,False,False,1.503893214682981,
fresh7,runtime,oml_pendigits,0.0499226710334788,True,1.280130293159609,1.280130293159609,1.280130293159609,1.0,1.0293159609120521,1.8208469055374592,1.8208469055374592,1.280130293159609,False,True,False,False,False,False,False,1.280130293159609,
fresh7,runtime,oml_pendigits,0.1125136462882096,True,1.142011834319527,1.2011834319526629,1.142011834319527,1.1775147928994085,1.1775147928994085,1.0,1.0,1.142011834319527,False,False,False,False,False,False,False,1.142011834319527,
fresh7,runtime,oml_pendigits,0.1784707059679767,True,1.6390977443609023,64.70676691729324,1.1203007518796992,1.0,1.6390977443609023,1.1203007518796992,1.1203007518796992,1.6390977443609023,False,False,False,False,False,False,False,1.6390977443609023,
fresh7,runtime,oml_phishingwebsites,0.141180461329715,True,1.0175701718939418,10.0,1.0,1.0,1.0175701718939418,1.0175701718939418,1.0,1.0175701718939418,False,False,False,False,False,False,False,1.0,
fresh7,runtime,oml_phishingwebsites,0.7258932609678879,True,1.1403508771929824,1.47953216374269,1.1345029239766082,1.1345029239766082,1.1403508771929824,1.1403508771929824,1.1345029239766082,1.1403508771929824,False,False,False,False,False,False,False,1.1345029239766082,
fresh7,runtime,oml_phishingwebsites,0.8334464043419267,True,1.314516129032258,1.4919354838709677,1.314516129032258,1.0,1.314516129032258,1.314516129032258,1.0,1.314516129032258,False,False,False,False,False,False,False,1.0,
fresh7,runtime,oml_phoneme,0.0117968171724648,True,1.41,24.95,1.0,1.0,1.41,1.41,1.0,1.41,False,False,False,False,False,False,False,1.41,
fresh7,runtime,oml_phoneme,0.0554681717246484,True,1.26,23.81,1.26,1.26,1.26,1.26,1.0,1.26,False,False,False,False,False,False,False,1.26,
fresh7,runtime,oml_phoneme,0.1398501110288675,True,1.08,1.0,1.0,1.08,1.08,1.08,1.51,1.08,False,True,False,False,False,False,False,1.08,
fresh7,runtime,oml_satimage,0.0492612752721617,True,1.0,1.7640497408068794,1.527176268659304,1.4165380814507882,1.0,3.516557152516514,1.527176268659304,1.4165380814507882,False,True,False,False,False,False,False,1.4165380814507882,
fresh7,runtime,oml_satimage,0.1086702954898911,True,1.1051004636785162,7.9180834621329215,1.0911901081916537,1.0,1.1051004636785162,5.256568778979908,1.0,1.0,False,False,False,False,False,False,False,1.0,
fresh7,runtime,oml_satimage,0.1659020217729393,True,1.4186046511627908,135.53023255813955,1.0,1.6372093023255816,1.4186046511627908,1.0279069767441862,1.6372093023255816,1.6372093023255816,False,True,False,False,False,False,False,1.6372093023255816,
fresh7,runtime,oml_satimage,0.1823872472783825,True,1.3238095238095235,1.0,1.1428571428571428,1.3142857142857143,1.3238095238095235,1.0,1.3142857142857143,1.3142857142857143,False,True,False,False,False,False,False,1.3142857142857143,
fresh7,runtime,oml_steel_plates_fault,0.0168727460072127,True,1.4082332761578047,9.874785591766724,1.374785591766724,1.0,1.4082332761578047,1.4082332761578047,1.0,1.4082332761578047,False,True,False,False,False,False,False,1.0,
fresh7,runtime,oml_steel_plates_fault,0.0338742916022668,True,1.094412331406551,1.094412331406551,1.2485549132947975,1.0,1.094412331406551,1.094412331406551,1.0,1.094412331406551,False,False,False,False,False,False,False,1.0,
fresh7,runtime,oml_steel_plates_fault,0.0838485316846986,True,1.0827586206896551,1.0827586206896551,1.0,1.0137931034482757,1.0827586206896551,1.0827586206896551,1.0137931034482757,1.0827586206896551,False,False,False,False,False,False,False,1.0137931034482757,
fresh7,runtime,oml_steel_plates_fault,0.1791602266872746,True,1.4,55.23,1.01,1.0,1.4,1.4,1.0,1.4,False,False,False,False,False,False,False,1.0,
fresh7,runtime,oml_steel_plates_fault,0.3084750128799587,True,1.0,24.84,1.0,1.0,1.0,1.0,1.0,1.0,False,False,False,False,False,False,False,1.0,
fresh7,runtime,oml_wall_robot_navigation,0.0129673753665689,True,1.4225888324873095,4.723096446700508,1.4621827411167512,1.0,1.4225888324873095,7.774111675126903,1.0,1.4225888324873095,False,True,False,False,False,False,False,1.0,
fresh7,runtime,oml_wall_robot_navigation,0.0245142961876832,True,1.2922013820335636,1.0,1.5765054294175715,1.0,1.2922013820335636,6.48568608094768,1.0,1.2922013820335636,False,False,False,False,False,False,False,1.0,
fresh7,runtime,oml_wall_robot_navigation,0.0732679618768328,True,1.5721153846153846,1.3221153846153846,1.3221153846153846,1.0,1.5721153846153846,1.9471153846153848,1.0,1.5721153846153846,False,False,False,False,False,False,False,1.0,
fresh7,runtime,oml_wall_robot_navigation,0.1203720674486803,True,1.4405594405594406,1.4405594405594406,1.3776223776223775,1.2517482517482517,1.4405594405594406,1.4405594405594406,1.2517482517482517,1.4405594405594406,False,False,False,False,False,False,False,1.2517482517482517,
fresh7,runtime,oml_wall_robot_navigation,0.1830553519061583,True,1.4054054054054053,1.4054054054054053,1.3108108108108107,1.4932432432432432,1.4054054054054053,1.4054054054054053,1.4932432432432432,1.4054054054054053,False,False,False,False,False,False,False,1.4932432432432432,
fresh7,runtime,oml_wdbc,0.0259226713532513,True,1.2898272552783108,1.0,1.0,1.0,1.2898272552783108,1.2898272552783108,1.0,1.2898272552783108,False,False,False,False,False,False,False,1.0,
fresh7,runtime,oml_wdbc,0.0417398945518453,True,1.2620689655172412,1.0103448275862068,1.0103448275862068,1.0103448275862068,1.2620689655172412,1.2620689655172412,1.0103448275862068,1.2620689655172412,False,False,False,False,False,False,False,1.0103448275862068,
fresh7,runtime,oml_wdbc,0.0663444639718804,True,1.0838709677419354,1.0,1.0,1.0258064516129033,1.0838709677419354,1.0838709677419354,1.0258064516129033,1.0838709677419354,False,False,False,False,False,False,False,1.0258064516129033,
fresh7,runtime,oml_wdbc,0.171792618629174,True,1.2,57.85,1.0,1.0,1.2,1.2,1.0,1.2,False,False,False,False,False,False,False,1.0,
fresh7,runtime,oml_wdbc,0.1981546572934973,True,1.3499999999999999,37.71,1.0,1.0,1.3499999999999999,1.3499999999999999,1.0,1.3499999999999999,False,False,False,False,False,False,False,1.0,
fresh7,runtime,oml_wilt,0.0148274436867121,True,1.1199999999999999,1.0,1.0,1.1199999999999999,1.1199999999999999,1.1199999999999999,1.0,1.1199999999999999,False,False,False,False,False,False,False,1.1199999999999999,
fresh7,runtime,oml_wilt,0.044379003926431,True,1.27,26.150000000000002,1.27,1.27,1.27,1.27,1.0,1.27,False,False,False,False,False,False,False,1.27,
fresh7,runtime,oml_wilt,0.1929634221946683,True,1.05,1.0,1.0,1.05,1.05,1.05,1.0,1.05,False,False,False,False,False,False,False,1.05,
fresh8,runtime,oml_click_prediction_small,0.0162128414298134,True,1.257841621965633,10.0,1.5902354759523591,1.257841621965633,1.257841621965633,1.257841621965633,1.5902354759523591,1.257841621965633,False,False,False,False,False,False,False,1.257841621965633,
fresh8,runtime,oml_click_prediction_small,0.134045680574128,True,1.0318991940061302,1.0318991940061302,1.0318991940061302,1.0318991940061302,1.0318991940061302,1.0318991940061302,1.1063684867748893,1.0318991940061302,False,True,False,False,False,False,False,1.0318991940061302,
fresh8,runtime,oml_click_prediction_small,0.2768773335311426,True,1.0,1.0,1.0,1.0,1.0,1.0,1.8410976388002551,1.0,False,False,False,False,False,False,False,1.0,
fresh8,runtime,oml_comet_mc_sample,0.0043425335328241,True,1.0,5.390194075587333,1.4382022471910114,1.0,1.0,1.0,1.4382022471910114,1.0,False,False,False,False,False,False,False,1.0,
fresh8,runtime,oml_comet_mc_sample,0.0399818227156993,True,1.0,1.0,1.0,1.0,1.0,1.0,1.5285565939771548,1.0,False,False,False,False,False,False,False,1.0,
fresh8,runtime,oml_comet_mc_sample,0.1999996718901751,True,1.0,1.0,1.0,1.0,1.0,1.0,1.4016064257028114,1.0,False,False,False,False,False,False,False,1.0,
fresh8,runtime,oml_creditcard,0.0296648256538638,True,4.012929061784897,4.689397406559879,4.689397406559879,4.012929061784897,4.012929061784897,4.012929061784897,4.012929061784897,4.012929061784897,False,True,False,False,False,False,False,4.689397406559879,
fresh8,runtime,oml_creditcard,0.0405388561376651,True,2.589505290248785,2.5021923553522067,2.5021923553522067,2.589505290248785,2.589505290248785,2.589505290248785,2.589505290248785,2.589505290248785,False,True,False,False,False,False,False,2.5021923553522067,
fresh8,runtime,oml_creditcard,0.0508967476220739,True,2.7677940903177847,1.19986991265564,2.177569225051106,2.7677940903177847,2.7677940903177847,2.7677940903177847,2.7677940903177847,2.7677940903177847,False,True,False,False,False,False,False,2.177569225051106,
fresh8,runtime,oml_creditcard,0.1996711808347407,True,2.9582932923313474,188.07803190467038,2.9582932923313474,2.9582932923313474,2.9582932923313474,2.9582932923313474,3.945416106092639,2.9582932923313474,False,False,False,False,False,False,False,3.945416106092639,
fresh8,runtime,oml_creditcard,0.1999626062561664,True,2.921842155551309,164.37970571373975,2.921842155551309,2.921842155551309,2.921842155551309,2.921842155551309,2.79648385247468,2.921842155551309,False,False,False,False,False,False,False,2.79648385247468,
fresh8,runtime,oml_fars,0.1225809167260914,True,1.2121576888353898,1.2121576888353898,1.0,1.0,1.0,1.0,1.5747818236533253,1.2121576888353898,False,True,False,False,False,False,False,1.0,
fresh8,runtime,oml_fars,0.660632576657951,True,1.0,1.6476190476190475,1.5714285714285716,1.5714285714285716,1.5714285714285716,1.5714285714285716,1.5714285714285716,1.0,False,True,False,False,False,False,False,1.5714285714285716,
fresh8,runtime,oml_fars,0.980377446319626,True,1.0,8.231147540983606,1.1,1.1,1.0,1.1,1.1,1.0,False,False,False,False,False,False,False,1.1,
fresh8,runtime,oml_ldpa,0.0025824942375348,True,1.0,12.372583479789103,1.1177504393673112,1.1177504393673112,1.0,1.1177504393673112,1.1511423550087874,1.1177504393673112,False,False,False,False,False,False,False,1.0,
fresh8,runtime,oml_ldpa,0.0561794856241659,True,1.0,1.0,1.0,1.0,1.0,1.118279569892473,1.113978494623656,1.118279569892473,False,False,False,False,False,False,False,1.0,
fresh8,runtime,oml_ldpa,0.1582782360790974,True,1.0,8.005012531328322,1.0,1.0,1.0,1.2882205513784462,1.2481203007518797,1.2882205513784462,False,False,False,False,False,False,False,1.0,
fresh8,runtime,oml_sensordataresource,0.0081725983807635,True,1.1946727283324592,1.1946727283324592,1.4323016844436671,1.1946727283324592,1.0,1.4323016844436671,1.0,1.4323016844436671,False,False,False,False,False,False,False,1.0,
fresh8,runtime,oml_sensordataresource,0.0107825003330955,True,1.2656567522630704,10.0,1.4558470349159431,1.2656567522630704,1.0,1.4558470349159431,1.0,1.4558470349159431,False,False,False,False,False,False,False,1.0,
fresh8,runtime,oml_sensordataresource,0.0869477470981495,True,1.0,7.795465508924265,1.276410998552822,1.0,1.105643994211288,1.276410998552822,1.105643994211288,1.276410998552822,False,False,False,False,False,False,False,1.105643994211288,
fresh8,runtime,oml_sensordataresource,0.1999964731054698,True,1.0,1.2852975495915986,1.2392065344224037,1.0,1.1808634772462077,1.2392065344224037,1.1808634772462077,1.2392065344224037,False,False,False,False,False,False,False,1.1808634772462077,
fresh8,runtime,oml_sensordataresource,0.5470037071580284,True,1.178622668579627,1.1334289813486371,1.178622668579627,1.178622668579627,1.0,1.1334289813486371,1.0,1.1334289813486371,False,False,False,False,False,False,False,1.0,
fresh8,runtime,oml_spoken_arabic_digit,0.0197934709940134,True,1.3715736040609137,1.0,1.3715736040609137,1.3715736040609137,1.3715736040609137,1.0,1.0,1.3715736040609137,False,False,False,False,False,False,False,1.3715736040609137,
fresh8,runtime,oml_spoken_arabic_digit,0.041441600571307,True,1.417677033913196,93.69460551748374,1.417677033913196,1.417677033913196,1.417677033913196,1.4155684413986995,1.4155684413986995,1.417677033913196,False,False,False,False,False,False,False,1.417677033913196,
fresh8,runtime,oml_spoken_arabic_digit,0.0976454477770687,True,1.746063786838918,1.746063786838918,1.746063786838918,1.746063786838918,1.746063786838918,1.0,1.0,1.746063786838918,False,True,False,False,False,False,False,1.746063786838918,
fresh8,runtime,oml_spoken_arabic_digit,0.1084638146898836,True,1.451376146788991,44.41651376146789,1.451376146788991,1.451376146788991,1.451376146788991,1.0,1.0,1.451376146788991,False,False,False,False,False,False,False,1.451376146788991,
fresh8,runtime,oml_walking_activity,0.0267976723006455,True,1.0,1.0,1.0,1.0,1.0,1.1476014760147601,1.2952029520295203,1.1476014760147601,False,False,False,False,False,False,False,1.0,
fresh8,runtime,oml_walking_activity,0.042387097206225,True,1.0352564102564104,1.1121794871794872,1.0352564102564104,1.0352564102564104,1.0352564102564104,1.1121794871794872,1.1346153846153848,1.1121794871794872,False,False,False,False,False,False,False,1.0352564102564104,
fresh8,runtime,oml_walking_activity,0.0656573942624487,True,1.0,25.733542319749215,1.0,1.0,1.0,1.4764890282131664,1.1347962382445143,1.4764890282131664,False,False,False,False,False,False,False,1.0,
