source,algorithm,category,dataset,param_value,runtime_s_recorded,peak_memory_mb_recorded,generator_count_recorded,peak_memory_mb_exact,memory_reps,peak_source,generator_count,count_matches,rerun_runtime_s,note
paper,DefMe,1,connect,0.3,12.4079,1168.03,460357.0,997.82,997.82 925.40 1101.10,wait4,460357,True,13.6775,
paper,DefMe,1,connect,0.5,3.4386,1137.27,130102.0,1090.26,905.23 1106.79 1090.26,wait4,130102,True,3.7505,
paper,DefMe,1,connect,0.7,1.2143,926.57,35876.0,890.95,895.72 883.26 890.95,wait4,35876,True,1.2662,
paper,DefMe,1,connect,0.2,39.339,1074.08,1482862,1112.82,1080.25 1112.82 1135.95,wait4,1482862,True,42.6082,
paper,DefMe,1,chess,0.3,6.4614,758.67,5601829.0,590.56,590.56 588.89 616.39,wait4,5601829,True,6.6748,
paper,DefMe,1,chess,0.5,0.6254,469.82,372604.0,473.41,471.68 473.49 473.41,wait4,372604,True,0.6498,
paper,DefMe,1,chess,0.7,0.2326,158.02,23893.0,158.77,158.63 158.77 160.11,wait4,23893,True,0.2377,
paper,DefMe,1,t10i4d100k,0.2,0.2793,150.65,1.0,150.71,149.89 150.71 151.20,wait4,1,True,0.2887,
paper,DefMe,1,t10i4d100k,0.3,0.2721,150.3,1.0,151.82,149.59 156.64 151.82,wait4,1,True,0.2935,
paper,DefMe,1,t10i4d100k,0.5,0.2807,150.09,1.0,149.84,149.58 153.05 149.84,wait4,1,True,0.2783,
paper,DefMe,1,t10i4d100k,0.7,0.2792,149.34,1.0,154.07,154.20 153.91 154.07,wait4,1,True,0.2905,
paper,DefMe,1,retail,0.2,0.378,480.78,4.0,478.55,480.31 477.63 478.55,wait4,4,True,0.3946,
paper,DefMe,1,retail,0.3,0.3836,481.32,4.0,484.46,480.26 484.46 492.37,wait4,4,True,0.3943,
paper,DefMe,1,retail,0.5,0.3782,481.75,2.0,481.9,490.37 476.89 481.90,wait4,2,True,0.4013,
paper,DefMe,1,retail,0.7,0.3754,484.17,1.0,481.86,479.98 481.86 482.82,wait4,1,True,0.3995,
paper,DefMe,1,chess,0.2,33.3844,742.77,25031186,751.8,742.67 762.89 751.80,wait4,25031186,True,35.274,
paper,Talky_G,1,connect,0.3,2.9281,652.76,460357.0,643.98,643.98 639.82 663.23,wait4,460357,True,3.3595,
paper,Talky_G,1,connect,0.5,0.877,508.84,130102.0,514.44,514.44 518.61 503.53,wait4,130102,True,0.9116,
paper,Talky_G,1,connect,0.7,0.5948,342.76,35876.0,348.08,350.59 348.08 339.68,wait4,35876,True,0.6153,
paper,Talky_G,1,chess,0.5,3.0274,378.37,372604.0,379.3,368.38 379.30 379.73,wait4,372604,True,3.5358,
paper,Talky_G,1,chess,0.7,0.2556,115.79,23893.0,115.34,118.32 114.16 115.34,wait4,23893,True,0.2647,
paper,Talky_G,1,t10i4d100k,0.2,0.3068,144.77,1.0,152.2,153.19 152.20 150.52,wait4,1,True,0.3242,
paper,Talky_G,1,t10i4d100k,0.3,0.3159,143.71,1.0,152.18,155.20 151.16 152.18,wait4,1,True,0.3236,
paper,Talky_G,1,t10i4d100k,0.5,0.3144,146.52,1.0,153.44,151.53 153.44 156.88,wait4,1,True,0.3258,
paper,Talky_G,1,t10i4d100k,0.7,0.3118,146.02,1.0,151.88,151.54 151.88 152.02,wait4,1,True,0.3197,
paper,Talky_G,1,retail,0.2,0.6051,1153.61,4.0,1153.82,1153.41 1153.82 1153.94,wait4,4,True,0.6388,
paper,Talky_G,1,retail,0.3,0.6143,1154.89,4.0,1152.38,1152.38 1154.52 1148.01,wait4,4,True,0.6406,
paper,Talky_G,1,retail,0.5,0.6138,1152.29,2.0,1155.51,1159.75 1155.51 1150.02,wait4,2,True,0.642,
paper,Talky_G,1,retail,0.7,0.6108,1153.19,1.0,1150.65,1149.92 1150.65 1152.43,wait4,1,True,0.6367,
paper,Talky_G,1,connect,0.2,36.2326,732.58,1482862,728.72,728.72 723.89 736.79,wait4,1482862,True,39.4803,
paper,Pascal,1,chess,0.7,3.0817,96.81,23892.0,104.99,106.23 104.99 100.83,wait4,23892,True,3.2044,
paper,Pascal,1,t10i4d100k,0.2,0.2441,129.15,0.0,124.71,124.71 123.88 128.25,wait4,0,True,0.2595,
paper,Pascal,1,t10i4d100k,0.3,0.2513,128.52,0.0,129.48,131.15 129.48 128.43,wait4,0,True,0.2663,
paper,Pascal,1,t10i4d100k,0.5,0.2453,130.39,0.0,129.3,129.30 130.06 128.75,wait4,0,True,0.2671,
paper,Pascal,1,t10i4d100k,0.7,0.2551,128.49,0.0,128.42,128.42 129.07 127.62,wait4,0,True,0.2659,
paper,Pascal,1,retail,0.2,0.271,125.69,3.0,123.56,124.90 123.56 120.41,wait4,3,True,0.2973,
paper,Pascal,1,retail,0.3,0.2713,120.96,3.0,125.85,126.50 125.85 123.42,wait4,3,True,0.2891,
paper,Pascal,1,retail,0.5,0.2582,125.97,1.0,125.28,125.28 121.00 125.84,wait4,1,True,0.2812,
paper,Pascal,1,retail,0.7,0.2531,124.21,0.0,124.11,121.06 124.32 124.11,wait4,0,True,0.2723,
paper,Zart,1,chess,0.7,44.1872,399.76,23893,404.79,404.79 409.12 401.05,wait4,23893,True,43.5946,
paper,Zart,1,t10i4d100k,0.2,0.3054,149.47,0.0,156.22,156.46 154.17 156.22,wait4,0,True,0.3094,
paper,Zart,1,t10i4d100k,0.3,0.2949,149.95,0.0,155.03,153.71 156.48 155.03,wait4,0,True,0.3138,
paper,Zart,1,t10i4d100k,0.5,0.306,147.57,0.0,153.89,153.89 154.38 151.79,wait4,0,True,0.3103,
paper,Zart,1,t10i4d100k,0.7,0.2976,145.89,0.0,150.1,149.77 150.10 152.04,wait4,0,True,0.319,
paper,Zart,1,retail,0.2,0.3404,145.31,4.0,151.78,151.29 151.78 153.20,wait4,4,True,0.3404,
paper,Zart,1,retail,0.3,0.3292,147.05,4.0,151.32,150.11 151.32 154.00,wait4,4,True,0.3423,
paper,Zart,1,retail,0.5,0.3163,145.61,2.0,152.5,150.59 152.50 153.09,wait4,2,True,0.3322,
paper,Zart,1,retail,0.7,0.3161,145.67,0.0,151.05,149.78 151.86 151.05,wait4,0,True,0.323,
paper,TalkyG_Diffset,1,connect,0.2,39.8986,877.66,1482862,876.0,890.25 873.11 876.00,wait4,1482862,True,40.7314,
paper,TalkyG_Diffset,1,connect,0.3,3.5146,1002.9,460357.0,963.05,814.06 988.87 963.05,wait4,460357,True,3.9919,
paper,TalkyG_Diffset,1,connect,0.5,1.0608,652.16,130102.0,650.89,650.89 626.35 660.14,wait4,130102,True,1.0914,
paper,TalkyG_Diffset,1,connect,0.7,0.6369,349.13,35876.0,359.92,359.92 362.42 359.91,wait4,35876,True,0.6542,
paper,TalkyG_Diffset,1,chess,0.5,2.9883,410.52,372604.0,410.01,412.68 410.01 399.79,wait4,372604,True,3.4051,
paper,TalkyG_Diffset,1,chess,0.7,0.2685,128.51,23893.0,127.71,127.07 131.17 127.71,wait4,23893,True,0.2768,
paper,TalkyG_Diffset,1,t10i4d100k,0.2,0.3045,143.7,1.0,153.45,148.81 153.98 153.45,wait4,1,True,0.3221,
paper,TalkyG_Diffset,1,t10i4d100k,0.3,0.3083,146.74,1.0,151.56,151.53 153.01 151.56,wait4,1,True,0.3179,
paper,TalkyG_Diffset,1,t10i4d100k,0.5,0.3079,146.32,1.0,151.83,151.13 153.93 151.83,wait4,1,True,0.3168,
paper,TalkyG_Diffset,1,t10i4d100k,0.7,0.3031,145.75,1.0,154.51,153.86 154.51 155.06,wait4,1,True,0.3227,
paper,TalkyG_Diffset,1,retail,0.2,0.5924,1155.82,4.0,1161.95,1114.81 1161.95 1164.04,wait4,4,True,0.5958,
paper,TalkyG_Diffset,1,retail,0.3,0.6091,1162.74,4.0,1117.43,1114.80 1159.00 1117.43,wait4,4,True,0.5848,
paper,TalkyG_Diffset,1,retail,0.5,0.5985,1156.26,2.0,1116.02,1114.30 1160.38 1116.02,wait4,2,True,0.5788,
paper,TalkyG_Diffset,1,retail,0.7,0.5905,1155.38,1.0,1159.84,1161.02 1154.29 1159.84,wait4,1,True,0.6408,
paper,FGC_Stream,5,t10i4d100k,0.2,0.6982,98.11,1,97.63,97.63,wait4,1,True,0.7971,
paper,FGC_Stream,5,t10i4d100k,0.3,0.7099,98.11,1,97.64,97.64,wait4,1,True,0.7701,
paper,FGC_Stream,5,t10i4d100k,0.5,0.6987,98.13,1,97.48,97.48,wait4,1,True,0.7511,
paper,FGC_Stream,5,t10i4d100k,0.7,0.6667,98.11,1,97.47,97.47,wait4,1,True,0.7077,
paper,FGC_Stream,5,retail,0.2,34.3437,96.29,4,95.71,95.71,wait4,4,True,36.4513,
paper,FGC_Stream,5,retail,0.3,53.2454,96.27,4,95.71,95.71,wait4,4,True,63.7982,
paper,FGC_Stream,5,retail,0.5,0.8554,96.25,2,95.93,95.93,wait4,2,True,0.7276,
paper,FGC_Stream,5,retail,0.7,0.8061,96.22,1,95.76,95.76,wait4,1,True,0.6726,
paper,Arima,5,chess,0.3,67.7226,7234.66,180161,7366.21,7366.21 7298.99 7404.59,wait4,180161,True,70.3863,
paper,Arima,5,t10i4d100k,0.1,0.217,98.96,870.0,95.76,95.52 95.76 97.54,wait4,870,True,0.2397,
paper,Arima,5,t10i4d100k,0.2,0.2249,98.24,870.0,95.27,95.27 95.08 100.15,wait4,870,True,0.2374,
paper,Arima,5,t10i4d100k,0.3,0.2133,95.73,870.0,99.11,99.34 99.11 94.23,wait4,870,True,0.2351,
paper,Arima,5,retail,0.1,0.2727,106.91,16472.0,108.88,108.88 106.83 110.25,wait4,16472,True,0.2921,
paper,Arima,5,retail,0.2,0.2617,107.32,16468.0,107.75,108.18 107.75 106.96,wait4,16468,True,0.2842,
paper,Arima,5,retail,0.3,0.2557,107.41,16468.0,108.42,108.39 113.06 108.42,wait4,16468,True,0.2891,
paper,DefMe,1,mushroom,0.2,0.2205,125.58,1704.0,122.4,122.40 122.22 125.90,wait4,1704,True,0.2345,
paper,DefMe,1,mushroom,0.3,0.2045,96.62,544.0,94.34,94.31 94.34 94.49,wait4,544,True,0.2193,
paper,DefMe,1,mushroom,0.5,0.2096,96.76,53.0,96.62,93.96 97.58 96.62,wait4,53,True,0.2091,
paper,DefMe,1,mushroom,0.7,0.2074,99.45,13.0,93.88,93.88 97.79 92.97,wait4,13,True,0.2092,
paper,Talky_G,1,mushroom,0.2,0.2252,98.2,1852.0,98.43,98.05 98.93 98.43,wait4,1852,True,0.2454,
paper,Talky_G,1,mushroom,0.3,0.2265,100.84,551.0,96.07,92.92 98.70 96.07,wait4,551,True,0.2359,
paper,Talky_G,1,mushroom,0.5,0.2102,97.38,52.0,96.1,96.10 95.81 98.66,wait4,52,True,0.23,
paper,Talky_G,1,mushroom,0.7,0.215,95.54,12.0,96.0,97.24 96.00 94.49,wait4,12,True,0.2288,
paper,Pascal,1,mushroom,0.2,0.9832,110.0,1703.0,109.09,110.53 106.50 109.09,wait4,1703,True,0.9498,
paper,Pascal,1,mushroom,0.3,0.3789,97.03,543.0,98.48,92.72 100.25 98.48,wait4,543,True,0.4012,
paper,Pascal,1,mushroom,0.5,0.224,97.51,52.0,99.4,100.06 92.53 99.40,wait4,52,True,0.2483,
paper,Pascal,1,mushroom,0.7,0.1977,105.0,12.0,102.22,105.94 102.22 101.80,wait4,12,True,0.2163,
paper,Zart,1,mushroom,0.2,44.2896,384.95,1704,395.38,386.90 412.38 395.38,wait4,1704,True,43.0943,
paper,Zart,1,mushroom,0.3,1.2506,195.08,544.0,198.01,197.35 198.01 211.57,wait4,544,True,1.2773,
paper,Zart,1,mushroom,0.5,0.2785,99.1,53.0,107.58,106.37 107.58 112.25,wait4,53,True,0.2698,
paper,Zart,1,mushroom,0.7,0.2146,98.31,13.0,95.3,94.96 103.61 95.30,wait4,13,True,0.2258,
paper,TalkyG_Diffset,1,mushroom,0.2,0.2252,96.39,1852.0,99.75,99.75 100.87 97.93,wait4,1852,True,0.2287,
paper,TalkyG_Diffset,1,mushroom,0.3,0.2251,99.91,551.0,97.12,96.82 97.12 102.43,wait4,551,True,0.2246,
paper,TalkyG_Diffset,1,mushroom,0.5,0.2134,97.75,52.0,96.25,94.57 96.25 100.30,wait4,52,True,0.2262,
paper,TalkyG_Diffset,1,mushroom,0.7,0.2185,96.37,12.0,97.82,98.79 97.82 93.32,wait4,12,True,0.215,
paper,FGC_Stream,5,mushroom,0.2,134.1415,24.63,1704,24.49,24.49,wait4,1704,True,162.8028,
paper,FGC_Stream,5,mushroom,0.3,69.8936,23.66,544,23.31,23.31,wait4,544,True,69.2336,
paper,FGC_Stream,5,mushroom,0.5,8.3822,23.27,53,22.46,22.46,wait4,53,True,8.6842,
paper,FGC_Stream,5,mushroom,0.7,0.4118,22.89,13,22.18,22.18,wait4,13,True,0.3705,
paper,Arima,5,mushroom,0.1,1.343,329.59,3077.0,342.01,345.06 273.66 342.01,wait4,3077,True,1.3796,
paper,Arima,5,mushroom,0.2,0.27,108.01,1004.0,112.59,107.56 112.59 120.76,wait4,1004,True,0.29,
paper,Arima,5,mushroom,0.3,0.2108,89.55,409.0,88.53,93.14 86.07 88.53,wait4,409,True,0.2148,
paper,Apriori_Gen_Borgelt,1,mushroom,0.1,0.1027,5.12,7584.0,4.95,4.95,wait4,7584,True,0.1118,
paper,Apriori_Gen_Borgelt,1,mushroom,0.15,0.0356,4.22,3082.0,3.95,3.95,wait4,3082,True,0.0371,
paper,Apriori_Gen_Borgelt,1,mushroom,0.2,0.0211,4.21,1703.0,3.96,3.96,wait4,1703,True,0.0209,
paper,Apriori_Gen_Borgelt,1,mushroom,0.3,0.009,4.16,543.0,3.94,3.94,wait4,543,True,0.0101,
paper,Apriori_Gen_Borgelt,1,mushroom,0.4,0.0083,3.91,152.0,3.99,3.99,wait4,152,True,0.0087,
paper,Apriori_Gen_Borgelt,1,mushroom,0.5,0.008,3.92,52.0,3.97,3.97,wait4,52,True,0.0095,
paper,Apriori_Gen_Borgelt,1,mushroom,0.6,0.0088,3.79,20.0,4.05,4.05,wait4,20,True,0.011,
paper,Apriori_Gen_Borgelt,1,mushroom,0.7,0.0062,2.72,12.0,3.95,3.95,wait4,12,True,0.0097,
paper,Eclat_Gen_Borgelt,1,mushroom,0.1,0.0215,11.63,7584.0,11.43,11.43,wait4,7584,True,0.0293,
paper,Eclat_Gen_Borgelt,1,mushroom,0.15,0.0156,7.81,3082.0,7.88,7.88,wait4,3082,True,0.0305,
paper,Eclat_Gen_Borgelt,1,mushroom,0.2,0.0116,6.41,1703.0,6.52,6.52,wait4,1703,True,0.0188,
paper,Eclat_Gen_Borgelt,1,mushroom,0.3,0.0084,4.53,543.0,4.71,4.71,wait4,543,True,0.0117,
paper,Eclat_Gen_Borgelt,1,mushroom,0.4,0.0084,4.0,152.0,4.25,4.25,wait4,152,True,0.0118,
paper,Eclat_Gen_Borgelt,1,mushroom,0.5,0.0082,3.96,52.0,4.24,4.24,wait4,52,True,0.0109,
paper,Eclat_Gen_Borgelt,1,mushroom,0.6,0.007,2.8,20.0,4.09,4.09,wait4,20,True,0.0115,
paper,Eclat_Gen_Borgelt,1,mushroom,0.7,0.0078,3.76,12.0,4.08,4.08,wait4,12,True,0.0096,
paper,FPgrowth_Gen_Borgelt,1,mushroom,0.1,0.0144,10.73,7584.0,10.66,10.66,wait4,7584,True,0.0202,
paper,FPgrowth_Gen_Borgelt,1,mushroom,0.15,0.0108,7.57,3082.0,7.55,7.55,wait4,3082,True,0.0137,
paper,FPgrowth_Gen_Borgelt,1,mushroom,0.2,0.0131,6.12,1703.0,6.26,6.26,wait4,1703,True,0.0115,
paper,FPgrowth_Gen_Borgelt,1,mushroom,0.3,0.0099,4.05,543.0,4.6,4.60,wait4,543,True,0.0118,
paper,FPgrowth_Gen_Borgelt,1,mushroom,0.4,0.009,4.04,152.0,4.45,4.45,wait4,152,True,0.012,
paper,FPgrowth_Gen_Borgelt,1,mushroom,0.5,0.0073,2.8,52.0,4.09,4.09,wait4,52,True,0.0112,
paper,FPgrowth_Gen_Borgelt,1,mushroom,0.6,0.0074,2.86,20.0,4.06,4.06,wait4,20,True,0.0113,
paper,FPgrowth_Gen_Borgelt,1,mushroom,0.7,0.007,4.0,12.0,3.96,3.96,wait4,12,True,0.0102,
paper,FPgrowth_Gen_Borgelt,1,pumsb,0.6,1.4923,269.91,2853041.0,285.98,285.98,wait4,2853041,True,1.4882,
paper,FPgrowth_Gen_Borgelt,1,pumsb,0.7,0.3033,58.5,658379.0,68.51,68.51,wait4,658379,True,0.3047,
paper,FPgrowth_Gen_Borgelt,1,pumsb,0.75,0.153,32.5,248298.0,32.53,32.53,wait4,248298,True,0.1581,
paper,FPgrowth_Gen_Borgelt,1,pumsb,0.8,0.1041,27.07,67835.0,26.45,26.45,wait4,67835,True,0.1115,
paper,FPgrowth_Gen_Borgelt,1,pumsb,0.85,0.0914,25.64,13789.0,25.55,25.55,wait4,13789,True,0.1012,
paper,FPgrowth_Gen_Borgelt,1,pumsb,0.9,0.088,21.01,2030.0,21.0,21.00,wait4,2030,True,0.0946,
paper,FPgrowth_Gen_Borgelt,1,pumsb,0.95,0.0801,18.76,141.0,18.61,18.61,wait4,141,True,0.0857,
paper,FPgrowth_Gen_Borgelt,1,accidents,0.3,0.593,100.82,149529.0,101.22,101.22,wait4,149529,True,0.6423,
paper,FPgrowth_Gen_Borgelt,1,accidents,0.4,0.4903,87.43,32528.0,87.92,87.92,wait4,32528,True,0.5345,
paper,FPgrowth_Gen_Borgelt,1,accidents,0.5,0.4175,61.69,8057.0,73.08,73.08,wait4,8057,True,0.4436,
paper,FPgrowth_Gen_Borgelt,1,accidents,0.6,0.3781,61.58,2074.0,65.38,65.38,wait4,2074,True,0.4003,
paper,FPgrowth_Gen_Borgelt,1,accidents,0.7,0.3313,61.66,529.0,61.46,61.46,wait4,529,True,0.3548,
paper,FPgrowth_Gen_Borgelt,1,accidents,0.8,0.2994,61.68,149.0,61.38,61.38,wait4,149,True,0.319,
paper,DefMe,1,mushroom,0.05,0.3504,358.85,21391.0,376.26,368.54 383.09 376.26,wait4,21391,True,0.3717,
paper,DefMe,1,mushroom,0.1,0.2642,230.85,7585.0,228.18,228.11 234.43 228.18,wait4,7585,True,0.2773,
paper,DefMe,1,mushroom,0.15,0.2208,127.06,3083.0,127.88,130.10 127.88 126.00,wait4,3083,True,0.2351,
paper,DefMe,1,mushroom,0.4,0.1954,97.61,153.0,96.41,96.41 96.77 96.18,wait4,153,True,0.2104,
paper,DefMe,1,mushroom,0.6,0.193,97.7,21.0,94.95,93.54 98.07 94.95,wait4,21,True,0.2126,
paper,DefMe,1,connect,0.4,6.2768,1121.28,239373.0,1119.68,997.20 1119.68 1164.38,wait4,239373,True,6.4562,
paper,DefMe,1,connect,0.6,1.9531,1027.34,68344.0,1136.65,1136.65 1086.66 1147.20,wait4,68344,True,2.0309,
paper,DefMe,1,connect,0.8,0.686,548.12,15108.0,579.87,548.97 582.61 579.87,wait4,15108,True,0.7319,
paper,DefMe,1,connect,0.9,0.4557,276.1,3487.0,342.02,342.02 340.70 344.80,wait4,3487,True,0.4634,
paper,DefMe,1,chess,0.4,1.72,634.18,1396843.0,617.02,778.70 615.84 617.02,wait4,1396843,True,1.7412,
paper,DefMe,1,chess,0.6,0.3581,373.5,98419.0,394.71,394.71 400.64 392.05,wait4,98419,True,0.3595,
paper,DefMe,1,chess,0.8,0.1958,107.57,5084.0,109.58,105.18 113.90 109.58,wait4,5084,True,0.2143,
paper,DefMe,1,chess,0.9,0.1878,92.82,499.0,93.38,93.38 91.68 93.80,wait4,499,True,0.2092,
paper,DefMe,1,t10i4d100k,0.001,0.9844,796.8,871.0,812.59,812.59 788.98 820.52,wait4,871,True,1.076,
paper,DefMe,1,t10i4d100k,0.002,0.9919,812.09,871.0,750.12,603.94 810.05 750.12,wait4,871,True,1.0711,
paper,DefMe,1,t10i4d100k,0.005,0.9871,774.32,871.0,796.69,805.25 796.69 786.84,wait4,871,True,1.0906,
paper,DefMe,1,t10i4d100k,0.01,0.9878,819.63,870.0,819.07,822.26 604.12 819.07,wait4,870,True,1.0739,
paper,DefMe,1,t10i4d100k,0.02,0.2763,151.66,1.0,152.76,152.17 156.18 152.76,wait4,1,True,0.3022,
paper,DefMe,1,t10i4d100k,0.05,0.2744,150.21,1.0,152.14,152.35 152.14 152.09,wait4,1,True,0.3051,
paper,DefMe,1,retail,0.0005,11.5215,1948.33,19115.0,1945.27,1945.07 1945.27 1946.46,wait4,19115,True,13.0135,
paper,DefMe,1,retail,0.001,3.6265,1941.95,7573.0,1946.05,1946.05 1621.73 1950.94,wait4,7573,True,4.221,
paper,DefMe,1,retail,0.002,1.2698,1945.43,2692.0,1950.6,1950.60 1952.05 1950.47,wait4,2692,True,1.4026,
paper,DefMe,1,retail,0.005,0.4591,582.42,581.0,583.39,709.07 583.39 582.08,wait4,581,True,0.4668,
paper,DefMe,1,retail,0.01,0.3992,490.02,160.0,492.42,492.42 490.94 493.00,wait4,160,True,0.4112,
paper,DefMe,1,retail,0.02,0.3888,480.7,56.0,482.64,480.15 482.64 492.03,wait4,56,True,0.3957,
paper,DefMe,1,accidents,0.3,6.6613,1008.61,149530.0,1034.79,1047.88 1034.79 1026.67,wait4,149530,True,6.7712,
paper,DefMe,1,accidents,0.4,1.9654,1029.81,32529.0,1056.2,1056.20 1041.56 1258.02,wait4,32529,True,2.0373,
paper,DefMe,1,accidents,0.5,1.0604,874.51,8058.0,909.47,1125.66 890.22 909.47,wait4,8058,True,1.1043,
paper,DefMe,1,accidents,0.6,0.8599,792.43,2075.0,879.69,893.49 782.52 879.69,wait4,2075,True,0.8909,
paper,DefMe,1,accidents,0.7,0.7956,652.05,530.0,758.89,822.60 758.89 755.55,wait4,530,True,0.8328,
paper,DefMe,1,accidents,0.8,0.7786,657.42,150.0,683.68,682.98 683.68 695.19,wait4,150,True,0.7972,
paper,Pascal,1,chess,0.5,441.1246,419.19,372603,415.89,413.64 415.89 418.40,wait4,372603,True,467.8649,
paper,DefMe,1,pumsb,0.6,22.3843,1121.7,2853042,869.07,865.99 869.07 871.55,wait4,2853042,True,21.8833,
paper,DefMe,1,pumsb,0.75,2.0546,876.3,248299.0,882.07,882.07 1209.36 874.00,wait4,248299,True,2.1849,
paper,DefMe,1,pumsb,0.8,0.8963,862.24,67836.0,862.44,862.44 857.86 876.29,wait4,67836,True,0.9371,
paper,DefMe,1,pumsb,0.7,4.9336,871.64,658380.0,869.43,1069.98 867.24 869.43,wait4,658380,True,5.2682,
paper,DefMe,1,pumsb,0.85,0.5654,579.06,13790.0,598.97,592.32 598.97 602.32,wait4,13790,True,0.5739,
paper,DefMe,1,pumsb,0.9,0.4463,338.44,2031.0,415.27,414.13 415.27 416.36,wait4,2031,True,0.481,
paper,DefMe,1,pumsb,0.95,0.4203,328.96,142.0,340.62,338.86 340.73 340.62,wait4,142,True,0.4504,
paper,Talky_G,1,mushroom,0.05,0.2879,123.65,24350.0,134.96,134.96 136.91 134.23,wait4,24350,True,0.3219,
paper,Talky_G,1,mushroom,0.1,0.2402,118.99,8437.0,124.39,122.00 124.39 129.01,wait4,8437,True,0.3213,
paper,Talky_G,1,mushroom,0.15,0.2217,96.0,3287.0,96.02,94.22 96.02 97.16,wait4,3287,True,0.2517,
paper,Talky_G,1,mushroom,0.4,0.216,97.99,152.0,94.93,92.93 100.43 94.93,wait4,152,True,0.2375,
paper,Talky_G,1,mushroom,0.6,0.2097,100.21,20.0,95.32,96.02 95.30 95.32,wait4,20,True,0.2302,
paper,Talky_G,1,connect,0.6,0.6738,393.3,68344.0,406.39,396.09 412.09 406.39,wait4,68344,True,0.7092,
paper,Talky_G,1,connect,0.4,1.2828,645.91,239373.0,657.92,671.35 648.97 657.92,wait4,239373,True,1.4082,
paper,Talky_G,1,connect,0.8,0.539,272.6,15108.0,292.77,294.27 292.77 287.77,wait4,15108,True,0.5668,
paper,Talky_G,1,connect,0.9,0.5064,274.98,3487.0,278.12,282.95 277.62 278.12,wait4,3487,True,0.5832,
paper,Talky_G,1,chess,0.6,0.4304,158.84,98419.0,168.39,168.39 171.39 166.30,wait4,98419,True,0.4762,
paper,Talky_G,1,chess,0.8,0.2161,94.04,5084.0,94.47,96.51 94.47 92.59,wait4,5084,True,0.2246,
paper,Talky_G,1,chess,0.9,0.2059,92.54,499.0,94.63,94.44 94.63 95.34,wait4,499,True,0.2233,
paper,Talky_G,1,t10i4d100k,0.001,0.3167,145.54,871.0,150.87,150.87 150.55 151.50,wait4,871,True,0.3433,
paper,Talky_G,1,t10i4d100k,0.002,0.3233,148.18,871.0,151.57,151.57 150.97 151.72,wait4,871,True,0.3388,
paper,Talky_G,1,t10i4d100k,0.005,0.3183,143.82,871.0,152.23,154.81 151.30 152.23,wait4,871,True,0.3469,
paper,Talky_G,1,t10i4d100k,0.01,0.3107,146.54,870.0,153.12,153.12 152.94 156.21,wait4,870,True,0.344,
paper,Talky_G,1,t10i4d100k,0.02,0.3147,147.76,1.0,152.68,150.94 152.68 154.76,wait4,1,True,0.329,
paper,Talky_G,1,t10i4d100k,0.05,0.3067,143.84,1.0,151.77,151.29 151.77 154.92,wait4,1,True,0.3282,
paper,Talky_G,1,retail,0.0005,0.8334,1288.57,19122.0,1286.16,1221.51 1288.20 1286.16,wait4,19122,True,0.8943,
paper,Talky_G,1,retail,0.001,0.6968,1152.33,7573.0,1291.24,1291.24 1287.82 1295.33,wait4,7573,True,0.764,
paper,Talky_G,1,retail,0.002,0.6294,1154.94,2692.0,1149.64,1095.79 1151.10 1149.64,wait4,2692,True,0.6695,
paper,Talky_G,1,retail,0.005,0.6054,1153.38,581.0,1155.25,1150.29 1155.25 1155.70,wait4,581,True,0.6535,
paper,Talky_G,1,retail,0.01,0.6077,1158.4,160.0,1152.18,1148.04 1152.34 1152.18,wait4,160,True,0.6393,
paper,Talky_G,1,retail,0.02,0.6081,1154.58,56.0,1153.92,1149.03 1156.52 1153.92,wait4,56,True,0.6407,
paper,Talky_G,1,accidents,0.3,2.18,1016.26,149530.0,848.32,991.07 846.97 848.32,wait4,149530,True,2.257,
paper,Talky_G,1,accidents,0.4,1.3443,874.24,32529.0,846.63,840.21 876.66 846.63,wait4,32529,True,1.4105,
paper,Talky_G,1,accidents,0.5,1.1971,796.82,8058.0,813.12,813.12 828.17 794.57,wait4,8058,True,1.2226,
paper,Talky_G,1,accidents,0.6,1.1451,814.86,2075.0,791.38,787.26 794.77 791.38,wait4,2075,True,1.1801,
paper,Talky_G,1,accidents,0.7,1.1149,727.72,530.0,773.59,729.56 773.59 779.77,wait4,530,True,1.147,
paper,Talky_G,1,accidents,0.8,1.1148,714.51,150.0,715.07,724.98 715.07 712.55,wait4,150,True,1.1389,
paper,Talky_G,1,chess,0.4,49.3159,511.64,1396843,497.43,497.43 502.04 485.41,wait4,1396843,True,53.6237,
paper,Talky_G,1,pumsb,0.7,5.7824,966.71,658380.0,966.14,965.12 969.46 966.14,wait4,658380,True,6.5871,
paper,Talky_G,1,pumsb,0.75,1.5897,963.18,248299.0,964.59,968.89 963.39 964.59,wait4,248299,True,1.7131,
paper,Talky_G,1,pumsb,0.8,0.895,663.88,67836.0,680.41,680.41 675.41 688.29,wait4,67836,True,0.9441,
paper,Talky_G,1,pumsb,0.85,0.7813,462.58,13790.0,640.47,642.84 640.47 634.23,wait4,13790,True,0.8319,
paper,Talky_G,1,pumsb,0.9,0.7441,448.11,2031.0,466.01,467.44 466.01 465.60,wait4,2031,True,0.7802,
paper,Talky_G,1,pumsb,0.95,0.7056,442.11,142.0,451.03,451.03 448.37 451.55,wait4,142,True,0.7685,
paper,Pascal,1,mushroom,0.1,57.691,273.36,7584,260.66,260.66 261.25 253.07,wait4,7584,True,57.2445,
paper,Pascal,1,mushroom,0.15,2.1117,117.02,3082.0,120.54,116.33 120.54 129.33,wait4,3082,True,2.2002,
paper,Pascal,1,mushroom,0.4,0.2905,95.8,152.0,98.23,98.23 91.05 111.61,wait4,152,True,0.3059,
paper,Pascal,1,mushroom,0.6,0.2098,108.78,20.0,104.1,104.94 104.10 103.60,wait4,20,True,0.2197,
paper,Talky_G,1,pumsb,0.6,129.5294,1400.69,2853042,1063.86,1062.86 1063.86 1077.77,wait4,2853042,True,126.5339,
paper,Pascal,1,connect,0.9,16.4821,304.18,3486.0,294.99,292.60 296.55 294.99,wait4,3486,True,19.528,
paper,Pascal,1,chess,0.6,20.6284,169.45,98418.0,175.95,165.44 178.00 175.95,wait4,98418,True,21.6188,
paper,Pascal,1,chess,0.8,0.8281,91.37,5083.0,97.04,98.64 97.04 91.82,wait4,5083,True,0.8649,
paper,Pascal,1,chess,0.9,0.3224,86.98,498.0,95.89,93.65 96.14 95.89,wait4,498,True,0.3374,
paper,Pascal,1,t10i4d100k,0.02,0.2401,128.79,0.0,128.2,126.78 128.20 128.39,wait4,0,True,0.2587,
paper,Pascal,1,t10i4d100k,0.05,0.2427,128.43,0.0,127.62,126.34 127.62 128.41,wait4,0,True,0.2515,
paper,Pascal,1,connect,0.8,124.7782,347.39,15107,356.96,356.23 386.77 356.96,wait4,15107,True,117.9296,
paper,Pascal,1,retail,0.005,53.7008,129.27,580,130.58,132.23 130.58 125.78,wait4,580,True,61.123,
paper,Pascal,1,retail,0.02,0.5707,124.45,55.0,125.52,125.52 127.60 119.16,wait4,55,True,0.7713,
paper,Pascal,1,retail,0.01,4.288,120.57,159.0,121.17,123.31 121.17 119.78,wait4,159,True,6.0638,
paper,Pascal,1,accidents,0.6,47.193,408.71,2074,409.96,409.96 409.32 415.35,wait4,2074,True,36.3505,
paper,Pascal,1,accidents,0.7,11.4804,408.96,529.0,409.09,409.09 408.18 412.64,wait4,529,True,12.2854,
paper,Pascal,1,accidents,0.8,3.5074,412.95,149.0,410.24,410.24 408.53 413.94,wait4,149,True,3.7775,
paper,Pascal,1,accidents,0.5,138.517,410.84,8057,408.96,408.62 408.96 415.72,wait4,8057,True,180.0977,
paper,Pascal,1,pumsb,0.85,63.5295,363.17,13789,360.6,360.60 358.35 364.58,wait4,13789,True,74.0519,
paper,Pascal,1,pumsb,0.9,7.7666,360.7,2030.0,361.6,358.94 362.99 361.60,wait4,2030,True,9.5321,
paper,Pascal,1,pumsb,0.95,1.0149,365.81,141.0,365.98,367.31 361.17 365.98,wait4,141,True,1.1747,
paper,Pascal,1,pumsb,0.8,247.1454,363.95,67835,361.36,361.36 368.04 361.11,wait4,67835,True,302.7366,
paper,Zart,1,mushroom,0.4,0.3876,137.89,153.0,143.97,147.63 143.97 138.83,wait4,153,True,0.4719,
paper,Zart,1,mushroom,0.6,0.224,96.91,21.0,98.11,98.11 93.39 99.38,wait4,21,True,0.2744,
paper,Zart,1,mushroom,0.15,126.5752,418.91,3083,415.82,425.89 409.40 415.82,wait4,3083,True,132.2554,
paper,Zart,1,chess,0.8,3.0932,394.35,5084.0,395.5,394.10 395.50 396.17,wait4,5084,True,3.3476,
paper,Zart,1,chess,0.9,0.3299,118.67,499.0,134.93,132.69 134.93 138.95,wait4,499,True,0.381,
paper,Zart,1,connect,0.9,130.6938,418.37,3487,429.09,428.50 429.26 429.09,wait4,3487,True,137.5016,
paper,Zart,1,t10i4d100k,0.002,545.852,1450.12,871,1310.36,1312.12 1307.38 1310.36,wait4,871,True,584.042,
paper,Zart,1,t10i4d100k,0.005,550.0992,1307.9,871,1314.66,1512.81 1297.07 1314.66,wait4,871,True,584.1461,
paper,Zart,1,t10i4d100k,0.02,0.2892,149.05,0.0,153.7,153.70 154.26 151.87,wait4,0,True,0.359,
paper,Zart,1,t10i4d100k,0.05,0.2905,145.93,0.0,153.11,153.11 152.69 153.14,wait4,0,True,0.3415,
paper,Zart,1,t10i4d100k,0.01,554.432,1311.42,870,1308.71,1308.71 1306.79 1456.59,wait4,870,True,581.9233,
paper,Zart,1,retail,0.005,24.7684,690.74,581.0,643.21,643.21 624.72 658.89,wait4,581,True,27.1118,
paper,Zart,1,retail,0.01,2.2642,613.49,160.0,594.92,491.84 615.96 594.92,wait4,160,True,2.5752,
paper,Zart,1,retail,0.02,0.5581,278.68,56.0,308.81,308.81 304.80 311.11,wait4,56,True,0.6351,
paper,Zart,1,retail,0.002,579.5006,1661.21,2692,1411.37,1273.93 1665.24 1411.37,wait4,2692,True,618.6832,
paper,Zart,1,accidents,0.6,45.8235,619.23,2075,814.38,814.38 820.64 809.98,wait4,2075,True,48.1212,
paper,Zart,1,accidents,0.7,7.8675,802.37,530.0,828.85,849.35 812.13 828.85,wait4,530,True,8.5505,
paper,Zart,1,accidents,0.8,2.0683,803.81,150.0,799.09,799.09 817.86 785.79,wait4,150,True,2.2492,
paper,Zart,1,accidents,0.5,212.8178,859.54,8058,832.92,835.01 832.92 829.45,wait4,8058,True,206.7899,
paper,Zart,1,pumsb,0.9,8.3215,838.73,2031.0,833.93,829.58 836.11 833.93,wait4,2031,True,9.2062,
paper,Zart,1,pumsb,0.95,0.9708,827.43,142.0,830.36,830.36 827.68 834.04,wait4,142,True,1.0839,
paper,TalkyG_Diffset,1,mushroom,0.05,0.3009,139.99,24350.0,152.96,152.91 152.96 153.62,wait4,24350,True,0.3689,
paper,TalkyG_Diffset,1,mushroom,0.1,0.2424,129.99,8437.0,127.51,128.60 127.51 126.41,wait4,8437,True,0.2938,
paper,TalkyG_Diffset,1,mushroom,0.15,0.2287,98.37,3287.0,97.56,93.16 99.40 97.56,wait4,3287,True,0.2745,
paper,TalkyG_Diffset,1,mushroom,0.4,0.2201,99.45,152.0,99.7,96.22 99.70 100.81,wait4,152,True,0.2701,
paper,TalkyG_Diffset,1,mushroom,0.6,0.2129,98.41,20.0,94.16,99.46 92.15 94.16,wait4,20,True,0.2588,
paper,TalkyG_Diffset,1,connect,0.4,1.6257,789.34,239373.0,813.61,766.49 813.61 814.56,wait4,239373,True,1.8613,
paper,TalkyG_Diffset,1,connect,0.6,0.7822,518.36,68344.0,469.87,469.12 522.27 469.87,wait4,68344,True,0.872,
paper,TalkyG_Diffset,1,connect,0.8,0.5556,275.88,15108.0,334.2,334.20 326.06 336.61,wait4,15108,True,0.6394,
paper,TalkyG_Diffset,1,connect,0.9,0.5108,274.29,3487.0,280.16,282.10 280.16 278.18,wait4,3487,True,0.5712,
paper,TalkyG_Diffset,1,chess,0.4,51.5933,490.89,1396843,500.45,509.98 500.45 498.02,wait4,1396843,True,55.5998,
paper,TalkyG_Diffset,1,chess,0.6,0.4589,179.36,98419.0,214.24,214.24 219.01 205.12,wait4,98419,True,0.5392,
paper,TalkyG_Diffset,1,chess,0.8,0.2159,93.96,5084.0,96.53,96.53 97.09 95.83,wait4,5084,True,0.2476,
paper,TalkyG_Diffset,1,chess,0.9,0.2065,94.34,499.0,94.46,94.03 96.13 94.46,wait4,499,True,0.2533,
paper,TalkyG_Diffset,1,t10i4d100k,0.001,0.3115,145.84,871.0,152.88,152.88 151.30 156.69,wait4,871,True,0.3781,
paper,TalkyG_Diffset,1,t10i4d100k,0.002,0.3139,147.05,871.0,152.97,152.97 151.22 155.32,wait4,871,True,0.3753,
paper,TalkyG_Diffset,1,t10i4d100k,0.005,0.3134,147.87,871.0,154.54,154.66 154.54 152.31,wait4,871,True,0.3683,
paper,TalkyG_Diffset,1,t10i4d100k,0.01,0.3203,146.52,870.0,152.23,152.23 151.50 155.62,wait4,870,True,0.3708,
paper,TalkyG_Diffset,1,t10i4d100k,0.02,0.3076,145.98,1.0,153.06,152.71 153.78 153.06,wait4,1,True,0.3599,
paper,TalkyG_Diffset,1,t10i4d100k,0.05,0.3172,144.97,1.0,153.35,152.18 153.35 154.25,wait4,1,True,0.3594,
paper,TalkyG_Diffset,1,retail,0.0005,0.8796,1352.98,19122.0,1268.12,1268.12 1249.88 1278.19,wait4,19122,True,0.9725,
paper,TalkyG_Diffset,1,retail,0.001,0.7099,1188.76,7573.0,1220.96,1185.94 1221.22 1220.96,wait4,7573,True,0.8447,
paper,TalkyG_Diffset,1,retail,0.002,0.623,1160.84,2692.0,1153.26,1154.38 1150.39 1153.26,wait4,2692,True,0.72,
paper,TalkyG_Diffset,1,retail,0.005,0.6061,1163.3,581.0,1153.06,1159.37 1102.35 1153.06,wait4,581,True,0.6874,
paper,TalkyG_Diffset,1,retail,0.01,0.6031,1155.65,160.0,1152.71,1103.94 1156.88 1152.71,wait4,160,True,0.6775,
paper,Zart,1,pumsb,0.85,107.8816,842.21,13790,847.62,847.62 843.91 848.08,wait4,13790,True,110.9923,
paper,TalkyG_Diffset,1,retail,0.02,0.6012,1160.41,56.0,1105.32,1109.15 1105.32 1105.18,wait4,56,True,0.6868,
paper,TalkyG_Diffset,1,accidents,0.4,1.5555,848.88,32529.0,846.75,846.42 1078.88 846.75,wait4,32529,True,1.757,
paper,TalkyG_Diffset,1,accidents,0.3,3.1233,1151.95,149530.0,974.49,1001.48 974.49 866.30,wait4,149530,True,3.5421,
paper,TalkyG_Diffset,1,accidents,0.5,1.2459,824.22,8058.0,808.49,808.49 629.07 839.31,wait4,8058,True,1.3874,
paper,TalkyG_Diffset,1,accidents,0.7,1.1223,726.36,530.0,712.12,719.88 674.47 712.12,wait4,530,True,1.2744,
paper,TalkyG_Diffset,1,accidents,0.6,1.1479,790.38,2075.0,771.27,771.27 815.23 737.68,wait4,2075,True,1.3478,
paper,TalkyG_Diffset,1,accidents,0.8,1.0921,673.77,150.0,694.46,695.07 694.46 693.41,wait4,150,True,1.1873,
paper,TalkyG_Diffset,1,pumsb,0.7,6.6818,969.04,658380.0,954.39,954.39 965.80 905.69,wait4,658380,True,7.9895,
paper,TalkyG_Diffset,1,pumsb,0.75,1.8205,957.79,248299.0,963.41,1292.89 960.54 963.41,wait4,248299,True,2.1527,
paper,TalkyG_Diffset,1,pumsb,0.8,1.026,958.17,67836.0,954.94,954.94 953.71 957.38,wait4,67836,True,1.1788,
paper,TalkyG_Diffset,1,pumsb,0.85,0.7851,481.93,13790.0,630.23,629.89 630.68 630.23,wait4,13790,True,0.9293,
paper,TalkyG_Diffset,1,pumsb,0.9,0.7378,455.48,2031.0,464.73,467.75 464.38 464.73,wait4,2031,True,0.8562,
paper,TalkyG_Diffset,1,pumsb,0.95,0.7154,436.19,142.0,437.13,438.21 434.80 437.13,wait4,142,True,0.8253,
paper,Apriori_Gen_Borgelt,1,mushroom,0.05,0.212,6.57,21390.0,5.95,5.95,wait4,21390,True,0.2349,
paper,Apriori_Gen_Borgelt,1,connect,0.2,145.698,73.83,1482861,73.55,73.55,wait4,1482861,True,159.71,
paper,Apriori_Gen_Borgelt,1,connect,0.3,26.3211,27.52,460356,27.08,27.08,wait4,460356,True,28.4359,
paper,Apriori_Gen_Borgelt,1,connect,0.4,6.4563,17.51,239372.0,17.37,17.37,wait4,239372,True,7.3149,
paper,Apriori_Gen_Borgelt,1,connect,0.5,1.2209,17.21,130101.0,16.42,16.42,wait4,130101,True,1.3354,
paper,Apriori_Gen_Borgelt,1,connect,0.6,0.4512,17.27,68343.0,16.85,16.85,wait4,68343,True,0.4907,
paper,Apriori_Gen_Borgelt,1,connect,0.7,0.1273,17.22,35875.0,16.86,16.86,wait4,35875,True,0.1402,
paper,Apriori_Gen_Borgelt,1,connect,0.8,0.0894,17.25,15107.0,16.83,16.83,wait4,15107,True,0.0984,
paper,Apriori_Gen_Borgelt,1,connect,0.9,0.0699,17.21,3486.0,16.91,16.91,wait4,3486,True,0.0792,
paper,TalkyG_Diffset,1,pumsb,0.6,122.1556,1076.15,2853042,1069.73,1697.79 1067.23 1069.73,wait4,2853042,True,140.1611,
paper,Apriori_Gen_Borgelt,1,chess,0.3,55.4055,188.48,5601828,187.9,187.90,wait4,5601828,True,62.2768,
paper,Apriori_Gen_Borgelt,1,chess,0.2,233.4849,848.81,25031185,847.88,847.88,wait4,25031185,True,252.8542,
paper,Apriori_Gen_Borgelt,1,chess,0.4,14.8769,49.36,1396842,48.58,48.58,wait4,1396842,True,16.8468,
paper,Apriori_Gen_Borgelt,1,chess,0.6,0.5387,6.36,98418.0,6.29,6.29,wait4,98418,True,0.5678,
paper,Apriori_Gen_Borgelt,1,chess,0.7,0.0475,3.95,23892.0,3.62,3.62,wait4,23892,True,0.0596,
paper,Apriori_Gen_Borgelt,1,chess,0.8,0.0121,3.61,5083.0,3.47,3.47,wait4,5083,True,0.0161,
paper,Apriori_Gen_Borgelt,1,chess,0.9,0.0071,2.42,498.0,3.48,3.48,wait4,498,True,0.0086,
paper,Apriori_Gen_Borgelt,1,t10i4d100k,0.001,0.0611,18.84,870.0,18.48,18.48,wait4,870,True,0.0732,
paper,Apriori_Gen_Borgelt,1,chess,0.5,3.4445,15.5,372603.0,14.91,14.91,wait4,372603,True,4.0351,
paper,Apriori_Gen_Borgelt,1,t10i4d100k,0.002,0.0635,18.86,870.0,18.71,18.71,wait4,870,True,0.0663,
paper,Apriori_Gen_Borgelt,1,t10i4d100k,0.005,0.065,18.86,870.0,18.18,18.18,wait4,870,True,0.0716,
paper,Apriori_Gen_Borgelt,1,t10i4d100k,0.01,0.0593,18.83,869.0,18.68,18.68,wait4,869,True,0.0724,
paper,Apriori_Gen_Borgelt,1,t10i4d100k,0.02,0.0315,10.14,0.0,9.69,9.69,wait4,0,True,0.0325,
paper,Apriori_Gen_Borgelt,1,t10i4d100k,0.05,0.0307,10.08,0.0,9.84,9.84,wait4,0,True,0.0326,
paper,Apriori_Gen_Borgelt,1,t10i4d100k,0.2,0.0317,10.14,0.0,10.0,10.00,wait4,0,True,0.0331,
paper,Apriori_Gen_Borgelt,1,t10i4d100k,0.3,0.0282,10.13,0.0,9.87,9.87,wait4,0,True,0.0341,
paper,Apriori_Gen_Borgelt,1,t10i4d100k,0.5,0.027,10.16,0.0,9.65,9.65,wait4,0,True,0.031,
paper,Apriori_Gen_Borgelt,1,t10i4d100k,0.7,0.0271,10.12,0.0,9.77,9.77,wait4,0,True,0.0306,
paper,Apriori_Gen_Borgelt,1,retail,0.0005,0.158,47.1,19114.0,46.88,46.88,wait4,19114,True,0.2222,
paper,Apriori_Gen_Borgelt,1,retail,0.001,0.1082,24.31,7572.0,24.06,24.06,wait4,7572,True,0.1613,
paper,Apriori_Gen_Borgelt,1,retail,0.002,0.0749,15.98,2691.0,15.79,15.79,wait4,2691,True,0.1134,
paper,Apriori_Gen_Borgelt,1,retail,0.005,0.0627,12.04,580.0,11.66,11.66,wait4,580,True,0.093,
paper,Apriori_Gen_Borgelt,1,retail,0.01,0.0538,11.92,159.0,11.57,11.57,wait4,159,True,0.083,
paper,Apriori_Gen_Borgelt,1,retail,0.02,0.0498,11.89,55.0,11.83,11.83,wait4,55,True,0.0639,
paper,Apriori_Gen_Borgelt,1,retail,0.2,0.047,11.68,3.0,11.49,11.49,wait4,3,True,0.0603,
paper,Apriori_Gen_Borgelt,1,retail,0.3,0.047,11.7,3.0,11.42,11.42,wait4,3,True,0.0604,
paper,Apriori_Gen_Borgelt,1,retail,0.5,0.0451,11.67,1.0,11.59,11.59,wait4,1,True,0.0529,
paper,Apriori_Gen_Borgelt,1,retail,0.7,0.0424,11.0,0.0,10.8,10.80,wait4,0,True,0.0489,
paper,Apriori_Gen_Borgelt,1,accidents,0.4,8.26,62.16,32528.0,61.95,61.95,wait4,32528,True,8.9741,
paper,Apriori_Gen_Borgelt,1,accidents,0.5,1.3671,61.69,8057.0,61.27,61.27,wait4,8057,True,1.4876,
paper,Apriori_Gen_Borgelt,1,accidents,0.6,0.4831,61.22,2074.0,61.43,61.43,wait4,2074,True,0.5236,
paper,Apriori_Gen_Borgelt,1,accidents,0.7,0.3345,59.03,529.0,61.22,61.22,wait4,529,True,0.363,
paper,Apriori_Gen_Borgelt,1,accidents,0.8,0.3086,61.57,149.0,61.28,61.28,wait4,149,True,0.3285,
paper,Apriori_Gen_Borgelt,1,accidents,0.3,32.0856,63.95,149529,63.36,63.36,wait4,149529,True,34.1396,
paper,Apriori_Gen_Borgelt,1,pumsb,0.6,19.2979,92.9,2853041,91.78,91.78,wait4,2853041,True,20.1523,
paper,Apriori_Gen_Borgelt,1,pumsb,0.75,0.484,18.71,248298.0,18.57,18.57,wait4,248298,True,0.5269,
paper,Apriori_Gen_Borgelt,1,pumsb,0.8,0.2125,18.65,67835.0,18.27,18.27,wait4,67835,True,0.2334,
paper,Apriori_Gen_Borgelt,1,pumsb,0.85,0.1226,18.7,13789.0,18.36,18.36,wait4,13789,True,0.1377,
paper,Apriori_Gen_Borgelt,1,pumsb,0.9,0.0967,18.71,2030.0,18.2,18.20,wait4,2030,True,0.1025,
paper,Apriori_Gen_Borgelt,1,pumsb,0.7,1.6765,24.4,658379.0,24.05,24.05,wait4,658379,True,2.0324,
paper,Eclat_Gen_Borgelt,1,mushroom,0.05,0.0366,15.64,21390.0,15.5,15.50,wait4,21390,True,0.0391,
paper,Apriori_Gen_Borgelt,1,pumsb,0.95,0.089,18.7,141.0,18.27,18.27,wait4,141,True,0.097,
paper,Eclat_Gen_Borgelt,1,connect,0.3,0.3196,46.51,460356.0,56.72,56.72,wait4,460356,True,0.3672,
paper,Eclat_Gen_Borgelt,1,connect,0.4,0.1932,34.42,239372.0,34.26,34.26,wait4,239372,True,0.2276,
paper,Eclat_Gen_Borgelt,1,connect,0.2,0.9549,148.02,1482861.0,158.61,158.61,wait4,1482861,True,1.1373,
paper,Eclat_Gen_Borgelt,1,connect,0.5,0.1403,25.71,130101.0,25.3,25.30,wait4,130101,True,0.2452,
paper,Eclat_Gen_Borgelt,1,connect,0.6,0.1188,25.1,68343.0,24.83,24.83,wait4,68343,True,0.1634,
paper,Eclat_Gen_Borgelt,1,connect,0.7,0.093,25.08,35875.0,24.62,24.62,wait4,35875,True,0.1459,
paper,Eclat_Gen_Borgelt,1,connect,0.8,0.0852,24.72,15107.0,24.71,24.71,wait4,15107,True,0.1225,
paper,Eclat_Gen_Borgelt,1,connect,0.9,0.0736,20.91,3486.0,21.07,21.07,wait4,3486,True,0.1196,
paper,Eclat_Gen_Borgelt,1,chess,0.3,3.1402,500.23,5601828.0,507.63,507.63,wait4,5601828,True,3.6016,
paper,Eclat_Gen_Borgelt,1,chess,0.4,0.6688,117.62,1396842.0,134.43,134.43,wait4,1396842,True,0.7683,
paper,Eclat_Gen_Borgelt,1,chess,0.5,0.1569,42.34,372603.0,42.21,42.21,wait4,372603,True,0.172,
paper,Eclat_Gen_Borgelt,1,chess,0.6,0.0477,20.1,98418.0,19.68,19.68,wait4,98418,True,0.0562,
paper,Eclat_Gen_Borgelt,1,chess,0.7,0.0184,13.25,23892.0,12.99,12.99,wait4,23892,True,0.025,
paper,Eclat_Gen_Borgelt,1,chess,0.8,0.0113,8.67,5083.0,8.62,8.62,wait4,5083,True,0.0117,
paper,Eclat_Gen_Borgelt,1,chess,0.9,0.0045,3.27,498,4.28,4.28,wait4,498,True,0.0082,
paper,Eclat_Gen_Borgelt,1,t10i4d100k,0.001,0.0746,25.74,870.0,25.45,25.45,wait4,870,True,0.0791,
paper,Eclat_Gen_Borgelt,1,t10i4d100k,0.002,0.0743,25.78,870.0,25.47,25.47,wait4,870,True,0.0793,
paper,Eclat_Gen_Borgelt,1,t10i4d100k,0.005,0.075,25.77,870.0,25.38,25.38,wait4,870,True,0.0787,
paper,Eclat_Gen_Borgelt,1,t10i4d100k,0.01,0.0739,25.77,869.0,25.34,25.34,wait4,869,True,0.0782,
paper,Eclat_Gen_Borgelt,1,t10i4d100k,0.02,0.0259,10.19,0.0,9.99,9.99,wait4,0,True,0.0335,
paper,Eclat_Gen_Borgelt,1,t10i4d100k,0.05,0.0267,10.21,0.0,10.02,10.02,wait4,0,True,0.0306,
paper,Eclat_Gen_Borgelt,1,t10i4d100k,0.2,0.0288,10.2,0.0,9.99,9.99,wait4,0,True,0.0307,
paper,Eclat_Gen_Borgelt,1,t10i4d100k,0.3,0.0311,10.21,0.0,9.94,9.94,wait4,0,True,0.0279,
paper,Eclat_Gen_Borgelt,1,t10i4d100k,0.5,0.0278,10.18,0.0,9.94,9.94,wait4,0,True,0.0318,
paper,Eclat_Gen_Borgelt,1,t10i4d100k,0.7,0.0307,10.18,0.0,10.13,10.13,wait4,0,True,0.0288,
paper,Eclat_Gen_Borgelt,1,retail,0.0005,0.1091,32.11,19114.0,31.95,31.95,wait4,19114,True,0.1159,
paper,Eclat_Gen_Borgelt,1,retail,0.001,0.0919,28.2,7572.0,27.72,27.72,wait4,7572,True,0.1076,
paper,Eclat_Gen_Borgelt,1,retail,0.002,0.0784,22.86,2691.0,22.73,22.73,wait4,2691,True,0.0804,
paper,Eclat_Gen_Borgelt,1,retail,0.005,0.0597,17.57,580.0,17.43,17.43,wait4,580,True,0.0655,
paper,Eclat_Gen_Borgelt,1,retail,0.01,0.0529,14.04,159.0,13.83,13.83,wait4,159,True,0.0633,
paper,Eclat_Gen_Borgelt,1,retail,0.02,0.0544,12.38,55.0,12.06,12.06,wait4,55,True,0.057,
paper,Eclat_Gen_Borgelt,1,retail,0.2,0.0491,11.79,3.0,11.58,11.58,wait4,3,True,0.0497,
paper,Eclat_Gen_Borgelt,1,retail,0.3,0.0459,11.78,3.0,11.42,11.42,wait4,3,True,0.0511,
paper,Eclat_Gen_Borgelt,1,retail,0.5,0.0461,11.4,1.0,11.56,11.56,wait4,1,True,0.0455,
paper,Eclat_Gen_Borgelt,1,retail,0.7,0.0411,11.12,0.0,10.94,10.94,wait4,0,True,0.0455,
paper,Eclat_Gen_Borgelt,1,accidents,0.3,0.9889,119.39,149529.0,119.01,119.01,wait4,149529,True,1.114,
paper,Eclat_Gen_Borgelt,1,accidents,0.4,0.7314,110.62,32528.0,110.16,110.16,wait4,32528,True,0.8231,
paper,Eclat_Gen_Borgelt,1,accidents,0.5,0.4974,79.4,8057.0,82.89,82.89,wait4,8057,True,0.5315,
paper,Eclat_Gen_Borgelt,1,accidents,0.6,0.4086,61.43,2074.0,69.04,69.04,wait4,2074,True,0.4448,
paper,Eclat_Gen_Borgelt,1,accidents,0.7,0.3524,61.64,529.0,61.64,61.64,wait4,529,True,0.3767,
paper,Eclat_Gen_Borgelt,1,accidents,0.8,0.3181,61.69,149.0,61.41,61.41,wait4,149,True,0.3544,
paper,Eclat_Gen_Borgelt,1,pumsb,0.6,1.8571,280.64,2853041.0,284.51,284.51,wait4,2853041,True,2.0785,
paper,Eclat_Gen_Borgelt,1,pumsb,0.7,0.3982,63.54,658379.0,68.21,68.21,wait4,658379,True,0.44,
paper,Eclat_Gen_Borgelt,1,pumsb,0.75,0.1957,32.29,248298.0,31.85,31.85,wait4,248298,True,0.213,
paper,Eclat_Gen_Borgelt,1,pumsb,0.8,0.1222,26.66,67835.0,26.45,26.45,wait4,67835,True,0.1378,
paper,Eclat_Gen_Borgelt,1,pumsb,0.85,0.1082,25.7,13789.0,25.57,25.57,wait4,13789,True,0.1099,
paper,Eclat_Gen_Borgelt,1,pumsb,0.9,0.0944,21.2,2030.0,20.71,20.71,wait4,2030,True,0.1016,
paper,Eclat_Gen_Borgelt,1,pumsb,0.95,0.0878,18.75,141.0,18.43,18.43,wait4,141,True,0.0937,
paper,FPgrowth_Gen_Borgelt,1,mushroom,0.05,0.0212,15.09,21390.0,14.95,14.95,wait4,21390,True,0.0255,
paper,FPgrowth_Gen_Borgelt,1,connect,0.2,0.6854,145.61,1482861.0,147.07,147.07,wait4,1482861,True,0.7715,
paper,FPgrowth_Gen_Borgelt,1,connect,0.3,0.2305,52.36,460356.0,52.06,52.06,wait4,460356,True,0.2773,
paper,FPgrowth_Gen_Borgelt,1,connect,0.4,0.1523,32.42,239372.0,32.41,32.41,wait4,239372,True,0.1707,
paper,FPgrowth_Gen_Borgelt,1,connect,0.5,0.1205,25.52,130101.0,25.45,25.45,wait4,130101,True,0.1345,
paper,FPgrowth_Gen_Borgelt,1,connect,0.6,0.1046,25.28,68343.0,25.29,25.29,wait4,68343,True,0.119,
paper,FPgrowth_Gen_Borgelt,1,connect,0.7,0.0846,25.17,35875.0,25.1,25.10,wait4,35875,True,0.0922,
paper,Eclat_Gen_Borgelt,1,chess,0.2,28.9072,2216.16,25031185,2220.04,2220.04,wait4,25031185,True,29.0707,
paper,FPgrowth_Gen_Borgelt,1,connect,0.8,0.081,24.59,15107.0,24.67,24.67,wait4,15107,True,0.0884,
paper,FPgrowth_Gen_Borgelt,1,connect,0.9,0.0677,19.64,3486.0,20.9,20.90,wait4,3486,True,0.0769,
paper,FPgrowth_Gen_Borgelt,1,chess,0.3,2.6837,507.08,5601828.0,510.39,510.39,wait4,5601828,True,3.0756,
paper,FPgrowth_Gen_Borgelt,1,chess,0.4,0.5515,116.08,1396842.0,135.39,135.39,wait4,1396842,True,0.636,
paper,FPgrowth_Gen_Borgelt,1,chess,0.5,0.1118,42.49,372603.0,42.25,42.25,wait4,372603,True,0.1348,
paper,FPgrowth_Gen_Borgelt,1,chess,0.6,0.0345,19.88,98418.0,19.91,19.91,wait4,98418,True,0.0386,
paper,FPgrowth_Gen_Borgelt,1,chess,0.7,0.0161,13.23,23892.0,13.04,13.04,wait4,23892,True,0.0176,
paper,FPgrowth_Gen_Borgelt,1,chess,0.8,0.0121,8.58,5083.0,8.68,8.68,wait4,5083,True,0.0112,
paper,FPgrowth_Gen_Borgelt,1,chess,0.9,0.0076,4.18,498.0,4.07,4.07,wait4,498,True,0.0079,
paper,FPgrowth_Gen_Borgelt,1,t10i4d100k,0.001,0.1084,41.01,870.0,40.63,40.63,wait4,870,True,0.1266,
paper,FPgrowth_Gen_Borgelt,1,t10i4d100k,0.002,0.1091,41.05,870.0,40.6,40.60,wait4,870,True,0.1284,
paper,FPgrowth_Gen_Borgelt,1,t10i4d100k,0.005,0.1086,41.01,870.0,40.83,40.83,wait4,870,True,0.1295,
paper,FPgrowth_Gen_Borgelt,1,t10i4d100k,0.01,0.1104,40.96,869.0,40.79,40.79,wait4,869,True,0.131,
paper,FPgrowth_Gen_Borgelt,1,t10i4d100k,0.02,0.0258,10.25,0.0,10.02,10.02,wait4,0,True,0.0318,
paper,FPgrowth_Gen_Borgelt,1,t10i4d100k,0.05,0.0263,10.24,0.0,9.94,9.94,wait4,0,True,0.0262,
paper,FPgrowth_Gen_Borgelt,1,t10i4d100k,0.2,0.0249,10.22,0.0,10.0,10.00,wait4,0,True,0.0354,
paper,FPgrowth_Gen_Borgelt,1,t10i4d100k,0.3,0.0264,10.25,0.0,9.93,9.93,wait4,0,True,0.0346,
paper,FPgrowth_Gen_Borgelt,1,t10i4d100k,0.5,0.025,10.23,0.0,9.89,9.89,wait4,0,True,0.0336,
paper,FPgrowth_Gen_Borgelt,1,t10i4d100k,0.7,0.0258,10.29,0.0,9.95,9.95,wait4,0,True,0.031,
paper,FPgrowth_Gen_Borgelt,1,retail,0.0005,0.1402,41.7,19114.0,41.54,41.54,wait4,19114,True,0.1745,
paper,FPgrowth_Gen_Borgelt,1,retail,0.001,0.1095,34.68,7572.0,34.3,34.30,wait4,7572,True,0.1291,
paper,FPgrowth_Gen_Borgelt,1,retail,0.002,0.084,25.72,2691.0,25.18,25.18,wait4,2691,True,0.0955,
paper,FPgrowth_Gen_Borgelt,1,retail,0.005,0.0569,16.75,580.0,16.54,16.54,wait4,580,True,0.0684,
paper,FPgrowth_Gen_Borgelt,1,retail,0.01,0.0522,13.51,159.0,13.28,13.28,wait4,159,True,0.0538,
paper,FPgrowth_Gen_Borgelt,1,retail,0.02,0.0481,11.95,55.0,12.21,12.21,wait4,55,True,0.0592,
paper,FPgrowth_Gen_Borgelt,1,retail,0.2,0.0443,11.78,3.0,11.75,11.75,wait4,3,True,0.0533,
paper,FPgrowth_Gen_Borgelt,1,retail,0.3,0.0451,11.81,3.0,11.45,11.45,wait4,3,True,0.0519,
paper,FPgrowth_Gen_Borgelt,1,retail,0.5,0.0442,11.78,1.0,11.43,11.43,wait4,1,True,0.051,
paper,FPgrowth_Gen_Borgelt,1,retail,0.7,0.0418,11.21,0.0,10.89,10.89,wait4,0,True,0.0565,
paper,HUG_Miner,3,chainstore,1000.0,0.4832,273.84,1000.0,279.91,279.91 280.72 277.59,wait4,1000,True,0.576,
paper,HUG_Miner,3,chainstore,2000.0,0.4947,272.2,1000.0,276.75,277.22 265.69 276.75,wait4,1000,True,0.564,
paper,HUG_Miner,3,chainstore,5000.0,0.4722,271.7,0.0,274.43,274.49 274.43 272.61,wait4,0,True,0.5839,
paper,HUG_Miner,3,foodmart,20.0,0.3618,140.01,13775.0,140.09,140.09 138.77 142.93,wait4,13775,True,0.4112,
paper,HUG_Miner,3,foodmart,50.0,0.2683,113.62,1475.0,114.56,114.56 113.23 118.72,wait4,1475,True,0.313,
paper,HUG_Miner,3,foodmart,100.0,0.2534,112.32,687.0,109.66,109.66 109.36 110.34,wait4,687,True,0.2856,
paper,GHUI_Miner,3,chainstore,1000.0,0.8165,434.67,1000.0,438.81,439.90 438.81 430.46,wait4,1000,True,0.9816,
paper,FPgrowth_Gen_Borgelt,1,chess,0.2,21.8235,2223.58,25031185,2222.71,2222.71,wait4,25031185,True,26.7366,
paper,GHUI_Miner,3,chainstore,5000.0,0.6135,408.71,0.0,410.18,410.18 409.35 412.48,wait4,0,True,0.7979,
paper,GHUI_Miner,3,chainstore,2000.0,0.7865,432.76,1000.0,430.68,436.67 430.59 430.68,wait4,1000,True,1.0921,
paper,GHUI_Miner,3,foodmart,50.0,0.6088,283.43,10069.0,288.46,288.46 282.67 290.27,wait4,10069,True,0.7729,
paper,GHUI_Miner,3,foodmart,20.0,0.9143,298.83,21978.0,295.28,298.81 295.28 293.71,wait4,21978,True,1.223,
paper,GHUI_Miner,3,foodmart,100.0,0.3939,163.0,807.0,173.59,176.85 170.42 173.59,wait4,807,True,0.5369,
paper,HUCI_Miner_Generators,3,chainstore,1000.0,1.4272,259.72,0.0,266.04,266.39 264.46 266.04,wait4,0,True,1.978,
paper,HUCI_Miner_Generators,3,chainstore,2000.0,1.444,258.69,0.0,260.99,259.39 263.34 260.99,wait4,0,True,2.0003,
paper,HUCI_Miner_Generators,3,foodmart,50.0,0.7176,205.38,2002.0,204.9,204.90 207.23 196.97,wait4,2002,True,0.807,
paper,HUCI_Miner_Generators,3,foodmart,100.0,0.394,162.5,2.0,167.04,167.61 166.97 167.04,wait4,2,True,0.4618,
paper,HUCI_Miner_Generators,3,foodmart,20.0,11.1306,267.83,13146.0,264.64,281.03 264.38 264.64,wait4,13146,True,13.0513,
paper,FGC_Stream,5,mushroom,0.15,233.2462,26.47,3084,26.71,26.71,wait4,3084,True,270.0843,
paper,FGC_Stream,5,mushroom,0.4,23.4236,23.26,153,22.81,22.81,wait4,153,True,26.5274,
paper,FGC_Stream,5,mushroom,0.6,1.755,23.25,21,22.48,22.48,wait4,21,True,1.9019,
paper,FGC_Stream,5,mushroom,0.1,413.828,30.93,7585,31.25,31.25,wait4,7585,True,480.9943,
paper,FGC_Stream,5,chess,0.9,9.7388,16.28,504,15.77,15.77,wait4,504,True,10.3708,
paper,FGC_Stream,5,chess,0.8,187.0577,23.67,5084,22.75,22.75,wait4,5084,True,202.894,
paper,FGC_Stream,5,t10i4d100k,0.001,218.4696,98.96,871,97.52,97.52,wait4,871,True,225.4344,
paper,FGC_Stream,5,t10i4d100k,0.002,201.3183,98.96,871,97.82,97.82,wait4,871,True,219.896,
paper,FGC_Stream,5,t10i4d100k,0.01,34.6795,98.96,870,98.45,98.45,wait4,870,True,34.8769,
paper,FGC_Stream,5,t10i4d100k,0.02,0.7699,98.11,1,97.8,97.80,wait4,1,True,0.7607,
paper,FGC_Stream,5,t10i4d100k,0.05,0.7413,98.11,1,97.74,97.74,wait4,1,True,0.7438,
paper,FGC_Stream,5,t10i4d100k,0.005,169.6082,98.98,871,97.98,97.98,wait4,871,True,185.3022,
paper,FGC_Stream,5,retail,0.01,179.3822,101.72,160,100.5,100.50,wait4,160,True,259.8493,
paper,FGC_Stream,5,retail,0.02,98.5938,101.11,56,99.96,99.96,wait4,56,True,146.733,
paper,FGC_Stream,5,retail,0.005,452.5109,103.0,581,102.19,102.19,wait4,581,True,553.9413,
paper,Arima,5,accidents,0.3,13.7258,268.65,5096.0,284.93,289.44 277.39 284.93,wait4,5096,True,13.9112,
paper,Gr_growth,1,mushroom,0.05,0.0255,15.59,21391.0,15.32,15.32,wait4,21391,True,0.0267,
paper,Gr_growth,1,mushroom,0.1,0.0168,14.74,7585.0,14.52,14.52,wait4,7585,True,0.0178,
paper,Gr_growth,1,mushroom,0.15,0.0134,14.43,3084.0,14.05,14.05,wait4,3084,True,0.015,
paper,Gr_growth,1,mushroom,0.2,0.0147,14.25,1704.0,13.93,13.93,wait4,1704,True,0.0159,
paper,Gr_growth,1,mushroom,0.3,0.0112,14.02,544.0,13.73,13.73,wait4,544,True,0.0128,
paper,Gr_growth,1,mushroom,0.4,0.0103,14.0,153.0,13.73,13.73,wait4,153,True,0.0124,
paper,Gr_growth,1,mushroom,0.5,0.0106,13.98,52.0,13.64,13.64,wait4,52,True,0.0124,
paper,Gr_growth,1,mushroom,0.6,0.0112,13.94,21.0,13.73,13.73,wait4,21,True,0.0142,
paper,Gr_growth,1,mushroom,0.7,0.0099,13.98,13.0,13.59,13.59,wait4,13,True,0.0161,
paper,Gr_growth,1,connect,0.2,0.8426,80.18,1483175.0,83.43,83.43,wait4,1483175,True,0.9728,
paper,Gr_growth,1,connect,0.3,0.2639,31.83,460402.0,31.86,31.86,wait4,460402,True,0.2857,
paper,Gr_growth,1,connect,0.4,0.1446,23.12,239370.0,22.62,22.62,wait4,239370,True,0.1684,
paper,Gr_growth,1,connect,0.5,0.1029,18.84,130110.0,18.42,18.42,wait4,130110,True,0.1149,
paper,Gr_growth,1,connect,0.6,0.0788,16.52,68349.0,16.09,16.09,wait4,68349,True,0.0934,
paper,Gr_growth,1,connect,0.7,0.0649,15.2,35875.0,14.83,14.83,wait4,35875,True,0.0773,
paper,Gr_growth,1,connect,0.8,0.0564,14.46,15108.0,14.2,14.20,wait4,15108,True,0.082,
paper,Gr_growth,1,connect,0.9,0.055,14.07,3487.0,13.74,13.74,wait4,3487,True,0.0523,
paper,Gr_growth,1,chess,0.2,19.8408,1209.13,25155785,1208.89,1208.89,wait4,25155785,True,20.9203,
paper,Gr_growth,1,chess,0.3,3.4843,285.5,5601829.0,285.14,285.14,wait4,5601829,True,3.9153,
paper,Gr_growth,1,chess,0.4,0.736,66.47,1402786.0,79.81,79.81,wait4,1402786,True,0.8529,
paper,Gr_growth,1,chess,0.5,0.1798,29.02,372604.0,28.72,28.72,wait4,372604,True,0.1964,
paper,Gr_growth,1,chess,0.6,0.0535,18.1,98419.0,17.68,17.68,wait4,98419,True,0.0756,
paper,Gr_growth,1,chess,0.7,0.0184,14.9,23992.0,14.5,14.50,wait4,23992,True,0.0234,
paper,Gr_growth,1,chess,0.8,0.0102,14.11,5084.0,13.9,13.90,wait4,5084,True,0.0158,
paper,Gr_growth,1,chess,0.9,0.0093,13.98,504.0,13.59,13.59,wait4,504,True,0.0119,
paper,Gr_growth,1,t10i4d100k,0.001,0.2094,44.36,871.0,43.88,43.88,wait4,871,True,0.2465,
paper,Gr_growth,1,t10i4d100k,0.002,0.2092,44.36,871.0,44.07,44.07,wait4,871,True,0.251,
paper,Gr_growth,1,t10i4d100k,0.005,0.2096,44.36,871.0,43.73,43.73,wait4,871,True,0.2557,
paper,Gr_growth,1,t10i4d100k,0.01,0.2049,44.32,870.0,43.89,43.89,wait4,870,True,0.2486,
paper,Gr_growth,1,t10i4d100k,0.02,0.0152,3.91,1.0,4.06,4.06,wait4,1,True,0.0164,
paper,Gr_growth,1,t10i4d100k,0.05,0.0141,3.91,1.0,4.05,4.05,wait4,1,True,0.0172,
paper,Gr_growth,1,t10i4d100k,0.2,0.0145,3.91,1.0,3.93,3.93,wait4,1,True,0.0163,
paper,Gr_growth,1,t10i4d100k,0.3,0.0138,3.91,1.0,4.05,4.05,wait4,1,True,0.0178,
paper,Gr_growth,1,t10i4d100k,0.5,0.0128,3.91,1.0,4.07,4.07,wait4,1,True,0.0411,
paper,Gr_growth,1,t10i4d100k,0.7,0.0149,3.91,1.0,4.08,4.08,wait4,1,True,0.0207,
paper,Gr_growth,1,retail,0.0005,0.2084,35.69,19699.0,34.98,34.98,wait4,19699,True,0.2692,
paper,Gr_growth,1,retail,0.001,0.1571,30.92,7696.0,30.61,30.61,wait4,7696,True,0.185,
paper,Gr_growth,1,retail,0.002,0.1034,25.37,2716.0,24.98,24.98,wait4,2716,True,0.1309,
paper,Gr_growth,1,retail,0.005,0.0602,18.14,581.0,17.8,17.80,wait4,581,True,0.0707,
paper,Gr_growth,1,retail,0.01,0.0427,15.24,160.0,14.99,14.99,wait4,160,True,0.045,
paper,Gr_growth,1,retail,0.02,0.0365,14.18,56.0,13.88,13.88,wait4,56,True,0.0407,
paper,Gr_growth,1,retail,0.2,0.036,14.09,4.0,13.73,13.73,wait4,4,True,0.0385,
paper,Gr_growth,1,retail,0.3,0.0381,14.09,4.0,13.72,13.72,wait4,4,True,0.0348,
paper,Gr_growth,1,retail,0.5,0.0161,4.16,2.0,4.24,4.24,wait4,2,True,0.0203,
paper,Gr_growth,1,retail,0.7,0.0175,4.17,1.0,4.25,4.25,wait4,1,True,0.0259,
paper,Gr_growth,1,accidents,0.3,0.503,41.45,149530.0,40.92,40.92,wait4,149530,True,0.6021,
paper,Gr_growth,1,accidents,0.4,0.3499,29.59,32530.0,31.11,31.11,wait4,32530,True,0.4007,
paper,Gr_growth,1,accidents,0.5,0.2394,19.28,8058.0,18.89,18.89,wait4,8058,True,0.2706,
paper,Gr_growth,1,accidents,0.6,0.2226,15.66,2075.0,15.3,15.30,wait4,2075,True,0.2295,
paper,Gr_growth,1,accidents,0.7,0.192,14.18,530.0,13.73,13.73,wait4,530,True,0.2054,
paper,Gr_growth,1,accidents,0.8,0.1769,14.0,150.0,13.58,13.58,wait4,150,True,0.1861,
paper,Gr_growth,1,pumsb,0.6,2.0571,143.53,2853042.0,144.86,144.86,wait4,2853042,True,2.3478,
paper,Gr_growth,1,pumsb,0.7,0.4582,34.73,658565.0,41.08,41.08,wait4,658565,True,0.5235,
paper,Gr_growth,1,pumsb,0.75,0.1984,24.02,248406.0,23.58,23.58,wait4,248406,True,0.2268,
paper,Gr_growth,1,pumsb,0.8,0.0983,16.76,67836.0,16.23,16.23,wait4,67836,True,0.1091,
paper,Gr_growth,1,pumsb,0.85,0.0689,14.67,13795.0,14.08,14.08,wait4,13795,True,0.0744,
paper,Gr_growth,1,pumsb,0.9,0.0661,14.16,2032.0,13.43,13.43,wait4,2032,True,0.0792,
paper,Gr_growth,1,pumsb,0.95,0.0641,14.04,142.0,13.73,13.73,wait4,142,True,0.0674,
paper,VGEN,2,leviathan,0.008,0.3417,418.34,1,438.72,438.72 433.81 440.17,wait4,1,True,0.3967,
paper,VGEN,2,leviathan,0.006,0.3786,451.14,205,445.34,445.34 448.38 443.79,wait4,205,True,0.4402,
paper,VGEN,2,leviathan,0.005,0.5624,498.45,1614,485.16,495.89 484.50 485.16,wait4,1614,True,0.5618,
paper,VGEN,2,leviathan,0.004,1.0836,646.95,5398,650.39,651.21 650.39 648.28,wait4,5398,True,1.2048,
paper,VGEN,2,leviathan,0.003,1.7948,812.31,8436,814.5,812.22 817.19 814.50,wait4,8436,True,2.0058,
paper,VGEN,2,bible,0.0025,0.7564,1738.07,11,1753.19,1745.21 1848.22 1753.19,wait4,11,True,0.9337,
paper,VGEN,2,bible,0.002,0.9583,1836.86,1756,1836.61,1838.41 1833.51 1836.61,wait4,1756,True,1.0687,
paper,VGEN,2,bible,0.0015,4.1578,2505.72,12075,2505.52,2492.57 2505.52 2557.27,wait4,12075,True,4.6549,
paper,VGEN,2,bible,0.00125,5.0613,2719.83,13794,2644.81,2644.81 2633.11 2664.69,wait4,13794,True,5.5491,
paper,VGEN,2,bible,0.001,5.0782,2653.66,13906,2637.83,2637.83 2651.68 2633.02,wait4,13906,True,5.591,
paper,VGEN,2,sign,0.05,0.3356,128.31,268,138.47,140.12 138.47 136.62,wait4,268,True,0.3786,
paper,VGEN,2,sign,0.04,0.3341,130.97,399,138.12,138.12 136.96 142.31,wait4,399,True,0.3989,
paper,VGEN,2,sign,0.03,0.6754,406.88,9327,409.68,415.48 409.68 409.15,wait4,9327,True,0.7716,
paper,VGEN,2,sign,0.025,2.2242,839.24,23903,853.57,857.25 853.57 849.33,wait4,23903,True,2.4735,
paper,VGEN,2,sign,0.02,10.3495,1094.57,51178,1119.1,1129.69 1113.56 1119.10,wait4,51178,True,11.0861,
paper,VGEN,2,sign,0.015,19.3161,1121.84,68065,1112.36,1112.36 1117.46 1108.73,wait4,68065,True,21.2307,
paper,FEAT,2,leviathan,0.008,0.2676,137.62,0,136.2,136.20 134.98 137.18,wait4,0,True,0.3071,
paper,FEAT,2,leviathan,0.006,0.3081,146.82,315,149.79,149.79 149.24 151.04,wait4,315,True,0.3669,
paper,FEAT,2,leviathan,0.005,0.5311,411.11,2076,427.59,427.59 432.58 424.89,wait4,2076,True,0.6312,
paper,FEAT,2,leviathan,0.004,1.0253,613.57,6103,612.97,612.77 821.90 612.97,wait4,6103,True,1.199,
paper,FEAT,2,leviathan,0.003,1.3293,625.95,8666,619.4,652.39 619.40 609.13,wait4,8666,True,1.524,
paper,FEAT,2,bible,0.0025,0.4776,349.76,15,336.13,341.59 336.13 308.40,wait4,15,True,0.5739,
paper,FEAT,2,bible,0.002,1.3892,1417.67,2134,1405.74,891.30 1438.12 1405.74,wait4,2134,True,1.7345,
paper,FEAT,2,bible,0.0015,6.2548,1516.21,12462,1461.42,1432.52 1476.34 1461.42,wait4,12462,True,7.6963,
paper,FEAT,2,bible,0.00125,6.9927,1506.75,13833,1500.15,1524.36 1500.15 1456.04,wait4,13833,True,8.4834,
paper,Arima,5,accidents,0.2,134.2372,560.31,19187,586.05,596.10 539.58 586.05,wait4,19187,True,143.0811,
paper,FEAT,2,sign,0.05,0.4303,316.56,267,336.4,336.40 336.16 336.88,wait4,267,True,0.493,
paper,FEAT,2,sign,0.04,0.6105,393.16,526,394.28,394.82 391.79 394.28,wait4,526,True,0.7635,
paper,FEAT,2,bible,0.001,6.9611,1529.64,13905,1534.74,1534.74 1535.46 1511.03,wait4,13905,True,8.4006,
paper,FEAT,2,sign,0.03,7.7032,380.91,13128,387.3,395.81 387.30 386.05,wait4,13128,True,8.9945,
paper,FEAT,2,sign,0.025,17.4633,414.07,30445,421.09,423.07 417.88 421.09,wait4,30445,True,20.029,
paper,FEAT,2,sign,0.02,34.4259,447.8,56952,446.47,449.40 443.74 446.47,wait4,56952,True,36.6324,
paper,FSGP,2,leviathan,0.008,0.2594,150.06,0,137.01,135.68 137.23 137.01,wait4,0,True,0.3058,
paper,FSGP,2,leviathan,0.006,0.3058,147.02,315,150.49,151.59 149.76 150.49,wait4,315,True,0.3657,
paper,FSGP,2,leviathan,0.005,0.5364,414.44,2076,420.93,420.93 426.23 356.88,wait4,2076,True,0.6253,
paper,FSGP,2,leviathan,0.004,1.0118,605.25,6103,616.67,573.03 635.62 616.67,wait4,6103,True,1.192,
paper,FSGP,2,leviathan,0.003,1.3356,641.8,8666,648.19,610.75 755.55 648.19,wait4,8666,True,1.5633,
paper,FSGP,2,bible,0.0025,0.4732,340.15,15,338.22,338.60 338.22 336.12,wait4,15,True,0.6105,
paper,FSGP,2,bible,0.002,1.4048,1439.06,2134,1420.42,1444.40 1420.42 1382.23,wait4,2134,True,1.8874,
paper,FSGP,2,bible,0.0015,6.2945,1500.36,12462,1482.92,1400.76 1482.92 1488.20,wait4,12462,True,7.9486,
paper,FEAT,2,sign,0.015,44.3638,453.19,69710,468.0,465.63 468.00 468.17,wait4,69710,True,47.5752,
paper,FSGP,2,bible,0.00125,6.9587,1535.54,13833,1477.0,1477.00 921.36 1537.05,wait4,13833,True,8.8617,
paper,FSGP,2,sign,0.05,0.4168,331.27,267,337.7,336.84 337.86 337.70,wait4,267,True,0.4944,
paper,FSGP,2,sign,0.04,0.4619,350.57,526,389.69,389.69 394.46 388.22,wait4,526,True,0.5453,
paper,FSGP,2,sign,0.03,1.2374,618.9,13128,507.12,506.81 507.12 620.98,wait4,13128,True,1.3967,
paper,FSGP,2,sign,0.025,2.083,769.55,30445,778.85,778.85 768.34 780.73,wait4,30445,True,2.373,
paper,FSGP,2,bible,0.001,7.0012,1531.2,13905,1506.66,1470.37 1529.43 1506.66,wait4,13905,True,9.1211,
paper,FSGP,2,sign,0.02,3.2525,993.49,56952,984.85,974.68 1180.51 984.85,wait4,56952,True,3.6394,
ext1,Eclat_Gen_Borgelt,1,mushroom,0.2,0.0191,3.43,1703,6.26,6.26,wait4,1703,True,0.0135,
ext1,Apriori_Gen_Borgelt,1,mushroom,0.2,0.029,3.4,1703,3.98,3.98,wait4,1703,True,0.0234,
ext1,FPgrowth_Gen_Borgelt,1,mushroom,0.2,0.0133,3.68,1703,6.12,6.12,wait4,1703,True,0.0132,
ext1,Gr_growth,1,mushroom,0.2,0.0239,0.01,1704,13.86,13.86,wait4,1704,True,0.0139,
ext1,DefMe,1,mushroom,0.2,0.4357,133.41,1704,123.11,122.85 124.48 123.11,wait4,1704,True,0.2737,
ext1,TalkyG_Diffset,1,mushroom,0.2,0.3282,89.1,1852,98.78,97.82 99.77 98.78,wait4,1852,True,0.2788,
ext1,Talky_G,1,mushroom,0.2,0.3739,93.45,1852,95.68,93.91 95.68 101.48,wait4,1852,True,0.2684,
ext1,Apriori_Gen_Borgelt,1,mushroom,0.3,0.0092,3.57,543,3.95,3.95,wait4,543,True,0.0121,
ext1,DefMe,1,mushroom,0.3,0.2292,97.45,544,97.09,97.09 97.33 95.64,wait4,544,True,0.2498,
ext1,Eclat_Gen_Borgelt,1,mushroom,0.3,0.0097,3.66,543,4.58,4.58,wait4,543,True,0.0139,
ext1,Pascal,1,mushroom,0.2,1.2499,102.18,1703,126.24,126.24 108.16 127.36,wait4,1703,True,1.1709,
ext1,FPgrowth_Gen_Borgelt,1,mushroom,0.3,0.0096,0.19,543,4.59,4.59,wait4,543,True,0.0131,
ext1,Gr_growth,1,mushroom,0.3,0.0223,3.8,544,13.77,13.77,wait4,544,True,0.0152,
paper,FSGP,2,sign,0.015,4.0357,1194.24,69710,1186.75,1186.75 1271.56 1183.97,wait4,69710,True,4.8463,
ext1,TalkyG_Diffset,1,mushroom,0.3,0.2836,87.22,551,97.58,101.30 94.18 97.58,wait4,551,True,0.2842,
ext1,Talky_G,1,mushroom,0.3,0.3002,90.58,551,96.12,98.02 95.59 96.12,wait4,551,True,0.2813,
ext1,Pascal,1,mushroom,0.3,0.5063,97.87,543,97.96,97.54 97.96 99.32,wait4,543,True,0.5655,
ext1,Apriori_Gen_Borgelt,1,mushroom,0.5,0.0143,0.02,52,3.84,3.84,wait4,52,True,0.0101,
ext1,Eclat_Gen_Borgelt,1,mushroom,0.5,0.0197,3.8,52,3.96,3.96,wait4,52,True,0.0117,
ext1,FPgrowth_Gen_Borgelt,1,mushroom,0.5,0.0124,0.24,52,4.32,4.32,wait4,52,True,0.0121,
ext1,DefMe,1,mushroom,0.5,0.2374,90.29,53,97.44,96.38 98.55 97.44,wait4,53,True,0.2841,
ext1,Gr_growth,1,mushroom,0.5,0.0103,8.93,52,13.58,13.58,wait4,52,True,0.0138,
ext1,Pascal,1,mushroom,0.5,0.2436,94.57,52,96.21,96.21 95.71 103.29,wait4,52,True,0.2973,
ext1,TalkyG_Diffset,1,mushroom,0.5,0.3063,93.32,52,98.95,98.95 100.83 94.85,wait4,52,True,0.2519,
ext1,Talky_G,1,mushroom,0.5,0.3431,95.43,52,97.38,97.38 94.33 97.89,wait4,52,True,0.2734,
ext1,Apriori_Gen_Borgelt,1,chess,0.8,0.0155,3.2,5083,3.52,3.52,wait4,5083,True,0.0144,
ext1,Zart,1,mushroom,0.5,0.3417,107.28,53,109.09,112.56 109.09 99.73,wait4,53,True,0.3182,
ext1,Eclat_Gen_Borgelt,1,chess,0.8,0.0097,0.24,5083,8.31,8.31,wait4,5083,True,0.013,
ext1,Zart,1,mushroom,0.3,1.5854,217.8,544,202.03,210.21 202.03 198.62,wait4,544,True,1.6527,
ext1,FPgrowth_Gen_Borgelt,1,chess,0.8,0.0098,0.27,5083,8.74,8.74,wait4,5083,True,0.0152,
ext1,Gr_growth,1,chess,0.8,0.0139,7.72,5084,13.89,13.89,wait4,5084,True,0.0123,
ext1,DefMe,1,chess,0.8,0.3059,95.52,5084,109.46,109.46 108.25 111.28,wait4,5084,True,0.285,
ext1,TalkyG_Diffset,1,chess,0.8,0.289,92.43,5084,94.58,94.58 95.66 93.88,wait4,5084,True,0.298,
ext1,Talky_G,1,chess,0.8,0.2689,86.38,5084,94.28,95.77 93.89 94.28,wait4,5084,True,0.2767,
ext1,Apriori_Gen_Borgelt,1,connect,0.9,0.0938,3.14,3486,17.07,17.07,wait4,3486,True,0.083,
ext1,DefMe,1,connect,0.9,0.467,329.39,3487,340.02,340.02 342.10 333.97,wait4,3487,True,0.5242,
ext1,Pascal,1,chess,0.8,1.0253,96.52,5083,100.41,108.64 100.41 96.65,wait4,5083,True,1.0652,
ext1,Eclat_Gen_Borgelt,1,connect,0.9,0.0965,3.54,3486,21.09,21.09,wait4,3486,True,0.0921,
ext1,FPgrowth_Gen_Borgelt,1,connect,0.9,0.0917,3.7,3486,20.93,20.93,wait4,3486,True,0.0798,
ext1,Gr_growth,1,connect,0.9,0.0822,3.75,3487,13.73,13.73,wait4,3487,True,0.0585,
ext1,TalkyG_Diffset,1,connect,0.9,0.5553,278.36,3487,279.68,280.60 279.68 279.04,wait4,3487,True,0.5865,
ext1,Talky_G,1,connect,0.9,0.5487,280.96,3487,279.77,281.60 279.77 279.38,wait4,3487,True,0.5809,
ext1,Zart,1,chess,0.8,3.4289,391.06,5084,400.0,396.45 407.49 400.00,wait4,5084,True,3.352,
ext1,Apriori_Gen_Borgelt,1,connect,0.8,0.105,3.71,15107,16.82,16.82,wait4,15107,True,0.0955,
ext1,DefMe,1,connect,0.8,0.7527,533.4,15108,550.03,550.03 547.36 564.35,wait4,15108,True,0.7893,
ext1,Eclat_Gen_Borgelt,1,connect,0.8,0.1087,3.57,15107,24.44,24.44,wait4,15107,True,0.0958,
ext1,FPgrowth_Gen_Borgelt,1,connect,0.8,0.1015,3.59,15107,24.66,24.66,wait4,15107,True,0.0917,
ext1,Gr_growth,1,connect,0.8,0.0866,3.8,15108,14.21,14.21,wait4,15108,True,0.0683,
ext1,Pascal,1,connect,0.9,16.883,305.04,3486,292.45,289.34 292.45 312.94,wait4,3486,True,20.1424,
ext1,TalkyG_Diffset,1,connect,0.8,0.6084,317.52,15108,336.43,342.25 334.79 336.43,wait4,15108,True,0.634,
ext1,Talky_G,1,connect,0.8,0.5665,284.99,15108,288.43,288.43 284.18 291.08,wait4,15108,True,0.6116,
ext1,Zart,1,mushroom,0.2,45.996,405.33,1704,392.75,403.25 391.69 392.75,wait4,1704,True,45.4698,
ext1,Apriori_Gen_Borgelt,1,retail,0.01,0.0911,3.56,159,11.36,11.36,wait4,159,True,0.0599,
ext1,DefMe,1,retail,0.01,0.5121,482.36,160,495.01,489.68 552.45 495.01,wait4,160,True,0.453,
ext1,Eclat_Gen_Borgelt,1,retail,0.01,0.0857,4.14,159,13.95,13.95,wait4,159,True,0.0598,
ext1,FPgrowth_Gen_Borgelt,1,retail,0.01,0.0807,4.16,159,13.54,13.54,wait4,159,True,0.0552,
ext1,Gr_growth,1,retail,0.01,0.0706,3.91,160,14.84,14.84,wait4,160,True,0.0442,
ext1,Pascal,1,connect,0.8,117.2745,354.99,15107,348.19,353.96 348.19 346.54,wait4,15107,True,131.6243,
ext1,TalkyG_Diffset,1,retail,0.01,0.7195,1158.87,160,1155.91,1156.83 1155.91 1118.33,wait4,160,True,0.6638,
ext1,Talky_G,1,retail,0.01,0.7298,1147.38,160,1153.98,1110.73 1153.98 1154.69,wait4,160,True,0.6684,
ext1,Pascal,1,retail,0.01,6.1388,118.25,159,117.58,121.59 115.06 117.58,wait4,159,True,5.3838,
ext1,Zart,1,retail,0.01,2.874,388.45,160,543.8,626.07 543.80 517.15,wait4,160,True,2.5005,
ext1,Apriori_Gen_Borgelt,1,t10i4d100k,0.01,0.0955,3.58,869,18.73,18.73,wait4,869,True,0.0691,
ext1,Eclat_Gen_Borgelt,1,t10i4d100k,0.01,0.1128,3.84,869,25.41,25.41,wait4,869,True,0.0838,
ext1,FPgrowth_Gen_Borgelt,1,t10i4d100k,0.01,0.1787,40.9,869,40.55,40.55,wait4,869,True,0.1268,
ext1,Gr_growth,1,t10i4d100k,0.01,0.334,44.2,870,43.73,43.73,wait4,870,True,0.2484,
ext1,DefMe,1,t10i4d100k,0.01,1.4335,896.4,870,776.18,790.59 776.18 766.94,wait4,870,True,1.1078,
ext1,TalkyG_Diffset,1,t10i4d100k,0.01,0.4427,157.98,870,154.88,154.93 153.21 154.88,wait4,870,True,0.3687,
ext1,Talky_G,1,t10i4d100k,0.01,0.4522,155.88,870,154.23,154.52 150.73 154.23,wait4,870,True,0.3789,
ext1,Apriori_Gen_Borgelt,1,bms1,0.009894802187846,0.0323,3.66,79,5.62,5.62,wait4,79,True,0.0154,
ext1,Eclat_Gen_Borgelt,1,bms1,0.009894802187846,0.0194,3.6,79,6.32,6.32,wait4,79,True,0.0184,
ext1,DefMe,1,bms1,0.009894802187846,0.3444,117.18,80,115.83,117.78 115.83 108.46,wait4,80,True,0.2672,
ext1,FPgrowth_Gen_Borgelt,1,bms1,0.009894802187846,0.0173,4.47,79,6.37,6.37,wait4,79,True,0.0167,
ext1,Gr_growth,1,bms1,0.009894802187846,0.0219,4.28,80,14.54,14.54,wait4,80,True,0.0192,
ext1,TalkyG_Diffset,1,bms1,0.009894802187846,1.7675,7945.73,80,7802.34,7804.87 7802.34 7793.36,wait4,80,True,1.826,
ext1,Pascal,1,bms1,0.009894802187846,2.0055,101.05,79,98.51,96.55 98.51 99.49,wait4,79,True,1.5974,
ext1,Talky_G,1,bms1,0.009894802187846,1.8774,7938.1,80,7795.6,7795.60 7791.14 7815.69,wait4,80,True,1.8445,
ext1,Apriori_Gen_Borgelt,1,bms1,0.0038547364182409,0.0179,3.75,304,5.46,5.46,wait4,304,True,0.0204,
ext1,Zart,1,bms1,0.009894802187846,1.8868,473.42,80,478.28,478.28 478.11 483.68,wait4,80,True,1.611,
ext1,Eclat_Gen_Borgelt,1,bms1,0.0038547364182409,0.0197,4.28,304,7.0,7.00,wait4,304,True,0.0195,
ext1,FPgrowth_Gen_Borgelt,1,bms1,0.0038547364182409,0.0154,6.0,304,7.29,7.29,wait4,304,True,0.0205,
ext1,DefMe,1,bms1,0.0038547364182409,0.3177,135.29,305,179.56,179.56 177.81 181.02,wait4,305,True,0.3081,
ext1,TalkyG_Diffset,1,bms1,0.0038547364182409,1.7948,7941.68,305,7790.54,7781.89 7945.47 7790.54,wait4,305,True,1.8663,
ext1,Talky_G,1,bms1,0.0038547364182409,1.7659,7942.26,305,7791.96,7950.27 7791.96 7789.80,wait4,305,True,1.8507,
ext1,Pascal,1,bms1,0.0038547364182409,12.1523,98.69,304,99.99,99.99 99.20 102.46,wait4,304,True,10.7074,
ext1,Apriori_Gen_Borgelt,1,bms1,0.0012709305056877,0.0219,4.52,2077,5.78,5.78,wait4,2077,True,0.0279,
ext1,DefMe,1,bms1,0.0012709305056877,0.4143,377.39,2078,399.54,400.27 399.54 397.94,wait4,2078,True,0.4205,
ext1,Eclat_Gen_Borgelt,1,bms1,0.0012709305056877,0.0205,4.61,2077,9.06,9.06,wait4,2077,True,0.0255,
ext1,FPgrowth_Gen_Borgelt,1,bms1,0.0012709305056877,0.0275,3.84,2077,9.97,9.97,wait4,2077,True,0.026,
ext1,Zart,1,connect,0.9,135.8854,427.57,3487,428.16,432.66 422.08 428.16,wait4,3487,True,137.8338,
ext1,TalkyG_Diffset,1,bms1,0.0012709305056877,1.7989,7944.3,2079,7950.78,7949.11 7953.80 7950.78,wait4,2079,True,1.9463,
ext1,Talky_G,1,bms1,0.0012709305056877,1.7784,7941.38,2079,7791.57,7789.19 7795.62 7791.57,wait4,2079,True,1.9416,
ext1,Zart,1,bms1,0.0038547364182409,10.9244,622.32,305,501.68,493.96 558.19 501.68,wait4,305,True,10.8316,
ext1,Apriori_Gen_Borgelt,1,bms1,0.0005662561659004,0.3635,25.12,159224,24.74,24.74,wait4,159224,True,0.4,
ext1,Gr_growth,1,bms1,0.0038547364182409,0.0249,4.27,305,15.61,15.61,wait4,305,True,0.0242,
ext1,Gr_growth,1,bms1,0.0012709305056877,0.0302,11.08,2078,16.26,16.26,wait4,2078,True,0.0308,
ext1,DefMe,1,bms1,0.0005662561659004,4.6728,678.13,159225,814.25,786.84 814.25 869.48,wait4,159225,True,4.8179,
ext1,Eclat_Gen_Borgelt,1,bms1,0.0005662561659004,0.1071,3.89,159224,25.1,25.10,wait4,159224,True,0.1114,
ext1,FPgrowth_Gen_Borgelt,1,bms1,0.0005662561659004,0.0825,4.67,159224,29.68,29.68,wait4,159224,True,0.1001,
ext1,Gr_growth,1,bms1,0.0005662561659004,0.1316,20.68,159225,21.1,21.10,wait4,159225,True,0.1465,
ext1,Pascal,1,bms1,0.0012709305056877,32.0492,106.71,2077,114.13,111.44 114.74 114.13,wait4,2077,True,37.3048,
ext1,Zart,1,bms1,0.0012709305056877,39.8572,629.61,2078,644.7,635.76 644.70 780.96,wait4,2078,True,44.0053,
ext1,TalkyG_Diffset,1,bms1,0.0005662561659004,58.7362,7971.97,246441,7983.2,7956.01 7986.60 7983.20,wait4,246441,True,66.7395,
ext1,Talky_G,1,bms1,0.0005662561659004,60.9755,7967.99,246441,7968.68,7962.14 7982.44 7968.68,wait4,246441,True,67.9435,
ext1,Eclat_Gen_Borgelt,1,bms1,0.0001803630750645,2.0514,229.58,2915743,234.53,234.53,wait4,2915743,True,2.3292,
ext1,FPgrowth_Gen_Borgelt,1,bms1,0.0001803630750645,1.8038,243.48,2915743,245.4,245.40,wait4,2915743,True,2.0749,
ext1,Gr_growth,1,bms1,0.0001803630750645,4.5285,132.46,2915744,132.79,132.79,wait4,2915744,True,5.591,
ext1,Apriori_Gen_Borgelt,1,bms2,0.0123819537619981,0.0236,4.48,51,7.46,7.46,wait4,51,True,0.0259,
ext1,Eclat_Gen_Borgelt,1,bms2,0.0123819537619981,0.0295,3.59,51,7.83,7.83,wait4,51,True,0.0291,
ext1,DefMe,1,bms2,0.0123819537619981,0.3223,161.16,52,172.55,167.38 172.55 173.11,wait4,52,True,0.313,
ext1,Gr_growth,1,bms2,0.0123819537619981,0.0233,5.06,52,15.68,15.68,wait4,52,True,0.0291,
ext1,FPgrowth_Gen_Borgelt,1,bms2,0.0123819537619981,0.0375,4.1,51,7.95,7.95,wait4,51,True,0.0294,
ext1,Pascal,1,bms2,0.0123819537619981,1.2747,109.45,51,109.96,116.19 109.96 109.79,wait4,51,True,1.2998,
ext1,Zart,1,bms2,0.0123819537619981,0.9866,727.53,52,515.0,515.00 513.65 530.73,wait4,52,True,1.3796,
ext1,Apriori_Gen_Borgelt,1,c20d10k,0.946075,0.0118,1.79,8,4.14,4.14,wait4,8,True,0.011,
ext1,Eclat_Gen_Borgelt,1,c20d10k,0.946075,0.0217,2.78,8,4.29,4.29,wait4,8,True,0.0122,
ext1,DefMe,1,c20d10k,0.946075,0.2391,96.55,9,98.77,101.01 98.77 97.37,wait4,9,True,0.2473,
ext1,FPgrowth_Gen_Borgelt,1,c20d10k,0.946075,0.0118,3.8,8,4.43,4.43,wait4,8,True,0.0144,
ext1,Gr_growth,1,c20d10k,0.946075,0.0126,3.84,9,13.75,13.75,wait4,9,True,0.0131,
ext1,Pascal,1,c20d10k,0.946075,0.318,96.98,8,103.89,103.89 104.50 101.62,wait4,8,True,0.2419,
ext1,TalkyG_Diffset,1,c20d10k,0.946075,0.2403,98.88,8,99.81,99.81 107.68 99.57,wait4,8,True,0.2718,
ext1,Talky_G,1,c20d10k,0.946075,0.3011,92.04,8,101.68,102.78 101.68 100.52,wait4,8,True,0.2668,
ext1,Zart,1,c20d10k,0.946075,0.2848,92.98,9,110.67,120.99 110.67 108.53,wait4,9,True,0.3046,
ext1,Apriori_Gen_Borgelt,1,kosarak,0.0600247505990574,0.478,72.89,24,80.5,80.50,wait4,24,True,0.4963,
ext1,Eclat_Gen_Borgelt,1,kosarak,0.0600247505990574,0.5085,72.93,24,80.63,80.63,wait4,24,True,0.5033,
ext1,FPgrowth_Gen_Borgelt,1,kosarak,0.0600247505990574,0.4765,73.01,24,80.34,80.34,wait4,24,True,0.4913,
ext1,Gr_growth,1,kosarak,0.0600247505990574,0.2381,14.14,24,13.8,13.80,wait4,24,True,0.2186,
ext1,DefMe,1,kosarak,0.0600247505990574,3.3042,7907.05,25,7895.45,7926.11 7895.45 7877.63,wait4,25,True,3.7295,
ext1,Pascal,1,kosarak,0.0600247505990574,1.5701,477.22,24,478.26,485.56 478.26 474.38,wait4,24,True,1.4889,
ext1,Apriori_Gen_Borgelt,1,c73d10k,0.979375,0.0208,3.46,6,6.17,6.17,wait4,6,True,0.0256,
ext1,Zart,1,kosarak,0.0600247505990574,2.3451,1076.12,25,1065.57,1065.57 1021.44 1067.55,wait4,25,True,1.8512,
ext1,Eclat_Gen_Borgelt,1,c73d10k,0.979375,0.0238,3.56,6,6.14,6.14,wait4,6,True,0.0246,
ext1,DefMe,1,c73d10k,0.979375,0.2679,118.57,7,125.91,125.91 124.51 126.76,wait4,7,True,0.2773,
ext1,FPgrowth_Gen_Borgelt,1,c73d10k,0.979375,0.0252,3.28,6,6.41,6.41,wait4,6,True,0.0243,
ext1,Gr_growth,1,c73d10k,0.979375,0.0171,3.87,6,13.59,13.59,wait4,6,True,0.0284,
ext1,Pascal,1,c73d10k,0.979375,0.3183,113.1,6,119.76,119.66 119.89 119.76,wait4,6,True,0.298,
ext1,TalkyG_Diffset,1,c73d10k,0.979375,0.4297,127.64,6,135.26,134.48 136.59 135.26,wait4,6,True,0.3589,
ext1,Talky_G,1,c73d10k,0.979375,0.4063,129.48,6,138.0,138.00 139.62 137.04,wait4,6,True,0.3683,
ext1,Zart,1,c73d10k,0.979375,0.3495,141.61,7,138.92,138.92 135.53 140.92,wait4,7,True,0.3396,
ext1,Apriori_Gen_Borgelt,1,bms2,0.0052862782536897,0.0286,4.04,345,7.28,7.28,wait4,345,True,0.0339,
ext1,Eclat_Gen_Borgelt,1,bms2,0.0052862782536897,0.0351,3.92,345,9.09,9.09,wait4,345,True,0.0433,
ext1,FPgrowth_Gen_Borgelt,1,bms2,0.0052862782536897,0.0247,4.28,345,9.28,9.28,wait4,345,True,0.039,
ext1,DefMe,1,bms2,0.0052862782536897,0.3407,218.71,346,247.65,247.65 247.22 251.02,wait4,346,True,0.3623,
ext1,Gr_growth,1,bms2,0.0052862782536897,0.0468,5.1,346,16.79,16.79,wait4,346,True,0.0368,
ext1,Zart,1,bms2,0.0052862782536897,7.2682,686.34,346,573.18,550.72 643.79 573.18,wait4,346,True,7.8214,
ext1,Apriori_Gen_Borgelt,1,c20d10k,0.337575,0.0134,0.84,659,4.13,4.13,wait4,659,True,0.0117,
ext1,DefMe,1,c20d10k,0.337575,0.2431,106.39,660,114.39,114.70 114.39 112.19,wait4,660,True,0.2662,
ext1,Eclat_Gen_Borgelt,1,c20d10k,0.337575,0.0124,1.4,659,5.07,5.07,wait4,659,True,0.014,
ext1,FPgrowth_Gen_Borgelt,1,c20d10k,0.337575,0.0108,1.54,659,5.22,5.22,wait4,659,True,0.0134,
ext1,Gr_growth,1,c20d10k,0.337575,0.0117,5.51,660,13.73,13.73,wait4,660,True,0.0183,
ext1,Pascal,1,c20d10k,0.337575,0.4246,93.63,659,99.71,102.14 99.71 97.02,wait4,659,True,0.4732,
ext1,Pascal,1,bms2,0.0052862782536897,14.0866,108.04,345,111.29,110.75 122.53 111.29,wait4,345,True,18.4691,
ext1,TalkyG_Diffset,1,c20d10k,0.337575,0.323,95.02,659,99.7,101.96 99.70 98.29,wait4,659,True,0.2931,
ext1,Talky_G,1,c20d10k,0.337575,0.2526,98.22,659,99.73,98.83 99.73 100.98,wait4,659,True,0.2718,
ext1,Apriori_Gen_Borgelt,1,kosarak,0.0126772285392901,0.5105,72.82,251,80.88,80.88,wait4,251,True,0.5981,
ext1,Zart,1,c20d10k,0.337575,2.2742,394.05,660,399.09,399.09 384.73 402.42,wait4,660,True,2.2061,
ext1,Eclat_Gen_Borgelt,1,kosarak,0.0126772285392901,0.5745,81.49,251,94.79,94.79,wait4,251,True,0.571,
ext1,FPgrowth_Gen_Borgelt,1,kosarak,0.0126772285392901,0.5933,80.53,251,89.23,89.23,wait4,251,True,0.5449,
ext1,DefMe,1,kosarak,0.0126772285392901,3.3132,7916.68,252,7918.0,7922.35 7917.12 7918.00,wait4,252,True,3.7231,
ext1,Gr_growth,1,kosarak,0.0126772285392901,0.3354,21.89,252,21.45,21.45,wait4,252,True,0.3344,
ext1,Pascal,1,kosarak,0.0126772285392901,17.0601,475.8,251,485.96,488.48 485.72 485.96,wait4,251,True,19.3924,
ext1,Apriori_Gen_Borgelt,1,c73d10k,0.919975,0.0237,3.32,600,5.96,5.96,wait4,600,True,0.0282,
ext1,DefMe,1,c73d10k,0.919975,0.2757,135.13,601,148.35,148.94 148.35 148.34,wait4,601,True,0.3107,
ext1,Eclat_Gen_Borgelt,1,c73d10k,0.919975,0.0208,3.51,600,7.05,7.05,wait4,600,True,0.0255,
ext1,FPgrowth_Gen_Borgelt,1,c73d10k,0.919975,0.0211,3.39,600,7.12,7.12,wait4,600,True,0.0236,
ext1,Gr_growth,1,c73d10k,0.919975,0.0174,3.86,596,13.6,13.60,wait4,596,True,0.0238,
ext1,Pascal,1,c73d10k,0.919975,0.7386,119.76,600,123.84,121.07 123.84 124.76,wait4,600,True,0.8284,
ext1,TalkyG_Diffset,1,c73d10k,0.919975,0.3322,139.84,600,136.63,138.11 136.63 135.05,wait4,600,True,0.3674,
ext1,Zart,1,kosarak,0.0126772285392901,12.2491,1717.42,252,1626.61,1547.13 1626.61 1731.39,wait4,252,True,13.0232,
ext1,Talky_G,1,c73d10k,0.919975,0.3976,131.21,600,139.19,136.24 139.19 139.66,wait4,600,True,0.3711,
ext1,Apriori_Gen_Borgelt,1,bms2,0.0012094901434616,0.0685,3.65,13848,10.25,10.25,wait4,13848,True,0.0779,
ext1,DefMe,1,bms2,0.0012094901434616,1.1293,730.98,13849,663.53,663.53 666.54 648.61,wait4,13849,True,1.3268,
ext1,Eclat_Gen_Borgelt,1,bms2,0.0012094901434616,0.0571,3.66,13848,18.57,18.57,wait4,13848,True,0.0587,
ext1,FPgrowth_Gen_Borgelt,1,bms2,0.0012094901434616,0.0448,4.22,13848,20.92,20.92,wait4,13848,True,0.0549,
ext1,Gr_growth,1,bms2,0.0012094901434616,0.0688,5.1,13849,21.7,21.70,wait4,13849,True,0.084,
ext1,Zart,1,c73d10k,0.919975,4.2575,493.05,601,409.61,396.84 409.61 533.22,wait4,601,True,4.2473,
ext1,DefMe,1,bms1,0.0001803630750645,254.9194,836.25,2915744,987.26,1229.50 987.26 955.93,wait4,2915744,True,275.6548,
ext1,Apriori_Gen_Borgelt,1,c20d10k,0.034375,0.096,3.43,34690,5.03,5.03,wait4,34690,True,0.118,
ext1,DefMe,1,c20d10k,0.034375,0.4247,377.77,34691,379.36,381.98 378.27 379.36,wait4,34691,True,0.4792,
ext1,Eclat_Gen_Borgelt,1,c20d10k,0.034375,0.0358,3.36,34690,15.01,15.01,wait4,34690,True,0.0374,
ext1,FPgrowth_Gen_Borgelt,1,c20d10k,0.034375,0.0218,4.08,34690,15.33,15.33,wait4,34690,True,0.0268,
ext1,Gr_growth,1,c20d10k,0.034375,0.0344,3.84,34691,15.32,15.32,wait4,34691,True,0.0395,
ext1,Pascal,1,c20d10k,0.034375,83.7692,328.51,34690,327.26,328.80 327.26 326.94,wait4,34690,True,103.4486,
ext1,TalkyG_Diffset,1,c20d10k,0.034375,0.3174,116.64,34764,172.0,173.91 172.00 167.79,wait4,34764,True,0.3654,
ext1,Talky_G,1,c20d10k,0.034375,0.3053,117.46,34764,162.32,164.53 162.32 161.39,wait4,34764,True,0.3444,
ext1,Zart,1,bms2,0.0012094901434616,367.5665,1304.33,13849,1518.68,1197.94 1535.11 1518.68,wait4,13849,True,402.5199,
ext1,Apriori_Gen_Borgelt,1,kosarak,0.0032752349487756,0.8635,81.57,4001,81.42,81.42,wait4,4001,True,0.9854,
ext1,DefMe,1,kosarak,0.0032752349487756,4.3816,8001.25,4002,7989.88,7989.50 7989.88 8047.54,wait4,4002,True,4.6293,
ext1,Eclat_Gen_Borgelt,1,kosarak,0.0032752349487756,0.6783,124.84,4001,124.94,124.94,wait4,4001,True,0.7365,
ext1,FPgrowth_Gen_Borgelt,1,kosarak,0.0032752349487756,0.9033,135.98,4001,135.61,135.61,wait4,4001,True,0.9717,
ext1,Gr_growth,1,kosarak,0.0032752349487756,0.9369,64.18,4002,63.79,63.79,wait4,4002,True,1.0857,
ext1,Pascal,1,bms2,0.0012094901434616,478.7567,152.21,13848,142.18,142.18 140.45 154.11,wait4,13848,True,494.9871,
ext1,Apriori_Gen_Borgelt,1,c73d10k,0.446675,20.9821,63.36,1807687,62.72,62.72,wait4,1807687,True,23.2899,
ext1,DefMe,1,c73d10k,0.446675,10.1829,774.39,1807688,754.11,754.11 748.15 762.21,wait4,1807688,True,10.7941,
ext1,Eclat_Gen_Borgelt,1,c73d10k,0.446675,0.9654,170.02,1807687,171.44,171.44,wait4,1807687,True,1.0607,
ext1,FPgrowth_Gen_Borgelt,1,c73d10k,0.446675,0.8252,158.73,1807687,173.3,173.30,wait4,1807687,True,0.9364,
ext1,Gr_growth,1,c73d10k,0.446675,1.0828,97.54,1806480,98.6,98.60,wait4,1806480,True,1.2013,
ext1,TalkyG_Diffset,1,c73d10k,0.446675,58.1968,559.34,1810556,574.95,574.95 720.05 574.77,wait4,1810556,True,61.3564,
ext1,Talky_G,1,c73d10k,0.446675,58.2635,572.93,1810556,574.09,686.78 574.09 573.00,wait4,1810556,True,62.8973,
ext1,Apriori_Gen_Borgelt,1,bms2,0.0004354164516461,0.1611,20.67,100911,20.54,20.54,wait4,100911,True,0.173,
ext1,DefMe,1,bms2,0.0004354164516461,5.0359,726.7,100912,671.47,639.53 718.68 671.47,wait4,100912,True,5.2727,
ext1,Eclat_Gen_Borgelt,1,bms2,0.0004354164516461,0.1039,4.2,100911,27.68,27.68,wait4,100911,True,0.1119,
ext1,FPgrowth_Gen_Borgelt,1,bms2,0.0004354164516461,0.0983,4.26,100911,33.12,33.12,wait4,100911,True,0.0992,
ext1,Gr_growth,1,bms2,0.0004354164516461,0.1649,25.79,100912,26.77,26.77,wait4,100912,True,0.162,
ext1,Apriori_Gen_Borgelt,1,c20d10k,0.001275,0.3985,21.6,386701,21.29,21.29,wait4,386701,True,0.4447,
ext1,DefMe,1,c20d10k,0.001275,2.6059,750.49,386702,750.96,750.62 819.64 750.96,wait4,386702,True,2.7662,
ext1,Eclat_Gen_Borgelt,1,c20d10k,0.001275,0.1722,31.14,386701,39.88,39.88,wait4,386701,True,0.1972,
ext1,FPgrowth_Gen_Borgelt,1,c20d10k,0.001275,0.1464,35.92,386701,42.9,42.90,wait4,386701,True,0.1577,
ext1,Gr_growth,1,c20d10k,0.001275,0.2013,22.34,386702,27.5,27.50,wait4,386702,True,0.2537,
ext1,TalkyG_Diffset,1,c20d10k,0.001275,12.5032,405.64,394806,408.34,404.78 408.34 409.16,wait4,394806,True,13.6455,
ext1,Talky_G,1,c20d10k,0.001275,12.7513,406.13,394806,405.26,400.82 405.26 405.34,wait4,394806,True,14.1911,
ext1,Apriori_Gen_Borgelt,1,kosarak,0.0013246977425311,10.8181,93.28,202882,93.03,93.03,wait4,202882,True,11.2625,
ext1,Zart,1,kosarak,0.0032752349487756,550.9333,1732.37,4002,1732.91,1573.70 1745.10 1732.91,wait4,4002,True,576.0635,
ext1,Eclat_Gen_Borgelt,1,kosarak,0.0013246977425311,1.2067,154.98,202882,154.16,154.16,wait4,202882,True,1.4119,
ext1,FPgrowth_Gen_Borgelt,1,kosarak,0.0013246977425311,1.9742,213.57,202882,212.75,212.75,wait4,202882,True,2.4186,
ext1,Gr_growth,1,kosarak,0.0013246977425311,2.9051,120.8,202882,120.23,120.23,wait4,202882,True,3.7909,
ext1,Apriori_Gen_Borgelt,1,bms2,0.0001515894313138,0.669,58.23,524757,57.46,57.46,wait4,524757,True,0.7664,
ext1,DefMe,1,bms2,0.0001515894313138,24.1012,727.39,524758,731.47,682.85 909.25 731.47,wait4,524758,True,28.1031,
ext1,Eclat_Gen_Borgelt,1,bms2,0.0001515894313138,0.3445,58.32,524757,58.48,58.48,wait4,524757,True,0.4068,
ext1,FPgrowth_Gen_Borgelt,1,bms2,0.0001515894313138,0.3056,60.03,524757,70.45,70.45,wait4,524757,True,0.3469,
ext1,Gr_growth,1,bms2,0.0001515894313138,0.4422,42.61,524758,42.28,42.28,wait4,524758,True,0.4997,
ext2,Apriori_Gen_Borgelt,1,chicago,0.0313061894768789,0.5734,133.04,22,132.53,132.53,wait4,22,True,0.5905,
ext2,DefMe,1,chicago,0.0313061894768789,0.6457,610.12,23,612.49,637.67 589.52 612.49,wait4,23,True,0.7457,
ext2,Eclat_Gen_Borgelt,1,chicago,0.0313061894768789,0.5361,133.14,22,132.82,132.82,wait4,22,True,0.6121,
ext2,FPgrowth_Gen_Borgelt,1,chicago,0.0313061894768789,0.5306,133.04,22,132.81,132.81,wait4,22,True,0.6116,
ext2,Gr_growth,1,chicago,0.0313061894768789,0.2006,14.05,23,13.75,13.75,wait4,23,True,0.1844,
ext2,TalkyG_Diffset,1,chicago,0.0313061894768789,0.7181,609.41,23,683.88,698.18 602.95 683.88,wait4,23,True,0.8113,
ext2,Talky_G,1,chicago,0.0313061894768789,0.6972,600.8,23,600.74,599.04 699.50 600.74,wait4,23,True,0.8246,
ext2,Pascal,1,chicago,0.0313061894768789,2.4853,398.73,22,381.42,380.18 390.93 381.42,wait4,22,True,2.4842,
ext2,Apriori_Gen_Borgelt,1,kddcup99,0.76716775,0.4103,109.6,34,109.04,109.04,wait4,34,True,0.4725,
ext2,DefMe,1,kddcup99,0.76716775,0.9647,773.62,35,654.63,654.63 587.81 655.15,wait4,35,True,1.1054,
ext2,Zart,1,chicago,0.0313061894768789,2.2804,906.6,23,905.32,915.59 876.43 905.32,wait4,23,True,2.4716,
ext2,Eclat_Gen_Borgelt,1,kddcup99,0.76716775,0.4224,109.67,34,109.38,109.38,wait4,34,True,0.4782,
ext2,FPgrowth_Gen_Borgelt,1,kddcup99,0.76716775,0.3795,109.76,34,109.52,109.52,wait4,34,True,0.433,
ext2,Gr_growth,1,kddcup99,0.76716775,0.3125,13.95,35,13.6,13.60,wait4,35,True,0.2901,
ext2,Pascal,1,kddcup99,0.76716775,1.3842,592.58,34,638.95,644.42 638.95 616.64,wait4,34,True,1.4641,
ext2,TalkyG_Diffset,1,kddcup99,0.76716775,1.3352,689.86,35,697.42,560.00 767.63 697.42,wait4,35,True,1.4784,
ext2,Talky_G,1,kddcup99,0.76716775,1.4308,806.24,35,683.85,683.85 770.42 559.73,wait4,35,True,1.5111,
ext2,Apriori_Gen_Borgelt,1,onlineretail,0.017636528480632,0.1338,36.01,54,35.79,35.79,wait4,54,True,0.1646,
ext2,Zart,1,kddcup99,0.76716775,2.0421,1173.86,35,1333.46,1358.86 1333.46 1218.81,wait4,35,True,2.2385,
ext2,DefMe,1,onlineretail,0.017636528480632,0.5899,628.89,55,686.96,686.96 686.14 694.95,wait4,55,True,0.7094,
ext2,Eclat_Gen_Borgelt,1,onlineretail,0.017636528480632,0.1429,36.12,54,35.79,35.79,wait4,54,True,0.1644,
ext2,FPgrowth_Gen_Borgelt,1,onlineretail,0.017636528480632,0.1452,36.0,54,35.91,35.91,wait4,54,True,0.1739,
ext2,Gr_growth,1,onlineretail,0.017636528480632,0.1011,14.04,55,13.6,13.60,wait4,55,True,0.1122,
ext2,TalkyG_Diffset,1,onlineretail,0.017636528480632,0.5796,525.02,55,527.21,527.21 526.79 527.26,wait4,55,True,0.6544,
ext2,Talky_G,1,onlineretail,0.017636528480632,0.6118,671.02,55,650.92,656.75 650.92 637.18,wait4,55,True,0.7182,
ext2,Zart,1,onlineretail,0.017636528480632,4.6665,808.08,55,826.25,1757.90 826.25 755.57,wait4,55,True,5.5033,
ext2,Pascal,1,onlineretail,0.017636528480632,7.1688,284.84,54,276.56,276.56 276.99 275.94,wait4,54,True,7.5963,
ext2,Apriori_Gen_Borgelt,1,pamap,0.87309175,0.6862,139.85,21,139.36,139.36,wait4,21,True,0.7623,
ext2,Eclat_Gen_Borgelt,1,pamap,0.87309175,0.6918,139.93,21,139.21,139.21,wait4,21,True,0.7923,
ext2,DefMe,1,pamap,0.87309175,1.3447,1165.31,22,1220.78,1207.77 1223.32 1220.78,wait4,22,True,1.561,
ext2,FPgrowth_Gen_Borgelt,1,pamap,0.87309175,0.6506,139.98,21,139.36,139.36,wait4,21,True,0.7379,
ext2,Gr_growth,1,pamap,0.87309175,0.4039,14.0,22,13.6,13.60,wait4,22,True,0.4618,
ext2,TalkyG_Diffset,1,pamap,0.87309175,1.8575,1212.67,22,1230.96,1191.94 1230.96 1292.93,wait4,22,True,2.1486,
ext2,Pascal,1,pamap,0.87309175,2.493,682.41,21,674.12,674.12 667.07 677.44,wait4,21,True,2.4276,
ext2,Talky_G,1,pamap,0.87309175,2.0549,1252.39,22,1294.46,1246.41 1332.23 1294.46,wait4,22,True,2.2455,
ext2,Apriori_Gen_Borgelt,1,recordlink,0.7772354251860716,0.1783,46.63,33,46.44,46.44,wait4,33,True,0.2123,
ext2,DefMe,1,recordlink,0.7772354251860716,0.4789,278.88,34,278.78,310.64 278.78 272.51,wait4,34,True,0.5571,
ext2,Zart,1,pamap,0.87309175,2.8441,1879.73,22,1778.36,1800.13 1778.36 1614.93,wait4,22,True,2.9929,
ext2,Eclat_Gen_Borgelt,1,recordlink,0.7772354251860716,0.1804,46.71,33,46.51,46.51,wait4,33,True,0.2025,
ext2,FPgrowth_Gen_Borgelt,1,recordlink,0.7772354251860716,0.1604,46.75,33,46.54,46.54,wait4,33,True,0.1853,
ext2,Gr_growth,1,recordlink,0.7772354251860716,0.0999,13.97,34,13.63,13.63,wait4,34,True,0.1207,
ext2,Pascal,1,recordlink,0.7772354251860716,0.7135,339.2,33,337.64,322.75 338.16 337.64,wait4,33,True,0.787,
ext2,TalkyG_Diffset,1,recordlink,0.7772354251860716,0.5669,271.16,34,279.54,274.97 327.06 279.54,wait4,34,True,0.6868,
ext2,Talky_G,1,recordlink,0.7772354251860716,0.6806,316.26,34,274.68,272.80 274.68 279.21,wait4,34,True,0.6888,
ext2,Zart,1,recordlink,0.7772354251860716,1.046,582.79,34,547.47,547.47 572.39 490.50,wait4,34,True,1.1301,
ext2,Apriori_Gen_Borgelt,1,chicago,0.0014940977925552,0.5623,133.05,378,132.84,132.84,wait4,378,True,0.6167,
ext2,Eclat_Gen_Borgelt,1,chicago,0.0014940977925552,0.5576,133.19,378,132.85,132.85,wait4,378,True,0.6159,
ext2,DefMe,1,chicago,0.0014940977925552,0.9103,1051.68,379,996.71,996.71 1032.34 944.30,wait4,379,True,0.9919,
ext2,Gr_growth,1,chicago,0.0014940977925552,0.1865,14.86,379,14.53,14.53,wait4,379,True,0.2014,
ext2,FPgrowth_Gen_Borgelt,1,chicago,0.0014940977925552,0.5575,133.14,378,132.33,132.33,wait4,378,True,0.6139,
ext2,TalkyG_Diffset,1,chicago,0.0014940977925552,0.8067,810.47,379,895.71,897.61 880.48 895.71,wait4,379,True,0.9679,
ext2,Talky_G,1,chicago,0.0014940977925552,0.7825,762.86,379,820.85,819.96 823.27 820.85,wait4,379,True,0.9191,
ext2,Pascal,1,chicago,0.0014940977925552,16.6443,393.04,378,379.52,410.57 374.41 379.52,wait4,378,True,17.1944,
ext2,Apriori_Gen_Borgelt,1,kddcup99,0.45114675,0.4542,109.64,3394,109.21,109.21,wait4,3394,True,0.5061,
ext2,DefMe,1,kddcup99,0.45114675,1.5365,1406.8,3395,1415.4,1469.93 1415.40 1284.55,wait4,3395,True,1.6885,
ext2,Eclat_Gen_Borgelt,1,kddcup99,0.45114675,0.4993,109.76,3394,109.32,109.32,wait4,3394,True,0.5681,
ext2,FPgrowth_Gen_Borgelt,1,kddcup99,0.45114675,0.4676,109.66,3394,109.38,109.38,wait4,3394,True,0.5209,
ext2,Gr_growth,1,kddcup99,0.45114675,0.2815,13.9,3395,13.64,13.64,wait4,3395,True,0.2945,
ext2,Zart,1,chicago,0.0014940977925552,25.105,1304.64,379,1229.48,1229.48 1217.37 1255.21,wait4,379,True,24.938,
ext2,TalkyG_Diffset,1,kddcup99,0.45114675,1.4233,783.72,3687,818.47,834.45 818.47 803.52,wait4,3687,True,1.5865,
ext2,Talky_G,1,kddcup99,0.45114675,1.3662,805.22,3687,815.58,805.45 815.58 817.20,wait4,3687,True,1.5446,
ext1,DefMe,1,kosarak,0.0013246977425311,206.058,8031.17,202883,8012.86,8019.42 7919.19 8012.86,wait4,202883,True,221.5871,
ext2,Apriori_Gen_Borgelt,1,onlineretail,0.0058890194373259,0.141,36.0,270,35.62,35.62,wait4,270,True,0.1533,
ext2,DefMe,1,onlineretail,0.0058890194373259,0.7731,1117.08,271,1141.87,1087.29 1423.83 1141.87,wait4,271,True,0.8455,
ext2,Eclat_Gen_Borgelt,1,onlineretail,0.0058890194373259,0.15,36.08,270,35.94,35.94,wait4,270,True,0.1668,
ext2,FPgrowth_Gen_Borgelt,1,onlineretail,0.0058890194373259,0.1502,36.12,270,35.62,35.62,wait4,270,True,0.1642,
ext2,Gr_growth,1,onlineretail,0.0058890194373259,0.1492,14.12,271,13.75,13.75,wait4,271,True,0.1532,
ext2,Pascal,1,kddcup99,0.45114675,40.6292,608.15,3394,622.07,622.07 619.64 631.28,wait4,3394,True,45.8292,
ext2,TalkyG_Diffset,1,onlineretail,0.0058890194373259,0.5556,519.51,271,570.27,584.24 570.27 533.33,wait4,271,True,0.5987,
ext2,Talky_G,1,onlineretail,0.0058890194373259,0.6172,686.21,271,663.88,663.88 685.57 662.14,wait4,271,True,0.6591,
ext2,Zart,1,onlineretail,0.0058890194373259,87.3878,849.51,271,784.0,782.65 802.58 784.00,wait4,271,True,82.2738,
ext2,Apriori_Gen_Borgelt,1,pamap,0.63655675,0.754,139.86,1673,139.55,139.55,wait4,1673,True,0.7556,
ext2,DefMe,1,pamap,0.63655675,1.5887,1739.82,1674,1705.5,1705.50 1740.52 1481.93,wait4,1674,True,1.6797,
ext2,Eclat_Gen_Borgelt,1,pamap,0.63655675,0.7684,139.94,1673,139.68,139.68,wait4,1673,True,0.8101,
ext2,FPgrowth_Gen_Borgelt,1,pamap,0.63655675,0.7153,139.95,1673,139.71,139.71,wait4,1673,True,0.7395,
ext2,Gr_growth,1,pamap,0.63655675,0.4392,14.35,1674,14.06,14.06,wait4,1674,True,0.4378,
ext2,Pascal,1,onlineretail,0.0058890194373259,92.667,283.02,270,282.67,286.60 282.67 282.05,wait4,270,True,99.3931,
ext2,TalkyG_Diffset,1,pamap,0.63655675,2.0118,1797.96,1674,1745.98,1757.26 1745.98 1657.30,wait4,1674,True,2.1361,
ext2,Talky_G,1,pamap,0.63655675,2.0661,1465.4,1674,1620.77,1649.32 1565.58 1620.77,wait4,1674,True,2.1937,
ext2,Pascal,1,pamap,0.63655675,54.9236,655.23,1673,675.94,683.57 669.75 675.94,wait4,1673,True,47.9826,
ext2,Apriori_Gen_Borgelt,1,recordlink,0.0439401265930671,0.2227,50.29,2550,50.21,50.21,wait4,2550,True,0.232,
ext2,DefMe,1,recordlink,0.0439401265930671,0.7757,827.79,2551,838.53,838.53 838.03 845.48,wait4,2551,True,0.8197,
ext2,Eclat_Gen_Borgelt,1,recordlink,0.0439401265930671,0.2371,52.14,2550,53.15,53.15,wait4,2550,True,0.2413,
ext2,FPgrowth_Gen_Borgelt,1,recordlink,0.0439401265930671,0.2224,52.26,2550,53.15,53.15,wait4,2550,True,0.2278,
ext2,Gr_growth,1,recordlink,0.0439401265930671,0.1065,14.01,2551,13.75,13.75,wait4,2551,True,0.1115,
ext2,Zart,1,pamap,0.63655675,90.7496,1815.95,1674,1883.96,1873.66 1883.96 1907.39,wait4,1674,True,93.8029,
ext2,TalkyG_Diffset,1,recordlink,0.0439401265930671,0.6844,406.65,2551,509.01,509.01 488.38 509.06,wait4,2551,True,0.7242,
ext2,Talky_G,1,recordlink,0.0439401265930671,0.6705,305.22,2551,377.6,377.60 375.26 390.36,wait4,2551,True,0.6783,
ext2,Pascal,1,recordlink,0.0439401265930671,19.602,319.17,2550,329.29,325.57 338.02 329.29,wait4,2550,True,20.1525,
ext2,Apriori_Gen_Borgelt,1,chicago,9.29644154754388e-06,0.5379,133.02,18503,132.49,132.49,wait4,18503,True,0.563,
ext2,DefMe,1,chicago,9.29644154754388e-06,7.0549,1822.45,18504,1836.28,1800.00 1886.88 1836.28,wait4,18504,True,7.4068,
ext2,Eclat_Gen_Borgelt,1,chicago,9.29644154754388e-06,0.5375,133.07,18503,135.05,135.05,wait4,18503,True,0.5835,
ext2,FPgrowth_Gen_Borgelt,1,chicago,9.29644154754388e-06,0.5184,133.1,18503,134.06,134.06,wait4,18503,True,0.5526,
ext2,Gr_growth,1,chicago,9.29644154754388e-06,0.2069,15.54,18504,15.3,15.30,wait4,18504,True,0.2201,
ext2,Zart,1,recordlink,0.0439401265930671,98.4032,784.78,2551,766.5,766.50 799.88 727.15,wait4,2551,True,101.121,
ext2,TalkyG_Diffset,1,chicago,9.29644154754388e-06,3.398,1894.39,18506,1864.03,1864.03 1881.82 1850.73,wait4,18506,True,3.4114,
ext2,Talky_G,1,chicago,9.29644154754388e-06,2.2952,1930.95,18506,1903.22,1903.22 1852.60 1920.17,wait4,18506,True,2.3518,
ext2,Zart,1,kddcup99,0.45114675,354.6493,1421.39,3395,1336.42,1409.45 1305.47 1336.42,wait4,3395,True,372.4434,
ext2,Apriori_Gen_Borgelt,1,kddcup99,0.00029375,0.5174,113.39,69925,113.03,113.03,wait4,69925,True,0.5497,
ext2,DefMe,1,kddcup99,0.00029375,16.3038,1307.5,69926,1379.25,1379.25 1334.18 1422.39,wait4,69926,True,17.7053,
ext2,Eclat_Gen_Borgelt,1,kddcup99,0.00029375,0.553,109.64,69925,113.06,113.06,wait4,69925,True,0.6007,
ext2,FPgrowth_Gen_Borgelt,1,kddcup99,0.00029375,0.5021,109.82,69925,113.27,113.27,wait4,69925,True,0.5484,
ext2,Gr_growth,1,kddcup99,0.00029375,0.3426,14.12,69926,16.14,16.14,wait4,69926,True,0.3501,
ext2,TalkyG_Diffset,1,kddcup99,0.00029375,4.2389,1517.89,76770,1547.34,1547.34 1404.30 1775.11,wait4,76770,True,4.3704,
ext2,Talky_G,1,kddcup99,0.00029375,3.3176,1465.41,76770,1499.53,1472.49 1499.53 1551.29,wait4,76770,True,3.4265,
ext2,Apriori_Gen_Borgelt,1,onlineretail,0.0015334301653236,0.1531,35.94,1510,35.82,35.82,wait4,1510,True,0.1616,
ext2,DefMe,1,onlineretail,0.0015334301653236,2.1924,2060.48,1511,2116.93,2116.93 2185.57 2038.33,wait4,1511,True,2.3963,
ext2,Eclat_Gen_Borgelt,1,onlineretail,0.0015334301653236,0.1481,36.08,1510,35.78,35.78,wait4,1510,True,0.1679,
ext2,FPgrowth_Gen_Borgelt,1,onlineretail,0.0015334301653236,0.1437,36.13,1510,35.63,35.63,wait4,1510,True,0.1624,
ext2,Gr_growth,1,onlineretail,0.0015334301653236,0.1445,14.29,1511,13.91,13.91,wait4,1511,True,0.1488,
ext2,TalkyG_Diffset,1,onlineretail,0.0015334301653236,0.6137,601.33,1527,603.0,603.00 596.53 715.80,wait4,1527,True,0.6554,
ext2,Talky_G,1,onlineretail,0.0015334301653236,0.7463,1028.43,1527,969.79,818.23 972.59 969.79,wait4,1527,True,0.7768,
ext2,Apriori_Gen_Borgelt,1,pamap,0.04525675,147.862,826.47,20842078,825.86,825.86,wait4,20842078,True,154.4703,
ext2,Eclat_Gen_Borgelt,1,pamap,0.04525675,28.4018,1947.34,20842078,1946.2,1946.20,wait4,20842078,True,27.9615,
ext2,FPgrowth_Gen_Borgelt,1,pamap,0.04525675,23.7877,1957.13,20842078,1960.66,1960.66,wait4,20842078,True,22.954,
ext2,Gr_growth,1,pamap,0.04525675,21.4911,1034.2,20842079,1033.28,1033.28,wait4,20842079,True,21.4139,
ext2,Apriori_Gen_Borgelt,1,recordlink,0.0001021893747401,0.208,50.64,8989,50.01,50.01,wait4,8989,True,0.2229,
ext2,DefMe,1,recordlink,0.0001021893747401,1.4279,805.29,8990,815.78,833.10 809.62 815.78,wait4,8990,True,1.538,
ext2,Eclat_Gen_Borgelt,1,recordlink,0.0001021893747401,0.223,57.23,8989,56.87,56.87,wait4,8989,True,0.2527,
ext2,FPgrowth_Gen_Borgelt,1,recordlink,0.0001021893747401,0.2202,56.55,8989,57.17,57.17,wait4,8989,True,0.2358,
ext2,Gr_growth,1,recordlink,0.0001021893747401,0.1205,14.31,8990,13.92,13.92,wait4,8990,True,0.1261,
ext2,Pascal,1,chicago,9.29644154754388e-06,229.861,396.95,18503,394.77,394.77 392.71 406.12,wait4,18503,True,258.1179,
ext2,TalkyG_Diffset,1,recordlink,0.0001021893747401,0.8799,784.55,9186,829.45,829.45 833.47 788.95,wait4,9186,True,0.9396,
ext2,Talky_G,1,recordlink,0.0001021893747401,0.8454,823.69,9186,833.45,807.77 845.81 833.45,wait4,9186,True,0.894,
ext2,Apriori_Gen_Borgelt,1,kddcup99,2.775e-05,0.5342,113.46,87682,113.26,113.26,wait4,87682,True,0.563,
ext2,Pascal,1,recordlink,0.0001021893747401,56.3277,349.46,8989,324.36,344.25 319.80 324.36,wait4,8989,True,63.0865,
ext2,Eclat_Gen_Borgelt,1,kddcup99,2.775e-05,0.5512,109.73,87682,112.89,112.89,wait4,87682,True,0.6418,
ext2,FPgrowth_Gen_Borgelt,1,kddcup99,2.775e-05,0.5121,109.73,87682,113.39,113.39,wait4,87682,True,0.6004,
ext2,Gr_growth,1,kddcup99,2.775e-05,0.3537,14.12,87683,16.73,16.73,wait4,87683,True,0.3972,
ext2,DefMe,1,kddcup99,2.775e-05,22.6675,1472.67,87683,1297.85,1280.71 1316.51 1297.85,wait4,87683,True,24.9338,
ext2,Talky_G,1,kddcup99,2.775e-05,4.014,1564.35,96853,1542.3,1239.07 1542.30 1593.49,wait4,96853,True,4.3803,
ext2,Apriori_Gen_Borgelt,1,onlineretail,0.0004010509663154,0.1482,36.04,5987,35.75,35.75,wait4,5987,True,0.1795,
ext2,TalkyG_Diffset,1,kddcup99,2.775e-05,5.1374,1561.99,96853,1534.2,1534.20 1366.19 1596.53,wait4,96853,True,5.6259,
ext2,Eclat_Gen_Borgelt,1,onlineretail,0.0004010509663154,0.1469,36.11,5987,35.91,35.91,wait4,5987,True,0.1713,
ext2,FPgrowth_Gen_Borgelt,1,onlineretail,0.0004010509663154,0.1427,36.16,5987,35.78,35.78,wait4,5987,True,0.1707,
ext2,Gr_growth,1,onlineretail,0.0004010509663154,0.1572,14.48,5988,13.91,13.91,wait4,5988,True,0.1607,
ext2,TalkyG_Diffset,1,onlineretail,0.0004010509663154,1.0926,1651.94,6116,2096.0,1663.86 2145.89 2096.00,wait4,6116,True,1.2548,
ext2,Talky_G,1,onlineretail,0.0004010509663154,1.0922,1756.58,6116,1816.75,1567.33 1816.75 1844.00,wait4,6116,True,1.1834,
ext2,Apriori_Gen_Borgelt,1,onlineretail,4.024386859220471e-05,0.163,36.03,14687,35.67,35.67,wait4,14687,True,0.1833,
ext2,DefMe,1,onlineretail,0.0004010509663154,8.2196,2150.64,5988,2041.07,2148.32 2037.93 2041.07,wait4,5988,True,9.8854,
ext2,Eclat_Gen_Borgelt,1,onlineretail,4.024386859220471e-05,0.1527,37.81,14687,37.47,37.47,wait4,14687,True,0.1775,
ext2,FPgrowth_Gen_Borgelt,1,onlineretail,4.024386859220471e-05,0.1468,37.69,14687,38.25,38.25,wait4,14687,True,0.1741,
ext2,Gr_growth,1,onlineretail,4.024386859220471e-05,0.1566,14.84,14688,14.38,14.38,wait4,14688,True,0.1641,
ext2,TalkyG_Diffset,1,onlineretail,4.024386859220471e-05,1.8719,2079.16,15221,1654.93,1654.93 1652.93 1668.82,wait4,15221,True,1.9525,
ext2,Talky_G,1,onlineretail,4.024386859220471e-05,1.6833,2081.04,15221,2133.53,2024.64 2153.54 2133.53,wait4,15221,True,1.8326,
confirm,Apriori_Gen_Borgelt,1,chainstore_fim,0.0033943603884814,0.6459,85.7,233,85.84,85.84,wait4,233,True,0.7039,
confirm,Eclat_Gen_Borgelt,1,chainstore_fim,0.0033943603884814,0.7824,85.46,233,103.39,103.39,wait4,233,True,0.7264,
confirm,FPgrowth_Gen_Borgelt,1,chainstore_fim,0.0033943603884814,0.7659,86.22,233,102.81,102.81,wait4,233,True,0.7329,
confirm,Gr_growth,1,chainstore_fim,0.0033943603884814,1.3177,38.79,234,38.36,38.36,wait4,234,True,0.8904,
confirm,DefMe,1,chainstore_fim,0.0033943603884814,5.9657,8042.2,234,8037.29,8037.29 8032.91 8038.03,wait4,234,True,6.4722,
ext2,DefMe,1,onlineretail,4.024386859220471e-05,27.3897,2247.18,14688,2115.43,2035.36 2115.43 2183.63,wait4,14688,True,32.7969,
confirm,Apriori_Gen_Borgelt,1,fruithut,0.0140888608012309,0.0462,13.26,77,12.86,12.86,wait4,77,True,0.0592,
confirm,DefMe,1,fruithut,0.0140888608012309,0.3239,195.89,78,200.05,205.22 200.05 191.70,wait4,78,True,0.3629,
confirm,Eclat_Gen_Borgelt,1,fruithut,0.0140888608012309,0.0572,17.88,77,17.54,17.54,wait4,77,True,0.056,
confirm,FPgrowth_Gen_Borgelt,1,fruithut,0.0140888608012309,0.0464,17.0,77,16.52,16.52,wait4,77,True,0.0503,
confirm,Gr_growth,1,fruithut,0.0140888608012309,0.0517,18.07,78,17.5,17.50,wait4,78,True,0.0564,
confirm,Pascal,1,fruithut,0.0140888608012309,6.6971,119.27,77,117.04,116.58 117.04 122.23,wait4,77,True,7.6995,
confirm,TalkyG_Diffset,1,fruithut,0.0140888608012309,0.4082,465.24,78,469.9,470.29 469.90 462.02,wait4,78,True,0.4356,
confirm,Talky_G,1,fruithut,0.0140888608012309,0.3908,488.64,78,490.21,490.72 490.21 483.05,wait4,78,True,0.4279,
confirm,Zart,1,fruithut,0.0140888608012309,3.8553,728.09,78,631.31,712.18 572.41 631.31,wait4,78,True,4.1862,
confirm,Apriori_Gen_Borgelt,1,instacart,0.0124896158037939,0.0897,17.76,91,17.27,17.27,wait4,91,True,0.1119,
confirm,DefMe,1,instacart,0.0124896158037939,0.7123,1317.67,92,1531.06,1577.07 1531.06 1525.07,wait4,92,True,0.8199,
confirm,Eclat_Gen_Borgelt,1,instacart,0.0124896158037939,0.0951,21.1,91,20.58,20.58,wait4,91,True,0.1033,
confirm,FPgrowth_Gen_Borgelt,1,instacart,0.0124896158037939,0.0848,20.96,91,20.44,20.44,wait4,91,True,0.1027,
confirm,Gr_growth,1,instacart,0.0124896158037939,0.0735,17.85,92,17.57,17.57,wait4,92,True,0.0849,
confirm,Pascal,1,instacart,0.0124896158037939,18.0561,170.66,91,175.54,178.48 175.54 174.96,wait4,91,True,20.6211,
confirm,TalkyG_Diffset,1,instacart,0.0124896158037939,1.7695,6112.76,92,6238.85,6405.95 6184.95 6238.85,wait4,92,True,2.0574,
confirm,Talky_G,1,instacart,0.0124896158037939,1.8744,6274.3,92,6344.2,6289.02 6344.20 6500.52,wait4,92,True,2.1266,
confirm,Zart,1,instacart,0.0124896158037939,3.6769,814.55,92,691.8,817.43 612.16 691.80,wait4,92,True,4.2079,
confirm,Apriori_Gen_Borgelt,1,skin,0.2363562354880701,0.0414,17.82,19,17.81,17.81,wait4,19,True,0.0428,
confirm,DefMe,1,skin,0.2363562354880701,0.2769,160.85,20,164.94,164.94 168.37 163.39,wait4,20,True,0.3119,
confirm,Eclat_Gen_Borgelt,1,skin,0.2363562354880701,0.0406,17.89,19,17.75,17.75,wait4,19,True,0.0461,
confirm,FPgrowth_Gen_Borgelt,1,skin,0.2363562354880701,0.0321,17.9,19,17.99,17.99,wait4,19,True,0.0423,
confirm,Gr_growth,1,skin,0.2363562354880701,0.0229,13.96,20,13.59,13.59,wait4,20,True,0.0297,
confirm,Pascal,1,skin,0.2363562354880701,0.391,133.41,19,131.88,136.40 131.60 131.88,wait4,19,True,0.4298,
confirm,TalkyG_Diffset,1,skin,0.2363562354880701,0.3313,163.9,20,166.4,161.52 168.26 166.40,wait4,20,True,0.336,
confirm,Talky_G,1,skin,0.2363562354880701,0.3276,157.23,20,163.0,161.75 167.60 163.00,wait4,20,True,0.3387,
confirm,Zart,1,skin,0.2363562354880701,0.4146,163.48,20,170.25,166.28 170.25 194.14,wait4,20,True,0.4717,
confirm,Apriori_Gen_Borgelt,1,t20i6d100k,0.0196027901763375,0.1066,23.84,388,23.61,23.61,wait4,388,True,0.111,
confirm,DefMe,1,t20i6d100k,0.0196027901763375,0.6084,741.74,389,723.67,788.64 608.89 723.67,wait4,389,True,0.6626,
confirm,Eclat_Gen_Borgelt,1,t20i6d100k,0.0196027901763375,0.1276,36.51,388,36.14,36.14,wait4,388,True,0.1503,
confirm,FPgrowth_Gen_Borgelt,1,t20i6d100k,0.0196027901763375,0.2441,61.39,388,60.67,60.67,wait4,388,True,0.3082,
confirm,Gr_growth,1,t20i6d100k,0.0196027901763375,0.2637,60.67,389,60.32,60.32,wait4,389,True,0.3252,
confirm,Zart,1,chainstore_fim,0.0033943603884814,231.2598,1767.45,234,1633.54,1779.18 1633.54 1605.39,wait4,234,True,255.3637,
confirm,TalkyG_Diffset,1,t20i6d100k,0.0196027901763375,0.4307,196.74,389,203.99,201.73 203.99 204.27,wait4,389,True,0.4648,
confirm,Talky_G,1,t20i6d100k,0.0196027901763375,0.4685,200.09,389,202.11,204.01 202.11 201.71,wait4,389,True,0.4989,
confirm,Pascal,1,chainstore_fim,0.0033943603884814,495.9643,565.55,233,560.85,562.54 473.21 560.85,wait4,233,True,510.8053,
confirm,Apriori_Gen_Borgelt,1,chainstore_fim,0.0015038874198188,0.6751,85.81,732,85.73,85.73,wait4,732,True,0.7877,
confirm,DefMe,1,chainstore_fim,0.0015038874198188,10.6743,8059.24,733,8052.2,8052.20 8056.88 8050.19,wait4,733,True,13.0666,
confirm,Eclat_Gen_Borgelt,1,chainstore_fim,0.0015038874198188,0.7101,123.47,732,123.07,123.07,wait4,732,True,0.7997,
confirm,FPgrowth_Gen_Borgelt,1,chainstore_fim,0.0015038874198188,0.7507,132.6,732,132.23,132.23,wait4,732,True,0.8787,
confirm,Gr_growth,1,chainstore_fim,0.0015038874198188,1.3039,67.84,733,67.46,67.46,wait4,733,True,1.9803,
confirm,Pascal,1,t20i6d100k,0.0196027901763375,373.1458,228.38,388,234.94,230.84 235.59 234.94,wait4,388,True,417.3232,
confirm,Apriori_Gen_Borgelt,1,fruithut,0.0058402483925921,0.0549,13.22,231,12.86,12.86,wait4,231,True,0.0607,
confirm,DefMe,1,fruithut,0.0058402483925921,0.3923,272.34,232,322.25,322.25 344.66 268.61,wait4,232,True,0.3886,
confirm,Eclat_Gen_Borgelt,1,fruithut,0.0058402483925921,0.0577,20.07,231,19.69,19.69,wait4,231,True,0.0636,
confirm,FPgrowth_Gen_Borgelt,1,fruithut,0.0058402483925921,0.0601,19.95,231,19.75,19.75,wait4,231,True,0.0595,
confirm,Gr_growth,1,fruithut,0.0058402483925921,0.0685,21.05,232,20.79,20.79,wait4,232,True,0.0776,
confirm,Pascal,1,fruithut,0.0058402483925921,28.6349,118.92,231,122.54,127.36 119.09 122.54,wait4,231,True,30.981,
confirm,TalkyG_Diffset,1,fruithut,0.0058402483925921,0.3917,465.96,232,466.31,477.21 466.31 464.74,wait4,232,True,0.4263,
confirm,Talky_G,1,fruithut,0.0058402483925921,0.4067,480.99,232,485.84,495.32 485.84 465.26,wait4,232,True,0.4552,
confirm,Zart,1,fruithut,0.0058402483925921,13.5307,796.07,232,621.94,621.94 736.36 619.11,wait4,232,True,14.3159,
confirm,Apriori_Gen_Borgelt,1,instacart,0.0051044516763331,0.1067,17.75,349,17.36,17.36,wait4,349,True,0.1128,
confirm,DefMe,1,instacart,0.0051044516763331,0.8363,1798.69,350,1800.1,1810.54 1800.10 1791.93,wait4,350,True,0.9235,
confirm,Eclat_Gen_Borgelt,1,instacart,0.0051044516763331,0.1082,24.5,349,23.96,23.96,wait4,349,True,0.116,
confirm,FPgrowth_Gen_Borgelt,1,instacart,0.0051044516763331,0.103,26.25,349,25.91,25.91,wait4,349,True,0.1223,
confirm,Gr_growth,1,instacart,0.0051044516763331,0.1156,23.04,350,22.73,22.73,wait4,350,True,0.1243,
confirm,Zart,1,t20i6d100k,0.0196027901763375,262.2743,801.62,389,760.73,707.81 760.73 795.80,wait4,389,True,268.0012,
confirm,TalkyG_Diffset,1,instacart,0.0051044516763331,1.9018,6420.11,350,6415.27,6416.05 6415.27 6411.16,wait4,350,True,1.9883,
confirm,Talky_G,1,instacart,0.0051044516763331,1.9431,6325.56,350,6344.36,6371.38 6305.28 6344.36,wait4,350,True,2.0069,
confirm,Zart,1,instacart,0.0051044516763331,48.2527,837.0,350,839.86,859.48 674.22 839.86,wait4,350,True,47.4956,
confirm,Apriori_Gen_Borgelt,1,skin,0.0023535340757456,0.0347,18.43,113,18.5,18.50,wait4,113,True,0.0428,
confirm,DefMe,1,skin,0.0023535340757456,0.2986,168.57,114,164.62,167.32 163.70 164.62,wait4,114,True,0.2872,
confirm,Eclat_Gen_Borgelt,1,skin,0.0023535340757456,0.036,17.89,113,18.77,18.77,wait4,113,True,0.0405,
confirm,FPgrowth_Gen_Borgelt,1,skin,0.0023535340757456,0.041,18.23,113,18.75,18.75,wait4,113,True,0.0391,
confirm,Gr_growth,1,skin,0.0023535340757456,0.0348,13.95,114,13.46,13.46,wait4,114,True,0.0292,
confirm,Pascal,1,skin,0.0023535340757456,0.7181,141.31,113,132.53,133.71 132.00 132.53,wait4,113,True,0.6277,
confirm,TalkyG_Diffset,1,skin,0.0023535340757456,0.3216,159.72,114,165.33,165.61 165.33 162.81,wait4,114,True,0.3148,
confirm,Talky_G,1,skin,0.0023535340757456,0.3162,158.38,114,165.97,161.55 165.97 167.80,wait4,114,True,0.3067,
confirm,Zart,1,skin,0.0023535340757456,0.8849,196.74,114,196.8,194.34 196.86 196.80,wait4,114,True,0.8459,
confirm,Apriori_Gen_Borgelt,1,t20i6d100k,0.0145488481015191,0.1165,24.73,573,24.45,24.45,wait4,573,True,0.1259,
confirm,DefMe,1,t20i6d100k,0.0145488481015191,0.7289,764.13,574,670.03,780.13 670.03 657.04,wait4,574,True,0.6883,
confirm,Eclat_Gen_Borgelt,1,t20i6d100k,0.0145488481015191,0.1398,38.5,573,38.25,38.25,wait4,573,True,0.1422,
confirm,FPgrowth_Gen_Borgelt,1,t20i6d100k,0.0145488481015191,0.2946,67.54,573,67.18,67.18,wait4,573,True,0.3035,
confirm,Gr_growth,1,t20i6d100k,0.0145488481015191,0.296,66.66,574,66.08,66.08,wait4,574,True,0.3211,
confirm,Pascal,1,instacart,0.0051044516763331,155.8404,173.57,349,180.09,183.79 177.28 180.09,wait4,349,True,170.1573,
confirm,TalkyG_Diffset,1,t20i6d100k,0.0145488481015191,0.4405,199.35,574,203.63,203.65 203.63 203.56,wait4,574,True,0.4232,
confirm,Talky_G,1,t20i6d100k,0.0145488481015191,0.455,196.88,574,203.78,203.55 203.78 203.91,wait4,574,True,0.4276,
confirm,Apriori_Gen_Borgelt,1,chainstore_fim,0.0005370866050465,0.9413,113.58,3677,113.2,113.20,wait4,3677,True,0.9517,
confirm,DefMe,1,chainstore_fim,0.0005370866050465,95.204,8053.96,3678,8055.89,8056.12 8055.89 8049.99,wait4,3678,True,98.4975,
confirm,Eclat_Gen_Borgelt,1,chainstore_fim,0.0005370866050465,0.9339,152.18,3677,151.75,151.75,wait4,3677,True,0.9733,
confirm,FPgrowth_Gen_Borgelt,1,chainstore_fim,0.0005370866050465,1.2728,199.0,3677,198.49,198.49,wait4,3677,True,1.3488,
confirm,Gr_growth,1,chainstore_fim,0.0005370866050465,3.5271,133.33,3678,133.04,133.04,wait4,3678,True,4.3148,
confirm,Zart,1,t20i6d100k,0.0145488481015191,249.2191,776.46,574,769.92,762.38 769.92 791.58,wait4,574,True,336.1302,
confirm,Apriori_Gen_Borgelt,1,fruithut,0.0015428367313293,0.1012,14.72,1493,14.32,14.32,wait4,1493,True,0.0678,
confirm,DefMe,1,fruithut,0.0015428367313293,0.55,710.27,1494,703.48,700.75 732.15 703.48,wait4,1494,True,0.5514,
confirm,Eclat_Gen_Borgelt,1,fruithut,0.0015428367313293,0.0705,23.4,1493,22.88,22.88,wait4,1493,True,0.075,
confirm,FPgrowth_Gen_Borgelt,1,fruithut,0.0015428367313293,0.0669,25.74,1493,25.11,25.11,wait4,1493,True,0.0734,
confirm,Gr_growth,1,fruithut,0.0015428367313293,0.0947,23.47,1494,23.18,23.18,wait4,1494,True,0.1105,
confirm,TalkyG_Diffset,1,fruithut,0.0015428367313293,0.447,537.69,1494,565.58,557.68 565.58 569.12,wait4,1494,True,0.4415,
confirm,Talky_G,1,fruithut,0.0015428367313293,0.4636,578.3,1494,559.27,559.21 614.40 559.27,wait4,1494,True,0.4463,
confirm,Pascal,1,t20i6d100k,0.0145488481015191,564.814,242.38,573,242.62,242.62 238.00 243.31,wait4,573,True,597.8236,
confirm,Apriori_Gen_Borgelt,1,instacart,0.0016062160370096,0.1277,21.77,2199,21.2,21.20,wait4,2199,True,0.1328,
confirm,DefMe,1,instacart,0.0016062160370096,2.3679,3193.51,2200,3550.96,3344.33 3607.08 3550.96,wait4,2200,True,2.4857,
confirm,Eclat_Gen_Borgelt,1,instacart,0.0016062160370096,0.1328,30.58,2199,30.13,30.13,wait4,2199,True,0.1333,
confirm,FPgrowth_Gen_Borgelt,1,instacart,0.0016062160370096,0.1584,38.45,2199,38.09,38.09,wait4,2199,True,0.1563,
confirm,Gr_growth,1,instacart,0.0016062160370096,0.2098,33.91,2200,33.65,33.65,wait4,2200,True,0.2327,
confirm,Pascal,1,fruithut,0.0015428367313293,128.6375,128.6,1493,126.85,124.90 126.85 135.66,wait4,1493,True,130.3665,
confirm,TalkyG_Diffset,1,instacart,0.0016062160370096,1.9335,6037.05,2200,6439.02,6088.31 6439.02 6971.12,wait4,2200,True,1.9772,
confirm,Talky_G,1,instacart,0.0016062160370096,1.9939,6355.05,2200,6332.77,6332.77 6337.26 6322.80,wait4,2200,True,2.0297,
confirm,Apriori_Gen_Borgelt,1,t20i6d100k,0.0090045235283521,0.2089,25.89,2190,25.55,25.55,wait4,2190,True,0.2152,
confirm,DefMe,1,t20i6d100k,0.0090045235283521,0.925,785.55,2191,770.93,661.69 784.27 770.93,wait4,2191,True,0.9069,
confirm,Eclat_Gen_Borgelt,1,t20i6d100k,0.0090045235283521,0.1789,42.18,2190,41.8,41.80,wait4,2190,True,0.1858,
confirm,FPgrowth_Gen_Borgelt,1,t20i6d100k,0.0090045235283521,0.4117,75.16,2190,74.98,74.98,wait4,2190,True,0.4077,
confirm,Gr_growth,1,t20i6d100k,0.0090045235283521,0.4137,72.89,2191,72.51,72.51,wait4,2191,True,0.4157,
confirm,TalkyG_Diffset,1,t20i6d100k,0.0090045235283521,0.4754,246.75,2191,245.62,267.93 245.61 245.62,wait4,2191,True,0.4422,
confirm,Talky_G,1,t20i6d100k,0.0090045235283521,0.4691,196.82,2191,252.57,256.16 252.57 250.26,wait4,2191,True,0.4486,
confirm,Apriori_Gen_Borgelt,1,chainstore_fim,0.0002244038136518,1.1386,197.74,12186,197.46,197.46,wait4,12186,True,1.1691,
confirm,Eclat_Gen_Borgelt,1,chainstore_fim,0.0002244038136518,1.3869,184.21,12186,183.76,183.76,wait4,12186,True,1.2029,
confirm,FPgrowth_Gen_Borgelt,1,chainstore_fim,0.0002244038136518,2.2411,267.44,12186,266.93,266.93,wait4,12186,True,1.9227,
confirm,Gr_growth,1,chainstore_fim,0.0002244038136518,8.9319,190.39,12187,189.94,189.94,wait4,12187,True,6.1509,
confirm,Apriori_Gen_Borgelt,1,fruithut,0.0003503324723855,0.1125,16.96,12591,16.59,16.59,wait4,12591,True,0.0933,
confirm,DefMe,1,fruithut,0.0003503324723855,1.4673,736.02,12592,744.28,732.97 744.28 1065.57,wait4,12592,True,1.2502,
confirm,Eclat_Gen_Borgelt,1,fruithut,0.0003503324723855,0.1256,29.52,12591,29.02,29.02,wait4,12591,True,0.1023,
confirm,FPgrowth_Gen_Borgelt,1,fruithut,0.0003503324723855,0.1081,43.65,12591,43.24,43.24,wait4,12591,True,0.1036,
confirm,Gr_growth,1,fruithut,0.0003503324723855,0.1389,25.11,12592,24.69,24.69,wait4,12592,True,0.1385,
confirm,TalkyG_Diffset,1,fruithut,0.0003503324723855,0.937,1226.59,12592,2513.99,2331.64 2687.68 2513.99,wait4,12592,True,1.2149,
confirm,Talky_G,1,fruithut,0.0003503324723855,0.8598,1141.07,12592,2331.0,2331.00 2306.60 2450.30,wait4,12592,True,1.1094,
confirm,Apriori_Gen_Borgelt,1,instacart,0.0005849446303226,0.2013,42.46,9823,42.05,42.05,wait4,9823,True,0.1885,
confirm,DefMe,1,instacart,0.0005849446303226,13.1656,3593.14,9824,3440.54,3440.54 3383.72 3581.02,wait4,9824,True,12.5307,
confirm,Eclat_Gen_Borgelt,1,instacart,0.0005849446303226,0.1698,36.81,9823,36.34,36.34,wait4,9823,True,0.1653,
confirm,FPgrowth_Gen_Borgelt,1,instacart,0.0005849446303226,0.2543,57.96,9823,57.57,57.57,wait4,9823,True,0.2493,
confirm,Gr_growth,1,instacart,0.0005849446303226,0.3837,43.82,9824,43.54,43.54,wait4,9824,True,0.3541,
confirm,TalkyG_Diffset,1,instacart,0.0005849446303226,2.2056,6991.46,9824,7084.23,7169.23 7070.32 7084.23,wait4,9824,True,2.2991,
confirm,Talky_G,1,instacart,0.0005849446303226,2.2468,6785.5,9824,6751.86,6706.81 6760.32 6751.86,wait4,9824,True,2.3086,
confirm,Apriori_Gen_Borgelt,1,t20i6d100k,0.0050614479293849,0.6358,27.75,25503,27.46,27.46,wait4,25503,True,0.6348,
confirm,DefMe,1,t20i6d100k,0.0050614479293849,2.9362,753.05,25504,779.44,814.16 764.71 779.44,wait4,25504,True,2.8922,
confirm,Eclat_Gen_Borgelt,1,t20i6d100k,0.0050614479293849,0.2546,50.54,25503,50.01,50.01,wait4,25503,True,0.2623,
confirm,FPgrowth_Gen_Borgelt,1,t20i6d100k,0.0050614479293849,0.5548,90.84,25503,91.42,91.42,wait4,25503,True,0.541,
confirm,Gr_growth,1,t20i6d100k,0.0050614479293849,0.5866,76.45,25504,76.1,76.10,wait4,25504,True,0.5987,
confirm,TalkyG_Diffset,1,t20i6d100k,0.0050614479293849,0.7453,710.31,25730,727.39,717.38 727.39 777.05,wait4,25730,True,0.7165,
confirm,Talky_G,1,t20i6d100k,0.0050614479293849,0.7025,718.7,25730,744.42,677.60 744.42 752.08,wait4,25730,True,0.6673,
confirm,Apriori_Gen_Borgelt,1,chainstore_fim,9.951039984761208e-05,1.8655,411.1,35935,410.77,410.77,wait4,35935,True,1.914,
confirm,Eclat_Gen_Borgelt,1,chainstore_fim,9.951039984761208e-05,1.6939,201.42,35935,200.97,200.97,wait4,35935,True,1.4548,
confirm,FPgrowth_Gen_Borgelt,1,chainstore_fim,9.951039984761208e-05,2.8516,339.89,35935,339.42,339.42,wait4,35935,True,2.4271,
confirm,Gr_growth,1,chainstore_fim,9.951039984761208e-05,12.7503,225.29,35936,224.88,224.88,wait4,35936,True,8.8492,
confirm,Apriori_Gen_Borgelt,1,fruithut,6.457108314557345e-05,0.549,29.5,178974,29.27,29.27,wait4,178974,True,0.222,
confirm,DefMe,1,fruithut,6.457108314557345e-05,12.3805,924.44,178975,739.04,819.61 714.64 739.04,wait4,178975,True,7.4402,
confirm,Eclat_Gen_Borgelt,1,fruithut,6.457108314557345e-05,0.3836,40.83,178974,41.22,41.22,wait4,178974,True,0.202,
confirm,FPgrowth_Gen_Borgelt,1,fruithut,6.457108314557345e-05,0.4145,61.09,178974,66.5,66.50,wait4,178974,True,0.196,
confirm,Gr_growth,1,fruithut,6.457108314557345e-05,0.5645,29.85,178975,30.46,30.46,wait4,178975,True,0.2644,
confirm,TalkyG_Diffset,1,fruithut,6.457108314557345e-05,13.6863,1251.59,180567,1239.79,1233.61 1239.79 2344.92,wait4,180567,True,13.2514,
confirm,Zart,1,fruithut,0.0015428367313293,81.3542,652.4,1494,773.02,796.20 773.02 648.42,wait4,1494,True,83.1292,
confirm,Apriori_Gen_Borgelt,1,instacart,0.0002267374951413,0.3648,118.76,40692,118.42,118.42,wait4,40692,True,0.365,
confirm,Talky_G,1,fruithut,6.457108314557345e-05,13.7797,3041.23,180567,2324.39,2487.41 2212.26 2324.39,wait4,180567,True,13.612,
confirm,Eclat_Gen_Borgelt,1,instacart,0.0002267374951413,0.2303,44.21,40692,43.73,43.73,wait4,40692,True,0.2263,
confirm,FPgrowth_Gen_Borgelt,1,instacart,0.0002267374951413,0.386,85.0,40692,84.72,84.72,wait4,40692,True,0.3686,
confirm,Gr_growth,1,instacart,0.0002267374951413,0.6231,51.36,40693,51.17,51.17,wait4,40693,True,0.5622,
confirm,TalkyG_Diffset,1,instacart,0.0002267374951413,3.7286,7974.13,40693,7970.41,7907.52 7975.98 7970.41,wait4,40693,True,3.8727,
confirm,Talky_G,1,instacart,0.0002267374951413,3.5229,7514.1,40693,7409.39,7409.39 7390.64 7879.25,wait4,40693,True,3.7871,
confirm,Apriori_Gen_Borgelt,1,t20i6d100k,0.0022092231940913,1.9238,36.24,173200,35.82,35.82,wait4,173200,True,1.8391,
confirm,DefMe,1,t20i6d100k,0.0022092231940913,14.4988,780.94,173201,810.84,810.84 804.29 820.88,wait4,173201,True,14.3254,
confirm,Eclat_Gen_Borgelt,1,t20i6d100k,0.0022092231940913,0.4828,59.67,173200,61.54,61.54,wait4,173200,True,0.4943,
confirm,FPgrowth_Gen_Borgelt,1,t20i6d100k,0.0022092231940913,0.9817,187.86,173200,191.92,191.92,wait4,173200,True,0.9325,
confirm,Gr_growth,1,t20i6d100k,0.0022092231940913,1.1086,83.08,173201,83.29,83.29,wait4,173201,True,1.0034,
confirm,TalkyG_Diffset,1,t20i6d100k,0.0022092231940913,2.3992,807.3,174068,787.68,787.68 798.66 782.31,wait4,174068,True,2.4338,
confirm,Talky_G,1,t20i6d100k,0.0022092231940913,2.1828,937.05,174068,945.16,887.26 950.88 945.16,wait4,174068,True,2.1929,
hard,Apriori_Gen_Borgelt,1,sign_set,0.0503424657534246,0.0395,4.42,6262,4.12,4.12,wait4,6262,True,0.03,
hard,DefMe,1,sign_set,0.0503424657534246,0.2327,126.12,6263,120.34,123.60 120.17 120.34,wait4,6263,True,0.2136,
hard,Eclat_Gen_Borgelt,1,sign_set,0.0503424657534246,0.015,4.75,6262,4.58,4.58,wait4,6262,True,0.0219,
hard,FPgrowth_Gen_Borgelt,1,sign_set,0.0503424657534246,0.0301,12.12,6262,11.94,11.94,wait4,6262,True,0.0276,
hard,Gr_growth,1,sign_set,0.0503424657534246,0.03,15.64,6263,15.34,15.34,wait4,6263,True,0.0271,
hard,TalkyG_Diffset,1,sign_set,0.0503424657534246,0.2625,109.65,6263,111.18,117.85 109.76 111.18,wait4,6263,True,0.2373,
hard,Talky_G,1,sign_set,0.0503424657534246,0.2358,104.45,6263,108.02,108.02 104.25 116.58,wait4,6263,True,0.2319,
hard,Pascal,1,sign_set,0.0503424657534246,2.1433,94.1,6262,93.32,97.72 87.21 93.32,wait4,6262,True,1.9619,
hard,Apriori_Gen_Borgelt,1,liquor,0.0009543266002954,0.0611,11.81,12860,11.58,11.58,wait4,12860,True,0.0725,
hard,DefMe,1,liquor,0.0009543266002954,0.7542,803.45,12861,625.98,625.98 627.57 593.11,wait4,12861,True,0.7539,
hard,Eclat_Gen_Borgelt,1,liquor,0.0009543266002954,0.0665,20.53,12860,20.0,20.00,wait4,12860,True,0.0711,
hard,FPgrowth_Gen_Borgelt,1,liquor,0.0009543266002954,0.0654,32.39,12860,31.92,31.92,wait4,12860,True,0.0745,
hard,Gr_growth,1,liquor,0.0009543266002954,0.0803,28.12,12861,27.74,27.74,wait4,12861,True,0.0931,
confirm,DefMe,1,instacart,0.0002267374951413,60.3934,3497.33,40693,3565.39,3565.39 3352.96 3571.75,wait4,40693,True,60.2667,
hard,Zart,1,sign_set,0.0503424657534246,28.4174,513.67,6263,518.34,637.83 518.34 514.56,wait4,6263,True,27.7202,
hard,Pascal,1,liquor,0.0009543266002954,224.7158,131.88,12860,134.04,140.19 130.74 134.04,wait4,12860,True,239.8259,
hard,Apriori_Gen_Borgelt,1,mooc_set,0.0008208638759314,37.8125,908.27,10789017,907.1,907.10,wait4,10789017,True,38.4534,
hard,Eclat_Gen_Borgelt,1,mooc_set,0.0008208638759314,10.8294,969.92,10789017,970.19,970.19,wait4,10789017,True,10.6022,
hard,FPgrowth_Gen_Borgelt,1,mooc_set,0.0008208638759314,9.9976,972.28,10789017,979.64,979.64,wait4,10789017,True,9.7853,
hard,Gr_growth,1,mooc_set,0.0008208638759314,9.6539,522.98,10789018,523.45,523.45,wait4,10789018,True,9.3776,
hard,Apriori_Gen_Borgelt,1,sign_set,0.0407534246575342,0.0774,10.29,22436,10.02,10.02,wait4,22436,True,0.0741,
hard,DefMe,1,sign_set,0.0407534246575342,0.3537,238.38,22437,250.55,253.35 245.21 250.55,wait4,22437,True,0.3129,
hard,Eclat_Gen_Borgelt,1,sign_set,0.0407534246575342,0.0438,5.8,22436,5.39,5.39,wait4,22436,True,0.0447,
hard,FPgrowth_Gen_Borgelt,1,sign_set,0.0407534246575342,0.0514,33.4,22436,33.32,33.32,wait4,22436,True,0.0635,
hard,Gr_growth,1,sign_set,0.0407534246575342,0.05,16.2,22437,15.79,15.79,wait4,22437,True,0.0581,
hard,Pascal,1,sign_set,0.0407534246575342,11.3449,162.82,22436,173.77,173.77 169.93 180.09,wait4,22436,True,11.6018,
hard,TalkyG_Diffset,1,sign_set,0.0407534246575342,0.4583,242.59,22437,266.2,266.20 266.01 266.62,wait4,22437,True,0.4345,
hard,Talky_G,1,sign_set,0.0407534246575342,0.4676,221.16,22437,264.03,286.38 262.04 264.03,wait4,22437,True,0.4369,
hard,Apriori_Gen_Borgelt,1,liquor,0.0002253937196677,0.1268,21.79,89264,21.46,21.46,wait4,89264,True,0.1479,
hard,DefMe,1,liquor,0.0002253937196677,2.4276,808.79,89265,754.27,754.27 807.76 598.17,wait4,89265,True,2.5472,
hard,Eclat_Gen_Borgelt,1,liquor,0.0002253937196677,0.1104,27.38,89264,26.93,26.93,wait4,89264,True,0.1243,
hard,FPgrowth_Gen_Borgelt,1,liquor,0.0002253937196677,0.1111,48.99,89264,48.78,48.78,wait4,89264,True,0.1246,
hard,Gr_growth,1,liquor,0.0002253937196677,0.1452,31.21,89265,30.7,30.70,wait4,89265,True,0.1551,
hard,Eclat_Gen_Borgelt,1,mooc_set,0.0002998727812443,198.7657,5834.66,68140296,5833.83,5833.83,wait4,68140296,True,186.07,
hard,FPgrowth_Gen_Borgelt,1,mooc_set,0.0002998727812443,198.1182,5861.59,68140296,5862.23,5862.23,wait4,68140296,True,185.7855,
hard,Gr_growth,1,mooc_set,0.0002998727812443,87.5891,2986.74,68140297,2986.25,2986.25,wait4,68140297,True,85.8199,
fresh,Apriori_Gen_Borgelt,1,microblog_set,0.5635198135198135,0.0414,8.09,20,8.11,8.11,wait4,20,True,0.021,
fresh,DefMe,1,microblog_set,0.5635198135198135,0.3068,91.58,21,98.39,98.39 97.15 99.61,wait4,21,True,0.2298,
fresh,Eclat_Gen_Borgelt,1,microblog_set,0.5635198135198135,0.0192,8.24,20,8.34,8.34,wait4,20,True,0.0223,
fresh,FPgrowth_Gen_Borgelt,1,microblog_set,0.5635198135198135,0.027,8.34,20,8.44,8.44,wait4,20,True,0.0187,
fresh,Gr_growth,1,microblog_set,0.5635198135198135,0.0113,14.23,21,13.96,13.96,wait4,21,True,0.0157,
fresh,Pascal,1,microblog_set,0.5635198135198135,0.5068,86.51,20,96.19,89.75 96.19 100.96,wait4,20,True,0.2207,
fresh,TalkyG_Diffset,1,microblog_set,0.5635198135198135,2.3805,6193.88,21,6789.62,6789.62 6795.06 6784.04,wait4,21,True,1.7472,
fresh,Zart,1,microblog_set,0.5635198135198135,0.4141,96.04,21,106.09,109.93 106.09 95.79,wait4,21,True,0.2265,
fresh,Talky_G,1,microblog_set,0.5635198135198135,2.3291,6240.91,21,6759.13,6419.61 6764.21 6759.13,wait4,21,True,1.7291,
fresh,FGC_Stream,1,microblog_set,0.5635198135198135,0.1462,22.23,21,22.04,22.04,wait4,21,True,0.1221,
fresh,Apriori_Gen_Borgelt,1,splice,0.244435736677116,0.0132,4.39,135,4.03,4.03,wait4,135,True,0.0168,
fresh,Eclat_Gen_Borgelt,1,splice,0.244435736677116,0.0226,5.47,135,5.05,5.05,wait4,135,True,0.0163,
fresh,FPgrowth_Gen_Borgelt,1,splice,0.244435736677116,0.0227,7.45,135,7.08,7.08,wait4,135,True,0.0229,
fresh,DefMe,1,splice,0.244435736677116,0.3925,93.07,136,93.85,95.60 93.85 93.85,wait4,136,True,0.2084,
fresh,Gr_growth,1,splice,0.244435736677116,0.0265,17.32,136,16.88,16.88,wait4,136,True,0.0237,
fresh,TalkyG_Diffset,1,splice,0.244435736677116,0.273,93.22,136,93.09,92.95 94.11 93.09,wait4,136,True,0.2328,
fresh,Talky_G,1,splice,0.244435736677116,0.2616,94.86,136,95.01,95.16 95.01 91.57,wait4,136,True,0.2307,
fresh,Pascal,1,splice,0.244435736677116,1.2166,101.3,135,98.31,96.30 98.31 99.03,wait4,135,True,1.0106,
fresh,Zart,1,splice,0.244435736677116,1.9101,339.38,136,337.66,338.84 337.66 337.17,wait4,136,True,1.2083,
fresh,Apriori_Gen_Borgelt,1,msnbc_set,0.2619613085876062,0.0121,5.0,21,5.03,5.03,wait4,21,True,0.0163,
fresh,DefMe,1,msnbc_set,0.2619613085876062,0.3295,93.39,22,97.94,97.21 97.94 98.29,wait4,22,True,0.2143,
fresh,Eclat_Gen_Borgelt,1,msnbc_set,0.2619613085876062,0.0165,4.97,21,5.06,5.06,wait4,21,True,0.0167,
fresh,FPgrowth_Gen_Borgelt,1,msnbc_set,0.2619613085876062,0.0117,2.93,21,5.15,5.15,wait4,21,True,0.0143,
fresh,Gr_growth,1,msnbc_set,0.2619613085876062,0.0161,14.01,22,13.45,13.45,wait4,22,True,0.0147,
fresh,Pascal,1,msnbc_set,0.2619613085876062,0.3584,97.39,21,97.16,97.16 97.05 98.95,wait4,21,True,0.2503,
fresh,TalkyG_Diffset,1,msnbc_set,0.2619613085876062,0.4215,93.73,22,98.45,98.45 97.71 98.99,wait4,22,True,0.2382,
fresh,Talky_G,1,msnbc_set,0.2619613085876062,0.3397,92.79,22,95.93,97.29 95.93 95.12,wait4,22,True,0.227,
fresh,Zart,1,msnbc_set,0.2619613085876062,0.4073,96.03,22,106.45,106.45 104.88 109.13,wait4,22,True,0.2726,
fresh,FGC_Stream,1,splice,0.244435736677116,11.1347,22.45,136,22.06,22.06,wait4,136,True,8.858,
fresh,Apriori_Gen_Borgelt,1,bike_set,0.0555436948477085,0.0179,4.91,54,4.61,4.61,wait4,54,True,0.0151,
fresh,DefMe,1,bike_set,0.0555436948477085,0.3232,94.56,55,99.47,97.09 100.07 99.47,wait4,55,True,0.2207,
fresh,Eclat_Gen_Borgelt,1,bike_set,0.0555436948477085,0.0207,6.12,54,5.84,5.84,wait4,54,True,0.0161,
fresh,FPgrowth_Gen_Borgelt,1,bike_set,0.0555436948477085,0.015,6.23,54,5.96,5.96,wait4,54,True,0.0168,
fresh,Gr_growth,1,bike_set,0.0555436948477085,0.025,15.77,55,15.47,15.47,wait4,55,True,0.02,
fresh,Pascal,1,bike_set,0.0555436948477085,0.6353,97.16,54,99.61,102.77 97.06 99.61,wait4,54,True,0.5077,
fresh,TalkyG_Diffset,1,bike_set,0.0555436948477085,0.3685,128.49,55,131.9,131.90 131.20 133.01,wait4,55,True,0.2297,
fresh,Talky_G,1,bike_set,0.0555436948477085,0.3488,129.07,55,133.53,133.53 133.55 129.68,wait4,55,True,0.2358,
fresh,Zart,1,bike_set,0.0555436948477085,0.8084,389.2,55,371.31,373.20 371.31 369.96,wait4,55,True,0.5929,
fresh,FGC_Stream,1,bike_set,0.0555436948477085,35.34,17.17,55,17.21,17.21,wait4,55,True,30.9854,
fresh,Apriori_Gen_Borgelt,1,t25i10d10k,0.0258370088211708,0.023,5.78,361,5.5,5.50,wait4,361,True,0.0245,
fresh,DefMe,1,t25i10d10k,0.0258370088211708,0.4106,149.82,362,157.47,156.54 158.27 157.47,wait4,362,True,0.2619,
fresh,Eclat_Gen_Borgelt,1,t25i10d10k,0.0258370088211708,0.0213,7.06,361,6.77,6.77,wait4,361,True,0.0229,
fresh,FPgrowth_Gen_Borgelt,1,t25i10d10k,0.0258370088211708,0.0331,10.42,361,10.41,10.41,wait4,361,True,0.0302,
fresh,Gr_growth,1,t25i10d10k,0.0258370088211708,0.0428,19.77,362,19.38,19.38,wait4,362,True,0.0353,
fresh,Pascal,1,t25i10d10k,0.0258370088211708,14.6151,98.36,361,99.16,99.16 97.25 100.09,wait4,361,True,13.3446,
fresh,TalkyG_Diffset,1,t25i10d10k,0.0258370088211708,0.2689,103.44,362,101.38,101.38 101.95 94.64,wait4,362,True,0.2427,
fresh,Talky_G,1,t25i10d10k,0.0258370088211708,0.2595,101.74,362,102.68,102.57 108.01 102.68,wait4,362,True,0.2454,
fresh,Zart,1,t25i10d10k,0.0258370088211708,23.5708,484.12,362,506.83,514.39 506.83 497.79,wait4,362,True,21.9471,
hard,Zart,1,liquor,0.0009543266002954,505.3404,1054.93,12861,1107.96,1107.96 1084.00 1153.70,wait4,12861,True,487.0988,
fresh,Apriori_Gen_Borgelt,1,ecommerce_fim,0.0150751252086811,0.0117,4.7,146,4.41,4.41,wait4,146,True,0.0203,
fresh,DefMe,1,ecommerce_fim,0.0150751252086811,0.2756,123.48,147,118.58,116.86 118.58 121.74,wait4,147,True,0.2224,
fresh,Eclat_Gen_Borgelt,1,ecommerce_fim,0.0150751252086811,0.0111,5.65,146,5.51,5.51,wait4,146,True,0.0152,
fresh,FPgrowth_Gen_Borgelt,1,ecommerce_fim,0.0150751252086811,0.0108,5.63,146,5.57,5.57,wait4,146,True,0.0131,
fresh,Pascal,1,ecommerce_fim,0.0150751252086811,2.22,96.28,146,96.3,97.02 96.30 93.80,wait4,146,True,2.1755,
fresh,Zart,1,ecommerce_fim,0.0150751252086811,1.7554,373.72,147,375.58,484.07 373.87 375.58,wait4,147,True,1.8216,
fresh,FGC_Stream,1,ecommerce_fim,0.0150751252086811,1.1695,21.5,147,21.67,21.67,wait4,147,True,1.1117,
fresh,Apriori_Gen_Borgelt,1,fifa_set,0.3596943765281173,0.0217,6.71,32,6.64,6.64,wait4,32,True,0.0299,
fresh,DefMe,1,fifa_set,0.3596943765281173,0.2845,121.49,33,126.01,126.75 125.00 126.01,wait4,33,True,0.2583,
fresh,Eclat_Gen_Borgelt,1,fifa_set,0.3596943765281173,0.0332,7.05,32,6.62,6.62,wait4,32,True,0.0241,
fresh,FPgrowth_Gen_Borgelt,1,fifa_set,0.3596943765281173,0.0274,6.55,32,6.78,6.78,wait4,32,True,0.0218,
fresh,Gr_growth,1,fifa_set,0.3596943765281173,0.0336,14.14,33,13.75,13.75,wait4,33,True,0.0202,
fresh,Pascal,1,fifa_set,0.3596943765281173,0.3668,121.48,32,120.46,120.46 120.64 118.54,wait4,32,True,0.3381,
fresh,TalkyG_Diffset,1,fifa_set,0.3596943765281173,0.3269,132.61,33,142.75,142.71 143.17 142.75,wait4,33,True,0.3078,
fresh,FGC_Stream,1,t25i10d10k,0.0258370088211708,21.8244,28.03,362,27.68,27.68,wait4,362,True,22.1753,
fresh,Talky_G,1,fifa_set,0.3596943765281173,0.3205,144.8,33,150.66,150.27 155.35 150.66,wait4,33,True,0.3263,
fresh,Zart,1,fifa_set,0.3596943765281173,0.3955,156.71,33,163.41,163.41 167.86 157.39,wait4,33,True,0.4191,
fresh,Apriori_Gen_Borgelt,1,uscensus,0.74447675,1.1579,231.81,16,231.46,231.46,wait4,16,True,1.1517,
fresh,DefMe,1,uscensus,0.74447675,2.6121,3169.61,17,3009.03,3009.03 3170.78 2975.84,wait4,17,True,2.5847,
fresh,Eclat_Gen_Borgelt,1,uscensus,0.74447675,1.1753,231.85,16,231.41,231.41,wait4,16,True,1.1721,
fresh,FGC_Stream,1,fifa_set,0.3596943765281173,35.7517,72.3,33,71.99,71.99,wait4,33,True,34.9337,
fresh,FPgrowth_Gen_Borgelt,1,uscensus,0.74447675,1.1251,231.88,16,231.39,231.39,wait4,16,True,1.0935,
fresh,Gr_growth,1,uscensus,0.74447675,0.7579,13.96,17,13.47,13.47,wait4,17,True,0.6748,
fresh,Pascal,1,uscensus,0.74447675,3.8547,1201.26,16,1162.88,1133.94 1162.88 1170.66,wait4,16,True,3.5757,
fresh,TalkyG_Diffset,1,uscensus,0.74447675,4.6725,3178.66,17,3177.09,3177.09 3176.09 3188.32,wait4,17,True,4.5723,
fresh,Talky_G,1,uscensus,0.74447675,4.7416,3194.24,17,3175.8,3187.30 3167.29 3175.80,wait4,17,True,4.5355,
fresh,Zart,1,uscensus,0.74447675,4.4498,3224.95,17,3222.89,3231.52 3222.89 3219.28,wait4,17,True,4.4228,
fresh,Apriori_Gen_Borgelt,1,microblog_set,0.2954545454545454,0.0161,8.34,432,8.09,8.09,wait4,432,True,0.0228,
fresh,DefMe,1,microblog_set,0.2954545454545454,0.2437,101.02,433,96.07,96.07 95.97 99.87,wait4,433,True,0.2154,
fresh,Eclat_Gen_Borgelt,1,microblog_set,0.2954545454545454,0.0134,8.79,432,8.76,8.76,wait4,432,True,0.0171,
fresh,FPgrowth_Gen_Borgelt,1,microblog_set,0.2954545454545454,0.0156,8.3,432,8.9,8.90,wait4,432,True,0.0242,
fresh,Gr_growth,1,microblog_set,0.2954545454545454,0.0135,14.3,433,13.96,13.96,wait4,433,True,0.016,
fresh,Pascal,1,microblog_set,0.2954545454545454,0.3218,84.14,432,101.8,102.68 101.80 94.95,wait4,432,True,0.3128,
fresh,TalkyG_Diffset,1,microblog_set,0.2954545454545454,1.6101,6482.7,433,6741.52,6797.47 6485.86 6741.52,wait4,433,True,1.69,
fresh,Talky_G,1,microblog_set,0.2954545454545454,1.6436,6493.88,433,6747.52,6735.16 6788.68 6747.52,wait4,433,True,1.7017,
fresh,Zart,1,microblog_set,0.2954545454545454,0.3444,98.49,433,130.64,135.47 130.64 130.59,wait4,433,True,0.296,
fresh,FGC_Stream,1,microblog_set,0.2954545454545454,0.7759,22.75,433,22.31,22.31,wait4,433,True,0.7896,
fresh,Apriori_Gen_Borgelt,1,splice,0.1638714733542319,0.0148,4.86,357,4.59,4.59,wait4,357,True,0.0221,
fresh,DefMe,1,splice,0.1638714733542319,0.2377,95.84,358,92.34,96.68 92.34 92.30,wait4,358,True,0.2207,
fresh,Eclat_Gen_Borgelt,1,splice,0.1638714733542319,0.0162,6.54,357,6.29,6.29,wait4,357,True,0.0253,
fresh,FPgrowth_Gen_Borgelt,1,splice,0.1638714733542319,0.0286,10.55,357,10.34,10.34,wait4,357,True,0.0354,
fresh,Gr_growth,1,splice,0.1638714733542319,0.0246,20.28,358,19.85,19.85,wait4,358,True,0.0343,
fresh,Pascal,1,splice,0.1638714733542319,3.1294,93.24,357,98.94,97.82 98.94 100.39,wait4,357,True,3.0889,
fresh,TalkyG_Diffset,1,splice,0.1638714733542319,0.2544,95.57,358,93.57,97.62 93.37 93.57,wait4,358,True,0.228,
fresh,Talky_G,1,splice,0.1638714733542319,0.2349,96.09,358,93.19,93.83 93.19 91.99,wait4,358,True,0.2338,
fresh,Zart,1,splice,0.1638714733542319,5.4377,367.64,358,374.71,376.80 372.41 374.71,wait4,358,True,5.492,
fresh,FGC_Stream,1,msnbc_set,0.2619613085876062,159.049,24.61,22,24.68,24.68,wait4,22,True,149.3956,
fresh,Apriori_Gen_Borgelt,1,msnbc_set,0.0345942120163573,0.0224,5.18,593,5.07,5.07,wait4,593,True,0.0201,
fresh,DefMe,1,msnbc_set,0.0345942120163573,0.2344,100.23,594,97.54,98.62 97.32 97.54,wait4,594,True,0.2143,
fresh,Eclat_Gen_Borgelt,1,msnbc_set,0.0345942120163573,0.0136,6.86,593,6.55,6.55,wait4,593,True,0.0171,
fresh,FPgrowth_Gen_Borgelt,1,msnbc_set,0.0345942120163573,0.0121,5.3,593,6.1,6.10,wait4,593,True,0.014,
fresh,Gr_growth,1,msnbc_set,0.0345942120163573,0.0185,14.42,594,14.06,14.06,wait4,594,True,0.0171,
fresh,Pascal,1,msnbc_set,0.0345942120163573,0.7392,95.38,593,99.97,100.68 92.42 99.97,wait4,593,True,0.7298,
fresh,TalkyG_Diffset,1,msnbc_set,0.0345942120163573,0.249,96.23,594,95.84,97.06 95.32 95.84,wait4,594,True,0.2309,
fresh,Talky_G,1,msnbc_set,0.0345942120163573,0.2512,98.68,594,97.75,98.26 97.20 97.75,wait4,594,True,0.2186,
fresh,Zart,1,msnbc_set,0.0345942120163573,1.004,142.66,594,132.12,130.30 135.97 132.12,wait4,594,True,0.9817,
fresh,Apriori_Gen_Borgelt,1,bike_set,0.0338623209033115,0.0124,5.15,153,4.9,4.90,wait4,153,True,0.0171,
fresh,DefMe,1,bike_set,0.0338623209033115,0.2436,101.54,154,100.18,100.18 98.35 100.30,wait4,154,True,0.2102,
fresh,Eclat_Gen_Borgelt,1,bike_set,0.0338623209033115,0.0132,6.29,153,5.98,5.98,wait4,153,True,0.0161,
fresh,FPgrowth_Gen_Borgelt,1,bike_set,0.0338623209033115,0.0121,6.53,153,6.23,6.23,wait4,153,True,0.0159,
fresh,Gr_growth,1,bike_set,0.0338623209033115,0.0162,16.13,154,15.79,15.79,wait4,154,True,0.0187,
fresh,Pascal,1,bike_set,0.0338623209033115,0.7494,94.73,153,99.88,100.56 98.54 99.88,wait4,153,True,0.6514,
fresh,TalkyG_Diffset,1,bike_set,0.0338623209033115,0.269,138.15,154,133.17,133.17 132.54 135.62,wait4,154,True,0.2228,
fresh,Talky_G,1,bike_set,0.0338623209033115,0.254,133.89,154,133.54,134.34 130.79 133.54,wait4,154,True,0.2274,
fresh,Zart,1,bike_set,0.0338623209033115,0.8621,370.34,154,391.46,382.70 475.78 391.46,wait4,154,True,0.8538,
fresh,FGC_Stream,1,bike_set,0.0338623209033115,40.3202,17.36,154,17.06,17.06,wait4,154,True,38.7753,
fresh,Apriori_Gen_Borgelt,1,t25i10d10k,0.01882016840417,0.0245,5.99,579,5.69,5.69,wait4,579,True,0.0253,
fresh,DefMe,1,t25i10d10k,0.01882016840417,0.2844,153.94,580,155.12,152.13 156.39 155.12,wait4,580,True,0.2625,
fresh,Eclat_Gen_Borgelt,1,t25i10d10k,0.01882016840417,0.0253,7.59,579,7.0,7.00,wait4,579,True,0.0224,
fresh,FPgrowth_Gen_Borgelt,1,t25i10d10k,0.01882016840417,0.032,11.61,579,11.43,11.43,wait4,579,True,0.031,
fresh,Gr_growth,1,t25i10d10k,0.01882016840417,0.0279,20.79,580,20.48,20.48,wait4,580,True,0.03,
fresh,FGC_Stream,1,splice,0.1638714733542319,73.5106,22.77,358,22.34,22.34,wait4,358,True,75.2707,
fresh,TalkyG_Diffset,1,t25i10d10k,0.01882016840417,0.28,98.94,580,102.18,101.18 102.84 102.18,wait4,580,True,0.2741,
fresh,Talky_G,1,t25i10d10k,0.01882016840417,0.2684,101.17,580,100.89,100.80 100.89 101.41,wait4,580,True,0.2437,
fresh,Pascal,1,t25i10d10k,0.01882016840417,24.1387,99.71,579,103.09,100.55 103.82 103.09,wait4,579,True,24.2123,
fresh,Apriori_Gen_Borgelt,1,ecommerce_fim,0.0079966611018363,0.0142,5.29,493,5.07,5.07,wait4,493,True,0.0173,
fresh,DefMe,1,ecommerce_fim,0.0079966611018363,0.285,177.09,494,187.07,187.07 187.64 180.67,wait4,494,True,0.2679,
fresh,Eclat_Gen_Borgelt,1,ecommerce_fim,0.0079966611018363,0.0132,6.62,493,6.27,6.27,wait4,493,True,0.0237,
fresh,FPgrowth_Gen_Borgelt,1,ecommerce_fim,0.0079966611018363,0.0144,7.53,493,7.19,7.19,wait4,493,True,0.0175,
fresh,FGC_Stream,1,t25i10d10k,0.01882016840417,28.435,28.21,580,27.72,27.72,wait4,580,True,28.3309,
fresh,Zart,1,t25i10d10k,0.01882016840417,39.3879,512.52,580,546.26,545.16 546.26 550.98,wait4,580,True,39.5054,
fresh,FGC_Stream,1,ecommerce_fim,0.0079966611018363,2.646,22.2,494,21.74,21.74,wait4,494,True,2.596,
fresh,Apriori_Gen_Borgelt,1,fifa_set,0.341161369193154,0.0336,6.84,234,6.62,6.62,wait4,234,True,0.0295,
fresh,DefMe,1,fifa_set,0.341161369193154,0.3012,126.55,235,129.73,129.73 132.29 126.30,wait4,235,True,0.2673,
fresh,Eclat_Gen_Borgelt,1,fifa_set,0.341161369193154,0.0244,7.7,234,7.2,7.20,wait4,234,True,0.0277,
fresh,FPgrowth_Gen_Borgelt,1,fifa_set,0.341161369193154,0.029,7.75,234,7.41,7.41,wait4,234,True,0.0311,
fresh,Gr_growth,1,fifa_set,0.341161369193154,0.0187,14.61,235,14.22,14.22,wait4,235,True,0.0221,
fresh,Pascal,1,fifa_set,0.341161369193154,0.7881,119.31,234,117.98,118.59 116.61 117.98,wait4,234,True,0.7434,
fresh,TalkyG_Diffset,1,fifa_set,0.341161369193154,0.3452,136.05,235,145.58,145.87 142.77 145.58,wait4,235,True,0.3156,
fresh,Talky_G,1,fifa_set,0.341161369193154,0.3359,141.4,235,154.82,156.20 154.82 152.70,wait4,235,True,0.3138,
fresh,Zart,1,fifa_set,0.341161369193154,0.7851,211.22,235,255.66,253.78 261.34 255.66,wait4,235,True,0.727,
fresh,Pascal,1,ecommerce_fim,0.0079966611018363,16.5227,97.48,493,92.69,92.09 93.31 92.69,wait4,493,True,16.7462,
fresh,Apriori_Gen_Borgelt,1,uscensus,0.60401875,1.3363,231.78,198,231.27,231.27,wait4,198,True,1.3346,
fresh,DefMe,1,uscensus,0.60401875,2.6226,3102.27,199,3182.05,3190.34 3182.05 3173.43,wait4,199,True,2.6354,
fresh,Eclat_Gen_Borgelt,1,uscensus,0.60401875,1.3587,231.89,198,231.43,231.43,wait4,198,True,1.3989,
fresh,FPgrowth_Gen_Borgelt,1,uscensus,0.60401875,1.2912,231.85,198,231.51,231.51,wait4,198,True,1.2838,
fresh,Gr_growth,1,uscensus,0.60401875,0.7288,14.39,199,14.07,14.07,wait4,199,True,0.7309,
fresh,Zart,1,ecommerce_fim,0.0079966611018363,12.9185,632.36,494,632.13,632.13 635.00 628.68,wait4,494,True,14.1455,
fresh,TalkyG_Diffset,1,uscensus,0.60401875,4.6026,3199.76,199,3187.1,3187.10 3194.04 3169.30,wait4,199,True,4.5593,
fresh,Talky_G,1,uscensus,0.60401875,4.5522,3149.12,199,3172.83,3172.83 2905.44 3195.57,wait4,199,True,4.5325,
fresh,Pascal,1,uscensus,0.60401875,17.043,1195.37,198,1185.35,1108.54 1185.35 1207.37,wait4,198,True,16.2792,
fresh,Zart,1,uscensus,0.60401875,30.018,3234.62,199,3224.42,3224.42 3254.12 3205.46,wait4,199,True,29.8223,
fresh,Apriori_Gen_Borgelt,1,microblog_set,0.1276223776223776,0.03,8.39,16495,8.09,8.09,wait4,16495,True,0.039,
fresh,DefMe,1,microblog_set,0.1276223776223776,0.2564,120.21,16496,116.47,114.21 116.47 125.31,wait4,16496,True,0.2319,
fresh,Eclat_Gen_Borgelt,1,microblog_set,0.1276223776223776,0.0265,16.02,16495,15.73,15.73,wait4,16495,True,0.0355,
fresh,FPgrowth_Gen_Borgelt,1,microblog_set,0.1276223776223776,0.0244,16.9,16495,16.54,16.54,wait4,16495,True,0.0339,
fresh,Gr_growth,1,microblog_set,0.1276223776223776,0.021,15.19,16496,14.76,14.76,wait4,16496,True,0.0225,
fresh,Pascal,1,microblog_set,0.1276223776223776,1.7852,97.75,16495,98.01,97.66 101.16 98.01,wait4,16495,True,1.6944,
fresh,TalkyG_Diffset,1,microblog_set,0.1276223776223776,1.7349,6816.66,16671,6820.73,6795.87 6820.73 6823.02,wait4,16671,True,1.7579,
fresh,Talky_G,1,microblog_set,0.1276223776223776,1.6889,6480.07,16671,6761.39,6507.96 6815.11 6761.39,wait4,16671,True,1.7657,
fresh,FGC_Stream,1,fifa_set,0.341161369193154,139.9196,72.4,235,71.87,71.87,wait4,235,True,138.8988,
fresh,Zart,1,microblog_set,0.1276223776223776,13.7004,772.42,16496,628.55,622.79 628.55 763.08,wait4,16496,True,14.025,
fresh,Apriori_Gen_Borgelt,1,splice,0.1115203761755486,0.0261,4.93,1412,4.73,4.73,wait4,1412,True,0.0227,
fresh,DefMe,1,splice,0.1115203761755486,0.2479,109.72,1413,106.21,105.82 106.21 106.89,wait4,1413,True,0.2128,
fresh,Eclat_Gen_Borgelt,1,splice,0.1115203761755486,0.0229,7.3,1412,7.05,7.05,wait4,1412,True,0.0233,
fresh,FPgrowth_Gen_Borgelt,1,splice,0.1115203761755486,0.0505,11.43,1412,11.0,11.00,wait4,1412,True,0.0408,
fresh,Gr_growth,1,splice,0.1115203761755486,0.0396,20.43,1413,20.19,20.19,wait4,1413,True,0.0417,
fresh,FGC_Stream,1,microblog_set,0.1276223776223776,13.0821,44.61,16496,44.24,44.24,wait4,16496,True,13.32,
fresh,TalkyG_Diffset,1,splice,0.1115203761755486,0.2656,97.31,1413,93.88,93.88 96.03 92.79,wait4,1413,True,0.2234,
fresh,Talky_G,1,splice,0.1115203761755486,0.2549,95.45,1413,95.37,95.37 94.68 96.29,wait4,1413,True,0.227,
fresh,Pascal,1,splice,0.1115203761755486,3.7488,97.61,1412,102.38,102.38 104.98 98.48,wait4,1412,True,3.6483,
fresh,Zart,1,splice,0.1115203761755486,8.8241,621.75,1413,622.81,507.89 622.81 644.07,wait4,1413,True,8.7117,
fresh,Apriori_Gen_Borgelt,1,msnbc_set,0.0066294432211387,0.0272,5.12,7985,4.86,4.86,wait4,7985,True,0.027,
fresh,DefMe,1,msnbc_set,0.0066294432211387,0.2906,184.3,7986,199.18,199.18 199.89 197.26,wait4,7986,True,0.2687,
fresh,Eclat_Gen_Borgelt,1,msnbc_set,0.0066294432211387,0.0237,12.36,7985,12.03,12.03,wait4,7985,True,0.029,
fresh,FPgrowth_Gen_Borgelt,1,msnbc_set,0.0066294432211387,0.0216,11.09,7985,11.42,11.42,wait4,7985,True,0.0177,
fresh,Gr_growth,1,msnbc_set,0.0066294432211387,0.0185,14.71,7986,14.38,14.38,wait4,7986,True,0.0204,
fresh,Pascal,1,msnbc_set,0.0066294432211387,3.3579,100.12,7985,109.88,109.88 104.22 112.10,wait4,7985,True,3.3461,
fresh,TalkyG_Diffset,1,msnbc_set,0.0066294432211387,0.2774,133.25,8013,135.69,138.54 135.69 132.11,wait4,8013,True,0.261,
fresh,Talky_G,1,msnbc_set,0.0066294432211387,0.2698,112.16,8013,119.39,119.39 126.51 110.83,wait4,8013,True,0.2639,
fresh,Zart,1,msnbc_set,0.0066294432211387,10.0951,176.62,7986,188.27,178.49 188.27 190.50,wait4,7986,True,10.0732,
fresh,Apriori_Gen_Borgelt,1,bike_set,0.006962235506215,0.0273,5.41,2791,4.86,4.86,wait4,2791,True,0.0237,
fresh,DefMe,1,bike_set,0.006962235506215,0.2658,135.48,2792,130.69,137.65 130.69 130.36,wait4,2792,True,0.2264,
fresh,Eclat_Gen_Borgelt,1,bike_set,0.006962235506215,0.0247,7.96,2791,7.83,7.83,wait4,2791,True,0.0267,
fresh,FPgrowth_Gen_Borgelt,1,bike_set,0.006962235506215,0.0288,13.21,2791,12.86,12.86,wait4,2791,True,0.0258,
fresh,Gr_growth,1,bike_set,0.006962235506215,0.0286,16.59,2792,15.95,15.95,wait4,2792,True,0.0334,
fresh,Pascal,1,bike_set,0.006962235506215,4.6038,107.89,2791,104.69,104.69 105.13 103.05,wait4,2791,True,4.6981,
fresh,TalkyG_Diffset,1,bike_set,0.006962235506215,0.3042,140.34,2792,148.09,147.04 148.09 150.37,wait4,2792,True,0.2611,
fresh,Talky_G,1,bike_set,0.006962235506215,0.2818,144.39,2792,146.7,147.28 145.26 146.70,wait4,2792,True,0.2501,
fresh,Zart,1,bike_set,0.006962235506215,9.2011,483.62,2792,487.21,487.21 487.52 484.97,wait4,2792,True,8.8039,
fresh,FGC_Stream,1,splice,0.1115203761755486,127.1456,23.76,1413,23.18,23.18,wait4,1413,True,127.6723,
fresh,Apriori_Gen_Borgelt,1,t25i10d10k,0.011502606255012,0.0282,6.59,1763,6.5,6.50,wait4,1763,True,0.0279,
fresh,DefMe,1,t25i10d10k,0.011502606255012,0.3743,298.09,1764,295.5,295.50 292.41 301.42,wait4,1764,True,0.3296,
fresh,Eclat_Gen_Borgelt,1,t25i10d10k,0.011502606255012,0.0227,8.54,1763,8.16,8.16,wait4,1763,True,0.0267,
fresh,FPgrowth_Gen_Borgelt,1,t25i10d10k,0.011502606255012,0.0319,13.28,1763,13.02,13.02,wait4,1763,True,0.0414,
fresh,Gr_growth,1,t25i10d10k,0.011502606255012,0.0366,21.74,1764,21.42,21.42,wait4,1764,True,0.0378,
fresh,FGC_Stream,1,bike_set,0.006962235506215,112.2492,20.26,2792,20.04,20.04,wait4,2792,True,111.4233,
fresh,TalkyG_Diffset,1,t25i10d10k,0.011502606255012,0.2965,110.9,1764,113.05,113.05 113.41 110.41,wait4,1764,True,0.2543,
fresh,Talky_G,1,t25i10d10k,0.011502606255012,0.2748,118.09,1764,112.68,112.68 113.95 112.61,wait4,1764,True,0.268,
fresh,Pascal,1,t25i10d10k,0.011502606255012,43.8949,125.02,1763,136.2,136.20 137.33 128.17,wait4,1763,True,44.4342,
fresh,Apriori_Gen_Borgelt,1,ecommerce_fim,0.002787979966611,0.0242,8.13,2785,7.88,7.88,wait4,2785,True,0.0276,
fresh,DefMe,1,ecommerce_fim,0.002787979966611,0.5778,507.74,2786,536.26,539.57 533.50 536.26,wait4,2786,True,0.5381,
fresh,Eclat_Gen_Borgelt,1,ecommerce_fim,0.002787979966611,0.0192,9.21,2785,8.77,8.77,wait4,2785,True,0.0228,
fresh,FPgrowth_Gen_Borgelt,1,ecommerce_fim,0.002787979966611,0.0263,11.61,2785,11.12,11.12,wait4,2785,True,0.032,
fresh,FGC_Stream,1,t25i10d10k,0.011502606255012,38.4384,29.44,1764,28.8,28.80,wait4,1764,True,38.7362,
fresh,Zart,1,t25i10d10k,0.011502606255012,71.455,875.54,1764,836.54,836.54 831.22 844.89,wait4,1764,True,70.9651,
fresh,FGC_Stream,1,ecommerce_fim,0.002787979966611,6.2718,24.48,2786,24.22,24.22,wait4,2786,True,6.0054,
fresh,Pascal,1,ecommerce_fim,0.002787979966611,140.5301,170.05,2785,180.04,180.04 179.00 181.45,wait4,2785,True,139.8944,
fresh,Apriori_Gen_Borgelt,1,uscensus,0.25685375,98.2223,235.18,249916,234.77,234.77,wait4,249916,True,99.0203,
fresh,DefMe,1,uscensus,0.25685375,63.7462,3235.07,249917,3230.0,3230.00 3230.28 3214.95,wait4,249917,True,66.1005,
fresh,Zart,1,ecommerce_fim,0.002787979966611,168.4304,1465.86,2786,1451.16,1450.61 1451.16 1573.48,wait4,2786,True,172.868,
fresh,FPgrowth_Gen_Borgelt,1,uscensus,0.25685375,2.3891,314.73,249916,314.22,314.22,wait4,249916,True,2.489,
fresh,Eclat_Gen_Borgelt,1,uscensus,0.25685375,3.8609,346.36,249916,345.97,345.97,wait4,249916,True,3.9397,
fresh,Gr_growth,1,uscensus,0.25685375,1.8738,78.95,249917,78.63,78.63,wait4,249917,True,2.0566,
fresh,Talky_G,1,uscensus,0.25685375,11.8831,3210.83,249917,3208.43,3222.40 3208.43 3180.11,wait4,249917,True,12.0913,
fresh,Apriori_Gen_Borgelt,1,microblog_set,0.0623543123543123,0.3207,22.74,340226,22.38,22.38,wait4,340226,True,0.3233,
fresh,DefMe,1,microblog_set,0.0623543123543123,0.5176,378.57,340227,380.18,379.76 380.18 382.16,wait4,340227,True,0.5078,
fresh,Eclat_Gen_Borgelt,1,microblog_set,0.0623543123543123,0.1603,37.33,340226,37.04,37.04,wait4,340226,True,0.1815,
fresh,FPgrowth_Gen_Borgelt,1,microblog_set,0.0623543123543123,0.1167,41.96,340226,41.6,41.60,wait4,340226,True,0.1403,
fresh,Gr_growth,1,microblog_set,0.0623543123543123,0.1938,26.85,340227,26.12,26.12,wait4,340227,True,0.2197,
fresh,TalkyG_Diffset,1,uscensus,0.25685375,16.8616,3213.84,249917,3216.86,3106.42 3216.86 3219.68,wait4,249917,True,17.2,
fresh,TalkyG_Diffset,1,microblog_set,0.0623543123543123,120.3767,6634.11,362664,6773.03,6774.38 6773.03 6761.56,wait4,362664,True,135.4434,
fresh,Talky_G,1,microblog_set,0.0623543123543123,124.4452,6602.45,362664,6761.73,6761.73 6750.39 6812.45,wait4,362664,True,134.3065,
fresh,FGC_Stream,1,microblog_set,0.0623543123543123,149.8463,489.32,340227,488.43,488.43,wait4,340227,True,151.7023,
fresh,Apriori_Gen_Borgelt,1,splice,0.0751567398119122,0.0536,5.55,6744,5.36,5.36,wait4,6744,True,0.0599,
fresh,DefMe,1,splice,0.0751567398119122,0.2482,132.23,6745,125.56,125.56 129.97 124.03,wait4,6745,True,0.2373,
fresh,Eclat_Gen_Borgelt,1,splice,0.0751567398119122,0.0553,9.56,6744,9.23,9.23,wait4,6744,True,0.0637,
fresh,FPgrowth_Gen_Borgelt,1,splice,0.0751567398119122,0.0836,39.41,6744,39.09,39.09,wait4,6744,True,0.0901,
fresh,Gr_growth,1,splice,0.0751567398119122,0.0757,21.0,6745,20.63,20.63,wait4,6745,True,0.0892,
fresh,Pascal,1,splice,0.0751567398119122,8.1517,99.44,6744,109.96,112.23 109.96 105.54,wait4,6744,True,8.2988,
fresh,TalkyG_Diffset,1,splice,0.0751567398119122,0.2741,119.67,6745,117.89,130.51 117.89 117.52,wait4,6745,True,0.2662,
fresh,Talky_G,1,splice,0.0751567398119122,0.2833,117.06,6745,121.19,124.52 117.29 121.19,wait4,6745,True,0.266,
fresh,Pascal,1,microblog_set,0.0623543123543123,290.7042,409.96,340226,415.81,415.81 416.69 405.78,wait4,340226,True,374.1574,
fresh,Zart,1,splice,0.0751567398119122,56.7955,660.35,6745,541.96,541.96 656.15 541.71,wait4,6745,True,54.9805,
fresh,Apriori_Gen_Borgelt,1,bike_set,0.0014588670651864,0.0663,8.41,55208,7.72,7.72,wait4,55208,True,0.0644,
fresh,DefMe,1,bike_set,0.0014588670651864,0.5252,527.03,55209,507.62,498.75 507.62 518.38,wait4,55209,True,0.4757,
fresh,Eclat_Gen_Borgelt,1,bike_set,0.0014588670651864,0.0841,17.84,55208,17.53,17.53,wait4,55208,True,0.086,
fresh,FPgrowth_Gen_Borgelt,1,bike_set,0.0014588670651864,0.0691,25.61,55208,25.57,25.57,wait4,55208,True,0.0807,
fresh,Gr_growth,1,bike_set,0.0014588670651864,0.0939,18.32,55209,17.98,17.98,wait4,55209,True,0.0905,
fresh,FGC_Stream,1,splice,0.0751567398119122,229.9467,29.43,6745,28.77,28.77,wait4,6745,True,214.6291,
fresh,TalkyG_Diffset,1,bike_set,0.0014588670651864,0.8663,433.38,55209,429.73,429.73 431.20 426.58,wait4,55209,True,0.813,
fresh,Talky_G,1,bike_set,0.0014588670651864,0.9273,432.8,55209,723.41,433.04 731.82 723.41,wait4,55209,True,0.896,
fresh,Pascal,1,bike_set,0.0014588670651864,52.4513,117.83,55208,117.95,121.16 117.95 115.63,wait4,55208,True,48.6771,
fresh,Apriori_Gen_Borgelt,1,t25i10d10k,0.00709202085004,0.0684,7.82,9874,7.4,7.40,wait4,9874,True,0.0695,
fresh,DefMe,1,t25i10d10k,0.00709202085004,0.5067,389.7,9875,388.16,393.46 383.85 388.16,wait4,9875,True,0.4767,
fresh,Eclat_Gen_Borgelt,1,t25i10d10k,0.00709202085004,0.0403,14.02,9874,13.65,13.65,wait4,9874,True,0.0422,
fresh,FPgrowth_Gen_Borgelt,1,t25i10d10k,0.00709202085004,0.0601,22.89,9874,22.7,22.70,wait4,9874,True,0.0578,
fresh,Gr_growth,1,t25i10d10k,0.00709202085004,0.0603,22.36,9875,21.88,21.88,wait4,9875,True,0.0555,
fresh,Pascal,1,t25i10d10k,0.00709202085004,62.882,138.11,9874,134.87,138.97 134.87 134.60,wait4,9874,True,63.894,
fresh,TalkyG_Diffset,1,t25i10d10k,0.00709202085004,0.323,162.4,10877,175.72,175.72 174.38 176.79,wait4,10877,True,0.3094,
fresh,Talky_G,1,t25i10d10k,0.00709202085004,0.3203,154.72,10877,163.53,157.08 167.41 163.53,wait4,10877,True,0.3152,
fresh,FGC_Stream,1,bike_set,0.0014588670651864,501.1668,92.01,55209,91.87,91.87,wait4,55209,True,501.643,
fresh,FGC_Stream,1,t25i10d10k,0.00709202085004,53.6924,38.89,9875,38.44,38.44,wait4,9875,True,53.4203,
fresh,Apriori_Gen_Borgelt,1,ecommerce_fim,0.001118530884808,0.049,14.17,14316,13.75,13.75,wait4,14316,True,0.0514,
fresh,DefMe,1,ecommerce_fim,0.001118530884808,1.0814,632.66,14317,659.91,632.93 659.91 660.32,wait4,14317,True,1.0504,
fresh,Eclat_Gen_Borgelt,1,ecommerce_fim,0.001118530884808,0.0417,15.05,14316,14.75,14.75,wait4,14316,True,0.0397,
fresh,FPgrowth_Gen_Borgelt,1,ecommerce_fim,0.001118530884808,0.035,19.25,14316,18.75,18.75,wait4,14316,True,0.0368,
fresh,Zart,1,bike_set,0.0014588670651864,402.7514,856.74,55209,871.59,873.49 871.59 871.04,wait4,55209,True,394.1094,
fresh,Zart,1,t25i10d10k,0.00709202085004,220.4859,1069.97,9875,1071.18,1124.48 1071.18 1037.20,wait4,9875,True,224.5631,
fresh,FGC_Stream,1,ecommerce_fim,0.001118530884808,11.955,38.05,14317,37.57,37.57,wait4,14317,True,11.5271,
fresh,Gr_growth,1,uscensus,0.05409375,154.8915,5969.2,122791281,5968.44,5968.44,wait4,122791281,True,150.9239,
fresh,Apriori_Gen_Borgelt,1,microblog_set,0.032051282051282,6.4472,390.57,4632196,390.14,390.14,wait4,4632196,True,6.2173,
fresh,DefMe,1,microblog_set,0.032051282051282,3.1029,494.62,4632197,497.0,497.00 494.07 497.07,wait4,4632197,True,3.0718,
fresh,Eclat_Gen_Borgelt,1,microblog_set,0.032051282051282,2.5584,369.07,4632196,380.1,380.10,wait4,4632196,True,2.4692,
fresh,FPgrowth_Gen_Borgelt,1,microblog_set,0.032051282051282,2.1351,376.59,4632196,393.3,393.30,wait4,4632196,True,2.0739,
fresh,Gr_growth,1,microblog_set,0.032051282051282,3.0788,211.41,4632197,210.99,210.99,wait4,4632197,True,2.8757,
fresh,Apriori_Gen_Borgelt,1,splice,0.053526645768025,0.1621,10.83,27605,10.33,10.33,wait4,27605,True,0.1708,
fresh,DefMe,1,splice,0.053526645768025,0.4046,376.96,27606,375.64,377.26 375.64 374.51,wait4,27606,True,0.3649,
fresh,Eclat_Gen_Borgelt,1,splice,0.053526645768025,0.178,15.01,27605,14.63,14.63,wait4,27605,True,0.1974,
fresh,FPgrowth_Gen_Borgelt,1,splice,0.053526645768025,0.2691,148.79,27605,150.84,150.84,wait4,27605,True,0.2773,
fresh,Gr_growth,1,splice,0.053526645768025,0.2381,22.11,27606,21.88,21.88,wait4,27606,True,0.2525,
fresh,TalkyG_Diffset,1,splice,0.053526645768025,0.5239,382.04,27607,386.9,394.34 386.90 384.15,wait4,27607,True,0.5048,
fresh,Talky_G,1,splice,0.053526645768025,0.5333,387.53,27607,385.95,391.23 385.51 385.95,wait4,27607,True,0.5044,
fresh,Pascal,1,splice,0.053526645768025,55.2144,201.05,27605,210.96,214.18 210.55 210.96,wait4,27605,True,56.2481,
fresh,Pascal,1,ecommerce_fim,0.001118530884808,351.1431,287.06,14316,270.27,270.27 288.35 262.82,wait4,14316,True,364.5396,
fresh,Apriori_Gen_Borgelt,1,t25i10d10k,0.0035836006415396,0.3653,17.28,119570,18.32,18.32,wait4,119570,True,0.366,
fresh,DefMe,1,t25i10d10k,0.0035836006415396,1.3771,780.78,119571,831.96,831.96 845.07 789.03,wait4,119571,True,1.3971,
fresh,Eclat_Gen_Borgelt,1,t25i10d10k,0.0035836006415396,0.1073,23.73,119570,23.48,23.48,wait4,119570,True,0.1094,
fresh,FPgrowth_Gen_Borgelt,1,t25i10d10k,0.0035836006415396,0.1253,50.91,119570,50.65,50.65,wait4,119570,True,0.1276,
fresh,Gr_growth,1,t25i10d10k,0.0035836006415396,0.1233,26.24,119571,25.79,25.79,wait4,119571,True,0.1449,
fresh,TalkyG_Diffset,1,t25i10d10k,0.0035836006415396,4.0562,435.29,168307,438.06,442.65 438.06 436.67,wait4,168307,True,4.0016,
fresh,Talky_G,1,t25i10d10k,0.0035836006415396,4.1644,414.05,168307,413.12,414.67 413.12 410.23,wait4,168307,True,4.2786,
fresh,FGC_Stream,1,splice,0.053526645768025,544.3027,52.09,27606,51.27,51.27,wait4,27606,True,536.6842,
fresh,FGC_Stream,1,t25i10d10k,0.0035836006415396,140.6903,179.45,119571,178.98,178.98,wait4,119571,True,130.4291,
fresh,Apriori_Gen_Borgelt,1,ecommerce_fim,0.0007178631051752,0.0759,19.58,33198,19.26,19.26,wait4,33198,True,0.0816,
fresh,DefMe,1,ecommerce_fim,0.0007178631051752,1.5484,837.1,33199,791.89,791.89 756.61 801.25,wait4,33199,True,1.5012,
fresh,Eclat_Gen_Borgelt,1,ecommerce_fim,0.0007178631051752,0.0499,17.5,33198,17.06,17.06,wait4,33198,True,0.0514,
fresh,FPgrowth_Gen_Borgelt,1,ecommerce_fim,0.0007178631051752,0.0542,23.9,33198,23.64,23.64,wait4,33198,True,0.0554,
fresh,Pascal,1,t25i10d10k,0.0035836006415396,239.5429,402.57,119570,402.8,396.37 402.80 403.99,wait4,119570,True,230.3146,
fresh,FGC_Stream,1,ecommerce_fim,0.0007178631051752,18.946,60.36,33199,60.18,60.18,wait4,33199,True,17.9405,
fresh2,Apriori_Gen_Borgelt,1,diabetes130,0.9999877169192068,0.1507,24.82,3,24.52,24.52,wait4,3,True,0.1104,
fresh2,Eclat_Gen_Borgelt,1,diabetes130,0.9999877169192068,0.1129,24.84,3,24.54,24.54,wait4,3,True,0.1117,
fresh2,DefMe,1,diabetes130,0.9999877169192068,0.549,404.14,4,417.98,418.22 417.98 414.25,wait4,4,True,0.4963,
fresh2,FPgrowth_Gen_Borgelt,1,diabetes130,0.9999877169192068,0.1235,24.96,3,24.47,24.47,wait4,3,True,0.1075,
fresh2,Gr_growth,1,diabetes130,0.9999877169192068,0.0952,13.89,4,13.6,13.60,wait4,4,True,0.0916,
fresh2,Pascal,1,diabetes130,0.9999877169192068,0.5697,332.92,3,338.48,339.73 336.17 338.48,wait4,3,True,0.4735,
fresh2,TalkyG_Diffset,1,diabetes130,0.9999877169192068,0.7385,412.34,3,412.16,411.02 413.20 412.16,wait4,3,True,0.6789,
fresh2,Talky_G,1,diabetes130,0.9999877169192068,0.7609,444.97,3,448.18,448.61 448.18 447.72,wait4,3,True,0.6767,
fresh2,Zart,1,diabetes130,0.9999877169192068,0.7088,485.55,4,519.02,519.01 519.02 519.69,wait4,4,True,0.6388,
fresh2,Apriori_Gen_Borgelt,1,census_kdd,0.9695761892112688,0.1772,40.91,2,40.6,40.60,wait4,2,True,0.1742,
fresh2,DefMe,1,census_kdd,0.9695761892112688,0.6467,660.03,3,663.7,669.11 661.53 663.70,wait4,3,True,0.6424,
fresh2,Eclat_Gen_Borgelt,1,census_kdd,0.9695761892112688,0.1792,40.98,2,40.46,40.46,wait4,2,True,0.1764,
fresh2,FPgrowth_Gen_Borgelt,1,census_kdd,0.9695761892112688,0.1616,40.99,2,40.49,40.49,wait4,2,True,0.159,
fresh2,Gr_growth,1,census_kdd,0.9695761892112688,0.129,13.98,3,13.61,13.61,wait4,3,True,0.1243,
fresh2,FGC_Stream,1,diabetes130,0.9999877169192068,3.0414,433.63,4,433.41,433.41,wait4,4,True,2.7693,
fresh2,Pascal,1,census_kdd,0.9695761892112688,0.5701,388.94,2,392.11,392.11 388.30 397.69,wait4,2,True,0.5331,
fresh2,TalkyG_Diffset,1,census_kdd,0.9695761892112688,1.0517,664.81,2,662.27,660.02 662.27 665.41,wait4,2,True,0.9197,
fresh2,Talky_G,1,census_kdd,0.9695761892112688,0.9694,661.42,2,663.64,666.09 663.64 659.94,wait4,2,True,0.9004,
fresh2,Zart,1,census_kdd,0.9695761892112688,0.8845,659.57,3,688.7,688.70 690.63 684.75,wait4,3,True,0.8111,
fresh2,Apriori_Gen_Borgelt,1,covertype,0.1456747020715579,0.3382,56.05,66,55.8,55.80,wait4,66,True,0.3306,
fresh2,DefMe,1,covertype,0.1456747020715579,0.5878,445.41,67,448.23,443.98 448.23 450.30,wait4,67,True,0.5717,
fresh2,Eclat_Gen_Borgelt,1,covertype,0.1456747020715579,0.3327,56.13,66,89.37,89.37,wait4,66,True,0.3326,
fresh2,FPgrowth_Gen_Borgelt,1,covertype,0.1456747020715579,0.3031,63.02,66,84.33,84.33,wait4,66,True,0.2954,
fresh2,Gr_growth,1,covertype,0.1456747020715579,0.2765,43.75,67,43.44,43.44,wait4,67,True,0.2649,
fresh2,FGC_Stream,1,census_kdd,0.9695761892112688,4.6986,746.37,3,745.85,745.85,wait4,3,True,4.4267,
fresh2,TalkyG_Diffset,1,covertype,0.1456747020715579,0.6987,362.75,67,357.05,357.05 359.37 356.68,wait4,67,True,0.6752,
fresh2,Talky_G,1,covertype,0.1456747020715579,0.725,368.64,67,370.02,371.04 370.02 368.92,wait4,67,True,0.7067,
fresh2,Pascal,1,covertype,0.1456747020715579,8.0131,367.68,66,358.5,358.50 357.92 361.83,wait4,66,True,7.6535,
fresh2,Zart,1,covertype,0.1456747020715579,13.207,634.04,67,718.64,718.64 742.87 718.15,wait4,67,True,13.3516,
fresh2,Apriori_Gen_Borgelt,1,poker,0.12537575,0.4212,94.3,33,93.9,93.90,wait4,33,True,0.4102,
fresh2,DefMe,1,poker,0.12537575,0.7652,578.09,34,610.3,610.30 592.01 630.50,wait4,34,True,0.7288,
fresh2,Eclat_Gen_Borgelt,1,poker,0.12537575,0.4227,94.26,33,93.75,93.75,wait4,33,True,0.4127,
fresh2,FPgrowth_Gen_Borgelt,1,poker,0.12537575,0.402,94.42,33,94.02,94.02,wait4,33,True,0.3845,
fresh2,Gr_growth,1,poker,0.12537575,0.2806,14.24,34,13.92,13.92,wait4,34,True,0.2784,
fresh2,Pascal,1,poker,0.12537575,3.7444,554.39,33,558.83,521.55 559.59 558.83,wait4,33,True,3.6602,
fresh2,TalkyG_Diffset,1,poker,0.12537575,0.9493,612.54,34,620.39,620.39 619.18 635.01,wait4,34,True,0.9172,
fresh2,Talky_G,1,poker,0.12537575,0.9772,627.34,34,641.92,654.51 641.92 612.95,wait4,34,True,0.9404,
fresh2,Zart,1,poker,0.12537575,3.7903,836.05,34,777.48,773.94 882.50 777.48,wait4,34,True,3.7285,
fresh2,Apriori_Gen_Borgelt,1,diabetes130,0.9969415128824952,0.1213,24.75,1036,24.55,24.55,wait4,1036,True,0.1215,
fresh2,DefMe,1,diabetes130,0.9969415128824952,0.6392,636.18,1037,640.34,640.34 640.71 636.31,wait4,1037,True,0.5748,
fresh2,Eclat_Gen_Borgelt,1,diabetes130,0.9969415128824952,0.1185,25.45,1036,25.4,25.40,wait4,1036,True,0.1208,
fresh2,FPgrowth_Gen_Borgelt,1,diabetes130,0.9969415128824952,0.1202,24.88,1036,25.27,25.27,wait4,1036,True,0.1217,
fresh2,Gr_growth,1,diabetes130,0.9969415128824952,0.0875,14.0,1037,13.6,13.60,wait4,1037,True,0.0821,
fresh2,Pascal,1,diabetes130,0.9969415128824952,9.1594,341.56,1036,339.69,339.69 340.70 335.39,wait4,1036,True,8.9438,
fresh2,TalkyG_Diffset,1,diabetes130,0.9969415128824952,0.7103,432.84,1036,432.84,432.74 434.66 432.84,wait4,1036,True,0.7034,
fresh2,Talky_G,1,diabetes130,0.9969415128824952,0.7309,457.71,1036,462.25,460.48 464.57 462.25,wait4,1036,True,0.7126,
fresh2,Zart,1,diabetes130,0.9969415128824952,122.1168,843.24,1037,844.46,780.57 844.46 849.37,wait4,1037,True,122.3662,
fresh2,Apriori_Gen_Borgelt,1,census_kdd,0.8078705211930454,0.2122,40.88,111,40.25,40.25,wait4,111,True,0.202,
fresh2,DefMe,1,census_kdd,0.8078705211930454,0.6905,662.52,112,666.75,665.49 672.42 666.75,wait4,112,True,0.6697,
fresh2,Eclat_Gen_Borgelt,1,census_kdd,0.8078705211930454,0.2102,40.96,111,40.63,40.63,wait4,111,True,0.2082,
fresh2,FPgrowth_Gen_Borgelt,1,census_kdd,0.8078705211930454,0.2082,41.02,111,40.43,40.43,wait4,111,True,0.1929,
fresh2,Gr_growth,1,census_kdd,0.8078705211930454,0.1185,13.98,112,13.75,13.75,wait4,112,True,0.1304,
fresh2,Pascal,1,census_kdd,0.8078705211930454,2.6685,390.74,111,393.52,393.52 388.73 395.04,wait4,111,True,2.6764,
fresh2,TalkyG_Diffset,1,census_kdd,0.8078705211930454,0.9469,660.07,111,663.33,663.33 661.72 665.71,wait4,111,True,0.9398,
fresh2,Talky_G,1,census_kdd,0.8078705211930454,0.9294,662.64,111,665.39,669.47 662.13 665.39,wait4,111,True,0.9249,
fresh2,Zart,1,census_kdd,0.8078705211930454,10.166,1864.68,112,1872.73,1872.73 1861.14 1908.54,wait4,112,True,10.3138,
fresh2,FGC_Stream,1,diabetes130,0.9969415128824952,299.9041,440.21,1037,439.55,439.55,wait4,1037,True,285.9448,
fresh2,Apriori_Gen_Borgelt,1,covertype,0.0938995235898742,0.419,56.02,160,55.66,55.66,wait4,160,True,0.4007,
fresh2,DefMe,1,covertype,0.0938995235898742,0.6166,478.66,161,486.59,480.84 486.59 487.71,wait4,161,True,0.589,
fresh2,Eclat_Gen_Borgelt,1,covertype,0.0938995235898742,0.3643,91.96,160,91.43,91.43,wait4,160,True,0.3565,
fresh2,FPgrowth_Gen_Borgelt,1,covertype,0.0938995235898742,0.328,63.19,160,85.79,85.79,wait4,160,True,0.318,
fresh2,Gr_growth,1,covertype,0.0938995235898742,0.293,44.74,161,44.38,44.38,wait4,161,True,0.2769,
fresh2,Pascal,1,covertype,0.0938995235898742,8.4136,359.75,160,361.36,362.17 361.36 356.65,wait4,160,True,8.0593,
fresh2,TalkyG_Diffset,1,covertype,0.0938995235898742,0.7078,373.28,161,375.29,375.12 377.59 375.29,wait4,161,True,0.6846,
fresh2,Talky_G,1,covertype,0.0938995235898742,0.7329,381.98,161,388.89,390.67 384.67 388.89,wait4,161,True,0.7078,
fresh2,Zart,1,covertype,0.0938995235898742,14.3721,753.19,161,760.73,760.73 751.24 762.16,wait4,161,True,14.4607,
fresh2,Apriori_Gen_Borgelt,1,poker,0.06372875,0.7991,169.45,187,169.14,169.14,wait4,187,True,0.7843,
fresh2,DefMe,1,poker,0.06372875,0.896,750.25,188,806.61,801.72 813.31 806.61,wait4,188,True,0.8571,
fresh2,Eclat_Gen_Borgelt,1,poker,0.06372875,1.1213,256.98,187,256.43,256.43,wait4,187,True,1.0978,
fresh2,FPgrowth_Gen_Borgelt,1,poker,0.06372875,0.9344,235.86,187,235.55,235.55,wait4,187,True,0.8745,
fresh2,Gr_growth,1,poker,0.06372875,1.6203,156.55,188,156.25,156.25,wait4,188,True,1.3626,
fresh2,Pascal,1,poker,0.06372875,46.0455,517.13,187,561.45,568.15 560.55 561.45,wait4,187,True,47.379,
fresh2,TalkyG_Diffset,1,poker,0.06372875,0.9684,631.48,188,668.2,668.20 667.08 685.49,wait4,188,True,0.9288,
fresh2,Talky_G,1,poker,0.06372875,1.0136,671.1,188,689.57,689.57 671.12 689.95,wait4,188,True,0.9706,
fresh,Pascal,1,ecommerce_fim,0.0007178631051752,555.4763,375.2,33198,378.69,382.77 376.62 378.69,wait4,33198,True,554.2433,
fresh2,Eclat_Gen_Borgelt,1,diabetes130,0.2130549495902364,17.5988,1827.62,19214398,1830.39,1830.39,wait4,19214398,True,15.2709,
fresh2,FPgrowth_Gen_Borgelt,1,diabetes130,0.2130549495902364,16.3416,1808.91,19214398,1811.39,1811.39,wait4,19214398,True,14.1228,
fresh2,Gr_growth,1,diabetes130,0.2130549495902364,17.6236,949.44,19214399,949.2,949.20,wait4,19214399,True,15.4033,
fresh2,Apriori_Gen_Borgelt,1,census_kdd,0.2090423159234775,8.3099,42.1,659736,41.65,41.65,wait4,659736,True,7.9906,
fresh2,Zart,1,poker,0.06372875,56.1636,905.45,188,887.53,890.21 858.02 887.53,wait4,188,True,56.0103,
fresh2,Eclat_Gen_Borgelt,1,census_kdd,0.2090423159234775,0.7555,70.26,659736,81.5,81.50,wait4,659736,True,0.7882,
fresh2,FPgrowth_Gen_Borgelt,1,census_kdd,0.2090423159234775,0.569,64.57,659736,82.97,82.97,wait4,659736,True,0.5904,
fresh2,Gr_growth,1,census_kdd,0.2090423159234775,0.5966,43.44,659737,44.38,44.38,wait4,659737,True,0.6451,
fresh2,TalkyG_Diffset,1,census_kdd,0.2090423159234775,9.7533,1933.5,659736,1915.48,1749.88 1915.48 1954.45,wait4,659736,True,10.4913,
fresh2,Talky_G,1,census_kdd,0.2090423159234775,7.1506,1889.93,659736,1906.35,1872.80 1906.35 1946.01,wait4,659736,True,7.7013,
fresh2,Apriori_Gen_Borgelt,1,covertype,0.0368869317673301,0.6888,56.04,1447,55.63,55.63,wait4,1447,True,0.7157,
fresh2,DefMe,1,covertype,0.0368869317673301,0.8465,681.62,1448,770.29,799.28 747.03 770.29,wait4,1448,True,0.8859,
fresh2,Eclat_Gen_Borgelt,1,covertype,0.0368869317673301,0.5691,100.23,1447,99.94,99.94,wait4,1447,True,0.5969,
fresh2,FPgrowth_Gen_Borgelt,1,covertype,0.0368869317673301,0.4579,105.18,1447,124.51,124.51,wait4,1447,True,0.5088,
fresh2,Gr_growth,1,covertype,0.0368869317673301,0.4927,53.48,1448,52.78,52.78,wait4,1448,True,0.5393,
fresh2,DefMe,1,census_kdd,0.2090423159234775,90.9122,1883.02,659737,1879.03,1879.03 1869.13 1884.71,wait4,659737,True,92.3004,
fresh2,TalkyG_Diffset,1,covertype,0.0368869317673301,0.9176,684.93,1448,730.07,751.24 702.88 730.07,wait4,1448,True,0.9222,
fresh2,Talky_G,1,covertype,0.0368869317673301,0.9246,714.35,1448,709.16,709.16 718.71 707.09,wait4,1448,True,0.9299,
fresh2,Pascal,1,covertype,0.0368869317673301,51.0637,357.17,1447,358.16,358.16 354.62 375.17,wait4,1447,True,53.6975,
fresh2,Apriori_Gen_Borgelt,1,poker,0.01922275,0.9549,170.8,1409,170.34,170.34,wait4,1409,True,0.9371,
fresh2,DefMe,1,poker,0.01922275,1.1959,1462.61,1410,1537.75,1472.66 1541.41 1537.75,wait4,1410,True,1.1545,
fresh2,Eclat_Gen_Borgelt,1,poker,0.01922275,1.5146,259.13,1409,258.99,258.99,wait4,1409,True,1.4383,
fresh2,FPgrowth_Gen_Borgelt,1,poker,0.01922275,1.2839,241.82,1409,241.55,241.55,wait4,1409,True,1.1978,
fresh2,Gr_growth,1,poker,0.01922275,2.4076,159.44,1410,159.07,159.07,wait4,1410,True,1.9849,
fresh2,Pascal,1,poker,0.01922275,107.6686,532.68,1409,525.96,521.66 525.96 564.41,wait4,1409,True,103.3818,
fresh2,TalkyG_Diffset,1,poker,0.01922275,1.195,866.11,1410,865.82,867.20 865.82 798.92,wait4,1410,True,1.1378,
fresh2,Talky_G,1,poker,0.01922275,1.1827,863.31,1410,874.94,874.94 875.78 872.73,wait4,1410,True,1.131,
fresh2,Zart,1,covertype,0.0368869317673301,127.6945,766.28,1448,759.55,759.55 736.41 795.21,wait4,1448,True,128.7252,
fresh2,Gr_growth,1,census_kdd,0.015099762934599,128.3854,5848.76,125939923,5848.29,5848.29,wait4,125939923,True,126.5758,
fresh2,Apriori_Gen_Borgelt,1,covertype,0.0002663456176464,11.9249,187.13,3258848,186.64,186.64,wait4,3258848,True,11.6634,
fresh2,Zart,1,poker,0.01922275,167.588,828.06,1410,846.51,823.03 846.51 911.35,wait4,1410,True,169.1865,
fresh2,Eclat_Gen_Borgelt,1,covertype,0.0002663456176464,4.9099,346.57,3258848,349.95,349.95,wait4,3258848,True,5.2795,
fresh2,FPgrowth_Gen_Borgelt,1,covertype,0.0002663456176464,3.1927,460.78,3258848,461.21,461.21,wait4,3258848,True,3.5544,
fresh2,Gr_growth,1,covertype,0.0002663456176464,4.2657,194.85,3258849,196.1,196.10,wait4,3258849,True,4.7963,
fresh2,DefMe,1,covertype,0.0002663456176464,319.0277,1597.34,3258849,1519.95,1345.53 1532.26 1519.95,wait4,3258849,True,334.7639,
fresh2,Apriori_Gen_Borgelt,1,poker,0.00164075,1.7195,172.75,46378,172.16,172.16,wait4,46378,True,1.7517,
fresh2,DefMe,1,poker,0.00164075,6.6882,1579.09,46379,1543.84,1543.84 1604.88 1539.62,wait4,46379,True,6.9482,
fresh2,Eclat_Gen_Borgelt,1,poker,0.00164075,2.6697,274.03,46378,273.38,273.38,wait4,46378,True,2.9522,
fresh2,FPgrowth_Gen_Borgelt,1,poker,0.00164075,2.3188,556.52,46378,575.35,575.35,wait4,46378,True,2.5346,
fresh2,Gr_growth,1,poker,0.00164075,3.454,171.08,46379,170.79,170.79,wait4,46379,True,4.5694,
fresh2,TalkyG_Diffset,1,poker,0.00164075,5.1571,1541.7,46379,1575.28,1592.05 1575.28 1512.75,wait4,46379,True,5.3078,
fresh2,Talky_G,1,poker,0.00164075,4.2028,1566.52,46379,1611.64,1502.99 1660.56 1611.64,wait4,46379,True,4.3739,
fresh3,Apriori_Gen_Borgelt,1,dota2,0.1415515380464112,0.0646,11.73,28,11.5,11.50,wait4,28,True,0.0447,
fresh3,Eclat_Gen_Borgelt,1,dota2,0.1415515380464112,0.0416,11.79,28,11.55,11.55,wait4,28,True,0.0449,
fresh3,DefMe,1,dota2,0.1415515380464112,0.3528,168.46,29,173.39,173.39 171.70 173.96,wait4,29,True,0.3079,
fresh3,FPgrowth_Gen_Borgelt,1,dota2,0.1415515380464112,0.0416,11.51,28,11.46,11.46,wait4,28,True,0.0405,
fresh3,Gr_growth,1,dota2,0.1415515380464112,0.0331,13.89,29,13.58,13.58,wait4,29,True,0.0379,
fresh3,TalkyG_Diffset,1,dota2,0.1415515380464112,0.3724,173.66,29,174.38,173.18 177.96 174.38,wait4,29,True,0.3326,
fresh3,Pascal,1,dota2,0.1415515380464112,0.5603,142.23,28,148.59,148.59 147.45 149.79,wait4,28,True,0.5565,
fresh3,Talky_G,1,dota2,0.1415515380464112,0.423,171.47,29,175.97,178.67 175.42 175.97,wait4,29,True,0.3506,
fresh3,Zart,1,dota2,0.1415515380464112,0.5128,181.8,29,190.49,190.49 193.19 189.83,wait4,29,True,0.4636,
fresh3,Apriori_Gen_Borgelt,1,miniboone,0.1890434709066306,0.415,63.63,259,63.38,63.38,wait4,259,True,0.4163,
fresh3,DefMe,1,miniboone,0.1890434709066306,0.7061,706.54,260,708.19,708.19 708.70 707.94,wait4,260,True,0.6891,
fresh3,Eclat_Gen_Borgelt,1,miniboone,0.1890434709066306,0.7412,115.18,259,114.64,114.64,wait4,259,True,0.7952,
fresh3,FPgrowth_Gen_Borgelt,1,miniboone,0.1890434709066306,1.7427,255.72,259,255.36,255.36,wait4,259,True,1.8663,
fresh3,Gr_growth,1,miniboone,0.1890434709066306,1.8091,234.29,260,233.78,233.78,wait4,260,True,2.0098,
fresh3,Pascal,1,miniboone,0.1890434709066306,152.3592,385.7,259,389.75,389.75 387.57 393.25,wait4,259,True,156.5052,
fresh3,TalkyG_Diffset,1,miniboone,0.1890434709066306,0.92,536.38,260,535.01,534.59 535.01 535.86,wait4,260,True,0.9241,
fresh3,Talky_G,1,miniboone,0.1890434709066306,0.9003,542.88,260,542.21,542.21 540.36 543.01,wait4,260,True,0.8921,
fresh3,Zart,1,miniboone,0.1890434709066306,187.2846,881.34,260,886.55,886.55 889.82 883.82,wait4,260,True,191.7507,
fresh2,Talky_G,1,covertype,0.0002663456176464,576.959,1015.9,3401713,1252.84,1018.05 1418.62 1252.84,wait4,3401713,True,600.8265,
fresh3,Apriori_Gen_Borgelt,1,power,0.219214919386321,0.4585,159.17,12,158.79,158.79,wait4,12,True,0.4707,
fresh3,DefMe,1,power,0.219214919386321,0.8448,775.88,13,781.43,781.68 778.54 781.43,wait4,13,True,0.8343,
fresh3,Eclat_Gen_Borgelt,1,power,0.219214919386321,0.4571,159.28,12,158.89,158.89,wait4,12,True,0.4606,
fresh3,FPgrowth_Gen_Borgelt,1,power,0.219214919386321,0.4311,159.35,12,158.77,158.77,wait4,12,True,0.4222,
fresh3,Gr_growth,1,power,0.219214919386321,0.2759,13.98,13,13.61,13.61,wait4,13,True,0.2736,
fresh3,Pascal,1,power,0.219214919386321,1.011,803.07,12,792.8,792.80 788.55 821.16,wait4,12,True,1.0554,
fresh3,TalkyG_Diffset,1,power,0.219214919386321,1.0881,774.29,12,778.32,785.22 778.32 778.23,wait4,12,True,1.0161,
fresh3,Talky_G,1,power,0.219214919386321,1.0542,774.75,12,778.06,774.52 778.06 780.27,wait4,12,True,1.0594,
fresh3,Zart,1,power,0.219214919386321,1.6816,1166.18,13,1201.3,1067.09 1201.47 1201.30,wait4,13,True,1.634,
fresh3,Apriori_Gen_Borgelt,1,dota2,0.0582703723691311,0.0757,17.81,200,17.34,17.34,wait4,200,True,0.0754,
fresh3,DefMe,1,dota2,0.0582703723691311,0.3341,167.32,201,175.35,175.07 177.05 175.35,wait4,201,True,0.3154,
fresh3,Eclat_Gen_Borgelt,1,dota2,0.0582703723691311,0.0795,25.41,200,24.91,24.91,wait4,200,True,0.0779,
fresh3,FPgrowth_Gen_Borgelt,1,dota2,0.0582703723691311,0.0661,23.33,200,22.97,22.97,wait4,200,True,0.0738,
fresh3,Gr_growth,1,dota2,0.0582703723691311,0.0847,25.05,201,24.56,24.56,wait4,201,True,0.0853,
fresh3,Pascal,1,dota2,0.0582703723691311,6.5542,141.5,200,142.33,142.33 141.60 146.71,wait4,200,True,6.97,
fresh3,TalkyG_Diffset,1,dota2,0.0582703723691311,0.3494,169.35,201,176.29,174.15 177.16 176.29,wait4,201,True,0.3419,
fresh3,Talky_G,1,dota2,0.0582703723691311,0.3559,167.41,201,175.21,176.26 174.36 175.21,wait4,201,True,0.3394,
fresh3,Zart,1,dota2,0.0582703723691311,3.693,392.0,201,391.82,391.02 396.74 391.82,wait4,201,True,3.6529,
fresh3,Apriori_Gen_Borgelt,1,miniboone,0.1627256581375323,0.4151,63.76,349,63.27,63.27,wait4,349,True,0.4203,
fresh3,DefMe,1,miniboone,0.1627256581375323,0.6941,612.24,350,707.52,702.73 708.62 707.52,wait4,350,True,0.6906,
fresh3,Eclat_Gen_Borgelt,1,miniboone,0.1627256581375323,0.7559,115.41,349,114.97,114.97,wait4,349,True,0.7598,
fresh3,FPgrowth_Gen_Borgelt,1,miniboone,0.1627256581375323,2.1366,256.09,349,255.6,255.60,wait4,349,True,2.1569,
fresh3,Gr_growth,1,miniboone,0.1627256581375323,1.8249,234.29,350,233.91,233.91,wait4,350,True,1.8589,
fresh3,Pascal,1,miniboone,0.1627256581375323,147.1415,396.13,349,391.71,395.00 388.96 391.71,wait4,349,True,152.7272,
fresh3,TalkyG_Diffset,1,miniboone,0.1627256581375323,0.916,539.81,350,538.28,538.28 538.22 538.72,wait4,350,True,0.9061,
fresh3,Talky_G,1,miniboone,0.1627256581375323,0.9168,547.05,350,543.18,542.50 545.47 543.18,wait4,350,True,0.8912,
fresh3,FGC_Stream,1,dota2,0.1415515380464112,547.8832,138.71,29,138.19,138.19,wait4,29,True,606.0362,
fresh3,Apriori_Gen_Borgelt,1,power,0.0564362849391005,0.5716,159.17,184,172.04,172.04,wait4,184,True,0.5635,
fresh3,DefMe,1,power,0.0564362849391005,0.9551,971.52,185,979.17,974.41 982.99 979.17,wait4,185,True,0.9395,
fresh3,Eclat_Gen_Borgelt,1,power,0.0564362849391005,0.5901,159.18,184,172.48,172.48,wait4,184,True,0.5766,
fresh3,FPgrowth_Gen_Borgelt,1,power,0.0564362849391005,0.547,159.3,184,172.51,172.51,wait4,184,True,0.5481,
fresh3,Gr_growth,1,power,0.0564362849391005,0.3213,14.08,185,13.76,13.76,wait4,185,True,0.3209,
fresh3,Pascal,1,power,0.0564362849391005,6.1521,808.04,184,778.37,819.91 587.76 778.37,wait4,184,True,5.9739,
fresh3,TalkyG_Diffset,1,power,0.0564362849391005,1.0227,775.69,184,780.32,780.65 778.39 780.32,wait4,184,True,1.0152,
fresh3,Talky_G,1,power,0.0564362849391005,1.0543,782.07,184,780.89,780.89 776.59 783.74,wait4,184,True,1.0597,
fresh3,Zart,1,power,0.0564362849391005,17.0881,1947.6,185,1901.09,1944.89 1901.09 1901.09,wait4,185,True,17.0844,
fresh3,Apriori_Gen_Borgelt,1,dota2,0.0134565569347004,0.108,19.33,2331,18.91,18.91,wait4,2331,True,0.1021,
fresh3,DefMe,1,dota2,0.0134565569347004,0.4381,377.94,2332,395.48,395.48 397.61 391.72,wait4,2332,True,0.4022,
fresh3,Eclat_Gen_Borgelt,1,dota2,0.0134565569347004,0.1212,32.94,2331,32.71,32.71,wait4,2331,True,0.1087,
fresh3,FPgrowth_Gen_Borgelt,1,dota2,0.0134565569347004,0.1482,42.68,2331,41.94,41.94,wait4,2331,True,0.1457,
fresh3,Gr_growth,1,dota2,0.0134565569347004,0.1933,42.13,2332,41.72,41.72,wait4,2332,True,0.1929,
fresh3,Pascal,1,dota2,0.0134565569347004,85.4347,149.78,2331,159.72,159.72 156.84 167.94,wait4,2331,True,79.6077,
fresh3,TalkyG_Diffset,1,dota2,0.0134565569347004,0.3722,201.92,2332,195.72,195.72 193.97 195.78,wait4,2332,True,0.3667,
fresh3,Talky_G,1,dota2,0.0134565569347004,0.3714,175.9,2332,174.35,174.35 181.84 173.93,wait4,2332,True,0.3496,
fresh3,Zart,1,dota2,0.0134565569347004,62.5532,599.27,2332,514.66,427.52 514.66 516.35,wait4,2332,True,62.1619,
fresh3,Apriori_Gen_Borgelt,1,miniboone,0.0786516637962849,1.2167,64.12,2184,63.93,63.93,wait4,2184,True,1.2072,
fresh3,DefMe,1,miniboone,0.0786516637962849,0.8922,868.57,2185,876.27,871.77 936.89 876.27,wait4,2185,True,0.859,
fresh3,Eclat_Gen_Borgelt,1,miniboone,0.0786516637962849,1.0347,118.66,2184,118.07,118.07,wait4,2184,True,1.0135,
fresh3,FPgrowth_Gen_Borgelt,1,miniboone,0.0786516637962849,2.9473,260.95,2184,260.49,260.49,wait4,2184,True,2.8792,
fresh3,Gr_growth,1,miniboone,0.0786516637962849,3.64,236.16,2185,235.63,235.63,wait4,2185,True,3.4994,
fresh3,Zart,1,miniboone,0.1627256581375323,189.7931,884.59,350,886.8,883.37 886.80 888.12,wait4,350,True,188.4397,
fresh3,TalkyG_Diffset,1,miniboone,0.0786516637962849,0.9413,603.26,2185,606.91,606.91 607.67 606.49,wait4,2185,True,0.9512,
fresh3,Talky_G,1,miniboone,0.0786516637962849,0.9324,604.47,2185,604.77,607.86 604.77 604.04,wait4,2185,True,0.9312,
fresh3,Pascal,1,miniboone,0.0786516637962849,170.2234,388.55,2184,396.79,400.89 395.07 396.79,wait4,2184,True,161.0811,
fresh3,Apriori_Gen_Borgelt,1,power,0.0136480861570893,0.5615,159.19,1022,173.32,173.32,wait4,1022,True,0.5635,
fresh3,DefMe,1,power,0.0136480861570893,1.5253,1906.11,1023,1914.76,1914.95 1914.76 1902.62,wait4,1023,True,1.4916,
fresh3,Eclat_Gen_Borgelt,1,power,0.0136480861570893,0.5823,159.28,1022,174.46,174.46,wait4,1022,True,0.58,
fresh3,FPgrowth_Gen_Borgelt,1,power,0.0136480861570893,0.5508,159.28,1022,174.61,174.61,wait4,1022,True,0.5506,
fresh3,Gr_growth,1,power,0.0136480861570893,0.3248,14.07,1023,13.75,13.75,wait4,1023,True,0.329,
fresh3,Pascal,1,power,0.0136480861570893,18.9483,809.05,1022,806.52,815.76 806.52 805.16,wait4,1022,True,19.3068,
fresh3,TalkyG_Diffset,1,power,0.0136480861570893,1.2834,1347.81,1022,1357.74,1357.74 1293.99 1366.38,wait4,1022,True,1.2529,
fresh3,Talky_G,1,power,0.0136480861570893,1.2043,1021.88,1022,1082.45,1085.94 1077.21 1082.45,wait4,1022,True,1.1872,
fresh3,Zart,1,miniboone,0.0786516637962849,218.1192,904.59,2185,903.07,897.06 913.25 903.07,wait4,2185,True,219.3072,
fresh3,Apriori_Gen_Borgelt,1,dota2,0.0037317862924986,0.1898,20.48,18487,20.12,20.12,wait4,18487,True,0.1866,
fresh3,DefMe,1,dota2,0.0037317862924986,0.7067,650.18,18488,712.11,682.08 751.16 712.11,wait4,18488,True,0.6905,
fresh3,Eclat_Gen_Borgelt,1,dota2,0.0037317862924986,0.1855,40.07,18487,39.59,39.59,wait4,18487,True,0.1843,
fresh3,FPgrowth_Gen_Borgelt,1,dota2,0.0037317862924986,0.2911,87.79,18487,87.61,87.61,wait4,18487,True,0.2517,
fresh3,Gr_growth,1,dota2,0.0037317862924986,0.3435,44.72,18488,44.54,44.54,wait4,18488,True,0.2957,
fresh3,Zart,1,power,0.0136480861570893,90.2973,1954.59,1023,1950.62,1949.04 1951.35 1950.62,wait4,1023,True,91.0095,
fresh3,TalkyG_Diffset,1,dota2,0.0037317862924986,0.7319,822.82,18488,800.0,821.96 791.41 800.00,wait4,18488,True,0.6843,
fresh3,Talky_G,1,dota2,0.0037317862924986,0.6623,644.79,18488,652.28,647.79 652.28 666.09,wait4,18488,True,0.6389,
fresh3,Pascal,1,dota2,0.0037317862924986,250.632,203.47,18487,207.27,207.27 202.89 209.55,wait4,18487,True,257.0343,
fresh3,Apriori_Gen_Borgelt,1,miniboone,0.0500196057325624,6.2937,65.04,14513,64.73,64.73,wait4,14513,True,6.2999,
fresh3,DefMe,1,miniboone,0.0500196057325624,2.1032,1492.54,14514,1486.72,1486.72 1471.59 1517.47,wait4,14514,True,2.0237,
fresh3,Eclat_Gen_Borgelt,1,miniboone,0.0500196057325624,2.5111,131.32,14513,131.05,131.05,wait4,14513,True,2.5021,
fresh3,FPgrowth_Gen_Borgelt,1,miniboone,0.0500196057325624,4.3104,708.73,14513,708.55,708.55,wait4,14513,True,4.2745,
fresh3,Gr_growth,1,miniboone,0.0500196057325624,5.1364,252.69,14514,252.33,252.33,wait4,14514,True,5.0257,
fresh3,TalkyG_Diffset,1,miniboone,0.0500196057325624,1.2292,891.24,14524,888.49,888.49 884.60 891.84,wait4,14524,True,1.1985,
fresh3,Talky_G,1,miniboone,0.0500196057325624,1.1836,883.24,14524,885.58,885.58 871.01 889.68,wait4,14524,True,1.1652,
fresh3,Zart,1,dota2,0.0037317862924986,552.9712,736.21,18488,774.66,776.14 774.66 757.17,wait4,18488,True,562.0582,
fresh3,Apriori_Gen_Borgelt,1,dota2,0.0007744198596869,0.5378,30.3,190650,29.95,29.95,wait4,190650,True,0.543,
fresh3,DefMe,1,dota2,0.0007744198596869,3.1639,1005.29,190651,999.91,1109.27 913.72 999.91,wait4,190651,True,3.1964,
fresh3,Eclat_Gen_Borgelt,1,dota2,0.0007744198596869,0.3754,50.5,190650,50.7,50.70,wait4,190650,True,0.4087,
fresh3,FPgrowth_Gen_Borgelt,1,dota2,0.0007744198596869,0.4884,172.92,190650,179.25,179.25,wait4,190650,True,0.5449,
fresh3,Gr_growth,1,dota2,0.0007744198596869,0.6007,50.22,190651,50.2,50.20,wait4,190651,True,0.6553,
fresh3,Pascal,1,miniboone,0.0500196057325624,339.898,407.82,14513,400.37,395.62 406.46 400.37,wait4,14513,True,344.973,
fresh3,TalkyG_Diffset,1,dota2,0.0007744198596869,4.4829,792.1,190651,816.17,800.50 816.17 827.51,wait4,190651,True,4.378,
fresh3,Talky_G,1,dota2,0.0007744198596869,4.0262,1070.29,190651,1022.14,1010.68 1022.14 1064.93,wait4,190651,True,3.851,
fresh3,Apriori_Gen_Borgelt,1,miniboone,0.0366261994095214,20.7452,72.0,61813,71.53,71.53,wait4,61813,True,21.4399,
fresh3,DefMe,1,miniboone,0.0366261994095214,6.1333,1482.61,61814,1494.07,1494.07 1515.36 1486.93,wait4,61814,True,6.1342,
fresh3,Eclat_Gen_Borgelt,1,miniboone,0.0366261994095214,6.7618,138.22,61813,137.86,137.86,wait4,61813,True,6.9298,
fresh3,FPgrowth_Gen_Borgelt,1,miniboone,0.0366261994095214,15.2995,3588.29,61813,3588.06,3588.06,wait4,61813,True,16.4256,
fresh3,Gr_growth,1,miniboone,0.0366261994095214,16.063,275.06,61814,274.54,274.54,wait4,61814,True,18.4197,
fresh3,TalkyG_Diffset,1,miniboone,0.0366261994095214,3.8105,1438.66,61939,1462.31,1462.31 1459.78 1528.54,wait4,61939,True,3.7964,
fresh4,Apriori_Gen_Borgelt,1,tictactoe,0.2346033402922756,0.0074,1.05,37,2.67,2.67,wait4,37,True,0.008,
fresh4,Eclat_Gen_Borgelt,1,tictactoe,0.2346033402922756,0.0064,1.33,37,3.0,3.00,wait4,37,True,0.0084,
fresh4,DefMe,1,tictactoe,0.2346033402922756,0.2926,62.29,38,73.73,74.14 72.15 73.73,wait4,38,True,0.1776,
fresh4,FPgrowth_Gen_Borgelt,1,tictactoe,0.2346033402922756,0.0059,1.96,37,3.2,3.20,wait4,37,True,0.0075,
fresh4,Gr_growth,1,tictactoe,0.2346033402922756,0.0082,13.86,38,13.92,13.92,wait4,38,True,0.01,
fresh4,Pascal,1,tictactoe,0.2346033402922756,0.2894,71.12,37,78.55,75.58 84.08 78.55,wait4,37,True,0.1871,
fresh4,TalkyG_Diffset,1,tictactoe,0.2346033402922756,0.2682,77.32,38,79.54,79.54 72.16 80.32,wait4,38,True,0.2005,
fresh4,Talky_G,1,tictactoe,0.2346033402922756,0.2337,76.45,38,76.44,80.31 74.78 76.44,wait4,38,True,0.1771,
fresh4,Zart,1,tictactoe,0.2346033402922756,0.215,77.22,38,75.28,74.05 77.68 75.28,wait4,38,True,0.195,
fresh4,Apriori_Gen_Borgelt,1,car,0.1861979166666666,0.006,1.04,32,2.95,2.95,wait4,32,True,0.0084,
fresh4,FGC_Stream,1,tictactoe,0.2346033402922756,0.2224,4.98,38,4.85,4.85,wait4,38,True,0.1984,
fresh4,Eclat_Gen_Borgelt,1,car,0.1861979166666666,0.0072,2.8,32,3.29,3.29,wait4,32,True,0.008,
fresh3,Talky_G,1,miniboone,0.0366261994095214,3.5192,1467.53,61939,1411.04,1411.04 1846.74 1288.62,wait4,61939,True,3.6465,
fresh4,DefMe,1,car,0.1861979166666666,0.2343,79.4,33,76.54,76.54 77.73 74.36,wait4,33,True,0.1886,
fresh4,FPgrowth_Gen_Borgelt,1,car,0.1861979166666666,0.0099,1.92,32,3.2,3.20,wait4,32,True,0.0084,
fresh4,Gr_growth,1,car,0.1861979166666666,0.0058,13.72,33,13.76,13.76,wait4,33,True,0.0098,
fresh4,Pascal,1,car,0.1861979166666666,0.2277,78.9,32,78.08,79.80 75.23 78.08,wait4,32,True,0.2509,
fresh4,TalkyG_Diffset,1,car,0.1861979166666666,0.2646,81.77,33,77.76,75.86 77.76 77.96,wait4,33,True,0.1761,
fresh4,Talky_G,1,car,0.1861979166666666,0.2407,78.5,33,77.62,77.62 78.16 77.07,wait4,33,True,0.1845,
fresh4,Zart,1,car,0.1861979166666666,0.2371,77.64,33,79.55,78.52 80.05 79.55,wait4,33,True,0.2176,
fresh4,Apriori_Gen_Borgelt,1,nursery,0.1666473765432098,0.0109,4.94,60,4.97,4.97,wait4,60,True,0.0134,
fresh4,FGC_Stream,1,car,0.1861979166666666,0.3397,5.22,33,5.02,5.02,wait4,33,True,0.318,
fresh4,Eclat_Gen_Borgelt,1,nursery,0.1666473765432098,0.0074,5.97,60,5.82,5.82,wait4,60,True,0.0127,
fresh4,DefMe,1,nursery,0.1666473765432098,0.2141,95.29,61,91.24,88.05 95.36 91.24,wait4,61,True,0.208,
fresh4,FPgrowth_Gen_Borgelt,1,nursery,0.1666473765432098,0.0085,4.67,60,4.61,4.61,wait4,60,True,0.0093,
fresh4,Gr_growth,1,nursery,0.1666473765432098,0.0094,14.51,61,14.38,14.38,wait4,61,True,0.0134,
fresh4,TalkyG_Diffset,1,nursery,0.1666473765432098,0.2384,96.72,61,97.23,91.43 97.23 97.46,wait4,61,True,0.223,
fresh4,Pascal,1,nursery,0.1666473765432098,0.3667,94.57,60,94.36,97.80 94.36 89.09,wait4,60,True,0.3114,
fresh4,Talky_G,1,nursery,0.1666473765432098,0.2926,86.06,61,94.16,93.59 95.38 94.16,wait4,61,True,0.2238,
fresh4,Apriori_Gen_Borgelt,1,shoppers,0.7468572587185726,0.0072,4.06,11,4.13,4.13,wait4,11,True,0.0115,
fresh4,Zart,1,nursery,0.1666473765432098,0.3421,91.04,61,98.67,96.77 98.95 98.67,wait4,61,True,0.363,
fresh4,Eclat_Gen_Borgelt,1,shoppers,0.7468572587185726,0.0072,4.22,11,4.43,4.43,wait4,11,True,0.0094,
fresh4,DefMe,1,shoppers,0.7468572587185726,0.2229,97.1,12,96.76,95.87 96.76 100.02,wait4,12,True,0.2565,
fresh4,FPgrowth_Gen_Borgelt,1,shoppers,0.7468572587185726,0.0112,4.08,11,4.09,4.09,wait4,11,True,0.0117,
fresh4,Gr_growth,1,shoppers,0.7468572587185726,0.0139,13.87,12,13.78,13.78,wait4,12,True,0.0125,
fresh4,Pascal,1,shoppers,0.7468572587185726,0.2261,104.11,11,100.48,100.48 94.55 101.41,wait4,11,True,0.2388,
fresh4,TalkyG_Diffset,1,shoppers,0.7468572587185726,0.2482,99.61,11,97.91,97.91 100.33 96.45,wait4,11,True,0.236,
fresh4,Talky_G,1,shoppers,0.7468572587185726,0.238,97.65,11,96.03,96.03 97.30 95.20,wait4,11,True,0.2499,
fresh4,Zart,1,shoppers,0.7468572587185726,0.2412,98.37,12,97.32,93.58 97.32 98.59,wait4,12,True,0.2451,
fresh4,Apriori_Gen_Borgelt,1,letter,0.1434875,0.0172,5.41,46,5.5,5.50,wait4,46,True,0.0196,
fresh4,DefMe,1,letter,0.1434875,0.2365,106.21,47,104.68,104.68 106.24 104.39,wait4,47,True,0.2146,
fresh4,Eclat_Gen_Borgelt,1,letter,0.1434875,0.0162,6.95,46,6.89,6.89,wait4,46,True,0.0253,
fresh4,FPgrowth_Gen_Borgelt,1,letter,0.1434875,0.0148,6.81,46,6.64,6.64,wait4,46,True,0.0185,
fresh4,Gr_growth,1,letter,0.1434875,0.0193,15.5,47,15.32,15.32,wait4,47,True,0.0208,
fresh4,Pascal,1,letter,0.1434875,0.4086,95.23,46,99.17,99.17 101.66 96.95,wait4,46,True,0.4336,
fresh4,TalkyG_Diffset,1,letter,0.1434875,0.267,102.84,47,104.79,109.00 103.28 104.79,wait4,47,True,0.2397,
fresh4,Talky_G,1,letter,0.1434875,0.2563,106.54,47,105.61,105.61 107.00 101.39,wait4,47,True,0.2392,
fresh4,Zart,1,letter,0.1434875,0.4997,193.29,47,196.2,196.40 195.90 196.20,wait4,47,True,0.4878,
fresh4,FGC_Stream,1,shoppers,0.7468572587185726,12.3058,26.59,12,26.04,26.04,wait4,12,True,13.3418,
fresh4,Apriori_Gen_Borgelt,1,krk,0.0697087966923296,0.0137,6.94,56,6.58,6.58,wait4,56,True,0.0193,
fresh4,DefMe,1,krk,0.0697087966923296,0.2247,98.75,57,95.91,95.91 94.14 98.14,wait4,57,True,0.2097,
fresh4,Eclat_Gen_Borgelt,1,krk,0.0697087966923296,0.0168,8.45,56,8.16,8.16,wait4,56,True,0.0145,
fresh4,FPgrowth_Gen_Borgelt,1,krk,0.0697087966923296,0.0103,7.34,56,6.98,6.98,wait4,56,True,0.0126,
fresh4,Gr_growth,1,krk,0.0697087966923296,0.0155,16.01,57,15.68,15.68,wait4,57,True,0.0153,
fresh4,Pascal,1,krk,0.0697087966923296,0.4272,96.07,56,97.16,98.83 97.16 96.11,wait4,56,True,0.4071,
fresh4,TalkyG_Diffset,1,krk,0.0697087966923296,0.2383,95.5,57,97.14,99.39 97.14 96.71,wait4,57,True,0.217,
fresh4,Talky_G,1,krk,0.0697087966923296,0.234,97.99,57,96.49,96.49 97.02 95.64,wait4,57,True,0.2173,
fresh4,Zart,1,krk,0.0697087966923296,0.5459,94.87,57,96.81,96.81 95.95 97.50,wait4,57,True,0.5571,
fresh4,FGC_Stream,1,nursery,0.1666473765432098,36.7312,16.35,61,16.05,16.05,wait4,61,True,36.6121,
fresh4,Apriori_Gen_Borgelt,1,adult,0.6756165351187002,0.0157,5.88,6,5.81,5.81,wait4,6,True,0.0169,
fresh4,DefMe,1,adult,0.6756165351187002,0.2474,110.8,7,105.68,111.40 105.68 103.17,wait4,7,True,0.2225,
fresh4,Eclat_Gen_Borgelt,1,adult,0.6756165351187002,0.0137,6.33,6,6.09,6.09,wait4,6,True,0.0174,
fresh4,FPgrowth_Gen_Borgelt,1,adult,0.6756165351187002,0.013,6.39,6,6.11,6.11,wait4,6,True,0.0163,
fresh4,Gr_growth,1,adult,0.6756165351187002,0.0136,13.87,7,13.6,13.60,wait4,7,True,0.0193,
fresh4,Pascal,1,adult,0.6756165351187002,0.2481,110.84,6,106.55,106.09 107.71 106.55,wait4,6,True,0.2307,
fresh4,TalkyG_Diffset,1,adult,0.6756165351187002,0.2713,110.77,6,107.01,107.01 108.29 105.65,wait4,6,True,0.2437,
fresh4,Talky_G,1,adult,0.6756165351187002,0.2712,112.23,6,108.06,108.06 106.21 109.16,wait4,6,True,0.2492,
fresh4,Zart,1,adult,0.6756165351187002,0.2918,109.6,7,119.23,115.71 121.27 119.23,wait4,7,True,0.2837,
fresh4,FGC_Stream,1,letter,0.1434875,42.8573,37.36,47,36.73,36.73,wait4,47,True,44.5307,
fresh4,Apriori_Gen_Borgelt,1,shuttle,0.2299942528735632,0.0145,6.07,25,5.83,5.83,wait4,25,True,0.0203,
fresh4,DefMe,1,shuttle,0.2299942528735632,0.2464,102.4,26,96.18,96.18 99.91 96.00,wait4,26,True,0.2213,
fresh4,Eclat_Gen_Borgelt,1,shuttle,0.2299942528735632,0.0185,6.07,25,5.96,5.96,wait4,25,True,0.0173,
fresh4,FPgrowth_Gen_Borgelt,1,shuttle,0.2299942528735632,0.0157,6.27,25,5.94,5.94,wait4,25,True,0.0171,
fresh4,Gr_growth,1,shuttle,0.2299942528735632,0.0137,13.87,26,13.61,13.61,wait4,26,True,0.0164,
fresh4,Pascal,1,shuttle,0.2299942528735632,0.2824,99.8,25,102.67,121.29 102.67 102.62,wait4,25,True,0.2576,
fresh4,TalkyG_Diffset,1,shuttle,0.2299942528735632,0.292,95.19,26,100.3,100.70 100.30 100.14,wait4,26,True,0.2471,
fresh4,Talky_G,1,shuttle,0.2299942528735632,0.2655,103.24,26,103.6,100.23 103.65 103.60,wait4,26,True,0.248,
fresh4,Zart,1,shuttle,0.2299942528735632,0.3182,108.46,26,128.92,114.14 133.12 128.92,wait4,26,True,0.2957,
fresh4,FGC_Stream,1,adult,0.6756165351187002,37.085,54.34,7,54.32,54.32,wait4,7,True,36.9737,
fresh4,Apriori_Gen_Borgelt,1,bank_full,0.8174725177501051,0.019,7.6,6,7.44,7.44,wait4,6,True,0.0282,
fresh4,DefMe,1,bank_full,0.8174725177501051,0.2772,115.56,7,112.52,112.70 111.23 112.52,wait4,7,True,0.2365,
fresh4,Eclat_Gen_Borgelt,1,bank_full,0.8174725177501051,0.0193,7.69,6,7.61,7.61,wait4,6,True,0.0245,
fresh4,FPgrowth_Gen_Borgelt,1,bank_full,0.8174725177501051,0.0194,7.66,6,7.36,7.36,wait4,6,True,0.0209,
fresh4,Gr_growth,1,bank_full,0.8174725177501051,0.0263,13.86,7,13.62,13.62,wait4,7,True,0.024,
fresh4,Pascal,1,bank_full,0.8174725177501051,0.2752,121.41,6,117.58,118.05 117.58 116.21,wait4,6,True,0.2404,
fresh4,TalkyG_Diffset,1,bank_full,0.8174725177501051,0.2929,110.3,6,112.12,112.12 113.41 110.96,wait4,6,True,0.2648,
fresh4,Talky_G,1,bank_full,0.8174725177501051,0.2928,109.13,6,114.92,115.21 114.69 114.92,wait4,6,True,0.2673,
fresh4,Zart,1,bank_full,0.8174725177501051,0.3108,113.14,7,118.98,118.75 118.98 119.35,wait4,7,True,0.2825,
fresh4,FGC_Stream,1,bank_full,0.8174725177501051,19.9207,82.46,7,82.38,82.38,wait4,7,True,18.312,
fresh4,Apriori_Gen_Borgelt,1,yearmsd,0.1262256352540531,3.296,398.34,466,398.04,398.04,wait4,466,True,3.3154,
fresh4,DefMe,1,yearmsd,0.1262256352540531,3.5056,3022.85,467,3028.25,3045.39 2972.30 3028.25,wait4,467,True,3.4999,
fresh4,Eclat_Gen_Borgelt,1,yearmsd,0.1262256352540531,8.2303,760.74,466,760.3,760.30,wait4,466,True,8.1712,
fresh4,FGC_Stream,1,krk,0.0697087966923296,70.3115,25.24,57,25.29,25.29,wait4,57,True,70.1552,
fresh4,FPgrowth_Gen_Borgelt,1,yearmsd,0.1262256352540531,18.9117,1892.64,466,1892.57,1892.57,wait4,466,True,19.4539,
fresh4,Gr_growth,1,yearmsd,0.1262256352540531,22.5402,1680.02,467,1679.69,1679.69,wait4,467,True,22.4256,
fresh4,TalkyG_Diffset,1,yearmsd,0.1262256352540531,5.9251,2786.83,467,2770.58,2763.96 2777.05 2770.58,wait4,467,True,5.9649,
fresh4,Talky_G,1,yearmsd,0.1262256352540531,5.905,2784.2,467,2791.28,2790.50 2791.28 2791.29,wait4,467,True,5.9284,
fresh4,Apriori_Gen_Borgelt,1,tictactoe,0.1584029227557411,0.0063,2.38,131,3.0,3.00,wait4,131,True,0.0084,
fresh4,DefMe,1,tictactoe,0.1584029227557411,0.1909,72.59,132,74.7,72.54 74.70 76.09,wait4,132,True,0.1752,
fresh4,Eclat_Gen_Borgelt,1,tictactoe,0.1584029227557411,0.0063,2.32,131,3.14,3.14,wait4,131,True,0.0076,
fresh4,FPgrowth_Gen_Borgelt,1,tictactoe,0.1584029227557411,0.0062,0.82,131,3.34,3.34,wait4,131,True,0.008,
fresh4,Gr_growth,1,tictactoe,0.1584029227557411,0.0087,13.98,132,13.75,13.75,wait4,132,True,0.0099,
fresh4,Pascal,1,tictactoe,0.1584029227557411,0.2008,80.73,131,77.34,77.14 80.63 77.34,wait4,131,True,0.1896,
fresh4,TalkyG_Diffset,1,tictactoe,0.1584029227557411,0.2158,81.49,132,76.82,76.13 76.82 76.89,wait4,132,True,0.1742,
fresh4,Talky_G,1,tictactoe,0.1584029227557411,0.1902,76.33,132,76.0,76.00 77.13 73.60,wait4,132,True,0.1788,
fresh4,Zart,1,tictactoe,0.1584029227557411,0.2295,89.98,132,85.82,93.23 85.82 85.30,wait4,132,True,0.2084,
fresh4,FGC_Stream,1,tictactoe,0.1584029227557411,0.3507,4.97,132,5.02,5.02,wait4,132,True,0.3447,
fresh4,Apriori_Gen_Borgelt,1,car,0.0831886574074074,0.0064,0.7,183,3.01,3.01,wait4,183,True,0.0084,
fresh4,DefMe,1,car,0.0831886574074074,0.1889,76.81,184,77.19,77.19 76.00 78.40,wait4,184,True,0.1707,
fresh4,Eclat_Gen_Borgelt,1,car,0.0831886574074074,0.0062,0.8,183,3.45,3.45,wait4,183,True,0.0079,
fresh4,FPgrowth_Gen_Borgelt,1,car,0.0831886574074074,0.0062,1.07,183,3.34,3.34,wait4,183,True,0.008,
fresh4,Gr_growth,1,car,0.0831886574074074,0.0061,13.98,184,13.61,13.61,wait4,184,True,0.0102,
fresh4,Pascal,1,car,0.0831886574074074,0.2132,90.5,183,89.55,91.54 89.55 85.26,wait4,183,True,0.1983,
fresh4,TalkyG_Diffset,1,car,0.0831886574074074,0.1953,79.48,184,78.5,78.12 78.50 80.56,wait4,184,True,0.1815,
fresh4,Talky_G,1,car,0.0831886574074074,0.1987,78.73,184,77.14,79.25 76.58 77.14,wait4,184,True,0.1827,
fresh4,Zart,1,car,0.0831886574074074,0.2773,84.58,184,85.31,83.59 92.44 85.31,wait4,184,True,0.2458,
fresh4,FGC_Stream,1,car,0.0831886574074074,0.4957,5.38,184,5.5,5.50,wait4,184,True,0.5094,
fresh4,Apriori_Gen_Borgelt,1,nursery,0.1110918209876543,0.0118,5.02,152,5.03,5.03,wait4,152,True,0.0113,
fresh4,DefMe,1,nursery,0.1110918209876543,0.2143,93.65,153,92.36,92.72 91.90 92.36,wait4,153,True,0.1994,
fresh4,Eclat_Gen_Borgelt,1,nursery,0.1110918209876543,0.013,6.09,152,5.65,5.65,wait4,152,True,0.0123,
fresh4,FPgrowth_Gen_Borgelt,1,nursery,0.1110918209876543,0.0093,4.91,152,4.95,4.95,wait4,152,True,0.0115,
fresh4,Gr_growth,1,nursery,0.1110918209876543,0.0094,14.47,153,14.38,14.38,wait4,153,True,0.0116,
fresh4,Pascal,1,nursery,0.1110918209876543,0.348,89.42,152,99.59,99.59 97.36 99.81,wait4,152,True,0.3368,
fresh4,TalkyG_Diffset,1,nursery,0.1110918209876543,0.2445,96.51,153,94.5,91.88 94.50 95.46,wait4,153,True,0.212,
fresh4,Talky_G,1,nursery,0.1110918209876543,0.2355,97.72,153,96.46,94.70 96.46 96.48,wait4,153,True,0.2168,
fresh4,Zart,1,nursery,0.1110918209876543,0.4223,109.71,153,120.75,120.75 123.11 119.43,wait4,153,True,0.3972,
fresh4,FGC_Stream,1,nursery,0.1110918209876543,48.015,16.2,153,15.96,15.96,wait4,153,True,49.0742,
fresh4,Apriori_Gen_Borgelt,1,shoppers,0.2178223844282238,0.0219,4.38,1193,3.97,3.97,wait4,1193,True,0.0231,
fresh4,DefMe,1,shoppers,0.2178223844282238,0.2292,115.14,1194,115.67,115.67 117.07 115.11,wait4,1194,True,0.2152,
fresh4,Eclat_Gen_Borgelt,1,shoppers,0.2178223844282238,0.0116,6.51,1193,6.09,6.09,wait4,1193,True,0.0145,
fresh4,FPgrowth_Gen_Borgelt,1,shoppers,0.2178223844282238,0.0099,6.11,1193,5.94,5.94,wait4,1193,True,0.0134,
fresh4,Gr_growth,1,shoppers,0.2178223844282238,0.0131,14.13,1194,13.88,13.88,wait4,1194,True,0.0154,
fresh4,Pascal,1,shoppers,0.2178223844282238,0.7502,104.82,1193,96.95,92.70 96.95 106.71,wait4,1193,True,0.6383,
fresh4,TalkyG_Diffset,1,shoppers,0.2178223844282238,0.2676,100.24,1193,96.31,96.31 98.02 94.71,wait4,1193,True,0.2392,
fresh4,Talky_G,1,shoppers,0.2178223844282238,0.2461,96.77,1193,96.26,97.64 94.14 96.26,wait4,1193,True,0.2366,
fresh4,Zart,1,shoppers,0.2178223844282238,2.269,225.21,1194,231.39,231.39 233.15 228.35,wait4,1194,True,2.2481,
fresh4,Apriori_Gen_Borgelt,1,letter,0.0615875,0.034,6.6,257,6.26,6.26,wait4,257,True,0.0348,
fresh4,DefMe,1,letter,0.0615875,0.2547,117.15,258,117.26,117.38 115.90 117.26,wait4,258,True,0.2323,
fresh4,Eclat_Gen_Borgelt,1,letter,0.0615875,0.0246,8.89,257,8.61,8.61,wait4,257,True,0.0322,
fresh4,FPgrowth_Gen_Borgelt,1,letter,0.0615875,0.0237,11.49,257,11.14,11.14,wait4,257,True,0.0279,
fresh4,Gr_growth,1,letter,0.0615875,0.0255,19.96,258,19.69,19.69,wait4,258,True,0.0322,
fresh4,Pascal,1,letter,0.0615875,1.8515,98.07,257,100.65,100.65 110.21 98.50,wait4,257,True,1.8261,
fresh4,TalkyG_Diffset,1,letter,0.0615875,0.2693,111.95,258,103.52,110.14 103.29 103.52,wait4,258,True,0.2419,
fresh4,Talky_G,1,letter,0.0615875,0.2728,112.16,258,110.01,110.69 110.01 108.93,wait4,258,True,0.2512,
fresh4,FGC_Stream,1,shuttle,0.2299942528735632,154.6731,50.55,26,50.1,50.10,wait4,26,True,142.4597,
fresh4,Apriori_Gen_Borgelt,1,krk,0.0409805389221556,0.0208,7.02,147,6.55,6.55,wait4,147,True,0.0176,
fresh4,DefMe,1,krk,0.0409805389221556,0.2261,100.72,148,97.64,96.13 97.64 97.87,wait4,148,True,0.2175,
fresh4,Eclat_Gen_Borgelt,1,krk,0.0409805389221556,0.0206,8.61,147,8.32,8.32,wait4,147,True,0.0174,
fresh4,FPgrowth_Gen_Borgelt,1,krk,0.0409805389221556,0.016,7.66,147,7.45,7.45,wait4,147,True,0.0136,
fresh4,Gr_growth,1,krk,0.0409805389221556,0.0139,16.28,148,16.1,16.10,wait4,148,True,0.0178,
fresh4,Zart,1,letter,0.0615875,2.3774,377.8,258,380.79,380.79 386.28 374.83,wait4,258,True,2.643,
fresh4,Pascal,1,krk,0.0409805389221556,0.5047,95.49,147,94.41,94.41 91.02 98.31,wait4,147,True,0.4836,
fresh4,TalkyG_Diffset,1,krk,0.0409805389221556,0.2507,109.46,148,97.68,97.68 99.51 96.64,wait4,148,True,0.2254,
fresh4,Talky_G,1,krk,0.0409805389221556,0.2331,97.38,148,98.68,98.68 97.83 100.24,wait4,148,True,0.2347,
fresh4,Zart,1,krk,0.0409805389221556,0.679,126.36,148,121.57,123.78 121.57 121.01,wait4,148,True,0.6683,
fresh4,Apriori_Gen_Borgelt,1,adult,0.1999861797856331,0.0237,6.56,195,6.11,6.11,wait4,195,True,0.0256,
fresh4,DefMe,1,adult,0.1999861797856331,0.2487,117.55,196,115.52,117.32 115.26 115.52,wait4,196,True,0.2348,
fresh4,Eclat_Gen_Borgelt,1,adult,0.1999861797856331,0.0203,7.7,195,7.45,7.45,wait4,195,True,0.0236,
fresh4,FPgrowth_Gen_Borgelt,1,adult,0.1999861797856331,0.0165,6.9,195,7.2,7.20,wait4,195,True,0.0198,
fresh4,Gr_growth,1,adult,0.1999861797856331,0.0173,14.23,196,13.89,13.89,wait4,196,True,0.0199,
fresh4,Pascal,1,adult,0.1999861797856331,0.5482,103.46,195,109.09,112.77 107.21 109.09,wait4,195,True,0.5131,
fresh4,TalkyG_Diffset,1,adult,0.1999861797856331,0.2704,112.97,195,111.58,112.33 111.58 111.09,wait4,195,True,0.2556,
fresh4,Talky_G,1,adult,0.1999861797856331,0.2645,112.24,195,110.76,110.76 109.98 113.93,wait4,195,True,0.256,
fresh4,Zart,1,adult,0.1999861797856331,1.9252,405.31,196,390.46,381.78 390.46 391.20,wait4,196,True,1.8557,
fresh4,FGC_Stream,1,krk,0.0409805389221556,106.585,24.98,148,24.71,24.71,wait4,148,True,102.6696,
fresh4,Apriori_Gen_Borgelt,1,shuttle,0.1327068965517241,0.0196,6.45,207,6.13,6.13,wait4,207,True,0.0261,
fresh4,DefMe,1,shuttle,0.1327068965517241,0.2528,107.46,208,105.75,108.52 104.79 105.75,wait4,208,True,0.2336,
fresh4,Eclat_Gen_Borgelt,1,shuttle,0.1327068965517241,0.018,6.66,207,6.98,6.98,wait4,207,True,0.0215,
fresh4,FPgrowth_Gen_Borgelt,1,shuttle,0.1327068965517241,0.0163,6.2,207,6.91,6.91,wait4,207,True,0.0197,
fresh4,Gr_growth,1,shuttle,0.1327068965517241,0.0241,14.24,208,14.07,14.07,wait4,208,True,0.0274,
fresh4,Pascal,1,shuttle,0.1327068965517241,0.6805,100.79,207,104.47,105.33 104.47 102.87,wait4,207,True,0.6769,
fresh4,TalkyG_Diffset,1,shuttle,0.1327068965517241,0.2817,100.13,208,101.61,102.36 101.61 100.93,wait4,208,True,0.2486,
fresh4,Talky_G,1,shuttle,0.1327068965517241,0.2584,105.58,208,101.02,103.73 101.02 100.88,wait4,208,True,0.2431,
fresh4,Zart,1,shuttle,0.1327068965517241,0.8677,128.68,208,148.12,150.18 142.75 148.12,wait4,208,True,0.8641,
fresh4,Apriori_Gen_Borgelt,1,bank_full,0.2128630200614894,0.0363,7.97,345,7.8,7.80,wait4,345,True,0.0381,
fresh4,DefMe,1,bank_full,0.2128630200614894,0.2776,127.74,346,125.5,125.50 130.54 125.03,wait4,346,True,0.2626,
fresh4,Eclat_Gen_Borgelt,1,bank_full,0.2128630200614894,0.0266,9.32,345,9.07,9.07,wait4,345,True,0.0339,
fresh4,FPgrowth_Gen_Borgelt,1,bank_full,0.2128630200614894,0.023,7.85,345,8.5,8.50,wait4,345,True,0.0263,
fresh4,Gr_growth,1,bank_full,0.2128630200614894,0.0291,14.13,346,13.91,13.91,wait4,346,True,0.0293,
fresh4,Pascal,1,bank_full,0.2128630200614894,0.6406,121.4,345,117.85,117.85 116.07 118.36,wait4,345,True,0.6176,
fresh4,TalkyG_Diffset,1,bank_full,0.2128630200614894,0.2977,114.6,345,115.56,115.56 116.16 114.46,wait4,345,True,0.2738,
fresh4,Talky_G,1,bank_full,0.2128630200614894,0.2818,114.9,345,115.23,115.23 117.21 112.88,wait4,345,True,0.2752,
fresh4,Zart,1,bank_full,0.2128630200614894,3.4403,313.32,346,315.82,317.18 315.82 310.64,wait4,346,True,3.4234,
fresh4,Apriori_Gen_Borgelt,1,yearmsd,0.1006854631363455,3.5751,398.45,571,397.96,397.96,wait4,571,True,3.5705,
fresh4,DefMe,1,yearmsd,0.1006854631363455,3.7691,2987.78,572,3039.48,3039.48 3015.56 3062.12,wait4,572,True,3.7941,
fresh4,Eclat_Gen_Borgelt,1,yearmsd,0.1006854631363455,8.862,761.07,571,760.69,760.69,wait4,571,True,8.8027,
fresh4,FGC_Stream,1,letter,0.0615875,171.4058,37.55,258,36.91,36.91,wait4,258,True,172.4097,
fresh4,FPgrowth_Gen_Borgelt,1,yearmsd,0.1006854631363455,19.9382,1892.98,571,1892.55,1892.55,wait4,571,True,20.6439,
fresh4,Gr_growth,1,yearmsd,0.1006854631363455,23.3846,1679.98,572,1679.54,1679.54,wait4,572,True,23.6657,
fresh4,TalkyG_Diffset,1,yearmsd,0.1006854631363455,5.924,2800.46,572,2805.62,2798.80 2848.05 2805.62,wait4,572,True,6.0155,
fresh4,Apriori_Gen_Borgelt,1,tictactoe,0.0581941544885177,0.0062,0.98,1032,3.05,3.05,wait4,1032,True,0.0077,
fresh4,DefMe,1,tictactoe,0.0581941544885177,0.2131,78.01,1033,75.84,76.00 75.84 72.33,wait4,1033,True,0.1704,
fresh4,Eclat_Gen_Borgelt,1,tictactoe,0.0581941544885177,0.0095,2.78,1032,4.34,4.34,wait4,1032,True,0.0083,
fresh4,FPgrowth_Gen_Borgelt,1,tictactoe,0.0581941544885177,0.0069,2.57,1032,4.75,4.75,wait4,1032,True,0.0072,
fresh4,Gr_growth,1,tictactoe,0.0581941544885177,0.0096,14.09,1033,13.91,13.91,wait4,1033,True,0.013,
fresh4,Pascal,1,tictactoe,0.0581941544885177,0.2846,74.27,1032,87.46,87.70 87.46 80.87,wait4,1032,True,0.248,
fresh4,TalkyG_Diffset,1,tictactoe,0.0581941544885177,0.2059,79.05,1033,77.2,79.11 77.20 75.79,wait4,1033,True,0.1905,
fresh4,Talky_G,1,tictactoe,0.0581941544885177,0.1959,74.98,1033,74.01,73.86 74.01 75.68,wait4,1033,True,0.1761,
fresh4,Zart,1,tictactoe,0.0581941544885177,0.4031,90.13,1033,99.91,99.91 100.09 99.83,wait4,1033,True,0.4391,
fresh4,FGC_Stream,1,tictactoe,0.0581941544885177,0.8623,6.03,1033,6.04,6.04,wait4,1033,True,0.8633,
fresh4,Apriori_Gen_Borgelt,1,car,0.0264756944444444,0.0064,1.77,794,3.2,3.20,wait4,794,True,0.0073,
fresh4,Talky_G,1,yearmsd,0.1006854631363455,5.9119,2783.35,572,2819.09,2819.09 2808.81 2830.50,wait4,572,True,6.1595,
fresh4,Eclat_Gen_Borgelt,1,car,0.0264756944444444,0.0098,2.5,794,3.8,3.80,wait4,794,True,0.0083,
fresh4,DefMe,1,car,0.0264756944444444,0.1857,78.91,795,79.35,79.35 78.05 82.61,wait4,795,True,0.2233,
fresh4,FPgrowth_Gen_Borgelt,1,car,0.0264756944444444,0.0061,2.85,794,3.99,3.99,wait4,794,True,0.0077,
fresh4,Gr_growth,1,car,0.0264756944444444,0.0089,13.89,795,13.76,13.76,wait4,795,True,0.0105,
fresh4,Pascal,1,car,0.0264756944444444,0.2525,83.97,794,83.95,82.10 83.95 84.39,wait4,794,True,0.2597,
fresh4,TalkyG_Diffset,1,car,0.0264756944444444,0.2156,80.84,795,79.25,73.52 79.25 80.21,wait4,795,True,0.1989,
fresh4,Talky_G,1,car,0.0264756944444444,0.1973,79.81,795,77.24,75.60 81.35 77.24,wait4,795,True,0.1849,
fresh4,Zart,1,car,0.0264756944444444,0.4028,116.76,795,121.18,111.45 129.50 121.18,wait4,795,True,0.4002,
fresh4,Apriori_Gen_Borgelt,1,nursery,0.0499807098765432,0.0108,5.05,621,4.9,4.90,wait4,621,True,0.0188,
fresh4,FGC_Stream,1,car,0.0264756944444444,0.845,6.0,795,6.11,6.11,wait4,795,True,0.9325,
fresh4,Eclat_Gen_Borgelt,1,nursery,0.0499807098765432,0.0174,6.48,621,6.14,6.14,wait4,621,True,0.0189,
fresh4,FPgrowth_Gen_Borgelt,1,nursery,0.0499807098765432,0.0119,6.49,621,6.31,6.31,wait4,621,True,0.0113,
fresh4,DefMe,1,nursery,0.0499807098765432,0.2149,95.44,622,91.68,93.81 91.68 90.93,wait4,622,True,0.2466,
fresh4,Gr_growth,1,nursery,0.0499807098765432,0.0116,14.73,622,14.54,14.54,wait4,622,True,0.0189,
fresh4,TalkyG_Diffset,1,nursery,0.0499807098765432,0.2429,97.76,622,98.33,99.41 98.33 97.20,wait4,622,True,0.235,
fresh4,Pascal,1,nursery,0.0499807098765432,0.5865,96.95,621,95.2,95.20 95.21 92.52,wait4,621,True,0.5949,
fresh4,Talky_G,1,nursery,0.0499807098765432,0.2357,100.83,622,94.91,96.54 92.60 94.91,wait4,622,True,0.237,
fresh4,Zart,1,nursery,0.0499807098765432,1.0791,127.92,622,133.46,128.07 136.71 133.46,wait4,622,True,1.0659,
fresh4,Apriori_Gen_Borgelt,1,shoppers,0.0338807785888077,0.3595,7.8,79912,7.77,7.77,wait4,79912,True,0.3639,
fresh4,DefMe,1,shoppers,0.0338807785888077,0.5204,496.78,79913,499.71,499.71 499.90 496.88,wait4,79913,True,0.5382,
fresh4,Eclat_Gen_Borgelt,1,shoppers,0.0338807785888077,0.0954,21.23,79912,20.96,20.96,wait4,79912,True,0.0971,
fresh4,FPgrowth_Gen_Borgelt,1,shoppers,0.0338807785888077,0.0505,27.07,79912,26.93,26.93,wait4,79912,True,0.0518,
fresh4,Gr_growth,1,shoppers,0.0338807785888077,0.0801,19.88,79913,19.52,19.52,wait4,79913,True,0.0774,
fresh4,TalkyG_Diffset,1,shoppers,0.0338807785888077,0.4746,266.32,80092,238.23,253.79 235.33 238.23,wait4,80092,True,0.4438,
fresh4,Talky_G,1,shoppers,0.0338807785888077,0.4504,230.61,80092,249.34,247.55 253.55 249.34,wait4,80092,True,0.4405,
fresh4,Pascal,1,shoppers,0.0338807785888077,22.2531,134.05,79912,135.62,135.08 137.02 135.62,wait4,79912,True,20.4157,
fresh4,FGC_Stream,1,nursery,0.0499807098765432,92.0876,16.77,622,15.8,15.80,wait4,622,True,92.4681,
fresh4,Apriori_Gen_Borgelt,1,letter,0.0253875,0.0495,7.05,1797,6.91,6.91,wait4,1797,True,0.0472,
fresh4,DefMe,1,letter,0.0253875,0.2724,158.31,1798,158.53,158.53 160.00 156.27,wait4,1798,True,0.2522,
fresh4,Eclat_Gen_Borgelt,1,letter,0.0253875,0.0393,10.67,1797,10.3,10.30,wait4,1797,True,0.0411,
fresh4,FPgrowth_Gen_Borgelt,1,letter,0.0253875,0.046,17.46,1797,17.39,17.39,wait4,1797,True,0.0414,
fresh4,Gr_growth,1,letter,0.0253875,0.0515,22.0,1798,21.72,21.72,wait4,1798,True,0.0483,
fresh4,Pascal,1,letter,0.0253875,5.4453,120.95,1797,111.71,111.71 115.20 107.93,wait4,1797,True,5.2832,
fresh4,TalkyG_Diffset,1,letter,0.0253875,0.278,117.21,1802,115.44,114.07 115.44 119.11,wait4,1802,True,0.2563,
fresh4,Talky_G,1,letter,0.0253875,0.331,109.8,1802,113.94,113.94 116.57 113.65,wait4,1802,True,0.2551,
fresh4,Zart,1,letter,0.0253875,11.2793,395.07,1798,405.02,404.21 408.02 405.02,wait4,1798,True,11.4909,
fresh4,Apriori_Gen_Borgelt,1,krk,0.0042326062161391,0.0226,7.19,3694,7.07,7.07,wait4,3694,True,0.0248,
fresh4,DefMe,1,krk,0.0042326062161391,0.2571,167.77,3695,168.6,167.12 169.61 168.60,wait4,3695,True,0.2456,
fresh4,Eclat_Gen_Borgelt,1,krk,0.0042326062161391,0.0304,11.14,3694,10.8,10.80,wait4,3694,True,0.0254,
fresh4,FPgrowth_Gen_Borgelt,1,krk,0.0042326062161391,0.0262,13.47,3694,13.78,13.78,wait4,3694,True,0.0244,
fresh4,Gr_growth,1,krk,0.0042326062161391,0.0224,16.68,3695,16.41,16.41,wait4,3695,True,0.0273,
fresh4,Pascal,1,krk,0.0042326062161391,2.3198,96.91,3694,100.01,100.01 98.25 100.16,wait4,3694,True,2.1696,
fresh4,TalkyG_Diffset,1,krk,0.0042326062161391,0.255,125.47,3695,134.73,139.11 134.73 127.49,wait4,3695,True,0.247,
fresh4,Talky_G,1,krk,0.0042326062161391,0.262,121.14,3695,140.87,131.93 146.26 140.87,wait4,3695,True,0.246,
fresh4,Zart,1,krk,0.0042326062161391,8.1115,135.33,3695,133.46,133.46 142.88 132.84,wait4,3695,True,8.1436,
fresh4,FGC_Stream,1,krk,0.0042326062161391,230.9086,29.39,3695,29.46,29.46,wait4,3695,True,231.1096,
fresh4,Apriori_Gen_Borgelt,1,adult,0.0176821964927367,0.1782,8.93,18311,8.54,8.54,wait4,18311,True,0.1929,
fresh4,DefMe,1,adult,0.0176821964927367,0.5011,499.19,18312,513.92,513.92 514.86 487.03,wait4,18312,True,0.4924,
fresh4,Eclat_Gen_Borgelt,1,adult,0.0176821964927367,0.0594,19.96,18311,19.35,19.35,wait4,18311,True,0.0619,
fresh4,FPgrowth_Gen_Borgelt,1,adult,0.0176821964927367,0.0464,21.4,18311,21.27,21.27,wait4,18311,True,0.0478,
fresh4,Gr_growth,1,adult,0.0176821964927367,0.0569,17.75,18312,17.34,17.34,wait4,18312,True,0.0471,
fresh4,Pascal,1,adult,0.0176821964927367,12.5958,118.98,18311,124.13,124.13 128.08 121.25,wait4,18311,True,12.622,
fresh4,TalkyG_Diffset,1,adult,0.0176821964927367,0.3537,154.37,18372,210.58,214.41 210.58 202.57,wait4,18372,True,0.336,
fresh4,Talky_G,1,adult,0.0176821964927367,0.3468,134.52,18372,209.29,216.36 209.29 203.77,wait4,18372,True,0.3234,
fresh4,FGC_Stream,1,letter,0.0253875,334.3325,39.27,1798,38.93,38.93,wait4,1798,True,328.299,
fresh4,Zart,1,adult,0.0176821964927367,318.737,444.92,18312,442.4,442.40 438.84 445.15,wait4,18312,True,316.6347,
fresh4,Apriori_Gen_Borgelt,1,shuttle,0.0043160919540229,0.0366,6.51,27220,6.3,6.30,wait4,27220,True,0.0446,
fresh4,DefMe,1,shuttle,0.0043160919540229,0.5131,512.09,27221,493.91,492.05 493.91 539.63,wait4,27221,True,0.4648,
fresh4,Eclat_Gen_Borgelt,1,shuttle,0.0043160919540229,0.0341,14.93,27220,14.62,14.62,wait4,27220,True,0.0367,
fresh4,FPgrowth_Gen_Borgelt,1,shuttle,0.0043160919540229,0.0366,15.94,27220,15.71,15.71,wait4,27220,True,0.0372,
fresh4,Gr_growth,1,shuttle,0.0043160919540229,0.0324,15.27,27221,15.0,15.00,wait4,27221,True,0.0368,
fresh4,Pascal,1,shuttle,0.0043160919540229,16.6497,119.88,27220,117.03,116.09 117.03 120.90,wait4,27220,True,16.5921,
fresh4,TalkyG_Diffset,1,shuttle,0.0043160919540229,0.4336,368.93,30374,392.16,391.98 392.16 395.62,wait4,30374,True,0.4174,
fresh4,Talky_G,1,shuttle,0.0043160919540229,0.3948,241.68,30374,252.76,250.89 252.76 253.60,wait4,30374,True,0.3546,
fresh4,Zart,1,shoppers,0.0338807785888077,583.2783,478.94,79913,476.2,480.90 474.19 476.20,wait4,79913,True,577.7556,
fresh4,Apriori_Gen_Borgelt,1,bank_full,0.0314912300103957,0.4248,12.9,22707,12.46,12.46,wait4,22707,True,0.4317,
fresh4,DefMe,1,bank_full,0.0314912300103957,0.6335,515.52,22708,513.23,553.24 513.23 508.66,wait4,22708,True,0.6228,
fresh4,Eclat_Gen_Borgelt,1,bank_full,0.0314912300103957,0.1291,26.73,22707,26.3,26.30,wait4,22707,True,0.1273,
fresh4,FPgrowth_Gen_Borgelt,1,bank_full,0.0314912300103957,0.0718,34.57,22707,33.98,33.98,wait4,22707,True,0.0745,
fresh4,Gr_growth,1,bank_full,0.0314912300103957,0.0902,22.91,22708,22.49,22.49,wait4,22708,True,0.0852,
fresh4,Pascal,1,bank_full,0.0314912300103957,19.5956,136.84,22707,141.91,140.78 145.34 141.91,wait4,22707,True,19.5605,
fresh4,TalkyG_Diffset,1,bank_full,0.0314912300103957,0.3967,280.91,22715,291.43,292.18 289.31 291.43,wait4,22715,True,0.3906,
fresh4,Talky_G,1,bank_full,0.0314912300103957,0.3659,152.43,22715,244.51,244.51 245.24 239.50,wait4,22715,True,0.3605,
fresh4,Zart,1,shuttle,0.0043160919540229,137.2946,399.49,27221,398.43,395.27 398.43 408.48,wait4,27221,True,137.0078,
fresh4,Apriori_Gen_Borgelt,1,yearmsd,0.0707792837807682,6.4557,398.73,1691,398.45,398.45,wait4,1691,True,6.4592,
fresh4,DefMe,1,yearmsd,0.0707792837807682,5.8793,2985.95,1692,3033.79,3024.22 3042.81 3033.79,wait4,1692,True,5.7809,
fresh4,Eclat_Gen_Borgelt,1,yearmsd,0.0707792837807682,11.7062,771.8,1691,771.41,771.41,wait4,1691,True,11.534,
fresh4,FPgrowth_Gen_Borgelt,1,yearmsd,0.0707792837807682,24.9319,1993.32,1691,1993.01,1993.01,wait4,1691,True,24.8915,
fresh4,Gr_growth,1,yearmsd,0.0707792837807682,29.2883,1696.24,1692,1695.78,1695.78,wait4,1692,True,28.0496,
fresh4,TalkyG_Diffset,1,yearmsd,0.0707792837807682,6.0979,3018.61,1692,3011.56,3003.12 3011.56 3070.56,wait4,1692,True,6.0807,
fresh4,Talky_G,1,yearmsd,0.0707792837807682,6.0943,2997.03,1692,3010.85,3009.79 3010.85 3047.09,wait4,1692,True,6.0668,
fresh4,Apriori_Gen_Borgelt,1,shoppers,0.002250608272506,4.8203,131.9,3549329,131.55,131.55,wait4,3549329,True,4.6654,
fresh4,DefMe,1,shoppers,0.002250608272506,12.6091,917.8,3549330,742.77,915.90 740.73 742.77,wait4,3549330,True,12.0436,
fresh4,Eclat_Gen_Borgelt,1,shoppers,0.002250608272506,2.243,314.28,3549329,315.32,315.32,wait4,3549329,True,2.2558,
fresh4,FPgrowth_Gen_Borgelt,1,shoppers,0.002250608272506,1.7049,309.52,3549329,326.27,326.27,wait4,3549329,True,1.7006,
fresh4,Gr_growth,1,shoppers,0.002250608272506,2.1615,169.67,3549330,171.72,171.72,wait4,3549330,True,2.1281,
fresh4,Apriori_Gen_Borgelt,1,letter,0.0082875,0.1022,8.43,18612,8.02,8.02,wait4,18612,True,0.1077,
fresh4,DefMe,1,letter,0.0082875,0.4081,379.59,18613,383.31,382.37 383.31 387.39,wait4,18613,True,0.3788,
fresh4,Eclat_Gen_Borgelt,1,letter,0.0082875,0.0972,17.85,18612,17.55,17.55,wait4,18612,True,0.0938,
fresh4,FPgrowth_Gen_Borgelt,1,letter,0.0082875,0.0918,51.3,18612,50.93,50.93,wait4,18612,True,0.1003,
fresh4,Gr_growth,1,letter,0.0082875,0.0989,23.18,18613,22.82,22.82,wait4,18613,True,0.1008,
fresh4,Pascal,1,letter,0.0082875,32.6666,122.21,18612,124.96,124.96 128.89 118.64,wait4,18612,True,31.2852,
fresh4,TalkyG_Diffset,1,letter,0.0082875,0.4105,383.3,18792,383.57,382.37 396.55 383.57,wait4,18792,True,0.3894,
fresh4,Talky_G,1,letter,0.0082875,0.4143,350.55,18792,364.48,364.55 364.48 359.35,wait4,18792,True,0.4002,
fresh4,Zart,1,bank_full,0.0314912300103957,319.0143,422.11,22708,437.59,447.11 437.59 436.15,wait4,22708,True,314.8805,
fresh4,Apriori_Gen_Borgelt,1,krk,0.0019514542343883,0.0343,7.52,9836,7.39,7.39,wait4,9836,True,0.0301,
fresh4,DefMe,1,krk,0.0019514542343883,0.3206,250.14,9837,269.83,268.39 269.83 281.75,wait4,9837,True,0.3011,
fresh4,Eclat_Gen_Borgelt,1,krk,0.0019514542343883,0.0276,15.16,9836,15.09,15.09,wait4,9836,True,0.0378,
fresh4,FPgrowth_Gen_Borgelt,1,krk,0.0019514542343883,0.0248,17.93,9836,17.87,17.87,wait4,9836,True,0.0284,
fresh4,Gr_growth,1,krk,0.0019514542343883,0.0334,16.89,9837,16.57,16.57,wait4,9837,True,0.0312,
fresh4,Pascal,1,krk,0.0019514542343883,4.1152,96.54,9836,102.55,99.25 110.16 102.55,wait4,9836,True,4.1998,
fresh4,TalkyG_Diffset,1,krk,0.0019514542343883,0.2945,192.65,9837,201.76,201.76 208.16 193.68,wait4,9837,True,0.2923,
fresh4,Talky_G,1,krk,0.0019514542343883,0.3032,191.93,9837,199.62,204.53 199.62 198.46,wait4,9837,True,0.294,
fresh4,Zart,1,letter,0.0082875,129.4162,540.93,18613,555.38,548.49 555.38 678.75,wait4,18613,True,126.7698,
fresh4,Apriori_Gen_Borgelt,1,adult,0.0004837075028408,0.9702,47.36,1074688,47.07,47.07,wait4,1074688,True,0.9252,
fresh4,Zart,1,krk,0.0019514542343883,23.3557,161.64,9837,162.46,162.65 159.73 162.46,wait4,9837,True,23.526,
fresh4,Eclat_Gen_Borgelt,1,adult,0.0004837075028408,0.6672,92.39,1074688,112.73,112.73,wait4,1074688,True,0.6943,
fresh4,FPgrowth_Gen_Borgelt,1,adult,0.0004837075028408,0.5195,111.26,1074688,119.96,119.96,wait4,1074688,True,0.5575,
fresh4,Gr_growth,1,adult,0.0004837075028408,0.6034,53.75,1074689,55.79,55.79,wait4,1074689,True,0.6291,
fresh4,DefMe,1,adult,0.0004837075028408,12.5822,768.68,1074689,770.56,794.64 759.54 770.56,wait4,1074689,True,12.5894,
fresh4,FGC_Stream,1,krk,0.0019514542343883,266.7521,37.45,9837,37.49,37.49,wait4,9837,True,347.2892,
fresh4,TalkyG_Diffset,1,adult,0.0004837075028408,191.0628,459.72,1079268,470.96,470.96 474.57 467.70,wait4,1079268,True,185.0798,
fresh4,Apriori_Gen_Borgelt,1,bank_full,0.0019630178496383,3.3988,59.95,1441871,59.42,59.42,wait4,1441871,True,3.735,
fresh4,DefMe,1,bank_full,0.0019630178496383,22.989,921.77,1441872,821.01,863.93 818.11 821.01,wait4,1441872,True,23.5706,
fresh4,Eclat_Gen_Borgelt,1,bank_full,0.0019630178496383,1.1148,139.25,1441871,141.59,141.59,wait4,1441871,True,1.1966,
fresh4,FPgrowth_Gen_Borgelt,1,bank_full,0.0019630178496383,0.7642,146.02,1441871,162.97,162.97,wait4,1441871,True,0.8493,
fresh4,Gr_growth,1,bank_full,0.0019630178496383,0.961,81.56,1441872,85.32,85.32,wait4,1441872,True,1.0384,
fresh4,Talky_G,1,adult,0.0004837075028408,188.509,457.73,1079268,473.51,473.51 477.42 472.20,wait4,1079268,True,211.5967,
fresh4,TalkyG_Diffset,1,bank_full,0.0019630178496383,132.9526,589.89,1443226,588.84,588.09 594.11 588.84,wait4,1443226,True,141.7497,
fresh4,Apriori_Gen_Borgelt,1,yearmsd,0.0552654047288709,22.1937,399.64,6736,399.07,399.07,wait4,6736,True,22.2913,
fresh4,DefMe,1,yearmsd,0.0552654047288709,14.29,3105.76,6737,3056.11,3079.88 3020.39 3056.11,wait4,6737,True,15.1135,
fresh4,Eclat_Gen_Borgelt,1,yearmsd,0.0552654047288709,18.6161,792.98,6736,792.62,792.62,wait4,6736,True,19.4957,
fresh4,FPgrowth_Gen_Borgelt,1,yearmsd,0.0552654047288709,39.9628,3807.7,6736,3807.36,3807.36,wait4,6736,True,44.4678,
fresh4,Gr_growth,1,yearmsd,0.0552654047288709,49.2876,1771.84,6737,1771.57,1771.57,wait4,6737,True,56.0374,
fresh4,TalkyG_Diffset,1,yearmsd,0.0552654047288709,7.0946,3053.76,6737,3046.89,3035.09 3046.89 3074.96,wait4,6737,True,7.2398,
fresh4,Talky_G,1,yearmsd,0.0552654047288709,7.0846,3070.5,6737,3097.61,3097.61 3104.56 3030.55,wait4,6737,True,7.1533,
fresh4,Apriori_Gen_Borgelt,1,letter,0.0008375,1.8053,86.3,1339250,85.64,85.64,wait4,1339250,True,2.0276,
fresh4,DefMe,1,letter,0.0008375,6.2694,843.25,1339251,837.99,700.13 860.07 837.99,wait4,1339251,True,6.5385,
fresh4,Eclat_Gen_Borgelt,1,letter,0.0008375,1.0765,108.68,1339250,116.78,116.78,wait4,1339250,True,1.1365,
fresh4,FPgrowth_Gen_Borgelt,1,letter,0.0008375,0.8946,168.57,1339250,171.55,171.55,wait4,1339250,True,0.955,
fresh4,Gr_growth,1,letter,0.0008375,1.1374,65.66,1339251,77.04,77.04,wait4,1339251,True,1.2425,
fresh4,Talky_G,1,bank_full,0.0019630178496383,127.8616,497.87,1443226,500.46,587.13 497.73 500.46,wait4,1443226,True,123.2236,
fresh4,Apriori_Gen_Borgelt,1,yearmsd,0.0457785561128952,97.2315,404.05,24596,403.64,403.64,wait4,24596,True,98.1806,
fresh4,DefMe,1,yearmsd,0.0457785561128952,37.8887,3006.43,24597,3070.39,3070.39 3107.57 3017.86,wait4,24597,True,37.7529,
fresh4,Eclat_Gen_Borgelt,1,yearmsd,0.0457785561128952,38.5119,809.75,24596,809.3,809.30,wait4,24596,True,39.2023,
fresh4,TalkyG_Diffset,1,yearmsd,0.0457785561128952,12.9875,3093.42,24597,3016.31,3002.51 3049.55 3016.31,wait4,24597,True,12.7783,
fresh4,Talky_G,1,yearmsd,0.0457785561128952,12.7164,3056.22,24597,3038.34,3036.62 3137.47 3038.34,wait4,24597,True,12.5208,
fresh4,Gr_growth,1,yearmsd,0.0457785561128952,125.2405,1870.38,24597,1869.86,1869.86,wait4,24597,True,125.183,
