algorithm,category,dataset,param_name,param_value,runtime_s,peak_memory_mb,generator_count,timed_out,error,timestamp,n_tx,n_items,target_pairs,role,machine
Apriori_Gen_Borgelt,1,oml_mfeat_morphological,minsup,0.197875,0.0108,3.07,33,False,,20261003_165100,2000,41,10,extension,Linux x86_64
DefMe,1,oml_mfeat_morphological,minsup,0.197875,0.2054,78.37,34,False,,20261003_165100,2000,41,10,extension,Linux x86_64
Eclat_Gen_Borgelt,1,oml_mfeat_morphological,minsup,0.197875,0.0078,3.14,33,False,,20261003_165101,2000,41,10,extension,Linux x86_64
FPgrowth_Gen_Borgelt,1,oml_mfeat_morphological,minsup,0.197875,0.007,3.35,33,False,,20261003_165101,2000,41,10,extension,Linux x86_64
Gr_growth,1,oml_mfeat_morphological,minsup,0.197875,0.0079,13.59,34,False,,20261003_165101,2000,41,10,extension,Linux x86_64
TalkyG_Diffset,1,oml_mfeat_morphological,minsup,0.197875,0.2118,76.38,34,False,,20261003_165101,2000,41,10,extension,Linux x86_64
Pascal,1,oml_mfeat_morphological,minsup,0.197875,0.3449,78.27,33,False,,20261003_165101,2000,41,10,extension,Linux x86_64
Talky_G,1,oml_mfeat_morphological,minsup,0.197875,0.2431,78.37,34,False,,20261003_165102,2000,41,10,extension,Linux x86_64
Zart,1,oml_mfeat_morphological,minsup,0.197875,0.236,76.0,34,False,,20261003_165102,2000,41,10,extension,Linux x86_64
Apriori_Gen_Borgelt,1,oml_cmc,minsup,0.36914460285132383,0.0105,3.13,23,False,,20261003_165102,1473,45,10,extension,Linux x86_64
FGC_Stream,1,oml_mfeat_morphological,minsup,0.197875,0.1089,5.48,34,False,,20261003_165102,2000,41,10,extension,Linux x86_64
Eclat_Gen_Borgelt,1,oml_cmc,minsup,0.36914460285132383,0.0112,3.18,23,False,,20261003_165102,1473,45,10,extension,Linux x86_64
DefMe,1,oml_cmc,minsup,0.36914460285132383,0.2495,74.3,24,False,,20261003_165103,1473,45,10,extension,Linux x86_64
FPgrowth_Gen_Borgelt,1,oml_cmc,minsup,0.36914460285132383,0.0065,3.12,23,False,,20261003_165103,1473,45,10,extension,Linux x86_64
Gr_growth,1,oml_cmc,minsup,0.36914460285132383,0.0086,13.76,24,False,,20261003_165103,1473,45,10,extension,Linux x86_64
Pascal,1,oml_cmc,minsup,0.36914460285132383,0.3005,81.39,23,False,,20261003_165103,1473,45,10,extension,Linux x86_64
TalkyG_Diffset,1,oml_cmc,minsup,0.36914460285132383,0.2174,78.45,24,False,,20261003_165103,1473,45,10,extension,Linux x86_64
Talky_G,1,oml_cmc,minsup,0.36914460285132383,0.2559,74.06,24,False,,20261003_165104,1473,45,10,extension,Linux x86_64
Zart,1,oml_cmc,minsup,0.36914460285132383,0.2126,78.52,24,False,,20261003_165104,1473,45,10,extension,Linux x86_64
Apriori_Gen_Borgelt,1,oml_pendigits,minsup,0.1784707059679767,0.0149,4.48,83,False,,20261003_165104,10992,82,10,extension,Linux x86_64
FGC_Stream,1,oml_cmc,minsup,0.36914460285132383,0.182,5.47,24,False,,20261003_165104,1473,45,10,extension,Linux x86_64
Eclat_Gen_Borgelt,1,oml_pendigits,minsup,0.1784707059679767,0.0175,6.27,83,False,,20261003_165104,10992,82,10,extension,Linux x86_64
DefMe,1,oml_pendigits,minsup,0.1784707059679767,0.2489,96.4,84,False,,20261003_165105,10992,82,10,extension,Linux x86_64
FPgrowth_Gen_Borgelt,1,oml_pendigits,minsup,0.1784707059679767,0.0133,7.77,83,False,,20261003_165105,10992,82,10,extension,Linux x86_64
Gr_growth,1,oml_pendigits,minsup,0.1784707059679767,0.0218,17.04,84,False,,20261003_165105,10992,82,10,extension,Linux x86_64
TalkyG_Diffset,1,oml_pendigits,minsup,0.1784707059679767,0.273,97.94,84,False,,20261003_165106,10992,82,10,extension,Linux x86_64
Pascal,1,oml_pendigits,minsup,0.1784707059679767,0.7104,90.64,83,False,,20261003_165106,10992,82,10,extension,Linux x86_64
Talky_G,1,oml_pendigits,minsup,0.1784707059679767,0.3189,94.5,84,False,,20261003_165106,10992,82,10,extension,Linux x86_64
Zart,1,oml_pendigits,minsup,0.1784707059679767,0.8606,107.74,84,False,,20261003_165107,10992,82,10,extension,Linux x86_64
Apriori_Gen_Borgelt,1,oml_electricity,minsup,0.20020634710451976,0.0158,6.1,29,False,,20261003_165107,45312,41,10,extension,Linux x86_64
DefMe,1,oml_electricity,minsup,0.20020634710451976,0.2805,98.45,30,False,,20261003_165108,45312,41,10,extension,Linux x86_64
Eclat_Gen_Borgelt,1,oml_electricity,minsup,0.20020634710451976,0.0159,6.26,29,False,,20261003_165108,45312,41,10,extension,Linux x86_64
FPgrowth_Gen_Borgelt,1,oml_electricity,minsup,0.20020634710451976,0.0182,6.11,29,False,,20261003_165108,45312,41,10,extension,Linux x86_64
Gr_growth,1,oml_electricity,minsup,0.20020634710451976,0.0162,13.61,30,False,,20261003_165108,45312,41,10,extension,Linux x86_64
Pascal,1,oml_electricity,minsup,0.20020634710451976,0.3628,107.89,29,False,,20261003_165109,45312,41,10,extension,Linux x86_64
TalkyG_Diffset,1,oml_electricity,minsup,0.20020634710451976,0.293,99.82,30,False,,20261003_165110,45312,41,10,extension,Linux x86_64
Talky_G,1,oml_electricity,minsup,0.20020634710451976,0.2884,98.92,30,False,,20261003_165110,45312,41,10,extension,Linux x86_64
Zart,1,oml_electricity,minsup,0.20020634710451976,0.4126,133.77,30,False,,20261003_165111,45312,41,10,extension,Linux x86_64
FGC_Stream,1,oml_electricity,minsup,0.20020634710451976,12.1653,45.94,30,False,,20261003_165123,45312,41,10,extension,Linux x86_64
Apriori_Gen_Borgelt,1,oml_satimage,minsup,0.18238724727838257,0.021,4.82,173,False,,20261003_165123,6430,186,10,extension,Linux x86_64
DefMe,1,oml_satimage,minsup,0.18238724727838257,0.2443,94.61,174,False,,20261003_165124,6430,186,10,extension,Linux x86_64
Eclat_Gen_Borgelt,1,oml_satimage,minsup,0.18238724727838257,0.024,6.57,173,False,,20261003_165124,6430,186,10,extension,Linux x86_64
FPgrowth_Gen_Borgelt,1,oml_satimage,minsup,0.18238724727838257,0.0276,10.05,173,False,,20261003_165124,6430,186,10,extension,Linux x86_64
Gr_growth,1,oml_satimage,minsup,0.18238724727838257,0.0278,19.54,174,False,,20261003_165125,6430,186,10,extension,Linux x86_64
Pascal,1,oml_satimage,minsup,0.18238724727838257,2.3056,92.49,173,False,,20261003_165127,6430,186,10,extension,Linux x86_64
TalkyG_Diffset,1,oml_satimage,minsup,0.18238724727838257,0.2753,96.84,174,False,,20261003_165128,6430,186,10,extension,Linux x86_64
Talky_G,1,oml_satimage,minsup,0.18238724727838257,0.3132,97.96,174,False,,20261003_165128,6430,186,10,extension,Linux x86_64
Zart,1,oml_satimage,minsup,0.18238724727838257,3.112,374.32,174,False,,20261003_165132,6430,186,10,extension,Linux x86_64
FGC_Stream,1,oml_pendigits,minsup,0.1784707059679767,38.8389,21.41,84,False,,20261003_165145,10992,82,10,extension,Linux x86_64
Apriori_Gen_Borgelt,1,oml_eucalyptus,minsup,0.26052989130434784,0.0075,3.0,20,False,,20261003_165145,736,154,10,extension,Linux x86_64
DefMe,1,oml_eucalyptus,minsup,0.26052989130434784,0.1967,76.19,21,False,,20261003_165146,736,154,10,extension,Linux x86_64
Eclat_Gen_Borgelt,1,oml_eucalyptus,minsup,0.26052989130434784,0.01,3.14,20,False,,20261003_165146,736,154,10,extension,Linux x86_64
FPgrowth_Gen_Borgelt,1,oml_eucalyptus,minsup,0.26052989130434784,0.0091,3.19,20,False,,20261003_165146,736,154,10,extension,Linux x86_64
Gr_growth,1,oml_eucalyptus,minsup,0.26052989130434784,0.0083,13.75,21,False,,20261003_165147,736,154,10,extension,Linux x86_64
Pascal,1,oml_eucalyptus,minsup,0.26052989130434784,0.2437,79.14,20,False,,20261003_165147,736,154,10,extension,Linux x86_64
TalkyG_Diffset,1,oml_eucalyptus,minsup,0.26052989130434784,0.255,80.5,21,False,,20261003_165148,736,154,10,extension,Linux x86_64
Talky_G,1,oml_eucalyptus,minsup,0.26052989130434784,0.2481,73.55,21,False,,20261003_165148,736,154,10,extension,Linux x86_64
Zart,1,oml_eucalyptus,minsup,0.26052989130434784,0.2856,77.54,21,False,,20261003_165149,736,154,10,extension,Linux x86_64
FGC_Stream,1,oml_eucalyptus,minsup,0.26052989130434784,0.0487,5.01,21,False,,20261003_165149,736,154,10,extension,Linux x86_64
Apriori_Gen_Borgelt,1,oml_analcatdata_dmft,minsup,0.10759096612296111,0.0088,2.92,29,False,,20261003_165149,797,27,10,extension,Linux x86_64
DefMe,1,oml_analcatdata_dmft,minsup,0.10759096612296111,0.2294,74.98,30,False,,20261003_165150,797,27,10,extension,Linux x86_64
Eclat_Gen_Borgelt,1,oml_analcatdata_dmft,minsup,0.10759096612296111,0.0081,3.0,29,False,,20261003_165150,797,27,10,extension,Linux x86_64
FPgrowth_Gen_Borgelt,1,oml_analcatdata_dmft,minsup,0.10759096612296111,0.0083,3.02,29,False,,20261003_165150,797,27,10,extension,Linux x86_64
Gr_growth,1,oml_analcatdata_dmft,minsup,0.10759096612296111,0.011,13.6,30,False,,20261003_165150,797,27,10,extension,Linux x86_64
Pascal,1,oml_analcatdata_dmft,minsup,0.10759096612296111,0.2364,76.46,29,False,,20261003_165151,797,27,10,extension,Linux x86_64
TalkyG_Diffset,1,oml_analcatdata_dmft,minsup,0.10759096612296111,0.2431,78.66,30,False,,20261003_165151,797,27,10,extension,Linux x86_64
Talky_G,1,oml_analcatdata_dmft,minsup,0.10759096612296111,0.2231,72.72,30,False,,20261003_165152,797,27,10,extension,Linux x86_64
Zart,1,oml_analcatdata_dmft,minsup,0.10759096612296111,0.2471,76.09,30,False,,20261003_165152,797,27,10,extension,Linux x86_64
FGC_Stream,1,oml_analcatdata_dmft,minsup,0.10759096612296111,0.0521,4.39,30,False,,20261003_165153,797,27,10,extension,Linux x86_64
Apriori_Gen_Borgelt,1,oml_pc4,minsup,0.6822702331961591,0.007,3.18,17,False,,20261003_165153,1458,161,10,extension,Linux x86_64
DefMe,1,oml_pc4,minsup,0.6822702331961591,0.2599,80.65,18,False,,20261003_165154,1458,161,10,extension,Linux x86_64
Eclat_Gen_Borgelt,1,oml_pc4,minsup,0.6822702331961591,0.0086,3.32,17,False,,20261003_165154,1458,161,10,extension,Linux x86_64
FPgrowth_Gen_Borgelt,1,oml_pc4,minsup,0.6822702331961591,0.0071,3.37,17,False,,20261003_165154,1458,161,10,extension,Linux x86_64
Gr_growth,1,oml_pc4,minsup,0.6822702331961591,0.0155,13.76,18,False,,20261003_165154,1458,161,10,extension,Linux x86_64
Pascal,1,oml_pc4,minsup,0.6822702331961591,0.2559,78.85,17,False,,20261003_165155,1458,161,10,extension,Linux x86_64
TalkyG_Diffset,1,oml_pc4,minsup,0.6822702331961591,0.2694,83.95,18,False,,20261003_165155,1458,161,10,extension,Linux x86_64
Talky_G,1,oml_pc4,minsup,0.6822702331961591,0.286,85.0,18,False,,20261003_165156,1458,161,10,extension,Linux x86_64
Zart,1,oml_pc4,minsup,0.6822702331961591,0.2613,85.25,18,False,,20261003_165156,1458,161,10,extension,Linux x86_64
FGC_Stream,1,oml_pc4,minsup,0.6822702331961591,0.1752,9.04,18,False,,20261003_165157,1458,161,10,extension,Linux x86_64
Apriori_Gen_Borgelt,1,oml_banknote_authentication,minsup,0.12591107871720117,0.0077,2.89,33,False,,20261003_165157,1372,22,10,extension,Linux x86_64
DefMe,1,oml_banknote_authentication,minsup,0.12591107871720117,0.2196,70.77,34,False,,20261003_165158,1372,22,10,extension,Linux x86_64
Eclat_Gen_Borgelt,1,oml_banknote_authentication,minsup,0.12591107871720117,0.0088,3.21,33,False,,20261003_165158,1372,22,10,extension,Linux x86_64
FPgrowth_Gen_Borgelt,1,oml_banknote_authentication,minsup,0.12591107871720117,0.0071,3.18,33,False,,20261003_165158,1372,22,10,extension,Linux x86_64
Gr_growth,1,oml_banknote_authentication,minsup,0.12591107871720117,0.0086,13.6,34,False,,20261003_165158,1372,22,10,extension,Linux x86_64
Pascal,1,oml_banknote_authentication,minsup,0.12591107871720117,0.2622,76.51,33,False,,20261003_165159,1372,22,10,extension,Linux x86_64
TalkyG_Diffset,1,oml_banknote_authentication,minsup,0.12591107871720117,0.2339,72.02,34,False,,20261003_165159,1372,22,10,extension,Linux x86_64
Talky_G,1,oml_banknote_authentication,minsup,0.12591107871720117,0.2336,73.57,34,False,,20261003_165200,1372,22,10,extension,Linux x86_64
Zart,1,oml_banknote_authentication,minsup,0.12591107871720117,0.2584,72.1,34,False,,20261003_165200,1372,22,10,extension,Linux x86_64
FGC_Stream,1,oml_banknote_authentication,minsup,0.12591107871720117,0.0947,4.73,34,False,,20261003_165201,1372,22,10,extension,Linux x86_64
Apriori_Gen_Borgelt,1,oml_blood_transfusion_service_center,minsup,0.16009358288770054,0.008,2.86,28,False,,20261003_165201,748,20,10,extension,Linux x86_64
DefMe,1,oml_blood_transfusion_service_center,minsup,0.16009358288770054,0.2363,75.32,29,False,,20261003_165201,748,20,10,extension,Linux x86_64
Eclat_Gen_Borgelt,1,oml_blood_transfusion_service_center,minsup,0.16009358288770054,0.0076,2.98,28,False,,20261003_165202,748,20,10,extension,Linux x86_64
FPgrowth_Gen_Borgelt,1,oml_blood_transfusion_service_center,minsup,0.16009358288770054,0.0074,3.16,28,False,,20261003_165202,748,20,10,extension,Linux x86_64
Gr_growth,1,oml_blood_transfusion_service_center,minsup,0.16009358288770054,0.0107,13.79,29,False,,20261003_165202,748,20,10,extension,Linux x86_64
Pascal,1,oml_blood_transfusion_service_center,minsup,0.16009358288770054,0.2169,71.08,28,False,,20261003_165203,748,20,10,extension,Linux x86_64
TalkyG_Diffset,1,oml_blood_transfusion_service_center,minsup,0.16009358288770054,0.2399,73.86,29,False,,20261003_165203,748,20,10,extension,Linux x86_64
Talky_G,1,oml_blood_transfusion_service_center,minsup,0.16009358288770054,0.2211,71.66,29,False,,20261003_165204,748,20,10,extension,Linux x86_64
Zart,1,oml_blood_transfusion_service_center,minsup,0.16009358288770054,0.2609,76.77,29,False,,20261003_165204,748,20,10,extension,Linux x86_64
FGC_Stream,1,oml_blood_transfusion_service_center,minsup,0.16009358288770054,0.039,4.53,29,False,,20261003_165204,748,20,10,extension,Linux x86_64
Apriori_Gen_Borgelt,1,oml_ilpd,minsup,0.18825042881646656,0.0078,3.0,49,False,,20261003_165205,583,48,10,extension,Linux x86_64
DefMe,1,oml_ilpd,minsup,0.18825042881646656,0.2566,74.87,50,False,,20261003_165205,583,48,10,extension,Linux x86_64
Eclat_Gen_Borgelt,1,oml_ilpd,minsup,0.18825042881646656,0.0081,3.21,49,False,,20261003_165205,583,48,10,extension,Linux x86_64
FPgrowth_Gen_Borgelt,1,oml_ilpd,minsup,0.18825042881646656,0.0126,3.32,49,False,,20261003_165206,583,48,10,extension,Linux x86_64
Gr_growth,1,oml_ilpd,minsup,0.18825042881646656,0.0108,13.75,50,False,,20261003_165206,583,48,10,extension,Linux x86_64
Pascal,1,oml_ilpd,minsup,0.18825042881646656,0.2514,77.75,49,False,,20261003_165207,583,48,10,extension,Linux x86_64
FGC_Stream,1,oml_satimage,minsup,0.18238724727838257,35.1216,25.46,174,False,,20261003_165207,6430,186,10,extension,Linux x86_64
TalkyG_Diffset,1,oml_ilpd,minsup,0.18825042881646656,0.2448,72.45,50,False,,20261003_165207,583,48,10,extension,Linux x86_64
Talky_G,1,oml_ilpd,minsup,0.18825042881646656,0.3149,73.16,50,False,,20261003_165208,583,48,10,extension,Linux x86_64
Zart,1,oml_ilpd,minsup,0.18825042881646656,0.2894,75.23,50,False,,20261003_165208,583,48,10,extension,Linux x86_64
FGC_Stream,1,oml_ilpd,minsup,0.18825042881646656,0.0595,4.68,50,False,,20261003_165208,583,48,10,extension,Linux x86_64
Apriori_Gen_Borgelt,1,oml_phoneme,minsup,0.13985011102886752,0.01,3.04,37,False,,20261003_165208,5404,27,10,extension,Linux x86_64
Eclat_Gen_Borgelt,1,oml_phoneme,minsup,0.13985011102886752,0.0151,3.49,37,False,,20261003_165208,5404,27,10,extension,Linux x86_64
DefMe,1,oml_phoneme,minsup,0.13985011102886752,0.2315,81.26,38,False,,20261003_165208,5404,27,10,extension,Linux x86_64
FPgrowth_Gen_Borgelt,1,oml_phoneme,minsup,0.13985011102886752,0.0078,3.5,37,False,,20261003_165208,5404,27,10,extension,Linux x86_64
Gr_growth,1,oml_phoneme,minsup,0.13985011102886752,0.0108,13.6,38,False,,20261003_165209,5404,27,10,extension,Linux x86_64
Pascal,1,oml_phoneme,minsup,0.13985011102886752,0.3437,79.45,37,False,,20261003_165209,5404,27,10,extension,Linux x86_64
TalkyG_Diffset,1,oml_phoneme,minsup,0.13985011102886752,0.2748,83.16,38,False,,20261003_165209,5404,27,10,extension,Linux x86_64
Talky_G,1,oml_phoneme,minsup,0.13985011102886752,0.3642,81.14,38,False,,20261003_165210,5404,27,10,extension,Linux x86_64
Zart,1,oml_phoneme,minsup,0.13985011102886752,0.3348,82.1,38,False,,20261003_165210,5404,27,10,extension,Linux x86_64
Apriori_Gen_Borgelt,1,oml_wall_robot_navigation,minsup,0.18305535190615835,0.0148,4.33,127,False,,20261003_165210,5456,120,10,extension,Linux x86_64
DefMe,1,oml_wall_robot_navigation,minsup,0.18305535190615835,0.2629,88.54,128,False,,20261003_165211,5456,120,10,extension,Linux x86_64
Eclat_Gen_Borgelt,1,oml_wall_robot_navigation,minsup,0.18305535190615835,0.0194,5.12,127,False,,20261003_165211,5456,120,10,extension,Linux x86_64
FPgrowth_Gen_Borgelt,1,oml_wall_robot_navigation,minsup,0.18305535190615835,0.0221,6.78,127,False,,20261003_165211,5456,120,10,extension,Linux x86_64
Gr_growth,1,oml_wall_robot_navigation,minsup,0.18305535190615835,0.0208,16.57,128,False,,20261003_165212,5456,120,10,extension,Linux x86_64
FGC_Stream,1,oml_phoneme,minsup,0.13985011102886752,2.2747,7.21,38,False,,20261003_165212,5404,27,10,extension,Linux x86_64
Pascal,1,oml_wall_robot_navigation,minsup,0.18305535190615835,0.8869,92.76,127,False,,20261003_165213,5456,120,10,extension,Linux x86_64
TalkyG_Diffset,1,oml_wall_robot_navigation,minsup,0.18305535190615835,0.3248,94.21,128,False,,20261003_165213,5456,120,10,extension,Linux x86_64
Talky_G,1,oml_wall_robot_navigation,minsup,0.18305535190615835,0.3447,91.58,128,False,,20261003_165213,5456,120,10,extension,Linux x86_64
Zart,1,oml_wall_robot_navigation,minsup,0.18305535190615835,1.2796,105.48,128,False,,20261003_165214,5456,120,10,extension,Linux x86_64
Apriori_Gen_Borgelt,1,oml_wdbc,minsup,0.19815465729349738,0.0072,3.11,157,False,,20261003_165215,569,152,10,extension,Linux x86_64
DefMe,1,oml_wdbc,minsup,0.19815465729349738,0.2325,77.24,158,False,,20261003_165215,569,152,10,extension,Linux x86_64
Eclat_Gen_Borgelt,1,oml_wdbc,minsup,0.19815465729349738,0.0082,3.35,157,False,,20261003_165215,569,152,10,extension,Linux x86_64
FPgrowth_Gen_Borgelt,1,oml_wdbc,minsup,0.19815465729349738,0.0078,3.85,157,False,,20261003_165216,569,152,10,extension,Linux x86_64
Gr_growth,1,oml_wdbc,minsup,0.19815465729349738,0.0135,14.22,158,False,,20261003_165216,569,152,10,extension,Linux x86_64
Pascal,1,oml_wdbc,minsup,0.19815465729349738,0.3771,80.21,157,False,,20261003_165217,569,152,10,extension,Linux x86_64
TalkyG_Diffset,1,oml_wdbc,minsup,0.19815465729349738,0.2605,90.45,158,False,,20261003_165217,569,152,10,extension,Linux x86_64
Talky_G,1,oml_wdbc,minsup,0.19815465729349738,0.2487,78.93,158,False,,20261003_165218,569,152,10,extension,Linux x86_64
Zart,1,oml_wdbc,minsup,0.19815465729349738,0.5156,110.67,158,False,,20261003_165218,569,152,10,extension,Linux x86_64
FGC_Stream,1,oml_wdbc,minsup,0.19815465729349738,0.0393,5.8,158,False,,20261003_165219,569,152,10,extension,Linux x86_64
Apriori_Gen_Borgelt,1,oml_phishingwebsites,minsup,0.8334464043419267,0.0169,4.71,26,False,,20261003_165219,11055,70,10,extension,Linux x86_64
DefMe,1,oml_phishingwebsites,minsup,0.8334464043419267,0.2831,99.76,27,False,,20261003_165219,11055,70,10,extension,Linux x86_64
Eclat_Gen_Borgelt,1,oml_phishingwebsites,minsup,0.8334464043419267,0.0185,4.86,26,False,,20261003_165220,11055,70,10,extension,Linux x86_64
FPgrowth_Gen_Borgelt,1,oml_phishingwebsites,minsup,0.8334464043419267,0.0124,5.06,26,False,,20261003_165220,11055,70,10,extension,Linux x86_64
Gr_growth,1,oml_phishingwebsites,minsup,0.8334464043419267,0.0163,13.6,27,False,,20261003_165220,11055,70,10,extension,Linux x86_64
Pascal,1,oml_phishingwebsites,minsup,0.8334464043419267,0.3428,98.7,26,False,,20261003_165221,11055,70,10,extension,Linux x86_64
TalkyG_Diffset,1,oml_phishingwebsites,minsup,0.8334464043419267,0.3417,100.2,27,False,,20261003_165221,11055,70,10,extension,Linux x86_64
Talky_G,1,oml_phishingwebsites,minsup,0.8334464043419267,0.3201,96.52,27,False,,20261003_165222,11055,70,10,extension,Linux x86_64
Zart,1,oml_phishingwebsites,minsup,0.8334464043419267,0.3153,110.96,27,False,,20261003_165223,11055,70,10,extension,Linux x86_64
FGC_Stream,1,oml_wall_robot_navigation,minsup,0.18305535190615835,11.2025,16.74,128,False,,20261003_165225,5456,120,10,extension,Linux x86_64
Apriori_Gen_Borgelt,1,oml_gesturephasesegmentationprocessed,minsup,0.15271447381748202,0.0272,5.99,174,False,,20261003_165225,9873,165,10,extension,Linux x86_64
DefMe,1,oml_gesturephasesegmentationprocessed,minsup,0.15271447381748202,0.3128,108.81,175,False,,20261003_165226,9873,165,10,extension,Linux x86_64
Eclat_Gen_Borgelt,1,oml_gesturephasesegmentationprocessed,minsup,0.15271447381748202,0.0338,8.44,174,False,,20261003_165226,9873,165,10,extension,Linux x86_64
FPgrowth_Gen_Borgelt,1,oml_gesturephasesegmentationprocessed,minsup,0.15271447381748202,0.0501,15.0,174,False,,20261003_165226,9873,165,10,extension,Linux x86_64
Gr_growth,1,oml_gesturephasesegmentationprocessed,minsup,0.15271447381748202,0.0425,23.91,175,False,,20261003_165227,9873,165,10,extension,Linux x86_64
Pascal,1,oml_gesturephasesegmentationprocessed,minsup,0.15271447381748202,3.1399,102.96,174,False,,20261003_165230,9873,165,10,extension,Linux x86_64
TalkyG_Diffset,1,oml_gesturephasesegmentationprocessed,minsup,0.15271447381748202,0.3345,97.77,175,False,,20261003_165230,9873,165,10,extension,Linux x86_64
Talky_G,1,oml_gesturephasesegmentationprocessed,minsup,0.15271447381748202,0.3333,99.59,175,False,,20261003_165231,9873,165,10,extension,Linux x86_64
Zart,1,oml_gesturephasesegmentationprocessed,minsup,0.15271447381748202,5.0063,373.85,175,False,,20261003_165236,9873,165,10,extension,Linux x86_64
FGC_Stream,1,oml_phishingwebsites,minsup,0.8334464043419267,25.6952,36.73,27,False,,20261003_165249,11055,70,10,extension,Linux x86_64
Apriori_Gen_Borgelt,1,oml_cylinder_bands,minsup,0.8847222222222222,0.0069,2.99,6,False,,20261003_165249,540,655,10,extension,Linux x86_64
DefMe,1,oml_cylinder_bands,minsup,0.8847222222222222,0.2247,82.39,7,False,,20261003_165249,540,655,10,extension,Linux x86_64
Eclat_Gen_Borgelt,1,oml_cylinder_bands,minsup,0.8847222222222222,0.0069,3.14,6,False,,20261003_165250,540,655,10,extension,Linux x86_64
FPgrowth_Gen_Borgelt,1,oml_cylinder_bands,minsup,0.8847222222222222,0.0077,3.32,6,False,,20261003_165250,540,655,10,extension,Linux x86_64
Gr_growth,1,oml_cylinder_bands,minsup,0.8847222222222222,0.0111,13.76,7,False,,20261003_165250,540,655,10,extension,Linux x86_64
Pascal,1,oml_cylinder_bands,minsup,0.8847222222222222,0.2303,78.26,6,False,,20261003_165251,540,655,10,extension,Linux x86_64
TalkyG_Diffset,1,oml_cylinder_bands,minsup,0.8847222222222222,0.2476,81.25,6,False,,20261003_165251,540,655,10,extension,Linux x86_64
Talky_G,1,oml_cylinder_bands,minsup,0.8847222222222222,0.2446,79.65,6,False,,20261003_165252,540,655,10,extension,Linux x86_64
Zart,1,oml_cylinder_bands,minsup,0.8847222222222222,0.2439,80.41,7,False,,20261003_165252,540,655,10,extension,Linux x86_64
FGC_Stream,1,oml_cylinder_bands,minsup,0.8847222222222222,0.0227,5.93,7,False,,20261003_165252,540,655,10,extension,Linux x86_64
Apriori_Gen_Borgelt,1,oml_dresses_sales,minsup,0.2755,0.0087,3.0,25,False,,20261003_165253,500,161,10,extension,Linux x86_64
DefMe,1,oml_dresses_sales,minsup,0.2755,0.2273,69.43,26,False,,20261003_165253,500,161,10,extension,Linux x86_64
Eclat_Gen_Borgelt,1,oml_dresses_sales,minsup,0.2755,0.0081,3.23,25,False,,20261003_165253,500,161,10,extension,Linux x86_64
FPgrowth_Gen_Borgelt,1,oml_dresses_sales,minsup,0.2755,0.0078,3.03,25,False,,20261003_165254,500,161,10,extension,Linux x86_64
Gr_growth,1,oml_dresses_sales,minsup,0.2755,0.0112,13.8,26,False,,20261003_165254,500,161,10,extension,Linux x86_64
Pascal,1,oml_dresses_sales,minsup,0.2755,0.2416,74.66,25,False,,20261003_165254,500,161,10,extension,Linux x86_64
TalkyG_Diffset,1,oml_dresses_sales,minsup,0.2755,0.2284,74.36,26,False,,20261003_165255,500,161,10,extension,Linux x86_64
Talky_G,1,oml_dresses_sales,minsup,0.2755,0.2354,72.77,26,False,,20261003_165255,500,161,10,extension,Linux x86_64
Zart,1,oml_dresses_sales,minsup,0.2755,0.2539,79.0,26,False,,20261003_165256,500,161,10,extension,Linux x86_64
FGC_Stream,1,oml_dresses_sales,minsup,0.2755,0.058,4.43,26,False,,20261003_165256,500,161,10,extension,Linux x86_64
Apriori_Gen_Borgelt,1,oml_numerai28_6,minsup,0.13458004568106313,0.1356,25.21,118,False,,20261003_165257,96320,107,10,extension,Linux x86_64
DefMe,1,oml_numerai28_6,minsup,0.13458004568106313,0.4136,258.93,119,False,,20261003_165257,96320,107,10,extension,Linux x86_64
Eclat_Gen_Borgelt,1,oml_numerai28_6,minsup,0.13458004568106313,0.1779,42.51,118,False,,20261003_165258,96320,107,10,extension,Linux x86_64
FPgrowth_Gen_Borgelt,1,oml_numerai28_6,minsup,0.13458004568106313,0.2975,75.29,118,False,,20261003_165258,96320,107,10,extension,Linux x86_64
Gr_growth,1,oml_numerai28_6,minsup,0.13458004568106313,0.356,74.56,119,False,,20261003_165259,96320,107,10,extension,Linux x86_64
Pascal,1,oml_numerai28_6,minsup,0.13458004568106313,16.4883,212.22,118,False,,20261003_165316,96320,107,10,extension,Linux x86_64
TalkyG_Diffset,1,oml_numerai28_6,minsup,0.13458004568106313,0.4441,208.87,119,False,,20261003_165316,96320,107,10,extension,Linux x86_64
Talky_G,1,oml_numerai28_6,minsup,0.13458004568106313,0.4659,212.9,119,False,,20261003_165317,96320,107,10,extension,Linux x86_64
Zart,1,oml_numerai28_6,minsup,0.13458004568106313,12.0561,312.33,119,False,,20261003_165329,96320,107,10,extension,Linux x86_64
FGC_Stream,1,oml_gesturephasesegmentationprocessed,minsup,0.15271447381748202,173.5506,34.06,175,False,,20261003_165530,9873,165,10,extension,Linux x86_64
Apriori_Gen_Borgelt,1,oml_churn,minsup,0.32535,0.0078,3.51,23,False,,20261003_165530,5000,96,10,extension,Linux x86_64
DefMe,1,oml_churn,minsup,0.32535,0.2219,84.66,24,False,,20261003_165531,5000,96,10,extension,Linux x86_64
Eclat_Gen_Borgelt,1,oml_churn,minsup,0.32535,0.0113,3.62,23,False,,20261003_165531,5000,96,10,extension,Linux x86_64
FPgrowth_Gen_Borgelt,1,oml_churn,minsup,0.32535,0.0076,3.64,23,False,,20261003_165531,5000,96,10,extension,Linux x86_64
Gr_growth,1,oml_churn,minsup,0.32535,0.0126,13.77,24,False,,20261003_165532,5000,96,10,extension,Linux x86_64
Pascal,1,oml_churn,minsup,0.32535,0.2468,85.52,23,False,,20261003_165532,5000,96,10,extension,Linux x86_64
TalkyG_Diffset,1,oml_churn,minsup,0.32535,0.2464,84.97,24,False,,20261003_165533,5000,96,10,extension,Linux x86_64
Talky_G,1,oml_churn,minsup,0.32535,0.2395,87.14,24,False,,20261003_165533,5000,96,10,extension,Linux x86_64
Zart,1,oml_churn,minsup,0.32535,0.2678,92.57,24,False,,20261003_165534,5000,96,10,extension,Linux x86_64
FGC_Stream,1,oml_churn,minsup,0.32535,3.6143,13.74,24,False,,20261003_165537,5000,96,10,extension,Linux x86_64
Apriori_Gen_Borgelt,1,oml_steel_plates_fault,minsup,0.30847501287995877,0.007,3.3,19,False,,20261003_165538,1941,130,10,extension,Linux x86_64
DefMe,1,oml_steel_plates_fault,minsup,0.30847501287995877,0.2123,83.49,20,False,,20261003_165538,1941,130,10,extension,Linux x86_64
Eclat_Gen_Borgelt,1,oml_steel_plates_fault,minsup,0.30847501287995877,0.0076,3.36,19,False,,20261003_165538,1941,130,10,extension,Linux x86_64
FPgrowth_Gen_Borgelt,1,oml_steel_plates_fault,minsup,0.30847501287995877,0.0065,3.28,19,False,,20261003_165539,1941,130,10,extension,Linux x86_64
Gr_growth,1,oml_steel_plates_fault,minsup,0.30847501287995877,0.0097,13.75,20,False,,20261003_165539,1941,130,10,extension,Linux x86_64
Pascal,1,oml_steel_plates_fault,minsup,0.30847501287995877,0.2484,79.96,19,False,,20261003_165539,1941,130,10,extension,Linux x86_64
TalkyG_Diffset,1,oml_steel_plates_fault,minsup,0.30847501287995877,0.258,83.9,20,False,,20261003_165540,1941,130,10,extension,Linux x86_64
Talky_G,1,oml_steel_plates_fault,minsup,0.30847501287995877,0.242,80.82,20,False,,20261003_165540,1941,130,10,extension,Linux x86_64
Zart,1,oml_steel_plates_fault,minsup,0.30847501287995877,0.2722,86.52,20,False,,20261003_165541,1941,130,10,extension,Linux x86_64
FGC_Stream,1,oml_steel_plates_fault,minsup,0.30847501287995877,0.3541,9.25,20,False,,20261003_165541,1941,130,10,extension,Linux x86_64
Apriori_Gen_Borgelt,1,oml_wilt,minsup,0.19296342219466833,0.008,3.11,37,False,,20261003_165542,4839,27,10,extension,Linux x86_64
DefMe,1,oml_wilt,minsup,0.19296342219466833,0.2484,79.38,38,False,,20261003_165542,4839,27,10,extension,Linux x86_64
Eclat_Gen_Borgelt,1,oml_wilt,minsup,0.19296342219466833,0.0085,3.45,37,False,,20261003_165542,4839,27,10,extension,Linux x86_64
FPgrowth_Gen_Borgelt,1,oml_wilt,minsup,0.19296342219466833,0.0077,3.39,37,False,,20261003_165543,4839,27,10,extension,Linux x86_64
Gr_growth,1,oml_wilt,minsup,0.19296342219466833,0.0105,13.6,38,False,,20261003_165543,4839,27,10,extension,Linux x86_64
Pascal,1,oml_wilt,minsup,0.19296342219466833,0.2564,82.07,37,False,,20261003_165544,4839,27,10,extension,Linux x86_64
TalkyG_Diffset,1,oml_wilt,minsup,0.19296342219466833,0.2654,81.56,38,False,,20261003_165544,4839,27,10,extension,Linux x86_64
Talky_G,1,oml_wilt,minsup,0.19296342219466833,0.2556,80.78,38,False,,20261003_165545,4839,27,10,extension,Linux x86_64
Zart,1,oml_wilt,minsup,0.19296342219466833,0.2911,83.04,38,False,,20261003_165545,4839,27,10,extension,Linux x86_64
FGC_Stream,1,oml_wilt,minsup,0.19296342219466833,0.2244,7.03,38,False,,20261003_165546,4839,27,10,extension,Linux x86_64
Apriori_Gen_Borgelt,1,oml_climate_model_simulation_crashes,minsup,0.19212962962962962,0.0086,2.87,109,False,,20261003_165546,540,100,10,extension,Linux x86_64
DefMe,1,oml_climate_model_simulation_crashes,minsup,0.19212962962962962,0.2389,78.53,110,False,,20261003_165546,540,100,10,extension,Linux x86_64
Eclat_Gen_Borgelt,1,oml_climate_model_simulation_crashes,minsup,0.19212962962962962,0.0079,3.13,109,False,,20261003_165547,540,100,10,extension,Linux x86_64
FPgrowth_Gen_Borgelt,1,oml_climate_model_simulation_crashes,minsup,0.19212962962962962,0.0076,3.54,109,False,,20261003_165547,540,100,10,extension,Linux x86_64
Gr_growth,1,oml_climate_model_simulation_crashes,minsup,0.19212962962962962,0.0089,14.04,110,False,,20261003_165547,540,100,10,extension,Linux x86_64
Pascal,1,oml_climate_model_simulation_crashes,minsup,0.19212962962962962,0.2967,76.85,109,False,,20261003_165548,540,100,10,extension,Linux x86_64
TalkyG_Diffset,1,oml_climate_model_simulation_crashes,minsup,0.19212962962962962,0.2498,80.43,110,False,,20261003_165548,540,100,10,extension,Linux x86_64
Talky_G,1,oml_climate_model_simulation_crashes,minsup,0.19212962962962962,0.2447,78.41,110,False,,20261003_165549,540,100,10,extension,Linux x86_64
Zart,1,oml_climate_model_simulation_crashes,minsup,0.19212962962962962,0.3322,86.98,110,False,,20261003_165549,540,100,10,extension,Linux x86_64
FGC_Stream,1,oml_climate_model_simulation_crashes,minsup,0.19212962962962962,0.0517,5.19,110,False,,20261003_165550,540,100,10,extension,Linux x86_64
Apriori_Gen_Borgelt,1,oml_jungle_chess_2pcs_raw_endgame_complete,minsup,0.10405743100024543,0.0206,7.64,47,False,,20261003_165550,44819,45,10,extension,Linux x86_64
DefMe,1,oml_jungle_chess_2pcs_raw_endgame_complete,minsup,0.10405743100024543,0.2905,100.88,48,False,,20261003_165550,44819,45,10,extension,Linux x86_64
Eclat_Gen_Borgelt,1,oml_jungle_chess_2pcs_raw_endgame_complete,minsup,0.10405743100024543,0.0236,10.21,47,False,,20261003_165551,44819,45,10,extension,Linux x86_64
FPgrowth_Gen_Borgelt,1,oml_jungle_chess_2pcs_raw_endgame_complete,minsup,0.10405743100024543,0.018,8.7,47,False,,20261003_165551,44819,45,10,extension,Linux x86_64
Gr_growth,1,oml_jungle_chess_2pcs_raw_endgame_complete,minsup,0.10405743100024543,0.029,15.63,48,False,,20261003_165551,44819,45,10,extension,Linux x86_64
Pascal,1,oml_jungle_chess_2pcs_raw_endgame_complete,minsup,0.10405743100024543,0.4903,96.95,47,False,,20261003_165552,44819,45,10,extension,Linux x86_64
TalkyG_Diffset,1,oml_jungle_chess_2pcs_raw_endgame_complete,minsup,0.10405743100024543,0.3301,99.1,48,False,,20261003_165552,44819,45,10,extension,Linux x86_64
Talky_G,1,oml_jungle_chess_2pcs_raw_endgame_complete,minsup,0.10405743100024543,0.3185,97.05,48,False,,20261003_165553,44819,45,10,extension,Linux x86_64
Zart,1,oml_jungle_chess_2pcs_raw_endgame_complete,minsup,0.10405743100024543,0.6848,108.42,48,False,,20261003_165554,44819,45,10,extension,Linux x86_64
FGC_Stream,1,oml_jungle_chess_2pcs_raw_endgame_complete,minsup,0.10405743100024543,165.4512,36.99,48,False,,20261003_165840,44819,45,10,extension,Linux x86_64
Apriori_Gen_Borgelt,1,oml_mfeat_morphological,minsup,0.089875,0.0067,3.0,161,False,,20261003_165840,2000,41,100,extension,Linux x86_64
DefMe,1,oml_mfeat_morphological,minsup,0.089875,0.2293,78.78,162,False,,20261003_165840,2000,41,100,extension,Linux x86_64
Eclat_Gen_Borgelt,1,oml_mfeat_morphological,minsup,0.089875,0.0071,3.34,161,False,,20261003_165841,2000,41,100,extension,Linux x86_64
FPgrowth_Gen_Borgelt,1,oml_mfeat_morphological,minsup,0.089875,0.0066,3.31,161,False,,20261003_165841,2000,41,100,extension,Linux x86_64
Gr_growth,1,oml_mfeat_morphological,minsup,0.089875,0.0086,13.63,162,False,,20261003_165841,2000,41,100,extension,Linux x86_64
Pascal,1,oml_mfeat_morphological,minsup,0.089875,0.2648,78.82,161,False,,20261003_165842,2000,41,100,extension,Linux x86_64
TalkyG_Diffset,1,oml_mfeat_morphological,minsup,0.089875,0.2363,75.48,163,False,,20261003_165842,2000,41,100,extension,Linux x86_64
Talky_G,1,oml_mfeat_morphological,minsup,0.089875,0.2347,76.13,163,False,,20261003_165843,2000,41,100,extension,Linux x86_64
Zart,1,oml_mfeat_morphological,minsup,0.089875,0.2735,96.13,162,False,,20261003_165843,2000,41,100,extension,Linux x86_64
FGC_Stream,1,oml_mfeat_morphological,minsup,0.089875,0.6422,5.64,162,False,,20261003_165844,2000,41,100,extension,Linux x86_64
Apriori_Gen_Borgelt,1,oml_cmc,minsup,0.12746096401900883,0.0073,3.01,305,False,,20261003_165844,1473,45,100,extension,Linux x86_64
DefMe,1,oml_cmc,minsup,0.12746096401900883,0.2063,78.62,306,False,,20261003_165845,1473,45,100,extension,Linux x86_64
Eclat_Gen_Borgelt,1,oml_cmc,minsup,0.12746096401900883,0.0063,3.67,305,False,,20261003_165845,1473,45,100,extension,Linux x86_64
FPgrowth_Gen_Borgelt,1,oml_cmc,minsup,0.12746096401900883,0.0065,3.66,305,False,,20261003_165845,1473,45,100,extension,Linux x86_64
Gr_growth,1,oml_cmc,minsup,0.12746096401900883,0.0068,13.91,306,False,,20261003_165845,1473,45,100,extension,Linux x86_64
Pascal,1,oml_cmc,minsup,0.12746096401900883,0.2306,81.1,305,False,,20261003_165846,1473,45,100,extension,Linux x86_64
TalkyG_Diffset,1,oml_cmc,minsup,0.12746096401900883,0.2098,80.45,306,False,,20261003_165846,1473,45,100,extension,Linux x86_64
Talky_G,1,oml_cmc,minsup,0.12746096401900883,0.23,74.45,306,False,,20261003_165847,1473,45,100,extension,Linux x86_64
Zart,1,oml_cmc,minsup,0.12746096401900883,0.3266,108.88,306,False,,20261003_165847,1473,45,100,extension,Linux x86_64
FGC_Stream,1,oml_cmc,minsup,0.12746096401900883,1.229,5.66,306,False,,20261003_165849,1473,45,100,extension,Linux x86_64
Apriori_Gen_Borgelt,1,oml_pendigits,minsup,0.1125136462882096,0.0169,4.89,191,False,,20261003_165849,10992,82,100,extension,Linux x86_64
DefMe,1,oml_pendigits,minsup,0.1125136462882096,0.2693,95.21,192,False,,20261003_165850,10992,82,100,extension,Linux x86_64
Eclat_Gen_Borgelt,1,oml_pendigits,minsup,0.1125136462882096,0.0203,6.27,191,False,,20261003_165850,10992,82,100,extension,Linux x86_64
FPgrowth_Gen_Borgelt,1,oml_pendigits,minsup,0.1125136462882096,0.0199,7.65,191,False,,20261003_165850,10992,82,100,extension,Linux x86_64
Gr_growth,1,oml_pendigits,minsup,0.1125136462882096,0.0193,17.04,192,False,,20261003_165850,10992,82,100,extension,Linux x86_64
Pascal,1,oml_pendigits,minsup,0.1125136462882096,0.6913,95.68,191,False,,20261003_165851,10992,82,100,extension,Linux x86_64
TalkyG_Diffset,1,oml_pendigits,minsup,0.1125136462882096,0.2985,92.26,192,False,,20261003_165852,10992,82,100,extension,Linux x86_64
Talky_G,1,oml_pendigits,minsup,0.1125136462882096,0.2897,95.0,192,False,,20261003_165853,10992,82,100,extension,Linux x86_64
Zart,1,oml_pendigits,minsup,0.1125136462882096,0.8844,129.48,192,False,,20261003_165854,10992,82,100,extension,Linux x86_64
FGC_Stream,1,oml_pendigits,minsup,0.1125136462882096,109.6268,21.98,192,False,,20261003_170044,10992,82,100,extension,Linux x86_64
Apriori_Gen_Borgelt,1,oml_electricity,minsup,0.08648371292372882,0.0226,6.29,204,False,,20261003_170044,45312,41,100,extension,Linux x86_64
DefMe,1,oml_electricity,minsup,0.08648371292372882,0.2786,106.79,205,False,,20261003_170044,45312,41,100,extension,Linux x86_64
Eclat_Gen_Borgelt,1,oml_electricity,minsup,0.08648371292372882,0.0246,8.32,204,False,,20261003_170045,45312,41,100,extension,Linux x86_64
FPgrowth_Gen_Borgelt,1,oml_electricity,minsup,0.08648371292372882,0.0223,7.82,204,False,,20261003_170045,45312,41,100,extension,Linux x86_64
Gr_growth,1,oml_electricity,minsup,0.08648371292372882,0.0259,14.69,205,False,,20261003_170045,45312,41,100,extension,Linux x86_64
Pascal,1,oml_electricity,minsup,0.08648371292372882,0.6142,101.25,204,False,,20261003_170046,45312,41,100,extension,Linux x86_64
TalkyG_Diffset,1,oml_electricity,minsup,0.08648371292372882,0.3039,102.59,205,False,,20261003_170047,45312,41,100,extension,Linux x86_64
Talky_G,1,oml_electricity,minsup,0.08648371292372882,0.2937,100.2,205,False,,20261003_170047,45312,41,100,extension,Linux x86_64
Zart,1,oml_electricity,minsup,0.08648371292372882,0.986,140.63,205,False,,20261003_170048,45312,41,100,extension,Linux x86_64
FGC_Stream,1,oml_numerai28_6,minsup,0.13458004568106313,600.0391,146.28,0,True,,20261003_170330,96320,107,10,extension,Linux x86_64
Apriori_Gen_Borgelt,1,oml_satimage,minsup,0.16590202177293933,0.0221,4.88,306,False,,20261003_170330,6430,186,100,extension,Linux x86_64
DefMe,1,oml_satimage,minsup,0.16590202177293933,0.2762,105.98,307,False,,20261003_170330,6430,186,100,extension,Linux x86_64
Eclat_Gen_Borgelt,1,oml_satimage,minsup,0.16590202177293933,0.0215,7.1,306,False,,20261003_170331,6430,186,100,extension,Linux x86_64
FPgrowth_Gen_Borgelt,1,oml_satimage,minsup,0.16590202177293933,0.0352,11.36,306,False,,20261003_170331,6430,186,100,extension,Linux x86_64
Gr_growth,1,oml_satimage,minsup,0.16590202177293933,0.0305,20.45,307,False,,20261003_170331,6430,186,100,extension,Linux x86_64
Pascal,1,oml_satimage,minsup,0.16590202177293933,2.9139,97.7,306,False,,20261003_170334,6430,186,100,extension,Linux x86_64
TalkyG_Diffset,1,oml_satimage,minsup,0.16590202177293933,0.2773,96.89,307,False,,20261003_170335,6430,186,100,extension,Linux x86_64
Talky_G,1,oml_satimage,minsup,0.16590202177293933,0.2698,97.0,307,False,,20261003_170335,6430,186,100,extension,Linux x86_64
Zart,1,oml_satimage,minsup,0.16590202177293933,4.1558,393.16,307,False,,20261003_170340,6430,186,100,extension,Linux x86_64
FGC_Stream,1,oml_satimage,minsup,0.16590202177293933,66.3977,26.09,307,False,,20261003_170446,6430,186,100,extension,Linux x86_64
Apriori_Gen_Borgelt,1,oml_eucalyptus,minsup,0.12466032608695653,0.0075,3.02,147,False,,20261003_170447,736,154,100,extension,Linux x86_64
DefMe,1,oml_eucalyptus,minsup,0.12466032608695653,0.2233,79.82,148,False,,20261003_170447,736,154,100,extension,Linux x86_64
Eclat_Gen_Borgelt,1,oml_eucalyptus,minsup,0.12466032608695653,0.0073,3.3,147,False,,20261003_170447,736,154,100,extension,Linux x86_64
FPgrowth_Gen_Borgelt,1,oml_eucalyptus,minsup,0.12466032608695653,0.0068,3.65,147,False,,20261003_170448,736,154,100,extension,Linux x86_64
Gr_growth,1,oml_eucalyptus,minsup,0.12466032608695653,0.0111,13.91,148,False,,20261003_170448,736,154,100,extension,Linux x86_64
Pascal,1,oml_eucalyptus,minsup,0.12466032608695653,0.2469,85.49,147,False,,20261003_170448,736,154,100,extension,Linux x86_64
TalkyG_Diffset,1,oml_eucalyptus,minsup,0.12466032608695653,0.2307,78.68,148,False,,20261003_170449,736,154,100,extension,Linux x86_64
Talky_G,1,oml_eucalyptus,minsup,0.12466032608695653,0.2149,78.48,148,False,,20261003_170449,736,154,100,extension,Linux x86_64
Zart,1,oml_eucalyptus,minsup,0.12466032608695653,0.2788,110.73,148,False,,20261003_170450,736,154,100,extension,Linux x86_64
FGC_Stream,1,oml_eucalyptus,minsup,0.12466032608695653,0.3183,5.34,148,False,,20261003_170450,736,154,100,extension,Linux x86_64
Apriori_Gen_Borgelt,1,oml_analcatdata_dmft,minsup,0.034818067754077794,0.0096,2.97,168,False,,20261003_170451,797,27,100,extension,Linux x86_64
DefMe,1,oml_analcatdata_dmft,minsup,0.034818067754077794,0.2271,69.8,169,False,,20261003_170451,797,27,100,extension,Linux x86_64
Eclat_Gen_Borgelt,1,oml_analcatdata_dmft,minsup,0.034818067754077794,0.0087,3.16,168,False,,20261003_170451,797,27,100,extension,Linux x86_64
FPgrowth_Gen_Borgelt,1,oml_analcatdata_dmft,minsup,0.034818067754077794,0.0121,3.34,168,False,,20261003_170452,797,27,100,extension,Linux x86_64
Gr_growth,1,oml_analcatdata_dmft,minsup,0.034818067754077794,0.0107,13.79,169,False,,20261003_170452,797,27,100,extension,Linux x86_64
Pascal,1,oml_analcatdata_dmft,minsup,0.034818067754077794,0.2571,73.42,168,False,,20261003_170453,797,27,100,extension,Linux x86_64
TalkyG_Diffset,1,oml_analcatdata_dmft,minsup,0.034818067754077794,0.2292,72.62,169,False,,20261003_170453,797,27,100,extension,Linux x86_64
Talky_G,1,oml_analcatdata_dmft,minsup,0.034818067754077794,0.2403,72.28,169,False,,20261003_170454,797,27,100,extension,Linux x86_64
Zart,1,oml_analcatdata_dmft,minsup,0.034818067754077794,0.2687,73.26,169,False,,20261003_170454,797,27,100,extension,Linux x86_64
FGC_Stream,1,oml_analcatdata_dmft,minsup,0.034818067754077794,0.072,4.63,169,False,,20261003_170454,797,27,100,extension,Linux x86_64
Apriori_Gen_Borgelt,1,oml_pc4,minsup,0.4134087791495199,0.0083,3.18,473,False,,20261003_170455,1458,161,100,extension,Linux x86_64
DefMe,1,oml_pc4,minsup,0.4134087791495199,0.2637,85.35,474,False,,20261003_170455,1458,161,100,extension,Linux x86_64
Eclat_Gen_Borgelt,1,oml_pc4,minsup,0.4134087791495199,0.008,3.94,473,False,,20261003_170455,1458,161,100,extension,Linux x86_64
FPgrowth_Gen_Borgelt,1,oml_pc4,minsup,0.4134087791495199,0.0092,4.13,473,False,,20261003_170456,1458,161,100,extension,Linux x86_64
Gr_growth,1,oml_pc4,minsup,0.4134087791495199,0.0088,13.6,474,False,,20261003_170456,1458,161,100,extension,Linux x86_64
Pascal,1,oml_pc4,minsup,0.4134087791495199,0.3332,85.99,473,False,,20261003_170457,1458,161,100,extension,Linux x86_64
TalkyG_Diffset,1,oml_pc4,minsup,0.4134087791495199,0.2747,87.0,474,False,,20261003_170457,1458,161,100,extension,Linux x86_64
Talky_G,1,oml_pc4,minsup,0.4134087791495199,0.3124,87.19,474,False,,20261003_170458,1458,161,100,extension,Linux x86_64
Zart,1,oml_pc4,minsup,0.4134087791495199,0.5941,143.91,474,False,,20261003_170459,1458,161,100,extension,Linux x86_64
FGC_Stream,1,oml_pc4,minsup,0.4134087791495199,5.2344,9.56,474,False,,20261003_170504,1458,161,100,extension,Linux x86_64
Apriori_Gen_Borgelt,1,oml_banknote_authentication,minsup,0.04282069970845481,0.0081,2.83,156,False,,20261003_170504,1372,22,100,extension,Linux x86_64
DefMe,1,oml_banknote_authentication,minsup,0.04282069970845481,0.24,73.86,157,False,,20261003_170505,1372,22,100,extension,Linux x86_64
Eclat_Gen_Borgelt,1,oml_banknote_authentication,minsup,0.04282069970845481,0.0089,3.0,156,False,,20261003_170505,1372,22,100,extension,Linux x86_64
FPgrowth_Gen_Borgelt,1,oml_banknote_authentication,minsup,0.04282069970845481,0.0074,3.34,156,False,,20261003_170505,1372,22,100,extension,Linux x86_64
Gr_growth,1,oml_banknote_authentication,minsup,0.04282069970845481,0.0103,13.73,157,False,,20261003_170506,1372,22,100,extension,Linux x86_64
Pascal,1,oml_banknote_authentication,minsup,0.04282069970845481,0.238,71.35,156,False,,20261003_170506,1372,22,100,extension,Linux x86_64
TalkyG_Diffset,1,oml_banknote_authentication,minsup,0.04282069970845481,0.2516,74.43,157,False,,20261003_170507,1372,22,100,extension,Linux x86_64
Talky_G,1,oml_banknote_authentication,minsup,0.04282069970845481,0.2412,74.45,157,False,,20261003_170507,1372,22,100,extension,Linux x86_64
Zart,1,oml_banknote_authentication,minsup,0.04282069970845481,0.2474,76.84,157,False,,20261003_170508,1372,22,100,extension,Linux x86_64
FGC_Stream,1,oml_banknote_authentication,minsup,0.04282069970845481,0.1434,4.99,157,False,,20261003_170508,1372,22,100,extension,Linux x86_64
Apriori_Gen_Borgelt,1,oml_blood_transfusion_service_center,minsup,0.035762032085561495,0.0082,2.85,163,False,,20261003_170508,748,20,100,extension,Linux x86_64
DefMe,1,oml_blood_transfusion_service_center,minsup,0.035762032085561495,0.2286,71.18,164,False,,20261003_170509,748,20,100,extension,Linux x86_64
Eclat_Gen_Borgelt,1,oml_blood_transfusion_service_center,minsup,0.035762032085561495,0.0079,3.14,163,False,,20261003_170509,748,20,100,extension,Linux x86_64
FPgrowth_Gen_Borgelt,1,oml_blood_transfusion_service_center,minsup,0.035762032085561495,0.0079,2.96,163,False,,20261003_170509,748,20,100,extension,Linux x86_64
Gr_growth,1,oml_blood_transfusion_service_center,minsup,0.035762032085561495,0.0091,13.75,164,False,,20261003_170509,748,20,100,extension,Linux x86_64
Pascal,1,oml_blood_transfusion_service_center,minsup,0.035762032085561495,0.249,82.05,163,False,,20261003_170510,748,20,100,extension,Linux x86_64
TalkyG_Diffset,1,oml_blood_transfusion_service_center,minsup,0.035762032085561495,0.2279,74.05,164,False,,20261003_170511,748,20,100,extension,Linux x86_64
Talky_G,1,oml_blood_transfusion_service_center,minsup,0.035762032085561495,0.2345,74.57,164,False,,20261003_170511,748,20,100,extension,Linux x86_64
Zart,1,oml_blood_transfusion_service_center,minsup,0.035762032085561495,0.2849,73.76,164,False,,20261003_170512,748,20,100,extension,Linux x86_64
FGC_Stream,1,oml_blood_transfusion_service_center,minsup,0.035762032085561495,0.0614,4.39,164,False,,20261003_170512,748,20,100,extension,Linux x86_64
Apriori_Gen_Borgelt,1,oml_ilpd,minsup,0.11620926243567753,0.0089,2.68,181,False,,20261003_170512,583,48,100,extension,Linux x86_64
DefMe,1,oml_ilpd,minsup,0.11620926243567753,0.2339,72.11,182,False,,20261003_170513,583,48,100,extension,Linux x86_64
Eclat_Gen_Borgelt,1,oml_ilpd,minsup,0.11620926243567753,0.008,3.31,181,False,,20261003_170513,583,48,100,extension,Linux x86_64
FPgrowth_Gen_Borgelt,1,oml_ilpd,minsup,0.11620926243567753,0.0077,3.34,181,False,,20261003_170513,583,48,100,extension,Linux x86_64
Gr_growth,1,oml_ilpd,minsup,0.11620926243567753,0.0124,13.91,182,False,,20261003_170513,583,48,100,extension,Linux x86_64
Pascal,1,oml_ilpd,minsup,0.11620926243567753,0.2616,79.43,181,False,,20261003_170514,583,48,100,extension,Linux x86_64
TalkyG_Diffset,1,oml_ilpd,minsup,0.11620926243567753,0.2386,75.7,182,False,,20261003_170514,583,48,100,extension,Linux x86_64
Talky_G,1,oml_ilpd,minsup,0.11620926243567753,0.2581,72.43,182,False,,20261003_170515,583,48,100,extension,Linux x86_64
Zart,1,oml_ilpd,minsup,0.11620926243567753,0.2918,88.37,182,False,,20261003_170515,583,48,100,extension,Linux x86_64
FGC_Stream,1,oml_ilpd,minsup,0.11620926243567753,0.1737,4.68,182,False,,20261003_170516,583,48,100,extension,Linux x86_64
Apriori_Gen_Borgelt,1,oml_phoneme,minsup,0.05546817172464841,0.0081,3.17,165,False,,20261003_170516,5404,27,100,extension,Linux x86_64
DefMe,1,oml_phoneme,minsup,0.05546817172464841,0.2381,80.5,166,False,,20261003_170517,5404,27,100,extension,Linux x86_64
Eclat_Gen_Borgelt,1,oml_phoneme,minsup,0.05546817172464841,0.0086,3.63,165,False,,20261003_170517,5404,27,100,extension,Linux x86_64
FPgrowth_Gen_Borgelt,1,oml_phoneme,minsup,0.05546817172464841,0.0078,3.64,165,False,,20261003_170517,5404,27,100,extension,Linux x86_64
Gr_growth,1,oml_phoneme,minsup,0.05546817172464841,0.0126,13.6,166,False,,20261003_170517,5404,27,100,extension,Linux x86_64
Pascal,1,oml_phoneme,minsup,0.05546817172464841,0.2797,81.75,165,False,,20261003_170518,5404,27,100,extension,Linux x86_64
TalkyG_Diffset,1,oml_phoneme,minsup,0.05546817172464841,0.2522,84.05,166,False,,20261003_170518,5404,27,100,extension,Linux x86_64
Talky_G,1,oml_phoneme,minsup,0.05546817172464841,0.2545,82.95,166,False,,20261003_170519,5404,27,100,extension,Linux x86_64
Zart,1,oml_phoneme,minsup,0.05546817172464841,0.3283,92.19,166,False,,20261003_170520,5404,27,100,extension,Linux x86_64
FGC_Stream,1,oml_phoneme,minsup,0.05546817172464841,3.0889,7.53,166,False,,20261003_170523,5404,27,100,extension,Linux x86_64
Apriori_Gen_Borgelt,1,oml_wall_robot_navigation,minsup,0.12037206744868036,0.0143,3.95,226,False,,20261003_170523,5456,120,100,extension,Linux x86_64
DefMe,1,oml_wall_robot_navigation,minsup,0.12037206744868036,0.2658,91.07,227,False,,20261003_170524,5456,120,100,extension,Linux x86_64
Eclat_Gen_Borgelt,1,oml_wall_robot_navigation,minsup,0.12037206744868036,0.0197,5.49,226,False,,20261003_170524,5456,120,100,extension,Linux x86_64
FPgrowth_Gen_Borgelt,1,oml_wall_robot_navigation,minsup,0.12037206744868036,0.0179,6.77,226,False,,20261003_170524,5456,120,100,extension,Linux x86_64
Gr_growth,1,oml_wall_robot_navigation,minsup,0.12037206744868036,0.0206,16.55,227,False,,20261003_170525,5456,120,100,extension,Linux x86_64
Pascal,1,oml_wall_robot_navigation,minsup,0.12037206744868036,0.6132,92.4,226,False,,20261003_170525,5456,120,100,extension,Linux x86_64
TalkyG_Diffset,1,oml_wall_robot_navigation,minsup,0.12037206744868036,0.2786,94.29,227,False,,20261003_170526,5456,120,100,extension,Linux x86_64
Talky_G,1,oml_wall_robot_navigation,minsup,0.12037206744868036,0.2822,94.28,227,False,,20261003_170526,5456,120,100,extension,Linux x86_64
Zart,1,oml_wall_robot_navigation,minsup,0.12037206744868036,1.2826,107.94,227,False,,20261003_170528,5456,120,100,extension,Linux x86_64
FGC_Stream,1,oml_wall_robot_navigation,minsup,0.12037206744868036,39.8802,17.06,227,False,,20261003_170608,5456,120,100,extension,Linux x86_64
Apriori_Gen_Borgelt,1,oml_wdbc,minsup,0.171792618629174,0.0086,3.16,326,False,,20261003_170608,569,152,100,extension,Linux x86_64
DefMe,1,oml_wdbc,minsup,0.171792618629174,0.2262,74.55,327,False,,20261003_170609,569,152,100,extension,Linux x86_64
Eclat_Gen_Borgelt,1,oml_wdbc,minsup,0.171792618629174,0.0069,3.78,326,False,,20261003_170609,569,152,100,extension,Linux x86_64
FPgrowth_Gen_Borgelt,1,oml_wdbc,minsup,0.171792618629174,0.0074,4.26,326,False,,20261003_170609,569,152,100,extension,Linux x86_64
Gr_growth,1,oml_wdbc,minsup,0.171792618629174,0.012,14.22,327,False,,20261003_170610,569,152,100,extension,Linux x86_64
Pascal,1,oml_wdbc,minsup,0.171792618629174,0.3694,80.8,326,False,,20261003_170610,569,152,100,extension,Linux x86_64
TalkyG_Diffset,1,oml_wdbc,minsup,0.171792618629174,0.2217,86.24,333,False,,20261003_170611,569,152,100,extension,Linux x86_64
Talky_G,1,oml_wdbc,minsup,0.171792618629174,0.2573,82.8,333,False,,20261003_170611,569,152,100,extension,Linux x86_64
Zart,1,oml_wdbc,minsup,0.171792618629174,0.5785,113.42,327,False,,20261003_170612,569,152,100,extension,Linux x86_64
FGC_Stream,1,oml_wdbc,minsup,0.171792618629174,0.3046,5.8,327,False,,20261003_170613,569,152,100,extension,Linux x86_64
Apriori_Gen_Borgelt,1,oml_phishingwebsites,minsup,0.7258932609678879,0.0253,4.7,465,False,,20261003_170613,11055,70,100,extension,Linux x86_64
DefMe,1,oml_phishingwebsites,minsup,0.7258932609678879,0.2981,97.5,466,False,,20261003_170613,11055,70,100,extension,Linux x86_64
Eclat_Gen_Borgelt,1,oml_phishingwebsites,minsup,0.7258932609678879,0.0171,5.57,465,False,,20261003_170614,11055,70,100,extension,Linux x86_64
FPgrowth_Gen_Borgelt,1,oml_phishingwebsites,minsup,0.7258932609678879,0.0194,5.61,465,False,,20261003_170614,11055,70,100,extension,Linux x86_64
Gr_growth,1,oml_phishingwebsites,minsup,0.7258932609678879,0.0195,13.75,466,False,,20261003_170614,11055,70,100,extension,Linux x86_64
Pascal,1,oml_phishingwebsites,minsup,0.7258932609678879,0.6865,98.89,465,False,,20261003_170615,11055,70,100,extension,Linux x86_64
TalkyG_Diffset,1,oml_phishingwebsites,minsup,0.7258932609678879,0.31,96.72,466,False,,20261003_170616,11055,70,100,extension,Linux x86_64
Talky_G,1,oml_phishingwebsites,minsup,0.7258932609678879,0.3037,94.35,466,False,,20261003_170616,11055,70,100,extension,Linux x86_64
Zart,1,oml_phishingwebsites,minsup,0.7258932609678879,0.7404,172.61,466,False,,20261003_170617,11055,70,100,extension,Linux x86_64
FGC_Stream,1,oml_electricity,minsup,0.08648371292372882,513.0521,45.52,205,False,,20261003_170922,45312,41,100,extension,Linux x86_64
Apriori_Gen_Borgelt,1,oml_gesturephasesegmentationprocessed,minsup,0.11999898713663527,0.0243,5.98,269,False,,20261003_170922,9873,165,100,extension,Linux x86_64
DefMe,1,oml_gesturephasesegmentationprocessed,minsup,0.11999898713663527,0.2831,112.43,270,False,,20261003_170922,9873,165,100,extension,Linux x86_64
Eclat_Gen_Borgelt,1,oml_gesturephasesegmentationprocessed,minsup,0.11999898713663527,0.0334,8.62,269,False,,20261003_170923,9873,165,100,extension,Linux x86_64
FPgrowth_Gen_Borgelt,1,oml_gesturephasesegmentationprocessed,minsup,0.11999898713663527,0.05,15.01,269,False,,20261003_170923,9873,165,100,extension,Linux x86_64
Gr_growth,1,oml_gesturephasesegmentationprocessed,minsup,0.11999898713663527,0.0438,23.91,270,False,,20261003_170923,9873,165,100,extension,Linux x86_64
Pascal,1,oml_gesturephasesegmentationprocessed,minsup,0.11999898713663527,3.0465,98.66,269,False,,20261003_170927,9873,165,100,extension,Linux x86_64
TalkyG_Diffset,1,oml_gesturephasesegmentationprocessed,minsup,0.11999898713663527,0.2754,101.98,270,False,,20261003_170927,9873,165,100,extension,Linux x86_64
Talky_G,1,oml_gesturephasesegmentationprocessed,minsup,0.11999898713663527,0.2779,97.43,270,False,,20261003_170928,9873,165,100,extension,Linux x86_64
Zart,1,oml_gesturephasesegmentationprocessed,minsup,0.11999898713663527,4.985,373.51,270,False,,20261003_170933,9873,165,100,extension,Linux x86_64
FGC_Stream,1,oml_phishingwebsites,minsup,0.7258932609678879,353.4171,36.92,466,False,,20261003_171211,11055,70,100,extension,Linux x86_64
Apriori_Gen_Borgelt,1,oml_cylinder_bands,minsup,0.5087962962962963,0.0071,3.07,398,False,,20261003_171211,540,655,100,extension,Linux x86_64
DefMe,1,oml_cylinder_bands,minsup,0.5087962962962963,0.2177,81.62,399,False,,20261003_171212,540,655,100,extension,Linux x86_64
Eclat_Gen_Borgelt,1,oml_cylinder_bands,minsup,0.5087962962962963,0.0064,3.82,398,False,,20261003_171212,540,655,100,extension,Linux x86_64
FPgrowth_Gen_Borgelt,1,oml_cylinder_bands,minsup,0.5087962962962963,0.0064,3.84,398,False,,20261003_171212,540,655,100,extension,Linux x86_64
Gr_growth,1,oml_cylinder_bands,minsup,0.5087962962962963,0.0093,13.75,399,False,,20261003_171212,540,655,100,extension,Linux x86_64
Pascal,1,oml_cylinder_bands,minsup,0.5087962962962963,0.2496,83.62,398,False,,20261003_171213,540,655,100,extension,Linux x86_64
TalkyG_Diffset,1,oml_cylinder_bands,minsup,0.5087962962962963,0.2443,81.89,398,False,,20261003_171213,540,655,100,extension,Linux x86_64
Talky_G,1,oml_cylinder_bands,minsup,0.5087962962962963,0.2302,78.93,398,False,,20261003_171214,540,655,100,extension,Linux x86_64
Zart,1,oml_cylinder_bands,minsup,0.5087962962962963,0.5762,387.13,399,False,,20261003_171215,540,655,100,extension,Linux x86_64
FGC_Stream,1,oml_cylinder_bands,minsup,0.5087962962962963,0.6147,6.39,399,False,,20261003_171216,540,655,100,extension,Linux x86_64
Apriori_Gen_Borgelt,1,oml_dresses_sales,minsup,0.1235,0.0137,2.84,171,False,,20261003_171216,500,161,100,extension,Linux x86_64
DefMe,1,oml_dresses_sales,minsup,0.1235,0.2312,72.18,172,False,,20261003_171216,500,161,100,extension,Linux x86_64
Eclat_Gen_Borgelt,1,oml_dresses_sales,minsup,0.1235,0.0082,3.22,171,False,,20261003_171217,500,161,100,extension,Linux x86_64
FPgrowth_Gen_Borgelt,1,oml_dresses_sales,minsup,0.1235,0.0074,3.33,171,False,,20261003_171217,500,161,100,extension,Linux x86_64
Gr_growth,1,oml_dresses_sales,minsup,0.1235,0.0084,13.75,172,False,,20261003_171217,500,161,100,extension,Linux x86_64
Pascal,1,oml_dresses_sales,minsup,0.1235,0.2584,75.1,171,False,,20261003_171218,500,161,100,extension,Linux x86_64
TalkyG_Diffset,1,oml_dresses_sales,minsup,0.1235,0.2572,73.0,172,False,,20261003_171218,500,161,100,extension,Linux x86_64
Talky_G,1,oml_dresses_sales,minsup,0.1235,0.2429,69.98,172,False,,20261003_171219,500,161,100,extension,Linux x86_64
Zart,1,oml_dresses_sales,minsup,0.1235,0.2782,81.19,172,False,,20261003_171219,500,161,100,extension,Linux x86_64
FGC_Stream,1,oml_dresses_sales,minsup,0.1235,0.159,4.72,172,False,,20261003_171219,500,161,100,extension,Linux x86_64
Apriori_Gen_Borgelt,1,oml_numerai28_6,minsup,0.10183502906976744,0.1554,25.57,208,False,,20261003_171220,96320,107,100,extension,Linux x86_64
DefMe,1,oml_numerai28_6,minsup,0.10183502906976744,0.4773,260.84,209,False,,20261003_171221,96320,107,100,extension,Linux x86_64
Eclat_Gen_Borgelt,1,oml_numerai28_6,minsup,0.10183502906976744,0.1908,42.91,208,False,,20261003_171221,96320,107,100,extension,Linux x86_64
FPgrowth_Gen_Borgelt,1,oml_numerai28_6,minsup,0.10183502906976744,0.3997,74.7,208,False,,20261003_171222,96320,107,100,extension,Linux x86_64
Gr_growth,1,oml_numerai28_6,minsup,0.10183502906976744,0.4075,74.38,209,False,,20261003_171222,96320,107,100,extension,Linux x86_64
Pascal,1,oml_numerai28_6,minsup,0.10183502906976744,16.3882,208.83,208,False,,20261003_171239,96320,107,100,extension,Linux x86_64
TalkyG_Diffset,1,oml_numerai28_6,minsup,0.10183502906976744,0.4241,211.96,209,False,,20261003_171240,96320,107,100,extension,Linux x86_64
Talky_G,1,oml_numerai28_6,minsup,0.10183502906976744,0.4594,213.59,209,False,,20261003_171240,96320,107,100,extension,Linux x86_64
Zart,1,oml_numerai28_6,minsup,0.10183502906976744,12.2214,343.15,209,False,,20261003_171253,96320,107,100,extension,Linux x86_64
FGC_Stream,1,oml_gesturephasesegmentationprocessed,minsup,0.11999898713663527,260.9122,34.06,270,False,,20261003_171354,9873,165,100,extension,Linux x86_64
Apriori_Gen_Borgelt,1,oml_churn,minsup,0.18055,0.0142,4.11,192,False,,20261003_171354,5000,96,100,extension,Linux x86_64
DefMe,1,oml_churn,minsup,0.18055,0.2711,92.96,193,False,,20261003_171355,5000,96,100,extension,Linux x86_64
Eclat_Gen_Borgelt,1,oml_churn,minsup,0.18055,0.0113,4.87,192,False,,20261003_171355,5000,96,100,extension,Linux x86_64
FPgrowth_Gen_Borgelt,1,oml_churn,minsup,0.18055,0.0145,6.35,192,False,,20261003_171355,5000,96,100,extension,Linux x86_64
Gr_growth,1,oml_churn,minsup,0.18055,0.0179,16.25,193,False,,20261003_171356,5000,96,100,extension,Linux x86_64
Pascal,1,oml_churn,minsup,0.18055,0.5217,97.98,192,False,,20261003_171356,5000,96,100,extension,Linux x86_64
TalkyG_Diffset,1,oml_churn,minsup,0.18055,0.2588,87.49,193,False,,20261003_171357,5000,96,100,extension,Linux x86_64
Talky_G,1,oml_churn,minsup,0.18055,0.2293,87.18,193,False,,20261003_171357,5000,96,100,extension,Linux x86_64
Zart,1,oml_churn,minsup,0.18055,0.7371,128.34,193,False,,20261003_171358,5000,96,100,extension,Linux x86_64
FGC_Stream,1,oml_churn,minsup,0.18055,16.6024,14.56,193,False,,20261003_171415,5000,96,100,extension,Linux x86_64
Apriori_Gen_Borgelt,1,oml_steel_plates_fault,minsup,0.1791602266872746,0.0096,3.52,226,False,,20261003_171415,1941,130,100,extension,Linux x86_64
DefMe,1,oml_steel_plates_fault,minsup,0.1791602266872746,0.2579,84.15,227,False,,20261003_171416,1941,130,100,extension,Linux x86_64
Eclat_Gen_Borgelt,1,oml_steel_plates_fault,minsup,0.1791602266872746,0.0101,3.94,226,False,,20261003_171416,1941,130,100,extension,Linux x86_64
FPgrowth_Gen_Borgelt,1,oml_steel_plates_fault,minsup,0.1791602266872746,0.0084,4.55,226,False,,20261003_171416,1941,130,100,extension,Linux x86_64
Gr_growth,1,oml_steel_plates_fault,minsup,0.1791602266872746,0.014,15.0,227,False,,20261003_171417,1941,130,100,extension,Linux x86_64
Pascal,1,oml_steel_plates_fault,minsup,0.1791602266872746,0.5523,82.58,226,False,,20261003_171417,1941,130,100,extension,Linux x86_64
TalkyG_Diffset,1,oml_steel_plates_fault,minsup,0.1791602266872746,0.2549,86.64,229,False,,20261003_171418,1941,130,100,extension,Linux x86_64
Talky_G,1,oml_steel_plates_fault,minsup,0.1791602266872746,0.2594,85.0,229,False,,20261003_171418,1941,130,100,extension,Linux x86_64
Zart,1,oml_steel_plates_fault,minsup,0.1791602266872746,0.7317,97.46,227,False,,20261003_171419,1941,130,100,extension,Linux x86_64
FGC_Stream,1,oml_steel_plates_fault,minsup,0.1791602266872746,2.3158,9.02,227,False,,20261003_171422,1941,130,100,extension,Linux x86_64
Apriori_Gen_Borgelt,1,oml_wilt,minsup,0.04437900392643108,0.0065,3.15,183,False,,20261003_171422,4839,27,100,extension,Linux x86_64
DefMe,1,oml_wilt,minsup,0.04437900392643108,0.2615,84.12,184,False,,20261003_171423,4839,27,100,extension,Linux x86_64
Eclat_Gen_Borgelt,1,oml_wilt,minsup,0.04437900392643108,0.0076,3.41,183,False,,20261003_171423,4839,27,100,extension,Linux x86_64
FPgrowth_Gen_Borgelt,1,oml_wilt,minsup,0.04437900392643108,0.008,3.7,183,False,,20261003_171423,4839,27,100,extension,Linux x86_64
Gr_growth,1,oml_wilt,minsup,0.04437900392643108,0.0127,13.75,184,False,,20261003_171424,4839,27,100,extension,Linux x86_64
Pascal,1,oml_wilt,minsup,0.04437900392643108,0.3022,79.6,183,False,,20261003_171424,4839,27,100,extension,Linux x86_64
TalkyG_Diffset,1,oml_wilt,minsup,0.04437900392643108,0.2772,80.17,184,False,,20261003_171425,4839,27,100,extension,Linux x86_64
Talky_G,1,oml_wilt,minsup,0.04437900392643108,0.2619,84.06,184,False,,20261003_171425,4839,27,100,extension,Linux x86_64
Zart,1,oml_wilt,minsup,0.04437900392643108,0.3205,95.02,184,False,,20261003_171426,4839,27,100,extension,Linux x86_64
FGC_Stream,1,oml_wilt,minsup,0.04437900392643108,2.2926,7.37,184,False,,20261003_171428,4839,27,100,extension,Linux x86_64
Apriori_Gen_Borgelt,1,oml_climate_model_simulation_crashes,minsup,0.06620370370370371,0.0063,3.0,481,False,,20261003_171428,540,100,100,extension,Linux x86_64
DefMe,1,oml_climate_model_simulation_crashes,minsup,0.06620370370370371,0.2387,75.43,482,False,,20261003_171429,540,100,100,extension,Linux x86_64
Eclat_Gen_Borgelt,1,oml_climate_model_simulation_crashes,minsup,0.06620370370370371,0.0079,3.49,481,False,,20261003_171429,540,100,100,extension,Linux x86_64
FPgrowth_Gen_Borgelt,1,oml_climate_model_simulation_crashes,minsup,0.06620370370370371,0.0088,3.65,481,False,,20261003_171429,540,100,100,extension,Linux x86_64
Gr_growth,1,oml_climate_model_simulation_crashes,minsup,0.06620370370370371,0.0127,14.07,482,False,,20261003_171430,540,100,100,extension,Linux x86_64
Pascal,1,oml_climate_model_simulation_crashes,minsup,0.06620370370370371,0.3031,85.69,481,False,,20261003_171430,540,100,100,extension,Linux x86_64
TalkyG_Diffset,1,oml_climate_model_simulation_crashes,minsup,0.06620370370370371,0.2404,87.53,482,False,,20261003_171431,540,100,100,extension,Linux x86_64
Talky_G,1,oml_climate_model_simulation_crashes,minsup,0.06620370370370371,0.2621,80.98,482,False,,20261003_171431,540,100,100,extension,Linux x86_64
Zart,1,oml_climate_model_simulation_crashes,minsup,0.06620370370370371,0.7151,106.46,482,False,,20261003_171432,540,100,100,extension,Linux x86_64
FGC_Stream,1,oml_climate_model_simulation_crashes,minsup,0.06620370370370371,0.3616,5.49,482,False,,20261003_171433,540,100,100,extension,Linux x86_64
Apriori_Gen_Borgelt,1,oml_jungle_chess_2pcs_raw_endgame_complete,minsup,0.04115999910752136,0.0245,8.84,146,False,,20261003_171433,44819,45,100,extension,Linux x86_64
DefMe,1,oml_jungle_chess_2pcs_raw_endgame_complete,minsup,0.04115999910752136,0.3225,103.32,147,False,,20261003_171434,44819,45,100,extension,Linux x86_64
Eclat_Gen_Borgelt,1,oml_jungle_chess_2pcs_raw_endgame_complete,minsup,0.04115999910752136,0.0286,11.64,146,False,,20261003_171434,44819,45,100,extension,Linux x86_64
FPgrowth_Gen_Borgelt,1,oml_jungle_chess_2pcs_raw_endgame_complete,minsup,0.04115999910752136,0.0258,9.59,146,False,,20261003_171434,44819,45,100,extension,Linux x86_64
Gr_growth,1,oml_jungle_chess_2pcs_raw_endgame_complete,minsup,0.04115999910752136,0.0244,16.72,147,False,,20261003_171435,44819,45,100,extension,Linux x86_64
Pascal,1,oml_jungle_chess_2pcs_raw_endgame_complete,minsup,0.04115999910752136,0.6042,97.61,146,False,,20261003_171435,44819,45,100,extension,Linux x86_64
TalkyG_Diffset,1,oml_jungle_chess_2pcs_raw_endgame_complete,minsup,0.04115999910752136,0.3329,97.55,147,False,,20261003_171436,44819,45,100,extension,Linux x86_64
Talky_G,1,oml_jungle_chess_2pcs_raw_endgame_complete,minsup,0.04115999910752136,0.3147,97.81,147,False,,20261003_171437,44819,45,100,extension,Linux x86_64
Zart,1,oml_jungle_chess_2pcs_raw_endgame_complete,minsup,0.04115999910752136,0.9677,145.69,147,False,,20261003_171438,44819,45,100,extension,Linux x86_64
FGC_Stream,1,oml_jungle_chess_2pcs_raw_endgame_complete,minsup,0.04115999910752136,260.9136,36.92,147,False,,20261003_171859,44819,45,100,extension,Linux x86_64
Apriori_Gen_Borgelt,1,oml_mfeat_morphological,minsup,0.011875,0.0062,3.13,1101,False,,20261003_171859,2000,41,1000,extension,Linux x86_64
DefMe,1,oml_mfeat_morphological,minsup,0.011875,0.2359,82.52,1102,False,,20261003_171900,2000,41,1000,extension,Linux x86_64
Eclat_Gen_Borgelt,1,oml_mfeat_morphological,minsup,0.011875,0.0075,4.24,1101,False,,20261003_171900,2000,41,1000,extension,Linux x86_64
FPgrowth_Gen_Borgelt,1,oml_mfeat_morphological,minsup,0.011875,0.0075,4.43,1101,False,,20261003_171900,2000,41,1000,extension,Linux x86_64
Gr_growth,1,oml_mfeat_morphological,minsup,0.011875,0.0097,13.76,1102,False,,20261003_171900,2000,41,1000,extension,Linux x86_64
Pascal,1,oml_mfeat_morphological,minsup,0.011875,0.3105,98.27,1101,False,,20261003_171901,2000,41,1000,extension,Linux x86_64
TalkyG_Diffset,1,oml_mfeat_morphological,minsup,0.011875,0.2445,82.37,1153,False,,20261003_171901,2000,41,1000,extension,Linux x86_64
Talky_G,1,oml_mfeat_morphological,minsup,0.011875,0.2124,80.07,1153,False,,20261003_171902,2000,41,1000,extension,Linux x86_64
Zart,1,oml_mfeat_morphological,minsup,0.011875,0.5383,125.22,1102,False,,20261003_171903,2000,41,1000,extension,Linux x86_64
FGC_Stream,1,oml_mfeat_morphological,minsup,0.011875,1.083,6.4,1102,False,,20261003_171904,2000,41,1000,extension,Linux x86_64
Apriori_Gen_Borgelt,1,oml_cmc,minsup,0.010692464358452138,0.0106,3.4,11496,False,,20261003_171904,1473,45,1000,extension,Linux x86_64
DefMe,1,oml_cmc,minsup,0.010692464358452138,0.2429,108.01,11497,False,,20261003_171905,1473,45,1000,extension,Linux x86_64
Eclat_Gen_Borgelt,1,oml_cmc,minsup,0.010692464358452138,0.0113,11.05,11496,False,,20261003_171905,1473,45,1000,extension,Linux x86_64
FPgrowth_Gen_Borgelt,1,oml_cmc,minsup,0.010692464358452138,0.0118,11.75,11496,False,,20261003_171905,1473,45,1000,extension,Linux x86_64
Gr_growth,1,oml_cmc,minsup,0.010692464358452138,0.0123,14.22,11497,False,,20261003_171905,1473,45,1000,extension,Linux x86_64
Pascal,1,oml_cmc,minsup,0.010692464358452138,0.6214,89.84,11496,False,,20261003_171906,1473,45,1000,extension,Linux x86_64
TalkyG_Diffset,1,oml_cmc,minsup,0.010692464358452138,0.2638,112.72,11510,False,,20261003_171907,1473,45,1000,extension,Linux x86_64
Talky_G,1,oml_cmc,minsup,0.010692464358452138,0.3061,108.21,11510,False,,20261003_171907,1473,45,1000,extension,Linux x86_64
Zart,1,oml_cmc,minsup,0.010692464358452138,5.6559,125.1,11497,False,,20261003_171913,1473,45,1000,extension,Linux x86_64
FGC_Stream,1,oml_cmc,minsup,0.010692464358452138,7.0316,21.33,11497,False,,20261003_171921,1473,45,1000,extension,Linux x86_64
Apriori_Gen_Borgelt,1,oml_pendigits,minsup,0.049922671033478895,0.0559,4.61,2462,False,,20261003_171921,10992,82,1000,extension,Linux x86_64
DefMe,1,oml_pendigits,minsup,0.049922671033478895,0.2519,117.63,2463,False,,20261003_171921,10992,82,1000,extension,Linux x86_64
Eclat_Gen_Borgelt,1,oml_pendigits,minsup,0.049922671033478895,0.0316,8.76,2462,False,,20261003_171922,10992,82,1000,extension,Linux x86_64
FPgrowth_Gen_Borgelt,1,oml_pendigits,minsup,0.049922671033478895,0.0307,12.23,2462,False,,20261003_171922,10992,82,1000,extension,Linux x86_64
Gr_growth,1,oml_pendigits,minsup,0.049922671033478895,0.0393,17.5,2463,False,,20261003_171922,10992,82,1000,extension,Linux x86_64
Pascal,1,oml_pendigits,minsup,0.049922671033478895,1.7426,93.91,2462,False,,20261003_171924,10992,82,1000,extension,Linux x86_64
TalkyG_Diffset,1,oml_pendigits,minsup,0.049922671033478895,0.2942,95.09,2486,False,,20261003_171925,10992,82,1000,extension,Linux x86_64
Talky_G,1,oml_pendigits,minsup,0.049922671033478895,0.3143,97.92,2486,False,,20261003_171925,10992,82,1000,extension,Linux x86_64
Zart,1,oml_pendigits,minsup,0.049922671033478895,3.5928,162.3,2463,False,,20261003_171929,10992,82,1000,extension,Linux x86_64
FGC_Stream,1,oml_numerai28_6,minsup,0.10183502906976744,600.0263,114.94,0,True,,20261003_172253,96320,107,100,extension,Linux x86_64
Apriori_Gen_Borgelt,1,oml_electricity,minsup,0.01308152365819209,0.0426,6.18,4555,False,,20261003_172253,45312,41,1000,extension,Linux x86_64
DefMe,1,oml_electricity,minsup,0.01308152365819209,0.3322,214.17,4556,False,,20261003_172254,45312,41,1000,extension,Linux x86_64
Eclat_Gen_Borgelt,1,oml_electricity,minsup,0.01308152365819209,0.0365,12.32,4555,False,,20261003_172254,45312,41,1000,extension,Linux x86_64
FPgrowth_Gen_Borgelt,1,oml_electricity,minsup,0.01308152365819209,0.0295,14.28,4555,False,,20261003_172255,45312,41,1000,extension,Linux x86_64
Gr_growth,1,oml_electricity,minsup,0.01308152365819209,0.0265,15.18,4556,False,,20261003_172255,45312,41,1000,extension,Linux x86_64
Pascal,1,oml_electricity,minsup,0.01308152365819209,3.3093,108.59,4555,False,,20261003_172258,45312,41,1000,extension,Linux x86_64
TalkyG_Diffset,1,oml_electricity,minsup,0.01308152365819209,0.3844,171.91,4568,False,,20261003_172259,45312,41,1000,extension,Linux x86_64
Talky_G,1,oml_electricity,minsup,0.01308152365819209,0.3312,136.5,4568,False,,20261003_172300,45312,41,1000,extension,Linux x86_64
Zart,1,oml_electricity,minsup,0.01308152365819209,10.5034,212.41,4556,False,,20261003_172310,45312,41,1000,extension,Linux x86_64
FGC_Stream,1,oml_pendigits,minsup,0.049922671033478895,278.6518,24.85,2463,False,,20261003_172408,10992,82,1000,extension,Linux x86_64
Apriori_Gen_Borgelt,1,oml_satimage,minsup,0.10867029548989114,0.3401,6.2,41569,False,,20261003_172409,6430,186,1000,extension,Linux x86_64
DefMe,1,oml_satimage,minsup,0.10867029548989114,0.5123,475.62,41570,False,,20261003_172409,6430,186,1000,extension,Linux x86_64
Eclat_Gen_Borgelt,1,oml_satimage,minsup,0.10867029548989114,0.0706,18.0,41569,False,,20261003_172410,6430,186,1000,extension,Linux x86_64
FPgrowth_Gen_Borgelt,1,oml_satimage,minsup,0.10867029548989114,0.0647,23.76,41569,False,,20261003_172410,6430,186,1000,extension,Linux x86_64
Gr_growth,1,oml_satimage,minsup,0.10867029548989114,0.0715,22.19,41570,False,,20261003_172410,6430,186,1000,extension,Linux x86_64
Pascal,1,oml_satimage,minsup,0.10867029548989114,8.6366,119.57,41569,False,,20261003_172419,6430,186,1000,extension,Linux x86_64
TalkyG_Diffset,1,oml_satimage,minsup,0.10867029548989114,0.5583,226.84,46276,False,,20261003_172420,6430,186,1000,extension,Linux x86_64
Talky_G,1,oml_satimage,minsup,0.10867029548989114,0.515,175.96,46276,False,,20261003_172421,6430,186,1000,extension,Linux x86_64
Zart,1,oml_satimage,minsup,0.10867029548989114,84.3328,414.15,41570,False,,20261003_172545,6430,186,1000,extension,Linux x86_64
FGC_Stream,1,oml_electricity,minsup,0.01308152365819209,600.0191,44.12,0,True,,20261003_173311,45312,41,1000,extension,Linux x86_64
Apriori_Gen_Borgelt,1,oml_eucalyptus,minsup,0.05400815217391304,0.0087,3.16,1446,False,,20261003_173311,736,154,1000,extension,Linux x86_64
DefMe,1,oml_eucalyptus,minsup,0.05400815217391304,0.222,96.38,1447,False,,20261003_173311,736,154,1000,extension,Linux x86_64
Eclat_Gen_Borgelt,1,oml_eucalyptus,minsup,0.05400815217391304,0.0113,4.7,1446,False,,20261003_173312,736,154,1000,extension,Linux x86_64
FPgrowth_Gen_Borgelt,1,oml_eucalyptus,minsup,0.05400815217391304,0.0077,5.54,1446,False,,20261003_173312,736,154,1000,extension,Linux x86_64
Gr_growth,1,oml_eucalyptus,minsup,0.05400815217391304,0.0117,14.08,1447,False,,20261003_173312,736,154,1000,extension,Linux x86_64
Pascal,1,oml_eucalyptus,minsup,0.05400815217391304,0.4156,90.53,1446,False,,20261003_173313,736,154,1000,extension,Linux x86_64
TalkyG_Diffset,1,oml_eucalyptus,minsup,0.05400815217391304,0.2363,85.62,1448,False,,20261003_173313,736,154,1000,extension,Linux x86_64
Talky_G,1,oml_eucalyptus,minsup,0.05400815217391304,0.2226,84.91,1448,False,,20261003_173314,736,154,1000,extension,Linux x86_64
Zart,1,oml_eucalyptus,minsup,0.05400815217391304,2.1733,392.32,1447,False,,20261003_173316,736,154,1000,extension,Linux x86_64
FGC_Stream,1,oml_eucalyptus,minsup,0.05400815217391304,0.9702,6.56,1447,False,,20261003_173317,736,154,1000,extension,Linux x86_64
Apriori_Gen_Borgelt,1,oml_analcatdata_dmft,minsup,0.014742785445420327,0.0077,2.83,442,False,,20261003_173318,797,27,1000,extension,Linux x86_64
DefMe,1,oml_analcatdata_dmft,minsup,0.014742785445420327,0.2583,74.0,443,False,,20261003_173318,797,27,1000,extension,Linux x86_64
Eclat_Gen_Borgelt,1,oml_analcatdata_dmft,minsup,0.014742785445420327,0.0079,3.45,442,False,,20261003_173318,797,27,1000,extension,Linux x86_64
FPgrowth_Gen_Borgelt,1,oml_analcatdata_dmft,minsup,0.014742785445420327,0.0076,3.7,442,False,,20261003_173319,797,27,1000,extension,Linux x86_64
Gr_growth,1,oml_analcatdata_dmft,minsup,0.014742785445420327,0.0125,13.75,443,False,,20261003_173319,797,27,1000,extension,Linux x86_64
Pascal,1,oml_analcatdata_dmft,minsup,0.014742785445420327,0.2603,80.6,442,False,,20261003_173319,797,27,1000,extension,Linux x86_64
TalkyG_Diffset,1,oml_analcatdata_dmft,minsup,0.014742785445420327,0.248,73.09,443,False,,20261003_173320,797,27,1000,extension,Linux x86_64
Talky_G,1,oml_analcatdata_dmft,minsup,0.014742785445420327,0.2343,70.64,443,False,,20261003_173320,797,27,1000,extension,Linux x86_64
Zart,1,oml_analcatdata_dmft,minsup,0.014742785445420327,0.2905,87.34,443,False,,20261003_173321,797,27,1000,extension,Linux x86_64
FGC_Stream,1,oml_analcatdata_dmft,minsup,0.014742785445420327,0.0704,5.03,443,False,,20261003_173321,797,27,1000,extension,Linux x86_64
Apriori_Gen_Borgelt,1,oml_pc4,minsup,0.1582647462277092,0.0974,5.0,41149,False,,20261003_173322,1458,161,1000,extension,Linux x86_64
DefMe,1,oml_pc4,minsup,0.1582647462277092,0.3107,149.19,41150,False,,20261003_173322,1458,161,1000,extension,Linux x86_64
Eclat_Gen_Borgelt,1,oml_pc4,minsup,0.1582647462277092,0.0361,14.86,41149,False,,20261003_173322,1458,161,1000,extension,Linux x86_64
FPgrowth_Gen_Borgelt,1,oml_pc4,minsup,0.1582647462277092,0.0328,15.55,41149,False,,20261003_173323,1458,161,1000,extension,Linux x86_64
Gr_growth,1,oml_pc4,minsup,0.1582647462277092,0.0358,16.26,41150,False,,20261003_173323,1458,161,1000,extension,Linux x86_64
FGC_Stream,1,oml_satimage,minsup,0.10867029548989114,600.0997,89.39,0,True,,20261003_173546,6430,186,1000,extension,Linux x86_64
TalkyG_Diffset,1,oml_pc4,minsup,0.1582647462277092,0.4586,146.84,42368,False,,20261003_173546,1458,161,1000,extension,Linux x86_64
Talky_G,1,oml_pc4,minsup,0.1582647462277092,0.5176,135.51,42368,False,,20261003_173547,1458,161,1000,extension,Linux x86_64
Pascal,1,oml_pc4,minsup,0.1582647462277092,230.6578,378.6,41149,False,,20261003_173714,1458,161,1000,extension,Linux x86_64
FGC_Stream,1,oml_pc4,minsup,0.1582647462277092,140.5339,48.44,41150,False,,20261003_173935,1458,161,1000,extension,Linux x86_64
Apriori_Gen_Borgelt,1,oml_banknote_authentication,minsup,0.024599125364431488,0.0061,2.93,287,False,,20261003_173935,1372,22,1000,extension,Linux x86_64
DefMe,1,oml_banknote_authentication,minsup,0.024599125364431488,0.1929,75.31,288,False,,20261003_173935,1372,22,1000,extension,Linux x86_64
Eclat_Gen_Borgelt,1,oml_banknote_authentication,minsup,0.024599125364431488,0.0064,3.29,287,False,,20261003_173936,1372,22,1000,extension,Linux x86_64
FPgrowth_Gen_Borgelt,1,oml_banknote_authentication,minsup,0.024599125364431488,0.0062,3.37,287,False,,20261003_173936,1372,22,1000,extension,Linux x86_64
Gr_growth,1,oml_banknote_authentication,minsup,0.024599125364431488,0.0084,13.74,288,False,,20261003_173936,1372,22,1000,extension,Linux x86_64
Pascal,1,oml_banknote_authentication,minsup,0.024599125364431488,0.2216,82.54,287,False,,20261003_173937,1372,22,1000,extension,Linux x86_64
TalkyG_Diffset,1,oml_banknote_authentication,minsup,0.024599125364431488,0.2065,75.09,289,False,,20261003_173937,1372,22,1000,extension,Linux x86_64
Talky_G,1,oml_banknote_authentication,minsup,0.024599125364431488,0.2251,72.13,289,False,,20261003_173938,1372,22,1000,extension,Linux x86_64
Zart,1,oml_banknote_authentication,minsup,0.024599125364431488,0.301,83.39,288,False,,20261003_173938,1372,22,1000,extension,Linux x86_64
FGC_Stream,1,oml_banknote_authentication,minsup,0.024599125364431488,0.1542,5.01,288,False,,20261003_173938,1372,22,1000,extension,Linux x86_64
Apriori_Gen_Borgelt,1,oml_blood_transfusion_service_center,minsup,0.025066844919786096,0.0091,2.88,233,False,,20261003_173939,748,20,1000,extension,Linux x86_64
DefMe,1,oml_blood_transfusion_service_center,minsup,0.025066844919786096,0.2252,70.97,234,False,,20261003_173939,748,20,1000,extension,Linux x86_64
Eclat_Gen_Borgelt,1,oml_blood_transfusion_service_center,minsup,0.025066844919786096,0.0085,3.31,233,False,,20261003_173940,748,20,1000,extension,Linux x86_64
FPgrowth_Gen_Borgelt,1,oml_blood_transfusion_service_center,minsup,0.025066844919786096,0.0075,3.33,233,False,,20261003_173940,748,20,1000,extension,Linux x86_64
Gr_growth,1,oml_blood_transfusion_service_center,minsup,0.025066844919786096,0.0139,13.75,234,False,,20261003_173940,748,20,1000,extension,Linux x86_64
Pascal,1,oml_blood_transfusion_service_center,minsup,0.025066844919786096,0.2601,76.59,233,False,,20261003_173941,748,20,1000,extension,Linux x86_64
TalkyG_Diffset,1,oml_blood_transfusion_service_center,minsup,0.025066844919786096,0.2298,72.38,234,False,,20261003_173941,748,20,1000,extension,Linux x86_64
Talky_G,1,oml_blood_transfusion_service_center,minsup,0.025066844919786096,0.2398,71.95,234,False,,20261003_173942,748,20,1000,extension,Linux x86_64
Zart,1,oml_blood_transfusion_service_center,minsup,0.025066844919786096,0.3005,87.71,234,False,,20261003_173942,748,20,1000,extension,Linux x86_64
FGC_Stream,1,oml_blood_transfusion_service_center,minsup,0.025066844919786096,0.0656,4.48,234,False,,20261003_173942,748,20,1000,extension,Linux x86_64
Apriori_Gen_Borgelt,1,oml_ilpd,minsup,0.02530017152658662,0.0091,3.15,3361,False,,20261003_173943,583,48,1000,extension,Linux x86_64
DefMe,1,oml_ilpd,minsup,0.02530017152658662,0.2554,89.46,3362,False,,20261003_173943,583,48,1000,extension,Linux x86_64
Eclat_Gen_Borgelt,1,oml_ilpd,minsup,0.02530017152658662,0.0083,6.89,3361,False,,20261003_173943,583,48,1000,extension,Linux x86_64
FPgrowth_Gen_Borgelt,1,oml_ilpd,minsup,0.02530017152658662,0.0128,7.41,3361,False,,20261003_173944,583,48,1000,extension,Linux x86_64
Gr_growth,1,oml_ilpd,minsup,0.02530017152658662,0.0144,13.91,3362,False,,20261003_173944,583,48,1000,extension,Linux x86_64
Pascal,1,oml_ilpd,minsup,0.02530017152658662,0.4075,81.88,3361,False,,20261003_173945,583,48,1000,extension,Linux x86_64
TalkyG_Diffset,1,oml_ilpd,minsup,0.02530017152658662,0.2822,77.96,3421,False,,20261003_173945,583,48,1000,extension,Linux x86_64
Talky_G,1,oml_ilpd,minsup,0.02530017152658662,0.2721,77.09,3421,False,,20261003_173946,583,48,1000,extension,Linux x86_64
Zart,1,oml_ilpd,minsup,0.02530017152658662,1.2908,119.42,3362,False,,20261003_173947,583,48,1000,extension,Linux x86_64
FGC_Stream,1,oml_ilpd,minsup,0.02530017152658662,0.6267,8.63,3362,False,,20261003_173948,583,48,1000,extension,Linux x86_64
Apriori_Gen_Borgelt,1,oml_phoneme,minsup,0.01179681717246484,0.0089,3.18,1160,False,,20261003_173948,5404,27,1000,extension,Linux x86_64
DefMe,1,oml_phoneme,minsup,0.01179681717246484,0.2495,88.41,1161,False,,20261003_173949,5404,27,1000,extension,Linux x86_64
Eclat_Gen_Borgelt,1,oml_phoneme,minsup,0.01179681717246484,0.01,4.6,1160,False,,20261003_173949,5404,27,1000,extension,Linux x86_64
FPgrowth_Gen_Borgelt,1,oml_phoneme,minsup,0.01179681717246484,0.0086,4.71,1160,False,,20261003_173949,5404,27,1000,extension,Linux x86_64
Gr_growth,1,oml_phoneme,minsup,0.01179681717246484,0.0141,13.91,1161,False,,20261003_173950,5404,27,1000,extension,Linux x86_64
Pascal,1,oml_phoneme,minsup,0.01179681717246484,0.4566,82.17,1160,False,,20261003_173950,5404,27,1000,extension,Linux x86_64
TalkyG_Diffset,1,oml_phoneme,minsup,0.01179681717246484,0.2733,86.11,1163,False,,20261003_173951,5404,27,1000,extension,Linux x86_64
Talky_G,1,oml_phoneme,minsup,0.01179681717246484,0.2766,82.73,1163,False,,20261003_173952,5404,27,1000,extension,Linux x86_64
Zart,1,oml_phoneme,minsup,0.01179681717246484,0.6612,129.0,1161,False,,20261003_173952,5404,27,1000,extension,Linux x86_64
FGC_Stream,1,oml_phoneme,minsup,0.01179681717246484,4.1134,8.47,1161,False,,20261003_173957,5404,27,1000,extension,Linux x86_64
Apriori_Gen_Borgelt,1,oml_wall_robot_navigation,minsup,0.07326796187683285,0.0405,4.27,1638,False,,20261003_173957,5456,120,1000,extension,Linux x86_64
DefMe,1,oml_wall_robot_navigation,minsup,0.07326796187683285,0.2898,115.42,1639,False,,20261003_173958,5456,120,1000,extension,Linux x86_64
Eclat_Gen_Borgelt,1,oml_wall_robot_navigation,minsup,0.07326796187683285,0.0275,6.65,1638,False,,20261003_173958,5456,120,1000,extension,Linux x86_64
FPgrowth_Gen_Borgelt,1,oml_wall_robot_navigation,minsup,0.07326796187683285,0.0208,8.8,1638,False,,20261003_173958,5456,120,1000,extension,Linux x86_64
Gr_growth,1,oml_wall_robot_navigation,minsup,0.07326796187683285,0.0327,16.72,1639,False,,20261003_173958,5456,120,1000,extension,Linux x86_64
Pascal,1,oml_wall_robot_navigation,minsup,0.07326796187683285,1.2014,91.86,1638,False,,20261003_174000,5456,120,1000,extension,Linux x86_64
TalkyG_Diffset,1,oml_wall_robot_navigation,minsup,0.07326796187683285,0.3138,96.34,1639,False,,20261003_174001,5456,120,1000,extension,Linux x86_64
Talky_G,1,oml_wall_robot_navigation,minsup,0.07326796187683285,0.2914,93.01,1639,False,,20261003_174001,5456,120,1000,extension,Linux x86_64
Zart,1,oml_wall_robot_navigation,minsup,0.07326796187683285,2.4616,140.95,1639,False,,20261003_174004,5456,120,1000,extension,Linux x86_64
FGC_Stream,1,oml_wall_robot_navigation,minsup,0.07326796187683285,72.3162,18.93,1639,False,,20261003_174116,5456,120,1000,extension,Linux x86_64
Apriori_Gen_Borgelt,1,oml_wdbc,minsup,0.06634446397188049,0.0303,3.35,5077,False,,20261003_174117,569,152,1000,extension,Linux x86_64
DefMe,1,oml_wdbc,minsup,0.06634446397188049,0.2905,102.57,5078,False,,20261003_174117,569,152,1000,extension,Linux x86_64
Eclat_Gen_Borgelt,1,oml_wdbc,minsup,0.06634446397188049,0.0155,8.18,5077,False,,20261003_174117,569,152,1000,extension,Linux x86_64
FPgrowth_Gen_Borgelt,1,oml_wdbc,minsup,0.06634446397188049,0.0159,9.12,5077,False,,20261003_174118,569,152,1000,extension,Linux x86_64
Gr_growth,1,oml_wdbc,minsup,0.06634446397188049,0.0168,14.41,5078,False,,20261003_174118,569,152,1000,extension,Linux x86_64
Pascal,1,oml_wdbc,minsup,0.06634446397188049,0.7712,102.83,5077,False,,20261003_174119,569,152,1000,extension,Linux x86_64
TalkyG_Diffset,1,oml_wdbc,minsup,0.06634446397188049,0.2793,118.38,7384,False,,20261003_174120,569,152,1000,extension,Linux x86_64
Talky_G,1,oml_wdbc,minsup,0.06634446397188049,0.3103,116.49,7384,False,,20261003_174120,569,152,1000,extension,Linux x86_64
Zart,1,oml_wdbc,minsup,0.06634446397188049,11.5988,385.61,5078,False,,20261003_174132,569,152,1000,extension,Linux x86_64
FGC_Stream,1,oml_wdbc,minsup,0.06634446397188049,1.8222,11.33,5078,False,,20261003_174134,569,152,1000,extension,Linux x86_64
Apriori_Gen_Borgelt,1,oml_phishingwebsites,minsup,0.14118046132971507,218.376,628.33,15597082,False,,20261003_174514,11055,70,1000,extension,Linux x86_64
Zart,1,oml_pc4,minsup,0.1582647462277092,600.1277,482.16,0,True,,20261003_174548,1458,161,1000,extension,Linux x86_64
DefMe,1,oml_phishingwebsites,minsup,0.14118046132971507,42.3766,755.81,15597083,False,,20261003_174557,11055,70,1000,extension,Linux x86_64
Eclat_Gen_Borgelt,1,oml_phishingwebsites,minsup,0.14118046132971507,15.2118,1397.73,15597082,False,,20261003_174604,11055,70,1000,extension,Linux x86_64
FPgrowth_Gen_Borgelt,1,oml_phishingwebsites,minsup,0.14118046132971507,12.8684,1403.41,15597082,False,,20261003_174611,11055,70,1000,extension,Linux x86_64
Gr_growth,1,oml_phishingwebsites,minsup,0.14118046132971507,13.0945,751.42,15597083,False,,20261003_174618,11055,70,1000,extension,Linux x86_64
Pascal,1,oml_phishingwebsites,minsup,0.14118046132971507,600.0375,374.11,969144,True,,20261003_175612,11055,70,1000,extension,Linux x86_64
TalkyG_Diffset,1,oml_phishingwebsites,minsup,0.14118046132971507,600.1554,796.8,4600393,True,,20261003_175619,11055,70,1000,extension,Linux x86_64
Talky_G,1,oml_phishingwebsites,minsup,0.14118046132971507,600.1494,792.16,4641266,True,,20261003_180613,11055,70,1000,extension,Linux x86_64
Zart,1,oml_phishingwebsites,minsup,0.14118046132971507,600.136,488.14,0,True,,20261003_180620,11055,70,1000,extension,Linux x86_64
Apriori_Gen_Borgelt,1,oml_gesturephasesegmentationprocessed,minsup,0.07209054998480705,0.0934,6.33,3601,False,,20261003_180620,9873,165,1000,extension,Linux x86_64
DefMe,1,oml_gesturephasesegmentationprocessed,minsup,0.07209054998480705,0.3081,185.45,3602,False,,20261003_180620,9873,165,1000,extension,Linux x86_64
Eclat_Gen_Borgelt,1,oml_gesturephasesegmentationprocessed,minsup,0.07209054998480705,0.0555,11.76,3601,False,,20261003_180621,9873,165,1000,extension,Linux x86_64
FPgrowth_Gen_Borgelt,1,oml_gesturephasesegmentationprocessed,minsup,0.07209054998480705,0.0713,22.09,3601,False,,20261003_180621,9873,165,1000,extension,Linux x86_64
Gr_growth,1,oml_gesturephasesegmentationprocessed,minsup,0.07209054998480705,0.0668,24.38,3602,False,,20261003_180621,9873,165,1000,extension,Linux x86_64
Pascal,1,oml_gesturephasesegmentationprocessed,minsup,0.07209054998480705,4.7312,107.93,3601,False,,20261003_180626,9873,165,1000,extension,Linux x86_64
TalkyG_Diffset,1,oml_gesturephasesegmentationprocessed,minsup,0.07209054998480705,0.2921,116.43,3606,False,,20261003_180627,9873,165,1000,extension,Linux x86_64
Talky_G,1,oml_gesturephasesegmentationprocessed,minsup,0.07209054998480705,0.3177,109.93,3606,False,,20261003_180627,9873,165,1000,extension,Linux x86_64
Zart,1,oml_gesturephasesegmentationprocessed,minsup,0.07209054998480705,10.8147,405.64,3602,False,,20261003_180638,9873,165,1000,extension,Linux x86_64
FGC_Stream,1,oml_gesturephasesegmentationprocessed,minsup,0.07209054998480705,424.7745,37.99,3602,False,,20261003_181343,9873,165,1000,extension,Linux x86_64
Apriori_Gen_Borgelt,1,oml_cylinder_bands,minsup,0.1625,0.0396,3.94,23771,False,,20261003_181344,540,655,1000,extension,Linux x86_64
DefMe,1,oml_cylinder_bands,minsup,0.1625,0.28,129.43,23772,False,,20261003_181344,540,655,1000,extension,Linux x86_64
Eclat_Gen_Borgelt,1,oml_cylinder_bands,minsup,0.1625,0.024,12.88,23771,False,,20261003_181345,540,655,1000,extension,Linux x86_64
FPgrowth_Gen_Borgelt,1,oml_cylinder_bands,minsup,0.1625,0.0179,13.81,23771,False,,20261003_181345,540,655,1000,extension,Linux x86_64
Gr_growth,1,oml_cylinder_bands,minsup,0.1625,0.0229,14.84,23772,False,,20261003_181345,540,655,1000,extension,Linux x86_64
Pascal,1,oml_cylinder_bands,minsup,0.1625,17.1234,166.75,23771,False,,20261003_181402,540,655,1000,extension,Linux x86_64
TalkyG_Diffset,1,oml_cylinder_bands,minsup,0.1625,0.3656,119.23,24060,False,,20261003_181403,540,655,1000,extension,Linux x86_64
Talky_G,1,oml_cylinder_bands,minsup,0.1625,0.3643,114.95,24060,False,,20261003_181404,540,655,1000,extension,Linux x86_64
FGC_Stream,1,oml_phishingwebsites,minsup,0.14118046132971507,600.1137,40.95,0,True,,20261003_181613,11055,70,1000,extension,Linux x86_64
FGC_Stream,1,oml_cylinder_bands,minsup,0.1625,22.9975,44.06,23772,False,,20261003_181636,540,655,1000,extension,Linux x86_64
Apriori_Gen_Borgelt,1,oml_dresses_sales,minsup,0.0235,0.0099,3.18,4374,False,,20261003_181636,500,161,1000,extension,Linux x86_64
DefMe,1,oml_dresses_sales,minsup,0.0235,0.2669,94.54,4375,False,,20261003_181637,500,161,1000,extension,Linux x86_64
Eclat_Gen_Borgelt,1,oml_dresses_sales,minsup,0.0235,0.0134,7.21,4374,False,,20261003_181637,500,161,1000,extension,Linux x86_64
FPgrowth_Gen_Borgelt,1,oml_dresses_sales,minsup,0.0235,0.0089,7.55,4374,False,,20261003_181638,500,161,1000,extension,Linux x86_64
Gr_growth,1,oml_dresses_sales,minsup,0.0235,0.0147,13.89,4375,False,,20261003_181638,500,161,1000,extension,Linux x86_64
Pascal,1,oml_dresses_sales,minsup,0.0235,0.4545,88.18,4374,False,,20261003_181639,500,161,1000,extension,Linux x86_64
TalkyG_Diffset,1,oml_dresses_sales,minsup,0.0235,0.2686,77.58,4375,False,,20261003_181639,500,161,1000,extension,Linux x86_64
Talky_G,1,oml_dresses_sales,minsup,0.0235,0.2852,78.01,4375,False,,20261003_181640,500,161,1000,extension,Linux x86_64
Zart,1,oml_dresses_sales,minsup,0.0235,1.2573,183.34,4375,False,,20261003_181641,500,161,1000,extension,Linux x86_64
FGC_Stream,1,oml_dresses_sales,minsup,0.0235,0.7061,9.86,4375,False,,20261003_181642,500,161,1000,extension,Linux x86_64
Apriori_Gen_Borgelt,1,oml_numerai28_6,minsup,0.04879308554817276,0.5386,25.54,1462,False,,20261003_181643,96320,107,1000,extension,Linux x86_64
DefMe,1,oml_numerai28_6,minsup,0.04879308554817276,0.5479,390.94,1463,False,,20261003_181644,96320,107,1000,extension,Linux x86_64
Eclat_Gen_Borgelt,1,oml_numerai28_6,minsup,0.04879308554817276,0.3487,44.82,1462,False,,20261003_181644,96320,107,1000,extension,Linux x86_64
FPgrowth_Gen_Borgelt,1,oml_numerai28_6,minsup,0.04879308554817276,0.5835,91.13,1462,False,,20261003_181645,96320,107,1000,extension,Linux x86_64
Gr_growth,1,oml_numerai28_6,minsup,0.04879308554817276,0.7955,76.25,1463,False,,20261003_181646,96320,107,1000,extension,Linux x86_64
Pascal,1,oml_numerai28_6,minsup,0.04879308554817276,29.3883,215.38,1462,False,,20261003_181716,96320,107,1000,extension,Linux x86_64
TalkyG_Diffset,1,oml_numerai28_6,minsup,0.04879308554817276,0.5005,258.91,1463,False,,20261003_181717,96320,107,1000,extension,Linux x86_64
Talky_G,1,oml_numerai28_6,minsup,0.04879308554817276,0.4929,263.09,1463,False,,20261003_181717,96320,107,1000,extension,Linux x86_64
Zart,1,oml_numerai28_6,minsup,0.04879308554817276,28.1179,366.75,1463,False,,20261003_181746,96320,107,1000,extension,Linux x86_64
Zart,1,oml_cylinder_bands,minsup,0.1625,600.1512,943.32,0,True,,20261003_182404,540,655,1000,extension,Linux x86_64
Apriori_Gen_Borgelt,1,oml_churn,minsup,0.04455,0.0271,4.09,4202,False,,20261003_182404,5000,96,1000,extension,Linux x86_64
DefMe,1,oml_churn,minsup,0.04455,0.238,102.11,4203,False,,20261003_182405,5000,96,1000,extension,Linux x86_64
Eclat_Gen_Borgelt,1,oml_churn,minsup,0.04455,0.0177,9.3,4202,False,,20261003_182405,5000,96,1000,extension,Linux x86_64
FPgrowth_Gen_Borgelt,1,oml_churn,minsup,0.04455,0.0221,11.14,4202,False,,20261003_182405,5000,96,1000,extension,Linux x86_64
Gr_growth,1,oml_churn,minsup,0.04455,0.0235,16.41,4203,False,,20261003_182406,5000,96,1000,extension,Linux x86_64
Pascal,1,oml_churn,minsup,0.04455,1.1853,96.07,4202,False,,20261003_182407,5000,96,1000,extension,Linux x86_64
TalkyG_Diffset,1,oml_churn,minsup,0.04455,0.2821,95.0,4203,False,,20261003_182408,5000,96,1000,extension,Linux x86_64
Talky_G,1,oml_churn,minsup,0.04455,0.3021,94.15,4203,False,,20261003_182408,5000,96,1000,extension,Linux x86_64
Zart,1,oml_churn,minsup,0.04455,4.3212,135.86,4203,False,,20261003_182413,5000,96,1000,extension,Linux x86_64
FGC_Stream,1,oml_churn,minsup,0.04455,193.7778,18.87,4203,False,,20261003_182727,5000,96,1000,extension,Linux x86_64
Apriori_Gen_Borgelt,1,oml_steel_plates_fault,minsup,0.08384853168469861,0.0477,4.08,4162,False,,20261003_182727,1941,130,1000,extension,Linux x86_64
DefMe,1,oml_steel_plates_fault,minsup,0.08384853168469861,0.2473,110.69,4163,False,,20261003_182728,1941,130,1000,extension,Linux x86_64
Eclat_Gen_Borgelt,1,oml_steel_plates_fault,minsup,0.08384853168469861,0.0145,7.67,4162,False,,20261003_182728,1941,130,1000,extension,Linux x86_64
FPgrowth_Gen_Borgelt,1,oml_steel_plates_fault,minsup,0.08384853168469861,0.0147,8.6,4162,False,,20261003_182728,1941,130,1000,extension,Linux x86_64
Gr_growth,1,oml_steel_plates_fault,minsup,0.08384853168469861,0.0157,15.16,4163,False,,20261003_182728,1941,130,1000,extension,Linux x86_64
Pascal,1,oml_steel_plates_fault,minsup,0.08384853168469861,8.8533,153.56,4162,False,,20261003_182737,1941,130,1000,extension,Linux x86_64
TalkyG_Diffset,1,oml_steel_plates_fault,minsup,0.08384853168469861,0.2695,108.0,5824,False,,20261003_182738,1941,130,1000,extension,Linux x86_64
Talky_G,1,oml_steel_plates_fault,minsup,0.08384853168469861,0.3121,109.78,5824,False,,20261003_182739,1941,130,1000,extension,Linux x86_64
FGC_Stream,1,oml_numerai28_6,minsup,0.04879308554817276,600.0315,66.68,0,True,,20261003_182746,96320,107,1000,extension,Linux x86_64
FGC_Stream,1,oml_steel_plates_fault,minsup,0.08384853168469861,18.8478,12.18,4163,False,,20261003_182805,1941,130,1000,extension,Linux x86_64
Apriori_Gen_Borgelt,1,oml_wilt,minsup,0.01482744368671213,0.0067,3.2,704,False,,20261003_182805,4839,27,1000,extension,Linux x86_64
DefMe,1,oml_wilt,minsup,0.01482744368671213,0.2591,82.39,705,False,,20261003_182806,4839,27,1000,extension,Linux x86_64
Eclat_Gen_Borgelt,1,oml_wilt,minsup,0.01482744368671213,0.009,4.18,704,False,,20261003_182806,4839,27,1000,extension,Linux x86_64
FPgrowth_Gen_Borgelt,1,oml_wilt,minsup,0.01482744368671213,0.0073,4.38,704,False,,20261003_182806,4839,27,1000,extension,Linux x86_64
Gr_growth,1,oml_wilt,minsup,0.01482744368671213,0.0112,13.91,705,False,,20261003_182807,4839,27,1000,extension,Linux x86_64
Pascal,1,oml_wilt,minsup,0.01482744368671213,0.3546,89.71,704,False,,20261003_182807,4839,27,1000,extension,Linux x86_64
TalkyG_Diffset,1,oml_wilt,minsup,0.01482744368671213,0.2534,85.18,705,False,,20261003_182808,4839,27,1000,extension,Linux x86_64
Talky_G,1,oml_wilt,minsup,0.01482744368671213,0.2667,81.23,705,False,,20261003_182808,4839,27,1000,extension,Linux x86_64
Zart,1,oml_wilt,minsup,0.01482744368671213,0.53,128.73,705,False,,20261003_182809,4839,27,1000,extension,Linux x86_64
FGC_Stream,1,oml_wilt,minsup,0.01482744368671213,3.3086,7.65,705,False,,20261003_182813,4839,27,1000,extension,Linux x86_64
Apriori_Gen_Borgelt,1,oml_climate_model_simulation_crashes,minsup,0.04583333333333333,0.0077,3.14,1868,False,,20261003_182813,540,100,1000,extension,Linux x86_64
DefMe,1,oml_climate_model_simulation_crashes,minsup,0.04583333333333333,0.2402,88.72,1869,False,,20261003_182813,540,100,1000,extension,Linux x86_64
Eclat_Gen_Borgelt,1,oml_climate_model_simulation_crashes,minsup,0.04583333333333333,0.0103,5.02,1868,False,,20261003_182814,540,100,1000,extension,Linux x86_64
FPgrowth_Gen_Borgelt,1,oml_climate_model_simulation_crashes,minsup,0.04583333333333333,0.0114,6.0,1868,False,,20261003_182814,540,100,1000,extension,Linux x86_64
Gr_growth,1,oml_climate_model_simulation_crashes,minsup,0.04583333333333333,0.016,14.07,1869,False,,20261003_182814,540,100,1000,extension,Linux x86_64
Pascal,1,oml_climate_model_simulation_crashes,minsup,0.04583333333333333,0.4492,87.52,1868,False,,20261003_182815,540,100,1000,extension,Linux x86_64
TalkyG_Diffset,1,oml_climate_model_simulation_crashes,minsup,0.04583333333333333,0.2723,92.41,1869,False,,20261003_182815,540,100,1000,extension,Linux x86_64
Talky_G,1,oml_climate_model_simulation_crashes,minsup,0.04583333333333333,0.2655,94.22,1869,False,,20261003_182816,540,100,1000,extension,Linux x86_64
Zart,1,oml_climate_model_simulation_crashes,minsup,0.04583333333333333,1.1855,140.39,1869,False,,20261003_182817,540,100,1000,extension,Linux x86_64
FGC_Stream,1,oml_climate_model_simulation_crashes,minsup,0.04583333333333333,0.5226,7.07,1869,False,,20261003_182818,540,100,1000,extension,Linux x86_64
Apriori_Gen_Borgelt,1,oml_jungle_chess_2pcs_raw_endgame_complete,minsup,0.0074912425533813784,0.0348,9.14,1899,False,,20261003_182819,44819,45,1000,extension,Linux x86_64
DefMe,1,oml_jungle_chess_2pcs_raw_endgame_complete,minsup,0.0074912425533813784,0.3197,163.71,1900,False,,20261003_182819,44819,45,1000,extension,Linux x86_64
Eclat_Gen_Borgelt,1,oml_jungle_chess_2pcs_raw_endgame_complete,minsup,0.0074912425533813784,0.0376,13.45,1899,False,,20261003_182819,44819,45,1000,extension,Linux x86_64
FPgrowth_Gen_Borgelt,1,oml_jungle_chess_2pcs_raw_endgame_complete,minsup,0.0074912425533813784,0.0384,14.48,1899,False,,20261003_182820,44819,45,1000,extension,Linux x86_64
Gr_growth,1,oml_jungle_chess_2pcs_raw_endgame_complete,minsup,0.0074912425533813784,0.0413,16.89,1900,False,,20261003_182820,44819,45,1000,extension,Linux x86_64
Pascal,1,oml_jungle_chess_2pcs_raw_endgame_complete,minsup,0.0074912425533813784,2.4423,95.07,1899,False,,20261003_182823,44819,45,1000,extension,Linux x86_64
TalkyG_Diffset,1,oml_jungle_chess_2pcs_raw_endgame_complete,minsup,0.0074912425533813784,0.3616,127.28,1900,False,,20261003_182823,44819,45,1000,extension,Linux x86_64
Talky_G,1,oml_jungle_chess_2pcs_raw_endgame_complete,minsup,0.0074912425533813784,0.376,113.81,1900,False,,20261003_182824,44819,45,1000,extension,Linux x86_64
Zart,1,oml_jungle_chess_2pcs_raw_endgame_complete,minsup,0.0074912425533813784,6.5292,142.38,1900,False,,20261003_182831,44819,45,1000,extension,Linux x86_64
FGC_Stream,1,oml_jungle_chess_2pcs_raw_endgame_complete,minsup,0.0074912425533813784,432.6501,38.49,1900,False,,20261003_183544,44819,45,1000,extension,Linux x86_64
Apriori_Gen_Borgelt,1,oml_pendigits,minsup,0.012349890829694322,0.4168,9.28,87499,False,,20261003_183544,10992,82,5000,extension,Linux x86_64
DefMe,1,oml_pendigits,minsup,0.012349890829694322,0.5642,492.28,87500,False,,20261003_183545,10992,82,5000,extension,Linux x86_64
Eclat_Gen_Borgelt,1,oml_pendigits,minsup,0.012349890829694322,0.1468,20.18,87499,False,,20261003_183545,10992,82,5000,extension,Linux x86_64
FPgrowth_Gen_Borgelt,1,oml_pendigits,minsup,0.012349890829694322,0.0899,38.65,87499,False,,20261003_183546,10992,82,5000,extension,Linux x86_64
Gr_growth,1,oml_pendigits,minsup,0.012349890829694322,0.1352,20.82,87500,False,,20261003_183546,10992,82,5000,extension,Linux x86_64
Pascal,1,oml_pendigits,minsup,0.012349890829694322,26.4731,137.33,87499,False,,20261003_183613,10992,82,5000,extension,Linux x86_64
TalkyG_Diffset,1,oml_pendigits,minsup,0.012349890829694322,0.9291,399.85,96830,False,,20261003_183614,10992,82,5000,extension,Linux x86_64
Talky_G,1,oml_pendigits,minsup,0.012349890829694322,0.9122,339.24,96830,False,,20261003_183615,10992,82,5000,extension,Linux x86_64
Zart,1,oml_steel_plates_fault,minsup,0.08384853168469861,531.2522,482.18,4163,False,,20261003_183630,1941,130,1000,extension,Linux x86_64
Zart,1,oml_pendigits,minsup,0.012349890829694322,583.8523,359.63,87500,False,,20261003_184559,10992,82,5000,extension,Linux x86_64
FGC_Stream,1,oml_pendigits,minsup,0.012349890829694322,600.023,70.22,0,True,,20261003_184630,10992,82,5000,extension,Linux x86_64
DefMe,1,oml_satimage,minsup,0.049261275272161745,81.3989,777.68,37280965,False,,20261003_184755,6430,186,5000,extension,Linux x86_64
Apriori_Gen_Borgelt,1,oml_satimage,minsup,0.049261275272161745,162.2652,1919.26,37280964,False,,20261003_184844,6430,186,5000,extension,Linux x86_64
Eclat_Gen_Borgelt,1,oml_satimage,minsup,0.049261275272161745,70.4688,3438.32,37280964,False,,20261003_184908,6430,186,5000,extension,Linux x86_64
FPgrowth_Gen_Borgelt,1,oml_satimage,minsup,0.049261275272161745,65.3636,3479.86,37280964,False,,20261003_184952,6430,186,5000,extension,Linux x86_64
Gr_growth,1,oml_satimage,minsup,0.049261275272161745,46.1432,1758.75,37280965,False,,20261003_184956,6430,186,5000,extension,Linux x86_64
Pascal,1,oml_satimage,minsup,0.049261275272161745,600.1207,439.81,1141692,True,,20261003_185953,6430,186,5000,extension,Linux x86_64
TalkyG_Diffset,1,oml_satimage,minsup,0.049261275272161745,600.1495,640.3,2837144,True,,20261003_185957,6430,186,5000,extension,Linux x86_64
Talky_G,1,oml_satimage,minsup,0.049261275272161745,600.1424,642.04,2843843,True,,20261003_190953,6430,186,5000,extension,Linux x86_64
Zart,1,oml_satimage,minsup,0.049261275272161745,600.1407,593.49,0,True,,20261003_190957,6430,186,5000,extension,Linux x86_64
Apriori_Gen_Borgelt,1,oml_eucalyptus,minsup,0.017323369565217392,0.0252,4.32,22239,False,,20261003_190958,736,154,5000,extension,Linux x86_64
DefMe,1,oml_eucalyptus,minsup,0.017323369565217392,0.2785,124.15,22240,False,,20261003_190958,736,154,5000,extension,Linux x86_64
Eclat_Gen_Borgelt,1,oml_eucalyptus,minsup,0.017323369565217392,0.0229,12.1,22239,False,,20261003_190959,736,154,5000,extension,Linux x86_64
FPgrowth_Gen_Borgelt,1,oml_eucalyptus,minsup,0.017323369565217392,0.0233,14.75,22239,False,,20261003_190959,736,154,5000,extension,Linux x86_64
Gr_growth,1,oml_eucalyptus,minsup,0.017323369565217392,0.0227,14.69,22240,False,,20261003_190959,736,154,5000,extension,Linux x86_64
Pascal,1,oml_eucalyptus,minsup,0.017323369565217392,15.4142,195.35,22239,False,,20261003_191015,736,154,5000,extension,Linux x86_64
TalkyG_Diffset,1,oml_eucalyptus,minsup,0.017323369565217392,0.4379,147.41,22924,False,,20261003_191015,736,154,5000,extension,Linux x86_64
Talky_G,1,oml_eucalyptus,minsup,0.017323369565217392,0.4371,123.27,22924,False,,20261003_191016,736,154,5000,extension,Linux x86_64
FGC_Stream,1,oml_satimage,minsup,0.049261275272161745,600.0876,390.09,0,True,,20261003_191954,6430,186,5000,extension,Linux x86_64
FGC_Stream,1,oml_eucalyptus,minsup,0.017323369565217392,3.8364,27.65,22240,False,,20261003_191958,736,154,5000,extension,Linux x86_64
Apriori_Gen_Borgelt,1,oml_pc4,minsup,0.04715363511659808,11.4481,384.73,3122448,False,,20261003_192010,1458,161,5000,extension,Linux x86_64
DefMe,1,oml_pc4,minsup,0.04715363511659808,3.317,617.63,3122449,False,,20261003_192014,1458,161,5000,extension,Linux x86_64
Eclat_Gen_Borgelt,1,oml_pc4,minsup,0.04715363511659808,2.029,279.84,3122448,False,,20261003_192016,1458,161,5000,extension,Linux x86_64
Zart,1,oml_eucalyptus,minsup,0.017323369565217392,600.1411,526.51,0,True,,20261003_192016,736,154,5000,extension,Linux x86_64
FPgrowth_Gen_Borgelt,1,oml_pc4,minsup,0.04715363511659808,1.7426,289.48,3122448,False,,20261003_192018,1458,161,5000,extension,Linux x86_64
Gr_growth,1,oml_pc4,minsup,0.04715363511659808,2.2067,153.91,3122449,False,,20261003_192019,1458,161,5000,extension,Linux x86_64
Pascal,1,oml_pc4,minsup,0.04715363511659808,600.139,531.03,543920,True,,20261003_193019,1458,161,5000,extension,Linux x86_64
TalkyG_Diffset,1,oml_pc4,minsup,0.04715363511659808,600.1404,496.86,1491939,True,,20261003_193020,1458,161,5000,extension,Linux x86_64
Talky_G,1,oml_pc4,minsup,0.04715363511659808,600.1361,502.63,1515645,True,,20261003_194019,1458,161,5000,extension,Linux x86_64
Zart,1,oml_pc4,minsup,0.04715363511659808,600.1372,526.06,0,True,,20261003_194020,1458,161,5000,extension,Linux x86_64
Apriori_Gen_Borgelt,1,oml_wall_robot_navigation,minsup,0.024514296187683284,0.657,10.95,114742,False,,20261003_194021,5456,120,5000,extension,Linux x86_64
DefMe,1,oml_wall_robot_navigation,minsup,0.024514296187683284,0.592,468.2,114743,False,,20261003_194022,5456,120,5000,extension,Linux x86_64
Eclat_Gen_Borgelt,1,oml_wall_robot_navigation,minsup,0.024514296187683284,0.1597,20.82,114742,False,,20261003_194022,5456,120,5000,extension,Linux x86_64
FPgrowth_Gen_Borgelt,1,oml_wall_robot_navigation,minsup,0.024514296187683284,0.1013,43.3,114742,False,,20261003_194022,5456,120,5000,extension,Linux x86_64
Gr_growth,1,oml_wall_robot_navigation,minsup,0.024514296187683284,0.1309,21.14,114743,False,,20261003_194023,5456,120,5000,extension,Linux x86_64
Pascal,1,oml_wall_robot_navigation,minsup,0.024514296187683284,22.5198,212.52,114742,False,,20261003_194046,5456,120,5000,extension,Linux x86_64
TalkyG_Diffset,1,oml_wall_robot_navigation,minsup,0.024514296187683284,1.8782,388.98,133066,False,,20261003_194048,5456,120,5000,extension,Linux x86_64
Talky_G,1,oml_wall_robot_navigation,minsup,0.024514296187683284,2.0444,393.78,133066,False,,20261003_194050,5456,120,5000,extension,Linux x86_64
FGC_Stream,1,oml_pc4,minsup,0.04715363511659808,600.1037,647.83,0,True,,20261003_195020,1458,161,5000,extension,Linux x86_64
Zart,1,oml_wall_robot_navigation,minsup,0.024514296187683284,600.1384,440.07,0,True,,20261003_195050,5456,120,5000,extension,Linux x86_64
Apriori_Gen_Borgelt,1,oml_wdbc,minsup,0.04173989455184534,0.1024,5.87,27295,False,,20261003_195051,569,152,5000,extension,Linux x86_64
DefMe,1,oml_wdbc,minsup,0.04173989455184534,0.3435,144.2,27296,False,,20261003_195051,569,152,5000,extension,Linux x86_64
Eclat_Gen_Borgelt,1,oml_wdbc,minsup,0.04173989455184534,0.029,12.98,27295,False,,20261003_195052,569,152,5000,extension,Linux x86_64
FPgrowth_Gen_Borgelt,1,oml_wdbc,minsup,0.04173989455184534,0.0293,17.69,27295,False,,20261003_195052,569,152,5000,extension,Linux x86_64
Gr_growth,1,oml_wdbc,minsup,0.04173989455184534,0.0366,15.19,27296,False,,20261003_195052,569,152,5000,extension,Linux x86_64
Pascal,1,oml_wdbc,minsup,0.04173989455184534,9.4042,167.18,27295,False,,20261003_195102,569,152,5000,extension,Linux x86_64
TalkyG_Diffset,1,oml_wdbc,minsup,0.04173989455184534,1.0516,132.99,44675,False,,20261003_195103,569,152,5000,extension,Linux x86_64
Talky_G,1,oml_wdbc,minsup,0.04173989455184534,1.0081,133.77,44675,False,,20261003_195104,569,152,5000,extension,Linux x86_64
FGC_Stream,1,oml_wall_robot_navigation,minsup,0.024514296187683284,600.019,142.75,0,True,,20261003_200020,5456,120,5000,extension,Linux x86_64
FGC_Stream,1,oml_wdbc,minsup,0.04173989455184534,4.7067,35.94,27296,False,,20261003_200025,569,152,5000,extension,Linux x86_64
Zart,1,oml_wdbc,minsup,0.04173989455184534,600.1393,486.36,0,True,,20261003_200105,569,152,5000,extension,Linux x86_64
Apriori_Gen_Borgelt,1,oml_phishingwebsites,minsup,0.02159656264133876,600.3259,7554.35,0,True,,20261003_201025,11055,70,5000,extension,Linux x86_64
DefMe,1,oml_phishingwebsites,minsup,0.02159656264133876,600.1317,918.23,140486046,True,,20261003_201114,11055,70,5000,extension,Linux x86_64
Eclat_Gen_Borgelt,1,oml_phishingwebsites,minsup,0.02159656264133876,252.31,7833.51,81310995,False,non-zero exit code 1: /home/hanketsu/Desktop/Projects/CENG643/TermProject/external_algos/borgelt/eclat: not enough memory,20261003_201444,11055,70,5000,extension,Linux x86_64
FPgrowth_Gen_Borgelt,1,oml_phishingwebsites,minsup,0.02159656264133876,241.8037,7833.47,81333176,False,non-zero exit code 1: /home/hanketsu/Desktop/Projects/CENG643/TermProject/external_algos/borgelt/fpgrowth: not enough memory,20261003_201522,11055,70,5000,extension,Linux x86_64
Gr_growth,1,oml_phishingwebsites,minsup,0.02159656264133876,342.924,7832.04,165019643,False,killed by signal 6: what():  std::bad_alloc,20261003_202038,11055,70,5000,extension,Linux x86_64
Pascal,1,oml_phishingwebsites,minsup,0.02159656264133876,600.0991,630.46,1864702,True,,20261003_202522,11055,70,5000,extension,Linux x86_64
TalkyG_Diffset,1,oml_phishingwebsites,minsup,0.02159656264133876,600.1531,614.18,2677705,True,,20261003_203038,11055,70,5000,extension,Linux x86_64
Talky_G,1,oml_phishingwebsites,minsup,0.02159656264133876,600.0756,595.72,2715152,True,,20261003_203523,11055,70,5000,extension,Linux x86_64
Zart,1,oml_phishingwebsites,minsup,0.02159656264133876,600.137,495.12,0,True,,20261003_204039,11055,70,5000,extension,Linux x86_64
Apriori_Gen_Borgelt,1,oml_gesturephasesegmentationprocessed,minsup,0.04292008508052264,1.1154,10.0,129780,False,,20261003_204040,9873,165,5000,extension,Linux x86_64
DefMe,1,oml_gesturephasesegmentationprocessed,minsup,0.04292008508052264,0.7916,603.25,129781,False,,20261003_204041,9873,165,5000,extension,Linux x86_64
Eclat_Gen_Borgelt,1,oml_gesturephasesegmentationprocessed,minsup,0.04292008508052264,0.2748,26.28,129780,False,,20261003_204042,9873,165,5000,extension,Linux x86_64
FPgrowth_Gen_Borgelt,1,oml_gesturephasesegmentationprocessed,minsup,0.04292008508052264,0.2599,92.85,129780,False,,20261003_204042,9873,165,5000,extension,Linux x86_64
Gr_growth,1,oml_gesturephasesegmentationprocessed,minsup,0.04292008508052264,0.3033,29.85,129781,False,,20261003_204043,9873,165,5000,extension,Linux x86_64
Pascal,1,oml_gesturephasesegmentationprocessed,minsup,0.04292008508052264,49.4298,158.18,129780,False,,20261003_204132,9873,165,5000,extension,Linux x86_64
TalkyG_Diffset,1,oml_gesturephasesegmentationprocessed,minsup,0.04292008508052264,1.5494,394.77,130646,False,,20261003_204134,9873,165,5000,extension,Linux x86_64
Talky_G,1,oml_gesturephasesegmentationprocessed,minsup,0.04292008508052264,1.5881,387.82,130646,False,,20261003_204136,9873,165,5000,extension,Linux x86_64
FGC_Stream,1,oml_phishingwebsites,minsup,0.02159656264133876,600.0557,234.34,0,True,,20261003_204523,11055,70,5000,extension,Linux x86_64
Zart,1,oml_gesturephasesegmentationprocessed,minsup,0.04292008508052264,600.1346,469.37,0,True,,20261003_205136,9873,165,5000,extension,Linux x86_64
Apriori_Gen_Borgelt,1,oml_cylinder_bands,minsup,0.034722222222222224,1.0035,45.97,848086,False,,20261003_205138,540,655,5000,extension,Linux x86_64
DefMe,1,oml_cylinder_bands,minsup,0.034722222222222224,1.244,465.04,848087,False,,20261003_205139,540,655,5000,extension,Linux x86_64
Eclat_Gen_Borgelt,1,oml_cylinder_bands,minsup,0.034722222222222224,0.4224,73.45,848086,False,,20261003_205140,540,655,5000,extension,Linux x86_64
FPgrowth_Gen_Borgelt,1,oml_cylinder_bands,minsup,0.034722222222222224,0.3381,78.36,848086,False,,20261003_205141,540,655,5000,extension,Linux x86_64
Gr_growth,1,oml_cylinder_bands,minsup,0.034722222222222224,0.5094,43.89,848087,False,,20261003_205141,540,655,5000,extension,Linux x86_64
FGC_Stream,1,oml_gesturephasesegmentationprocessed,minsup,0.04292008508052264,600.0171,112.6,0,True,,20261003_205524,9873,165,5000,extension,Linux x86_64
Pascal,1,oml_cylinder_bands,minsup,0.034722222222222224,600.1475,487.75,418235,True,,20261003_210142,540,655,5000,extension,Linux x86_64
TalkyG_Diffset,1,oml_cylinder_bands,minsup,0.034722222222222224,417.0372,441.51,923072,False,,20261003_210221,540,655,5000,extension,Linux x86_64
Talky_G,1,oml_cylinder_bands,minsup,0.034722222222222224,438.2909,453.0,923072,False,,20261003_210901,540,655,5000,extension,Linux x86_64
Zart,1,oml_cylinder_bands,minsup,0.034722222222222224,600.1551,928.87,0,True,,20261003_211221,540,655,5000,extension,Linux x86_64
Apriori_Gen_Borgelt,1,oml_numerai28_6,minsup,0.025277720099667774,0.8216,26.48,10285,False,,20261003_211222,96320,107,5000,extension,Linux x86_64
DefMe,1,oml_numerai28_6,minsup,0.025277720099667774,0.9987,780.2,10286,False,,20261003_211224,96320,107,5000,extension,Linux x86_64
Eclat_Gen_Borgelt,1,oml_numerai28_6,minsup,0.025277720099667774,0.9517,51.61,10285,False,,20261003_211225,96320,107,5000,extension,Linux x86_64
FPgrowth_Gen_Borgelt,1,oml_numerai28_6,minsup,0.025277720099667774,1.5067,521.33,10285,False,,20261003_211227,96320,107,5000,extension,Linux x86_64
Gr_growth,1,oml_numerai28_6,minsup,0.025277720099667774,1.7189,84.39,10286,False,,20261003_211228,96320,107,5000,extension,Linux x86_64
FGC_Stream,1,oml_cylinder_bands,minsup,0.034722222222222224,297.7632,1380.93,848087,False,,20261003_211359,540,655,5000,extension,Linux x86_64
TalkyG_Diffset,1,oml_numerai28_6,minsup,0.025277720099667774,0.8759,601.16,10286,False,,20261003_211400,96320,107,5000,extension,Linux x86_64
Talky_G,1,oml_numerai28_6,minsup,0.025277720099667774,0.8244,587.48,10286,False,,20261003_211401,96320,107,5000,extension,Linux x86_64
Pascal,1,oml_numerai28_6,minsup,0.025277720099667774,358.8629,235.05,10285,False,,20261003_211828,96320,107,5000,extension,Linux x86_64
Zart,1,oml_numerai28_6,minsup,0.025277720099667774,476.1265,460.25,10286,False,,20261003_212158,96320,107,5000,extension,Linux x86_64
Apriori_Gen_Borgelt,1,oml_churn,minsup,0.02595,0.0511,5.4,30219,False,,20261003_212158,5000,96,5000,extension,Linux x86_64
DefMe,1,oml_churn,minsup,0.02595,0.323,207.41,30220,False,,20261003_212158,5000,96,5000,extension,Linux x86_64
Eclat_Gen_Borgelt,1,oml_churn,minsup,0.02595,0.0567,14.87,30219,False,,20261003_212159,5000,96,5000,extension,Linux x86_64
FPgrowth_Gen_Borgelt,1,oml_churn,minsup,0.02595,0.063,34.23,30219,False,,20261003_212159,5000,96,5000,extension,Linux x86_64
Gr_growth,1,oml_churn,minsup,0.02595,0.0825,17.66,30220,False,,20261003_212159,5000,96,5000,extension,Linux x86_64
Pascal,1,oml_churn,minsup,0.02595,9.6337,125.51,30219,False,,20261003_212209,5000,96,5000,extension,Linux x86_64
TalkyG_Diffset,1,oml_churn,minsup,0.02595,0.4239,170.88,30220,False,,20261003_212210,5000,96,5000,extension,Linux x86_64
Talky_G,1,oml_churn,minsup,0.02595,0.4142,158.59,30220,False,,20261003_212211,5000,96,5000,extension,Linux x86_64
Zart,1,oml_churn,minsup,0.02595,277.7128,520.31,30220,False,,20261003_212649,5000,96,5000,extension,Linux x86_64
FGC_Stream,1,oml_numerai28_6,minsup,0.025277720099667774,600.0166,50.79,0,True,,20261003_212828,96320,107,5000,extension,Linux x86_64
Apriori_Gen_Borgelt,1,oml_steel_plates_fault,minsup,0.033874291602266876,0.3278,11.97,48527,False,,20261003_212828,1941,130,5000,extension,Linux x86_64
DefMe,1,oml_steel_plates_fault,minsup,0.033874291602266876,0.396,375.13,48528,False,,20261003_212829,1941,130,5000,extension,Linux x86_64
Eclat_Gen_Borgelt,1,oml_steel_plates_fault,minsup,0.033874291602266876,0.0648,15.08,48527,False,,20261003_212829,1941,130,5000,extension,Linux x86_64
FPgrowth_Gen_Borgelt,1,oml_steel_plates_fault,minsup,0.033874291602266876,0.0519,25.99,48527,False,,20261003_212830,1941,130,5000,extension,Linux x86_64
Gr_growth,1,oml_steel_plates_fault,minsup,0.033874291602266876,0.0568,16.88,48528,False,,20261003_212830,1941,130,5000,extension,Linux x86_64
FGC_Stream,1,oml_churn,minsup,0.02595,490.7121,42.95,30220,False,,20261003_213500,5000,96,5000,extension,Linux x86_64
TalkyG_Diffset,1,oml_steel_plates_fault,minsup,0.033874291602266876,0.8937,206.73,73590,False,,20261003_213501,1941,130,5000,extension,Linux x86_64
Talky_G,1,oml_steel_plates_fault,minsup,0.033874291602266876,0.8198,180.22,73590,False,,20261003_213502,1941,130,5000,extension,Linux x86_64
Pascal,1,oml_steel_plates_fault,minsup,0.033874291602266876,600.097,454.36,48521,True,,20261003_213830,1941,130,5000,extension,Linux x86_64
FGC_Stream,1,oml_steel_plates_fault,minsup,0.033874291602266876,79.2357,81.65,48528,False,,20261003_213950,1941,130,5000,extension,Linux x86_64
Apriori_Gen_Borgelt,1,oml_climate_model_simulation_crashes,minsup,0.031018518518518518,0.0096,3.78,7339,False,,20261003_213950,540,100,5000,extension,Linux x86_64
DefMe,1,oml_climate_model_simulation_crashes,minsup,0.031018518518518518,0.2552,105.07,7340,False,,20261003_213951,540,100,5000,extension,Linux x86_64
Eclat_Gen_Borgelt,1,oml_climate_model_simulation_crashes,minsup,0.031018518518518518,0.0184,9.92,7339,False,,20261003_213951,540,100,5000,extension,Linux x86_64
FPgrowth_Gen_Borgelt,1,oml_climate_model_simulation_crashes,minsup,0.031018518518518518,0.0142,13.34,7339,False,,20261003_213951,540,100,5000,extension,Linux x86_64
Gr_growth,1,oml_climate_model_simulation_crashes,minsup,0.031018518518518518,0.014,14.41,7340,False,,20261003_213951,540,100,5000,extension,Linux x86_64
Pascal,1,oml_climate_model_simulation_crashes,minsup,0.031018518518518518,1.0802,102.47,7339,False,,20261003_213953,540,100,5000,extension,Linux x86_64
TalkyG_Diffset,1,oml_climate_model_simulation_crashes,minsup,0.031018518518518518,0.316,122.79,7340,False,,20261003_213953,540,100,5000,extension,Linux x86_64
Talky_G,1,oml_climate_model_simulation_crashes,minsup,0.031018518518518518,0.2914,118.65,7340,False,,20261003_213954,540,100,5000,extension,Linux x86_64
Zart,1,oml_climate_model_simulation_crashes,minsup,0.031018518518518518,9.4002,152.09,7340,False,,20261003_214004,540,100,5000,extension,Linux x86_64
FGC_Stream,1,oml_climate_model_simulation_crashes,minsup,0.031018518518518518,1.0611,12.66,7340,False,,20261003_214005,540,100,5000,extension,Linux x86_64
Apriori_Gen_Borgelt,1,oml_satimage,minsup,0.005093312597200622,250.0477,7834.59,0,False,non-zero exit code 1: /home/hanketsu/Desktop/Projects/CENG643/TermProject/external_algos/borgelt/apriori: not enough memory,20261003_214415,6430,186,20000,extension,Linux x86_64
Zart,1,oml_steel_plates_fault,minsup,0.033874291602266876,600.1372,480.14,0,True,,20261003_214502,1941,130,5000,extension,Linux x86_64
Eclat_Gen_Borgelt,1,oml_satimage,minsup,0.005093312597200622,333.5085,7833.31,86314173,False,non-zero exit code 1: /home/hanketsu/Desktop/Projects/CENG643/TermProject/external_algos/borgelt/eclat: not enough memory,20261003_215042,6430,186,20000,extension,Linux x86_64
DefMe,1,oml_satimage,minsup,0.005093312597200622,600.1495,781.9,223427722,True,,20261003_215436,6430,186,20000,extension,Linux x86_64
FPgrowth_Gen_Borgelt,1,oml_satimage,minsup,0.005093312597200622,304.4385,7832.83,86159524,False,non-zero exit code 1: /home/hanketsu/Desktop/Projects/CENG643/TermProject/external_algos/borgelt/fpgrowth: not enough memory,20261003_215552,6430,186,20000,extension,Linux x86_64
Gr_growth,1,oml_satimage,minsup,0.005093312597200622,325.5882,7832.39,169967646,False,killed by signal 6: what():  std::bad_alloc,20261003_220013,6430,186,20000,extension,Linux x86_64
Pascal,1,oml_satimage,minsup,0.005093312597200622,600.1031,666.23,346516,True,,20261003_220553,6430,186,20000,extension,Linux x86_64
TalkyG_Diffset,1,oml_satimage,minsup,0.005093312597200622,600.0888,473.0,782312,True,,20261003_221014,6430,186,20000,extension,Linux x86_64
Talky_G,1,oml_satimage,minsup,0.005093312597200622,600.1333,472.81,803387,True,,20261003_221553,6430,186,20000,extension,Linux x86_64
Zart,1,oml_satimage,minsup,0.005093312597200622,600.1428,691.51,0,True,,20261003_222014,6430,186,20000,extension,Linux x86_64
Apriori_Gen_Borgelt,1,oml_pc4,minsup,0.013545953360768175,103.7478,3747.73,18205560,False,,20261003_222159,1458,161,20000,extension,Linux x86_64
DefMe,1,oml_pc4,minsup,0.013545953360768175,18.9311,752.28,18205561,False,,20261003_222219,1458,161,20000,extension,Linux x86_64
Eclat_Gen_Borgelt,1,oml_pc4,minsup,0.013545953360768175,14.1607,1432.55,18205560,False,,20261003_222235,1458,161,20000,extension,Linux x86_64
FPgrowth_Gen_Borgelt,1,oml_pc4,minsup,0.013545953360768175,12.7027,1446.75,18205560,False,,20261003_222249,1458,161,20000,extension,Linux x86_64
Gr_growth,1,oml_pc4,minsup,0.013545953360768175,12.4995,816.41,18205561,False,,20261003_222303,1458,161,20000,extension,Linux x86_64
FGC_Stream,1,oml_satimage,minsup,0.005093312597200622,600.2674,4330.99,0,True,,20261003_222554,6430,186,20000,extension,Linux x86_64
Pascal,1,oml_pc4,minsup,0.013545953360768175,600.1321,427.73,1108924,True,,20261003_223303,1458,161,20000,extension,Linux x86_64
TalkyG_Diffset,1,oml_pc4,minsup,0.013545953360768175,600.1348,444.04,919059,True,,20261003_223554,1458,161,20000,extension,Linux x86_64
Talky_G,1,oml_pc4,minsup,0.013545953360768175,600.0436,453.47,937057,True,,20261003_224303,1458,161,20000,extension,Linux x86_64
FGC_Stream,1,oml_pc4,minsup,0.013545953360768175,134.4042,7834.04,0,False,killed by signal 6: what():  std::bad_alloc,20261003_224518,1458,161,20000,extension,Linux x86_64
Apriori_Gen_Borgelt,1,oml_wall_robot_navigation,minsup,0.012967375366568916,3.063,57.39,720608,False,,20261003_224521,5456,120,20000,extension,Linux x86_64
DefMe,1,oml_wall_robot_navigation,minsup,0.012967375366568916,1.8609,746.06,720609,False,,20261003_224524,5456,120,20000,extension,Linux x86_64
Eclat_Gen_Borgelt,1,oml_wall_robot_navigation,minsup,0.012967375366568916,0.5761,64.58,720608,False,,20261003_224524,5456,120,20000,extension,Linux x86_64
FPgrowth_Gen_Borgelt,1,oml_wall_robot_navigation,minsup,0.012967375366568916,0.394,91.18,720608,False,,20261003_224525,5456,120,20000,extension,Linux x86_64
Gr_growth,1,oml_wall_robot_navigation,minsup,0.012967375366568916,0.5605,42.04,720609,False,,20261003_224526,5456,120,20000,extension,Linux x86_64
Zart,1,oml_pc4,minsup,0.013545953360768175,600.0624,686.01,0,True,,20261003_224554,1458,161,20000,extension,Linux x86_64
TalkyG_Diffset,1,oml_wall_robot_navigation,minsup,0.012967375366568916,164.7656,450.29,967939,False,,20261003_224839,5456,120,20000,extension,Linux x86_64
Talky_G,1,oml_wall_robot_navigation,minsup,0.012967375366568916,189.4104,447.29,967939,False,,20261003_225149,5456,120,20000,extension,Linux x86_64
Pascal,1,oml_wall_robot_navigation,minsup,0.012967375366568916,600.1267,343.25,638540,True,,20261003_225526,5456,120,20000,extension,Linux x86_64
Zart,1,oml_wall_robot_navigation,minsup,0.012967375366568916,600.1318,341.68,0,True,,20261003_230150,5456,120,20000,extension,Linux x86_64
Apriori_Gen_Borgelt,1,oml_wdbc,minsup,0.02592267135325132,0.267,17.21,89912,False,,20261003_230150,569,152,20000,extension,Linux x86_64
DefMe,1,oml_wdbc,minsup,0.02592267135325132,0.414,362.56,89913,False,,20261003_230151,569,152,20000,extension,Linux x86_64
Eclat_Gen_Borgelt,1,oml_wdbc,minsup,0.02592267135325132,0.0596,17.38,89912,False,,20261003_230151,569,152,20000,extension,Linux x86_64
FPgrowth_Gen_Borgelt,1,oml_wdbc,minsup,0.02592267135325132,0.0521,24.59,89912,False,,20261003_230151,569,152,20000,extension,Linux x86_64
Gr_growth,1,oml_wdbc,minsup,0.02592267135325132,0.0672,17.19,89913,False,,20261003_230152,569,152,20000,extension,Linux x86_64
FGC_Stream,1,oml_wall_robot_navigation,minsup,0.012967375366568916,600.0349,333.87,0,True,,20261003_230527,5456,120,20000,extension,Linux x86_64
TalkyG_Diffset,1,oml_wdbc,minsup,0.02592267135325132,31.3927,319.58,192195,False,,20261003_230558,569,152,20000,extension,Linux x86_64
Talky_G,1,oml_wdbc,minsup,0.02592267135325132,30.8342,296.5,192195,False,,20261003_230629,569,152,20000,extension,Linux x86_64
Pascal,1,oml_wdbc,minsup,0.02592267135325132,600.056,409.18,89912,True,,20261003_231152,569,152,20000,extension,Linux x86_64
FGC_Stream,1,oml_wdbc,minsup,0.02592267135325132,11.7206,104.06,89913,False,,20261003_231204,569,152,20000,extension,Linux x86_64
Apriori_Gen_Borgelt,1,oml_gesturephasesegmentationprocessed,minsup,0.014661197204497113,136.537,7835.34,0,False,non-zero exit code 1: /home/hanketsu/Desktop/Projects/CENG643/TermProject/external_algos/borgelt/apriori: not enough memory,20261003_231421,9873,165,20000,extension,Linux x86_64
Zart,1,oml_wdbc,minsup,0.02592267135325132,600.1219,471.21,0,True,,20261003_231630,569,152,20000,extension,Linux x86_64
Eclat_Gen_Borgelt,1,oml_gesturephasesegmentationprocessed,minsup,0.014661197204497113,314.0139,7834.57,85254580,False,non-zero exit code 1: /home/hanketsu/Desktop/Projects/CENG643/TermProject/external_algos/borgelt/eclat: not enough memory,20261003_232149,9873,165,20000,extension,Linux x86_64
DefMe,1,oml_gesturephasesegmentationprocessed,minsup,0.014661197204497113,576.5528,1005.27,163413584,False,,20261003_232408,9873,165,20000,extension,Linux x86_64
FPgrowth_Gen_Borgelt,1,oml_gesturephasesegmentationprocessed,minsup,0.014661197204497113,287.9823,7833.88,84686325,False,non-zero exit code 1: /home/hanketsu/Desktop/Projects/CENG643/TermProject/external_algos/borgelt/fpgrowth: not enough memory,20261003_232643,9873,165,20000,extension,Linux x86_64
Gr_growth,1,oml_gesturephasesegmentationprocessed,minsup,0.014661197204497113,427.1497,7569.85,163413584,False,,20261003_233126,9873,165,20000,extension,Linux x86_64
Pascal,1,oml_gesturephasesegmentationprocessed,minsup,0.014661197204497113,600.131,448.7,1561478,True,,20261003_233643,9873,165,20000,extension,Linux x86_64
TalkyG_Diffset,1,oml_gesturephasesegmentationprocessed,minsup,0.014661197204497113,600.141,558.03,1577576,True,,20261003_234126,9873,165,20000,extension,Linux x86_64
Talky_G,1,oml_gesturephasesegmentationprocessed,minsup,0.014661197204497113,600.1379,555.11,1601282,True,,20261003_234644,9873,165,20000,extension,Linux x86_64
Zart,1,oml_gesturephasesegmentationprocessed,minsup,0.014661197204497113,600.1094,582.87,0,True,,20261003_235127,9873,165,20000,extension,Linux x86_64
Apriori_Gen_Borgelt,1,oml_cylinder_bands,minsup,0.02361111111111111,1.6843,95.74,1662276,False,,20261003_235129,540,655,20000,extension,Linux x86_64
DefMe,1,oml_cylinder_bands,minsup,0.02361111111111111,2.18,590.25,1662277,False,,20261003_235131,540,655,20000,extension,Linux x86_64
Eclat_Gen_Borgelt,1,oml_cylinder_bands,minsup,0.02361111111111111,0.8018,141.95,1662276,False,,20261003_235132,540,655,20000,extension,Linux x86_64
FPgrowth_Gen_Borgelt,1,oml_cylinder_bands,minsup,0.02361111111111111,0.6551,147.46,1662276,False,,20261003_235133,540,655,20000,extension,Linux x86_64
Gr_growth,1,oml_cylinder_bands,minsup,0.02361111111111111,0.8805,83.46,1662277,False,,20261003_235134,540,655,20000,extension,Linux x86_64
FGC_Stream,1,oml_gesturephasesegmentationprocessed,minsup,0.014661197204497113,600.1062,426.6,0,True,,20261003_235644,9873,165,20000,extension,Linux x86_64
Pascal,1,oml_cylinder_bands,minsup,0.02361111111111111,600.133,533.5,318969,True,,20261004_000135,540,655,20000,extension,Linux x86_64
TalkyG_Diffset,1,oml_cylinder_bands,minsup,0.02361111111111111,600.1325,444.55,834867,True,,20261004_000645,540,655,20000,extension,Linux x86_64
Talky_G,1,oml_cylinder_bands,minsup,0.02361111111111111,600.1329,404.52,838281,True,,20261004_001135,540,655,20000,extension,Linux x86_64
Zart,1,oml_cylinder_bands,minsup,0.02361111111111111,600.1566,996.44,0,True,,20261004_001645,540,655,20000,extension,Linux x86_64
Apriori_Gen_Borgelt,1,oml_steel_plates_fault,minsup,0.016872746007212776,1.1514,46.94,257511,False,,20261004_001646,1941,130,20000,extension,Linux x86_64
DefMe,1,oml_steel_plates_fault,minsup,0.016872746007212776,0.5676,373.29,257512,False,,20261004_001647,1941,130,20000,extension,Linux x86_64
Eclat_Gen_Borgelt,1,oml_steel_plates_fault,minsup,0.016872746007212776,0.1603,29.24,257511,False,,20261004_001648,1941,130,20000,extension,Linux x86_64
FPgrowth_Gen_Borgelt,1,oml_steel_plates_fault,minsup,0.016872746007212776,0.1166,43.19,257511,False,,20261004_001648,1941,130,20000,extension,Linux x86_64
Gr_growth,1,oml_steel_plates_fault,minsup,0.016872746007212776,0.1642,23.75,257512,False,,20261004_001648,1941,130,20000,extension,Linux x86_64
FGC_Stream,1,oml_cylinder_bands,minsup,0.02361111111111111,467.8337,2605.62,1662277,False,,20261004_001924,540,655,20000,extension,Linux x86_64
TalkyG_Diffset,1,oml_steel_plates_fault,minsup,0.016872746007212776,33.5828,418.98,382937,False,,20261004_001958,1941,130,20000,extension,Linux x86_64
Talky_G,1,oml_steel_plates_fault,minsup,0.016872746007212776,37.8441,391.95,382937,False,,20261004_002036,1941,130,20000,extension,Linux x86_64
Pascal,1,oml_steel_plates_fault,minsup,0.016872746007212776,600.0341,399.07,252800,True,,20261004_002649,1941,130,20000,extension,Linux x86_64
Zart,1,oml_steel_plates_fault,minsup,0.016872746007212776,600.1359,498.2,0,True,,20261004_003036,1941,130,20000,extension,Linux x86_64
FGC_Stream,1,oml_steel_plates_fault,minsup,0.016872746007212776,236.7056,938.84,257512,False,,20261004_003046,1941,130,20000,extension,Linux x86_64
