dataset,sigma,algorithm,true_mem,true_rt,pred_mem,pred_rt,source,band_lo,band_hi,probe_affine_mem,probe_affine_rt,probe_measured,probe_loglog_mem,probe_loglog_rt
accidents,0.3,FPgrowth_Gen_Borgelt,100.82,0.593,21.12203192976198,1.077028059688192,survival,52.61868143631276,86.016764355805,179.46747399999995,0.7975190700000001,False,78.88760773701239,0.49855055598955905
accidents,0.4,FPgrowth_Gen_Borgelt,87.43,0.4903,19.19798215032231,1.039061095402478,survival,41.54602512542431,57.69388665133208,104.178922,0.4792501000000001,False,44.94409755459042,0.2777582205974267
accidents,0.5,FPgrowth_Gen_Borgelt,61.69,0.4175,12.747456082500111,0.9679774285373987,survival,26.26063496831979,38.77157694873807,90.544042,0.3696939799999999,False,39.712958146113635,0.22710758508845574
accidents,0.6,FPgrowth_Gen_Borgelt,61.58,0.3781,11.185810779414108,0.8898402855720305,survival,22.340131353525912,33.47752895133139,73.976844,0.31626653000000005,False,33.711181065381396,0.20297181928860608
accidents,0.7,FPgrowth_Gen_Borgelt,61.66,0.3313,9.655935038218361,0.751818352172097,survival,16.202656196032642,22.323431198731367,67.064587,0.29685799,False,35.31219385161178,0.22661408224832774
accidents,0.8,FPgrowth_Gen_Borgelt,61.68,0.2994,8.33388869939578,0.7214325549859498,survival,11.376028827305737,15.411404437578682,61.62153700000001,0.20770674999999994,False,30.99212339984558,0.10698555239515732
accidents,0.3,DefMe,1008.61,6.6613,561.6355887767637,985.1543385423286,survival,748.8808742069849,889.9565736795398,,,,,
accidents,0.4,DefMe,1029.81,1.9654,552.9067814111638,904.5184163371699,survival,745.2140490004206,885.9309309061545,,,,,
accidents,0.5,DefMe,874.51,1.0604,531.971572918466,799.5055425111779,survival,730.7662433392156,877.3278542354266,,,,,
accidents,0.6,DefMe,792.43,0.8599,486.70187707187216,759.2300932312174,survival,697.6549660344027,846.7053381377485,,,,,
accidents,0.7,DefMe,652.05,0.7956,425.88899526833285,659.5443976502647,survival,610.2264507308131,761.7917051859654,,,,,
accidents,0.8,DefMe,657.42,0.7786,389.49931372021956,537.967691262386,survival,562.9109838589694,720.3642361055391,,,,,
accidents,0.3,Talky_G,1016.26,2.18,411.53467590892114,1209.712987044908,survival,491.27432172809006,566.1042914434105,,,,,
accidents,0.4,Talky_G,874.24,1.3443,407.1931827390705,1065.6292642756616,survival,484.8210894600487,559.8184119381633,,,,,
accidents,0.5,Talky_G,796.82,1.1971,392.11141684016286,916.2966928566144,survival,472.32805689885186,551.1492076503379,,,,,
accidents,0.6,Talky_G,814.86,1.1451,337.48973995793136,740.0448662550272,survival,423.6959775199069,517.4837735518302,,,,,
accidents,0.7,Talky_G,727.72,1.1149,299.10748986301707,674.354665279035,survival,387.2332597214402,470.73236383861223,,,,,
accidents,0.8,Talky_G,714.51,1.1148,271.7948407761494,588.344309818519,survival,350.05150359903763,425.05677297460136,,,,,
accidents,0.3,Pascal,465.76,2867.3672,465.8602843761882,2197.9595279556497,survival,499.37167720036484,537.3237745731867,,,,,
accidents,0.4,Pascal,425.86,701.2038,465.81242934474943,2131.311560963983,survival,499.3695332052032,537.3237745731867,,,,,
accidents,0.5,Pascal,410.84,138.517,465.73199587428604,1972.5549800533477,survival,499.34679680311825,537.3226918873731,,,,,
accidents,0.6,Pascal,408.71,47.193,464.79314663715326,1830.4456391866813,survival,497.45483172434353,535.7553647215893,,,,,
accidents,0.7,Pascal,408.96,11.4804,461.525580800928,1485.6103115770507,survival,492.99169766415196,530.8626908573561,,,,,
accidents,0.8,Pascal,412.95,3.5074,458.19786081344154,1071.9364483264555,survival,492.0761791558538,530.0493265793059,,,,,
accidents,0.4,Zart,864.61,908.8655,749.7166296729939,2396.823101521421,survival,915.8525166498655,1049.128381943944,,,,,
accidents,0.5,Zart,859.54,212.8178,742.4662552519294,2358.754172585508,survival,913.3720470865309,1047.9981748339737,,,,,
accidents,0.6,Zart,619.23,45.8235,743.2153846167361,2252.3431144480082,survival,917.5136555040117,1053.503872041165,,,,,
accidents,0.7,Zart,802.37,7.8675,736.4945418803615,2071.604965402373,survival,913.2458433294804,1046.4631508539437,,,,,
accidents,0.8,Zart,803.81,2.0683,739.6471826172844,1681.6653513263811,survival,914.6986897322389,1047.8872546541215,,,,,
accidents,0.3,TalkyG_Diffset,1151.95,3.1233,412.56070993971343,1137.6688848038643,survival,512.8495874322639,603.1364065019187,,,,,
accidents,0.4,TalkyG_Diffset,848.88,1.5555,409.33134828086884,1059.7247824015012,survival,509.39286858021006,596.9701698883255,,,,,
accidents,0.5,TalkyG_Diffset,824.22,1.2459,380.1718314105272,953.941567619124,survival,476.1481428553791,569.377060591275,,,,,
accidents,0.6,TalkyG_Diffset,790.38,1.1479,327.77981206355054,853.1347420631714,survival,430.9218905500035,524.9385345447556,,,,,
accidents,0.7,TalkyG_Diffset,726.36,1.1223,295.0785223079655,729.983982519124,survival,387.46376971395983,478.58228468919515,,,,,
accidents,0.8,TalkyG_Diffset,673.77,1.0921,270.763587375422,592.9683375937884,survival,354.7265100107127,440.65608678729706,,,,,
accidents,0.3,Apriori_Gen_Borgelt,63.95,32.0856,37.26170962417038,18.493283210879724,survival,55.847630503733406,70.32784073458136,102.22227699999998,56.4096793,False,51.211846890219014,76.2979793330448
accidents,0.4,Apriori_Gen_Borgelt,62.16,8.26,35.34889422007452,17.49772827040353,survival,51.46920988253347,62.25604311996163,76.869162,15.999438210000001,False,37.798412326788274,18.174797569008515
accidents,0.5,Apriori_Gen_Borgelt,61.69,1.3671,34.233233393943834,14.097319494213062,survival,50.71066776376733,61.588560066780445,59.78031700000001,2.8174963299999995,False,28.81988997411911,2.0662462633012955
accidents,0.6,Apriori_Gen_Borgelt,61.22,0.4831,33.031302719149906,12.297655527653232,survival,49.29448094204138,60.69448891822585,60.88104899999999,0.68896173,False,30.083802339295225,0.4264217366831684
accidents,0.7,Apriori_Gen_Borgelt,59.03,0.3345,27.808692961787514,9.63584488603235,survival,45.16497749116431,56.44827077576431,60.13068300000002,0.31266408999999995,False,29.79093610621843,0.1925394859396203
accidents,0.8,Apriori_Gen_Borgelt,61.57,0.3086,27.07376478907343,7.865252320123258,survival,44.34520213883501,55.87480502897313,61.711659,0.26063786,False,31.450137047361878,0.17849355681734225
accidents,0.3,Eclat_Gen_Borgelt,119.39,0.9889,26.37063427730134,0.7037434674491768,survival,60.2645025614239,91.86147349011678,194.92662400000003,1.36681492,False,87.92175784177708,0.8108019279960058
accidents,0.4,Eclat_Gen_Borgelt,110.62,0.7314,22.92531003654913,0.7060009674491767,survival,46.87928729887333,65.62894098789695,139.318198,0.8709593299999998,False,61.559702829935524,0.5711459276621396
accidents,0.5,Eclat_Gen_Borgelt,79.4,0.4974,18.065475504205082,0.6573939849094942,survival,32.37111933559446,43.74953034494095,111.515266,0.52027328,False,50.27815772324208,0.3236905595012729
accidents,0.6,Eclat_Gen_Borgelt,61.43,0.4086,16.564521257635352,0.6555995771713989,survival,30.35510055005231,41.35405538505759,81.61080899999999,0.38960374000000003,False,37.561018771154494,0.23058772291269708
accidents,0.7,Eclat_Gen_Borgelt,61.64,0.3524,13.970105836782931,0.5460377940364782,survival,23.429619439358735,31.455049488822304,67.144648,0.31366653,False,35.49070010155845,0.2286955141736339
accidents,0.8,Eclat_Gen_Borgelt,61.69,0.3181,11.542764174010445,0.48575483272695447,survival,16.748486751757337,22.885375025787404,58.929951,0.25883664,False,28.669647853313403,0.17212285830173535
accidents,0.3,Gr_growth,41.45,0.503,52.81743971815642,0.9815752320963759,survival,88.18265142868145,124.80941109490627,86.27763699999998,0.9361879999999998,False,38.37703136595717,0.5366967335684214
accidents,0.4,Gr_growth,29.59,0.3499,38.90861695535604,0.8168909169989732,survival,54.658917224924274,72.85059952061088,50.258849,0.44072814,False,25.304438387419008,0.23825959985313275
accidents,0.5,Gr_growth,19.28,0.2394,27.174000233942586,0.6050564983662172,survival,36.83077101775785,48.508846365381594,26.236282999999993,0.23261712,False,17.662037653286507,0.1092397859877299
accidents,0.6,Gr_growth,15.66,0.2226,26.67294994783224,0.6009379786775725,survival,35.76773258566092,47.66325696636816,18.192134999999997,0.21941163,False,15.247295283711564,0.1072255127196193
accidents,0.7,Gr_growth,14.18,0.192,18.15387797871011,0.5454561324654512,survival,20.116765341765586,27.810105543247115,14.750427000000004,0.20110430999999998,False,14.158777452691615,0.1104306900101532
accidents,0.8,Gr_growth,14.0,0.1769,15.210370567589345,0.4205610373175436,survival,16.027753354700607,23.266358158120788,15.080671000000013,0.14777259,False,14.151569167684109,0.06561480208798252
bms1,0.009894802187846,Apriori_Gen_Borgelt,5.89,0.015,13.169889456727022,2.305241643508575,survival,16.523494205565843,25.959638412055774,6.04,0.0126,True,6.04,0.0126
bms1,0.009894802187846,Eclat_Gen_Borgelt,6.35,0.0156,16.826814536558473,0.3513604671149241,survival,20.268551445843087,37.95932221009858,6.5,0.0161,True,6.5,0.0161
bms1,0.009894802187846,DefMe,114.97,0.2258,459.8101570287811,27.157322348885923,survival,496.79987815987255,564.6408238271079,,,,,
bms1,0.009894802187846,FPgrowth_Gen_Borgelt,6.64,0.0135,19.45476079264903,0.16758145047550488,survival,24.711265743263827,35.538471292683006,6.66,0.0145,True,6.66,0.0145
bms1,0.009894802187846,Gr_growth,14.89,0.0166,19.181186952656656,0.2544456957203744,survival,19.38113268759461,36.52524778857392,14.89,0.015,True,14.89,0.015
bms1,0.009894802187846,TalkyG_Diffset,7944.42,1.731,501.0677456714796,98.37164567877514,survival,662.4044314699452,764.7419149578723,,,,,
bms1,0.009894802187846,Pascal,98.05,1.6217,131.92427133790224,896.7875969907004,survival,132.48458876551618,144.9651726592438,,,,,
bms1,0.009894802187846,Talky_G,7787.98,1.7335,336.28591118589696,66.83787690157067,survival,459.0695272647084,551.0100267341777,,,,,
bms1,0.0038547364182409,Apriori_Gen_Borgelt,5.91,0.0167,14.958280961351289,2.3289134038260353,survival,18.277620140406686,27.42872486743021,5.88,0.0163,True,5.88,0.0163
bms1,0.009894802187846,Zart,590.48,1.5986,730.6189627764293,1033.4317038307372,survival,748.0048503488182,813.4571580746946,,,,,
bms1,0.0038547364182409,Eclat_Gen_Borgelt,7.38,0.016,23.27989012051584,0.3563086492577813,survival,26.22284349666438,43.64667765333613,7.41,0.0166,True,7.41,0.0166
bms1,0.0038547364182409,FPgrowth_Gen_Borgelt,7.69,0.0158,25.765792881570256,0.17362586978674918,survival,30.380349721685064,41.28895893551061,7.77,0.0182,True,7.77,0.0182
bms1,0.0038547364182409,DefMe,179.53,0.2632,584.186950769868,27.79097392388592,survival,635.9225737423665,735.7521804788466,,,,,
bms1,0.0038547364182409,TalkyG_Diffset,7941.65,1.7455,502.07087259667264,98.38352848999449,survival,668.2947265054236,767.578760592043,,,,,
bms1,0.0038547364182409,Talky_G,7935.31,1.724,336.49972471883854,66.84773607913199,survival,457.13675260975975,553.3836376130236,,,,,
bms1,0.0038547364182409,Pascal,97.41,11.0548,142.08783512272151,1062.873063713518,survival,142.94286520671133,155.78488783673632,,,,,
bms1,0.0012709305056877,Apriori_Gen_Borgelt,5.92,0.0229,18.817853619415235,2.3445754948974638,survival,22.02914739977481,31.278917332891808,5.94,0.0219,True,5.94,0.0219
bms1,0.0012709305056877,DefMe,397.33,0.3726,855.4968995565506,42.32461401392921,survival,898.4124924110165,1010.1821446418356,,,,,
bms1,0.0012709305056877,Eclat_Gen_Borgelt,9.09,0.0201,28.73145455222966,0.3607812007687703,survival,30.833540361725294,47.69566103526144,9.0,0.0199,True,9.0,0.0199
bms1,0.0012709305056877,FPgrowth_Gen_Borgelt,10.06,0.0206,34.568352299132094,0.17437425312008253,survival,37.06731525580071,48.05761313932452,10.2,0.0181,True,10.2,0.0181
bms1,0.0038547364182409,Zart,604.37,9.3992,1028.1915102085334,1156.305732287801,survival,1060.022879259894,1145.7950396367537,,,,,
bms1,0.0012709305056877,TalkyG_Diffset,7945.18,1.7719,528.1533747669811,98.50863177128957,survival,693.2500618726274,797.2424407709123,,,,,
bms1,0.0012709305056877,Talky_G,7828.76,1.7897,360.74331949592096,66.95748189226191,survival,484.5223414781822,577.1157675632055,,,,,
bms1,0.0012709305056877,Pascal,106.71,32.0492,205.38259467853868,1447.8120382483626,survival,208.6463327228118,226.85726127864893,,,,,
bms1,0.0005662561659004,Apriori_Gen_Borgelt,23.11,0.3491,33.37034367878409,2.3246232395403212,survival,34.96912733393541,43.736572695133184,23.44,0.3436,True,23.44,0.3436
bms1,0.0038547364182409,Gr_growth,15.85,0.0224,23.069317763961145,0.27330818590657713,survival,23.825137063034337,41.136492600921855,15.84,0.0197,True,15.84,0.0197
bms1,0.0012709305056877,Gr_growth,16.43,0.0269,28.377636665768936,0.28429960852562475,survival,28.643169672130583,45.953244722650815,16.39,0.0236,True,16.39,0.0236
bms1,0.0005662561659004,DefMe,848.44,4.4752,919.0269397244896,91.10098594051652,survival,950.1181381297304,1059.2661659031332,,,,,
bms1,0.0005662561659004,Eclat_Gen_Borgelt,25.48,0.0989,35.08014315585348,0.36325233069301266,survival,36.61604460115174,52.84429524895223,25.64,0.0998,True,25.64,0.0998
bms1,0.0005662561659004,FPgrowth_Gen_Borgelt,29.9,0.0839,44.14447074650195,0.17596939121532063,survival,45.92474132320141,56.32980414131508,30.01,0.0808,True,30.01,0.0808
bms1,0.0005662561659004,Gr_growth,21.77,0.1201,32.52027660423236,0.28150831685895805,survival,32.42783943823433,49.36675682304001,21.75,0.1138,True,21.75,0.1138
bms1,0.0012709305056877,Zart,629.61,39.8572,1310.7008522321362,1639.2197961875108,survival,1313.5728367637598,1374.8956874787154,,,,,
bms1,0.0005662561659004,TalkyG_Diffset,7971.97,58.7362,582.5327436127877,98.548992749861,survival,807.9319563232235,941.7778031358332,,,,,
bms1,0.0005662561659004,Talky_G,7967.99,60.9755,376.58130683892153,66.98355726130953,survival,531.3420108379786,652.9679886867656,,,,,
bms1,0.0001803630750645,DefMe,836.25,254.9194,918.5545959834105,86.9387761571832,survival,949.5285198164423,1055.9707364675733,,,,,
bms1,0.0001803630750645,Eclat_Gen_Borgelt,234.37,1.9336,36.14474235084603,0.36401607355015553,survival,37.82842539931222,53.63339343981568,225.53,1.9077,True,225.53,1.9077
bms1,0.0001803630750645,FPgrowth_Gen_Borgelt,234.8,1.7026,46.62366049201383,0.17658022454865396,survival,48.44120340094228,58.65042514816108,241.53,1.6399,True,241.53,1.6399
bms1,0.0001803630750645,Gr_growth,133.21,4.4693,32.51940545815366,0.28250053114467233,survival,32.42426477544897,49.38481871017393,132.86,4.022,True,132.86,4.022
bms2,0.0123819537619981,Apriori_Gen_Borgelt,7.77,0.0234,11.69277427768379,0.08727816409297401,survival,11.978650138621045,12.926811127292765,7.74,0.0222,True,7.74,0.0222
bms2,0.0123819537619981,Eclat_Gen_Borgelt,8.02,0.0238,14.29771276682579,0.2075320426212268,survival,14.713332913620523,16.917858643141223,8.14,0.0236,True,8.14,0.0236
bms2,0.0123819537619981,DefMe,167.14,0.2618,320.38347463066526,29.928859520985107,survival,353.3944462295224,401.3380808153524,,,,,
bms2,0.0123819537619981,Gr_growth,15.98,0.0268,17.10665071506181,0.288449343945148,survival,17.3812870771509,21.063450659789673,15.98,0.0258,True,15.98,0.0258
bms2,0.0123819537619981,FPgrowth_Gen_Borgelt,7.84,0.0232,13.935029231247432,0.17101011909028063,survival,14.502030433748224,16.30836295373827,7.6,0.0221,True,7.6,0.0221
bms2,0.0123819537619981,Pascal,105.71,0.8173,127.92709627204766,896.1815945440179,survival,126.96568422412919,134.4494342889077,,,,,
bms2,0.0123819537619981,Zart,533.52,1.1889,731.6800495560822,818.996957561108,survival,740.8441877092519,809.5623950779652,,,,,
bms2,0.0052862782536897,Apriori_Gen_Borgelt,7.76,0.0332,12.215134671182842,0.09326211052154544,survival,12.57470134683438,13.633727669024346,7.82,0.0306,True,7.82,0.0306
bms2,0.0052862782536897,Eclat_Gen_Borgelt,9.39,0.0324,16.54002908604815,0.21585960809741728,survival,17.091777229151415,19.311911777188076,9.28,0.0335,True,9.28,0.0335
bms2,0.0052862782536897,FPgrowth_Gen_Borgelt,9.6,0.0258,16.116466202454173,0.17398683601641005,survival,17.42789349026547,20.060629553731548,9.64,0.0251,True,9.64,0.0251
bms2,0.0052862782536897,DefMe,213.02,0.2897,381.31224707653143,22.09432261375067,survival,417.5233579706559,477.5495567375926,,,,,
bms2,0.0052862782536897,Gr_growth,17.25,0.0315,18.800348085516124,0.32053011795308445,survival,19.06470364631601,21.862836422916185,17.24,0.0295,True,17.24,0.0295
bms2,0.0052862782536897,Zart,723.93,6.9626,781.7170155292316,939.0532916594486,survival,788.5180097615569,858.1891792228192,,,,,
bms2,0.0052862782536897,Pascal,107.05,11.2322,133.81334837164383,1009.5305181223906,survival,133.7533752669417,142.03262648985722,,,,,
bms2,0.0012094901434616,Apriori_Gen_Borgelt,10.68,0.0665,16.193079554786436,0.16066076450783695,survival,17.15185371968109,18.830562719042476,10.75,0.0642,True,10.75,0.0642
bms2,0.0012094901434616,DefMe,658.89,1.0722,714.6736822964467,53.00104718390135,survival,792.110671166644,918.6051082819521,,,,,
bms2,0.0012094901434616,Eclat_Gen_Borgelt,19.16,0.0521,21.6303230174537,0.24014407180315595,survival,22.72208076271993,26.215742966381384,19.18,0.0492,True,19.18,0.0492
bms2,0.0012094901434616,FPgrowth_Gen_Borgelt,21.25,0.0471,24.49246113886298,0.19559270858134511,survival,26.581443912729842,31.330746812899925,21.29,0.0466,True,21.29,0.0466
bms2,0.0012094901434616,Gr_growth,22.03,0.0692,26.089074554641435,0.3752022752317535,survival,27.30522732297784,31.069951588622814,22.02,0.069,True,22.02,0.069
bms2,0.0012094901434616,Zart,1304.33,367.5665,912.9457515974182,1546.9973646450965,survival,936.2566471490138,1007.8507772224082,,,,,
bms2,0.0012094901434616,Pascal,152.21,478.7567,161.55591623151093,1688.5336358476793,survival,165.24473362403236,178.85259041325986,,,,,
bms2,0.0004354164516461,Apriori_Gen_Borgelt,20.79,0.162,21.560454021899485,0.1636144454602179,survival,22.42984812089948,24.40238631889406,20.87,0.151,True,20.87,0.151
bms2,0.0004354164516461,DefMe,720.69,4.5104,857.7003410487815,140.35802225190974,survival,936.568518679464,1058.108262715092,,,,,
bms2,0.0004354164516461,Eclat_Gen_Borgelt,28.01,0.0992,40.953220960152656,0.2758492473442815,survival,47.51027148340189,55.33207915954677,28.04,0.1013,True,28.04,0.1013
bms2,0.0004354164516461,FPgrowth_Gen_Borgelt,33.52,0.0863,48.86786711593316,0.2302342642437383,survival,54.557255035391535,62.47830684282327,33.57,0.0905,True,33.57,0.0905
bms2,0.0004354164516461,Gr_growth,27.17,0.1416,38.99777010865956,0.44862680876349953,survival,42.51659153789482,47.03640812474956,27.01,0.1347,True,27.01,0.1347
bms2,0.0004354164516461,Pascal,399.44,2035.6853,183.44757168688142,1993.3383507621643,survival,189.30930968874426,206.40708300218097,,,,,
bms2,0.0004354164516461,Zart,1883.97,3479.1071,912.9457515974182,1729.95567939093,survival,936.2566471490138,1007.8507772224082,,,,,
bms2,0.0001515894313138,Apriori_Gen_Borgelt,58.2,0.5823,21.560454021899485,0.1636144454602179,survival,22.42984812089948,24.40238631889406,58.27,0.5832,True,58.27,0.5832
bms2,0.0001515894313138,DefMe,833.14,21.795,855.721993880118,144.59415782690976,survival,933.4306125942293,1054.1045440149237,,,,,
bms2,0.0001515894313138,Eclat_Gen_Borgelt,52.14,0.3158,46.469061250004266,0.2921594195665037,survival,54.507761539917674,62.39833952744366,54.49,0.3015,True,54.49,0.3015
bms2,0.0001515894313138,FPgrowth_Gen_Borgelt,70.99,0.2579,55.745638710939595,0.24627603924373828,survival,62.38623596257304,71.36409147456085,71.01,0.2635,True,71.01,0.2635
bms2,0.0001515894313138,Gr_growth,41.84,0.3869,39.47421289762063,0.4655224873349281,survival,42.810486292289404,47.51269299299572,37.1,0.3524,True,37.1,0.3524
c20d10k,0.946075,Apriori_Gen_Borgelt,3.94,0.0095,4.944069040142374,0.5430485239066489,survival,5.396304744649147,6.475195805443327,4.02,0.0069,True,4.02,0.0069
c20d10k,0.946075,Eclat_Gen_Borgelt,3.96,0.008,5.1178199177143275,0.21231351022045766,survival,5.818422591494938,8.258779036086633,4.03,0.0068,True,4.03,0.0068
c20d10k,0.946075,DefMe,99.42,0.1985,161.97884824445106,183.01722803763457,survival,178.81709704328168,215.0829946777965,,,,,
c20d10k,0.946075,FPgrowth_Gen_Borgelt,2.86,0.0085,5.158966403516438,0.1449474441275765,survival,5.907243274220659,7.80371715049702,4.14,0.0089,True,4.14,0.0089
c20d10k,0.946075,Gr_growth,13.98,0.0119,13.480304950733558,0.11678497288956957,survival,13.445306442557753,13.770544013165829,13.93,0.0113,True,13.93,0.0113
c20d10k,0.946075,Pascal,104.86,0.2058,128.30050013459524,314.53793137894473,survival,132.90566502333405,154.6032535177695,,,,,
c20d10k,0.946075,TalkyG_Diffset,100.95,0.2232,204.35631979055046,60.96265466237293,survival,226.25689945932106,286.37783154276207,,,,,
c20d10k,0.946075,Talky_G,102.55,0.2204,217.07279153346167,134.55203689709123,survival,232.99921513441862,268.1891412330038,,,,,
c20d10k,0.946075,Zart,114.3,0.2312,166.80923800081638,372.93502036916976,survival,200.13639494103631,249.58455760055526,,,,,
c20d10k,0.337575,Apriori_Gen_Borgelt,4.27,0.0123,6.222811156518966,1.727235316204629,survival,8.30854722988626,11.43529244139635,4.34,0.0094,True,4.34,0.0094
c20d10k,0.337575,DefMe,118.01,0.2172,248.62263573373957,312.5709776749363,survival,363.7374681977436,456.83427564616585,,,,,
c20d10k,0.337575,Eclat_Gen_Borgelt,4.6,0.0088,7.798105498526932,0.4113186053503278,survival,15.43371642092865,24.29348017274651,4.93,0.0121,True,4.93,0.0121
c20d10k,0.337575,FPgrowth_Gen_Borgelt,4.99,0.0082,8.099904481526375,0.2330134543423617,survival,16.146659159699738,25.218581125868177,4.88,0.0117,True,4.88,0.0117
c20d10k,0.337575,Gr_growth,14.0,0.0106,14.176703902198179,0.35461157369154533,survival,14.058750870834547,14.831402086951886,14.0,0.009,True,14.0,0.009
c20d10k,0.337575,Pascal,96.91,0.3948,131.19449090016482,929.1344320102662,survival,138.19919285633378,161.95028260968223,,,,,
c20d10k,0.337575,TalkyG_Diffset,103.01,0.2312,449.54043701272974,139.6128551327386,survival,589.064061203206,688.1354050096121,,,,,
c20d10k,0.337575,Talky_G,99.38,0.2279,560.2777521115244,236.54434017755653,survival,668.1470517089641,748.8358284979831,,,,,
c20d10k,0.337575,Zart,400.73,2.0404,220.39426545578385,1108.3711642461765,survival,248.67379650694377,297.91632568300685,,,,,
c20d10k,0.034375,Apriori_Gen_Borgelt,5.16,0.0998,7.2825262072177654,1.711911281283994,survival,8.949813836268216,12.157063383657615,5.2,0.096,True,5.2,0.096
c20d10k,0.034375,DefMe,475.98,0.4194,344.32734589700846,427.4393751925644,survival,423.4768217139506,513.0648298999549,,,,,
c20d10k,0.034375,Eclat_Gen_Borgelt,15.25,0.0314,13.749568327209925,0.3688996283662008,survival,19.387314336066698,28.06688581825974,15.27,0.028,True,15.27,0.028
c20d10k,0.034375,FPgrowth_Gen_Borgelt,15.39,0.0226,13.984743696246007,0.2474159460090284,survival,19.631531004849883,28.51377043375253,15.55,0.0212,True,15.55,0.0212
c20d10k,0.034375,Gr_growth,15.75,0.0312,15.3873035152687,0.35664070146932314,survival,15.475697593451388,20.123570314088873,15.75,0.0335,True,15.75,0.0335
c20d10k,0.034375,Pascal,328.51,83.7692,170.8720755393626,1274.282430126091,survival,176.66313845727362,198.12153872103312,,,,,
c20d10k,0.034375,TalkyG_Diffset,161.93,0.2979,458.4450395096406,241.84809095330135,survival,589.9543194543162,688.6093052291521,,,,,
c20d10k,0.034375,Talky_G,154.38,0.2904,564.0905216665452,322.78266950950103,survival,667.7941977651134,748.9095640322918,,,,,
c20d10k,0.001275,Apriori_Gen_Borgelt,21.71,0.3772,7.635849288949631,1.7333494801850928,survival,9.533275111221066,12.640717316135746,21.77,0.3846,True,21.77,0.3846
c20d10k,0.001275,DefMe,788.95,2.5427,467.67110188195744,410.9166541648935,survival,639.3485725239378,777.7609944135703,,,,,
c20d10k,0.001275,Eclat_Gen_Borgelt,40.52,0.1672,17.362569464233204,0.3721346560718286,survival,23.30651712331845,32.10126070679034,40.49,0.1634,True,40.49,0.1634
c20d10k,0.001275,FPgrowth_Gen_Borgelt,42.89,0.1358,18.08977264840065,0.24682535315188553,survival,25.162688135039456,33.96143381702154,43.0,0.128,True,43.0,0.128
c20d10k,0.001275,Gr_growth,28.09,0.1959,20.20725836920432,0.37199381594814496,survival,21.743402638926888,26.934116631636346,28.14,0.1921,True,28.14,0.1921
c20d10k,0.001275,TalkyG_Diffset,412.87,11.0026,524.0978747061682,247.02107040627754,survival,708.0760050616112,891.2924991046094,,,,,
c20d10k,0.001275,Talky_G,404.51,11.1731,624.4029170033415,347.83173354600905,survival,755.9843463819061,882.1586558025339,,,,,
c73d10k,0.979375,Apriori_Gen_Borgelt,6.09,0.0215,4.8230646350231074,1.787190559997764,survival,5.712719399431345,7.044313250681254,6.11,0.0224,True,6.11,0.0224
c73d10k,0.979375,Eclat_Gen_Borgelt,6.2,0.0213,11.382292850839294,0.17024519039987793,survival,14.12376447253097,16.760416416986725,6.16,0.0214,True,6.16,0.0214
c73d10k,0.979375,DefMe,125.81,0.2384,204.3456503167942,0.9707308249944501,survival,238.54385303632148,281.93408354069084,,,,,
c73d10k,0.979375,FPgrowth_Gen_Borgelt,6.13,0.0211,6.6108336812324415,0.1532561276924464,survival,9.295791027801744,12.05997703140766,6.2,0.0189,True,6.2,0.0189
c73d10k,0.979375,Gr_growth,14.0,0.019,14.710109411438083,0.1472806752657065,survival,14.661503698464625,15.222262309183003,14.02,0.0173,True,14.02,0.0173
c73d10k,0.979375,Pascal,123.27,0.2348,327.29397447507904,447.08647449867794,survival,330.17761260038276,346.54789605149136,,,,,
c73d10k,0.979375,TalkyG_Diffset,127.82,0.3079,209.16677573095907,10.446520137794039,survival,245.3315357522115,290.4088961647752,,,,,
c73d10k,0.979375,Talky_G,131.99,0.3039,221.70859145895423,3.623086827030499,survival,253.4160291224419,296.0916196195852,,,,,
c73d10k,0.979375,Zart,136.3,0.2826,505.55011982172437,801.7906363947781,survival,589.6376099786181,656.5430282111639,,,,,
c73d10k,0.919975,Apriori_Gen_Borgelt,6.17,0.0235,4.8230646350231074,1.787190559997764,survival,5.712719399431345,7.044313250681254,6.23,0.0285,True,6.23,0.0285
c73d10k,0.919975,DefMe,149.58,0.2514,204.82832183596713,0.9707308249944501,survival,239.37656386753181,284.0188569241482,,,,,
c73d10k,0.919975,Eclat_Gen_Borgelt,6.45,0.0227,11.382292850839294,0.17024519039987793,survival,14.12376447253097,16.760416416986725,6.26,0.0245,True,6.26,0.0245
c73d10k,0.919975,FPgrowth_Gen_Borgelt,6.33,0.0197,6.6108336812324415,0.1532561276924464,survival,9.295791027801744,12.05997703140766,7.32,0.0316,True,7.32,0.0316
c73d10k,0.919975,Gr_growth,14.0,0.0202,14.710109411438083,0.1472806752657065,survival,14.661503698464625,15.222262309183003,13.99,0.0284,True,13.99,0.0284
c73d10k,0.919975,Pascal,122.26,0.6919,328.51089846936355,447.08647449867794,survival,331.4491958356443,347.4611696837255,,,,,
c73d10k,0.919975,TalkyG_Diffset,128.64,0.3136,209.16677573095907,10.446520137794039,survival,245.3315357522115,290.4088961647752,,,,,
c73d10k,0.919975,Talky_G,129.95,0.3244,222.54912210349403,3.623086827030499,survival,254.0535218895381,297.314776593896,,,,,
c73d10k,0.919975,Zart,498.77,3.8725,505.55011982172437,801.7906363947781,survival,589.6376099786181,656.5430282111639,,,,,
c73d10k,0.446675,Apriori_Gen_Borgelt,63.33,19.7934,6.358866084471561,10.445501004820995,survival,9.519829633712309,13.269024773962741,63.4,19.8347,True,63.4,19.8347
c73d10k,0.446675,DefMe,768.36,10.2334,359.7461995874512,25.889611526408316,survival,527.8074509422897,629.2490911754202,,,,,
c73d10k,0.446675,Eclat_Gen_Borgelt,166.02,0.9261,34.315668112483614,0.5939035931207682,survival,70.65806101324226,95.8457449276987,166.5,0.9243,True,166.5,0.9243
c73d10k,0.446675,FPgrowth_Gen_Borgelt,154.75,0.7738,13.83512458877796,0.4308766058129371,survival,38.40898526602115,55.722315561809786,156.11,0.7659,True,156.11,0.7659
c73d10k,0.446675,Gr_growth,94.47,1.0554,37.437292975847086,0.559425234672966,survival,42.05087441561885,51.61163311773314,93.82,0.9525,True,93.82,0.9525
c73d10k,0.446675,TalkyG_Diffset,559.34,58.1968,276.5716972944617,37.57357203369536,survival,378.7857997337624,459.47176315739347,,,,,
c73d10k,0.446675,Talky_G,572.93,58.2635,300.5134967284592,31.408270862951525,survival,413.0959781301679,521.3402042047503,,,,,
chess,0.2,DefMe,742.77,33.3844,270.8521243095322,206.67243847391688,survival,389.3415869637435,498.34899322834497,,,,,
chess,0.3,DefMe,758.67,6.4614,251.70300958878278,141.86026981525887,survival,380.3165991436915,493.68535542759014,,,,,
chess,0.5,DefMe,469.82,0.6254,233.90405195676357,120.43967715064852,survival,368.7215111687504,476.9214012553203,,,,,
chess,0.7,DefMe,158.02,0.2326,213.73418600737136,90.16566377197302,survival,310.29330812131633,403.37209667121823,,,,,
chess,0.3,Talky_G,871.21,994.1657,441.17188727306007,136.18543669377567,survival,527.7738904033935,767.4910803758464,,,,,
chess,0.5,Talky_G,378.37,3.0274,396.98192223614865,91.50481745066602,survival,474.33846796782905,723.1759173831862,,,,,
chess,0.7,Talky_G,115.79,0.2556,306.9057052573578,82.99974653376485,survival,360.9070827384397,610.295098762773,,,,,
chess,0.5,Pascal,419.19,441.1246,200.79550509613694,1377.030918355315,survival,216.32713551160114,242.03387588013757,,,,,
chess,0.7,Pascal,96.81,3.0817,215.2219439193514,1025.2361886128022,survival,228.6500481211114,251.68677777256866,,,,,
chess,0.7,Zart,399.76,44.1872,249.09423969660978,1458.2341721460284,survival,318.8728366978255,412.2289664234273,,,,,
chess,0.3,TalkyG_Diffset,912.7,946.3379,554.7193728229499,106.4831456345474,survival,791.8261435414366,1092.108538271978,,,,,
chess,0.5,TalkyG_Diffset,410.52,2.9883,463.97201185325815,71.08724356849402,survival,662.552671538941,977.753879687956,,,,,
chess,0.7,TalkyG_Diffset,128.51,0.2685,339.69065126405735,61.85814250281941,survival,516.2237329396389,834.5938928257252,,,,,
chess,0.4,DefMe,634.18,1.72,244.5100536996165,132.7652561747827,survival,379.0523629835671,492.66317972132543,,,,,
chess,0.6,DefMe,373.5,0.3581,226.40030459480028,110.14912483933895,survival,355.2075712204818,458.8724817779136,,,,,
chess,0.8,DefMe,107.57,0.1958,196.79732344140007,85.51188942536406,survival,266.54380248359087,335.7192787158011,,,,,
chess,0.9,DefMe,92.82,0.1878,158.67285385315546,70.71951822666276,survival,184.21687984107103,235.91697561173606,,,,,
chess,0.4,Talky_G,511.64,49.3159,430.1877839827846,101.45254230899936,survival,517.8044171839326,757.702972690133,,,,,
chess,0.6,Talky_G,158.84,0.4304,332.7387624518257,91.2483356768565,survival,398.9226996304551,651.5826496497755,,,,,
chess,0.8,Talky_G,94.04,0.2161,275.1838972027643,65.60812796570929,survival,320.7692065438275,570.7788183788296,,,,,
chess,0.9,Talky_G,92.54,0.2059,270.8377350858201,54.23614109396298,survival,314.78241534036766,566.8504323511015,,,,,
chess,0.6,Pascal,169.45,20.6284,212.72289474972928,1229.3271311288736,survival,226.32647371513363,250.64021255646978,,,,,
chess,0.8,Pascal,91.37,0.8281,225.11466471653344,821.2176294211354,survival,236.90754683039285,258.31082633174486,,,,,
chess,0.9,Pascal,86.98,0.3224,221.05298443763732,657.2150411548657,survival,232.50619301868366,252.84407824479675,,,,,
chess,0.6,Zart,515.32,1330.0085,245.41672053776418,1517.7555931822924,survival,313.5093956596399,408.56343444490926,,,,,
chess,0.8,Zart,394.35,3.0932,268.7310015277845,1368.7965873632904,survival,338.1797670290883,430.33409915771705,,,,,
chess,0.9,Zart,118.67,0.3299,267.78355410393544,1156.4488622079334,survival,335.53492261211267,425.7080896091267,,,,,
chess,0.4,TalkyG_Diffset,490.89,51.5933,523.2492124178003,84.87433457722418,survival,736.5794452845139,1046.9434573420028,,,,,
chess,0.6,TalkyG_Diffset,179.36,0.4589,424.8355382553919,70.73645935341465,survival,623.3313519679746,937.9093958206677,,,,,
chess,0.8,TalkyG_Diffset,93.96,0.2159,306.60781181398664,49.26362609706543,survival,469.6941371324577,784.3874014426951,,,,,
chess,0.9,TalkyG_Diffset,94.34,0.2065,288.89045154459626,49.01695636189228,survival,448.80603472562774,766.0019777976726,,,,,
chess,0.2,Apriori_Gen_Borgelt,848.81,233.4849,6.0257791937874154,19.1729042028416,survival,8.627687049765436,12.198457831626383,,,,,
chess,0.3,Apriori_Gen_Borgelt,188.48,55.4055,5.844322560403604,19.170457163555888,survival,8.49230476808703,12.100869397892335,188.52,53.3013,True,188.52,53.3013
chess,0.4,Apriori_Gen_Borgelt,49.36,14.8769,5.481279620662609,18.62348861768648,survival,7.799736169752327,11.117625005365637,49.23,14.0742,True,49.23,14.0742
chess,0.5,Apriori_Gen_Borgelt,15.5,3.4445,4.941792732415318,15.762240887834386,survival,6.252247862527966,8.724562610013384,15.57,3.4524,True,15.57,3.4524
chess,0.6,Apriori_Gen_Borgelt,6.36,0.5387,4.684376019763806,12.116654207819954,survival,5.8862827080443205,8.19538745596905,6.39,0.5386,True,6.39,0.5386
chess,0.7,Apriori_Gen_Borgelt,3.95,0.0475,4.322300464177572,7.716675021023422,survival,4.824882190879541,6.15124294475185,3.99,0.0483,True,3.99,0.0483
chess,0.8,Apriori_Gen_Borgelt,3.61,0.0121,4.273581628362359,6.982284507134532,survival,4.664170648823402,5.610033108802341,3.68,0.011,True,3.68,0.011
chess,0.9,Apriori_Gen_Borgelt,2.42,0.0071,4.26914790675131,6.031877245879122,survival,4.557193198999166,5.423752108933591,1.83,0.0071,True,1.83,0.0071
chess,0.2,Eclat_Gen_Borgelt,2216.16,28.9072,21.436272050933972,0.5645005177331807,survival,38.499357248868805,49.91759878784807,2220.86,22.3849,True,2220.86,22.3849
chess,0.3,Eclat_Gen_Borgelt,500.23,3.1402,17.23409509555721,0.559590958101146,survival,35.25877230349107,46.43634745998464,508.0,3.0707,True,508.0,3.0707
chess,0.4,Eclat_Gen_Borgelt,117.62,0.6688,15.069188639054158,0.4296521614353118,survival,31.893624558564085,42.70620181822655,120.98,0.6549,True,120.98,0.6549
chess,0.5,Eclat_Gen_Borgelt,42.34,0.1569,12.17229061362895,0.38609512988769273,survival,24.200231349755637,32.76381622904966,42.39,0.1469,True,42.39,0.1469
chess,0.6,Eclat_Gen_Borgelt,20.1,0.0477,11.468219087109299,0.3815404060781689,survival,22.73430703074009,31.154671190291143,20.16,0.0496,True,20.16,0.0496
chess,0.7,Eclat_Gen_Borgelt,13.25,0.0184,9.637090989692128,0.3529481699670578,survival,15.212615022907517,20.005548905315017,13.23,0.0179,True,13.23,0.0179
chess,0.8,Eclat_Gen_Borgelt,8.67,0.0113,8.882805131561508,0.3424532951654705,survival,12.671135020999143,15.474326373200428,7.54,0.0096,True,7.54,0.0096
chess,0.9,Eclat_Gen_Borgelt,3.27,0.0045,7.765163253103345,0.33210200358899145,survival,10.271188417347139,12.573191201354172,3.38,0.0071,True,3.38,0.0071
chess,0.2,FPgrowth_Gen_Borgelt,2223.58,21.8235,14.067592982345277,0.5650015385156512,survival,25.71770441297112,34.92561309287298,2217.78,20.3021,True,2217.78,20.3021
chess,0.3,FPgrowth_Gen_Borgelt,507.08,2.6837,11.18038854815073,0.5399850755286381,survival,23.813162715334627,33.253743107612195,501.05,2.6097,True,501.05,2.6097
chess,0.4,FPgrowth_Gen_Borgelt,116.08,0.5515,9.28843064291401,0.5146818416000666,survival,19.10734996631757,26.995922607178994,118.68,0.5422,True,118.68,0.5422
chess,0.5,FPgrowth_Gen_Borgelt,42.49,0.1118,7.600408450920868,0.4796799925921301,survival,15.966500182279349,23.097623127481715,42.67,0.121,True,42.67,0.121
chess,0.6,FPgrowth_Gen_Borgelt,19.88,0.0345,7.2613384481551915,0.4694909529095905,survival,14.031415504581997,20.364758911238628,20.04,0.0357,True,20.04,0.0357
chess,0.7,FPgrowth_Gen_Borgelt,13.23,0.0161,6.7176905901833734,0.4655129945762571,survival,10.927829534759601,15.398887179055698,13.25,0.0156,True,13.25,0.0156
chess,0.8,FPgrowth_Gen_Borgelt,8.58,0.0121,6.212293567286916,0.46019404695720956,survival,8.879940590674078,11.868847452097091,7.52,0.0085,True,7.52,0.0085
chess,0.9,FPgrowth_Gen_Borgelt,4.18,0.0076,5.792218813949091,0.45597549192474196,survival,7.7002375842905515,10.205331724713476,1.39,0.0068,True,1.39,0.0068
chess,0.2,Gr_growth,1209.13,19.8408,53.52615890493304,0.4558644957861948,survival,76.69040793503717,100.01730592974157,1207.35,17.7543,True,1207.35,17.7543
chess,0.3,Gr_growth,285.5,3.4843,38.963511232324024,0.4234210727703218,survival,45.35625454128989,56.66603303351636,270.87,3.2405,True,270.87,3.2405
chess,0.4,Gr_growth,66.47,0.736,31.70180389158671,0.391825185486772,survival,36.28136138554894,46.906940291340916,79.57,0.6894,True,79.57,0.6894
chess,0.5,Gr_growth,29.02,0.1798,23.375574706528095,0.3152851819153434,survival,26.43128548015477,36.31759489713223,29.0,0.1704,True,29.0,0.1704
chess,0.6,Gr_growth,18.1,0.0535,21.8604028861882,0.28627671227248624,survival,25.124616608161375,34.65712175087286,18.07,0.0506,True,18.07,0.0506
chess,0.7,Gr_growth,14.9,0.0184,17.99707806173357,0.19661849322486724,survival,19.74578670474988,28.385140824672312,14.9,0.017,True,14.9,0.017
chess,0.8,Gr_growth,14.11,0.0102,15.899905431119109,0.15845172793182696,survival,16.733993971132364,24.250820739586384,14.16,0.0108,True,14.16,0.0108
chess,0.9,Gr_growth,13.98,0.0093,15.502600396330116,0.1451342527334143,survival,16.41187319685606,23.838139529906563,13.99,0.0104,True,13.99,0.0104
chicago,0.0313061894768789,Apriori_Gen_Borgelt,133.04,0.5734,127.87669453989305,2.8061143038667478,survival,135.23467171961207,154.14755962475354,389.48532000000006,0.19446162999999994,False,752.0695146371618,0.020839400851078438
chicago,0.0313061894768789,DefMe,610.12,0.6457,854.1682239115188,296.33035460081925,survival,952.7081232084679,1109.5804041193112,,,,,
chicago,0.0313061894768789,Eclat_Gen_Borgelt,133.14,0.5361,95.13093287589422,1.211703918641775,survival,121.90438984657891,154.8548912409302,348.25247900000005,0.08856927000000014,False,728.9526238183965,0.013212448319863778
chicago,0.0313061894768789,FPgrowth_Gen_Borgelt,133.04,0.5306,91.82562108813558,1.5760298875679872,survival,136.47689489391277,183.01552864642633,306.47553500000004,0.4765745899999999,False,193.2664620776849,0.06199788818064654
chicago,0.0313061894768789,Gr_growth,14.05,0.2006,21.268386544609648,1.1457842632117883,survival,55.1871810797464,98.7103231930646,40.223090000000056,0.5238797399999998,False,14.94914530300543,0.06035849893632337
chicago,0.0313061894768789,TalkyG_Diffset,609.41,0.7181,1131.2056718591516,300.4945808135159,survival,1923.5360078906374,2554.001656396616,,,,,
chicago,0.0313061894768789,Talky_G,600.8,0.6972,965.1884217268142,321.8381991402334,survival,1315.50053158311,1804.6208027044884,,,,,
chicago,0.0313061894768789,Pascal,398.73,2.4853,568.4944930697798,916.6438265799186,survival,573.3377905060865,603.2680251269502,,,,,
chicago,0.0313061894768789,Zart,906.6,2.2804,1074.2249665569877,1018.0006642410084,survival,1151.2268888278159,1248.236645058904,,,,,
chicago,0.0014940977925552,Apriori_Gen_Borgelt,133.05,0.5623,125.93455764777293,2.854786057771396,survival,131.79973066529786,150.0387692229959,132.16760755900805,0.2605723222288616,False,37.06700188011911,0.05781900983653334
chicago,0.0014940977925552,Eclat_Gen_Borgelt,133.19,0.5576,112.00662501533155,1.2240041752754194,survival,130.41373403724666,162.6172476497094,127.50806468479232,0.49122078727218405,False,32.46453620042238,0.16607327030169014
chicago,0.0014940977925552,DefMe,1051.68,0.9103,1411.855987416393,330.31863243236694,survival,1494.732921277699,1674.999359190003,,,,,
chicago,0.0014940977925552,Gr_growth,14.86,0.1865,26.64535415540182,1.2123507360292485,survival,54.79559943980712,98.94863476401476,17.32096429638487,0.1916530363011652,False,14.374526857643913,0.042155149492842235
chicago,0.0014940977925552,FPgrowth_Gen_Borgelt,133.14,0.5575,120.47749768072612,1.574547415157065,survival,151.5434432082997,196.1095037458212,123.56900395876903,0.37984896549148495,False,32.12831972807264,0.1325023975441063
chicago,0.0014940977925552,TalkyG_Diffset,810.47,0.8067,1318.2936701262036,316.5657593200816,survival,2093.9569070185858,2719.7417152802004,,,,,
chicago,0.0014940977925552,Talky_G,762.86,0.7825,1080.6465169353778,366.269053225716,survival,1429.5518187771258,1919.0841559048501,,,,,
chicago,0.0014940977925552,Pascal,393.04,16.6443,573.2340184763608,1496.610427104099,survival,577.0116168035826,605.134322010306,,,,,
chicago,0.0014940977925552,Zart,1304.64,25.105,1220.1250822558811,1563.8829317848658,survival,1236.5069098031151,1323.5072413045573,,,,,
chicago,9.29644154754388e-06,Apriori_Gen_Borgelt,133.02,0.5379,125.93543222114147,2.8681874291236547,survival,131.79975567178505,150.0388067327267,133.09,0.5248,True,133.09,0.5248
chicago,9.29644154754388e-06,DefMe,1822.45,7.0549,1434.9393710279694,386.13851908012424,survival,1481.850522525537,1634.421921646842,,,,,
chicago,9.29644154754388e-06,Eclat_Gen_Borgelt,133.07,0.5375,122.53734125360099,1.2681259909860976,survival,134.73550567221213,167.06983183562895,133.12,0.5196,True,133.12,0.5196
chicago,9.29644154754388e-06,FPgrowth_Gen_Borgelt,133.1,0.5184,134.86218879101523,1.5953490359903983,survival,159.540028313342,203.11409026650045,133.2,0.5066,True,133.2,0.5066
chicago,9.29644154754388e-06,Gr_growth,15.54,0.2069,27.285195100541547,1.215235548132423,survival,56.07149779237687,99.8616807337185,15.6,0.2125,True,15.6,0.2125
chicago,9.29644154754388e-06,TalkyG_Diffset,1894.39,3.398,1609.7538947950752,354.0732122800023,survival,2342.1160443619424,2949.778472238839,,,,,
chicago,9.29644154754388e-06,Talky_G,1930.95,2.2952,1287.890366572283,406.9083915436633,survival,1656.4511146381847,2144.052563403072,,,,,
chicago,9.29644154754388e-06,Pascal,396.95,229.861,575.1024090224923,2032.6817787423201,survival,577.5429277535778,605.5635150987944,,,,,
chicago,9.29644154754388e-06,Zart,1695.39,1057.9855,1271.7636871186835,1889.4339200560953,survival,1290.3272498412339,1380.397738688,,,,,
connect,0.2,DefMe,1074.08,39.339,362.8054311785246,459.1514576547395,survival,455.0962312052,541.9953919726921,,,,,
connect,0.3,DefMe,1168.03,12.4079,355.07771160621724,400.18197162100944,survival,453.89141231062086,540.8193522581211,,,,,
connect,0.5,DefMe,1137.27,3.4386,285.86781011589653,265.69693703741956,survival,361.8733207584276,440.33843901063034,,,,,
connect,0.7,DefMe,926.57,1.2143,196.66128816026716,218.15892108020455,survival,244.84105962448305,310.4109731104031,,,,,
connect,0.2,Talky_G,732.58,36.2326,381.38249478983937,1393.2703377559556,survival,615.3286203634941,914.007020014779,,,,,
connect,0.3,Talky_G,652.76,2.9281,380.95545689693495,1150.0888443482172,survival,616.2095627005151,913.408587195677,,,,,
connect,0.5,Talky_G,508.84,0.877,351.5359750744527,786.5679540049603,survival,566.5760839164673,866.7998733884443,,,,,
connect,0.7,Talky_G,342.76,0.5948,250.69088817919783,565.6212984882939,survival,461.8652380457344,778.8594996079553,,,,,
connect,0.2,TalkyG_Diffset,877.66,39.8986,454.7753743224212,1296.2066577754722,survival,855.69315890118,1263.1702367757055,,,,,
connect,0.3,TalkyG_Diffset,1002.9,3.5146,453.2891850300325,1178.8807204463053,survival,857.2460359803099,1262.6924232920353,,,,,
connect,0.5,TalkyG_Diffset,652.16,1.0608,415.0724106107201,812.7085983639092,survival,806.1782061342154,1220.048472658079,,,,,
connect,0.7,TalkyG_Diffset,349.13,0.6369,304.17476495644087,539.6511382759763,survival,715.189128339866,1142.099659478354,,,,,
connect,0.4,DefMe,1121.28,6.2768,327.56975860838975,358.7253910690974,survival,418.7268190989778,502.1986743751834,,,,,
connect,0.6,DefMe,1027.34,1.9531,246.61550833724272,235.11466544734017,survival,315.65190985707085,398.33314148869715,,,,,
connect,0.8,DefMe,548.12,0.686,181.17899726988495,188.29342294826012,survival,219.9497829045911,281.36604249802696,,,,,
connect,0.9,DefMe,276.1,0.4557,164.57022033871533,128.3173578090507,survival,188.43951764125248,238.80974443727825,,,,,
connect,0.4,Talky_G,645.91,1.2828,373.71637301115106,956.8528180141054,survival,598.701313826526,890.4564251226075,,,,,
connect,0.6,Talky_G,393.3,0.6738,273.16609453753296,645.4560799484129,survival,496.6074903170932,807.3171550345793,,,,,
connect,0.8,Talky_G,272.6,0.539,223.98239227194648,478.0253165892858,survival,425.51245921757544,726.9308783616895,,,,,
connect,0.9,Talky_G,274.98,0.5064,216.28095769946225,354.5524392108225,survival,404.1023100847259,700.6737601203407,,,,,
connect,0.8,Pascal,347.39,124.7782,106.2087779641428,563.2434877772769,survival,105.72423490171609,113.57066710220936,,,,,
connect,0.9,Pascal,304.18,16.4821,106.30317749934825,424.73027313647606,survival,105.7934196542606,113.64563828364862,,,,,
connect,0.9,Zart,418.37,130.6938,274.99934213732064,504.4876086955129,survival,333.5766013872512,398.2420360939818,,,,,
connect,0.4,TalkyG_Diffset,789.34,1.6257,441.8228011268116,970.9022907528528,survival,839.084630143895,1242.1206969093114,,,,,
connect,0.6,TalkyG_Diffset,518.36,0.7822,326.04206451136594,620.9886983073252,survival,739.9555376086072,1159.799176349239,,,,,
connect,0.8,TalkyG_Diffset,275.88,0.5556,276.73185953991407,437.80446498889637,survival,682.2002117980308,1109.5242321153626,,,,,
connect,0.9,TalkyG_Diffset,274.29,0.5108,271.56512629750915,378.7865997636079,survival,665.3786181656466,1090.452279212286,,,,,
connect,0.2,Apriori_Gen_Borgelt,73.83,145.698,44.890358001742314,34.54891121056522,survival,117.20899002016507,153.0005504790474,,,,,
connect,0.3,Apriori_Gen_Borgelt,27.52,26.3211,44.88569609251268,34.6404344476684,survival,115.20703069553058,151.19293531296114,27.54,24.7369,True,27.54,24.7369
connect,0.4,Apriori_Gen_Borgelt,17.51,6.4563,28.012452685329528,31.367236390525537,survival,62.486675100058065,85.75262252083692,17.56,6.4439,True,17.56,6.4439
connect,0.5,Apriori_Gen_Borgelt,17.21,1.2209,14.284759375834504,29.007857595882683,survival,25.456072840297878,37.890977358047905,17.3,1.2185,True,17.3,1.2185
connect,0.6,Apriori_Gen_Borgelt,17.27,0.4512,10.10143617961971,24.162789714731886,survival,17.29474786629742,27.633877398599083,17.3,0.4483,True,17.3,0.4483
connect,0.7,Apriori_Gen_Borgelt,17.22,0.1273,6.163835963199988,19.055410277159737,survival,7.91147608660202,11.234559029182607,17.3,0.1283,True,17.3,0.1283
connect,0.8,Apriori_Gen_Borgelt,17.25,0.0894,5.308531804536681,14.879015761196538,survival,6.489093541203966,9.14354551501425,17.3,0.0882,True,17.3,0.0882
connect,0.9,Apriori_Gen_Borgelt,17.21,0.0699,5.003706008051646,12.166264655407884,survival,5.842726716795244,8.329476710289166,17.28,0.0715,True,17.28,0.0715
connect,0.2,Eclat_Gen_Borgelt,148.02,0.9549,143.61784600857345,4.831954126271644,survival,347.76104316973004,452.7927919806487,152.77,0.9291,True,152.77,0.9291
connect,0.3,Eclat_Gen_Borgelt,46.51,0.3196,129.34540943050598,4.83156289214466,survival,308.77206181182487,397.81232244364253,48.51,0.3117,True,48.51,0.3117
connect,0.4,Eclat_Gen_Borgelt,34.42,0.1932,82.7951041038425,4.0164742463113265,survival,180.0303221815084,232.40729612454825,34.44,0.1956,True,34.44,0.1956
connect,0.5,Eclat_Gen_Borgelt,25.71,0.1403,44.54961751666289,3.1949297808351362,survival,93.09069700851516,130.0609000133587,25.83,0.1371,True,25.83,0.1371
connect,0.6,Eclat_Gen_Borgelt,25.1,0.1188,30.938107214012064,2.950479733161976,survival,59.00241306663102,88.23040622608863,25.18,0.1177,True,25.18,0.1177
connect,0.7,Eclat_Gen_Borgelt,25.08,0.093,16.184776848228122,2.128337482963564,survival,23.082727092000972,32.699175174036284,25.13,0.1016,True,25.13,0.1016
connect,0.8,Eclat_Gen_Borgelt,24.72,0.0852,10.79293157545962,1.9169855978264791,survival,13.823958146332844,17.50116515464654,24.76,0.0857,True,24.76,0.0857
connect,0.9,Eclat_Gen_Borgelt,20.91,0.0736,8.664101713054333,1.628207737509019,survival,10.896341079643458,14.515714248703585,21.07,0.0803,True,21.07,0.0803
connect,0.2,FPgrowth_Gen_Borgelt,145.61,0.6854,139.95502799136534,3.1431743253646256,survival,352.9742243754309,458.29823355360344,147.01,0.6797,True,147.01,0.6797
connect,0.3,FPgrowth_Gen_Borgelt,52.36,0.2305,129.56319414601467,3.0514064311366313,survival,322.5298163392706,423.10834316066433,52.41,0.2434,True,52.41,0.2434
connect,0.4,FPgrowth_Gen_Borgelt,32.42,0.1523,78.40393238521581,2.4951814920493307,survival,160.50304569365136,206.46332751912806,32.52,0.1564,True,32.52,0.1564
connect,0.5,FPgrowth_Gen_Borgelt,25.52,0.1205,42.26820054471872,2.040276056533458,survival,71.7090705896715,96.54276342819438,25.59,0.133,True,25.59,0.133
connect,0.6,FPgrowth_Gen_Borgelt,25.28,0.1046,31.978729641731253,1.8027040156604424,survival,50.47792241234726,65.2543345691305,25.36,0.1032,True,25.36,0.1032
connect,0.7,FPgrowth_Gen_Borgelt,25.17,0.0846,18.03916432194478,1.2877255234706881,survival,25.380491066021644,33.14072391304648,25.19,0.0906,True,25.19,0.0906
connect,0.8,FPgrowth_Gen_Borgelt,24.59,0.081,13.984147801833906,1.172059208589736,survival,19.314704203557735,25.538401049997226,24.57,0.079,True,24.57,0.079
connect,0.9,FPgrowth_Gen_Borgelt,19.64,0.0677,11.283471379378883,1.001226576086128,survival,15.435796859863698,20.46707349060779,21.13,0.0699,True,21.13,0.0699
connect,0.2,Gr_growth,80.18,0.8426,158.91361558043363,3.5205246240152817,survival,303.7123322687154,392.436728287891,84.04,0.7784,True,84.04,0.7784
connect,0.3,Gr_growth,31.83,0.2639,108.32643984571096,3.389669415681948,survival,193.34872073967148,243.94233448230014,32.21,0.2388,True,32.21,0.2388
connect,0.4,Gr_growth,23.12,0.1446,66.27945512386785,3.141852696490029,survival,106.9134074197642,144.10471883829908,23.13,0.1446,True,23.13,0.1446
connect,0.5,Gr_growth,18.84,0.1029,32.547980596124816,2.4939273358298557,survival,44.65628343360985,64.1459055570731,18.82,0.1017,True,18.82,0.1017
connect,0.6,Gr_growth,16.52,0.0788,27.46249896036102,2.300450079877475,survival,37.55823714989062,54.006032769091625,16.45,0.0765,True,16.45,0.0765
connect,0.7,Gr_growth,15.2,0.0649,16.452538714124678,1.5711688909941364,survival,16.487030685561262,20.720157776860155,15.24,0.0644,True,15.24,0.0644
connect,0.8,Gr_growth,14.46,0.0564,14.865573796429635,1.1799236768305223,survival,14.553817396190514,18.61995254506182,14.33,0.0601,True,14.33,0.0601
connect,0.9,Gr_growth,14.07,0.055,14.508618174600977,0.8911714772814605,survival,14.152011745026137,18.172066074636675,14.02,0.0548,True,14.02,0.0548
kddcup99,0.76716775,Apriori_Gen_Borgelt,109.6,0.4103,147.62872800899243,2.2827243325896327,survival,160.10601994637221,180.76557832743427,111.83000000000001,0.29969999999999997,False,29.405203096601863,0.07207758747444208
kddcup99,0.76716775,DefMe,773.62,0.9647,656.9796620066069,198.2376292516718,survival,756.8096248245869,981.2366959438363,,,,,
kddcup99,0.76716775,Eclat_Gen_Borgelt,109.67,0.4224,88.92738081127087,1.0013066952984517,survival,126.40384854029244,168.36609637753006,99.99999999999999,0.42929999999999996,False,24.66380421984193,0.1497540642955923
kddcup99,0.76716775,FPgrowth_Gen_Borgelt,109.76,0.3795,99.86269247238096,1.3588077403957155,survival,138.4307952775776,179.8196165498879,114.74,0.4414,False,30.901907933382784,0.17606077874256829
kddcup99,0.76716775,Gr_growth,13.95,0.3125,14.428149654237611,0.7862768074522701,survival,15.691037556595482,24.22599650251907,15.279999999999973,0.37100000000000005,False,14.093319703686534,0.10649159882477202
kddcup99,0.76716775,Pascal,592.58,1.3842,437.2807244818675,420.629573766822,survival,435.5115863606155,455.6651660991963,,,,,
kddcup99,0.76716775,TalkyG_Diffset,689.86,1.3352,627.9146260754168,74.1858678498814,survival,707.7475160965349,796.9621974872415,,,,,
kddcup99,0.76716775,Talky_G,806.24,1.4308,611.2622926942508,76.0979015608962,survival,670.6609778869198,752.1067149430075,,,,,
kddcup99,0.76716775,Zart,1173.86,2.0421,935.9334343845427,719.6776105997387,survival,1040.6133569858239,1158.9160441729775,,,,,
kddcup99,0.45114675,Apriori_Gen_Borgelt,109.64,0.4542,148.7389400762687,3.7079263304070933,survival,160.73011710688075,181.2735499406393,106.73,0.47059999999999996,False,26.739864761159698,0.15558096235249833
kddcup99,0.45114675,DefMe,1406.8,1.5365,818.9276417265806,217.6888562146408,survival,915.0867718609899,1131.9478547320277,,,,,
kddcup99,0.45114675,Eclat_Gen_Borgelt,109.76,0.4993,106.41498325782395,1.1373848358467922,survival,140.92307775931383,181.20042981090128,120.25,0.5237999999999999,False,28.86226564876358,0.254041061322555
kddcup99,0.45114675,FPgrowth_Gen_Borgelt,109.66,0.4676,115.28011484228026,1.554910348511211,survival,149.44493863378605,191.55677198472358,94.32000000000002,0.3223,False,21.570959761757756,0.08167985961188776
kddcup99,0.45114675,Gr_growth,13.9,0.2815,15.275452723032226,1.017160846683872,survival,18.20333029750786,28.098579922830357,13.96,0.39480000000000004,False,13.96,0.09849014539744133
kddcup99,0.45114675,TalkyG_Diffset,783.72,1.4233,667.5430458981242,91.55106939869094,survival,737.530363861968,827.2373008580195,,,,,
kddcup99,0.45114675,Talky_G,805.22,1.3662,646.1810583024294,98.49765422235004,survival,711.7072190939449,791.0917957518258,,,,,
kddcup99,0.45114675,Pascal,608.15,40.6292,427.4877661178552,550.3021006172188,survival,425.46261780881673,444.00392979583387,,,,,
kddcup99,0.45114675,Zart,1421.39,354.6493,945.3520277592103,999.8769383875995,survival,1044.5657662307112,1165.6694103730797,,,,,
kddcup99,0.00029375,Apriori_Gen_Borgelt,113.39,0.5174,151.99343990825707,5.819471038740426,survival,164.2473791021011,184.85370398665393,113.59,0.501,True,113.59,0.501
kddcup99,0.00029375,DefMe,1307.5,16.3038,1627.299122254436,412.8523583327655,survival,1665.9099997488145,1828.2545632853255,,,,,
kddcup99,0.00029375,Eclat_Gen_Borgelt,109.64,0.553,139.5814474809405,1.3798972936570377,survival,160.0948105317932,196.27219813561712,109.73,0.5465,True,109.73,0.5465
kddcup99,0.00029375,FPgrowth_Gen_Borgelt,109.82,0.5021,152.27943704913835,1.7422607884670882,survival,178.52923272523944,217.889098033658,109.76,0.4913,True,109.76,0.4913
kddcup99,0.00029375,Gr_growth,14.12,0.3426,24.189671159009027,1.2784425472791099,survival,31.30394572421269,44.33861779609954,14.12,0.3334,True,14.12,0.3334
kddcup99,0.00029375,TalkyG_Diffset,1517.89,4.2389,996.2841602633085,157.60157028589404,survival,1089.9676766958817,1219.1555874234723,,,,,
kddcup99,0.00029375,Talky_G,1465.41,3.3176,925.2495481751403,167.20795769499688,survival,1031.4219032392718,1177.969726720298,,,,,
kddcup99,0.00029375,Pascal,767.3,3588.2038,431.3710351719362,1439.6984746019843,survival,429.8536997051682,445.36500029884456,,,,,
kddcup99,2.775e-05,Apriori_Gen_Borgelt,113.46,0.5342,151.99343990825707,5.821131688740426,survival,164.2473791021011,184.85370398665393,113.54,0.5253,True,113.54,0.5253
kddcup99,2.775e-05,DefMe,1472.67,22.6675,1630.5944328946578,429.93168763633696,survival,1668.866885013156,1836.6542751970321,,,,,
kddcup99,2.775e-05,Eclat_Gen_Borgelt,109.73,0.5512,142.8600513564358,1.3833757936570377,survival,161.717648503749,196.850359685536,109.7,0.5383,True,109.7,0.5383
kddcup99,2.775e-05,FPgrowth_Gen_Borgelt,109.73,0.5121,154.4894243794675,1.7422607884670882,survival,179.65166665248455,218.78752316675443,109.73,0.4996,True,109.73,0.4996
kddcup99,2.775e-05,Gr_growth,14.12,0.3537,24.721423665001726,1.2784425472791099,survival,32.70137595433958,44.98873628013482,14.11,0.3604,True,14.11,0.3604
kddcup99,2.775e-05,TalkyG_Diffset,1561.99,5.1374,1031.4017278202132,168.85578838410828,survival,1141.8924031216593,1278.3987608144569,,,,,
kddcup99,2.775e-05,Talky_G,1564.35,4.014,947.3605486571736,178.45757819499687,survival,1068.0500437179287,1216.2337201990058,,,,,
kosarak,0.0600247505990574,Apriori_Gen_Borgelt,80.05,0.4092,123.3756276576945,0.5669275933647493,survival,126.72519839828568,141.2815653659803,106.93796466666666,0.2993114933333333,False,26.18076552534744,0.07428590588553083
kosarak,0.0600247505990574,Eclat_Gen_Borgelt,80.22,0.4129,99.0421903751689,0.24575244624889003,survival,120.23825993103638,151.5272438016428,98.579216,0.4327374333333333,False,23.114308647019353,0.18863536946970189
kosarak,0.0600247505990574,FPgrowth_Gen_Borgelt,80.16,0.4153,77.75063448130842,0.26831177331002337,survival,110.0773826101235,139.64703514185794,102.86359033333332,0.28981678333333327,False,24.414385915018514,0.07015978665393471
kosarak,0.0600247505990574,Gr_growth,14.22,0.2025,15.521784498464369,0.3544577993215849,survival,19.417865303412572,26.22232034463281,14.832980666666652,0.10491729333333329,False,14.246394106023219,0.025212815407899783
kosarak,0.0600247505990574,DefMe,7929.91,3.1222,578.4099358913173,56.307945085074664,survival,600.3600791532446,672.3394255779111,,,,,
kosarak,0.0600247505990574,Pascal,478.87,1.3387,421.80772766673,625.1310357115406,survival,425.2534587374827,450.24551914557264,,,,,
kosarak,0.0600247505990574,Zart,1042.08,1.6252,841.5641714909756,645.6091438981838,survival,946.2679424071013,1039.7161152409108,,,,,
kosarak,0.0126772285392901,Apriori_Gen_Borgelt,81.46,0.487,120.47677348722426,0.5745964707223332,survival,122.94903705583202,134.98023445366988,102.42060966666668,0.49404078999999995,False,23.89045811460952,0.15039191313180594
kosarak,0.0126772285392901,Eclat_Gen_Borgelt,94.86,0.4792,97.36981117182054,0.24927992437770566,survival,114.80742467365909,139.86723890886068,130.04579766666666,0.35248504333333336,False,32.92831370218242,0.08277165794587463
kosarak,0.0126772285392901,FPgrowth_Gen_Borgelt,80.54,0.4528,78.33620965925637,0.27918147643051394,survival,108.06360005994165,137.0241151714805,131.051759,0.6065773099999999,False,34.41441381901565,0.35125598278151543
kosarak,0.0126772285392901,DefMe,7910.47,3.1447,595.066275044461,58.93036836324926,survival,617.2634852370771,692.7560354798111,,,,,
kosarak,0.0126772285392901,Gr_growth,21.44,0.2934,18.748916501236344,0.34917359408785664,survival,21.736310031819603,28.298508883194806,27.44961333333329,0.14619613333333334,False,15.758879599690173,0.03324109500580154
kosarak,0.0126772285392901,Pascal,478.0,15.5118,419.37045962866176,876.4305324341235,survival,422.661496575677,448.10925708596596,,,,,
kosarak,0.0126772285392901,Zart,1719.52,11.5303,868.0538068751154,803.7370629184522,survival,897.7857077261599,972.8677274344619,,,,,
kosarak,0.0032752349487756,Apriori_Gen_Borgelt,81.53,0.8339,120.61875586450235,0.5849747422952047,survival,122.61295405044389,134.55153368914412,101.5308638943462,0.8077797396856581,False,28.104189965013255,0.4516140305184446
kosarak,0.0032752349487756,DefMe,7995.96,4.1924,794.5069503357018,59.1382199145105,survival,876.6938329608181,1007.1819850357524,,,,,
kosarak,0.0032752349487756,Eclat_Gen_Borgelt,122.38,0.652,96.93362768528141,0.2577952570977634,survival,113.98800036549322,139.52506369673654,179.87228034271993,0.5958518636760533,False,50.88797422043296,0.22856538837565996
kosarak,0.0032752349487756,FPgrowth_Gen_Borgelt,135.97,0.8103,79.70353314720303,0.2838081865495616,survival,105.96328517826228,133.80244328666657,191.87531352324822,0.6758164156297752,False,55.102834299933534,0.3419916098861742
kosarak,0.0032752349487756,Gr_growth,64.31,0.9058,20.51470550003085,0.3454358993367743,survival,22.677725859904225,29.335207325988954,75.63178481772542,0.5503196900240123,False,23.538553923013033,0.20002939401368836
kosarak,0.0032752349487756,Pascal,492.09,686.1005,420.9116826992851,1139.7413828753117,survival,423.9374440880183,449.25280787807725,,,,,
kosarak,0.0032752349487756,Zart,1732.37,550.9333,925.5737325333209,1005.9255702139191,survival,957.656682124713,1031.8740479071287,,,,,
kosarak,0.0013246977425311,Apriori_Gen_Borgelt,93.32,10.4093,119.72854714737636,0.5981235032620158,survival,121.14704744650231,132.59361252569278,108.79345829469689,5.556062142888683,False,52.36006224462598,10.976350051522605
kosarak,0.0013246977425311,DefMe,8031.17,206.058,1531.7941771359413,61.3667818415307,survival,1585.9321833326624,1707.9199262509874,,,,,
kosarak,0.0013246977425311,Eclat_Gen_Borgelt,155.05,1.091,97.87740876808459,0.2611912463834777,survival,112.42035146904584,137.80996291109736,172.49331489822055,1.0655849781428002,False,80.72061598942233,0.7519509941244318
kosarak,0.0013246977425311,FPgrowth_Gen_Borgelt,213.53,1.7251,82.47207294074744,0.2883466361166611,survival,105.21492601007998,131.95513478251164,256.59064180686187,1.163366647900384,False,129.73593644015457,0.8884974552029423
kosarak,0.0013246977425311,Gr_growth,120.85,2.6066,23.481423427788005,0.3552046853757354,survival,25.43278503325013,31.69747225379368,136.42442663487435,1.4957335938534906,False,60.524702964648974,1.4522686233486364
mushroom,0.2,DefMe,125.58,0.2205,389.9660617985293,481.2283712951485,survival,473.86384973031954,554.4776616604369,,,,,
mushroom,0.3,DefMe,96.62,0.2045,379.2682917606372,432.4695963384025,survival,461.58169812769506,542.3107264143817,,,,,
mushroom,0.5,DefMe,96.76,0.2096,336.0929180417245,314.17587060546606,survival,410.0687672949945,491.0256820098919,,,,,
mushroom,0.7,DefMe,99.45,0.2074,261.44600714988184,242.59646428118833,survival,328.99634923582283,402.37520750747694,,,,,
mushroom,0.2,Talky_G,98.2,0.2252,265.07307379927886,625.7730121539987,survival,326.14980782281174,415.1340005932071,,,,,
mushroom,0.3,Talky_G,100.84,0.2265,263.6716275018079,496.9075754672564,survival,324.184796220011,414.3066873776122,,,,,
mushroom,0.5,Talky_G,97.38,0.2102,242.26826673588582,349.757321543537,survival,286.693308533648,373.75580422409405,,,,,
mushroom,0.7,Talky_G,95.54,0.215,192.26175584707948,271.05869131758095,survival,231.06437547677905,314.55001212525974,,,,,
mushroom,0.2,Pascal,110.0,0.9832,175.29753222079202,2014.4744203879418,survival,186.9147222555502,209.86469987586034,,,,,
mushroom,0.3,Pascal,97.03,0.3789,175.00140265558414,1993.134013755997,survival,186.61351256211324,209.58718450794967,,,,,
mushroom,0.5,Pascal,97.51,0.224,182.02564142104504,1713.7604460913144,survival,193.07751786912448,216.5648834195831,,,,,
mushroom,0.7,Pascal,105.0,0.1977,136.18890850087695,1212.3775362936956,survival,142.6756422308168,161.91741556675356,,,,,
mushroom,0.2,Zart,384.95,44.2896,308.14856998732176,2485.4057450512787,survival,331.8794205325498,376.30724699838015,,,,,
mushroom,0.3,Zart,195.08,1.2506,309.8929321162061,2463.506181884612,survival,333.2242797429625,378.2919532272933,,,,,
mushroom,0.5,Zart,99.1,0.2785,290.7015356309604,2303.065559244136,survival,319.19425146105925,366.07540154060945,,,,,
mushroom,0.7,Zart,98.31,0.2146,282.09865659052,1867.022187225907,survival,310.6898705515138,356.75190589512135,,,,,
mushroom,0.2,TalkyG_Diffset,96.39,0.2252,243.60433023375143,781.5250424803314,survival,284.8456316257935,340.222314065721,,,,,
mushroom,0.3,TalkyG_Diffset,99.91,0.2251,243.60433023375143,611.0523511223644,survival,284.8456316257935,340.222314065721,,,,,
mushroom,0.5,TalkyG_Diffset,97.75,0.2134,234.12343183686843,368.0819371340666,survival,262.5932220179186,312.2901291956034,,,,,
mushroom,0.7,TalkyG_Diffset,96.37,0.2185,173.41747606432463,250.80045214784735,survival,194.05665171810386,242.8325674805919,,,,,
mushroom,0.1,Apriori_Gen_Borgelt,5.12,0.1027,11.869108703772898,26.95492616987734,survival,24.698049288722558,39.697223345631784,5.24,0.1036,True,5.24,0.1036
mushroom,0.15,Apriori_Gen_Borgelt,4.22,0.0356,11.608311997985824,26.95492616987734,survival,24.490978552548516,39.54304067981043,4.24,0.0366,True,4.24,0.0366
mushroom,0.2,Apriori_Gen_Borgelt,4.21,0.0211,11.608311997985824,26.95492616987734,survival,24.490978552548516,39.54304067981043,4.27,0.0215,True,4.27,0.0215
mushroom,0.3,Apriori_Gen_Borgelt,4.16,0.009,10.732661916263538,26.95460766987734,survival,20.132257946051286,34.58098386647799,4.28,0.0125,True,4.28,0.0125
mushroom,0.4,Apriori_Gen_Borgelt,3.91,0.0083,9.100193294793883,23.412269334758303,survival,13.327887388336105,21.454112473945262,4.19,0.008,True,4.19,0.008
mushroom,0.5,Apriori_Gen_Borgelt,3.92,0.008,7.831602546417117,18.044128233170994,survival,9.573177917868549,14.86424848183289,3.84,0.0105,True,3.84,0.0105
mushroom,0.6,Apriori_Gen_Borgelt,3.79,0.0088,6.559663768475493,12.478375860586633,survival,7.249005054007246,11.692249909151386,4.0,0.0116,True,4.0,0.0116
mushroom,0.7,Apriori_Gen_Borgelt,2.72,0.0062,5.664354036271868,9.401142167729494,survival,5.991186833714886,7.107857517311329,3.95,0.0087,True,3.95,0.0087
mushroom,0.1,Eclat_Gen_Borgelt,11.63,0.0215,23.04004850301688,2.0011555960074645,survival,53.09986695744344,88.590153901628,11.74,0.0266,True,11.74,0.0266
mushroom,0.15,Eclat_Gen_Borgelt,7.81,0.0156,21.68970841948592,2.0011555960074645,survival,54.866724458440274,92.7890874723652,7.91,0.0136,True,7.91,0.0136
mushroom,0.2,Eclat_Gen_Borgelt,6.41,0.0116,21.63839511342633,2.0011555960074645,survival,54.865845165302744,92.78820817922767,6.57,0.0128,True,6.57,0.0128
mushroom,0.3,Eclat_Gen_Borgelt,4.53,0.0084,18.956197191680975,1.9442699531503216,survival,38.13933826890902,63.84436287810767,3.98,0.0083,True,3.98,0.0083
mushroom,0.4,Eclat_Gen_Borgelt,4.0,0.0084,15.509303470317025,1.5110748557657616,survival,25.909507123928798,38.54780376815755,4.23,0.0086,True,4.23,0.0086
mushroom,0.5,Eclat_Gen_Borgelt,3.96,0.0082,13.812659860835534,1.0941615716207407,survival,20.01585623703982,28.896541772244017,4.03,0.0084,True,4.03,0.0084
mushroom,0.6,Eclat_Gen_Borgelt,2.8,0.007,12.858739378776011,0.9526135353112166,survival,18.27698260188989,27.22271812411396,4.02,0.0109,True,4.02,0.0109
mushroom,0.7,Eclat_Gen_Borgelt,3.76,0.0078,12.073697440374398,0.5912013548458486,survival,16.62202938346232,23.571942626862967,3.87,0.01,True,3.87,0.01
mushroom,0.1,FPgrowth_Gen_Borgelt,10.73,0.0144,21.4261346939944,1.326076291498779,survival,63.6385783758391,116.5500079225158,10.4,0.0136,True,10.4,0.0136
mushroom,0.15,FPgrowth_Gen_Borgelt,7.57,0.0108,19.59528580505042,1.326076291498779,survival,62.97251420574615,115.71011720325045,7.29,0.0106,True,7.29,0.0106
mushroom,0.2,FPgrowth_Gen_Borgelt,6.12,0.0131,19.59528580505042,1.326076291498779,survival,62.97251420574615,115.71011720325045,6.07,0.0095,True,6.07,0.0095
mushroom,0.3,FPgrowth_Gen_Borgelt,4.05,0.0099,18.17954116598865,1.219939490491453,survival,54.519571402744575,107.63204321136726,4.45,0.0075,True,4.45,0.0075
mushroom,0.4,FPgrowth_Gen_Borgelt,4.04,0.009,15.519728780974232,0.9598461070318575,survival,31.73628304238895,62.57204932046672,4.06,0.0094,True,4.06,0.0094
mushroom,0.5,FPgrowth_Gen_Borgelt,2.8,0.0073,13.627786623381093,0.48877297481684984,survival,20.5935396795689,27.791491980958867,4.07,0.0078,True,4.07,0.0078
mushroom,0.6,FPgrowth_Gen_Borgelt,2.86,0.0074,12.743909462271242,0.46256273315018315,survival,18.895110750616343,25.75838402256431,3.81,0.0104,True,3.81,0.0104
mushroom,0.7,FPgrowth_Gen_Borgelt,4.0,0.007,11.773224008158387,0.35991602481684987,survival,17.052625820100072,23.241310963927972,3.76,0.0088,True,3.76,0.0088
mushroom,0.05,DefMe,358.85,0.3504,408.7768954987286,502.20614470348175,survival,488.3816991963448,569.9877757891487,,,,,
mushroom,0.1,DefMe,230.85,0.2642,406.02588869874035,496.2290878284819,survival,486.2453536715351,566.4829509484955,,,,,
mushroom,0.15,DefMe,127.06,0.2208,389.9660617985293,496.2262947118151,survival,473.86384973031954,554.4776616604369,,,,,
mushroom,0.4,DefMe,97.61,0.1954,341.77058465081865,360.98128316776763,survival,420.936136787332,506.0188401419561,,,,,
mushroom,0.6,DefMe,97.7,0.193,311.70577900505157,296.38787642345017,survival,389.296202616379,470.5130866230382,,,,,
mushroom,0.05,Talky_G,123.65,0.2879,275.9124346729438,645.0988128679058,survival,327.73900313391744,414.493999447991,,,,,
mushroom,0.1,Talky_G,118.99,0.2402,277.8047908460561,643.476835214118,survival,331.31875895285907,420.2285476466518,,,,,
mushroom,0.15,Talky_G,96.0,0.2217,266.86645557354825,625.7730121539987,survival,327.29034323369865,417.15540586089344,,,,,
mushroom,0.4,Talky_G,97.99,0.216,251.3479780361809,401.4787270127831,survival,304.4699098845785,394.6207945575568,,,,,
mushroom,0.6,Talky_G,100.21,0.2097,217.21641902176978,293.933676411791,survival,257.3128157991599,343.5152008540364,,,,,
mushroom,0.1,Pascal,273.36,57.691,175.75803265648574,2060.876514788537,survival,187.20817176722562,210.39443960426786,,,,,
mushroom,0.15,Pascal,117.02,2.1117,175.2321937524982,2044.4623520212751,survival,186.80983947122135,209.75243453716604,,,,,
mushroom,0.4,Pascal,95.8,0.2905,177.90308096018848,1868.637616860759,survival,189.99727237155855,213.4662656579771,,,,,
mushroom,0.6,Pascal,108.78,0.2098,164.30899734352002,1522.52706619806,survival,174.01571714572006,195.18628224495146,,,,,
mushroom,0.15,Zart,418.91,126.5752,308.14856998732176,2496.4776407596123,survival,331.8794205325498,376.30724699838015,,,,,
mushroom,0.4,Zart,137.89,0.3876,309.15419140380106,2331.0461185274694,survival,332.8611009104655,377.53562063582024,,,,,
mushroom,0.6,Zart,96.91,0.224,286.46745751872834,2137.817282830211,survival,315.76585042360904,362.6199343392235,,,,,
mushroom,0.05,TalkyG_Diffset,139.99,0.3009,257.5886755890228,826.5512556374744,survival,286.62001835955937,339.43996330616454,,,,,
mushroom,0.1,TalkyG_Diffset,129.99,0.2424,263.61178333540323,829.3913261624743,survival,298.7641316733757,353.98783317220483,,,,,
mushroom,0.15,TalkyG_Diffset,98.37,0.2287,248.1597356240338,811.4678664541409,survival,288.13784323831214,343.8416602581164,,,,,
mushroom,0.4,TalkyG_Diffset,99.45,0.2201,237.20135806693116,497.67561438524297,survival,269.9282153429546,320.038874230327,,,,,
mushroom,0.6,TalkyG_Diffset,98.41,0.2129,209.51204060109097,320.3438937514007,survival,231.35919442332738,278.2404572898446,,,,,
mushroom,0.05,Apriori_Gen_Borgelt,6.57,0.212,11.808245248405845,26.952375644877343,survival,24.65611265639485,39.70294063172402,6.43,0.2158,True,6.43,0.2158
mushroom,0.05,Eclat_Gen_Borgelt,15.64,0.0366,22.837065280548405,1.9618866858884163,survival,50.723798164019385,84.47249215381463,15.73,0.0385,True,15.73,0.0385
mushroom,0.05,FPgrowth_Gen_Borgelt,15.09,0.0212,21.489093050535843,1.3227230825702074,survival,63.38493815858754,116.5751375263607,15.14,0.0245,True,15.14,0.0245
mushroom,0.05,Gr_growth,15.59,0.0255,33.646373834796776,1.5452935346542347,survival,100.3565967563147,160.50094258200323,15.57,0.0243,True,15.57,0.0243
mushroom,0.1,Gr_growth,14.74,0.0168,32.60102386156654,1.5452935346542347,survival,99.4174161774173,159.20957829004095,14.77,0.0174,True,14.77,0.0174
mushroom,0.15,Gr_growth,14.43,0.0134,32.60401123161369,1.5452935346542347,survival,99.41621375576413,159.11208083045307,14.45,0.0154,True,14.45,0.0154
mushroom,0.2,Gr_growth,14.25,0.0147,32.59074691079453,1.5452935346542347,survival,99.39934325052312,159.11178485667693,14.23,0.0129,True,14.23,0.0129
mushroom,0.3,Gr_growth,14.02,0.0112,23.948214845248756,1.5107823739399489,survival,40.57612287647853,72.78167717371234,14.02,0.0103,True,14.02,0.0103
mushroom,0.4,Gr_growth,14.0,0.0103,21.327679198574156,1.236263695765346,survival,28.146969816826704,53.8090723254485,13.99,0.0138,True,13.99,0.0138
mushroom,0.5,Gr_growth,13.98,0.0106,16.868417043858532,0.9647089826035076,survival,17.914962561553057,22.746143989889273,13.97,0.0119,True,13.97,0.0119
mushroom,0.6,Gr_growth,13.94,0.0112,15.862901466730012,0.9226112980796981,survival,16.580775325353535,19.254876652652527,13.97,0.0101,True,13.97,0.0101
mushroom,0.7,Gr_growth,13.98,0.0099,14.297710220898527,0.8576970755688756,survival,14.488011705221302,15.489268539569009,13.96,0.0096,True,13.96,0.0096
onlineretail,0.017636528480632,Apriori_Gen_Borgelt,36.01,0.1338,70.48377190237092,1.1801094791916418,survival,70.55075833308142,79.14884738678532,35.66411833333333,0.11202281666666665,False,11.633730487432734,0.03958294193815253
onlineretail,0.017636528480632,DefMe,628.89,0.5899,440.7775961867384,122.2973240772154,survival,553.2075581854149,821.402759739191,,,,,
onlineretail,0.017636528480632,Eclat_Gen_Borgelt,36.12,0.1429,72.86796654671623,0.3829713058469309,survival,81.38710987619001,93.48518156694297,66.46869166666667,0.09460916666666667,False,40.978895638594345,0.034005647672736984
onlineretail,0.017636528480632,FPgrowth_Gen_Borgelt,36.0,0.1452,57.53636356162767,0.5746885829848257,survival,70.07337165019374,78.36061537349212,80.44143166666667,0.15159103333333335,False,125.91128386675581,0.06744157387581888
onlineretail,0.017636528480632,Gr_growth,14.04,0.1011,11.646700530452465,0.2870501609922972,survival,12.759592464191979,14.21610802823521,14.0,0.08926825000000001,False,14.0,0.029049390771455127
onlineretail,0.017636528480632,TalkyG_Diffset,525.02,0.5796,911.0531344499918,113.14066393051952,survival,1513.0534798602157,2075.1558589381284,,,,,
onlineretail,0.017636528480632,Talky_G,671.02,0.6118,855.6189878804684,77.08019668860162,survival,1369.5561909353783,1873.2622336250442,,,,,
onlineretail,0.017636528480632,Zart,808.08,4.6665,776.9664930646966,705.1659751824643,survival,856.227427226408,942.2128009784795,,,,,
onlineretail,0.017636528480632,Pascal,284.84,7.1688,376.3490757415878,596.0151742469877,survival,389.07534039079,417.16861018994143,,,,,
onlineretail,0.0058890194373259,Apriori_Gen_Borgelt,36.0,0.141,70.35834754121244,1.186730602351815,survival,70.56805417134271,78.66216072607205,76.94824666666665,0.14982285,False,88.5451285530624,0.06613838993175566
onlineretail,0.0058890194373259,DefMe,1117.08,0.7731,545.4104032008408,122.77427378709997,survival,650.4643484904224,908.5061651072942,,,,,
onlineretail,0.0058890194373259,Eclat_Gen_Borgelt,36.08,0.15,77.40548385288591,0.3937711046564547,survival,84.83015537009548,97.28231400618841,33.52229833333333,0.15395921666666668,False,10.908901119375642,0.06542161801990112
onlineretail,0.0058890194373259,FPgrowth_Gen_Borgelt,36.12,0.1502,66.38319428748792,0.5870007633780435,survival,77.53812630212848,87.33299140180158,21.598196666666674,0.12136373333333332,False,7.738905239305581,0.04313978299289866
onlineretail,0.0058890194373259,Gr_growth,14.12,0.1492,21.503572594164147,0.28040429041842657,survival,22.990029001746958,26.319050713529005,14.43363666666666,0.13927738333333334,False,14.137637835249091,0.04823079355658266
onlineretail,0.0058890194373259,Pascal,283.02,92.667,373.63585787056127,802.0688268280318,survival,387.1161067075541,415.38887978165565,,,,,
onlineretail,0.0058890194373259,TalkyG_Diffset,519.51,0.5556,935.9319867695062,117.69868004936869,survival,1529.5861163021316,2101.456350982296,,,,,
onlineretail,0.0058890194373259,Talky_G,686.21,0.6172,874.8786868919408,86.1671893127719,survival,1390.5720218998526,1886.9915632610266,,,,,
onlineretail,0.0058890194373259,Zart,849.51,87.3878,1005.1764007588973,840.3883890650042,survival,1023.118313624484,1106.9443167066474,,,,,
onlineretail,0.0015334301653236,Apriori_Gen_Borgelt,35.94,0.1531,70.4797051340338,1.3241137824300697,survival,70.6663990643938,78.67894780920615,35.11930606664622,0.11772638761116222,False,21.049365099795114,0.07118937993151077
onlineretail,0.0015334301653236,DefMe,2060.48,2.1924,1022.4378452296048,126.78212698136404,survival,1155.253725798482,1421.4319409151094,,,,,
onlineretail,0.0015334301653236,Eclat_Gen_Borgelt,36.08,0.1481,83.04594861077535,0.4112261259476635,survival,88.5529478893889,100.13919461674598,38.989686190330175,0.10432475850965962,False,23.22399345175367,0.06097071232890046
onlineretail,0.0015334301653236,FPgrowth_Gen_Borgelt,36.13,0.1437,74.9364679978071,0.5659684960259512,survival,83.97785019024349,94.10061972787413,34.91769906981499,0.11381194674435244,False,19.972528345593986,0.07220581644040287
onlineretail,0.0015334301653236,Gr_growth,14.29,0.1445,26.91759659577352,0.3205841341413703,survival,30.08759713469351,35.09255949104823,14.23,0.14970130711438207,False,14.23,0.09307277124939765
onlineretail,0.0015334301653236,Pascal,289.1,834.7978,380.5698952845164,1128.7622167990453,survival,390.4977055245896,417.8931213134975,,,,,
onlineretail,0.0015334301653236,TalkyG_Diffset,601.33,0.6137,980.9633535154336,109.00458016502526,survival,1554.4206449656754,2128.017293462285,,,,,
onlineretail,0.0015334301653236,Talky_G,1028.43,0.7463,918.2445963819177,96.35086917898767,survival,1425.0668040401215,1909.908629954401,,,,,
onlineretail,0.0015334301653236,Zart,882.88,800.5185,1196.668477107512,1077.025999024435,survival,1211.399861044993,1291.5744305546298,,,,,
onlineretail,0.0004010509663154,Apriori_Gen_Borgelt,36.04,0.1482,70.52007047286622,1.2987087772713397,survival,70.73860649043942,78.84570470455417,35.99,0.1416,True,35.99,0.1416
onlineretail,0.0004010509663154,DefMe,2150.64,8.2196,1163.9133172628885,183.35973623101205,survival,1246.1494641471522,1493.4047590672428,,,,,
onlineretail,0.0004010509663154,Eclat_Gen_Borgelt,36.11,0.1469,86.6885858112041,0.43178822368881126,survival,90.94683180157878,101.50554763444264,36.11,0.1541,True,36.11,0.1541
onlineretail,0.0004010509663154,FPgrowth_Gen_Borgelt,36.16,0.1427,80.64149757222354,0.5900547148751576,survival,86.97251706912549,96.8295182171617,36.27,0.1419,True,36.27,0.1419
onlineretail,0.0004010509663154,Gr_growth,14.48,0.1572,28.38004022671037,0.3501035493428355,survival,31.538942312284977,36.39560913939406,14.46,0.1522,True,14.46,0.1522
onlineretail,0.0004010509663154,TalkyG_Diffset,1651.94,1.0926,1111.774466947587,129.25359577633478,survival,1726.5638289361457,2290.0035563219826,,,,,
onlineretail,0.0004010509663154,Talky_G,1756.58,1.0922,1058.152559178919,145.7001568544386,survival,1620.750628697502,2102.1150170376204,,,,,
onlineretail,0.0004010509663154,Zart,1757.5,3069.9668,1219.2526384811488,1576.2009632792415,survival,1239.7120019294475,1325.5755460590997,,,,,
onlineretail,4.024386859220471e-05,Apriori_Gen_Borgelt,36.03,0.163,70.48263138106027,1.3008689249986123,survival,70.66822611378505,78.83900181153946,36.13,0.1519,True,36.13,0.1519
onlineretail,4.024386859220471e-05,DefMe,2247.18,27.3897,1178.295591536446,188.4100208726787,survival,1262.7181351180166,1506.0909332402493,,,,,
onlineretail,4.024386859220471e-05,Eclat_Gen_Borgelt,37.81,0.1527,91.01057927650841,0.4400977736888113,survival,93.81048409202833,103.94920341003736,37.54,0.1543,True,37.54,0.1543
onlineretail,4.024386859220471e-05,FPgrowth_Gen_Borgelt,37.69,0.1468,88.97159312995302,0.5999108428513481,survival,94.44614483083649,104.06863252958472,38.24,0.148,True,38.24,0.148
onlineretail,4.024386859220471e-05,Gr_growth,14.84,0.1566,29.804935683781444,0.4085531833255195,survival,33.775285458560575,39.30866271141097,14.78,0.158,True,14.78,0.158
onlineretail,4.024386859220471e-05,TalkyG_Diffset,2079.16,1.8719,1152.5757023716058,164.27996590431096,survival,1763.0681717959194,2323.0778898315834,,,,,
onlineretail,4.024386859220471e-05,Talky_G,2081.04,1.6833,1109.7038467381008,165.35726943301,survival,1680.8117016259591,2155.314243401372,,,,,
pamap,0.87309175,Apriori_Gen_Borgelt,139.85,0.6862,69.63259340545154,1.635606619576257,survival,76.10840300700477,84.36282906730841,142.79000000000002,0.5054,False,42.06632663548457,0.157964617777345
pamap,0.87309175,Eclat_Gen_Borgelt,139.93,0.6918,28.683442788484335,0.2979226204295704,survival,38.165840793458685,45.35996909137458,141.90000000000003,0.4857,False,40.9390073225988,0.14648088319430289
pamap,0.87309175,DefMe,1165.31,1.3447,407.77293028905723,2.147407783441558,survival,471.93835008619254,560.2286932047301,,,,,
pamap,0.87309175,FPgrowth_Gen_Borgelt,139.98,0.6506,28.885032255645182,0.2692945720855168,survival,39.563009495556145,49.03231801264782,141.58000000000004,0.43499999999999994,False,40.71828324692962,0.1293526434519709
pamap,0.87309175,Gr_growth,14.0,0.4039,13.576321286863502,0.1613594925789488,survival,13.534987587069452,13.845574467546308,15.299999999999972,0.3906,False,14.113319069727401,0.09992283471899498
pamap,0.87309175,TalkyG_Diffset,1212.67,1.8575,244.09189714400512,4.849623919861937,survival,262.99362511949823,297.4531880354725,,,,,
pamap,0.87309175,Pascal,682.41,2.493,244.13703472754247,426.70326969337196,survival,267.76859537683737,310.0264998747353,,,,,
pamap,0.87309175,Talky_G,1252.39,2.0549,246.22161837205186,4.505685612957345,survival,262.03128602886574,289.24455465340986,,,,,
pamap,0.87309175,Zart,1879.73,2.8441,300.9946804642189,708.7057686944911,survival,356.19027559203,423.5037844730914,,,,,
pamap,0.63655675,Apriori_Gen_Borgelt,139.86,0.754,70.76221506893489,3.9422106504398386,survival,76.2826724248316,84.49662580231498,133.72999999999996,0.6412000000000001,False,36.662346609914664,0.17659574568152833
pamap,0.63655675,DefMe,1739.82,1.5887,718.0787151917347,2.971950582826896,survival,809.2812493798136,906.6920961808165,,,,,
pamap,0.63655675,Eclat_Gen_Borgelt,139.94,0.7684,39.443903235764274,0.5521394721792097,survival,44.140858388022586,49.800899818461225,123.76999999999998,0.6416,False,27.907077144038904,0.19615492185301275
pamap,0.63655675,FPgrowth_Gen_Borgelt,139.95,0.7153,38.65058584546548,0.35361152552513275,survival,45.82587951607388,55.623626667672546,150.07,0.5759,False,37.301920429722685,0.23517108387130897
pamap,0.63655675,Gr_growth,14.35,0.4392,13.941798525788872,0.2496926634608447,survival,13.8742430924274,14.79397348517658,20.00999999999999,0.49700000000000005,False,14.676878132405657,0.11752169751962802
pamap,0.63655675,Pascal,655.23,54.9236,256.7636853999897,763.7096695117715,survival,277.9341996605988,318.398714030661,,,,,
pamap,0.63655675,TalkyG_Diffset,1797.96,2.0118,335.33806753984004,11.512499555197435,survival,374.76359157167064,424.76202664311046,,,,,
pamap,0.63655675,Talky_G,1465.4,2.0661,302.952324705909,14.276588891907561,survival,319.4969267878993,352.67887042770167,,,,,
pamap,0.63655675,Zart,1815.95,90.7496,349.12280525048124,941.3974564508584,survival,411.2433266981484,479.96790174136663,,,,,
pamap,0.04525675,Apriori_Gen_Borgelt,826.47,147.862,74.81104021599504,5.717272218700744,survival,78.59609088252765,89.14195306776553,,,,,
pamap,0.04525675,Eclat_Gen_Borgelt,1947.34,28.4018,85.99537629377198,1.0214428381965257,survival,113.31490548147444,157.33205475833157,15743.290000000005,211.27509999999995,False,3403.940791943992,47.300715040637535
pamap,0.04525675,FPgrowth_Gen_Borgelt,1957.13,23.7877,74.724084298795,0.8938815457451906,survival,91.48180012894474,122.98392001996885,15462.320000000003,179.77030000000002,False,3349.4595189280653,40.00116855996762
pamap,0.04525675,Gr_growth,1034.2,21.4911,15.134413224705897,0.48005620305319685,survival,14.971008176997337,16.528726782201304,8149.63,149.01970000000003,False,1772.6979361742285,32.15602167144603
pumsb,0.6,FPgrowth_Gen_Borgelt,269.91,1.4923,21.49217745715834,0.4145593553269851,survival,27.16847712701002,32.320989367899834,276.44,1.4541,True,276.44,1.4541
pumsb,0.7,FPgrowth_Gen_Borgelt,58.5,0.3033,20.425981324921878,0.3116153773507947,survival,25.804328813523426,31.09533881939079,60.61,0.2968,True,60.61,0.2968
pumsb,0.75,FPgrowth_Gen_Borgelt,32.5,0.153,18.713523905823298,0.30729955949365184,survival,24.125929493220458,29.19269540201316,32.59,0.1512,True,32.59,0.1512
pumsb,0.8,FPgrowth_Gen_Borgelt,27.07,0.1041,17.771212565004916,0.2982615835015884,survival,22.789300064150257,27.37541498553809,27.02,0.1126,True,27.02,0.1126
pumsb,0.85,FPgrowth_Gen_Borgelt,25.64,0.0914,15.758450224981283,0.28498997239047724,survival,21.047392634410826,25.87900265333055,26.06,0.0922,True,26.06,0.0922
pumsb,0.9,FPgrowth_Gen_Borgelt,21.01,0.088,15.024178059133343,0.252606896687014,survival,19.978156239796,24.643652901451247,21.3,0.086,True,21.3,0.086
pumsb,0.95,FPgrowth_Gen_Borgelt,18.76,0.0801,14.891111008984181,0.24414146404812515,survival,19.85428582554788,24.48404821127,18.87,0.083,True,18.87,0.083
pumsb,0.6,DefMe,1121.7,22.3843,492.67980635987516,643.7146541621303,survival,633.8886785572878,880.685120721623,,,,,
pumsb,0.7,DefMe,871.64,4.9336,403.3733626358684,593.3654392654865,survival,538.9304226297899,787.0243389567423,,,,,
pumsb,0.75,DefMe,876.3,2.0546,340.54954259170336,573.267401144058,survival,452.5731070683019,697.8093491202987,,,,,
pumsb,0.8,DefMe,862.24,0.8963,319.38532328751313,557.1065129008762,survival,417.9555176161543,662.8596131274853,,,,,
pumsb,0.85,DefMe,579.06,0.5654,282.66683744678517,503.5572641613455,survival,370.0031603346058,608.765453234581,,,,,
pumsb,0.9,DefMe,338.44,0.4463,261.95009258026187,440.5717588474566,survival,343.3505852539933,574.0272377526986,,,,,
pumsb,0.95,DefMe,328.96,0.4203,260.5065251909596,416.48192581412326,survival,341.0822397649094,572.7028510761298,,,,,
pumsb,0.6,Talky_G,1400.69,129.5294,532.591631360776,564.225319960263,survival,684.1580603050428,992.0262797217439,,,,,
pumsb,0.7,Talky_G,966.71,5.7824,479.6039561347555,524.111819340981,survival,650.4300482276361,946.9925107246977,,,,,
pumsb,0.75,Talky_G,963.18,1.5897,459.88561854154574,517.903476698719,survival,633.7997913732038,936.2152387032912,,,,,
pumsb,0.8,Talky_G,663.88,0.895,454.03370635715436,499.6689696929651,survival,627.044667858024,933.6632623183111,,,,,
pumsb,0.85,Talky_G,462.58,0.7813,440.25141002352444,486.22014641341974,survival,617.9204967969861,926.3742701965814,,,,,
pumsb,0.9,Talky_G,448.11,0.7441,404.27149747190276,385.3261505501981,survival,586.7577168360818,900.1853860302976,,,,,
pumsb,0.95,Talky_G,442.11,0.7056,402.00875875014805,385.3255689251981,survival,585.7074380308096,898.873686422167,,,,,
pumsb,0.75,Pascal,389.08,1237.6079,142.68097667724837,1132.086563989187,survival,144.67296798763306,160.24337833159902,,,,,
pumsb,0.8,Pascal,363.95,247.1454,142.68097667724837,1109.7161880189492,survival,144.67296798763306,160.24337833159902,,,,,
pumsb,0.85,Pascal,363.17,63.5295,142.53556027455204,987.050943283235,survival,144.59904998677283,160.07117466593687,,,,,
pumsb,0.9,Pascal,360.7,7.7666,142.53556027455204,901.6711475378596,survival,144.59904998677283,160.07117466593687,,,,,
pumsb,0.95,Pascal,365.81,1.0149,141.84229000874484,848.3619051830974,survival,144.13806571827317,158.1917641412151,,,,,
pumsb,0.8,Zart,964.1,1079.0713,271.5771099714481,1267.1329492996415,survival,292.9930937718863,327.5258173929435,,,,,
pumsb,0.85,Zart,842.21,107.8816,256.5634018111789,1112.7030605468276,survival,274.89628661412485,309.09087981156335,,,,,
pumsb,0.9,Zart,838.73,8.3215,255.97031021535614,1079.286880689685,survival,274.45372548196536,307.84829915005264,,,,,
pumsb,0.95,Zart,827.43,0.9708,249.05426891153823,1049.3448356299627,survival,268.1430441228064,301.25799774336076,,,,,
pumsb,0.6,TalkyG_Diffset,1076.15,122.1556,678.4460005337877,511.2660474689511,survival,1072.5260265928387,1537.8397896569738,,,,,
pumsb,0.7,TalkyG_Diffset,969.04,6.6818,580.5998050554006,467.66296404791933,survival,1014.0068338837691,1478.0742164364692,,,,,
pumsb,0.75,TalkyG_Diffset,957.79,1.8205,535.6690823291002,463.07458510030034,survival,973.8443262964851,1444.9969272130988,,,,,
pumsb,0.8,TalkyG_Diffset,958.17,1.026,528.5213377291981,427.55165654434796,survival,966.1222576421386,1439.5207416429705,,,,,
pumsb,0.85,TalkyG_Diffset,481.93,0.7851,513.4860544932828,400.83305133155034,survival,958.0040068398296,1435.6358777661733,,,,,
pumsb,0.9,TalkyG_Diffset,455.48,0.7378,488.9313297897081,319.15027069702666,survival,940.8919182646606,1415.6503093379176,,,,,
pumsb,0.95,TalkyG_Diffset,436.19,0.7154,486.41736502165736,319.1433198220267,survival,940.7135295548626,1414.6257048214654,,,,,
pumsb,0.6,Apriori_Gen_Borgelt,92.9,19.2979,12.820380774330443,7.814563016065879,survival,13.46567331446267,14.894045390702964,92.87,17.6489,True,92.87,17.6489
pumsb,0.7,Apriori_Gen_Borgelt,24.4,1.6765,11.958590221759914,5.4051188306492115,survival,12.557841145452214,13.847358178117998,24.38,1.6756,True,24.38,1.6756
pumsb,0.75,Apriori_Gen_Borgelt,18.71,0.484,11.524696304824145,4.659884576284132,survival,12.31841879917564,13.628424547964634,18.73,0.486,True,18.73,0.486
pumsb,0.8,Apriori_Gen_Borgelt,18.65,0.2125,11.3900613968349,4.501569213188894,survival,12.255411628316107,13.558906478616247,18.73,0.2107,True,18.73,0.2107
pumsb,0.85,Apriori_Gen_Borgelt,18.7,0.1226,10.376181649019026,4.214935709617466,survival,11.293669614859912,12.54380994910942,18.73,0.1211,True,18.73,0.1211
pumsb,0.9,Apriori_Gen_Borgelt,18.71,0.0967,10.402126630435689,3.922868315569847,survival,11.310941630127491,12.558254749574312,18.75,0.0949,True,18.75,0.0949
pumsb,0.95,Apriori_Gen_Borgelt,18.7,0.089,10.177377338711961,3.9192611608079417,survival,11.028062290774148,12.236669530348312,18.64,0.0912,True,18.64,0.0912
pumsb,0.6,Eclat_Gen_Borgelt,280.64,1.8571,18.295149013931976,0.568733225608602,survival,22.937742106266242,28.41371026345422,272.23,1.8096,True,272.23,1.8096
pumsb,0.7,Eclat_Gen_Borgelt,63.54,0.3982,17.223824323309586,0.501483384140348,survival,21.80631382251701,27.587297595115675,65.7,0.3859,True,65.7,0.3859
pumsb,0.75,Eclat_Gen_Borgelt,32.29,0.1957,15.398170568565735,0.4922991815609829,survival,20.07191284495829,25.737540252007452,32.43,0.1898,True,32.43,0.1898
pumsb,0.8,Eclat_Gen_Borgelt,26.66,0.1222,14.834451701936601,0.48507627600542735,survival,19.658792273409976,25.427868339656015,26.74,0.1255,True,26.74,0.1255
pumsb,0.85,Eclat_Gen_Borgelt,25.7,0.1082,12.039430985244373,0.4692308151468414,survival,16.133119981407095,21.838440199790362,25.75,0.103,True,25.75,0.103
pumsb,0.9,Eclat_Gen_Borgelt,21.2,0.0944,12.039430985244373,0.4286473998871012,survival,16.133119981407095,21.838440199790362,20.48,0.0941,True,20.48,0.0941
pumsb,0.95,Eclat_Gen_Borgelt,18.75,0.0878,11.720601317182668,0.419185305985681,survival,15.758426223804914,21.50902189962691,18.82,0.0934,True,18.82,0.0934
pumsb,0.6,Gr_growth,143.53,2.0571,15.914497316969463,0.427007317579969,survival,16.584520293888133,18.89467542516562,140.36,1.9085,True,140.36,1.9085
pumsb,0.7,Gr_growth,34.73,0.4582,14.368436737567322,0.3861462248851638,survival,14.776628925688948,16.72373519768871,35.77,0.4396,True,35.77,0.4396
pumsb,0.75,Gr_growth,24.02,0.1984,14.066762706677556,0.38193911238516387,survival,14.48017941809135,16.412058544503477,24.03,0.1854,True,24.03,0.1854
pumsb,0.8,Gr_growth,16.76,0.0983,14.059652378295192,0.32867641853595747,survival,14.470610297359409,16.4047110392134,16.65,0.0955,True,16.65,0.0955
pumsb,0.85,Gr_growth,14.67,0.0689,14.007199150915929,0.3136776947264337,survival,14.412900965548449,16.341886610334743,14.69,0.0705,True,14.69,0.0705
pumsb,0.9,Gr_growth,14.16,0.0661,13.998417124976472,0.25472194206381854,survival,14.411098398865724,16.34038984437725,14.12,0.0676,True,14.12,0.0676
pumsb,0.95,Gr_growth,14.04,0.0641,13.998137857016202,0.25287912539715185,survival,14.410552671321222,16.33980213779086,14.02,0.0648,True,14.02,0.0648
recordlink,0.7772354251860716,Apriori_Gen_Borgelt,46.63,0.1783,94.13771688324402,9.41536270368716,survival,129.34118542004322,162.41096276724517,47.98982266666667,0.12246564333333335,False,15.746371053989593,0.04253402651912941
recordlink,0.7772354251860716,DefMe,278.88,0.4789,905.8056129415738,133.73227914631482,survival,966.9939070484235,1057.580567495103,,,,,
recordlink,0.7772354251860716,Eclat_Gen_Borgelt,46.71,0.1804,55.4809478141347,1.841402469562382,survival,114.8012322649314,161.95043920482266,84.502211,0.11413347000000001,False,85.2037270466451,0.04029554681999375
recordlink,0.7772354251860716,FPgrowth_Gen_Borgelt,46.75,0.1604,39.23155434788678,1.233346263841714,survival,80.13270505220301,125.047373541085,88.96151499999999,0.13999607666666666,False,100.88702119606181,0.05718420682601487
recordlink,0.7772354251860716,Gr_growth,13.97,0.0999,13.282452925048814,1.0166780747881612,survival,13.331795837380781,15.236296447182955,14.138304333333362,0.07550651666666669,False,13.979246503556961,0.02381372088517148
recordlink,0.7772354251860716,Pascal,339.2,0.7135,480.83613484428514,663.2061947567988,survival,500.96992462825256,541.5037828534956,,,,,
recordlink,0.7772354251860716,TalkyG_Diffset,271.16,0.5669,478.31496119584006,122.24272294763708,survival,623.5850439227985,739.4029873262962,,,,,
recordlink,0.7772354251860716,Talky_G,316.26,0.6806,407.5736809890608,124.58283727522061,survival,573.944466541863,688.289853942803,,,,,
recordlink,0.7772354251860716,Zart,582.79,1.046,663.2619435324992,1095.6485512107602,survival,825.6083638019588,953.0616954480412,,,,,
recordlink,0.0439401265930671,Apriori_Gen_Borgelt,50.29,0.2227,96.4770891727563,20.392834237803047,survival,133.09660833405076,166.5705145215127,85.25881966666665,0.17330781333333337,False,66.21775757193535,0.0719552358214748
recordlink,0.0439401265930671,DefMe,827.79,0.7757,1107.618573317135,320.61994693013094,survival,1134.5559201962667,1210.8771276150437,,,,,
recordlink,0.0439401265930671,Eclat_Gen_Borgelt,52.14,0.2371,120.90707252866262,3.67893375343684,survival,244.09493326068792,340.0207700026461,55.46064833333335,0.12656564333333334,False,17.36939089793066,0.03988319101069892
recordlink,0.0439401265930671,FPgrowth_Gen_Borgelt,52.26,0.2224,123.01575992040497,2.5213183532717274,survival,284.02083680756726,386.8994559544609,59.02843066666668,0.2718260666666667,False,18.570151877709225,0.15064967792555067
recordlink,0.0439401265930671,Gr_growth,14.01,0.1065,43.21938409565504,2.1329001459170325,survival,133.58905875797248,202.60926644943,14.33660866666666,0.05414390999999999,False,14.018533256744231,0.02162362254204417
recordlink,0.0439401265930671,TalkyG_Diffset,406.65,0.6844,674.1223497991737,339.01026150125983,survival,781.2180877998335,890.2317452008499,,,,,
recordlink,0.0439401265930671,Talky_G,305.22,0.6705,540.4500910042726,370.3537197565879,survival,683.6451695801212,792.66375727437,,,,,
recordlink,0.0439401265930671,Pascal,319.17,19.602,494.24917871554123,1741.2049064249213,survival,510.7686190526308,553.3412510262863,,,,,
recordlink,0.0439401265930671,Zart,784.78,98.4032,811.4580696883482,2253.047404849586,survival,906.3948250211946,1023.1198302011792,,,,,
recordlink,0.0001021893747401,Apriori_Gen_Borgelt,50.64,0.208,92.21848228059358,19.994065517619067,survival,124.87249109112058,158.11155643361758,50.66,0.2044,True,50.66,0.2044
recordlink,0.0001021893747401,DefMe,805.29,1.4279,1560.2293285818675,438.1803634827464,survival,1579.4785561948017,1676.3970586175465,,,,,
recordlink,0.0001021893747401,Eclat_Gen_Borgelt,57.23,0.223,132.61237624275188,3.5344342513764007,survival,240.96915190741146,330.61330777893943,56.58,0.2308,True,56.58,0.2308
recordlink,0.0001021893747401,FPgrowth_Gen_Borgelt,56.55,0.2202,147.59947147231196,2.4975499999347863,survival,289.0550739337474,386.00309773966313,56.37,0.2181,True,56.37,0.2181
recordlink,0.0001021893747401,Gr_growth,14.31,0.1205,43.509535482225075,2.0379795561734424,survival,124.25152645518011,191.77172064385886,14.33,0.1194,True,14.33,0.1194
recordlink,0.0001021893747401,Pascal,349.46,56.3277,498.9169722690779,2221.3093414878904,survival,512.9217376536419,551.4946983118188,,,,,
recordlink,0.0001021893747401,TalkyG_Diffset,784.55,0.8799,905.6253119942064,404.74568079224105,survival,1079.0478943952696,1250.9639845267916,,,,,
recordlink,0.0001021893747401,Talky_G,823.69,0.8454,627.897143442381,417.49348235857195,survival,829.8581457229853,961.6140572599676,,,,,
recordlink,0.0001021893747401,Zart,830.86,608.0888,1346.4696058835507,2509.761670472656,survival,1351.772443735316,1446.4064823482643,,,,,
retail,0.2,DefMe,480.78,0.378,537.4646626299814,285.9732834587815,survival,1084.6925663617494,1557.757452265406,,,,,
retail,0.3,DefMe,481.32,0.3836,537.2500888796154,268.2608702708847,survival,1085.2197210192437,1558.2920159688376,,,,,
retail,0.5,DefMe,481.75,0.3782,531.1454426612354,200.0209570543401,survival,1076.1552279285884,1550.7392081242879,,,,,
retail,0.7,DefMe,484.17,0.3754,502.592552850168,160.6972839768218,survival,1026.6833914360213,1508.124744683371,,,,,
retail,0.2,Talky_G,1153.61,0.6051,701.0924531671009,421.54813336968857,survival,890.3246528693599,1200.5472749076152,,,,,
retail,0.3,Talky_G,1154.89,0.6143,694.1977643742938,382.2789216946886,survival,880.9341288888627,1187.9192008905277,,,,,
retail,0.5,Talky_G,1152.29,0.6138,664.8201401720577,303.18380099105616,survival,850.4608997528128,1158.4740806400248,,,,,
retail,0.7,Talky_G,1153.19,0.6108,641.7419838899954,210.93679152483625,survival,826.1660271951546,1135.1234933246742,,,,,
retail,0.2,Pascal,125.69,0.271,185.01143801424027,913.7442181042694,survival,200.32314053886577,227.49665182010145,,,,,
retail,0.3,Pascal,120.96,0.2713,182.2965230313449,919.7296065542694,survival,198.61476632699822,226.54431648715402,,,,,
retail,0.5,Pascal,125.97,0.2582,182.96265344513426,862.4235730836346,survival,198.4091430874969,226.0818547394435,,,,,
retail,0.7,Pascal,124.21,0.2531,178.77753312247617,769.9103070114122,survival,194.7766507223003,222.37210108707413,,,,,
retail,0.2,Zart,145.31,0.3404,611.2348840152171,1018.2037361814923,survival,670.4659452098085,751.4969151560713,,,,,
retail,0.3,Zart,147.05,0.3292,606.1659246661941,1011.4749097945877,survival,666.0765648520836,750.427810506761,,,,,
retail,0.5,Zart,145.61,0.3163,589.1254073224912,919.4966049306265,survival,658.7342111011607,743.5547471558365,,,,,
retail,0.7,Zart,145.67,0.3161,589.0360390580189,818.2925228009562,survival,662.2839884567906,743.5092135946312,,,,,
retail,0.2,TalkyG_Diffset,1155.82,0.5924,707.0902537095606,496.57803346399567,survival,875.3352932765235,1152.917849440638,,,,,
retail,0.3,TalkyG_Diffset,1162.74,0.6091,693.3948930093404,482.92353007600866,survival,837.2807462719663,1110.7912422516326,,,,,
retail,0.5,TalkyG_Diffset,1156.26,0.5985,657.4126999358165,392.826455602596,survival,799.1735676118662,1063.7507869110013,,,,,
retail,0.7,TalkyG_Diffset,1155.38,0.5905,629.6752167683419,359.2447528312771,survival,775.6966849131343,1038.9722638416451,,,,,
retail,0.0005,DefMe,1948.33,11.5215,1153.7826518002369,416.94261320800865,survival,1471.3779139463952,1923.6105907444007,,,,,
retail,0.001,DefMe,1941.95,3.6265,1092.1222311928952,359.9126045695166,survival,1438.5477418763985,1909.4962018343651,,,,,
retail,0.002,DefMe,1945.43,1.2698,974.0161644800746,321.0012273953824,survival,1368.3344829997086,1844.4810276976862,,,,,
retail,0.005,DefMe,582.42,0.4591,730.0499870288016,285.1466007983739,survival,1213.0143051759833,1694.4468024791092,,,,,
retail,0.01,DefMe,490.02,0.3992,640.174515702034,290.05924637813575,survival,1156.1364994283092,1623.6686091225781,,,,,
retail,0.02,DefMe,480.7,0.3888,572.6881351750123,318.9365275896437,survival,1093.7112219858707,1566.0898236269038,,,,,
retail,0.0005,Talky_G,1288.57,0.8334,1113.644087179304,533.4601020980617,survival,1462.4087929569466,1802.0364719970792,,,,,
retail,0.001,Talky_G,1152.33,0.6968,880.458983533611,509.31371244806166,survival,1171.624294990912,1508.8637648091058,,,,,
retail,0.002,Talky_G,1154.94,0.6294,777.4388173106394,492.01600038853786,survival,980.9747607777549,1314.9675147733988,,,,,
retail,0.005,Talky_G,1153.38,0.6054,737.1507246844188,470.94243379270455,survival,932.0361316440876,1270.962628052049,,,,,
retail,0.01,Talky_G,1158.4,0.6077,716.10282082874,464.86065732603794,survival,908.0553119303785,1213.2981646316716,,,,,
retail,0.02,Talky_G,1154.58,0.6081,705.5685475144229,450.3918293929029,survival,889.9491944667222,1202.1241786033543,,,,,
retail,0.001,Pascal,442.03,3519.7285,239.85146590315753,1706.7490979256434,survival,247.44810110997315,267.66454418481175,,,,,
retail,0.002,Pascal,194.34,1162.8797,211.40990010254794,1498.8392920929055,survival,222.15384168616225,246.56958537294216,,,,,
retail,0.005,Pascal,129.27,53.7008,203.4401924643482,1180.262487597469,survival,216.4637115052469,240.6392810442677,,,,,
retail,0.01,Pascal,120.57,4.288,199.92321384842165,1035.7308522784215,survival,213.3733613557918,238.6625854510186,,,,,
retail,0.02,Pascal,124.45,0.5707,197.8555767907264,973.5904010544137,survival,212.14957481282408,237.61284468904643,,,,,
retail,0.002,Zart,1661.21,579.5006,1128.9249966997727,1483.1501802533553,survival,1141.294098160629,1218.3547214323082,,,,,
retail,0.005,Zart,690.74,24.7684,981.9216654107365,1174.4099796644666,survival,996.0556534574295,1078.733161226953,,,,,
retail,0.01,Zart,613.49,2.2642,893.3047555997522,1135.0426017053214,survival,906.6904136354772,978.2965890668423,,,,,
retail,0.02,Zart,278.68,0.5581,696.5752149209154,1111.0789541634383,survival,734.877751506337,810.7654569247054,,,,,
retail,0.0005,TalkyG_Diffset,1352.98,0.8796,1175.149836236624,581.895030128588,survival,1381.2740277209766,1634.858566467416,,,,,
retail,0.001,TalkyG_Diffset,1188.76,0.7099,840.7472257304826,558.4498626539669,survival,1012.012220493719,1295.5743337023237,,,,,
retail,0.002,TalkyG_Diffset,1160.84,0.623,746.3300167085221,548.7941290884004,survival,894.1124558384117,1189.7283097402299,,,,,
retail,0.005,TalkyG_Diffset,1163.3,0.6061,713.9046312971155,534.1765372431623,survival,870.6788212663794,1147.9266018989156,,,,,
retail,0.01,TalkyG_Diffset,1155.65,0.6031,698.4365138097303,531.160892659829,survival,861.1333518895932,1136.9351000987058,,,,,
retail,0.02,TalkyG_Diffset,1160.41,0.6012,691.0815301649803,531.192882407448,survival,855.1572596430209,1123.6262420891483,,,,,
retail,0.0005,Apriori_Gen_Borgelt,47.1,0.158,24.23639667555501,5.163376598815767,survival,25.914200589224954,30.942055399019907,47.18,0.1573,True,47.18,0.1573
retail,0.001,Apriori_Gen_Borgelt,24.31,0.1082,17.935453715866856,5.160681122426879,survival,19.926256169254238,24.95625657139712,24.44,0.1028,True,24.44,0.1028
retail,0.002,Apriori_Gen_Borgelt,15.98,0.0749,14.256783481782762,5.160366066077672,survival,15.950176378120391,20.761869746532632,16.01,0.0783,True,16.01,0.0783
retail,0.005,Apriori_Gen_Borgelt,12.04,0.0627,12.495984276706137,5.126481805164974,survival,14.231626768427303,19.408418062847353,12.273282000000002,0.053893979999999994,False,10.02410430064549,0.04392682434569636
retail,0.01,Apriori_Gen_Borgelt,11.92,0.0538,11.39581951915094,5.115346918151987,survival,13.146852272024958,18.155973193167096,12.145120000000002,0.044322639999999996,False,9.919532260630909,0.0361876656675758
retail,0.02,Apriori_Gen_Borgelt,11.89,0.0498,10.45759619187053,5.113079705453574,survival,12.137418237100961,17.02861487872853,12.807010000000002,0.047599380000000004,False,10.433967681618988,0.04120298495769408
retail,0.2,Apriori_Gen_Borgelt,11.68,0.047,9.638001247705084,5.5364124563235375,survival,11.817543812409617,17.294449283711675,11.084798000000001,0.04539398,False,9.112619537901784,0.03865796783621594
retail,0.3,Apriori_Gen_Borgelt,11.7,0.047,9.69464493841735,5.53549438965687,survival,11.757415313256809,15.431327579614646,12.159606,0.059142059999999996,False,9.915106304580462,0.05293836680506355
retail,0.5,Apriori_Gen_Borgelt,11.67,0.0451,9.837413546523427,2.8749670307102613,survival,11.711730801259908,14.597401223058688,11.464310000000001,0.04501506,False,9.361900471855979,0.03896168842978635
retail,0.7,Apriori_Gen_Borgelt,11.0,0.0424,9.371998833623387,2.22508747876221,survival,10.744448711233296,12.883687586865703,11.376148,0.040849119999999996,False,9.292104343804006,0.03581111104420917
retail,0.0005,Eclat_Gen_Borgelt,32.11,0.1091,47.13037141890434,0.5179840084640849,survival,59.34740425548881,75.12635564798263,32.19,0.114,True,32.19,0.114
retail,0.001,Eclat_Gen_Borgelt,28.2,0.0919,41.70731951759747,0.5118815519164659,survival,55.10200510859223,71.29572345859569,28.3,0.0911,True,28.3,0.0911
retail,0.002,Eclat_Gen_Borgelt,22.86,0.0784,38.64195209861675,0.5029909745355134,survival,53.69912366719065,70.91059177092208,22.83,0.0857,True,22.83,0.0857
retail,0.005,Eclat_Gen_Borgelt,17.57,0.0597,33.75221741017944,0.48113894338471985,survival,50.35749902138858,68.74264021677227,19.176242,0.06352908,False,15.73936043340878,0.05653747905373451
retail,0.01,Eclat_Gen_Borgelt,14.04,0.0529,30.659653852420277,0.4759177832656722,survival,48.176933031652005,65.33618483859617,16.097706000000002,0.052925860000000005,False,13.21237582353063,0.04494694767224268
retail,0.02,Eclat_Gen_Borgelt,12.38,0.0544,27.73664099978714,0.4772007140196404,survival,46.33116235363614,63.82152084372708,12.189606,0.059965840000000006,False,9.940613471365449,0.05533422002543363
retail,0.2,Eclat_Gen_Borgelt,11.79,0.0491,26.72207845189702,0.4848344132259897,survival,47.38177931327966,65.45400356416205,11.055067999999999,0.03779346,False,9.067002813153694,0.030859185067744547
retail,0.3,Eclat_Gen_Borgelt,11.78,0.0459,25.052401382265355,0.4808039233450373,survival,42.78485198406375,59.38777583855453,11.171392,0.039817240000000004,False,9.150753519603423,0.032565212653838806
retail,0.5,Eclat_Gen_Borgelt,11.4,0.0461,21.801596683062794,0.4744076576704341,survival,35.40508037595025,47.445905489128286,11.710634,0.04171994,False,9.562372014572059,0.03411900076541075
retail,0.7,Eclat_Gen_Borgelt,11.12,0.0411,18.815341252580804,0.4416015972988613,survival,25.991741116961727,32.69021644226488,11.49431,0.03601184,False,9.387973405762924,0.029457717178736288
retail,0.0005,FPgrowth_Gen_Borgelt,41.7,0.1402,56.03070843723484,0.6444909188551645,survival,67.78897632205376,95.59062430278021,41.76,0.1408,True,41.76,0.1408
retail,0.001,FPgrowth_Gen_Borgelt,34.68,0.1095,52.853560641583314,0.6424128188551644,survival,65.29451572003643,93.41276804157505,34.75,0.1151,True,34.75,0.1151
retail,0.002,FPgrowth_Gen_Borgelt,25.72,0.084,47.84779284294929,0.6383297021884978,survival,62.50781259649174,91.38851580494398,25.88,0.0905,True,25.88,0.0905
retail,0.005,FPgrowth_Gen_Borgelt,16.75,0.0569,40.83335737652588,0.6296674297526003,survival,57.70461599065467,86.21596769908179,17.824569999999998,0.055865319999999996,False,14.530436175917682,0.04623860707118157
retail,0.01,FPgrowth_Gen_Borgelt,13.51,0.0522,37.350371934388484,0.6244640535621241,survival,56.321531499927595,84.76640209734978,13.898359999999998,0.04753074,False,11.323737863532122,0.03909034712926566
retail,0.02,FPgrowth_Gen_Borgelt,11.95,0.0481,32.47670314100669,0.6256500480065685,survival,53.314436586444856,82.43186646264965,12.181443999999999,0.05292856,False,9.938591843762042,0.045940396570293425
retail,0.2,FPgrowth_Gen_Borgelt,11.78,0.0443,31.410064708127294,0.5821828029224861,survival,52.76404176125192,81.63118661712527,12.353822000000001,0.03502752,False,10.074371737047628,0.028540438099988893
retail,0.3,FPgrowth_Gen_Borgelt,11.81,0.0451,28.56758221526952,0.5813266070891528,survival,44.378448531173134,64.6463775546421,12.41593,0.0346459,False,10.124248222648985,0.028226905334783798
retail,0.5,FPgrowth_Gen_Borgelt,11.78,0.0442,25.380419485502497,0.514065880321476,survival,37.362525288773774,47.28643853458529,11.812202,0.04375182,False,9.673185848422106,0.03743402237511676
retail,0.7,FPgrowth_Gen_Borgelt,11.21,0.0418,23.094103276867266,0.3842197530487487,survival,32.12934364149449,40.47754137438319,11.564309999999999,0.046020460000000006,False,9.448995755231904,0.04188461900825314
retail,0.0005,Gr_growth,35.69,0.2084,43.53533490033326,0.7653258624680873,survival,47.49330029783087,54.10956966379847,35.67,0.1912,True,35.67,0.1912
retail,0.001,Gr_growth,30.92,0.1571,40.800899194499216,0.7326957237776112,survival,45.10424456124582,51.848909168547664,30.91,0.1423,True,30.91,0.1423
retail,0.002,Gr_growth,25.37,0.1034,40.280006935891734,0.713318520603008,survival,45.32756071307357,52.00086171969944,25.38,0.1141,True,25.38,0.1141
retail,0.005,Gr_growth,18.14,0.0602,28.438203202059455,0.6530830680597179,survival,31.895658678852374,38.652401076586536,18.550207999999998,0.051657220000000004,False,17.04636799543479,0.042523740826060995
retail,0.01,Gr_growth,15.24,0.0427,25.354665883592528,0.6438687041708291,survival,27.546753213540338,33.51069003992384,15.32216,0.04841776,False,14.913025846835332,0.04088790065299361
retail,0.02,Gr_growth,14.18,0.0365,23.564085686168905,0.6580268151196026,survival,25.540529575150806,31.14827276637813,14.210270000000001,0.0324432,False,14.158583346134492,0.026431320136897182
retail,0.2,Gr_growth,14.09,0.036,23.283912367493635,0.6247096159132534,survival,25.029178515180355,30.16856635391594,14.106054,0.03095618,False,14.095703962947674,0.025417049616889394
retail,0.3,Gr_growth,14.09,0.0381,22.80294272168976,0.60567378257992,survival,24.637180125847795,29.42638249157763,14.07,0.027616719999999997,False,14.07,0.02249938355153495
retail,0.5,Gr_growth,4.16,0.0161,21.193562647865736,0.57790131771423,survival,22.535590440484956,27.511088252622923,9.781008,0.021029700000000002,False,10.66143792529526,0.017168909951454894
retail,0.7,Gr_growth,4.17,0.0175,18.624800593626965,0.505047704582917,survival,19.401697104912287,22.51944941435044,9.452306,0.01994808,False,10.351662489209199,0.016281586715590872
t10i4d100k,0.2,DefMe,150.65,0.2793,440.2705108011564,56.69826805044445,survival,536.9590673464954,628.0299140008516,,,,,
t10i4d100k,0.3,DefMe,150.3,0.2721,439.9489298516454,56.30960249156999,survival,536.7127397265472,629.7162184298311,,,,,
t10i4d100k,0.5,DefMe,150.09,0.2807,420.6961854572943,32.78016021299855,survival,513.9436801302681,602.9975283809774,,,,,
t10i4d100k,0.7,DefMe,149.34,0.2792,385.26424850479407,23.844160012372793,survival,460.65309815953117,543.3971185685319,,,,,
t10i4d100k,0.2,Talky_G,144.77,0.3068,2775.6394805096697,334.5640555275928,survival,4105.49785891104,4854.252773898478,,,,,
t10i4d100k,0.3,Talky_G,143.71,0.3159,2784.7849236947604,334.56531959306903,survival,4109.129548093774,4854.251880663936,,,,,
t10i4d100k,0.5,Talky_G,146.52,0.3144,2770.5292863578047,260.6959562886572,survival,4113.251116531904,4858.103565346478,,,,,
t10i4d100k,0.7,Talky_G,146.02,0.3118,2675.822166591193,221.69108648081098,survival,4091.8391067523685,4844.703773369102,,,,,
t10i4d100k,0.2,Pascal,129.15,0.2441,147.44475089537883,923.3420112790506,survival,153.61858555981374,172.47294720075033,,,,,
t10i4d100k,0.3,Pascal,128.52,0.2513,145.0405507558357,913.0502262865748,survival,151.8241935347048,170.44033720420444,,,,,
t10i4d100k,0.5,Pascal,130.39,0.2453,149.67556814945328,844.144532221984,survival,156.83342997505102,175.671842540352,,,,,
t10i4d100k,0.7,Pascal,128.49,0.2551,132.43640745546352,709.2756565047222,survival,136.9023239887944,153.7419576802387,,,,,
t10i4d100k,0.2,Zart,149.47,0.3054,394.05559137165056,1043.2956664256085,survival,428.3373675955095,492.41080149701685,,,,,
t10i4d100k,0.3,Zart,149.95,0.2949,378.4580027726571,1006.689151135146,survival,419.9394357203088,483.89118092781996,,,,,
t10i4d100k,0.5,Zart,147.57,0.306,340.2978935515577,880.3876783779211,survival,395.20392381260393,464.596669031205,,,,,
t10i4d100k,0.7,Zart,145.89,0.2976,333.3400459477391,769.3952482266877,survival,388.0431207066393,457.72151743188215,,,,,
t10i4d100k,0.2,TalkyG_Diffset,143.7,0.3045,3468.6316235128065,321.3282250480206,survival,4898.385062505042,5640.871690890049,,,,,
t10i4d100k,0.3,TalkyG_Diffset,146.74,0.3083,3482.7700195094217,290.74034606290166,survival,4902.287850631066,5645.2672561938925,,,,,
t10i4d100k,0.5,TalkyG_Diffset,146.32,0.3079,3425.1254961421564,235.46250242691684,survival,4890.091199476932,5639.643892017058,,,,,
t10i4d100k,0.7,TalkyG_Diffset,145.75,0.3031,3275.443506508496,210.64426641090654,survival,4844.865294201581,5625.850475212039,,,,,
t10i4d100k,0.001,DefMe,796.8,0.9844,864.2889620504102,74.7161339316549,survival,919.0098589860658,1041.4297598962307,,,,,
t10i4d100k,0.002,DefMe,812.09,0.9919,775.684228783752,55.28006352970131,survival,857.3882192499146,974.1735057739423,,,,,
t10i4d100k,0.005,DefMe,774.32,0.9871,481.76112442433134,52.39256069737807,survival,600.6847607745956,743.1030428683868,,,,,
t10i4d100k,0.01,DefMe,819.63,0.9878,456.8693784256696,57.66377020048052,survival,576.1965741963985,714.4539899339691,,,,,
t10i4d100k,0.02,DefMe,151.66,0.2763,443.83873391754065,57.648852742904765,survival,536.1046679450459,623.3224670919558,,,,,
t10i4d100k,0.05,DefMe,150.21,0.2744,446.5268205901782,61.23578379488889,survival,535.5324512309732,627.3641151089669,,,,,
t10i4d100k,0.001,Talky_G,145.54,0.3167,3031.2022647248555,389.35061360660086,survival,4279.298595911753,4992.701931928829,,,,,
t10i4d100k,0.002,Talky_G,148.18,0.3233,2864.0292398897122,360.63149506255326,survival,4165.716597166746,4887.73311242158,,,,,
t10i4d100k,0.005,Talky_G,143.82,0.3183,2815.4017586967243,341.03142917346594,survival,4134.198830239818,4875.454796386546,,,,,
t10i4d100k,0.01,Talky_G,146.54,0.3107,2779.2370540478023,341.56774498066295,survival,4112.208908523255,4859.748039004365,,,,,
t10i4d100k,0.02,Talky_G,147.76,0.3147,2768.678686628559,344.5204186170265,survival,4100.7743342733975,4851.946924048183,,,,,
t10i4d100k,0.05,Talky_G,143.84,0.3067,2769.1096290515366,342.75778097997375,survival,4100.988439715469,4851.910376666268,,,,,
t10i4d100k,0.001,Pascal,155.15,954.0731,285.15453581283487,1779.5255455008773,survival,294.2746696155727,318.8066219630794,,,,,
t10i4d100k,0.002,Pascal,159.95,975.784,182.63212062825806,1418.2345217153788,survival,187.82431525666095,207.27864660117913,,,,,
t10i4d100k,0.005,Pascal,155.71,995.6832,159.9354147169906,1132.6333840076404,survival,166.25285303444994,186.4610655887924,,,,,
t10i4d100k,0.01,Pascal,165.66,969.3234,158.83533438246872,1052.821104340757,survival,165.9561502422942,185.77157909120186,,,,,
t10i4d100k,0.02,Pascal,128.79,0.2401,162.78191805178614,1004.3933918288521,survival,169.3933757247753,189.38135340373196,,,,,
t10i4d100k,0.05,Pascal,128.43,0.2427,164.32166504161526,1030.50379874909,survival,170.9268006137278,190.74310911579607,,,,,
t10i4d100k,0.001,Zart,1291.53,719.7062,993.4324502297953,1816.5268792792701,survival,1032.2316555422435,1133.1611823783464,,,,,
t10i4d100k,0.002,Zart,1450.12,545.852,870.8713835092768,1428.6042066828418,survival,898.2984683369879,994.2871518527527,,,,,
t10i4d100k,0.005,Zart,1307.9,550.0992,657.3331015862547,1254.7333329501578,survival,662.28699693469,712.3936320554471,,,,,
t10i4d100k,0.01,Zart,1311.42,554.432,626.481803869227,1191.3839260716045,survival,632.9612453716078,684.0891536123981,,,,,
t10i4d100k,0.02,Zart,149.05,0.2892,494.19555946735073,1189.3644431549376,survival,522.8044211659975,582.6510988508211,,,,,
t10i4d100k,0.05,Zart,145.93,0.2905,453.0826831189342,1215.8171645495806,survival,482.8264893976805,541.2399358004208,,,,,
t10i4d100k,0.001,TalkyG_Diffset,145.84,0.3115,3795.978763509287,396.16403440497066,survival,5052.997243418269,5780.974691502887,,,,,
t10i4d100k,0.002,TalkyG_Diffset,147.05,0.3139,3550.5752378628827,375.67517442778814,survival,4937.613332172316,5673.585262794683,,,,,
t10i4d100k,0.005,TalkyG_Diffset,147.87,0.3134,3526.402314983497,350.8001789988199,survival,4931.080645881851,5668.837778652863,,,,,
t10i4d100k,0.01,TalkyG_Diffset,146.52,0.3203,3459.417884697176,340.5453134298028,survival,4896.463104335844,5644.901867929508,,,,,
t10i4d100k,0.02,TalkyG_Diffset,145.98,0.3076,3445.2053057777166,334.413320229406,survival,4893.892795593361,5638.658461965636,,,,,
t10i4d100k,0.05,TalkyG_Diffset,144.97,0.3172,3444.831085333268,327.9284147956397,survival,4893.624241533271,5638.449090182852,,,,,
t10i4d100k,0.001,Apriori_Gen_Borgelt,18.84,0.0611,14.768742716517954,7.625836770664059,survival,24.069717375845787,39.548218213579645,18.93,0.0616,True,18.93,0.0616
t10i4d100k,0.002,Apriori_Gen_Borgelt,18.86,0.0635,12.459891703161796,7.614312656378345,survival,20.916717538812943,36.380684446036454,18.88,0.0623,True,18.88,0.0623
t10i4d100k,0.005,Apriori_Gen_Borgelt,18.86,0.065,11.774398512897037,7.598199165126542,survival,20.13693295060171,35.728461336663564,18.82,0.0542,False,14.65524173805336,0.04270734454096206
t10i4d100k,0.01,Apriori_Gen_Borgelt,18.83,0.0593,11.737743811319028,7.594620457556334,survival,20.069194788905452,35.684012334306836,19.71,0.0654,False,15.410463359514814,0.05436510216035038
t10i4d100k,0.02,Apriori_Gen_Borgelt,10.14,0.0315,11.76122101318711,7.594086020056334,survival,20.230133421371036,35.828079290353365,13.27,0.024800000000000003,False,11.803120449262925,0.019515038476095866
t10i4d100k,0.05,Apriori_Gen_Borgelt,10.08,0.0307,11.433011499392213,7.701382610334112,survival,19.969219798425478,35.60693389143954,13.969999999999999,0.0279,False,12.728652039783427,0.022706037425971135
t10i4d100k,0.2,Apriori_Gen_Borgelt,10.14,0.0317,9.559110161043254,7.705693201676104,survival,19.036965395109593,35.01327396834515,9.5,0.0281,False,7.417793637888891,0.022425673331109286
t10i4d100k,0.3,Apriori_Gen_Borgelt,10.13,0.0282,9.337073689337036,7.704281868342771,survival,18.579453989355606,34.282380866304365,11.27,0.028600000000000004,False,8.945492214675394,0.023306770044054865
t10i4d100k,0.5,Apriori_Gen_Borgelt,10.16,0.027,7.050006009157472,6.661368485604673,survival,9.476298422263152,13.662075553944765,13.45,0.0254,False,12.070084559880353,0.019887575832393915
t10i4d100k,0.7,Apriori_Gen_Borgelt,10.12,0.0271,5.659252402026738,3.6232441129675883,survival,7.083472207652957,9.874124373808636,16.24,0.021399999999999995,False,17.656529179527038,0.01667326700634459
t10i4d100k,0.001,Eclat_Gen_Borgelt,25.74,0.0746,33.097531923962414,1.1102308912718604,survival,53.43034330630313,94.99453971877396,25.72,0.0725,True,25.72,0.0725
t10i4d100k,0.002,Eclat_Gen_Borgelt,25.78,0.0743,27.927769524778565,1.0947068156766224,survival,51.29341495059696,91.32599099100068,25.82,0.0732,True,25.82,0.0732
t10i4d100k,0.005,Eclat_Gen_Borgelt,25.77,0.075,23.772695559979418,1.0741544845258288,survival,49.690143954371855,93.00494847315822,25.03,0.0656,False,20.075415926411768,0.052341224513853604
t10i4d100k,0.01,Eclat_Gen_Borgelt,25.77,0.0739,22.573689781268612,1.0691768432379498,survival,48.76582062102237,92.8883490660566,25.029999999999998,0.0721,False,20.176801649215353,0.06567807563659968
t10i4d100k,0.02,Eclat_Gen_Borgelt,10.19,0.0259,22.334155671300806,1.0944116349046167,survival,48.48072902151569,92.52490790202762,14.41,0.029699999999999997,False,13.680297201973081,0.0242201310640692
t10i4d100k,0.05,Eclat_Gen_Borgelt,10.21,0.0267,22.278008964287523,1.1072884658569977,survival,48.476196708670294,92.49307697070115,10.27,0.0337,False,8.00890063945674,0.028096685328489943
t10i4d100k,0.2,Eclat_Gen_Borgelt,10.2,0.0288,19.315125943074666,1.105220138187445,survival,47.980904204193195,91.606982889496,10.96,0.0249,False,8.545362548845333,0.019507449443970547
t10i4d100k,0.3,Eclat_Gen_Borgelt,10.21,0.0311,17.353547874755574,1.1061850913620481,survival,45.92381658465977,89.24685933330994,10.829999999999998,0.0213,False,8.436489309591169,0.016587052610204378
t10i4d100k,0.5,Eclat_Gen_Borgelt,10.18,0.0278,12.31549216378286,0.7880096612033177,survival,16.88505906152258,21.676375106396215,12.77,0.0393,False,10.517415386775586,0.03140728354060262
t10i4d100k,0.7,Eclat_Gen_Borgelt,10.18,0.0307,10.746692367379216,0.6921368371953812,survival,14.28499299059623,18.746519036826463,10.99,0.0216,False,8.56317197435179,0.016823191440310983
t10i4d100k,0.001,FPgrowth_Gen_Borgelt,41.01,0.1084,40.00921770462567,0.7380921682747807,survival,58.89545117668915,94.97753749980487,41.08,0.1059,True,41.08,0.1059
t10i4d100k,0.002,FPgrowth_Gen_Borgelt,41.05,0.1091,33.91856851817836,0.7346318385128761,survival,54.93726955677397,91.46400766447003,41.08,0.1051,True,41.08,0.1051
t10i4d100k,0.005,FPgrowth_Gen_Borgelt,41.01,0.1086,26.877757008580776,0.7210657313700188,survival,50.15836876717245,86.54691849462164,41.82,0.09390000000000001,False,35.097706993631554,0.08608524094824321
t10i4d100k,0.01,FPgrowth_Gen_Borgelt,40.96,0.1104,26.094732761071533,0.7187256850496725,survival,50.946332457870625,87.37208268756098,42.56,0.08379999999999999,False,36.643493860135834,0.07130560506491511
t10i4d100k,0.02,FPgrowth_Gen_Borgelt,10.25,0.0258,26.80328045172504,0.7183158767163392,survival,53.1215217008455,89.5919697608744,9.93,0.0284,False,7.736086187169479,0.022564151165131073
t10i4d100k,0.05,FPgrowth_Gen_Borgelt,10.24,0.0263,27.023254851149684,0.7432774725496725,survival,53.27127650010982,89.91015142514415,15.11,0.021700000000000004,False,17.255461645514195,0.017046900614608923
t10i4d100k,0.2,FPgrowth_Gen_Borgelt,10.22,0.0249,22.70799070091083,0.7394809932928184,survival,52.773088014902726,90.32519942605099,14.77,0.030699999999999998,False,14.537856562602533,0.025653898321592428
t10i4d100k,0.3,FPgrowth_Gen_Borgelt,10.25,0.0264,19.684766680114784,0.6927953813880563,survival,46.815019416335964,84.19564975277073,10.32,0.020200000000000003,False,8.035964715330408,0.01573626058293477
t10i4d100k,0.5,FPgrowth_Gen_Borgelt,10.23,0.025,13.234074882250512,0.6875658075785326,survival,20.225640804873777,32.75359820606528,15.129999999999999,0.021899999999999996,False,15.643640408901515,0.017170993894050964
t10i4d100k,0.7,FPgrowth_Gen_Borgelt,10.29,0.0258,11.214636511161265,0.504107171543734,survival,15.856483160214578,22.295763202496506,15.610000000000001,0.030999999999999996,False,17.206107516784,0.02540526134941354
t10i4d100k,0.001,Gr_growth,44.36,0.2094,37.22312366537524,1.0551415818216505,survival,88.86220155512027,134.09684217453747,44.34,0.2058,True,44.34,0.2058
t10i4d100k,0.002,Gr_growth,44.36,0.2092,34.07486724351766,1.029899690750222,survival,87.02592569569725,132.32470520613725,44.34,0.1983,True,44.34,0.1983
t10i4d100k,0.005,Gr_growth,44.36,0.2096,32.41809501422856,0.9968613589431402,survival,87.11490517095774,133.40350908674998,44.870000000000005,0.1315,False,35.098716507650565,0.11559292485306882
t10i4d100k,0.01,Gr_growth,44.32,0.2049,31.55158878849207,0.9949557684669497,survival,86.73689957315855,132.9910631531464,45.28,0.16190000000000002,False,35.33980937770078,0.1579092378882732
t10i4d100k,0.02,Gr_growth,3.91,0.0152,31.134563788195372,0.993345579830586,survival,86.55017043979922,132.76514862556613,10.459999999999999,0.013800000000000002,False,11.710963231318953,0.01097529992153185
t10i4d100k,0.05,Gr_growth,3.91,0.0141,31.294184606914904,0.9932399464972527,survival,86.89688709477876,132.8404657850515,11.379999999999999,0.0197,False,12.551750335105954,0.015347124897908557
t10i4d100k,0.2,Gr_growth,3.91,0.0145,31.07264663084055,0.989307035782967,survival,86.82627553380287,132.66900703413185,10.31,0.0184,False,11.560822677071275,0.014327612830042528
t10i4d100k,0.3,Gr_growth,3.91,0.0138,30.470077390999727,0.9871426464972528,survival,82.51300104214414,127.73434524747731,9.65,0.008499999999999999,False,9.48481369936789,0.0074855444676493466
t10i4d100k,0.5,Gr_growth,3.91,0.0128,16.470647461439956,0.6304726264575703,survival,20.2306719878657,29.574854244763948,10.190000000000001,0.0191,False,11.444843370663376,0.01487520444289991
t10i4d100k,0.7,Gr_growth,3.91,0.0149,13.404518312430069,0.4327932405448718,survival,15.540710431852105,24.630941594209034,10.09,0.016599999999999997,False,10.124880809307788,0.012955149128973916
