dataset,source,algorithm,sigma,true_mem,pred_mem,true_rt,pred_rt
accidents,training LODO,FPgrowth_Gen_Borgelt,0.3,100.82,21.12203192976198,0.593,1.077028059688192
accidents,training LODO,FPgrowth_Gen_Borgelt,0.4,87.43,19.19798215032231,0.4903,1.039061095402478
accidents,training LODO,FPgrowth_Gen_Borgelt,0.5,61.69,12.747456082500111,0.4175,0.9679774285373988
accidents,training LODO,FPgrowth_Gen_Borgelt,0.6,61.58,11.185810779414108,0.3781,0.8898402855720305
accidents,training LODO,FPgrowth_Gen_Borgelt,0.7,61.66,9.65593503821836,0.3313,0.751818352172097
accidents,training LODO,FPgrowth_Gen_Borgelt,0.8,61.68,8.33388869939578,0.2994,0.7214325549859498
accidents,training LODO,DefMe,0.3,1008.61,561.6355887767637,6.6613,985.1543385423286
accidents,training LODO,DefMe,0.4,1029.81,552.9067814111638,1.9654,904.51841633717
accidents,training LODO,DefMe,0.5,874.51,531.971572918466,1.0604,799.5055425111779
accidents,training LODO,DefMe,0.6,792.43,486.70187707187216,0.8599,759.2300932312174
accidents,training LODO,DefMe,0.7,652.05,425.8889952683329,0.7956,659.5443976502647
accidents,training LODO,DefMe,0.8,657.42,389.4993137202196,0.7786,537.967691262386
accidents,training LODO,Talky_G,0.3,1016.26,411.53467590892114,2.18,1209.712987044908
accidents,training LODO,Talky_G,0.4,874.24,407.1931827390705,1.3443,1065.6292642756616
accidents,training LODO,Talky_G,0.5,796.82,392.11141684016286,1.1971,916.2966928566144
accidents,training LODO,Talky_G,0.6,814.86,337.48973995793136,1.1451,740.0448662550272
accidents,training LODO,Talky_G,0.7,727.72,299.10748986301707,1.1149,674.354665279035
accidents,training LODO,Talky_G,0.8,714.51,271.7948407761494,1.1148,588.344309818519
accidents,training LODO,Pascal,0.3,465.76,465.8602843761882,2867.3672,2197.9595279556497
accidents,training LODO,Pascal,0.4,425.86,465.81242934474943,701.2038,2131.311560963983
accidents,training LODO,Pascal,0.5,410.84,465.7319958742861,138.517,1972.554980053348
accidents,training LODO,Pascal,0.6,408.71,464.79314663715326,47.193,1830.445639186681
accidents,training LODO,Pascal,0.7,408.96,461.525580800928,11.4804,1485.6103115770509
accidents,training LODO,Pascal,0.8,412.95,458.1978608134416,3.5074,1071.9364483264555
accidents,training LODO,Zart,0.4,864.61,749.7166296729939,908.8655,2396.823101521421
accidents,training LODO,Zart,0.5,859.54,742.4662552519294,212.8178,2358.754172585508
accidents,training LODO,Zart,0.6,619.23,743.2153846167361,45.8235,2252.343114448008
accidents,training LODO,Zart,0.7,802.37,736.4945418803615,7.8675,2071.604965402373
accidents,training LODO,Zart,0.8,803.81,739.6471826172844,2.0683,1681.6653513263811
accidents,training LODO,TalkyG_Diffset,0.3,1151.95,412.56070993971343,3.1233,1137.6688848038643
accidents,training LODO,TalkyG_Diffset,0.4,848.88,409.3313482808688,1.5555,1059.7247824015012
accidents,training LODO,TalkyG_Diffset,0.5,824.22,380.1718314105272,1.2459,953.941567619124
accidents,training LODO,TalkyG_Diffset,0.6,790.38,327.77981206355054,1.1479,853.1347420631714
accidents,training LODO,TalkyG_Diffset,0.7,726.36,295.0785223079655,1.1223,729.983982519124
accidents,training LODO,TalkyG_Diffset,0.8,673.77,270.763587375422,1.0921,592.9683375937884
accidents,training LODO,Apriori_Gen_Borgelt,0.3,63.95,37.26170962417038,32.0856,18.493283210879724
accidents,training LODO,Apriori_Gen_Borgelt,0.4,62.16,35.34889422007452,8.26,17.49772827040353
accidents,training LODO,Apriori_Gen_Borgelt,0.5,61.69,34.233233393943834,1.3671,14.097319494213062
accidents,training LODO,Apriori_Gen_Borgelt,0.6,61.22,33.031302719149906,0.4831,12.297655527653232
accidents,training LODO,Apriori_Gen_Borgelt,0.7,59.03,27.808692961787514,0.3345,9.63584488603235
accidents,training LODO,Apriori_Gen_Borgelt,0.8,61.57,27.07376478907343,0.3086,7.865252320123258
accidents,training LODO,Eclat_Gen_Borgelt,0.3,119.39,26.37063427730134,0.9889,0.7037434674491768
accidents,training LODO,Eclat_Gen_Borgelt,0.4,110.62,22.92531003654913,0.7314,0.7060009674491767
accidents,training LODO,Eclat_Gen_Borgelt,0.5,79.4,18.06547550420508,0.4974,0.6573939849094942
accidents,training LODO,Eclat_Gen_Borgelt,0.6,61.43,16.564521257635352,0.4086,0.6555995771713989
accidents,training LODO,Eclat_Gen_Borgelt,0.7,61.64,13.970105836782931,0.3524,0.5460377940364782
accidents,training LODO,Eclat_Gen_Borgelt,0.8,61.69,11.542764174010443,0.3181,0.4857548327269544
accidents,training LODO,Gr_growth,0.3,41.45,52.81743971815642,0.503,0.981575232096376
accidents,training LODO,Gr_growth,0.4,29.59,38.90861695535604,0.3499,0.8168909169989732
accidents,training LODO,Gr_growth,0.5,19.28,27.174000233942586,0.2394,0.6050564983662172
accidents,training LODO,Gr_growth,0.6,15.66,26.67294994783224,0.2226,0.6009379786775725
accidents,training LODO,Gr_growth,0.7,14.18,18.15387797871011,0.192,0.5454561324654512
accidents,training LODO,Gr_growth,0.8,14.0,15.210370567589344,0.1769,0.4205610373175436
bms1,training LODO,Apriori_Gen_Borgelt,0.009894802187846,5.89,13.169889456727022,0.015,2.305241643508575
bms1,training LODO,Eclat_Gen_Borgelt,0.009894802187846,6.35,16.826814536558473,0.0156,0.3513604671149241
bms1,training LODO,DefMe,0.009894802187846,114.97,459.8101570287811,0.2258,27.157322348885923
bms1,training LODO,FPgrowth_Gen_Borgelt,0.009894802187846,6.64,19.45476079264903,0.0135,0.1675814504755048
bms1,training LODO,Gr_growth,0.009894802187846,14.89,19.181186952656656,0.0166,0.2544456957203744
bms1,training LODO,TalkyG_Diffset,0.009894802187846,7944.42,501.0677456714796,1.731,98.37164567877514
bms1,training LODO,Pascal,0.009894802187846,98.05,131.92427133790224,1.6217,896.7875969907004
bms1,training LODO,Talky_G,0.009894802187846,7787.98,336.28591118589696,1.7335,66.83787690157067
bms1,training LODO,Apriori_Gen_Borgelt,0.0038547364182409,5.91,14.958280961351289,0.0167,2.3289134038260357
bms1,training LODO,Zart,0.009894802187846,590.48,730.6189627764293,1.5986,1033.4317038307372
bms1,training LODO,Eclat_Gen_Borgelt,0.0038547364182409,7.38,23.27989012051584,0.016,0.3563086492577813
bms1,training LODO,FPgrowth_Gen_Borgelt,0.0038547364182409,7.69,25.765792881570256,0.0158,0.1736258697867491
bms1,training LODO,DefMe,0.0038547364182409,179.53,584.186950769868,0.2632,27.79097392388592
bms1,training LODO,TalkyG_Diffset,0.0038547364182409,7941.65,502.07087259667264,1.7455,98.38352848999448
bms1,training LODO,Talky_G,0.0038547364182409,7935.31,336.49972471883854,1.724,66.84773607913199
bms1,training LODO,Pascal,0.0038547364182409,97.41,142.08783512272151,11.0548,1062.873063713518
bms1,training LODO,Apriori_Gen_Borgelt,0.0012709305056877,5.92,18.817853619415235,0.0229,2.344575494897464
bms1,training LODO,DefMe,0.0012709305056877,397.33,855.4968995565506,0.3726,42.32461401392921
bms1,training LODO,Eclat_Gen_Borgelt,0.0012709305056877,9.09,28.73145455222966,0.0201,0.3607812007687703
bms1,training LODO,FPgrowth_Gen_Borgelt,0.0012709305056877,10.06,34.568352299132094,0.0206,0.1743742531200825
bms1,training LODO,Zart,0.0038547364182409,604.37,1028.1915102085334,9.3992,1156.305732287801
bms1,training LODO,TalkyG_Diffset,0.0012709305056877,7945.18,528.1533747669811,1.7719,98.50863177128956
bms1,training LODO,Talky_G,0.0012709305056877,7828.76,360.74331949592096,1.7897,66.95748189226191
bms1,training LODO,Pascal,0.0012709305056877,106.71,205.38259467853868,32.0492,1447.8120382483626
bms1,training LODO,Apriori_Gen_Borgelt,0.0005662561659004,23.11,33.37034367878409,0.3491,2.324623239540321
bms1,training LODO,Gr_growth,0.0038547364182409,15.85,23.069317763961145,0.0224,0.2733081859065771
bms1,training LODO,Gr_growth,0.0012709305056877,16.43,28.377636665768936,0.0269,0.2842996085256247
bms1,training LODO,DefMe,0.0005662561659004,848.44,919.0269397244896,4.4752,91.10098594051652
bms1,training LODO,Eclat_Gen_Borgelt,0.0005662561659004,25.48,35.08014315585348,0.0989,0.3632523306930126
bms1,training LODO,FPgrowth_Gen_Borgelt,0.0005662561659004,29.9,44.14447074650195,0.0839,0.1759693912153206
bms1,training LODO,Gr_growth,0.0005662561659004,21.77,32.52027660423236,0.1201,0.281508316858958
bms1,training LODO,Zart,0.0012709305056877,629.61,1310.7008522321362,39.8572,1639.2197961875108
bms1,training LODO,TalkyG_Diffset,0.0005662561659004,7971.97,582.5327436127877,58.7362,98.548992749861
bms1,training LODO,Talky_G,0.0005662561659004,7967.99,376.58130683892153,60.9755,66.98355726130953
bms1,training LODO,DefMe,0.0001803630750645,836.25,918.5545959834104,254.9194,86.9387761571832
bms1,training LODO,Eclat_Gen_Borgelt,0.0001803630750645,234.37,36.14474235084603,1.9336,0.3640160735501555
bms1,training LODO,FPgrowth_Gen_Borgelt,0.0001803630750645,234.8,46.62366049201383,1.7026,0.1765802245486539
bms1,training LODO,Gr_growth,0.0001803630750645,133.21,32.51940545815366,4.4693,0.2825005311446723
bms2,training LODO,Apriori_Gen_Borgelt,0.0123819537619981,7.77,11.69277427768379,0.0234,0.087278164092974
bms2,training LODO,Eclat_Gen_Borgelt,0.0123819537619981,8.02,14.29771276682579,0.0238,0.2075320426212268
bms2,training LODO,DefMe,0.0123819537619981,167.14,320.38347463066526,0.2618,29.928859520985107
bms2,training LODO,Gr_growth,0.0123819537619981,15.98,17.10665071506181,0.0268,0.288449343945148
bms2,training LODO,FPgrowth_Gen_Borgelt,0.0123819537619981,7.84,13.935029231247432,0.0232,0.1710101190902806
bms2,training LODO,Pascal,0.0123819537619981,105.71,127.92709627204766,0.8173,896.1815945440179
bms2,training LODO,Zart,0.0123819537619981,533.52,731.6800495560822,1.1889,818.996957561108
bms2,training LODO,Apriori_Gen_Borgelt,0.0052862782536897,7.76,12.215134671182842,0.0332,0.0932621105215454
bms2,training LODO,Eclat_Gen_Borgelt,0.0052862782536897,9.39,16.54002908604815,0.0324,0.2158596080974172
bms2,training LODO,FPgrowth_Gen_Borgelt,0.0052862782536897,9.6,16.116466202454173,0.0258,0.17398683601641
bms2,training LODO,DefMe,0.0052862782536897,213.02,381.3122470765314,0.2897,22.09432261375067
bms2,training LODO,Gr_growth,0.0052862782536897,17.25,18.800348085516124,0.0315,0.3205301179530844
bms2,training LODO,Zart,0.0052862782536897,723.93,781.7170155292316,6.9626,939.0532916594486
bms2,training LODO,Pascal,0.0052862782536897,107.05,133.81334837164383,11.2322,1009.5305181223906
bms2,training LODO,Apriori_Gen_Borgelt,0.0012094901434616,10.68,16.193079554786436,0.0665,0.1606607645078369
bms2,training LODO,DefMe,0.0012094901434616,658.89,714.6736822964467,1.0722,53.00104718390135
bms2,training LODO,Eclat_Gen_Borgelt,0.0012094901434616,19.16,21.6303230174537,0.0521,0.2401440718031559
bms2,training LODO,FPgrowth_Gen_Borgelt,0.0012094901434616,21.25,24.49246113886298,0.0471,0.1955927085813451
bms2,training LODO,Gr_growth,0.0012094901434616,22.03,26.089074554641435,0.0692,0.3752022752317535
bms2,training LODO,Zart,0.0012094901434616,1304.33,912.9457515974182,367.5665,1546.9973646450965
bms2,training LODO,Pascal,0.0012094901434616,152.21,161.5559162315109,478.7567,1688.5336358476793
bms2,training LODO,Apriori_Gen_Borgelt,0.0004354164516461,20.79,21.560454021899485,0.162,0.1636144454602179
bms2,training LODO,DefMe,0.0004354164516461,720.69,857.7003410487815,4.5104,140.35802225190974
bms2,training LODO,Eclat_Gen_Borgelt,0.0004354164516461,28.01,40.953220960152656,0.0992,0.2758492473442815
bms2,training LODO,FPgrowth_Gen_Borgelt,0.0004354164516461,33.52,48.86786711593316,0.0863,0.2302342642437383
bms2,training LODO,Gr_growth,0.0004354164516461,27.17,38.99777010865956,0.1416,0.4486268087634995
bms2,training LODO,Pascal,0.0004354164516461,399.44,183.44757168688145,2035.6853,1993.3383507621645
bms2,training LODO,Zart,0.0004354164516461,1883.97,912.9457515974182,3479.1071,1729.95567939093
bms2,training LODO,Apriori_Gen_Borgelt,0.0001515894313138,58.2,21.560454021899485,0.5823,0.1636144454602179
bms2,training LODO,DefMe,0.0001515894313138,833.14,855.721993880118,21.795,144.59415782690976
bms2,training LODO,Eclat_Gen_Borgelt,0.0001515894313138,52.14,46.469061250004266,0.3158,0.2921594195665037
bms2,training LODO,FPgrowth_Gen_Borgelt,0.0001515894313138,70.99,55.7456387109396,0.2579,0.2462760392437382
bms2,training LODO,Gr_growth,0.0001515894313138,41.84,39.47421289762063,0.3869,0.4655224873349281
c20d10k,training LODO,Apriori_Gen_Borgelt,0.946075,3.94,4.944069040142374,0.0095,0.5430485239066489
c20d10k,training LODO,Eclat_Gen_Borgelt,0.946075,3.96,5.117819917714328,0.008,0.2123135102204576
c20d10k,training LODO,DefMe,0.946075,99.42,161.97884824445106,0.1985,183.01722803763457
c20d10k,training LODO,FPgrowth_Gen_Borgelt,0.946075,2.86,5.158966403516438,0.0085,0.1449474441275765
c20d10k,training LODO,Gr_growth,0.946075,13.98,13.480304950733558,0.0119,0.1167849728895695
c20d10k,training LODO,Pascal,0.946075,104.86,128.30050013459524,0.2058,314.53793137894473
c20d10k,training LODO,TalkyG_Diffset,0.946075,100.95,204.3563197905505,0.2232,60.96265466237293
c20d10k,training LODO,Talky_G,0.946075,102.55,217.07279153346167,0.2204,134.55203689709123
c20d10k,training LODO,Zart,0.946075,114.3,166.80923800081638,0.2312,372.93502036916976
c20d10k,training LODO,Apriori_Gen_Borgelt,0.337575,4.27,6.222811156518966,0.0123,1.727235316204629
c20d10k,training LODO,DefMe,0.337575,118.01,248.6226357337396,0.2172,312.5709776749363
c20d10k,training LODO,Eclat_Gen_Borgelt,0.337575,4.6,7.798105498526932,0.0088,0.4113186053503278
c20d10k,training LODO,FPgrowth_Gen_Borgelt,0.337575,4.99,8.099904481526375,0.0082,0.2330134543423617
c20d10k,training LODO,Gr_growth,0.337575,14.0,14.17670390219818,0.0106,0.3546115736915453
c20d10k,training LODO,Pascal,0.337575,96.91,131.19449090016482,0.3948,929.1344320102662
c20d10k,training LODO,TalkyG_Diffset,0.337575,103.01,449.54043701272974,0.2312,139.6128551327386
c20d10k,training LODO,Talky_G,0.337575,99.38,560.2777521115244,0.2279,236.5443401775565
c20d10k,training LODO,Zart,0.337575,400.73,220.39426545578385,2.0404,1108.3711642461765
c20d10k,training LODO,Apriori_Gen_Borgelt,0.034375,5.16,7.282526207217765,0.0998,1.711911281283994
c20d10k,training LODO,DefMe,0.034375,475.98,344.32734589700846,0.4194,427.4393751925644
c20d10k,training LODO,Eclat_Gen_Borgelt,0.034375,15.25,13.749568327209923,0.0314,0.3688996283662008
c20d10k,training LODO,FPgrowth_Gen_Borgelt,0.034375,15.39,13.984743696246008,0.0226,0.2474159460090284
c20d10k,training LODO,Gr_growth,0.034375,15.75,15.3873035152687,0.0312,0.3566407014693231
c20d10k,training LODO,Pascal,0.034375,328.51,170.8720755393626,83.7692,1274.282430126091
c20d10k,training LODO,TalkyG_Diffset,0.034375,161.93,458.4450395096406,0.2979,241.84809095330132
c20d10k,training LODO,Talky_G,0.034375,154.38,564.0905216665452,0.2904,322.78266950950103
c20d10k,training LODO,Apriori_Gen_Borgelt,0.001275,21.71,7.635849288949631,0.3772,1.7333494801850928
c20d10k,training LODO,DefMe,0.001275,788.95,467.67110188195744,2.5427,410.9166541648935
c20d10k,training LODO,Eclat_Gen_Borgelt,0.001275,40.52,17.362569464233204,0.1672,0.3721346560718286
c20d10k,training LODO,FPgrowth_Gen_Borgelt,0.001275,42.89,18.08977264840065,0.1358,0.2468253531518855
c20d10k,training LODO,Gr_growth,0.001275,28.09,20.20725836920432,0.1959,0.3719938159481449
c20d10k,training LODO,TalkyG_Diffset,0.001275,412.87,524.0978747061682,11.0026,247.02107040627757
c20d10k,training LODO,Talky_G,0.001275,404.51,624.4029170033415,11.1731,347.83173354600905
c73d10k,training LODO,Apriori_Gen_Borgelt,0.979375,6.09,4.8230646350231074,0.0215,1.787190559997764
c73d10k,training LODO,Eclat_Gen_Borgelt,0.979375,6.2,11.382292850839294,0.0213,0.1702451903998779
c73d10k,training LODO,DefMe,0.979375,125.81,204.3456503167942,0.2384,0.97073082499445
c73d10k,training LODO,FPgrowth_Gen_Borgelt,0.979375,6.13,6.6108336812324415,0.0211,0.1532561276924464
c73d10k,training LODO,Gr_growth,0.979375,14.0,14.710109411438085,0.019,0.1472806752657065
c73d10k,training LODO,Pascal,0.979375,123.27,327.29397447507904,0.2348,447.08647449867794
c73d10k,training LODO,TalkyG_Diffset,0.979375,127.82,209.16677573095907,0.3079,10.44652013779404
c73d10k,training LODO,Talky_G,0.979375,131.99,221.70859145895423,0.3039,3.623086827030499
c73d10k,training LODO,Zart,0.979375,136.3,505.5501198217244,0.2826,801.7906363947781
c73d10k,training LODO,Apriori_Gen_Borgelt,0.919975,6.17,4.8230646350231074,0.0235,1.787190559997764
c73d10k,training LODO,DefMe,0.919975,149.58,204.82832183596716,0.2514,0.97073082499445
c73d10k,training LODO,Eclat_Gen_Borgelt,0.919975,6.45,11.382292850839294,0.0227,0.1702451903998779
c73d10k,training LODO,FPgrowth_Gen_Borgelt,0.919975,6.33,6.6108336812324415,0.0197,0.1532561276924464
c73d10k,training LODO,Gr_growth,0.919975,14.0,14.710109411438085,0.0202,0.1472806752657065
c73d10k,training LODO,Pascal,0.919975,122.26,328.51089846936355,0.6919,447.08647449867794
c73d10k,training LODO,TalkyG_Diffset,0.919975,128.64,209.16677573095907,0.3136,10.44652013779404
c73d10k,training LODO,Talky_G,0.919975,129.95,222.54912210349403,0.3244,3.623086827030499
c73d10k,training LODO,Zart,0.919975,498.77,505.5501198217244,3.8725,801.7906363947781
c73d10k,training LODO,Apriori_Gen_Borgelt,0.446675,63.33,6.358866084471561,19.7934,10.445501004820995
c73d10k,training LODO,DefMe,0.446675,768.36,359.7461995874512,10.2334,25.88961152640832
c73d10k,training LODO,Eclat_Gen_Borgelt,0.446675,166.02,34.315668112483614,0.9261,0.5939035931207682
c73d10k,training LODO,FPgrowth_Gen_Borgelt,0.446675,154.75,13.83512458877796,0.7738,0.4308766058129371
c73d10k,training LODO,Gr_growth,0.446675,94.47,37.437292975847086,1.0554,0.559425234672966
c73d10k,training LODO,TalkyG_Diffset,0.446675,559.34,276.5716972944617,58.1968,37.57357203369536
c73d10k,training LODO,Talky_G,0.446675,572.93,300.5134967284592,58.2635,31.408270862951525
chess,training LODO,DefMe,0.2,742.77,270.8521243095322,33.3844,206.67243847391688
chess,training LODO,DefMe,0.3,758.67,251.7030095887828,6.4614,141.86026981525887
chess,training LODO,DefMe,0.5,469.82,233.9040519567636,0.6254,120.43967715064852
chess,training LODO,DefMe,0.7,158.02,213.73418600737136,0.2326,90.16566377197302
chess,training LODO,Talky_G,0.3,871.21,441.17188727306007,994.1657,136.18543669377567
chess,training LODO,Talky_G,0.5,378.37,396.9819222361487,3.0274,91.50481745066602
chess,training LODO,Talky_G,0.7,115.79,306.9057052573578,0.2556,82.99974653376485
chess,training LODO,Pascal,0.5,419.19,200.7955050961369,441.1246,1377.030918355315
chess,training LODO,Pascal,0.7,96.81,215.2219439193514,3.0817,1025.2361886128022
chess,training LODO,Zart,0.7,399.76,249.09423969660975,44.1872,1458.2341721460284
chess,training LODO,TalkyG_Diffset,0.3,912.7,554.7193728229499,946.3379,106.4831456345474
chess,training LODO,TalkyG_Diffset,0.5,410.52,463.97201185325815,2.9883,71.08724356849402
chess,training LODO,TalkyG_Diffset,0.7,128.51,339.6906512640573,0.2685,61.85814250281941
chess,training LODO,DefMe,0.4,634.18,244.5100536996165,1.72,132.7652561747827
chess,training LODO,DefMe,0.6,373.5,226.40030459480028,0.3581,110.14912483933897
chess,training LODO,DefMe,0.8,107.57,196.79732344140007,0.1958,85.51188942536406
chess,training LODO,DefMe,0.9,92.82,158.67285385315546,0.1878,70.71951822666276
chess,training LODO,Talky_G,0.4,511.64,430.1877839827846,49.3159,101.45254230899936
chess,training LODO,Talky_G,0.6,158.84,332.7387624518257,0.4304,91.2483356768565
chess,training LODO,Talky_G,0.8,94.04,275.1838972027643,0.2161,65.60812796570929
chess,training LODO,Talky_G,0.9,92.54,270.8377350858201,0.2059,54.23614109396298
chess,training LODO,Pascal,0.6,169.45,212.72289474972928,20.6284,1229.3271311288736
chess,training LODO,Pascal,0.8,91.37,225.11466471653344,0.8281,821.2176294211354
chess,training LODO,Pascal,0.9,86.98,221.0529844376373,0.3224,657.2150411548657
chess,training LODO,Zart,0.6,515.32,245.41672053776415,1330.0085,1517.7555931822924
chess,training LODO,Zart,0.8,394.35,268.7310015277845,3.0932,1368.7965873632904
chess,training LODO,Zart,0.9,118.67,267.78355410393544,0.3299,1156.4488622079334
chess,training LODO,TalkyG_Diffset,0.4,490.89,523.2492124178003,51.5933,84.87433457722418
chess,training LODO,TalkyG_Diffset,0.6,179.36,424.8355382553919,0.4589,70.73645935341465
chess,training LODO,TalkyG_Diffset,0.8,93.96,306.60781181398664,0.2159,49.26362609706543
chess,training LODO,TalkyG_Diffset,0.9,94.34,288.89045154459626,0.2065,49.01695636189228
chess,training LODO,Apriori_Gen_Borgelt,0.2,848.81,6.025779193787416,233.4849,19.1729042028416
chess,training LODO,Apriori_Gen_Borgelt,0.3,188.48,5.844322560403604,55.4055,19.170457163555888
chess,training LODO,Apriori_Gen_Borgelt,0.4,49.36,5.481279620662609,14.8769,18.62348861768648
chess,training LODO,Apriori_Gen_Borgelt,0.5,15.5,4.941792732415318,3.4445,15.762240887834386
chess,training LODO,Apriori_Gen_Borgelt,0.6,6.36,4.684376019763806,0.5387,12.116654207819954
chess,training LODO,Apriori_Gen_Borgelt,0.7,3.95,4.322300464177572,0.0475,7.716675021023422
chess,training LODO,Apriori_Gen_Borgelt,0.8,3.61,4.273581628362359,0.0121,6.982284507134532
chess,training LODO,Apriori_Gen_Borgelt,0.9,2.42,4.26914790675131,0.0071,6.031877245879122
chess,training LODO,Eclat_Gen_Borgelt,0.2,2216.16,21.43627205093397,28.9072,0.5645005177331807
chess,training LODO,Eclat_Gen_Borgelt,0.3,500.23,17.23409509555721,3.1402,0.559590958101146
chess,training LODO,Eclat_Gen_Borgelt,0.4,117.62,15.069188639054158,0.6688,0.4296521614353118
chess,training LODO,Eclat_Gen_Borgelt,0.5,42.34,12.17229061362895,0.1569,0.3860951298876927
chess,training LODO,Eclat_Gen_Borgelt,0.6,20.1,11.4682190871093,0.0477,0.3815404060781689
chess,training LODO,Eclat_Gen_Borgelt,0.7,13.25,9.637090989692128,0.0184,0.3529481699670578
chess,training LODO,Eclat_Gen_Borgelt,0.8,8.67,8.882805131561508,0.0113,0.3424532951654705
chess,training LODO,Eclat_Gen_Borgelt,0.9,3.27,7.765163253103345,0.0045,0.3321020035889914
chess,training LODO,FPgrowth_Gen_Borgelt,0.2,2223.58,14.067592982345277,21.8235,0.5650015385156512
chess,training LODO,FPgrowth_Gen_Borgelt,0.3,507.08,11.18038854815073,2.6837,0.5399850755286381
chess,training LODO,FPgrowth_Gen_Borgelt,0.4,116.08,9.28843064291401,0.5515,0.5146818416000666
chess,training LODO,FPgrowth_Gen_Borgelt,0.5,42.49,7.600408450920868,0.1118,0.4796799925921301
chess,training LODO,FPgrowth_Gen_Borgelt,0.6,19.88,7.261338448155191,0.0345,0.4694909529095905
chess,training LODO,FPgrowth_Gen_Borgelt,0.7,13.23,6.717690590183373,0.0161,0.4655129945762571
chess,training LODO,FPgrowth_Gen_Borgelt,0.8,8.58,6.212293567286916,0.0121,0.4601940469572095
chess,training LODO,FPgrowth_Gen_Borgelt,0.9,4.18,5.792218813949091,0.0076,0.4559754919247419
chess,training LODO,Gr_growth,0.2,1209.13,53.52615890493304,19.8408,0.4558644957861948
chess,training LODO,Gr_growth,0.3,285.5,38.96351123232402,3.4843,0.4234210727703218
chess,training LODO,Gr_growth,0.4,66.47,31.70180389158671,0.736,0.391825185486772
chess,training LODO,Gr_growth,0.5,29.02,23.37557470652809,0.1798,0.3152851819153434
chess,training LODO,Gr_growth,0.6,18.1,21.8604028861882,0.0535,0.2862767122724862
chess,training LODO,Gr_growth,0.7,14.9,17.99707806173357,0.0184,0.1966184932248672
chess,training LODO,Gr_growth,0.8,14.11,15.899905431119109,0.0102,0.1584517279318269
chess,training LODO,Gr_growth,0.9,13.98,15.502600396330116,0.0093,0.1451342527334143
chicago,training LODO,Apriori_Gen_Borgelt,0.0313061894768789,133.04,127.87669453989304,0.5734,2.806114303866748
chicago,training LODO,DefMe,0.0313061894768789,610.12,854.1682239115188,0.6457,296.33035460081925
chicago,training LODO,Eclat_Gen_Borgelt,0.0313061894768789,133.14,95.13093287589422,0.5361,1.211703918641775
chicago,training LODO,FPgrowth_Gen_Borgelt,0.0313061894768789,133.04,91.82562108813558,0.5306,1.5760298875679872
chicago,training LODO,Gr_growth,0.0313061894768789,14.05,21.268386544609648,0.2006,1.1457842632117885
chicago,training LODO,TalkyG_Diffset,0.0313061894768789,609.41,1131.2056718591516,0.7181,300.4945808135159
chicago,training LODO,Talky_G,0.0313061894768789,600.8,965.1884217268142,0.6972,321.8381991402334
chicago,training LODO,Pascal,0.0313061894768789,398.73,568.4944930697798,2.4853,916.6438265799186
chicago,training LODO,Zart,0.0313061894768789,906.6,1074.2249665569875,2.2804,1018.0006642410084
chicago,training LODO,Apriori_Gen_Borgelt,0.0014940977925552,133.05,125.93455764777292,0.5623,2.854786057771396
chicago,training LODO,Eclat_Gen_Borgelt,0.0014940977925552,133.19,112.00662501533157,0.5576,1.2240041752754194
chicago,training LODO,DefMe,0.0014940977925552,1051.68,1411.855987416393,0.9103,330.31863243236694
chicago,training LODO,Gr_growth,0.0014940977925552,14.86,26.64535415540182,0.1865,1.2123507360292485
chicago,training LODO,FPgrowth_Gen_Borgelt,0.0014940977925552,133.14,120.47749768072612,0.5575,1.574547415157065
chicago,training LODO,TalkyG_Diffset,0.0014940977925552,810.47,1318.2936701262036,0.8067,316.5657593200816
chicago,training LODO,Talky_G,0.0014940977925552,762.86,1080.6465169353778,0.7825,366.269053225716
chicago,training LODO,Pascal,0.0014940977925552,393.04,573.2340184763608,16.6443,1496.610427104099
chicago,training LODO,Zart,0.0014940977925552,1304.64,1220.1250822558811,25.105,1563.8829317848658
chicago,training LODO,Apriori_Gen_Borgelt,9.29644154754388e-06,133.02,125.93543222114148,0.5379,2.8681874291236547
chicago,training LODO,DefMe,9.29644154754388e-06,1822.45,1434.9393710279694,7.0549,386.1385190801242
chicago,training LODO,Eclat_Gen_Borgelt,9.29644154754388e-06,133.07,122.537341253601,0.5375,1.2681259909860976
chicago,training LODO,FPgrowth_Gen_Borgelt,9.29644154754388e-06,133.1,134.86218879101523,0.5184,1.5953490359903983
chicago,training LODO,Gr_growth,9.29644154754388e-06,15.54,27.285195100541547,0.2069,1.215235548132423
chicago,training LODO,TalkyG_Diffset,9.29644154754388e-06,1894.39,1609.7538947950752,3.398,354.0732122800023
chicago,training LODO,Talky_G,9.29644154754388e-06,1930.95,1287.890366572283,2.2952,406.9083915436633
chicago,training LODO,Pascal,9.29644154754388e-06,396.95,575.1024090224923,229.861,2032.68177874232
chicago,training LODO,Zart,9.29644154754388e-06,1695.39,1271.7636871186835,1057.9855,1889.4339200560955
connect,training LODO,DefMe,0.2,1074.08,362.8054311785246,39.339,459.1514576547395
connect,training LODO,DefMe,0.3,1168.03,355.07771160621724,12.4079,400.18197162100944
connect,training LODO,DefMe,0.5,1137.27,285.86781011589653,3.4386,265.6969370374196
connect,training LODO,DefMe,0.7,926.57,196.6612881602672,1.2143,218.15892108020452
connect,training LODO,Talky_G,0.2,732.58,381.38249478983937,36.2326,1393.2703377559556
connect,training LODO,Talky_G,0.3,652.76,380.95545689693495,2.9281,1150.0888443482172
connect,training LODO,Talky_G,0.5,508.84,351.5359750744527,0.877,786.5679540049603
connect,training LODO,Talky_G,0.7,342.76,250.69088817919783,0.5948,565.6212984882939
connect,training LODO,TalkyG_Diffset,0.2,877.66,454.7753743224212,39.8986,1296.2066577754722
connect,training LODO,TalkyG_Diffset,0.3,1002.9,453.2891850300325,3.5146,1178.8807204463053
connect,training LODO,TalkyG_Diffset,0.5,652.16,415.0724106107201,1.0608,812.7085983639092
connect,training LODO,TalkyG_Diffset,0.7,349.13,304.17476495644087,0.6369,539.6511382759763
connect,training LODO,DefMe,0.4,1121.28,327.56975860838975,6.2768,358.7253910690974
connect,training LODO,DefMe,0.6,1027.34,246.61550833724272,1.9531,235.11466544734017
connect,training LODO,DefMe,0.8,548.12,181.17899726988492,0.686,188.2934229482601
connect,training LODO,DefMe,0.9,276.1,164.57022033871533,0.4557,128.3173578090507
connect,training LODO,Talky_G,0.4,645.91,373.7163730111511,1.2828,956.8528180141054
connect,training LODO,Talky_G,0.6,393.3,273.16609453753296,0.6738,645.4560799484129
connect,training LODO,Talky_G,0.8,272.6,223.98239227194648,0.539,478.0253165892858
connect,training LODO,Talky_G,0.9,274.98,216.28095769946225,0.5064,354.5524392108225
connect,training LODO,Pascal,0.8,347.39,106.2087779641428,124.7782,563.2434877772769
connect,training LODO,Pascal,0.9,304.18,106.30317749934824,16.4821,424.73027313647606
connect,training LODO,Zart,0.9,418.37,274.99934213732064,130.6938,504.4876086955129
connect,training LODO,TalkyG_Diffset,0.4,789.34,441.8228011268116,1.6257,970.9022907528528
connect,training LODO,TalkyG_Diffset,0.6,518.36,326.04206451136594,0.7822,620.9886983073252
connect,training LODO,TalkyG_Diffset,0.8,275.88,276.73185953991407,0.5556,437.8044649888964
connect,training LODO,TalkyG_Diffset,0.9,274.29,271.56512629750915,0.5108,378.7865997636079
connect,training LODO,Apriori_Gen_Borgelt,0.2,73.83,44.89035800174232,145.698,34.54891121056522
connect,training LODO,Apriori_Gen_Borgelt,0.3,27.52,44.88569609251268,26.3211,34.6404344476684
connect,training LODO,Apriori_Gen_Borgelt,0.4,17.51,28.012452685329528,6.4563,31.367236390525537
connect,training LODO,Apriori_Gen_Borgelt,0.5,17.21,14.284759375834504,1.2209,29.007857595882683
connect,training LODO,Apriori_Gen_Borgelt,0.6,17.27,10.10143617961971,0.4512,24.16278971473189
connect,training LODO,Apriori_Gen_Borgelt,0.7,17.22,6.163835963199988,0.1273,19.055410277159737
connect,training LODO,Apriori_Gen_Borgelt,0.8,17.25,5.308531804536681,0.0894,14.879015761196538
connect,training LODO,Apriori_Gen_Borgelt,0.9,17.21,5.003706008051646,0.0699,12.166264655407884
connect,training LODO,Eclat_Gen_Borgelt,0.2,148.02,143.61784600857345,0.9549,4.831954126271644
connect,training LODO,Eclat_Gen_Borgelt,0.3,46.51,129.34540943050598,0.3196,4.83156289214466
connect,training LODO,Eclat_Gen_Borgelt,0.4,34.42,82.7951041038425,0.1932,4.016474246311327
connect,training LODO,Eclat_Gen_Borgelt,0.5,25.71,44.54961751666289,0.1403,3.194929780835136
connect,training LODO,Eclat_Gen_Borgelt,0.6,25.1,30.938107214012064,0.1188,2.950479733161976
connect,training LODO,Eclat_Gen_Borgelt,0.7,25.08,16.184776848228122,0.093,2.128337482963564
connect,training LODO,Eclat_Gen_Borgelt,0.8,24.72,10.79293157545962,0.0852,1.9169855978264791
connect,training LODO,Eclat_Gen_Borgelt,0.9,20.91,8.664101713054333,0.0736,1.628207737509019
connect,training LODO,FPgrowth_Gen_Borgelt,0.2,145.61,139.95502799136534,0.6854,3.1431743253646256
connect,training LODO,FPgrowth_Gen_Borgelt,0.3,52.36,129.56319414601467,0.2305,3.051406431136632
connect,training LODO,FPgrowth_Gen_Borgelt,0.4,32.42,78.40393238521581,0.1523,2.4951814920493307
connect,training LODO,FPgrowth_Gen_Borgelt,0.5,25.52,42.26820054471872,0.1205,2.040276056533458
connect,training LODO,FPgrowth_Gen_Borgelt,0.6,25.28,31.978729641731253,0.1046,1.8027040156604424
connect,training LODO,FPgrowth_Gen_Borgelt,0.7,25.17,18.03916432194478,0.0846,1.287725523470688
connect,training LODO,FPgrowth_Gen_Borgelt,0.8,24.59,13.984147801833906,0.081,1.172059208589736
connect,training LODO,FPgrowth_Gen_Borgelt,0.9,19.64,11.283471379378884,0.0677,1.001226576086128
connect,training LODO,Gr_growth,0.2,80.18,158.91361558043363,0.8426,3.5205246240152817
connect,training LODO,Gr_growth,0.3,31.83,108.32643984571096,0.2639,3.389669415681948
connect,training LODO,Gr_growth,0.4,23.12,66.27945512386785,0.1446,3.141852696490029
connect,training LODO,Gr_growth,0.5,18.84,32.547980596124816,0.1029,2.493927335829856
connect,training LODO,Gr_growth,0.6,16.52,27.46249896036102,0.0788,2.300450079877475
connect,training LODO,Gr_growth,0.7,15.2,16.452538714124678,0.0649,1.5711688909941364
connect,training LODO,Gr_growth,0.8,14.46,14.865573796429636,0.0564,1.1799236768305223
connect,training LODO,Gr_growth,0.9,14.07,14.508618174600976,0.055,0.8911714772814605
kddcup99,training LODO,Apriori_Gen_Borgelt,0.76716775,109.6,147.62872800899245,0.4103,2.2827243325896327
kddcup99,training LODO,DefMe,0.76716775,773.62,656.9796620066069,0.9647,198.2376292516718
kddcup99,training LODO,Eclat_Gen_Borgelt,0.76716775,109.67,88.92738081127087,0.4224,1.0013066952984515
kddcup99,training LODO,FPgrowth_Gen_Borgelt,0.76716775,109.76,99.86269247238096,0.3795,1.3588077403957155
kddcup99,training LODO,Gr_growth,0.76716775,13.95,14.428149654237613,0.3125,0.7862768074522701
kddcup99,training LODO,Pascal,0.76716775,592.58,437.2807244818675,1.3842,420.629573766822
kddcup99,training LODO,TalkyG_Diffset,0.76716775,689.86,627.9146260754168,1.3352,74.1858678498814
kddcup99,training LODO,Talky_G,0.76716775,806.24,611.2622926942508,1.4308,76.0979015608962
kddcup99,training LODO,Zart,0.76716775,1173.86,935.9334343845428,2.0421,719.6776105997387
kddcup99,training LODO,Apriori_Gen_Borgelt,0.45114675,109.64,148.7389400762687,0.4542,3.707926330407093
kddcup99,training LODO,DefMe,0.45114675,1406.8,818.9276417265806,1.5365,217.6888562146408
kddcup99,training LODO,Eclat_Gen_Borgelt,0.45114675,109.76,106.41498325782396,0.4993,1.1373848358467922
kddcup99,training LODO,FPgrowth_Gen_Borgelt,0.45114675,109.66,115.28011484228026,0.4676,1.554910348511211
kddcup99,training LODO,Gr_growth,0.45114675,13.9,15.275452723032226,0.2815,1.017160846683872
kddcup99,training LODO,TalkyG_Diffset,0.45114675,783.72,667.5430458981242,1.4233,91.55106939869094
kddcup99,training LODO,Talky_G,0.45114675,805.22,646.1810583024294,1.3662,98.49765422235004
kddcup99,training LODO,Pascal,0.45114675,608.15,427.4877661178552,40.6292,550.3021006172188
kddcup99,training LODO,Zart,0.45114675,1421.39,945.3520277592104,354.6493,999.8769383875996
kddcup99,training LODO,Apriori_Gen_Borgelt,0.00029375,113.39,151.99343990825707,0.5174,5.819471038740426
kddcup99,training LODO,DefMe,0.00029375,1307.5,1627.299122254436,16.3038,412.8523583327655
kddcup99,training LODO,Eclat_Gen_Borgelt,0.00029375,109.64,139.5814474809405,0.553,1.3798972936570375
kddcup99,training LODO,FPgrowth_Gen_Borgelt,0.00029375,109.82,152.27943704913835,0.5021,1.7422607884670882
kddcup99,training LODO,Gr_growth,0.00029375,14.12,24.189671159009027,0.3426,1.27844254727911
kddcup99,training LODO,TalkyG_Diffset,0.00029375,1517.89,996.2841602633084,4.2389,157.60157028589404
kddcup99,training LODO,Talky_G,0.00029375,1465.41,925.2495481751404,3.3176,167.20795769499688
kddcup99,training LODO,Pascal,0.00029375,767.3,431.3710351719362,3588.2038,1439.6984746019843
kddcup99,training LODO,Apriori_Gen_Borgelt,2.775e-05,113.46,151.99343990825707,0.5342,5.821131688740426
kddcup99,training LODO,DefMe,2.775e-05,1472.67,1630.5944328946578,22.6675,429.93168763633696
kddcup99,training LODO,Eclat_Gen_Borgelt,2.775e-05,109.73,142.8600513564358,0.5512,1.3833757936570377
kddcup99,training LODO,FPgrowth_Gen_Borgelt,2.775e-05,109.73,154.4894243794675,0.5121,1.7422607884670882
kddcup99,training LODO,Gr_growth,2.775e-05,14.12,24.721423665001726,0.3537,1.27844254727911
kddcup99,training LODO,TalkyG_Diffset,2.775e-05,1561.99,1031.4017278202132,5.1374,168.85578838410828
kddcup99,training LODO,Talky_G,2.775e-05,1564.35,947.3605486571736,4.014,178.45757819499687
kosarak,training LODO,Apriori_Gen_Borgelt,0.0600247505990574,80.05,123.3756276576945,0.4092,0.5669275933647493
kosarak,training LODO,Eclat_Gen_Borgelt,0.0600247505990574,80.22,99.0421903751689,0.4129,0.24575244624889
kosarak,training LODO,FPgrowth_Gen_Borgelt,0.0600247505990574,80.16,77.75063448130842,0.4153,0.2683117733100233
kosarak,training LODO,Gr_growth,0.0600247505990574,14.22,15.521784498464369,0.2025,0.3544577993215849
kosarak,training LODO,DefMe,0.0600247505990574,7929.91,578.4099358913173,3.1222,56.30794508507466
kosarak,training LODO,Pascal,0.0600247505990574,478.87,421.80772766673,1.3387,625.1310357115406
kosarak,training LODO,Zart,0.0600247505990574,1042.08,841.5641714909756,1.6252,645.6091438981838
kosarak,training LODO,Apriori_Gen_Borgelt,0.0126772285392901,81.46,120.47677348722426,0.487,0.5745964707223332
kosarak,training LODO,Eclat_Gen_Borgelt,0.0126772285392901,94.86,97.36981117182054,0.4792,0.2492799243777056
kosarak,training LODO,FPgrowth_Gen_Borgelt,0.0126772285392901,80.54,78.33620965925637,0.4528,0.2791814764305139
kosarak,training LODO,DefMe,0.0126772285392901,7910.47,595.066275044461,3.1447,58.93036836324926
kosarak,training LODO,Gr_growth,0.0126772285392901,21.44,18.748916501236344,0.2934,0.3491735940878566
kosarak,training LODO,Pascal,0.0126772285392901,478.0,419.37045962866176,15.5118,876.4305324341235
kosarak,training LODO,Zart,0.0126772285392901,1719.52,868.0538068751154,11.5303,803.7370629184522
kosarak,training LODO,Apriori_Gen_Borgelt,0.0032752349487756,81.53,120.61875586450236,0.8339,0.5849747422952047
kosarak,training LODO,DefMe,0.0032752349487756,7995.96,794.5069503357018,4.1924,59.1382199145105
kosarak,training LODO,Eclat_Gen_Borgelt,0.0032752349487756,122.38,96.9336276852814,0.652,0.2577952570977634
kosarak,training LODO,FPgrowth_Gen_Borgelt,0.0032752349487756,135.97,79.70353314720303,0.8103,0.2838081865495616
kosarak,training LODO,Gr_growth,0.0032752349487756,64.31,20.51470550003085,0.9058,0.3454358993367743
kosarak,training LODO,Pascal,0.0032752349487756,492.09,420.9116826992851,686.1005,1139.7413828753115
kosarak,training LODO,Zart,0.0032752349487756,1732.37,925.5737325333208,550.9333,1005.9255702139192
kosarak,training LODO,Apriori_Gen_Borgelt,0.0013246977425311,93.32,119.72854714737636,10.4093,0.5981235032620158
kosarak,training LODO,DefMe,0.0013246977425311,8031.17,1531.7941771359413,206.058,61.3667818415307
kosarak,training LODO,Eclat_Gen_Borgelt,0.0013246977425311,155.05,97.8774087680846,1.091,0.2611912463834777
kosarak,training LODO,FPgrowth_Gen_Borgelt,0.0013246977425311,213.53,82.47207294074744,1.7251,0.2883466361166611
kosarak,training LODO,Gr_growth,0.0013246977425311,120.85,23.481423427788005,2.6066,0.3552046853757354
mushroom,training LODO,DefMe,0.2,125.58,389.9660617985293,0.2205,481.2283712951485
mushroom,training LODO,DefMe,0.3,96.62,379.2682917606372,0.2045,432.4695963384025
mushroom,training LODO,DefMe,0.5,96.76,336.0929180417245,0.2096,314.17587060546606
mushroom,training LODO,DefMe,0.7,99.45,261.44600714988184,0.2074,242.59646428118836
mushroom,training LODO,Talky_G,0.2,98.2,265.07307379927886,0.2252,625.7730121539987
mushroom,training LODO,Talky_G,0.3,100.84,263.6716275018079,0.2265,496.9075754672564
mushroom,training LODO,Talky_G,0.5,97.38,242.26826673588585,0.2102,349.757321543537
mushroom,training LODO,Talky_G,0.7,95.54,192.26175584707948,0.215,271.0586913175809
mushroom,training LODO,Pascal,0.2,110.0,175.29753222079202,0.9832,2014.4744203879416
mushroom,training LODO,Pascal,0.3,97.03,175.00140265558414,0.3789,1993.134013755997
mushroom,training LODO,Pascal,0.5,97.51,182.02564142104504,0.224,1713.7604460913144
mushroom,training LODO,Pascal,0.7,105.0,136.18890850087695,0.1977,1212.3775362936956
mushroom,training LODO,Zart,0.2,384.95,308.14856998732176,44.2896,2485.4057450512787
mushroom,training LODO,Zart,0.3,195.08,309.8929321162061,1.2506,2463.506181884612
mushroom,training LODO,Zart,0.5,99.1,290.7015356309604,0.2785,2303.065559244136
mushroom,training LODO,Zart,0.7,98.31,282.09865659052,0.2146,1867.022187225907
mushroom,training LODO,TalkyG_Diffset,0.2,96.39,243.60433023375143,0.2252,781.5250424803314
mushroom,training LODO,TalkyG_Diffset,0.3,99.91,243.60433023375143,0.2251,611.0523511223644
mushroom,training LODO,TalkyG_Diffset,0.5,97.75,234.12343183686843,0.2134,368.0819371340666
mushroom,training LODO,TalkyG_Diffset,0.7,96.37,173.41747606432463,0.2185,250.80045214784732
mushroom,training LODO,Apriori_Gen_Borgelt,0.1,5.12,11.869108703772898,0.1027,26.95492616987734
mushroom,training LODO,Apriori_Gen_Borgelt,0.15,4.22,11.608311997985824,0.0356,26.95492616987734
mushroom,training LODO,Apriori_Gen_Borgelt,0.2,4.21,11.608311997985824,0.0211,26.95492616987734
mushroom,training LODO,Apriori_Gen_Borgelt,0.3,4.16,10.732661916263538,0.009,26.95460766987734
mushroom,training LODO,Apriori_Gen_Borgelt,0.4,3.91,9.100193294793884,0.0083,23.412269334758303
mushroom,training LODO,Apriori_Gen_Borgelt,0.5,3.92,7.831602546417117,0.008,18.044128233170994
mushroom,training LODO,Apriori_Gen_Borgelt,0.6,3.79,6.559663768475493,0.0088,12.478375860586633
mushroom,training LODO,Apriori_Gen_Borgelt,0.7,2.72,5.664354036271868,0.0062,9.401142167729494
mushroom,training LODO,Eclat_Gen_Borgelt,0.1,11.63,23.04004850301688,0.0215,2.0011555960074645
mushroom,training LODO,Eclat_Gen_Borgelt,0.15,7.81,21.68970841948592,0.0156,2.0011555960074645
mushroom,training LODO,Eclat_Gen_Borgelt,0.2,6.41,21.63839511342633,0.0116,2.0011555960074645
mushroom,training LODO,Eclat_Gen_Borgelt,0.3,4.53,18.95619719168097,0.0084,1.9442699531503216
mushroom,training LODO,Eclat_Gen_Borgelt,0.4,4.0,15.509303470317024,0.0084,1.5110748557657616
mushroom,training LODO,Eclat_Gen_Borgelt,0.5,3.96,13.812659860835534,0.0082,1.094161571620741
mushroom,training LODO,Eclat_Gen_Borgelt,0.6,2.8,12.858739378776011,0.007,0.9526135353112166
mushroom,training LODO,Eclat_Gen_Borgelt,0.7,3.76,12.073697440374398,0.0078,0.5912013548458486
mushroom,training LODO,FPgrowth_Gen_Borgelt,0.1,10.73,21.4261346939944,0.0144,1.326076291498779
mushroom,training LODO,FPgrowth_Gen_Borgelt,0.15,7.57,19.59528580505042,0.0108,1.326076291498779
mushroom,training LODO,FPgrowth_Gen_Borgelt,0.2,6.12,19.59528580505042,0.0131,1.326076291498779
mushroom,training LODO,FPgrowth_Gen_Borgelt,0.3,4.05,18.17954116598865,0.0099,1.219939490491453
mushroom,training LODO,FPgrowth_Gen_Borgelt,0.4,4.04,15.519728780974232,0.009,0.9598461070318576
mushroom,training LODO,FPgrowth_Gen_Borgelt,0.5,2.8,13.627786623381091,0.0073,0.4887729748168498
mushroom,training LODO,FPgrowth_Gen_Borgelt,0.6,2.86,12.743909462271242,0.0074,0.4625627331501831
mushroom,training LODO,FPgrowth_Gen_Borgelt,0.7,4.0,11.773224008158389,0.007,0.3599160248168498
mushroom,training LODO,DefMe,0.05,358.85,408.7768954987286,0.3504,502.20614470348175
mushroom,training LODO,DefMe,0.1,230.85,406.0258886987404,0.2642,496.2290878284819
mushroom,training LODO,DefMe,0.15,127.06,389.9660617985293,0.2208,496.2262947118151
mushroom,training LODO,DefMe,0.4,97.61,341.77058465081865,0.1954,360.9812831677676
mushroom,training LODO,DefMe,0.6,97.7,311.7057790050516,0.193,296.38787642345017
mushroom,training LODO,Talky_G,0.05,123.65,275.9124346729438,0.2879,645.0988128679058
mushroom,training LODO,Talky_G,0.1,118.99,277.8047908460561,0.2402,643.476835214118
mushroom,training LODO,Talky_G,0.15,96.0,266.86645557354825,0.2217,625.7730121539987
mushroom,training LODO,Talky_G,0.4,97.99,251.3479780361809,0.216,401.4787270127831
mushroom,training LODO,Talky_G,0.6,100.21,217.21641902176975,0.2097,293.933676411791
mushroom,training LODO,Pascal,0.1,273.36,175.75803265648574,57.691,2060.876514788537
mushroom,training LODO,Pascal,0.15,117.02,175.2321937524982,2.1117,2044.4623520212751
mushroom,training LODO,Pascal,0.4,95.8,177.90308096018848,0.2905,1868.637616860759
mushroom,training LODO,Pascal,0.6,108.78,164.30899734352002,0.2098,1522.52706619806
mushroom,training LODO,Zart,0.15,418.91,308.14856998732176,126.5752,2496.4776407596123
mushroom,training LODO,Zart,0.4,137.89,309.15419140380106,0.3876,2331.0461185274694
mushroom,training LODO,Zart,0.6,96.91,286.46745751872834,0.224,2137.817282830211
mushroom,training LODO,TalkyG_Diffset,0.05,139.99,257.5886755890228,0.3009,826.5512556374744
mushroom,training LODO,TalkyG_Diffset,0.1,129.99,263.61178333540323,0.2424,829.3913261624743
mushroom,training LODO,TalkyG_Diffset,0.15,98.37,248.1597356240338,0.2287,811.4678664541409
mushroom,training LODO,TalkyG_Diffset,0.4,99.45,237.2013580669312,0.2201,497.67561438524297
mushroom,training LODO,TalkyG_Diffset,0.6,98.41,209.51204060109097,0.2129,320.3438937514007
mushroom,training LODO,Apriori_Gen_Borgelt,0.05,6.57,11.808245248405845,0.212,26.952375644877343
mushroom,training LODO,Eclat_Gen_Borgelt,0.05,15.64,22.837065280548405,0.0366,1.9618866858884163
mushroom,training LODO,FPgrowth_Gen_Borgelt,0.05,15.09,21.489093050535843,0.0212,1.3227230825702074
mushroom,training LODO,Gr_growth,0.05,15.59,33.646373834796776,0.0255,1.5452935346542347
mushroom,training LODO,Gr_growth,0.1,14.74,32.60102386156654,0.0168,1.5452935346542347
mushroom,training LODO,Gr_growth,0.15,14.43,32.60401123161369,0.0134,1.5452935346542347
mushroom,training LODO,Gr_growth,0.2,14.25,32.59074691079453,0.0147,1.5452935346542347
mushroom,training LODO,Gr_growth,0.3,14.02,23.94821484524876,0.0112,1.5107823739399489
mushroom,training LODO,Gr_growth,0.4,14.0,21.32767919857416,0.0103,1.236263695765346
mushroom,training LODO,Gr_growth,0.5,13.98,16.868417043858532,0.0106,0.9647089826035076
mushroom,training LODO,Gr_growth,0.6,13.94,15.862901466730012,0.0112,0.922611298079698
mushroom,training LODO,Gr_growth,0.7,13.98,14.297710220898528,0.0099,0.8576970755688756
onlineretail,training LODO,Apriori_Gen_Borgelt,0.017636528480632,36.01,70.48377190237092,0.1338,1.1801094791916418
onlineretail,training LODO,DefMe,0.017636528480632,628.89,440.7775961867384,0.5899,122.2973240772154
onlineretail,training LODO,Eclat_Gen_Borgelt,0.017636528480632,36.12,72.86796654671623,0.1429,0.3829713058469309
onlineretail,training LODO,FPgrowth_Gen_Borgelt,0.017636528480632,36.0,57.53636356162767,0.1452,0.5746885829848257
onlineretail,training LODO,Gr_growth,0.017636528480632,14.04,11.646700530452463,0.1011,0.2870501609922972
onlineretail,training LODO,TalkyG_Diffset,0.017636528480632,525.02,911.0531344499918,0.5796,113.14066393051952
onlineretail,training LODO,Talky_G,0.017636528480632,671.02,855.6189878804684,0.6118,77.08019668860162
onlineretail,training LODO,Zart,0.017636528480632,808.08,776.9664930646966,4.6665,705.1659751824643
onlineretail,training LODO,Pascal,0.017636528480632,284.84,376.3490757415878,7.1688,596.0151742469877
onlineretail,training LODO,Apriori_Gen_Borgelt,0.0058890194373259,36.0,70.35834754121244,0.141,1.186730602351815
onlineretail,training LODO,DefMe,0.0058890194373259,1117.08,545.4104032008408,0.7731,122.77427378709996
onlineretail,training LODO,Eclat_Gen_Borgelt,0.0058890194373259,36.08,77.40548385288591,0.15,0.3937711046564547
onlineretail,training LODO,FPgrowth_Gen_Borgelt,0.0058890194373259,36.12,66.38319428748792,0.1502,0.5870007633780435
onlineretail,training LODO,Gr_growth,0.0058890194373259,14.12,21.503572594164147,0.1492,0.2804042904184265
onlineretail,training LODO,Pascal,0.0058890194373259,283.02,373.63585787056127,92.667,802.0688268280318
onlineretail,training LODO,TalkyG_Diffset,0.0058890194373259,519.51,935.9319867695062,0.5556,117.69868004936868
onlineretail,training LODO,Talky_G,0.0058890194373259,686.21,874.8786868919408,0.6172,86.1671893127719
onlineretail,training LODO,Zart,0.0058890194373259,849.51,1005.1764007588972,87.3878,840.3883890650042
onlineretail,training LODO,Apriori_Gen_Borgelt,0.0015334301653236,35.94,70.4797051340338,0.1531,1.3241137824300695
onlineretail,training LODO,DefMe,0.0015334301653236,2060.48,1022.4378452296048,2.1924,126.78212698136404
onlineretail,training LODO,Eclat_Gen_Borgelt,0.0015334301653236,36.08,83.04594861077535,0.1481,0.4112261259476635
onlineretail,training LODO,FPgrowth_Gen_Borgelt,0.0015334301653236,36.13,74.9364679978071,0.1437,0.5659684960259512
onlineretail,training LODO,Gr_growth,0.0015334301653236,14.29,26.91759659577352,0.1445,0.3205841341413703
onlineretail,training LODO,Pascal,0.0015334301653236,289.1,380.5698952845164,834.7978,1128.7622167990453
onlineretail,training LODO,TalkyG_Diffset,0.0015334301653236,601.33,980.9633535154336,0.6137,109.00458016502526
onlineretail,training LODO,Talky_G,0.0015334301653236,1028.43,918.2445963819176,0.7463,96.35086917898768
onlineretail,training LODO,Zart,0.0015334301653236,882.88,1196.668477107512,800.5185,1077.025999024435
onlineretail,training LODO,Apriori_Gen_Borgelt,0.0004010509663154,36.04,70.52007047286622,0.1482,1.2987087772713397
onlineretail,training LODO,DefMe,0.0004010509663154,2150.64,1163.9133172628883,8.2196,183.35973623101205
onlineretail,training LODO,Eclat_Gen_Borgelt,0.0004010509663154,36.11,86.6885858112041,0.1469,0.4317882236888112
onlineretail,training LODO,FPgrowth_Gen_Borgelt,0.0004010509663154,36.16,80.64149757222354,0.1427,0.5900547148751576
onlineretail,training LODO,Gr_growth,0.0004010509663154,14.48,28.38004022671037,0.1572,0.3501035493428355
onlineretail,training LODO,TalkyG_Diffset,0.0004010509663154,1651.94,1111.774466947587,1.0926,129.25359577633478
onlineretail,training LODO,Talky_G,0.0004010509663154,1756.58,1058.152559178919,1.0922,145.7001568544386
onlineretail,training LODO,Zart,0.0004010509663154,1757.5,1219.2526384811488,3069.9668,1576.2009632792417
onlineretail,training LODO,Apriori_Gen_Borgelt,4.024386859220471e-05,36.03,70.48263138106027,0.163,1.3008689249986125
onlineretail,training LODO,DefMe,4.024386859220471e-05,2247.18,1178.295591536446,27.3897,188.4100208726787
onlineretail,training LODO,Eclat_Gen_Borgelt,4.024386859220471e-05,37.81,91.0105792765084,0.1527,0.4400977736888113
onlineretail,training LODO,FPgrowth_Gen_Borgelt,4.024386859220471e-05,37.69,88.97159312995302,0.1468,0.5999108428513481
onlineretail,training LODO,Gr_growth,4.024386859220471e-05,14.84,29.804935683781444,0.1566,0.4085531833255195
onlineretail,training LODO,TalkyG_Diffset,4.024386859220471e-05,2079.16,1152.5757023716058,1.8719,164.27996590431096
onlineretail,training LODO,Talky_G,4.024386859220471e-05,2081.04,1109.7038467381008,1.6833,165.35726943301
pamap,training LODO,Apriori_Gen_Borgelt,0.87309175,139.85,69.63259340545154,0.6862,1.635606619576257
pamap,training LODO,Eclat_Gen_Borgelt,0.87309175,139.93,28.68344278848433,0.6918,0.2979226204295704
pamap,training LODO,DefMe,0.87309175,1165.31,407.7729302890572,1.3447,2.147407783441558
pamap,training LODO,FPgrowth_Gen_Borgelt,0.87309175,139.98,28.885032255645186,0.6506,0.2692945720855168
pamap,training LODO,Gr_growth,0.87309175,14.0,13.576321286863502,0.4039,0.1613594925789488
pamap,training LODO,TalkyG_Diffset,0.87309175,1212.67,244.09189714400512,1.8575,4.849623919861937
pamap,training LODO,Pascal,0.87309175,682.41,244.13703472754247,2.493,426.703269693372
pamap,training LODO,Talky_G,0.87309175,1252.39,246.22161837205184,2.0549,4.505685612957345
pamap,training LODO,Zart,0.87309175,1879.73,300.9946804642189,2.8441,708.7057686944911
pamap,training LODO,Apriori_Gen_Borgelt,0.63655675,139.86,70.76221506893489,0.754,3.942210650439839
pamap,training LODO,DefMe,0.63655675,1739.82,718.0787151917347,1.5887,2.971950582826896
pamap,training LODO,Eclat_Gen_Borgelt,0.63655675,139.94,39.443903235764274,0.7684,0.5521394721792097
pamap,training LODO,FPgrowth_Gen_Borgelt,0.63655675,139.95,38.65058584546548,0.7153,0.3536115255251327
pamap,training LODO,Gr_growth,0.63655675,14.35,13.941798525788872,0.4392,0.2496926634608447
pamap,training LODO,Pascal,0.63655675,655.23,256.7636853999897,54.9236,763.7096695117715
pamap,training LODO,TalkyG_Diffset,0.63655675,1797.96,335.33806753984004,2.0118,11.512499555197437
pamap,training LODO,Talky_G,0.63655675,1465.4,302.952324705909,2.0661,14.27658889190756
pamap,training LODO,Zart,0.63655675,1815.95,349.12280525048124,90.7496,941.3974564508584
pamap,training LODO,Apriori_Gen_Borgelt,0.04525675,826.47,74.81104021599504,147.862,5.717272218700744
pamap,training LODO,Eclat_Gen_Borgelt,0.04525675,1947.34,85.99537629377198,28.4018,1.0214428381965257
pamap,training LODO,FPgrowth_Gen_Borgelt,0.04525675,1957.13,74.724084298795,23.7877,0.8938815457451906
pamap,training LODO,Gr_growth,0.04525675,1034.2,15.134413224705895,21.4911,0.4800562030531968
pumsb,training LODO,FPgrowth_Gen_Borgelt,0.6,269.91,21.49217745715834,1.4923,0.4145593553269851
pumsb,training LODO,FPgrowth_Gen_Borgelt,0.7,58.5,20.42598132492188,0.3033,0.3116153773507947
pumsb,training LODO,FPgrowth_Gen_Borgelt,0.75,32.5,18.713523905823298,0.153,0.3072995594936518
pumsb,training LODO,FPgrowth_Gen_Borgelt,0.8,27.07,17.771212565004916,0.1041,0.2982615835015884
pumsb,training LODO,FPgrowth_Gen_Borgelt,0.85,25.64,15.758450224981283,0.0914,0.2849899723904772
pumsb,training LODO,FPgrowth_Gen_Borgelt,0.9,21.01,15.024178059133344,0.088,0.252606896687014
pumsb,training LODO,FPgrowth_Gen_Borgelt,0.95,18.76,14.89111100898418,0.0801,0.2441414640481251
pumsb,training LODO,DefMe,0.6,1121.7,492.6798063598752,22.3843,643.7146541621303
pumsb,training LODO,DefMe,0.7,871.64,403.3733626358684,4.9336,593.3654392654865
pumsb,training LODO,DefMe,0.75,876.3,340.54954259170336,2.0546,573.267401144058
pumsb,training LODO,DefMe,0.8,862.24,319.3853232875132,0.8963,557.1065129008762
pumsb,training LODO,DefMe,0.85,579.06,282.6668374467852,0.5654,503.5572641613455
pumsb,training LODO,DefMe,0.9,338.44,261.95009258026187,0.4463,440.5717588474566
pumsb,training LODO,DefMe,0.95,328.96,260.5065251909596,0.4203,416.48192581412326
pumsb,training LODO,Talky_G,0.6,1400.69,532.591631360776,129.5294,564.225319960263
pumsb,training LODO,Talky_G,0.7,966.71,479.6039561347555,5.7824,524.111819340981
pumsb,training LODO,Talky_G,0.75,963.18,459.88561854154574,1.5897,517.903476698719
pumsb,training LODO,Talky_G,0.8,663.88,454.0337063571544,0.895,499.6689696929651
pumsb,training LODO,Talky_G,0.85,462.58,440.2514100235245,0.7813,486.2201464134197
pumsb,training LODO,Talky_G,0.9,448.11,404.2714974719028,0.7441,385.3261505501981
pumsb,training LODO,Talky_G,0.95,442.11,402.0087587501481,0.7056,385.3255689251981
pumsb,training LODO,Pascal,0.75,389.08,142.68097667724837,1237.6079,1132.086563989187
pumsb,training LODO,Pascal,0.8,363.95,142.68097667724837,247.1454,1109.7161880189492
pumsb,training LODO,Pascal,0.85,363.17,142.53556027455204,63.5295,987.050943283235
pumsb,training LODO,Pascal,0.9,360.7,142.53556027455204,7.7666,901.6711475378596
pumsb,training LODO,Pascal,0.95,365.81,141.84229000874484,1.0149,848.3619051830974
pumsb,training LODO,Zart,0.8,964.1,271.5771099714481,1079.0713,1267.1329492996415
pumsb,training LODO,Zart,0.85,842.21,256.5634018111789,107.8816,1112.7030605468276
pumsb,training LODO,Zart,0.9,838.73,255.9703102153561,8.3215,1079.286880689685
pumsb,training LODO,Zart,0.95,827.43,249.05426891153823,0.9708,1049.3448356299627
pumsb,training LODO,TalkyG_Diffset,0.6,1076.15,678.4460005337877,122.1556,511.2660474689511
pumsb,training LODO,TalkyG_Diffset,0.7,969.04,580.5998050554006,6.6818,467.6629640479193
pumsb,training LODO,TalkyG_Diffset,0.75,957.79,535.6690823291002,1.8205,463.07458510030034
pumsb,training LODO,TalkyG_Diffset,0.8,958.17,528.5213377291981,1.026,427.551656544348
pumsb,training LODO,TalkyG_Diffset,0.85,481.93,513.4860544932828,0.7851,400.8330513315504
pumsb,training LODO,TalkyG_Diffset,0.9,455.48,488.9313297897081,0.7378,319.15027069702666
pumsb,training LODO,TalkyG_Diffset,0.95,436.19,486.41736502165736,0.7154,319.1433198220267
pumsb,training LODO,Apriori_Gen_Borgelt,0.6,92.9,12.820380774330443,19.2979,7.814563016065879
pumsb,training LODO,Apriori_Gen_Borgelt,0.7,24.4,11.958590221759914,1.6765,5.405118830649212
pumsb,training LODO,Apriori_Gen_Borgelt,0.75,18.71,11.524696304824143,0.484,4.659884576284132
pumsb,training LODO,Apriori_Gen_Borgelt,0.8,18.65,11.3900613968349,0.2125,4.501569213188894
pumsb,training LODO,Apriori_Gen_Borgelt,0.85,18.7,10.376181649019026,0.1226,4.214935709617466
pumsb,training LODO,Apriori_Gen_Borgelt,0.9,18.71,10.402126630435689,0.0967,3.922868315569847
pumsb,training LODO,Apriori_Gen_Borgelt,0.95,18.7,10.17737733871196,0.089,3.9192611608079417
pumsb,training LODO,Eclat_Gen_Borgelt,0.6,280.64,18.295149013931976,1.8571,0.568733225608602
pumsb,training LODO,Eclat_Gen_Borgelt,0.7,63.54,17.223824323309586,0.3982,0.501483384140348
pumsb,training LODO,Eclat_Gen_Borgelt,0.75,32.29,15.398170568565735,0.1957,0.4922991815609829
pumsb,training LODO,Eclat_Gen_Borgelt,0.8,26.66,14.8344517019366,0.1222,0.4850762760054273
pumsb,training LODO,Eclat_Gen_Borgelt,0.85,25.7,12.039430985244373,0.1082,0.4692308151468414
pumsb,training LODO,Eclat_Gen_Borgelt,0.9,21.2,12.039430985244373,0.0944,0.4286473998871012
pumsb,training LODO,Eclat_Gen_Borgelt,0.95,18.75,11.720601317182668,0.0878,0.419185305985681
pumsb,training LODO,Gr_growth,0.6,143.53,15.914497316969465,2.0571,0.427007317579969
pumsb,training LODO,Gr_growth,0.7,34.73,14.368436737567322,0.4582,0.3861462248851638
pumsb,training LODO,Gr_growth,0.75,24.02,14.066762706677556,0.1984,0.3819391123851638
pumsb,training LODO,Gr_growth,0.8,16.76,14.059652378295192,0.0983,0.3286764185359574
pumsb,training LODO,Gr_growth,0.85,14.67,14.007199150915929,0.0689,0.3136776947264337
pumsb,training LODO,Gr_growth,0.9,14.16,13.998417124976472,0.0661,0.2547219420638185
pumsb,training LODO,Gr_growth,0.95,14.04,13.998137857016202,0.0641,0.2528791253971518
recordlink,training LODO,Apriori_Gen_Borgelt,0.7772354251860716,46.63,94.13771688324402,0.1783,9.41536270368716
recordlink,training LODO,DefMe,0.7772354251860716,278.88,905.8056129415738,0.4789,133.73227914631482
recordlink,training LODO,Eclat_Gen_Borgelt,0.7772354251860716,46.71,55.4809478141347,0.1804,1.841402469562382
recordlink,training LODO,FPgrowth_Gen_Borgelt,0.7772354251860716,46.75,39.23155434788678,0.1604,1.233346263841714
recordlink,training LODO,Gr_growth,0.7772354251860716,13.97,13.282452925048814,0.0999,1.0166780747881612
recordlink,training LODO,Pascal,0.7772354251860716,339.2,480.83613484428514,0.7135,663.2061947567988
recordlink,training LODO,TalkyG_Diffset,0.7772354251860716,271.16,478.31496119584006,0.5669,122.24272294763708
recordlink,training LODO,Talky_G,0.7772354251860716,316.26,407.5736809890608,0.6806,124.5828372752206
recordlink,training LODO,Zart,0.7772354251860716,582.79,663.2619435324992,1.046,1095.6485512107602
recordlink,training LODO,Apriori_Gen_Borgelt,0.0439401265930671,50.29,96.4770891727563,0.2227,20.392834237803047
recordlink,training LODO,DefMe,0.0439401265930671,827.79,1107.618573317135,0.7757,320.61994693013094
recordlink,training LODO,Eclat_Gen_Borgelt,0.0439401265930671,52.14,120.90707252866262,0.2371,3.67893375343684
recordlink,training LODO,FPgrowth_Gen_Borgelt,0.0439401265930671,52.26,123.01575992040496,0.2224,2.521318353271728
recordlink,training LODO,Gr_growth,0.0439401265930671,14.01,43.21938409565504,0.1065,2.1329001459170325
recordlink,training LODO,TalkyG_Diffset,0.0439401265930671,406.65,674.1223497991737,0.6844,339.01026150125983
recordlink,training LODO,Talky_G,0.0439401265930671,305.22,540.4500910042726,0.6705,370.3537197565879
recordlink,training LODO,Pascal,0.0439401265930671,319.17,494.2491787155412,19.602,1741.204906424921
recordlink,training LODO,Zart,0.0439401265930671,784.78,811.4580696883482,98.4032,2253.047404849586
recordlink,training LODO,Apriori_Gen_Borgelt,0.0001021893747401,50.64,92.21848228059358,0.208,19.994065517619067
recordlink,training LODO,DefMe,0.0001021893747401,805.29,1560.2293285818675,1.4279,438.1803634827464
recordlink,training LODO,Eclat_Gen_Borgelt,0.0001021893747401,57.23,132.61237624275188,0.223,3.5344342513764007
recordlink,training LODO,FPgrowth_Gen_Borgelt,0.0001021893747401,56.55,147.59947147231196,0.2202,2.4975499999347863
recordlink,training LODO,Gr_growth,0.0001021893747401,14.31,43.50953548222508,0.1205,2.0379795561734424
recordlink,training LODO,Pascal,0.0001021893747401,349.46,498.9169722690779,56.3277,2221.3093414878904
recordlink,training LODO,TalkyG_Diffset,0.0001021893747401,784.55,905.6253119942064,0.8799,404.74568079224105
recordlink,training LODO,Talky_G,0.0001021893747401,823.69,627.897143442381,0.8454,417.493482358572
recordlink,training LODO,Zart,0.0001021893747401,830.86,1346.469605883551,608.0888,2509.761670472656
retail,training LODO,DefMe,0.2,480.78,537.4646626299814,0.378,285.9732834587815
retail,training LODO,DefMe,0.3,481.32,537.2500888796154,0.3836,268.2608702708847
retail,training LODO,DefMe,0.5,481.75,531.1454426612354,0.3782,200.0209570543401
retail,training LODO,DefMe,0.7,484.17,502.592552850168,0.3754,160.6972839768218
retail,training LODO,Talky_G,0.2,1153.61,701.0924531671009,0.6051,421.54813336968857
retail,training LODO,Talky_G,0.3,1154.89,694.1977643742938,0.6143,382.2789216946886
retail,training LODO,Talky_G,0.5,1152.29,664.8201401720577,0.6138,303.18380099105616
retail,training LODO,Talky_G,0.7,1153.19,641.7419838899954,0.6108,210.93679152483625
retail,training LODO,Pascal,0.2,125.69,185.01143801424027,0.271,913.7442181042694
retail,training LODO,Pascal,0.3,120.96,182.2965230313449,0.2713,919.7296065542694
retail,training LODO,Pascal,0.5,125.97,182.96265344513424,0.2582,862.4235730836346
retail,training LODO,Pascal,0.7,124.21,178.77753312247617,0.2531,769.9103070114122
retail,training LODO,Zart,0.2,145.31,611.2348840152171,0.3404,1018.2037361814924
retail,training LODO,Zart,0.3,147.05,606.1659246661941,0.3292,1011.4749097945876
retail,training LODO,Zart,0.5,145.61,589.1254073224912,0.3163,919.4966049306264
retail,training LODO,Zart,0.7,145.67,589.0360390580189,0.3161,818.2925228009562
retail,training LODO,TalkyG_Diffset,0.2,1155.82,707.0902537095606,0.5924,496.57803346399567
retail,training LODO,TalkyG_Diffset,0.3,1162.74,693.3948930093404,0.6091,482.9235300760087
retail,training LODO,TalkyG_Diffset,0.5,1156.26,657.4126999358165,0.5985,392.826455602596
retail,training LODO,TalkyG_Diffset,0.7,1155.38,629.6752167683419,0.5905,359.2447528312771
retail,training LODO,DefMe,0.0005,1948.33,1153.7826518002369,11.5215,416.9426132080087
retail,training LODO,DefMe,0.001,1941.95,1092.1222311928952,3.6265,359.9126045695166
retail,training LODO,DefMe,0.002,1945.43,974.0161644800746,1.2698,321.0012273953824
retail,training LODO,DefMe,0.005,582.42,730.0499870288016,0.4591,285.1466007983739
retail,training LODO,DefMe,0.01,490.02,640.174515702034,0.3992,290.0592463781357
retail,training LODO,DefMe,0.02,480.7,572.6881351750123,0.3888,318.9365275896437
retail,training LODO,Talky_G,0.0005,1288.57,1113.644087179304,0.8334,533.4601020980617
retail,training LODO,Talky_G,0.001,1152.33,880.458983533611,0.6968,509.31371244806166
retail,training LODO,Talky_G,0.002,1154.94,777.4388173106394,0.6294,492.01600038853786
retail,training LODO,Talky_G,0.005,1153.38,737.1507246844188,0.6054,470.94243379270455
retail,training LODO,Talky_G,0.01,1158.4,716.10282082874,0.6077,464.86065732603794
retail,training LODO,Talky_G,0.02,1154.58,705.5685475144229,0.6081,450.3918293929029
retail,training LODO,Pascal,0.001,442.03,239.85146590315756,3519.7285,1706.7490979256434
retail,training LODO,Pascal,0.002,194.34,211.40990010254797,1162.8797,1498.8392920929057
retail,training LODO,Pascal,0.005,129.27,203.4401924643482,53.7008,1180.262487597469
retail,training LODO,Pascal,0.01,120.57,199.92321384842165,4.288,1035.7308522784217
retail,training LODO,Pascal,0.02,124.45,197.8555767907264,0.5707,973.5904010544136
retail,training LODO,Zart,0.002,1661.21,1128.9249966997727,579.5006,1483.1501802533553
retail,training LODO,Zart,0.005,690.74,981.9216654107364,24.7684,1174.4099796644666
retail,training LODO,Zart,0.01,613.49,893.3047555997522,2.2642,1135.0426017053214
retail,training LODO,Zart,0.02,278.68,696.5752149209154,0.5581,1111.0789541634383
retail,training LODO,TalkyG_Diffset,0.0005,1352.98,1175.149836236624,0.8796,581.895030128588
retail,training LODO,TalkyG_Diffset,0.001,1188.76,840.7472257304826,0.7099,558.4498626539669
retail,training LODO,TalkyG_Diffset,0.002,1160.84,746.3300167085221,0.623,548.7941290884004
retail,training LODO,TalkyG_Diffset,0.005,1163.3,713.9046312971155,0.6061,534.1765372431623
retail,training LODO,TalkyG_Diffset,0.01,1155.65,698.4365138097303,0.6031,531.160892659829
retail,training LODO,TalkyG_Diffset,0.02,1160.41,691.0815301649803,0.6012,531.192882407448
retail,training LODO,Apriori_Gen_Borgelt,0.0005,47.1,24.23639667555501,0.158,5.163376598815767
retail,training LODO,Apriori_Gen_Borgelt,0.001,24.31,17.935453715866856,0.1082,5.160681122426879
retail,training LODO,Apriori_Gen_Borgelt,0.002,15.98,14.256783481782762,0.0749,5.160366066077672
retail,training LODO,Apriori_Gen_Borgelt,0.005,12.04,12.495984276706135,0.0627,5.126481805164974
retail,training LODO,Apriori_Gen_Borgelt,0.01,11.92,11.39581951915094,0.0538,5.115346918151987
retail,training LODO,Apriori_Gen_Borgelt,0.02,11.89,10.45759619187053,0.0498,5.113079705453574
retail,training LODO,Apriori_Gen_Borgelt,0.2,11.68,9.638001247705084,0.047,5.5364124563235375
retail,training LODO,Apriori_Gen_Borgelt,0.3,11.7,9.69464493841735,0.047,5.53549438965687
retail,training LODO,Apriori_Gen_Borgelt,0.5,11.67,9.837413546523427,0.0451,2.8749670307102613
retail,training LODO,Apriori_Gen_Borgelt,0.7,11.0,9.371998833623389,0.0424,2.22508747876221
retail,training LODO,Eclat_Gen_Borgelt,0.0005,32.11,47.13037141890434,0.1091,0.5179840084640849
retail,training LODO,Eclat_Gen_Borgelt,0.001,28.2,41.70731951759747,0.0919,0.5118815519164659
retail,training LODO,Eclat_Gen_Borgelt,0.002,22.86,38.64195209861675,0.0784,0.5029909745355134
retail,training LODO,Eclat_Gen_Borgelt,0.005,17.57,33.75221741017944,0.0597,0.4811389433847198
retail,training LODO,Eclat_Gen_Borgelt,0.01,14.04,30.65965385242028,0.0529,0.4759177832656722
retail,training LODO,Eclat_Gen_Borgelt,0.02,12.38,27.73664099978714,0.0544,0.4772007140196404
retail,training LODO,Eclat_Gen_Borgelt,0.2,11.79,26.72207845189702,0.0491,0.4848344132259897
retail,training LODO,Eclat_Gen_Borgelt,0.3,11.78,25.052401382265355,0.0459,0.4808039233450373
retail,training LODO,Eclat_Gen_Borgelt,0.5,11.4,21.801596683062797,0.0461,0.4744076576704341
retail,training LODO,Eclat_Gen_Borgelt,0.7,11.12,18.815341252580804,0.0411,0.4416015972988613
retail,training LODO,FPgrowth_Gen_Borgelt,0.0005,41.7,56.03070843723484,0.1402,0.6444909188551645
retail,training LODO,FPgrowth_Gen_Borgelt,0.001,34.68,52.853560641583314,0.1095,0.6424128188551644
retail,training LODO,FPgrowth_Gen_Borgelt,0.002,25.72,47.84779284294929,0.084,0.6383297021884978
retail,training LODO,FPgrowth_Gen_Borgelt,0.005,16.75,40.83335737652588,0.0569,0.6296674297526003
retail,training LODO,FPgrowth_Gen_Borgelt,0.01,13.51,37.35037193438848,0.0522,0.6244640535621241
retail,training LODO,FPgrowth_Gen_Borgelt,0.02,11.95,32.47670314100669,0.0481,0.6256500480065685
retail,training LODO,FPgrowth_Gen_Borgelt,0.2,11.78,31.41006470812729,0.0443,0.5821828029224861
retail,training LODO,FPgrowth_Gen_Borgelt,0.3,11.81,28.56758221526952,0.0451,0.5813266070891528
retail,training LODO,FPgrowth_Gen_Borgelt,0.5,11.78,25.380419485502497,0.0442,0.514065880321476
retail,training LODO,FPgrowth_Gen_Borgelt,0.7,11.21,23.094103276867266,0.0418,0.3842197530487487
retail,training LODO,Gr_growth,0.0005,35.69,43.53533490033326,0.2084,0.7653258624680873
retail,training LODO,Gr_growth,0.001,30.92,40.800899194499216,0.1571,0.7326957237776112
retail,training LODO,Gr_growth,0.002,25.37,40.28000693589173,0.1034,0.713318520603008
retail,training LODO,Gr_growth,0.005,18.14,28.43820320205945,0.0602,0.6530830680597179
retail,training LODO,Gr_growth,0.01,15.24,25.354665883592528,0.0427,0.6438687041708291
retail,training LODO,Gr_growth,0.02,14.18,23.564085686168905,0.0365,0.6580268151196026
retail,training LODO,Gr_growth,0.2,14.09,23.283912367493635,0.036,0.6247096159132534
retail,training LODO,Gr_growth,0.3,14.09,22.80294272168976,0.0381,0.60567378257992
retail,training LODO,Gr_growth,0.5,4.16,21.193562647865736,0.0161,0.57790131771423
retail,training LODO,Gr_growth,0.7,4.17,18.624800593626965,0.0175,0.505047704582917
t10i4d100k,training LODO,DefMe,0.2,150.65,440.2705108011564,0.2793,56.69826805044445
t10i4d100k,training LODO,DefMe,0.3,150.3,439.9489298516454,0.2721,56.30960249156999
t10i4d100k,training LODO,DefMe,0.5,150.09,420.6961854572943,0.2807,32.78016021299855
t10i4d100k,training LODO,DefMe,0.7,149.34,385.26424850479407,0.2792,23.844160012372797
t10i4d100k,training LODO,Talky_G,0.2,144.77,2775.6394805096697,0.3068,334.5640555275928
t10i4d100k,training LODO,Talky_G,0.3,143.71,2784.7849236947604,0.3159,334.56531959306903
t10i4d100k,training LODO,Talky_G,0.5,146.52,2770.5292863578047,0.3144,260.6959562886572
t10i4d100k,training LODO,Talky_G,0.7,146.02,2675.822166591193,0.3118,221.69108648081095
t10i4d100k,training LODO,Pascal,0.2,129.15,147.44475089537883,0.2441,923.3420112790506
t10i4d100k,training LODO,Pascal,0.3,128.52,145.0405507558357,0.2513,913.0502262865748
t10i4d100k,training LODO,Pascal,0.5,130.39,149.67556814945328,0.2453,844.144532221984
t10i4d100k,training LODO,Pascal,0.7,128.49,132.43640745546352,0.2551,709.2756565047222
t10i4d100k,training LODO,Zart,0.2,149.47,394.05559137165056,0.3054,1043.2956664256085
t10i4d100k,training LODO,Zart,0.3,149.95,378.4580027726571,0.2949,1006.689151135146
t10i4d100k,training LODO,Zart,0.5,147.57,340.2978935515577,0.306,880.3876783779211
t10i4d100k,training LODO,Zart,0.7,145.89,333.3400459477391,0.2976,769.3952482266877
t10i4d100k,training LODO,TalkyG_Diffset,0.2,143.7,3468.6316235128065,0.3045,321.3282250480206
t10i4d100k,training LODO,TalkyG_Diffset,0.3,146.74,3482.7700195094217,0.3083,290.74034606290166
t10i4d100k,training LODO,TalkyG_Diffset,0.5,146.32,3425.1254961421564,0.3079,235.46250242691684
t10i4d100k,training LODO,TalkyG_Diffset,0.7,145.75,3275.443506508496,0.3031,210.6442664109065
t10i4d100k,training LODO,DefMe,0.001,796.8,864.2889620504102,0.9844,74.7161339316549
t10i4d100k,training LODO,DefMe,0.002,812.09,775.684228783752,0.9919,55.28006352970131
t10i4d100k,training LODO,DefMe,0.005,774.32,481.76112442433134,0.9871,52.39256069737807
t10i4d100k,training LODO,DefMe,0.01,819.63,456.8693784256696,0.9878,57.66377020048052
t10i4d100k,training LODO,DefMe,0.02,151.66,443.8387339175407,0.2763,57.648852742904765
t10i4d100k,training LODO,DefMe,0.05,150.21,446.5268205901782,0.2744,61.23578379488889
t10i4d100k,training LODO,Talky_G,0.001,145.54,3031.2022647248555,0.3167,389.35061360660086
t10i4d100k,training LODO,Talky_G,0.002,148.18,2864.029239889712,0.3233,360.63149506255326
t10i4d100k,training LODO,Talky_G,0.005,143.82,2815.4017586967243,0.3183,341.03142917346594
t10i4d100k,training LODO,Talky_G,0.01,146.54,2779.2370540478023,0.3107,341.5677449806629
t10i4d100k,training LODO,Talky_G,0.02,147.76,2768.678686628559,0.3147,344.5204186170265
t10i4d100k,training LODO,Talky_G,0.05,143.84,2769.109629051537,0.3067,342.75778097997375
t10i4d100k,training LODO,Pascal,0.001,155.15,285.15453581283487,954.0731,1779.5255455008771
t10i4d100k,training LODO,Pascal,0.002,159.95,182.6321206282581,975.784,1418.2345217153788
t10i4d100k,training LODO,Pascal,0.005,155.71,159.9354147169906,995.6832,1132.6333840076404
t10i4d100k,training LODO,Pascal,0.01,165.66,158.83533438246872,969.3234,1052.821104340757
t10i4d100k,training LODO,Pascal,0.02,128.79,162.78191805178614,0.2401,1004.393391828852
t10i4d100k,training LODO,Pascal,0.05,128.43,164.32166504161526,0.2427,1030.50379874909
t10i4d100k,training LODO,Zart,0.001,1291.53,993.4324502297952,719.7062,1816.52687927927
t10i4d100k,training LODO,Zart,0.002,1450.12,870.8713835092768,545.852,1428.6042066828418
t10i4d100k,training LODO,Zart,0.005,1307.9,657.3331015862547,550.0992,1254.7333329501578
t10i4d100k,training LODO,Zart,0.01,1311.42,626.481803869227,554.432,1191.3839260716045
t10i4d100k,training LODO,Zart,0.02,149.05,494.19555946735073,0.2892,1189.3644431549376
t10i4d100k,training LODO,Zart,0.05,145.93,453.0826831189342,0.2905,1215.8171645495806
t10i4d100k,training LODO,TalkyG_Diffset,0.001,145.84,3795.978763509287,0.3115,396.16403440497066
t10i4d100k,training LODO,TalkyG_Diffset,0.002,147.05,3550.5752378628827,0.3139,375.67517442778814
t10i4d100k,training LODO,TalkyG_Diffset,0.005,147.87,3526.402314983497,0.3134,350.8001789988199
t10i4d100k,training LODO,TalkyG_Diffset,0.01,146.52,3459.417884697176,0.3203,340.5453134298028
t10i4d100k,training LODO,TalkyG_Diffset,0.02,145.98,3445.2053057777166,0.3076,334.413320229406
t10i4d100k,training LODO,TalkyG_Diffset,0.05,144.97,3444.831085333268,0.3172,327.9284147956397
t10i4d100k,training LODO,Apriori_Gen_Borgelt,0.001,18.84,14.768742716517954,0.0611,7.625836770664059
t10i4d100k,training LODO,Apriori_Gen_Borgelt,0.002,18.86,12.459891703161796,0.0635,7.614312656378345
t10i4d100k,training LODO,Apriori_Gen_Borgelt,0.005,18.86,11.774398512897037,0.065,7.598199165126542
t10i4d100k,training LODO,Apriori_Gen_Borgelt,0.01,18.83,11.737743811319028,0.0593,7.594620457556334
t10i4d100k,training LODO,Apriori_Gen_Borgelt,0.02,10.14,11.76122101318711,0.0315,7.594086020056334
t10i4d100k,training LODO,Apriori_Gen_Borgelt,0.05,10.08,11.433011499392212,0.0307,7.701382610334112
t10i4d100k,training LODO,Apriori_Gen_Borgelt,0.2,10.14,9.559110161043254,0.0317,7.705693201676104
t10i4d100k,training LODO,Apriori_Gen_Borgelt,0.3,10.13,9.337073689337036,0.0282,7.704281868342771
t10i4d100k,training LODO,Apriori_Gen_Borgelt,0.5,10.16,7.050006009157472,0.027,6.661368485604673
t10i4d100k,training LODO,Apriori_Gen_Borgelt,0.7,10.12,5.659252402026738,0.0271,3.623244112967588
t10i4d100k,training LODO,Eclat_Gen_Borgelt,0.001,25.74,33.097531923962414,0.0746,1.1102308912718604
t10i4d100k,training LODO,Eclat_Gen_Borgelt,0.002,25.78,27.927769524778565,0.0743,1.0947068156766224
t10i4d100k,training LODO,Eclat_Gen_Borgelt,0.005,25.77,23.772695559979415,0.075,1.0741544845258288
t10i4d100k,training LODO,Eclat_Gen_Borgelt,0.01,25.77,22.57368978126861,0.0739,1.0691768432379498
t10i4d100k,training LODO,Eclat_Gen_Borgelt,0.02,10.19,22.33415567130081,0.0259,1.094411634904617
t10i4d100k,training LODO,Eclat_Gen_Borgelt,0.05,10.21,22.278008964287523,0.0267,1.1072884658569977
t10i4d100k,training LODO,Eclat_Gen_Borgelt,0.2,10.2,19.315125943074666,0.0288,1.105220138187445
t10i4d100k,training LODO,Eclat_Gen_Borgelt,0.3,10.21,17.353547874755574,0.0311,1.106185091362048
t10i4d100k,training LODO,Eclat_Gen_Borgelt,0.5,10.18,12.31549216378286,0.0278,0.7880096612033177
t10i4d100k,training LODO,Eclat_Gen_Borgelt,0.7,10.18,10.746692367379216,0.0307,0.6921368371953812
t10i4d100k,training LODO,FPgrowth_Gen_Borgelt,0.001,41.01,40.00921770462567,0.1084,0.7380921682747807
t10i4d100k,training LODO,FPgrowth_Gen_Borgelt,0.002,41.05,33.91856851817836,0.1091,0.7346318385128761
t10i4d100k,training LODO,FPgrowth_Gen_Borgelt,0.005,41.01,26.877757008580776,0.1086,0.7210657313700188
t10i4d100k,training LODO,FPgrowth_Gen_Borgelt,0.01,40.96,26.094732761071533,0.1104,0.7187256850496725
t10i4d100k,training LODO,FPgrowth_Gen_Borgelt,0.02,10.25,26.80328045172504,0.0258,0.7183158767163392
t10i4d100k,training LODO,FPgrowth_Gen_Borgelt,0.05,10.24,27.023254851149684,0.0263,0.7432774725496725
t10i4d100k,training LODO,FPgrowth_Gen_Borgelt,0.2,10.22,22.70799070091083,0.0249,0.7394809932928184
t10i4d100k,training LODO,FPgrowth_Gen_Borgelt,0.3,10.25,19.684766680114784,0.0264,0.6927953813880563
t10i4d100k,training LODO,FPgrowth_Gen_Borgelt,0.5,10.23,13.234074882250512,0.025,0.6875658075785326
t10i4d100k,training LODO,FPgrowth_Gen_Borgelt,0.7,10.29,11.214636511161263,0.0258,0.504107171543734
t10i4d100k,training LODO,Gr_growth,0.001,44.36,37.22312366537524,0.2094,1.0551415818216503
t10i4d100k,training LODO,Gr_growth,0.002,44.36,34.07486724351766,0.2092,1.029899690750222
t10i4d100k,training LODO,Gr_growth,0.005,44.36,32.41809501422856,0.2096,0.9968613589431402
t10i4d100k,training LODO,Gr_growth,0.01,44.32,31.55158878849207,0.2049,0.9949557684669496
t10i4d100k,training LODO,Gr_growth,0.02,3.91,31.13456378819537,0.0152,0.993345579830586
t10i4d100k,training LODO,Gr_growth,0.05,3.91,31.294184606914904,0.0141,0.9932399464972528
t10i4d100k,training LODO,Gr_growth,0.2,3.91,31.07264663084055,0.0145,0.989307035782967
t10i4d100k,training LODO,Gr_growth,0.3,3.91,30.470077390999727,0.0138,0.9871426464972528
t10i4d100k,training LODO,Gr_growth,0.5,3.91,16.470647461439956,0.0128,0.6304726264575703
t10i4d100k,training LODO,Gr_growth,0.7,3.91,13.404518312430069,0.0149,0.4327932405448718
chainstore_fim,real_extra3,Apriori_Gen_Borgelt,0.0033943603884814,85.7,148.6759547615314,0.6459,0.8237530689380065
chainstore_fim,real_extra3,Eclat_Gen_Borgelt,0.0033943603884814,85.46,129.51956389155478,0.7824,0.5087762726412477
chainstore_fim,real_extra3,FPgrowth_Gen_Borgelt,0.0033943603884814,86.22,123.61009890592116,0.7659,0.711084113265003
chainstore_fim,real_extra3,Gr_growth,0.0033943603884814,38.79,29.812357355246125,1.3177,0.6001366560231434
chainstore_fim,real_extra3,DefMe,0.0033943603884814,8042.2,2120.505715769858,5.9657,260.71956423427827
chainstore_fim,real_extra3,Zart,0.0033943603884814,1767.45,1479.4098381127267,231.2598,972.9520936741644
chainstore_fim,real_extra3,Pascal,0.0033943603884814,565.55,403.9244263672742,495.9643,1049.751835225912
chainstore_fim,real_extra3,Apriori_Gen_Borgelt,0.0015038874198188,85.81,149.22864748513396,0.6751,0.8975908722027972
chainstore_fim,real_extra3,DefMe,0.0015038874198188,8059.24,2724.306210719083,10.6743,283.28908180374765
chainstore_fim,real_extra3,Eclat_Gen_Borgelt,0.0015038874198188,123.47,133.71182187452786,0.7101,0.5184262576506827
chainstore_fim,real_extra3,FPgrowth_Gen_Borgelt,0.0015038874198188,132.6,124.57308039765053,0.7507,0.7237237775507173
chainstore_fim,real_extra3,Gr_growth,0.0015038874198188,67.84,33.962268841342855,1.3039,0.5765243732850482
chainstore_fim,real_extra3,Zart,0.0015038874198188,1788.67,1515.832662866779,2584.1126,1296.1799740646045
chainstore_fim,real_extra3,Apriori_Gen_Borgelt,0.0005370866050465,113.58,149.09709513514878,0.9413,0.897280385496448
chainstore_fim,real_extra3,DefMe,0.0005370866050465,8053.96,2868.213214349309,95.204,403.07121865937944
chainstore_fim,real_extra3,Eclat_Gen_Borgelt,0.0005370866050465,152.18,140.35722654802288,0.9339,0.5255379770285271
chainstore_fim,real_extra3,FPgrowth_Gen_Borgelt,0.0005370866050465,199.0,133.52797538413012,1.2728,0.7032239698126221
chainstore_fim,real_extra3,Gr_growth,0.0005370866050465,133.33,36.468999270551876,3.5271,0.6042468046342546
chainstore_fim,real_extra3,Apriori_Gen_Borgelt,0.0002244038136518,197.74,149.75284690376927,1.1386,0.9017982642843269
chainstore_fim,real_extra3,Eclat_Gen_Borgelt,0.0002244038136518,184.21,150.8394719411403,1.3869,0.556484172487235
chainstore_fim,real_extra3,FPgrowth_Gen_Borgelt,0.0002244038136518,267.44,147.43666650688988,2.2411,0.7190057870745268
chainstore_fim,real_extra3,Gr_growth,0.0002244038136518,190.39,46.82687339708966,8.9319,0.6551356336385836
chainstore_fim,real_extra3,DefMe,0.0002244038136518,8057.64,2865.363544943027,653.3759,412.226598358189
chainstore_fim,real_extra3,Apriori_Gen_Borgelt,9.951039984761208e-05,411.1,148.48635744990318,1.8655,0.9017982642843269
chainstore_fim,real_extra3,Eclat_Gen_Borgelt,9.951039984761208e-05,201.42,150.29977034261822,1.6939,0.556484172487235
chainstore_fim,real_extra3,FPgrowth_Gen_Borgelt,9.951039984761208e-05,339.89,146.806494514977,2.8516,0.7190057870745268
chainstore_fim,real_extra3,Gr_growth,9.951039984761208e-05,225.29,46.82687339708966,12.7503,0.6551356336385836
chainstore_fim,real_extra3,DefMe,9.951039984761208e-05,8050.61,2875.279667467715,2059.9577,412.226598358189
fruithut,real_extra3,Apriori_Gen_Borgelt,0.0140888608012309,13.26,12.931071584316658,0.0462,1.631067313413195
fruithut,real_extra3,DefMe,0.0140888608012309,195.89,560.221521961761,0.3239,147.01931519647854
fruithut,real_extra3,Eclat_Gen_Borgelt,0.0140888608012309,17.88,15.43565124941911,0.0572,0.3717961743228993
fruithut,real_extra3,FPgrowth_Gen_Borgelt,0.0140888608012309,17.0,16.89739769987626,0.0464,0.36370152473890494
fruithut,real_extra3,Gr_growth,0.0140888608012309,18.07,21.75806259836114,0.0517,0.45260725195907037
fruithut,real_extra3,Pascal,0.0140888608012309,119.27,141.23622023479845,6.6971,766.7945849990961
fruithut,real_extra3,TalkyG_Diffset,0.0140888608012309,465.24,751.9720740658493,0.4082,349.87325047393585
fruithut,real_extra3,Talky_G,0.0140888608012309,488.64,851.4525363076224,0.3908,369.02329962881817
fruithut,real_extra3,Zart,0.0140888608012309,728.09,792.6102381869374,3.8553,785.8399561880244
fruithut,real_extra3,Apriori_Gen_Borgelt,0.0058402483925921,13.22,13.792107773288839,0.0549,1.6446927812703378
fruithut,real_extra3,DefMe,0.0058402483925921,272.34,695.8775454123721,0.3923,140.97123843596268
fruithut,real_extra3,Eclat_Gen_Borgelt,0.0058402483925921,20.07,17.663312638484133,0.0577,0.3744687096764347
fruithut,real_extra3,FPgrowth_Gen_Borgelt,0.0058402483925921,19.95,19.81069695032474,0.0601,0.36858637563547564
fruithut,real_extra3,Gr_growth,0.0058402483925921,21.05,24.0915967338897,0.0685,0.46327946077109167
fruithut,real_extra3,Pascal,0.0058402483925921,118.92,145.55469543725275,28.6349,834.0211301463185
fruithut,real_extra3,TalkyG_Diffset,0.0058402483925921,465.96,773.913781531033,0.3917,349.9741091090549
fruithut,real_extra3,Talky_G,0.0058402483925921,480.99,881.9923017747454,0.4067,362.7776732070288
fruithut,real_extra3,Zart,0.0058402483925921,796.07,866.0725898190386,13.5307,921.9592358296911
fruithut,real_extra3,Apriori_Gen_Borgelt,0.0015428367313293,14.72,15.361995146105505,0.1012,1.7296559469269035
fruithut,real_extra3,DefMe,0.0015428367313293,710.27,1359.8395073652698,0.55,148.66141234053032
fruithut,real_extra3,Eclat_Gen_Borgelt,0.0015428367313293,23.4,24.17192252816033,0.0705,0.3832807910409036
fruithut,real_extra3,FPgrowth_Gen_Borgelt,0.0015428367313293,25.74,29.046302525232935,0.0669,0.3848861872335998
fruithut,real_extra3,Gr_growth,0.0015428367313293,23.47,32.112657843415874,0.0947,0.4579424185105744
fruithut,real_extra3,TalkyG_Diffset,0.0015428367313293,537.69,817.2276202942662,0.447,359.8705126726871
fruithut,real_extra3,Talky_G,0.0015428367313293,578.3,942.2598935107334,0.4636,366.44870186298124
fruithut,real_extra3,Pascal,0.0015428367313293,128.6,172.3699151072245,128.6375,1352.7655054573208
fruithut,real_extra3,Zart,0.0015428367313293,652.4,1155.6945368336396,81.3542,1399.8614851172092
fruithut,real_extra3,Apriori_Gen_Borgelt,0.0003503324723855,16.96,32.220530455558595,0.1125,1.6549309165697608
fruithut,real_extra3,DefMe,0.0003503324723855,736.02,1502.2321119463172,1.4673,228.0562855523268
fruithut,real_extra3,Eclat_Gen_Borgelt,0.0003503324723855,29.52,36.57495666461102,0.1256,0.41379024435980694
fruithut,real_extra3,FPgrowth_Gen_Borgelt,0.0003503324723855,43.65,43.01783384677784,0.1081,0.40322871553030304
fruithut,real_extra3,Gr_growth,0.0003503324723855,25.11,35.60013853350834,0.1389,0.5045377644340954
fruithut,real_extra3,TalkyG_Diffset,0.0003503324723855,1226.59,1400.1317209682738,0.937,449.57010348875843
fruithut,real_extra3,Talky_G,0.0003503324723855,1141.07,1594.082202832791,0.8598,391.3722358028621
fruithut,real_extra3,Pascal,0.0003503324723855,153.48,261.07238643289503,831.2199,2141.953078018957
fruithut,real_extra3,Zart,0.0003503324723855,918.2,1303.8421064241147,704.4324,2148.196041603077
fruithut,real_extra3,Apriori_Gen_Borgelt,6.457108314557345e-05,29.5,32.220530455558595,0.549,1.6594116286909728
fruithut,real_extra3,DefMe,6.457108314557345e-05,924.44,1513.6938659615482,12.3805,219.30766788566012
fruithut,real_extra3,Eclat_Gen_Borgelt,6.457108314557345e-05,40.83,58.33714424194829,0.3836,0.4364915715492841
fruithut,real_extra3,FPgrowth_Gen_Borgelt,6.457108314557345e-05,61.09,67.99960080826935,0.4145,0.41932787997835497
fruithut,real_extra3,Gr_growth,6.457108314557345e-05,29.85,43.07464918335306,0.5645,0.5380952717212526
fruithut,real_extra3,TalkyG_Diffset,6.457108314557345e-05,1251.59,1428.5396965495265,13.6863,463.4855096178168
fruithut,real_extra3,Talky_G,6.457108314557345e-05,3041.23,1650.771049592704,13.7797,398.5820371439336
instacart,real_extra3,Apriori_Gen_Borgelt,0.0124896158037939,17.76,13.242946789167943,0.0897,0.27001133156704404
instacart,real_extra3,DefMe,0.0124896158037939,1317.67,901.8100346750173,0.7123,104.9310031034521
instacart,real_extra3,Eclat_Gen_Borgelt,0.0124896158037939,21.1,15.630353571303566,0.0951,0.12915364387140638
instacart,real_extra3,FPgrowth_Gen_Borgelt,0.0124896158037939,20.96,15.672410677179862,0.0848,0.13894502317315038
instacart,real_extra3,Gr_growth,0.0124896158037939,17.85,18.504195832505754,0.0735,0.2124659426018426
instacart,real_extra3,Pascal,0.0124896158037939,170.66,131.13030665401521,18.0561,731.2122702854695
instacart,real_extra3,TalkyG_Diffset,0.0124896158037939,6112.76,1119.1507932139373,1.7695,0.7878112242434854
instacart,real_extra3,Talky_G,0.0124896158037939,6274.3,1135.3232081610408,1.8744,5.60520302219586
instacart,real_extra3,Zart,0.0124896158037939,814.55,744.8690331070727,3.6769,680.5616533811185
instacart,real_extra3,Apriori_Gen_Borgelt,0.0051044516763331,17.75,14.12867316923265,0.1067,0.2791277034826285
instacart,real_extra3,DefMe,0.0051044516763331,1798.69,1103.9339064832448,0.8363,105.14744196560937
instacart,real_extra3,Eclat_Gen_Borgelt,0.0051044516763331,24.5,19.737991421646132,0.1082,0.13706373674658673
instacart,real_extra3,FPgrowth_Gen_Borgelt,0.0051044516763331,26.25,20.31757337483374,0.103,0.14707262349921324
instacart,real_extra3,Gr_growth,0.0051044516763331,23.04,22.931594096834385,0.1156,0.22458482518315018
instacart,real_extra3,Pascal,0.0051044516763331,173.57,139.98954086134907,155.8404,931.2176643213821
instacart,real_extra3,TalkyG_Diffset,0.0051044516763331,6420.11,1146.2863888499535,1.9018,0.811566948503947
instacart,real_extra3,Talky_G,0.0051044516763331,6325.56,1150.88149175086,1.9431,5.630400522231935
instacart,real_extra3,Zart,0.0051044516763331,837.0,860.2780041345712,48.2527,804.349959635087
instacart,real_extra3,Apriori_Gen_Borgelt,0.0016062160370096,21.77,15.457870239623304,0.1277,0.3426372305569431
instacart,real_extra3,DefMe,0.0016062160370096,3193.51,2089.501936209817,2.3679,113.79355516107086
instacart,real_extra3,Eclat_Gen_Borgelt,0.0016062160370096,30.58,23.056054654343505,0.1328,0.14534155943639693
instacart,real_extra3,FPgrowth_Gen_Borgelt,0.0016062160370096,38.45,25.787994276292146,0.1584,0.16496271536429258
instacart,real_extra3,Gr_growth,0.0016062160370096,33.91,31.611336311085715,0.2098,0.2571553279456654
instacart,real_extra3,TalkyG_Diffset,0.0016062160370096,6037.05,1155.4277043918044,1.9335,0.9745845472010831
instacart,real_extra3,Talky_G,0.0016062160370096,6355.05,1154.5847348662778,1.9939,5.661946634487735
instacart,real_extra3,Zart,0.0016062160370096,1488.22,1244.4566962298377,931.4396,1300.9865340261586
instacart,real_extra3,Pascal,0.0016062160370096,279.84,166.4828914936124,1409.1824,1407.1110523710754
instacart,real_extra3,Apriori_Gen_Borgelt,0.0005849446303226,42.46,27.310150873398236,0.2013,0.3837308948426573
instacart,real_extra3,DefMe,0.0005849446303226,3593.14,2335.468991458457,13.1656,201.87188062270928
instacart,real_extra3,Eclat_Gen_Borgelt,0.0005849446303226,36.81,30.80601656395502,0.1698,0.16644963352203354
instacart,real_extra3,FPgrowth_Gen_Borgelt,0.0005849446303226,57.96,36.87177118370327,0.2543,0.1887097549705197
instacart,real_extra3,Gr_growth,0.0005849446303226,43.82,34.645026591719734,0.3837,0.2752023136599511
instacart,real_extra3,TalkyG_Diffset,0.0005849446303226,6991.46,1462.5551817985224,2.2056,21.244838912478862
instacart,real_extra3,Talky_G,0.0005849446303226,6785.5,1453.1853660594575,2.2468,5.6983674041847046
instacart,real_extra3,Apriori_Gen_Borgelt,0.0002267374951413,118.76,31.992158295077413,0.3648,0.38767945696386946
instacart,real_extra3,DefMe,0.0002267374951413,3497.33,2343.5985782771927,60.3934,201.87583152151882
instacart,real_extra3,Eclat_Gen_Borgelt,0.0002267374951413,44.21,56.949848810230584,0.2303,0.20218348320152074
instacart,real_extra3,FPgrowth_Gen_Borgelt,0.0002267374951413,85.0,66.6582992435537,0.386,0.20801085794671015
instacart,real_extra3,Gr_growth,0.0002267374951413,51.36,44.95426792142201,0.6231,0.33308027064047063
instacart,real_extra3,TalkyG_Diffset,0.0002267374951413,7974.13,1501.7477441244584,3.7286,53.0444149415373
instacart,real_extra3,Talky_G,0.0002267374951413,7514.1,1578.6632379707607,3.5229,16.511985959541846
skin,real_extra3,Apriori_Gen_Borgelt,0.2363562354880701,17.82,61.9446509205264,0.0414,12.012658799891764
skin,real_extra3,DefMe,0.2363562354880701,160.85,460.3122474051915,0.2769,161.99510227114126
skin,real_extra3,Eclat_Gen_Borgelt,0.2363562354880701,17.89,104.48998643040991,0.0406,2.3712245793983797
skin,real_extra3,FPgrowth_Gen_Borgelt,0.2363562354880701,17.9,80.81340570733836,0.0321,1.6271750473984348
skin,real_extra3,Gr_growth,0.2363562354880701,13.96,13.823871527384389,0.0229,1.4912169434815186
skin,real_extra3,Pascal,0.2363562354880701,133.41,342.4707434747378,0.391,912.6780007565485
skin,real_extra3,TalkyG_Diffset,0.2363562354880701,163.9,460.3089114046357,0.3313,215.94064279842377
skin,real_extra3,Talky_G,0.2363562354880701,157.23,478.70420584602095,0.3276,200.59902212118277
skin,real_extra3,Zart,0.2363562354880701,163.48,762.325016291721,0.4146,1163.6533362977932
skin,real_extra3,Apriori_Gen_Borgelt,0.0023535340757456,18.43,61.038190131644775,0.0347,11.559093701028127
skin,real_extra3,DefMe,0.0023535340757456,168.57,824.25621315336,0.2986,181.5518602891968
skin,real_extra3,Eclat_Gen_Borgelt,0.0023535340757456,17.89,104.11765430893682,0.036,2.23701716202825
skin,real_extra3,FPgrowth_Gen_Borgelt,0.0023535340757456,18.23,85.2343224174579,0.041,1.6574396256007877
skin,real_extra3,Gr_growth,0.0023535340757456,13.95,24.662279109660332,0.0348,1.382071122315185
skin,real_extra3,Pascal,0.0023535340757456,141.31,340.875869569947,0.7181,1128.2658601496223
skin,real_extra3,TalkyG_Diffset,0.0023535340757456,159.72,475.47305722993843,0.3216,195.69470851637112
skin,real_extra3,Talky_G,0.0023535340757456,158.38,492.4934101603222,0.3162,213.377071258988
skin,real_extra3,Zart,0.0023535340757456,196.74,1016.8950078166636,0.8849,1362.7517327113464
t20i6d100k,real_extra3,Apriori_Gen_Borgelt,0.0196027901763375,23.84,13.482425446567332,0.1066,4.036842709657419
t20i6d100k,real_extra3,DefMe,0.0196027901763375,741.74,341.182453248768,0.6084,128.40639425003687
t20i6d100k,real_extra3,Eclat_Gen_Borgelt,0.0196027901763375,36.51,13.49575989709737,0.1276,0.6816465482101232
t20i6d100k,real_extra3,FPgrowth_Gen_Borgelt,0.0196027901763375,61.39,15.135534087381911,0.2441,0.6346102427431229
t20i6d100k,real_extra3,Gr_growth,0.0196027901763375,60.67,16.462047493279393,0.2637,0.49633082668858913
t20i6d100k,real_extra3,TalkyG_Diffset,0.0196027901763375,196.74,288.4941969153519,0.4307,525.5539224431946
t20i6d100k,real_extra3,Talky_G,0.0196027901763375,200.09,237.16753888133718,0.4685,549.1107643103601
t20i6d100k,real_extra3,Pascal,0.0196027901763375,228.38,145.07387150210715,373.1458,883.4136580819772
t20i6d100k,real_extra3,Zart,0.0196027901763375,801.62,310.07008475651577,262.2743,988.825329973833
t20i6d100k,real_extra3,Apriori_Gen_Borgelt,0.0145488481015191,24.73,13.56408173858918,0.1165,4.0379639641445975
t20i6d100k,real_extra3,DefMe,0.0145488481015191,764.13,343.9847320600381,0.7289,128.41842218786155
t20i6d100k,real_extra3,Eclat_Gen_Borgelt,0.0145488481015191,38.5,13.597904299410741,0.1398,0.6827897917846043
t20i6d100k,real_extra3,FPgrowth_Gen_Borgelt,0.0145488481015191,67.54,15.953293023004365,0.2946,0.6352548689335992
t20i6d100k,real_extra3,Gr_growth,0.0145488481015191,66.66,19.638113137000754,0.296,0.5008279650002775
t20i6d100k,real_extra3,Pascal,0.0145488481015191,242.38,144.31249811216782,564.814,956.8756937625328
t20i6d100k,real_extra3,TalkyG_Diffset,0.0145488481015191,199.35,288.5078703445643,0.4405,527.4718175348612
t20i6d100k,real_extra3,Talky_G,0.0145488481015191,196.88,237.17458255214868,0.455,564.0977895770268
t20i6d100k,real_extra3,Zart,0.0145488481015191,776.46,645.7688551540174,249.2191,1012.6477343119282
t20i6d100k,real_extra3,Apriori_Gen_Borgelt,0.0090045235283521,25.89,17.170251661870317,0.2089,4.040947334657418
t20i6d100k,real_extra3,DefMe,0.0090045235283521,785.55,444.831969451373,0.925,114.10689235690916
t20i6d100k,real_extra3,Eclat_Gen_Borgelt,0.0090045235283521,42.18,18.701357186652327,0.1789,0.684836901597014
t20i6d100k,real_extra3,FPgrowth_Gen_Borgelt,0.0090045235283521,75.16,23.518203552765023,0.4117,0.6474274435134311
t20i6d100k,real_extra3,Gr_growth,0.0090045235283521,72.89,22.68182521366934,0.4137,0.5014519792235542
t20i6d100k,real_extra3,TalkyG_Diffset,0.0090045235283521,246.75,289.55863542093715,0.4754,527.5437174209724
t20i6d100k,real_extra3,Talky_G,0.0090045235283521,196.82,240.36678457174116,0.4691,559.7760293913126
t20i6d100k,real_extra3,Pascal,0.0090045235283521,257.16,148.58106268638366,1002.3941,1017.0898703541816
t20i6d100k,real_extra3,Zart,0.0090045235283521,974.8,891.802414288383,651.2928,1068.5660223922853
t20i6d100k,real_extra3,Apriori_Gen_Borgelt,0.0050614479293849,27.75,18.468612180249036,0.6358,4.0450239475542435
t20i6d100k,real_extra3,DefMe,0.0050614479293849,753.05,539.9243326436277,2.9362,114.1575226152425
t20i6d100k,real_extra3,Eclat_Gen_Borgelt,0.0050614479293849,50.54,22.99721129995029,0.2546,0.6903777629426129
t20i6d100k,real_extra3,FPgrowth_Gen_Borgelt,0.0050614479293849,90.84,29.888916285993393,0.5548,0.6517412899156401
t20i6d100k,real_extra3,Gr_growth,0.0050614479293849,76.45,25.966648625570052,0.5866,0.5200680516594517
t20i6d100k,real_extra3,TalkyG_Diffset,0.0050614479293849,710.31,290.46894942628256,0.7453,524.0886269566868
t20i6d100k,real_extra3,Talky_G,0.0050614479293849,718.7,240.065708979044,0.7025,565.8020246186936
t20i6d100k,real_extra3,Pascal,0.0050614479293849,275.01,155.55627723286986,1510.6129,1083.75209734188
t20i6d100k,real_extra3,Zart,0.0050614479293849,1038.57,935.8840993747287,1241.3761,1114.8210252958568
t20i6d100k,real_extra3,Apriori_Gen_Borgelt,0.0022092231940913,36.24,19.792356128704334,1.9238,4.0544821419986885
t20i6d100k,real_extra3,DefMe,0.0022092231940913,780.94,746.9231230049778,14.4988,115.21207666968388
t20i6d100k,real_extra3,Eclat_Gen_Borgelt,0.0022092231940913,59.67,27.006031103882368,0.4828,0.6942535546092796
t20i6d100k,real_extra3,FPgrowth_Gen_Borgelt,0.0022092231940913,187.86,36.65832502169236,0.9817,0.6734324614885115
t20i6d100k,real_extra3,Gr_growth,0.0022092231940913,83.08,30.08572720908608,1.1086,0.5104790936216561
t20i6d100k,real_extra3,TalkyG_Diffset,0.0022092231940913,807.3,296.74360158568965,2.3992,550.69777666502
t20i6d100k,real_extra3,Talky_G,0.0022092231940913,937.05,252.540584930097,2.1828,582.3120170917093
t20i6d100k,real_extra3,Pascal,0.0022092231940913,414.8,168.90858358749406,3323.4761,1297.3897369176193
liquor,hard,Apriori_Gen_Borgelt,0.0009543266002954,11.81,24.986209350517115,0.0611,0.8006312125168692
liquor,hard,DefMe,0.0009543266002954,803.45,1383.4147652582076,0.7542,213.5029666777417
liquor,hard,Eclat_Gen_Borgelt,0.0009543266002954,20.53,35.70878418860125,0.0665,0.28484634080919086
liquor,hard,FPgrowth_Gen_Borgelt,0.0009543266002954,32.39,42.47317701520652,0.0654,0.30417015948704074
liquor,hard,Gr_growth,0.0009543266002954,28.12,20.828191812485283,0.0803,0.33683971505153343
liquor,hard,Pascal,0.0009543266002954,131.88,313.95083989817266,224.7158,1783.1703583768037
liquor,hard,Zart,0.0009543266002954,1054.93,1126.9305252508489,505.3404,1854.586122823027
liquor,hard,Apriori_Gen_Borgelt,0.0002253937196677,21.79,32.864759211191156,0.1268,0.8003478004678071
liquor,hard,DefMe,0.0002253937196677,808.79,1409.939921398918,2.4276,243.68577402700217
liquor,hard,Eclat_Gen_Borgelt,0.0002253937196677,27.38,63.43832180194448,0.1104,0.3241501363747364
liquor,hard,FPgrowth_Gen_Borgelt,0.0002253937196677,48.99,73.99474956232262,0.1111,0.3254017404935343
liquor,hard,Gr_growth,0.0002253937196677,31.21,21.565513227323013,0.1452,0.39020805646567486
mooc_set,hard,Apriori_Gen_Borgelt,0.0008208638759314,908.27,21.365697459756902,37.8125,0.8112022436981878
mooc_set,hard,Eclat_Gen_Borgelt,0.0008208638759314,969.92,26.298320258836974,10.8294,0.4185351668359419
mooc_set,hard,FPgrowth_Gen_Borgelt,0.0008208638759314,972.28,30.857459248389027,9.9976,0.3129959135813533
mooc_set,hard,Gr_growth,0.0008208638759314,522.98,27.01453023267395,9.6539,0.3788403309135308
mooc_set,hard,Eclat_Gen_Borgelt,0.0002998727812443,5834.66,38.735372298941876,198.7657,0.45190297953435454
mooc_set,hard,FPgrowth_Gen_Borgelt,0.0002998727812443,5861.59,42.69038998359658,198.1182,0.3378623350099247
mooc_set,hard,Gr_growth,0.0002998727812443,2986.74,33.78035843472829,87.5891,0.46299898094960584
sign_set,hard,Apriori_Gen_Borgelt,0.0503424657534246,4.42,52.76154814155435,0.0395,18.294880806963867
sign_set,hard,DefMe,0.0503424657534246,126.12,516.1363762847044,0.2327,197.24233548910536
sign_set,hard,Eclat_Gen_Borgelt,0.0503424657534246,4.75,92.8985470309429,0.015,1.5207058997294376
sign_set,hard,FPgrowth_Gen_Borgelt,0.0503424657534246,12.12,91.07556569448474,0.0301,1.2937861005168443
sign_set,hard,Gr_growth,0.0503424657534246,15.64,56.739813204609106,0.03,1.3565051233405483
sign_set,hard,TalkyG_Diffset,0.0503424657534246,109.65,339.6865750362266,0.2625,502.752723961784
sign_set,hard,Talky_G,0.0503424657534246,104.45,280.30298140006937,0.2358,421.3801077814876
sign_set,hard,Pascal,0.0503424657534246,94.1,214.46877331313985,2.1433,1609.141919793346
sign_set,hard,Zart,0.0503424657534246,513.67,368.71245497177915,28.4174,1570.426196177688
sign_set,hard,Apriori_Gen_Borgelt,0.0407534246575342,10.29,52.772294301988694,0.0774,18.2952353902972
sign_set,hard,DefMe,0.0407534246575342,238.38,517.5714960397642,0.3537,197.2553929883478
sign_set,hard,Eclat_Gen_Borgelt,0.0407534246575342,5.8,93.7045696160984,0.0438,1.4493004066738822
sign_set,hard,FPgrowth_Gen_Borgelt,0.0407534246575342,33.4,89.22363672685908,0.0514,1.2941195755168442
sign_set,hard,Gr_growth,0.0407534246575342,16.2,59.11528013009777,0.05,1.3587536352453102
sign_set,hard,Pascal,0.0407534246575342,162.82,215.37973436328747,11.3449,1613.9977002516794
sign_set,hard,TalkyG_Diffset,0.0407534246575342,242.59,343.13821850165647,0.4583,500.6619931189269
sign_set,hard,Talky_G,0.0407534246575342,221.16,281.1919970106449,0.4676,421.37896170172564
bike_set,fresh,Apriori_Gen_Borgelt,0.0555436948477085,4.91,15.12643823802634,0.0179,11.364719596279295
bike_set,fresh,DefMe,0.0555436948477085,94.56,287.5825428437418,0.3232,159.11442144186023
bike_set,fresh,Eclat_Gen_Borgelt,0.0555436948477085,6.12,21.70524708239568,0.0207,2.67264488110468
bike_set,fresh,FPgrowth_Gen_Borgelt,0.0555436948477085,6.23,26.91650811261677,0.015,1.618331585649522
bike_set,fresh,Gr_growth,0.0555436948477085,15.77,26.64958310150607,0.025,1.4295408271492396
bike_set,fresh,Pascal,0.0555436948477085,97.16,154.30941359583517,0.6353,794.7674158867558
bike_set,fresh,TalkyG_Diffset,0.0555436948477085,128.49,248.33992004406778,0.3685,691.6161873651196
bike_set,fresh,Talky_G,0.0555436948477085,129.07,194.98041880816805,0.3488,664.3772745397202
bike_set,fresh,Zart,0.0555436948477085,389.2,272.37108587023044,0.8084,1011.2990766570682
bike_set,fresh,FGC_Stream,0.0555436948477085,17.17,81.97388818699015,35.34,652.1065280121919
bike_set,fresh,Apriori_Gen_Borgelt,0.0338623209033115,5.15,15.173403408080986,0.0124,10.880381457390406
bike_set,fresh,DefMe,0.0338623209033115,101.54,311.48966081912977,0.2436,159.13896417279457
bike_set,fresh,Eclat_Gen_Borgelt,0.0338623209033115,6.29,22.39480906230162,0.0132,2.5276618962561948
bike_set,fresh,FPgrowth_Gen_Borgelt,0.0338623209033115,6.53,26.045780428264575,0.0121,1.6177452948486564
bike_set,fresh,Gr_growth,0.0338623209033115,16.13,29.26168856115692,0.0162,1.3802624846889222
bike_set,fresh,Pascal,0.0338623209033115,94.73,154.75574397421516,0.7494,788.2952410554786
bike_set,fresh,TalkyG_Diffset,0.0338623209033115,138.15,255.0565461776626,0.269,673.1083240026196
bike_set,fresh,Talky_G,0.0338623209033115,133.89,200.27020202507538,0.254,666.9885836623394
bike_set,fresh,Zart,0.0338623209033115,370.34,289.49081107794865,0.8621,1027.0685023154017
bike_set,fresh,FGC_Stream,0.0338623209033115,17.36,81.82581541442659,40.3202,655.755955412192
bike_set,fresh,Apriori_Gen_Borgelt,0.006962235506215,5.41,17.200101630846508,0.0273,10.88284061064132
bike_set,fresh,DefMe,0.006962235506215,135.48,412.9196693526685,0.2658,150.83673445831042
bike_set,fresh,Eclat_Gen_Borgelt,0.006962235506215,7.96,27.013354257937465,0.0247,2.5273693530022268
bike_set,fresh,FPgrowth_Gen_Borgelt,0.006962235506215,13.21,31.025477721754992,0.0288,1.6307252145944335
bike_set,fresh,Gr_growth,0.006962235506215,16.59,38.061605698600985,0.0286,1.4005569087426462
bike_set,fresh,Pascal,0.006962235506215,107.89,151.6870758874338,4.6038,908.2760726815069
bike_set,fresh,TalkyG_Diffset,0.006962235506215,140.34,260.3167198681566,0.3042,671.8202362381355
bike_set,fresh,Talky_G,0.006962235506215,144.39,204.9644803105082,0.2818,674.807001768887
bike_set,fresh,Zart,0.006962235506215,483.62,669.0874781826383,9.2011,1072.6513009652033
bike_set,fresh,FGC_Stream,0.006962235506215,20.26,82.58034320314131,112.2492,688.474922431041
bike_set,fresh,Apriori_Gen_Borgelt,0.0014588670651864,8.41,20.510685700689205,0.0663,10.921720771680281
bike_set,fresh,DefMe,0.0014588670651864,527.03,576.4546356754742,0.5252,152.2477337272207
bike_set,fresh,Eclat_Gen_Borgelt,0.0014588670651864,17.84,38.53874883390284,0.0841,2.5383642637165122
bike_set,fresh,FPgrowth_Gen_Borgelt,0.0014588670651864,25.61,46.61148908860337,0.0691,1.6507057289259353
bike_set,fresh,Gr_growth,0.0014588670651864,18.32,44.15794590246021,0.0939,1.4108210438561437
bike_set,fresh,Pascal,0.0014588670651864,117.83,170.843427561852,52.4513,1181.5675669344648
bike_set,fresh,TalkyG_Diffset,0.0014588670651864,433.38,274.6338004709437,0.8663,689.4716644214689
bike_set,fresh,Talky_G,0.0014588670651864,432.8,224.10814532996451,0.9273,716.4108300399189
bike_set,fresh,Zart,0.0014588670651864,856.74,873.8903040665327,402.7514,1309.304420380878
bike_set,fresh,FGC_Stream,0.0014588670651864,92.01,84.22574796106026,501.1668,712.5129262018744
ecommerce_fim,fresh,Apriori_Gen_Borgelt,0.0150751252086811,4.7,12.948349798836835,0.0117,0.40941240531413037
ecommerce_fim,fresh,DefMe,0.0150751252086811,123.48,275.06151852157706,0.2756,83.74415095345992
ecommerce_fim,fresh,Eclat_Gen_Borgelt,0.0150751252086811,5.65,12.487466336932396,0.0111,0.31171006141325996
ecommerce_fim,fresh,FPgrowth_Gen_Borgelt,0.0150751252086811,5.63,13.019670615462779,0.0108,0.32858529760749877
ecommerce_fim,fresh,Pascal,0.0150751252086811,96.28,132.44726947859237,2.22,683.2114228045926
ecommerce_fim,fresh,Zart,0.0150751252086811,373.72,482.32336256289534,1.7554,847.4590387272401
ecommerce_fim,fresh,FGC_Stream,0.0150751252086811,21.5,91.28459869793248,1.1695,385.8197927107989
ecommerce_fim,fresh,Apriori_Gen_Borgelt,0.0079966611018363,5.29,14.755595554683875,0.0142,0.41306383805222563
ecommerce_fim,fresh,DefMe,0.0079966611018363,177.09,348.2862518132135,0.285,69.41597883302342
ecommerce_fim,fresh,Eclat_Gen_Borgelt,0.0079966611018363,6.62,15.006516431142229,0.0132,0.3155826846275457
ecommerce_fim,fresh,FPgrowth_Gen_Borgelt,0.0079966611018363,7.53,15.805339047992938,0.0144,0.344538942990139
ecommerce_fim,fresh,Pascal,0.0079966611018363,97.48,133.75375408091838,16.5227,763.0475402534022
ecommerce_fim,fresh,FGC_Stream,0.0079966611018363,22.2,91.76500770831574,2.646,457.36112287128424
ecommerce_fim,fresh,Zart,0.0079966611018363,632.36,626.1646917510365,12.9185,890.9096338026369
ecommerce_fim,fresh,Apriori_Gen_Borgelt,0.002787979966611,8.13,15.66061760199772,0.0242,0.4427977983696859
ecommerce_fim,fresh,DefMe,0.002787979966611,507.74,455.04640736144864,0.5778,70.3594350147875
ecommerce_fim,fresh,Eclat_Gen_Borgelt,0.002787979966611,9.21,18.706273888186807,0.0192,0.32294760484760343
ecommerce_fim,fresh,FPgrowth_Gen_Borgelt,0.002787979966611,11.61,21.2481596272858,0.0263,0.35831155557200156
ecommerce_fim,fresh,Pascal,0.002787979966611,170.05,150.64030454992738,140.5301,1065.6209901459529
ecommerce_fim,fresh,FGC_Stream,0.002787979966611,24.48,93.8661045243802,6.2718,550.040279893308
ecommerce_fim,fresh,Zart,0.002787979966611,1465.86,842.7224571579258,168.4304,1060.0080798476765
ecommerce_fim,fresh,Apriori_Gen_Borgelt,0.001118530884808,14.17,18.854472525042304,0.049,0.49202419997502495
ecommerce_fim,fresh,DefMe,0.001118530884808,632.66,594.1533430100436,1.0814,83.41187892840719
ecommerce_fim,fresh,Eclat_Gen_Borgelt,0.001118530884808,15.05,25.787480557469674,0.0417,0.3380611244238605
ecommerce_fim,fresh,FPgrowth_Gen_Borgelt,0.001118530884808,19.25,30.03415546909995,0.035,0.3823445848829684
ecommerce_fim,fresh,Pascal,0.001118530884808,287.06,187.55453903500896,351.1431,1507.0440549622224
ecommerce_fim,fresh,FGC_Stream,0.001118530884808,38.05,98.43514622165024,11.955,550.040279893308
ecommerce_fim,fresh,Apriori_Gen_Borgelt,0.0007178631051752,19.58,24.759887497931462,0.0759,0.5097232122766123
ecommerce_fim,fresh,DefMe,0.0007178631051752,837.1,620.199343058412,1.5484,126.42809708342165
ecommerce_fim,fresh,Eclat_Gen_Borgelt,0.0007178631051752,17.5,29.08577206808088,0.0499,0.3638020600257586
ecommerce_fim,fresh,FPgrowth_Gen_Borgelt,0.0007178631051752,23.9,36.160287860103246,0.0542,0.3966253807163017
ecommerce_fim,fresh,Pascal,0.0007178631051752,375.2,246.10572398288622,555.4763,1845.2189756872228
ecommerce_fim,fresh,FGC_Stream,0.0007178631051752,60.36,98.43514622165024,18.946,550.040279893308
fifa_set,fresh,Apriori_Gen_Borgelt,0.3596943765281173,6.71,25.233217487508902,0.0217,7.029982680260235
fifa_set,fresh,DefMe,0.3596943765281173,121.49,546.3455355932911,0.2845,278.47960384502164
fifa_set,fresh,Eclat_Gen_Borgelt,0.3596943765281173,7.05,46.00101773796627,0.0332,0.6168738118561994
fifa_set,fresh,FPgrowth_Gen_Borgelt,0.3596943765281173,6.55,33.72302023161224,0.0274,0.6901823421293984
fifa_set,fresh,Gr_growth,0.3596943765281173,14.14,39.22757053428611,0.0336,0.6595056367589927
fifa_set,fresh,Pascal,0.3596943765281173,121.48,147.48722280606904,0.3668,1056.0218321722402
fifa_set,fresh,TalkyG_Diffset,0.3596943765281173,132.61,456.28353173070866,0.3269,536.3660918033827
fifa_set,fresh,Talky_G,0.3596943765281173,144.8,412.00114450427066,0.3205,621.0840472799059
fifa_set,fresh,Zart,0.3596943765281173,156.71,386.5269859924256,0.3955,1200.439067219708
fifa_set,fresh,FGC_Stream,0.3596943765281173,72.3,92.24613681552329,35.7517,1943.8079184238397
fifa_set,fresh,Apriori_Gen_Borgelt,0.341161369193154,6.84,31.23988475984933,0.0336,8.387847369545952
fifa_set,fresh,DefMe,0.341161369193154,126.55,550.2517180160178,0.3012,327.61942064879145
fifa_set,fresh,Eclat_Gen_Borgelt,0.341161369193154,7.7,56.43041636064932,0.0244,0.7781223076895327
fifa_set,fresh,FPgrowth_Gen_Borgelt,0.341161369193154,7.75,37.60324417677142,0.029,0.7097958540341603
fifa_set,fresh,Gr_growth,0.341161369193154,14.61,43.20228240118461,0.0187,0.7641661778304213
fifa_set,fresh,Pascal,0.341161369193154,119.31,147.5837045049468,0.7881,1059.738527343669
fifa_set,fresh,TalkyG_Diffset,0.341161369193154,136.05,458.05300316560067,0.3452,601.4902461152875
fifa_set,fresh,Talky_G,0.341161369193154,141.4,413.91190371215055,0.3359,649.9740318715726
fifa_set,fresh,Zart,0.341161369193154,211.22,387.73273470634496,0.7851,1202.5114789905413
fifa_set,fresh,FGC_Stream,0.341161369193154,72.4,92.24613681552329,139.9196,1943.8079184238397
microblog_set,fresh,Apriori_Gen_Borgelt,0.5635198135198135,8.09,17.160458827728203,0.0414,6.82729250540512
microblog_set,fresh,DefMe,0.5635198135198135,91.58,337.45343590342856,0.3068,98.7269641036963
microblog_set,fresh,Eclat_Gen_Borgelt,0.5635198135198135,8.24,33.71295689387789,0.0192,0.6867600900419026
microblog_set,fresh,FPgrowth_Gen_Borgelt,0.5635198135198135,8.34,24.234180354548062,0.027,0.47052685400779776
microblog_set,fresh,Gr_growth,0.5635198135198135,14.23,25.779937721688775,0.0113,0.7448233802849927
microblog_set,fresh,Pascal,0.5635198135198135,86.51,209.89385539638025,0.5068,1300.7107790758894
microblog_set,fresh,TalkyG_Diffset,0.5635198135198135,6193.88,549.8680020561512,2.3805,311.43338396764335
microblog_set,fresh,Zart,0.5635198135198135,96.04,340.952880688027,0.4141,1698.7972170038977
microblog_set,fresh,Talky_G,0.5635198135198135,6240.91,482.05659498976894,2.3291,464.4597264192085
microblog_set,fresh,FGC_Stream,0.5635198135198135,22.23,92.14915559914371,0.1462,1791.2786367975646
microblog_set,fresh,Apriori_Gen_Borgelt,0.2954545454545454,8.34,42.24989702892526,0.0161,12.824476710167026
microblog_set,fresh,DefMe,0.2954545454545454,101.02,459.2703540085628,0.2437,147.1204285688839
microblog_set,fresh,Eclat_Gen_Borgelt,0.2954545454545454,8.79,68.37629945857884,0.0134,0.9372508078990454
microblog_set,fresh,FPgrowth_Gen_Borgelt,0.2954545454545454,8.3,46.696283174636385,0.0156,0.8443833932935121
microblog_set,fresh,Gr_growth,0.2954545454545454,14.3,69.41387115737626,0.0135,1.1414831740800866
microblog_set,fresh,Pascal,0.2954545454545454,84.14,207.76372902836914,0.3218,1456.4933798377713
microblog_set,fresh,TalkyG_Diffset,0.2954545454545454,6482.7,749.1347799592783,1.6101,517.6935617637362
microblog_set,fresh,Talky_G,0.2954545454545454,6493.88,629.6349199636769,1.6436,590.2500351724193
microblog_set,fresh,Zart,0.2954545454545454,98.49,376.09931553887105,0.3444,1822.356029574965
microblog_set,fresh,FGC_Stream,0.2954545454545454,22.75,81.18262391000616,0.7759,1871.348828234902
microblog_set,fresh,Apriori_Gen_Borgelt,0.1276223776223776,8.39,43.960134022693346,0.03,13.466699467219698
microblog_set,fresh,DefMe,0.1276223776223776,120.21,476.1670974476426,0.2564,174.51393123266456
microblog_set,fresh,Eclat_Gen_Borgelt,0.1276223776223776,16.02,81.68915926431617,0.0265,0.9409665991688867
microblog_set,fresh,FPgrowth_Gen_Borgelt,0.1276223776223776,16.9,55.88567797432701,0.0244,0.9127464147220836
microblog_set,fresh,Gr_growth,0.1276223776223776,15.19,92.93035850871894,0.021,1.2857921169372295
microblog_set,fresh,Pascal,0.1276223776223776,97.75,214.49247588372063,1.7852,1454.930150275271
microblog_set,fresh,TalkyG_Diffset,0.1276223776223776,6816.66,759.7330147276283,1.7349,581.0685805440935
microblog_set,fresh,Talky_G,0.1276223776223776,6480.07,633.2882520788926,1.6889,656.968658320832
microblog_set,fresh,Zart,0.1276223776223776,772.42,409.2837718470753,13.7004,1859.741507332108
microblog_set,fresh,FGC_Stream,0.1276223776223776,44.61,81.77374812883099,13.0821,1845.5425542526514
microblog_set,fresh,Apriori_Gen_Borgelt,0.0623543123543123,22.74,44.008283013087315,0.3207,13.46686720333081
microblog_set,fresh,DefMe,0.0623543123543123,378.57,492.60300348085957,0.5176,171.43717369218837
microblog_set,fresh,Eclat_Gen_Borgelt,0.0623543123543123,37.33,82.62442571066427,0.1603,0.941789691033966
microblog_set,fresh,FPgrowth_Gen_Borgelt,0.0623543123543123,41.96,56.89946041575346,0.1167,0.9315110555950995
microblog_set,fresh,Gr_growth,0.0623543123543123,26.85,93.28319870066684,0.1938,1.2838800772546897
microblog_set,fresh,Pascal,0.0623543123543123,409.96,220.89160153212032,290.7042,1456.1276305808267
microblog_set,fresh,TalkyG_Diffset,0.0623543123543123,6634.11,795.9827098959562,120.3767,588.5457632899269
microblog_set,fresh,Talky_G,0.0623543123543123,6602.45,657.4592706392114,124.4452,656.9686588291654
microblog_set,fresh,FGC_Stream,0.0623543123543123,489.32,82.61644863206655,149.8463,1924.2616370976907
microblog_set,fresh,Apriori_Gen_Borgelt,0.032051282051282,390.57,44.17386543355539,6.4472,13.467312790830809
microblog_set,fresh,DefMe,0.032051282051282,494.62,489.4944650294638,3.1029,209.36131157948995
microblog_set,fresh,Eclat_Gen_Borgelt,0.032051282051282,369.07,81.66952730087137,2.5584,0.9419172196053947
microblog_set,fresh,FPgrowth_Gen_Borgelt,0.032051282051282,376.59,56.245767278657404,2.1351,0.9321289472617662
microblog_set,fresh,Gr_growth,0.032051282051282,211.41,92.47054192244806,3.0788,1.2814015228896103
msnbc_set,fresh,Apriori_Gen_Borgelt,0.2619613085876062,5.0,17.254414196086156,0.0121,12.202398229857629
msnbc_set,fresh,DefMe,0.2619613085876062,93.39,278.0414019983368,0.3295,111.62443249772859
msnbc_set,fresh,Eclat_Gen_Borgelt,0.2619613085876062,4.97,23.69506393980946,0.0165,2.4479849889634875
msnbc_set,fresh,FPgrowth_Gen_Borgelt,0.2619613085876062,2.93,30.19649422630519,0.0117,1.6164300248244812
msnbc_set,fresh,Gr_growth,0.2619613085876062,14.01,16.72860821247923,0.0161,1.609482745755633
msnbc_set,fresh,Pascal,0.2619613085876062,97.39,163.52524871550895,0.3584,938.0126834067426
msnbc_set,fresh,TalkyG_Diffset,0.2619613085876062,93.73,493.08015764971145,0.4215,239.43291567921102
msnbc_set,fresh,Talky_G,0.2619613085876062,92.79,435.13679473978465,0.3397,220.0291474850037
msnbc_set,fresh,Zart,0.2619613085876062,96.03,289.79801855016296,0.4073,1192.456975634382
msnbc_set,fresh,FGC_Stream,0.2619613085876062,24.61,68.82372052605551,159.049,839.081476378462
msnbc_set,fresh,Apriori_Gen_Borgelt,0.0345942120163573,5.18,19.44509639783287,0.0224,11.72918703124652
msnbc_set,fresh,DefMe,0.0345942120163573,100.23,384.85289935277933,0.2344,146.30139560923652
msnbc_set,fresh,Eclat_Gen_Borgelt,0.0345942120163573,6.86,34.05540567966264,0.0136,2.3326864662181777
msnbc_set,fresh,FPgrowth_Gen_Borgelt,0.0345942120163573,5.3,36.341786300735954,0.0121,1.6640693663648851
msnbc_set,fresh,Gr_growth,0.0345942120163573,14.42,19.86857280822169,0.0185,1.4859495682484183
msnbc_set,fresh,Pascal,0.0345942120163573,95.38,190.49595020032632,0.7392,1008.4349453494375
msnbc_set,fresh,TalkyG_Diffset,0.0345942120163573,96.23,497.937946584582,0.249,229.75260333655228
msnbc_set,fresh,Talky_G,0.0345942120163573,98.68,440.17206423482384,0.2512,247.33100862995184
msnbc_set,fresh,Zart,0.0345942120163573,142.66,352.3381203410909,1.004,1359.5910363713476
msnbc_set,fresh,Apriori_Gen_Borgelt,0.0066294432211387,5.12,21.588530024202587,0.0272,11.733999642830769
msnbc_set,fresh,DefMe,0.0066294432211387,184.3,518.4897348507394,0.2906,152.48054312114127
msnbc_set,fresh,Eclat_Gen_Borgelt,0.0066294432211387,12.36,39.877992439432866,0.0237,2.33432775609913
msnbc_set,fresh,FPgrowth_Gen_Borgelt,0.0066294432211387,11.09,41.938121743856414,0.0216,1.6743022583562273
msnbc_set,fresh,Gr_growth,0.0066294432211387,14.71,23.09085800396693,0.0185,1.491280691292041
msnbc_set,fresh,Pascal,0.0066294432211387,100.12,185.04244540079463,3.3579,1097.7137670169159
msnbc_set,fresh,TalkyG_Diffset,0.0066294432211387,133.25,501.6624486501685,0.2774,236.25606878655228
msnbc_set,fresh,Talky_G,0.0066294432211387,112.16,445.6949905825447,0.2698,251.73920262022958
msnbc_set,fresh,Zart,0.0066294432211387,176.62,732.2648836611208,10.0951,1392.9233364852364
splice,fresh,Apriori_Gen_Borgelt,0.244435736677116,4.39,67.93790331647732,0.0132,26.873930192395097
splice,fresh,Eclat_Gen_Borgelt,0.244435736677116,5.47,101.63158166905498,0.0226,1.9588676372113998
splice,fresh,FPgrowth_Gen_Borgelt,0.244435736677116,7.45,100.02780588296758,0.0227,1.5243094519390334
splice,fresh,DefMe,0.244435736677116,93.07,580.6071599918854,0.3925,237.11507053656206
splice,fresh,Gr_growth,0.244435736677116,17.32,72.68275597742768,0.0265,1.6637516631757125
splice,fresh,TalkyG_Diffset,0.244435736677116,93.22,330.9821646509206,0.273,731.720359105492
splice,fresh,Talky_G,0.244435736677116,94.86,272.33922340735586,0.2616,846.1178025477706
splice,fresh,Pascal,0.244435736677116,101.3,182.9186580839764,1.2166,1986.5015116194465
splice,fresh,Zart,0.244435736677116,339.38,365.4632296437341,1.9101,2379.124783525992
splice,fresh,FGC_Stream,0.244435736677116,22.45,67.71750894796834,11.1347,2771.6038426358473
splice,fresh,Apriori_Gen_Borgelt,0.1638714733542319,4.86,67.76309932771456,0.0148,26.87476399656176
splice,fresh,DefMe,0.1638714733542319,95.84,588.2872295254716,0.2377,237.11610067346683
splice,fresh,Eclat_Gen_Borgelt,0.1638714733542319,6.54,105.71325922783703,0.0162,1.959082193163781
splice,fresh,FPgrowth_Gen_Borgelt,0.1638714733542319,10.55,101.51995763547919,0.0286,1.5245744090818905
splice,fresh,Gr_growth,0.1638714733542319,20.28,72.68275597742768,0.0246,1.6628142973026971
splice,fresh,Pascal,0.1638714733542319,93.24,187.32727499513655,3.1294,1994.8931365658752
splice,fresh,TalkyG_Diffset,0.1638714733542319,95.57,334.2601415617232,0.2544,767.6190164626348
splice,fresh,Talky_G,0.1638714733542319,96.09,273.92720294577714,0.2349,855.2239928005481
splice,fresh,Zart,0.1638714733542319,367.64,372.06958849820177,5.4377,2398.64642181865
splice,fresh,FGC_Stream,0.1638714733542319,22.77,68.74066794586008,73.5106,2775.1732194838996
splice,fresh,Apriori_Gen_Borgelt,0.1115203761755486,4.93,68.0213804371133,0.0261,26.87510730337994
splice,fresh,DefMe,0.1115203761755486,109.72,603.851437947324,0.2479,237.26487584846683
splice,fresh,Eclat_Gen_Borgelt,0.1115203761755486,7.3,109.03361021736245,0.0229,2.011325818163781
splice,fresh,FPgrowth_Gen_Borgelt,0.1115203761755486,11.43,103.11864458607914,0.0505,1.5246101090818904
splice,fresh,Gr_growth,0.1115203761755486,20.43,73.34777463246601,0.0396,1.6628142973026971
splice,fresh,Pascal,0.1115203761755486,97.61,221.05861296146946,3.7488,1995.8885332658754
splice,fresh,TalkyG_Diffset,0.1115203761755486,97.31,348.3567329264478,0.2656,783.8740516293014
splice,fresh,Talky_G,0.1115203761755486,95.45,282.26081426167497,0.2549,890.0722940505483
splice,fresh,Zart,0.1115203761755486,621.75,372.06958849820177,8.8241,2414.562182018651
splice,fresh,FGC_Stream,0.1115203761755486,23.76,71.28530464649447,127.1456,2775.1732194838996
splice,fresh,Apriori_Gen_Borgelt,0.0751567398119122,5.55,68.02020376727496,0.0536,26.876773115879946
splice,fresh,DefMe,0.0751567398119122,132.23,613.7645887320944,0.2482,234.1822034079906
splice,fresh,Eclat_Gen_Borgelt,0.0751567398119122,9.56,109.03334284736424,0.0553,2.011325818163781
splice,fresh,FPgrowth_Gen_Borgelt,0.0751567398119122,39.41,103.31314674201737,0.0836,1.5087524602723668
splice,fresh,Gr_growth,0.0751567398119122,21.0,75.16067845148955,0.0757,1.6605177786519034
splice,fresh,Pascal,0.0751567398119122,99.44,221.51709410543884,8.1517,1997.4950528627007
splice,fresh,TalkyG_Diffset,0.0751567398119122,119.67,356.6702127716048,0.2741,783.8740516293014
splice,fresh,Talky_G,0.0751567398119122,117.06,287.5698360133805,0.2833,890.0722940505483
splice,fresh,Zart,0.0751567398119122,660.35,385.1489627497375,56.7955,2419.4663166158734
splice,fresh,FGC_Stream,0.0751567398119122,29.43,71.1519383279254,229.9467,2781.777881300566
splice,fresh,Apriori_Gen_Borgelt,0.053526645768025,10.83,68.27816577922579,0.1621,26.87674344921328
splice,fresh,DefMe,0.053526645768025,376.96,618.7799250280152,0.4046,246.15044232465732
splice,fresh,Eclat_Gen_Borgelt,0.053526645768025,15.01,109.58856431375081,0.178,2.0118211514971143
splice,fresh,FPgrowth_Gen_Borgelt,0.053526645768025,148.79,104.02033368137944,0.2691,1.5088326269390335
splice,fresh,Gr_growth,0.053526645768025,22.11,75.48143731113079,0.2381,1.66061000781857
splice,fresh,TalkyG_Diffset,0.053526645768025,382.04,363.66988550537934,0.5239,791.3511785418013
splice,fresh,Talky_G,0.053526645768025,387.53,293.69703953478205,0.5333,890.0722940505483
splice,fresh,Pascal,0.053526645768025,201.05,221.56958248036565,55.2144,1999.9375481349232
splice,fresh,FGC_Stream,0.053526645768025,52.09,71.25061762438881,544.3027,2790.497729034494
t25i10d10k,fresh,Apriori_Gen_Borgelt,0.0258370088211708,5.78,23.142708228726228,0.023,17.292998884484795
t25i10d10k,fresh,DefMe,0.0258370088211708,149.82,376.76774406268476,0.4106,271.82614165505737
t25i10d10k,fresh,Eclat_Gen_Borgelt,0.0258370088211708,7.06,18.037507203520764,0.0213,1.4957954439376804
t25i10d10k,fresh,FPgrowth_Gen_Borgelt,0.0258370088211708,10.42,21.065653670130484,0.0331,1.3066072463416079
t25i10d10k,fresh,Gr_growth,0.0258370088211708,19.77,44.027219011036294,0.0428,1.2102447195526695
t25i10d10k,fresh,Pascal,0.0258370088211708,98.36,149.5887631755139,14.6151,1173.0827531623734
t25i10d10k,fresh,TalkyG_Diffset,0.0258370088211708,103.44,264.20993073562653,0.2689,903.7208322996856
t25i10d10k,fresh,Talky_G,0.0258370088211708,101.74,226.47825993055883,0.2595,968.9954089687091
t25i10d10k,fresh,Zart,0.0258370088211708,484.12,285.2110896730032,23.5708,1396.5774929906079
t25i10d10k,fresh,FGC_Stream,0.0258370088211708,28.03,89.24748826332808,21.8244,1367.877210888695
t25i10d10k,fresh,Apriori_Gen_Borgelt,0.01882016840417,5.99,23.24603806496997,0.0245,17.293325234484797
t25i10d10k,fresh,DefMe,0.01882016840417,153.94,382.6003577494528,0.2844,279.05790852212084
t25i10d10k,fresh,Eclat_Gen_Borgelt,0.01882016840417,7.59,18.16477708471757,0.0253,1.4960261939376804
t25i10d10k,fresh,FPgrowth_Gen_Borgelt,0.01882016840417,11.61,21.618191457531307,0.032,1.307023996341608
t25i10d10k,fresh,Gr_growth,0.01882016840417,20.79,43.95176302885648,0.0279,1.2131526262987014
t25i10d10k,fresh,Pascal,0.01882016840417,99.71,149.24889079752768,24.1387,1187.7322112873733
t25i10d10k,fresh,TalkyG_Diffset,0.01882016840417,98.94,264.31131104120817,0.28,903.7208322996856
t25i10d10k,fresh,Talky_G,0.01882016840417,101.17,225.8018245623802,0.2684,968.9954089687091
t25i10d10k,fresh,Zart,0.01882016840417,512.52,298.7605499764207,39.3879,1414.6008808072743
t25i10d10k,fresh,FGC_Stream,0.01882016840417,28.21,89.42141549332767,28.435,1367.877210888695
t25i10d10k,fresh,Apriori_Gen_Borgelt,0.011502606255012,6.59,24.74413031125298,0.0282,17.29427941781813
t25i10d10k,fresh,DefMe,0.011502606255012,298.09,406.02543841122747,0.3743,264.68135991557324
t25i10d10k,fresh,Eclat_Gen_Borgelt,0.011502606255012,8.54,20.159403275596226,0.0227,1.4976013782630773
t25i10d10k,fresh,FPgrowth_Gen_Borgelt,0.011502606255012,13.28,23.188575361227084,0.0319,1.310575577293989
t25i10d10k,fresh,Gr_growth,0.011502606255012,21.74,46.454966190304894,0.0366,1.2204055247294372
t25i10d10k,fresh,Pascal,0.011502606255012,125.02,150.453101352842,43.8949,1278.947145249278
t25i10d10k,fresh,TalkyG_Diffset,0.011502606255012,110.9,265.3425325627888,0.2965,897.753051404249
t25i10d10k,fresh,Talky_G,0.011502606255012,118.09,227.19988406906597,0.2748,976.9186617401376
t25i10d10k,fresh,Zart,0.011502606255012,875.54,616.8132773332682,71.455,1432.805723607274
t25i10d10k,fresh,FGC_Stream,0.011502606255012,29.44,89.7809846792035,38.4384,1404.1609200273851
t25i10d10k,fresh,Apriori_Gen_Borgelt,0.00709202085004,7.82,25.14102492493207,0.0684,17.295275076151462
t25i10d10k,fresh,DefMe,0.00709202085004,389.7,450.7898829907442,0.5067,264.7058639143828
t25i10d10k,fresh,Eclat_Gen_Borgelt,0.00709202085004,14.02,21.819127523611574,0.0403,1.4986706669535534
t25i10d10k,fresh,FPgrowth_Gen_Borgelt,0.00709202085004,22.89,26.48372419020274,0.0601,1.31863751576271
t25i10d10k,fresh,Gr_growth,0.00709202085004,22.36,48.85080685538433,0.0603,1.2126356598484849
t25i10d10k,fresh,Pascal,0.00709202085004,138.11,149.33727968532233,62.882,1303.8471513665402
t25i10d10k,fresh,TalkyG_Diffset,0.00709202085004,162.4,264.82177554771687,0.323,899.5517786625824
t25i10d10k,fresh,Talky_G,0.00709202085004,154.72,228.83371481476217,0.3203,976.9186617401376
t25i10d10k,fresh,FGC_Stream,0.00709202085004,38.89,89.7726529816373,53.6924,1405.3387283857185
t25i10d10k,fresh,Zart,0.00709202085004,1069.97,672.3307257698465,220.4859,1454.692549091798
t25i10d10k,fresh,Apriori_Gen_Borgelt,0.0035836006415396,17.28,26.075940717967065,0.3653,17.30094432059591
t25i10d10k,fresh,DefMe,0.0035836006415396,780.78,504.7179275356444,1.3771,264.7131848393828
t25i10d10k,fresh,Eclat_Gen_Borgelt,0.0035836006415396,23.73,25.601859320357356,0.1073,1.4995798167912158
t25i10d10k,fresh,FPgrowth_Gen_Borgelt,0.0035836006415396,50.91,31.694074024089183,0.1253,1.319972665564297
t25i10d10k,fresh,Gr_growth,0.0035836006415396,26.24,50.843350977460126,0.1233,1.2304735727147853
t25i10d10k,fresh,TalkyG_Diffset,0.0035836006415396,435.29,270.91953550063135,4.0562,886.6013563844078
t25i10d10k,fresh,Talky_G,0.0035836006415396,414.05,234.56054639406986,4.1644,981.71361537109
t25i10d10k,fresh,Pascal,0.0035836006415396,402.57,153.84573029576407,239.5429,1403.9943617314211
t25i10d10k,fresh,FGC_Stream,0.0035836006415396,179.45,90.44475218709326,140.6903,1435.0110867428614
uscensus,fresh,Apriori_Gen_Borgelt,0.74447675,231.81,167.10194959028536,1.1579,8.994525014960843
uscensus,fresh,DefMe,0.74447675,3169.61,961.7813342023906,2.6121,388.99446006156336
uscensus,fresh,Eclat_Gen_Borgelt,0.74447675,231.85,128.36432738629955,1.1753,1.759411332683983
uscensus,fresh,FPgrowth_Gen_Borgelt,0.74447675,231.88,138.66089050783324,1.1251,1.402447450270563
uscensus,fresh,Gr_growth,0.74447675,13.96,16.757199046228358,0.7579,1.2696587614718615
uscensus,fresh,Pascal,0.74447675,1201.26,498.79496217159436,3.8547,1353.8066476055835
uscensus,fresh,TalkyG_Diffset,0.74447675,3178.66,904.119247376187,4.6725,361.73908877107885
uscensus,fresh,Talky_G,0.74447675,3194.24,953.3339635143415,4.7416,447.55920299004447
uscensus,fresh,Zart,0.74447675,3224.95,1000.3869236404311,4.4498,1871.5295991283738
uscensus,fresh,Apriori_Gen_Borgelt,0.60401875,231.78,167.10194959028536,1.3363,13.136701476775414
uscensus,fresh,DefMe,0.60401875,3102.27,1161.5951171597956,2.6226,458.72926637128563
uscensus,fresh,Eclat_Gen_Borgelt,0.60401875,231.89,135.71300669987988,1.3587,2.030746958405484
uscensus,fresh,FPgrowth_Gen_Borgelt,0.60401875,231.85,145.61804207133173,1.2912,1.6452994780941284
uscensus,fresh,Gr_growth,0.60401875,14.39,21.024265895482955,0.7288,1.5554680802489176
uscensus,fresh,Pascal,0.60401875,1195.37,504.21222622607917,17.043,1742.1140404015252
uscensus,fresh,TalkyG_Diffset,0.60401875,3199.76,939.7751280323364,4.6026,432.1910402063131
uscensus,fresh,Talky_G,0.60401875,3149.12,996.7224712171242,4.5522,536.9451250443375
uscensus,fresh,Zart,0.60401875,3234.62,1015.499589888255,30.018,2106.0963535513897
uscensus,fresh,Apriori_Gen_Borgelt,0.25685375,235.18,168.7698025221601,98.2223,26.979749650170074
uscensus,fresh,DefMe,0.25685375,3235.07,1199.6292781096204,63.7462,654.5239552186537
uscensus,fresh,Eclat_Gen_Borgelt,0.25685375,346.36,160.04088709976836,3.8609,2.6909416492604623
uscensus,fresh,FPgrowth_Gen_Borgelt,0.25685375,314.73,163.29325871790783,2.3891,2.0611286640789763
uscensus,fresh,Gr_growth,0.25685375,78.95,42.8881965389329,1.8738,2.0445307332181706
uscensus,fresh,TalkyG_Diffset,0.25685375,3213.84,1020.1053016736741,16.8616,704.349894102857
uscensus,fresh,Talky_G,0.25685375,3210.83,1026.4174316184128,11.8831,780.6734629165776
uscensus,fresh,Gr_growth,0.05409375,5969.2,61.76517863968236,154.8915,2.2402063697261063
census_kdd,fresh2,Apriori_Gen_Borgelt,0.9695761892112688,40.91,58.59452809624212,0.1772,3.6854043026494896
census_kdd,fresh2,DefMe,0.9695761892112688,660.03,338.0560780514704,0.6467,98.39071712267621
census_kdd,fresh2,Eclat_Gen_Borgelt,0.9695761892112688,40.98,43.55437736132487,0.1792,0.3248338683939019
census_kdd,fresh2,FPgrowth_Gen_Borgelt,0.9695761892112688,40.99,26.35512546203994,0.1616,0.2639103297941438
census_kdd,fresh2,Gr_growth,0.9695761892112688,13.98,14.015438435983139,0.129,0.203444846758103
census_kdd,fresh2,Pascal,0.9695761892112688,388.94,434.5164012970258,0.5701,341.85693678987053
census_kdd,fresh2,TalkyG_Diffset,0.9695761892112688,664.81,349.9276533482645,1.0517,128.2329828197698
census_kdd,fresh2,Talky_G,0.9695761892112688,661.42,388.4786150488177,0.9694,104.7525970621473
census_kdd,fresh2,Zart,0.9695761892112688,659.57,626.595206294951,0.8845,469.8209447381979
census_kdd,fresh2,FGC_Stream,0.9695761892112688,746.37,40.62702474462689,4.6986,3074.1480365114926
census_kdd,fresh2,Apriori_Gen_Borgelt,0.8078705211930454,40.88,58.84969808856417,0.2122,4.5041857788399655
census_kdd,fresh2,DefMe,0.8078705211930454,662.52,456.7530236397906,0.6905,152.40444878522752
census_kdd,fresh2,Eclat_Gen_Borgelt,0.8078705211930454,40.96,47.694222438944124,0.2102,0.5119419532604242
census_kdd,fresh2,FPgrowth_Gen_Borgelt,0.8078705211930454,41.02,30.90799683238829,0.2082,0.3799730778460918
census_kdd,fresh2,Gr_growth,0.8078705211930454,13.98,14.292746741044246,0.1185,0.2945953960005272
census_kdd,fresh2,Pascal,0.8078705211930454,390.74,435.3212071009468,2.6685,572.1145831760896
census_kdd,fresh2,TalkyG_Diffset,0.8078705211930454,660.07,434.2093685987731,0.9469,165.3462170750368
census_kdd,fresh2,Talky_G,0.8078705211930454,662.64,475.9039689775809,0.9294,162.34356267222614
census_kdd,fresh2,Zart,0.8078705211930454,1864.68,635.2337538954743,10.166,960.4005408186813
census_kdd,fresh2,Apriori_Gen_Borgelt,0.2090423159234775,42.1,60.179020505818436,8.3099,17.509374267047594
census_kdd,fresh2,DefMe,0.2090423159234775,1883.02,663.3267402566145,90.9122,495.99976526508937
census_kdd,fresh2,Eclat_Gen_Borgelt,0.2090423159234775,70.26,78.82496097734861,0.7555,1.2638635605115067
census_kdd,fresh2,FPgrowth_Gen_Borgelt,0.2090423159234775,64.57,54.32699019687529,0.569,0.6804690398882165
census_kdd,fresh2,Gr_growth,0.2090423159234775,43.44,62.38455365492585,0.5966,0.9343302715818902
census_kdd,fresh2,TalkyG_Diffset,0.2090423159234775,1933.5,628.0899711262226,9.7533,616.9771076293832
census_kdd,fresh2,Talky_G,0.2090423159234775,1889.93,632.044442860552,7.1506,564.4493219382432
census_kdd,fresh2,Gr_growth,0.015099762934599,5848.76,63.93704609294818,128.3854,0.934540064439033
covertype,fresh2,Apriori_Gen_Borgelt,0.1456747020715579,56.05,65.61292792560414,0.3382,5.715122391073387
covertype,fresh2,DefMe,0.1456747020715579,445.41,503.1885449758703,0.5878,78.00386073791962
covertype,fresh2,Eclat_Gen_Borgelt,0.1456747020715579,56.13,105.23943226173903,0.3327,1.590648861119436
covertype,fresh2,FPgrowth_Gen_Borgelt,0.1456747020715579,63.02,63.785747606297214,0.3031,1.1562551490287494
covertype,fresh2,Gr_growth,0.1456747020715579,43.75,14.005584883193043,0.2765,0.9156701136240393
covertype,fresh2,TalkyG_Diffset,0.1456747020715579,362.75,356.13722399803237,0.6987,178.41736238535216
covertype,fresh2,Talky_G,0.1456747020715579,368.64,306.74449800107703,0.725,154.60587768518405
covertype,fresh2,Pascal,0.1456747020715579,367.68,371.059719397846,8.0131,731.2071978525919
covertype,fresh2,Zart,0.1456747020715579,634.04,668.4672859826743,13.207,978.256363383329
covertype,fresh2,Apriori_Gen_Borgelt,0.0938995235898742,56.02,65.33334087452558,0.419,5.722640390658524
covertype,fresh2,DefMe,0.0938995235898742,478.66,528.9696570494445,0.6166,92.61021847125296
covertype,fresh2,Eclat_Gen_Borgelt,0.0938995235898742,91.96,105.35964865865435,0.3643,1.670797052786103
covertype,fresh2,FPgrowth_Gen_Borgelt,0.0938995235898742,63.19,63.758872460328284,0.328,1.1572785490287492
covertype,fresh2,Gr_growth,0.0938995235898742,44.74,14.199351492791852,0.293,0.9127895741399125
covertype,fresh2,Pascal,0.0938995235898742,359.75,378.9908658694813,8.4136,781.8402658240749
covertype,fresh2,TalkyG_Diffset,0.0938995235898742,373.28,370.5870639996718,0.7078,178.42162007285216
covertype,fresh2,Talky_G,0.0938995235898742,381.98,310.6682632093861,0.7329,165.80342987268403
covertype,fresh2,Zart,0.0938995235898742,753.19,685.4465466929911,14.3721,1039.0181890805513
covertype,fresh2,Apriori_Gen_Borgelt,0.0368869317673301,56.04,65.33334087452558,0.6888,5.245999596412492
covertype,fresh2,DefMe,0.0368869317673301,681.62,546.5174061098218,0.8465,89.57142660754445
covertype,fresh2,Eclat_Gen_Borgelt,0.0368869317673301,100.23,106.16673423064515,0.5691,1.5429104718337214
covertype,fresh2,FPgrowth_Gen_Borgelt,0.0368869317673301,105.18,65.7167886628687,0.4579,1.155931123776224
covertype,fresh2,Gr_growth,0.0368869317673301,53.48,15.546221604207332,0.4927,0.8664651056875314
covertype,fresh2,Pascal,0.0368869317673301,357.17,378.49953177371833,51.0637,849.6219154718743
covertype,fresh2,TalkyG_Diffset,0.0368869317673301,684.93,372.044578147738,0.9176,168.99389879000586
covertype,fresh2,Talky_G,0.0368869317673301,714.35,315.26964690335575,0.9246,169.4203130411364
covertype,fresh2,Zart,0.0368869317673301,766.28,735.2986436222797,127.6945,1084.6333811242023
covertype,fresh2,Apriori_Gen_Borgelt,0.0002663456176464,187.13,64.26188703237372,11.9249,5.266845186149145
covertype,fresh2,DefMe,0.0002663456176464,1597.34,1050.1608355724632,319.0277,149.55943367854013
covertype,fresh2,Eclat_Gen_Borgelt,0.0002663456176464,346.57,126.87476236593551,4.9099,1.5821856419275167
covertype,fresh2,FPgrowth_Gen_Borgelt,0.0002663456176464,460.78,95.0772982947815,3.1927,1.1644684003912755
covertype,fresh2,Gr_growth,0.0002663456176464,194.85,18.640638447976016,4.2657,0.9712075973736232
covertype,fresh2,Talky_G,0.0002663456176464,1015.9,357.61273029276117,576.959,225.52085051732683
diabetes130,fresh2,Apriori_Gen_Borgelt,0.9999877169192068,24.82,8.464716325070468,0.1507,1.9497091614658362
diabetes130,fresh2,Eclat_Gen_Borgelt,0.9999877169192068,24.84,10.540874610980227,0.1129,0.16453688426969273
diabetes130,fresh2,DefMe,0.9999877169192068,404.14,395.70780680439503,0.549,171.78687163112468
diabetes130,fresh2,FPgrowth_Gen_Borgelt,0.9999877169192068,24.96,9.067386855362672,0.1235,0.1645259985392875
diabetes130,fresh2,Gr_growth,0.9999877169192068,13.89,14.325115657930564,0.0952,0.16809699043803417
diabetes130,fresh2,Pascal,0.9999877169192068,332.92,276.53815986936644,0.5697,502.2000983262514
diabetes130,fresh2,TalkyG_Diffset,0.9999877169192068,412.34,329.038291756651,0.7385,148.81600129042278
diabetes130,fresh2,Talky_G,0.9999877169192068,444.97,341.322192809923,0.7609,120.71361397063187
diabetes130,fresh2,Zart,0.9999877169192068,485.55,511.3788227645204,0.7088,636.5701579025626
diabetes130,fresh2,FGC_Stream,0.9999877169192068,433.63,42.879926936014634,3.0414,2422.9410469641043
diabetes130,fresh2,Apriori_Gen_Borgelt,0.9969415128824952,24.75,8.464716325070468,0.1213,1.9497091614658362
diabetes130,fresh2,DefMe,0.9969415128824952,636.18,395.70780680439503,0.6392,171.78687163112468
diabetes130,fresh2,Eclat_Gen_Borgelt,0.9969415128824952,25.45,10.540874610980227,0.1185,0.16453688426969273
diabetes130,fresh2,FPgrowth_Gen_Borgelt,0.9969415128824952,24.88,9.067386855362672,0.1202,0.1645259985392875
diabetes130,fresh2,Gr_growth,0.9969415128824952,14.0,14.325115657930564,0.0875,0.16809699043803417
diabetes130,fresh2,Pascal,0.9969415128824952,341.56,276.53815986936644,9.1594,502.2000983262514
diabetes130,fresh2,TalkyG_Diffset,0.9969415128824952,432.84,329.038291756651,0.7103,148.81600129042278
diabetes130,fresh2,Talky_G,0.9969415128824952,457.71,341.322192809923,0.7309,120.71361397063187
diabetes130,fresh2,Zart,0.9969415128824952,843.24,511.3788227645204,122.1168,636.5701579025626
diabetes130,fresh2,FGC_Stream,0.9969415128824952,440.21,42.879926936014634,299.9041,2422.9410469641043
diabetes130,fresh2,Eclat_Gen_Borgelt,0.2130549495902364,1827.62,50.26583416394974,17.5988,0.6039687891037476
diabetes130,fresh2,FPgrowth_Gen_Borgelt,0.2130549495902364,1808.91,38.68228360275059,16.3416,0.48330180945337353
diabetes130,fresh2,Gr_growth,0.2130549495902364,949.44,67.70630097056063,17.6236,0.7677646545933233
poker,fresh2,Apriori_Gen_Borgelt,0.12537575,94.3,169.93638429348033,0.4212,6.123577371683056
poker,fresh2,DefMe,0.12537575,578.09,536.1489597070828,0.7652,138.80969157072988
poker,fresh2,Eclat_Gen_Borgelt,0.12537575,94.26,133.78556028961256,0.4227,2.3147338992132873
poker,fresh2,FPgrowth_Gen_Borgelt,0.12537575,94.42,167.28528695796825,0.402,1.6843187614052617
poker,fresh2,Gr_growth,0.12537575,14.24,14.021077218250541,0.2806,1.2600078590298591
poker,fresh2,Pascal,0.12537575,554.39,361.04031935388696,3.7444,731.4868407106911
poker,fresh2,TalkyG_Diffset,0.12537575,612.54,294.70510383383964,0.9493,233.59800230013872
poker,fresh2,Talky_G,0.12537575,627.34,282.5870460460698,0.9772,216.29208411878378
poker,fresh2,Zart,0.12537575,836.05,853.2016758208009,3.7903,961.8560674718033
poker,fresh2,Apriori_Gen_Borgelt,0.06372875,169.45,170.0938847725561,0.7991,6.133786904817976
poker,fresh2,DefMe,0.06372875,750.25,563.087248472487,0.896,156.14112396537274
poker,fresh2,Eclat_Gen_Borgelt,0.06372875,256.98,133.78556028961256,1.1213,2.3157336617132875
poker,fresh2,FPgrowth_Gen_Borgelt,0.06372875,235.86,167.39330578118066,0.9344,1.6694965989052617
poker,fresh2,Gr_growth,0.06372875,156.55,14.240150137824294,1.6203,1.2603718237123986
poker,fresh2,Pascal,0.06372875,517.13,363.784066576496,46.0455,839.682992739118
poker,fresh2,TalkyG_Diffset,0.06372875,631.48,303.07164586526864,0.9684,233.60257294597204
poker,fresh2,Talky_G,0.06372875,671.1,286.0030348030301,1.0136,227.50076941878376
poker,fresh2,Zart,0.06372875,905.45,898.605265235307,56.1636,1024.9934545662475
poker,fresh2,Apriori_Gen_Borgelt,0.01922275,170.8,169.23294849147766,0.9549,5.652858841722738
poker,fresh2,DefMe,0.01922275,1462.61,592.1022512234855,1.1959,156.1735876139658
poker,fresh2,Eclat_Gen_Borgelt,0.01922275,259.13,134.18700817134746,1.5146,2.128478577586303
poker,fresh2,FPgrowth_Gen_Borgelt,0.01922275,241.82,160.90663829183774,1.2839,1.7184008242479742
poker,fresh2,Gr_growth,0.01922275,159.44,15.801628727544859,2.4076,1.1930503626193254
poker,fresh2,Pascal,0.01922275,532.68,362.48522223032677,107.6686,861.018732742473
poker,fresh2,TalkyG_Diffset,0.01922275,866.11,304.55984994956066,1.195,218.82789767145906
poker,fresh2,Talky_G,0.01922275,863.31,290.0008241619208,1.1827,238.3242142624345
poker,fresh2,Zart,0.01922275,828.06,937.31808548469,167.588,1068.9148082460097
poker,fresh2,Apriori_Gen_Borgelt,0.00164075,172.75,166.66644694730698,1.7195,5.668590753880025
poker,fresh2,DefMe,0.00164075,1579.09,971.8724408145762,6.6882,154.3922263431866
poker,fresh2,Eclat_Gen_Borgelt,0.00164075,274.03,134.64205357689096,2.6697,2.131018840573316
poker,fresh2,FPgrowth_Gen_Borgelt,0.00164075,556.52,169.66261749709506,2.3188,1.7310302694055946
poker,fresh2,Gr_growth,0.00164075,171.08,21.371929320391068,3.454,1.1704203074800201
poker,fresh2,TalkyG_Diffset,0.00164075,1541.7,316.810588966176,5.1571,221.46586496074477
poker,fresh2,Talky_G,0.00164075,1566.52,308.9872966272944,4.2028,247.14251231521234
dota2,fresh3,Apriori_Gen_Borgelt,0.1415515380464112,11.73,15.307777486817495,0.0646,7.272875248851136
dota2,fresh3,Eclat_Gen_Borgelt,0.1415515380464112,11.79,19.05741307917334,0.0416,1.2497644637917638
dota2,fresh3,DefMe,0.1415515380464112,168.46,280.3882343943718,0.3528,86.25569860696535
dota2,fresh3,FPgrowth_Gen_Borgelt,0.1415515380464112,11.51,22.19411343635094,0.0416,0.7337542997620028
dota2,fresh3,Gr_growth,0.1415515380464112,13.89,14.829329799282034,0.0331,0.8976155350359608
dota2,fresh3,TalkyG_Diffset,0.1415515380464112,173.66,302.5376506562381,0.3724,180.6920969597916
dota2,fresh3,Pascal,0.1415515380464112,142.23,136.56431997480396,0.5603,827.6507664156244
dota2,fresh3,Talky_G,0.1415515380464112,171.47,226.1607858707587,0.423,150.98832747319744
dota2,fresh3,Zart,0.1415515380464112,181.8,275.29731506740484,0.5128,1332.5318257431693
dota2,fresh3,FGC_Stream,0.1415515380464112,138.71,87.60069111557718,547.8832,858.5493062921398
dota2,fresh3,Apriori_Gen_Borgelt,0.0582703723691311,17.81,15.906313360114536,0.0757,7.286503194269606
dota2,fresh3,DefMe,0.0582703723691311,167.32,328.97274976567587,0.3341,109.74597455398919
dota2,fresh3,Eclat_Gen_Borgelt,0.0582703723691311,25.41,20.813926741189288,0.0795,1.2547652151806528
dota2,fresh3,FPgrowth_Gen_Borgelt,0.0582703723691311,23.33,24.452530760330063,0.0661,0.7210052801191457
dota2,fresh3,Gr_growth,0.0582703723691311,25.05,15.003880889876857,0.0847,0.8959661915835799
dota2,fresh3,Pascal,0.0582703723691311,141.5,165.73455857175793,6.5542,935.0100413837341
dota2,fresh3,TalkyG_Diffset,0.0582703723691311,169.35,316.1000079905346,0.3494,180.7112540847916
dota2,fresh3,Talky_G,0.0582703723691311,167.41,233.8748156207989,0.3559,162.1963765110762
dota2,fresh3,Zart,0.0582703723691311,392.0,292.37275232040963,3.693,1453.3307017570578
dota2,fresh3,Apriori_Gen_Borgelt,0.0134565569347004,19.33,18.47324723252995,0.108,6.804865941491829
dota2,fresh3,DefMe,0.0134565569347004,377.94,444.1407941052291,0.4381,108.7030755639098
dota2,fresh3,Eclat_Gen_Borgelt,0.0134565569347004,32.94,24.563997204535887,0.1212,1.1234848873987122
dota2,fresh3,FPgrowth_Gen_Borgelt,0.0134565569347004,42.68,30.19580268353463,0.1482,0.725474495595336
dota2,fresh3,Gr_growth,0.0134565569347004,42.13,16.45906519076161,0.1933,0.78395669921345
dota2,fresh3,Pascal,0.0134565569347004,149.78,169.37330510898224,85.4347,1077.0832389311731
dota2,fresh3,TalkyG_Diffset,0.0134565569347004,201.92,319.900753236374,0.3722,179.7504384764402
dota2,fresh3,Talky_G,0.0134565569347004,175.9,237.0778856804875,0.3714,176.67785023686986
dota2,fresh3,Zart,0.0134565569347004,599.27,681.0634398140437,62.5532,1490.2706152703156
dota2,fresh3,Apriori_Gen_Borgelt,0.0037317862924986,20.48,20.392339005648658,0.1898,6.812368650023575
dota2,fresh3,DefMe,0.0037317862924986,650.18,607.6675505367289,0.7067,108.8621066262114
dota2,fresh3,Eclat_Gen_Borgelt,0.0037317862924986,40.07,30.304156382869788,0.1855,1.1264414646714396
dota2,fresh3,FPgrowth_Gen_Borgelt,0.0037317862924986,87.79,37.91593193211095,0.2911,0.7364925674431778
dota2,fresh3,Gr_growth,0.0037317862924986,44.72,17.960920998952332,0.3435,0.7997470003956012
dota2,fresh3,Pascal,0.0037317862924986,203.47,174.15945089966885,250.632,1202.559767002439
dota2,fresh3,TalkyG_Diffset,0.0037317862924986,822.82,331.516688129678,0.7319,182.4940859462815
dota2,fresh3,Talky_G,0.0037317862924986,644.79,246.1127491458892,0.6623,178.61461905433015
dota2,fresh3,Zart,0.0037317862924986,736.21,826.3585577536666,552.9712,1603.9156035568233
dota2,fresh3,Apriori_Gen_Borgelt,0.0007744198596869,30.3,27.044582954595555,0.5378,6.822406394269606
dota2,fresh3,DefMe,0.0007744198596869,1005.29,846.3812100958827,3.1639,160.75355327133232
dota2,fresh3,Eclat_Gen_Borgelt,0.0007744198596869,50.5,39.33374624845003,0.3754,1.1425285685675435
dota2,fresh3,FPgrowth_Gen_Borgelt,0.0007744198596869,172.92,46.87550355984137,0.4884,0.7504878218082571
dota2,fresh3,Gr_growth,0.0007744198596869,50.22,19.55486324778003,0.6007,0.8466937520370154
dota2,fresh3,TalkyG_Diffset,0.0007744198596869,792.1,369.5872884368592,4.4829,189.1835726784784
dota2,fresh3,Talky_G,0.0007744198596869,1070.29,264.18663593343894,4.0262,203.5865275134571
miniboone,fresh3,Apriori_Gen_Borgelt,0.1890434709066306,63.63,41.59220770760067,0.415,25.779985428645762
miniboone,fresh3,DefMe,0.1890434709066306,706.54,549.2589063301832,0.7061,282.2469931703866
miniboone,fresh3,Eclat_Gen_Borgelt,0.1890434709066306,115.18,87.01539336572985,0.7412,1.775121983243146
miniboone,fresh3,FPgrowth_Gen_Borgelt,0.1890434709066306,255.72,79.72559013400564,1.7427,1.1514995044927296
miniboone,fresh3,Gr_growth,0.1890434709066306,234.29,35.324436685076364,1.8091,1.5133120494699743
miniboone,fresh3,Pascal,0.1890434709066306,385.7,198.58842652632637,152.3592,1752.986350042467
miniboone,fresh3,TalkyG_Diffset,0.1890434709066306,536.38,284.35188650739696,0.92,398.63428439049414
miniboone,fresh3,Talky_G,0.1890434709066306,542.88,269.6097748363451,0.9003,305.84154039143465
miniboone,fresh3,Zart,0.1890434709066306,881.34,370.39043131352736,187.2846,2046.5766035130623
miniboone,fresh3,Apriori_Gen_Borgelt,0.1627256581375323,63.76,41.59220770760067,0.4151,25.78081923281243
miniboone,fresh3,DefMe,0.1627256581375323,612.24,549.2589063301832,0.6941,282.2469931703866
miniboone,fresh3,Eclat_Gen_Borgelt,0.1627256581375323,115.41,87.01539336572985,0.7559,1.775121983243146
miniboone,fresh3,FPgrowth_Gen_Borgelt,0.1627256581375323,256.09,79.72559013400564,2.1366,1.1514995044927296
miniboone,fresh3,Gr_growth,0.1627256581375323,234.29,35.324436685076364,1.8249,1.5121880097874347
miniboone,fresh3,Pascal,0.1627256581375323,396.13,200.14004539102984,147.1415,1761.377974988895
miniboone,fresh3,TalkyG_Diffset,0.1627256581375323,539.81,284.6995517983036,0.916,398.63428439049414
miniboone,fresh3,Talky_G,0.1627256581375323,547.05,269.93249101102276,0.9168,305.84154039143465
miniboone,fresh3,Zart,0.1627256581375323,884.59,376.74698844510993,189.7931,2053.962102805721
miniboone,fresh3,Apriori_Gen_Borgelt,0.0786516637962849,64.12,41.601584201676275,1.2167,25.781305706297278
miniboone,fresh3,DefMe,0.0786516637962849,868.57,565.0630269576912,0.8922,295.8657542578866
miniboone,fresh3,Eclat_Gen_Borgelt,0.0786516637962849,118.66,88.1420417567154,1.0347,1.8276572415764796
miniboone,fresh3,FPgrowth_Gen_Borgelt,0.0786516637962849,260.95,80.49277534313406,2.9473,1.1369885592546345
miniboone,fresh3,Gr_growth,0.0786516637962849,236.16,36.56952569584851,3.64,1.5084014145493394
miniboone,fresh3,Pascal,0.0786516637962849,388.55,232.77264031588234,170.2234,1779.637533426395
miniboone,fresh3,TalkyG_Diffset,0.0786516637962849,603.26,296.6141610501687,0.9413,398.6352692059703
miniboone,fresh3,Talky_G,0.0786516637962849,604.47,277.59508562632675,0.9324,340.68986952595844
miniboone,fresh3,Zart,0.0786516637962849,904.59,392.1360684752095,218.1192,2077.6689176209984
miniboone,fresh3,Apriori_Gen_Borgelt,0.0500196057325624,65.04,41.601584201676275,6.2937,25.781305706297278
miniboone,fresh3,DefMe,0.0500196057325624,1492.54,559.8194000293694,2.1032,311.78628702098183
miniboone,fresh3,Eclat_Gen_Borgelt,0.0500196057325624,131.32,88.64987487013205,2.5111,1.8276572415764796
miniboone,fresh3,FPgrowth_Gen_Borgelt,0.0500196057325624,708.73,80.65321130034334,4.3104,1.1395980009213011
miniboone,fresh3,Gr_growth,0.0500196057325624,252.69,37.10721236863657,5.1364,1.5101951062160062
miniboone,fresh3,TalkyG_Diffset,0.0500196057325624,891.24,297.9145595171448,1.2292,398.63538418097033
miniboone,fresh3,Talky_G,0.0500196057325624,883.24,280.1043964977902,1.1836,340.6900752672283
miniboone,fresh3,Pascal,0.0500196057325624,407.82,232.6222189259826,339.898,1789.3180099486174
miniboone,fresh3,Apriori_Gen_Borgelt,0.0366261994095214,72.0,41.82095863637875,20.7452,25.78147103963061
miniboone,fresh3,DefMe,0.0366261994095214,1482.61,564.0112652016263,6.1333,329.7797113543151
miniboone,fresh3,Eclat_Gen_Borgelt,0.0366261994095214,138.22,87.9762777027207,6.7618,1.7564751235209237
miniboone,fresh3,FPgrowth_Gen_Borgelt,0.0366261994095214,3588.29,80.76163106492827,15.2995,1.1404386675879676
miniboone,fresh3,Gr_growth,0.0366261994095214,275.06,39.69298682627799,16.063,1.5123471637556885
miniboone,fresh3,TalkyG_Diffset,0.0366261994095214,1438.66,298.9314825903068,3.8105,396.5446993153859
miniboone,fresh3,Talky_G,0.0366261994095214,1467.53,280.1063487678551,3.5192,350.97961127675205
power,fresh3,Apriori_Gen_Borgelt,0.219214919386321,159.17,184.84265826998586,0.4585,7.877581945319362
power,fresh3,DefMe,0.219214919386321,775.88,398.1030489692735,0.8448,183.91740076831383
power,fresh3,Eclat_Gen_Borgelt,0.219214919386321,159.28,120.69236700543743,0.4571,1.318569748588707
power,fresh3,FPgrowth_Gen_Borgelt,0.219214919386321,159.35,114.8523177310114,0.4311,1.3455986991095505
power,fresh3,Gr_growth,0.219214919386321,13.98,19.744151455627204,0.2759,0.7967979558920246
power,fresh3,Pascal,0.219214919386321,803.07,376.2572808722554,1.011,660.3779611018537
power,fresh3,TalkyG_Diffset,0.219214919386321,774.29,463.5269692819386,1.0881,233.10354468885555
power,fresh3,Talky_G,0.219214919386321,774.75,479.4433234782195,1.0542,186.19979064330644
power,fresh3,Zart,0.219214919386321,1166.18,844.4351907545723,1.6816,1062.052129243263
power,fresh3,Apriori_Gen_Borgelt,0.0564362849391005,159.17,190.69073419409506,0.5716,7.891768116351107
power,fresh3,DefMe,0.0564362849391005,971.52,490.98428226851576,0.9551,200.08678179589316
power,fresh3,Eclat_Gen_Borgelt,0.0564362849391005,159.18,132.02997646444746,0.5901,1.3218061531521992
power,fresh3,FPgrowth_Gen_Borgelt,0.0564362849391005,159.3,134.20840830776598,0.547,1.3676386300619316
power,fresh3,Gr_growth,0.0564362849391005,14.08,20.843380484550295,0.3213,0.85373456120338
power,fresh3,Pascal,0.0564362849391005,808.04,376.2883172347842,6.1521,769.4860568036938
power,fresh3,TalkyG_Diffset,0.0564362849391005,775.69,486.2592077690959,1.0227,263.14457561802226
power,fresh3,Talky_G,0.0564362849391005,782.07,481.99497908122726,1.0543,208.68747609886202
power,fresh3,Zart,0.0564362849391005,1947.6,868.0642262216481,17.0881,1236.631228210119
power,fresh3,Apriori_Gen_Borgelt,0.0136480861570893,159.19,189.5727702511095,0.5615,7.895909658017774
power,fresh3,DefMe,0.0136480861570893,1906.11,537.1763723412381,1.5253,213.93852770581378
power,fresh3,Eclat_Gen_Borgelt,0.0136480861570893,159.28,131.92202339764802,0.5823,1.2701896745807704
power,fresh3,FPgrowth_Gen_Borgelt,0.0136480861570893,159.28,127.97323460580388,0.5508,1.4026276431571694
power,fresh3,Gr_growth,0.0136480861570893,14.07,22.64599654489933,0.3248,0.8215811886023698
power,fresh3,Pascal,0.0136480861570893,809.05,374.9232674962013,18.9483,821.6062340532069
power,fresh3,TalkyG_Diffset,0.0136480861570893,1347.81,495.94493004921054,1.2834,248.35423840462033
power,fresh3,Talky_G,0.0136480861570893,1021.88,487.9731131599109,1.2043,233.92333395631013
power,fresh3,Zart,0.0136480861570893,1954.59,953.0614006932507,90.2973,1255.0159458446426
