set,dataset,sigma,objective,engine,probe,primary,old,reg_old,new,reg_new
confirm,chainstore_fim,9.951039984761208e-05,memory,comparison,True,False,Eclat_Gen_Borgelt,1.0,Eclat_Gen_Borgelt,1.0
confirm,chainstore_fim,9.951039984761208e-05,memory,comparison,False,False,Gr_growth,1.1189729810419466,Gr_growth,1.1189729810419466
confirm,chainstore_fim,9.951039984761208e-05,balanced,comparison,True,False,Eclat_Gen_Borgelt,1.0,Eclat_Gen_Borgelt,1.0
confirm,chainstore_fim,9.951039984761208e-05,balanced,comparison,False,False,Gr_growth,2.9021918468457097,Gr_growth,2.9021918468457097
confirm,chainstore_fim,9.951039984761208e-05,runtime,comparison,True,False,Eclat_Gen_Borgelt,1.0,Eclat_Gen_Borgelt,1.0
confirm,chainstore_fim,9.951039984761208e-05,runtime,comparison,False,False,Eclat_Gen_Borgelt,1.0,Eclat_Gen_Borgelt,1.0
confirm,chainstore_fim,0.0002244038136518,memory,comparison,True,False,Eclat_Gen_Borgelt,1.0,Eclat_Gen_Borgelt,1.0
confirm,chainstore_fim,0.0002244038136518,memory,comparison,False,False,Gr_growth,1.033630822812364,Gr_growth,1.033630822812364
confirm,chainstore_fim,0.0002244038136518,balanced,comparison,True,False,Eclat_Gen_Borgelt,1.0646893480843298,Eclat_Gen_Borgelt,1.0646893480843298
confirm,chainstore_fim,0.0002244038136518,balanced,comparison,False,False,Gr_growth,2.7469767702091565,Gr_growth,2.7469767702091565
confirm,chainstore_fim,0.0002244038136518,runtime,comparison,True,False,Eclat_Gen_Borgelt,1.2180748287370455,Eclat_Gen_Borgelt,1.2180748287370455
confirm,chainstore_fim,0.0002244038136518,runtime,comparison,False,False,Eclat_Gen_Borgelt,1.2180748287370455,Eclat_Gen_Borgelt,1.2180748287370455
confirm,chainstore_fim,0.0005370866050465,memory,comparison,True,False,Apriori_Gen_Borgelt,1.0,Apriori_Gen_Borgelt,1.0
confirm,chainstore_fim,0.0005370866050465,memory,comparison,False,False,Gr_growth,1.1752650176678445,Gr_growth,1.1752650176678445
confirm,chainstore_fim,0.0005370866050465,balanced,comparison,True,False,Gr_growth,2.0985183047929565,Gr_growth,2.0985183047929565
confirm,chainstore_fim,0.0005370866050465,balanced,comparison,False,False,Gr_growth,2.0985183047929565,Gr_growth,2.0985183047929565
confirm,chainstore_fim,0.0005370866050465,runtime,comparison,True,False,Eclat_Gen_Borgelt,1.0,Eclat_Gen_Borgelt,1.0
confirm,chainstore_fim,0.0005370866050465,runtime,comparison,False,False,Eclat_Gen_Borgelt,1.0,Eclat_Gen_Borgelt,1.0
confirm,chainstore_fim,0.0015038874198188,memory,comparison,True,False,Gr_growth,1.0,Gr_growth,1.0
confirm,chainstore_fim,0.0015038874198188,memory,comparison,False,False,Gr_growth,1.0,Gr_growth,1.0
confirm,chainstore_fim,0.0015038874198188,balanced,comparison,True,False,Gr_growth,1.2328063004111827,Gr_growth,1.2328063004111827
confirm,chainstore_fim,0.0015038874198188,balanced,comparison,False,False,Gr_growth,1.2328063004111827,Gr_growth,1.2328063004111827
confirm,chainstore_fim,0.0015038874198188,runtime,comparison,True,False,Eclat_Gen_Borgelt,1.051844171233891,Eclat_Gen_Borgelt,1.051844171233891
confirm,chainstore_fim,0.0015038874198188,runtime,comparison,False,False,Eclat_Gen_Borgelt,1.051844171233891,Eclat_Gen_Borgelt,1.051844171233891
confirm,chainstore_fim,0.0033943603884814,memory,comparison,True,False,Gr_growth,1.0,Gr_growth,1.0
confirm,chainstore_fim,0.0033943603884814,memory,comparison,False,False,Gr_growth,1.0,Gr_growth,1.0
confirm,chainstore_fim,0.0033943603884814,balanced,comparison,True,False,Gr_growth,1.0,Gr_growth,1.0
confirm,chainstore_fim,0.0033943603884814,balanced,comparison,False,False,Gr_growth,1.0,Gr_growth,1.0
confirm,chainstore_fim,0.0033943603884814,runtime,comparison,True,False,Eclat_Gen_Borgelt,1.2113330236878772,Eclat_Gen_Borgelt,1.2113330236878772
confirm,chainstore_fim,0.0033943603884814,runtime,comparison,False,False,Eclat_Gen_Borgelt,1.2113330236878772,Eclat_Gen_Borgelt,1.2113330236878772
confirm,fruithut,6.457108314557345e-05,memory,comparison,True,False,Apriori_Gen_Borgelt,1.0,Apriori_Gen_Borgelt,1.0
confirm,fruithut,6.457108314557345e-05,memory,comparison,False,False,Apriori_Gen_Borgelt,1.0,Apriori_Gen_Borgelt,1.0
confirm,fruithut,6.457108314557345e-05,balanced,comparison,True,False,Gr_growth,1.0428062601717665,Gr_growth,1.0428062601717665
confirm,fruithut,6.457108314557345e-05,balanced,comparison,False,False,Gr_growth,1.0428062601717665,Gr_growth,1.0428062601717665
confirm,fruithut,6.457108314557345e-05,runtime,comparison,True,False,FPgrowth_Gen_Borgelt,1.0805526590198122,FPgrowth_Gen_Borgelt,1.0805526590198122
confirm,fruithut,6.457108314557345e-05,runtime,comparison,False,False,FPgrowth_Gen_Borgelt,1.0805526590198122,FPgrowth_Gen_Borgelt,1.0805526590198122
confirm,fruithut,0.0003503324723855,memory,comparison,True,False,Apriori_Gen_Borgelt,1.0,Apriori_Gen_Borgelt,1.0
confirm,fruithut,0.0003503324723855,memory,comparison,False,False,Apriori_Gen_Borgelt,1.0,Apriori_Gen_Borgelt,1.0
confirm,fruithut,0.0003503324723855,balanced,comparison,True,False,Eclat_Gen_Borgelt,1.3974750713022606,Eclat_Gen_Borgelt,1.3974750713022606
confirm,fruithut,0.0003503324723855,balanced,comparison,False,False,Eclat_Gen_Borgelt,1.3974750713022606,Eclat_Gen_Borgelt,1.3974750713022606
confirm,fruithut,0.0003503324723855,runtime,comparison,True,False,Eclat_Gen_Borgelt,1.1618871415356151,Eclat_Gen_Borgelt,1.1618871415356151
confirm,fruithut,0.0003503324723855,runtime,comparison,False,False,Eclat_Gen_Borgelt,1.1618871415356151,Eclat_Gen_Borgelt,1.1618871415356151
confirm,fruithut,0.0015428367313293,memory,comparison,True,False,Apriori_Gen_Borgelt,1.0,Apriori_Gen_Borgelt,1.0
confirm,fruithut,0.0015428367313293,memory,comparison,False,False,Apriori_Gen_Borgelt,1.0,Apriori_Gen_Borgelt,1.0
confirm,fruithut,0.0015428367313293,balanced,comparison,True,False,Eclat_Gen_Borgelt,1.055020268901068,Eclat_Gen_Borgelt,1.055020268901068
confirm,fruithut,0.0015428367313293,balanced,comparison,False,False,Eclat_Gen_Borgelt,1.055020268901068,Eclat_Gen_Borgelt,1.055020268901068
confirm,fruithut,0.0015428367313293,runtime,comparison,True,False,FPgrowth_Gen_Borgelt,1.0,FPgrowth_Gen_Borgelt,1.0
confirm,fruithut,0.0015428367313293,runtime,comparison,False,False,FPgrowth_Gen_Borgelt,1.0,FPgrowth_Gen_Borgelt,1.0
confirm,fruithut,0.0058402483925921,memory,comparison,True,False,Apriori_Gen_Borgelt,1.0,Apriori_Gen_Borgelt,1.0
confirm,fruithut,0.0058402483925921,memory,comparison,False,False,Apriori_Gen_Borgelt,1.0,Apriori_Gen_Borgelt,1.0
confirm,fruithut,0.0058402483925921,balanced,comparison,True,False,Eclat_Gen_Borgelt,1.2685398307171212,Eclat_Gen_Borgelt,1.2685398307171212
confirm,fruithut,0.0058402483925921,balanced,comparison,False,False,Eclat_Gen_Borgelt,1.2685398307171212,Eclat_Gen_Borgelt,1.2685398307171212
confirm,fruithut,0.0058402483925921,runtime,comparison,True,False,FPgrowth_Gen_Borgelt,1.0947176684881603,FPgrowth_Gen_Borgelt,1.0947176684881603
confirm,fruithut,0.0058402483925921,runtime,comparison,False,False,FPgrowth_Gen_Borgelt,1.0947176684881603,FPgrowth_Gen_Borgelt,1.0947176684881603
confirm,fruithut,0.0140888608012309,memory,comparison,True,False,Apriori_Gen_Borgelt,1.0,Apriori_Gen_Borgelt,1.0
confirm,fruithut,0.0140888608012309,memory,comparison,False,False,Apriori_Gen_Borgelt,1.0,Apriori_Gen_Borgelt,1.0
confirm,fruithut,0.0140888608012309,balanced,comparison,True,False,FPgrowth_Gen_Borgelt,1.1358540730368756,FPgrowth_Gen_Borgelt,1.1358540730368756
confirm,fruithut,0.0140888608012309,balanced,comparison,False,False,Eclat_Gen_Borgelt,1.299485197631722,Eclat_Gen_Borgelt,1.299485197631722
confirm,fruithut,0.0140888608012309,runtime,comparison,True,False,FPgrowth_Gen_Borgelt,1.0043290043290043,FPgrowth_Gen_Borgelt,1.0043290043290043
confirm,fruithut,0.0140888608012309,runtime,comparison,False,False,FPgrowth_Gen_Borgelt,1.0043290043290043,FPgrowth_Gen_Borgelt,1.0043290043290043
confirm,instacart,0.0002267374951413,memory,comparison,True,False,Eclat_Gen_Borgelt,1.0,Eclat_Gen_Borgelt,1.0
confirm,instacart,0.0002267374951413,memory,comparison,False,False,Apriori_Gen_Borgelt,2.707980791218843,Apriori_Gen_Borgelt,2.707980791218843
confirm,instacart,0.0002267374951413,balanced,comparison,True,False,Eclat_Gen_Borgelt,1.0,Eclat_Gen_Borgelt,1.0
confirm,instacart,0.0002267374951413,balanced,comparison,False,False,Eclat_Gen_Borgelt,1.0,Eclat_Gen_Borgelt,1.0
confirm,instacart,0.0002267374951413,runtime,comparison,True,False,Eclat_Gen_Borgelt,1.0,Eclat_Gen_Borgelt,1.0
confirm,instacart,0.0002267374951413,runtime,comparison,False,False,Eclat_Gen_Borgelt,1.0,Eclat_Gen_Borgelt,1.0
confirm,instacart,0.0005849446303226,memory,comparison,True,False,Eclat_Gen_Borgelt,1.0,Eclat_Gen_Borgelt,1.0
confirm,instacart,0.0005849446303226,memory,comparison,False,False,Apriori_Gen_Borgelt,1.1571271326362134,Apriori_Gen_Borgelt,1.1571271326362134
confirm,instacart,0.0005849446303226,balanced,comparison,True,False,Eclat_Gen_Borgelt,1.0,Eclat_Gen_Borgelt,1.0
confirm,instacart,0.0005849446303226,balanced,comparison,False,False,Eclat_Gen_Borgelt,1.0,Eclat_Gen_Borgelt,1.0
confirm,instacart,0.0005849446303226,runtime,comparison,True,False,Eclat_Gen_Borgelt,1.0,Eclat_Gen_Borgelt,1.0
confirm,instacart,0.0005849446303226,runtime,comparison,False,False,Eclat_Gen_Borgelt,1.0,Eclat_Gen_Borgelt,1.0
confirm,instacart,0.0016062160370096,memory,comparison,True,False,Apriori_Gen_Borgelt,1.0,Apriori_Gen_Borgelt,1.0
confirm,instacart,0.0016062160370096,memory,comparison,False,False,Apriori_Gen_Borgelt,1.0,Apriori_Gen_Borgelt,1.0
confirm,instacart,0.0016062160370096,balanced,comparison,True,False,Eclat_Gen_Borgelt,1.215724654833742,Eclat_Gen_Borgelt,1.215724654833742
confirm,instacart,0.0016062160370096,balanced,comparison,False,False,Eclat_Gen_Borgelt,1.215724654833742,Eclat_Gen_Borgelt,1.215724654833742
confirm,instacart,0.0016062160370096,runtime,comparison,True,False,Eclat_Gen_Borgelt,1.0399373531714957,Eclat_Gen_Borgelt,1.0399373531714957
confirm,instacart,0.0016062160370096,runtime,comparison,False,False,Eclat_Gen_Borgelt,1.0399373531714957,Eclat_Gen_Borgelt,1.0399373531714957
confirm,instacart,0.0051044516763331,memory,comparison,True,False,Apriori_Gen_Borgelt,1.0,Apriori_Gen_Borgelt,1.0
confirm,instacart,0.0051044516763331,memory,comparison,False,False,Apriori_Gen_Borgelt,1.0,Apriori_Gen_Borgelt,1.0
confirm,instacart,0.0051044516763331,balanced,comparison,True,False,Eclat_Gen_Borgelt,1.1830414661349618,Eclat_Gen_Borgelt,1.1830414661349618
confirm,instacart,0.0051044516763331,balanced,comparison,False,False,Eclat_Gen_Borgelt,1.1830414661349618,Eclat_Gen_Borgelt,1.1830414661349618
confirm,instacart,0.0051044516763331,runtime,comparison,True,False,Eclat_Gen_Borgelt,1.050485436893204,Eclat_Gen_Borgelt,1.050485436893204
confirm,instacart,0.0051044516763331,runtime,comparison,False,False,Eclat_Gen_Borgelt,1.050485436893204,Eclat_Gen_Borgelt,1.050485436893204
confirm,instacart,0.0124896158037939,memory,comparison,True,False,Gr_growth,1.0173711638679792,Gr_growth,1.0173711638679792
confirm,instacart,0.0124896158037939,memory,comparison,False,False,Apriori_Gen_Borgelt,1.0,Apriori_Gen_Borgelt,1.0
confirm,instacart,0.0124896158037939,balanced,comparison,True,False,Eclat_Gen_Borgelt,1.2310718291820253,Eclat_Gen_Borgelt,1.2310718291820253
confirm,instacart,0.0124896158037939,balanced,comparison,False,False,Eclat_Gen_Borgelt,1.2310718291820253,Eclat_Gen_Borgelt,1.2310718291820253
confirm,instacart,0.0124896158037939,runtime,comparison,True,False,Eclat_Gen_Borgelt,1.2938775510204084,Eclat_Gen_Borgelt,1.2938775510204084
confirm,instacart,0.0124896158037939,runtime,comparison,False,False,Eclat_Gen_Borgelt,1.2938775510204084,Eclat_Gen_Borgelt,1.2938775510204084
confirm,skin,0.0023535340757456,memory,comparison,True,False,Gr_growth,1.0,Gr_growth,1.0
confirm,skin,0.0023535340757456,memory,comparison,False,False,Gr_growth,1.0,Gr_growth,1.0
confirm,skin,0.0023535340757456,balanced,comparison,True,False,Gr_growth,1.0,Gr_growth,1.0
confirm,skin,0.0023535340757456,balanced,comparison,False,False,Gr_growth,1.0,Gr_growth,1.0
confirm,skin,0.0023535340757456,runtime,comparison,True,False,Gr_growth,1.0028818443804033,Gr_growth,1.0028818443804033
confirm,skin,0.0023535340757456,runtime,comparison,False,False,Gr_growth,1.0028818443804033,Gr_growth,1.0028818443804033
confirm,skin,0.2363562354880701,memory,comparison,True,False,Gr_growth,1.0,Gr_growth,1.0
confirm,skin,0.2363562354880701,memory,comparison,False,False,Gr_growth,1.0,Gr_growth,1.0
confirm,skin,0.2363562354880701,balanced,comparison,True,False,Gr_growth,1.0,Gr_growth,1.0
confirm,skin,0.2363562354880701,balanced,comparison,False,False,Gr_growth,1.0,Gr_growth,1.0
confirm,skin,0.2363562354880701,runtime,comparison,True,False,Gr_growth,1.0,Gr_growth,1.0
confirm,skin,0.2363562354880701,runtime,comparison,False,False,Gr_growth,1.0,Gr_growth,1.0
confirm,t20i6d100k,0.0022092231940913,memory,comparison,True,False,Apriori_Gen_Borgelt,1.0,Apriori_Gen_Borgelt,1.0
confirm,t20i6d100k,0.0022092231940913,memory,comparison,False,False,Apriori_Gen_Borgelt,1.0,Apriori_Gen_Borgelt,1.0
confirm,t20i6d100k,0.0022092231940913,balanced,comparison,True,False,Eclat_Gen_Borgelt,1.0,Eclat_Gen_Borgelt,1.0
confirm,t20i6d100k,0.0022092231940913,balanced,comparison,False,False,Eclat_Gen_Borgelt,1.0,Eclat_Gen_Borgelt,1.0
confirm,t20i6d100k,0.0022092231940913,runtime,comparison,True,False,FPgrowth_Gen_Borgelt,2.0333471416735707,FPgrowth_Gen_Borgelt,2.0333471416735707
confirm,t20i6d100k,0.0022092231940913,runtime,comparison,False,False,FPgrowth_Gen_Borgelt,2.0333471416735707,FPgrowth_Gen_Borgelt,2.0333471416735707
confirm,t20i6d100k,0.0050614479293849,memory,comparison,True,False,Apriori_Gen_Borgelt,1.0,Apriori_Gen_Borgelt,1.0
confirm,t20i6d100k,0.0050614479293849,memory,comparison,False,False,Apriori_Gen_Borgelt,1.0,Apriori_Gen_Borgelt,1.0
confirm,t20i6d100k,0.0050614479293849,balanced,comparison,True,False,Eclat_Gen_Borgelt,1.0,Eclat_Gen_Borgelt,1.0
confirm,t20i6d100k,0.0050614479293849,balanced,comparison,False,False,Eclat_Gen_Borgelt,1.0,Eclat_Gen_Borgelt,1.0
confirm,t20i6d100k,0.0050614479293849,runtime,comparison,True,False,FPgrowth_Gen_Borgelt,2.1791044776119404,FPgrowth_Gen_Borgelt,2.1791044776119404
confirm,t20i6d100k,0.0050614479293849,runtime,comparison,False,False,FPgrowth_Gen_Borgelt,2.1791044776119404,FPgrowth_Gen_Borgelt,2.1791044776119404
confirm,t20i6d100k,0.0090045235283521,memory,comparison,True,False,Apriori_Gen_Borgelt,1.0,Apriori_Gen_Borgelt,1.0
confirm,t20i6d100k,0.0090045235283521,memory,comparison,False,False,Apriori_Gen_Borgelt,1.0,Apriori_Gen_Borgelt,1.0
confirm,t20i6d100k,0.0090045235283521,balanced,comparison,True,False,Eclat_Gen_Borgelt,1.1836645445006957,Eclat_Gen_Borgelt,1.1836645445006957
confirm,t20i6d100k,0.0090045235283521,balanced,comparison,False,False,FPgrowth_Gen_Borgelt,2.404908067933635,FPgrowth_Gen_Borgelt,2.404908067933635
confirm,t20i6d100k,0.0090045235283521,runtime,comparison,True,False,FPgrowth_Gen_Borgelt,2.301285634432644,FPgrowth_Gen_Borgelt,2.301285634432644
confirm,t20i6d100k,0.0090045235283521,runtime,comparison,False,False,FPgrowth_Gen_Borgelt,2.301285634432644,FPgrowth_Gen_Borgelt,2.301285634432644
confirm,t20i6d100k,0.0145488481015191,memory,comparison,True,False,Apriori_Gen_Borgelt,1.0,Apriori_Gen_Borgelt,1.0
confirm,t20i6d100k,0.0145488481015191,memory,comparison,False,False,Apriori_Gen_Borgelt,1.0,Apriori_Gen_Borgelt,1.0
confirm,t20i6d100k,0.0145488481015191,balanced,comparison,True,False,Eclat_Gen_Borgelt,1.3701462015043988,Eclat_Gen_Borgelt,1.3701462015043988
confirm,t20i6d100k,0.0145488481015191,balanced,comparison,False,False,FPgrowth_Gen_Borgelt,2.635930629308092,FPgrowth_Gen_Borgelt,2.635930629308092
confirm,t20i6d100k,0.0145488481015191,runtime,comparison,True,False,FPgrowth_Gen_Borgelt,2.528755364806867,FPgrowth_Gen_Borgelt,2.528755364806867
confirm,t20i6d100k,0.0145488481015191,runtime,comparison,False,False,FPgrowth_Gen_Borgelt,2.528755364806867,FPgrowth_Gen_Borgelt,2.528755364806867
confirm,t20i6d100k,0.0196027901763375,memory,comparison,True,False,Apriori_Gen_Borgelt,1.0,Apriori_Gen_Borgelt,1.0
confirm,t20i6d100k,0.0196027901763375,memory,comparison,False,False,Apriori_Gen_Borgelt,1.0,Apriori_Gen_Borgelt,1.0
confirm,t20i6d100k,0.0196027901763375,balanced,comparison,True,False,Eclat_Gen_Borgelt,1.3536076976107225,Eclat_Gen_Borgelt,1.3536076976107225
confirm,t20i6d100k,0.0196027901763375,balanced,comparison,False,False,FPgrowth_Gen_Borgelt,2.425740232346031,FPgrowth_Gen_Borgelt,2.425740232346031
confirm,t20i6d100k,0.0196027901763375,runtime,comparison,True,False,FPgrowth_Gen_Borgelt,2.2898686679174487,FPgrowth_Gen_Borgelt,2.2898686679174487
confirm,t20i6d100k,0.0196027901763375,runtime,comparison,False,False,FPgrowth_Gen_Borgelt,2.2898686679174487,FPgrowth_Gen_Borgelt,2.2898686679174487
hard,liquor,0.0002253937196677,memory,comparison,True,False,Apriori_Gen_Borgelt,1.0,Apriori_Gen_Borgelt,1.0
hard,liquor,0.0002253937196677,memory,comparison,False,False,Gr_growth,1.4305684995340167,Gr_growth,1.4305684995340167
hard,liquor,0.0002253937196677,balanced,comparison,True,False,Eclat_Gen_Borgelt,1.045269378566792,Eclat_Gen_Borgelt,1.045269378566792
hard,liquor,0.0002253937196677,balanced,comparison,False,False,Gr_growth,1.2799058094914124,Gr_growth,1.2799058094914124
hard,liquor,0.0002253937196677,runtime,comparison,True,False,FPgrowth_Gen_Borgelt,1.006340579710145,FPgrowth_Gen_Borgelt,1.006340579710145
hard,liquor,0.0002253937196677,runtime,comparison,False,False,FPgrowth_Gen_Borgelt,1.006340579710145,FPgrowth_Gen_Borgelt,1.006340579710145
hard,liquor,0.0009543266002954,memory,comparison,True,False,Apriori_Gen_Borgelt,1.0,Apriori_Gen_Borgelt,1.0
hard,liquor,0.0009543266002954,memory,comparison,False,False,Gr_growth,2.395509499136442,Gr_growth,2.395509499136442
hard,liquor,0.0009543266002954,balanced,comparison,True,False,Eclat_Gen_Borgelt,1.3710425576885135,Eclat_Gen_Borgelt,1.3710425576885135
hard,liquor,0.0009543266002954,balanced,comparison,False,False,Gr_growth,1.7743370296922427,Gr_growth,1.7743370296922427
hard,liquor,0.0009543266002954,runtime,comparison,True,False,Eclat_Gen_Borgelt,1.088379705400982,Eclat_Gen_Borgelt,1.088379705400982
hard,liquor,0.0009543266002954,runtime,comparison,False,False,Eclat_Gen_Borgelt,1.088379705400982,Eclat_Gen_Borgelt,1.088379705400982
hard,mooc_set,0.0002998727812443,memory,comparison,True,False,Gr_growth,1.0,Gr_growth,1.0
hard,mooc_set,0.0002998727812443,memory,comparison,False,False,Apriori_Gen_Borgelt,10.0,Apriori_Gen_Borgelt,10.0
hard,mooc_set,0.0002998727812443,balanced,comparison,True,False,Gr_growth,1.0,Gr_growth,1.0
hard,mooc_set,0.0002998727812443,balanced,comparison,False,False,FPgrowth_Gen_Borgelt,2.1071987513815458,FPgrowth_Gen_Borgelt,2.1071987513815458
hard,mooc_set,0.0002998727812443,runtime,comparison,True,False,FPgrowth_Gen_Borgelt,2.2619047347215577,FPgrowth_Gen_Borgelt,2.2619047347215577
hard,mooc_set,0.0002998727812443,runtime,comparison,False,False,FPgrowth_Gen_Borgelt,2.2619047347215577,FPgrowth_Gen_Borgelt,2.2619047347215577
hard,mooc_set,0.0008208638759314,memory,comparison,True,False,Gr_growth,1.0,Gr_growth,1.0
hard,mooc_set,0.0008208638759314,memory,comparison,False,False,Apriori_Gen_Borgelt,1.7329257808768745,Apriori_Gen_Borgelt,1.7329257808768745
hard,mooc_set,0.0008208638759314,balanced,comparison,True,False,Gr_growth,1.0,Gr_growth,1.0
hard,mooc_set,0.0008208638759314,balanced,comparison,False,False,Eclat_Gen_Borgelt,1.4419214240612437,Eclat_Gen_Borgelt,1.4419214240612437
hard,mooc_set,0.0008208638759314,runtime,comparison,True,False,FPgrowth_Gen_Borgelt,1.0356021918602845,FPgrowth_Gen_Borgelt,1.0356021918602845
hard,mooc_set,0.0008208638759314,runtime,comparison,False,False,FPgrowth_Gen_Borgelt,1.0356021918602845,FPgrowth_Gen_Borgelt,1.0356021918602845
hard,sign_set,0.0407534246575342,memory,comparison,True,False,Eclat_Gen_Borgelt,1.0,Eclat_Gen_Borgelt,1.0
hard,sign_set,0.0407534246575342,memory,comparison,False,False,Apriori_Gen_Borgelt,1.8589981447124304,Apriori_Gen_Borgelt,1.8589981447124304
hard,sign_set,0.0407534246575342,balanced,comparison,True,False,Eclat_Gen_Borgelt,1.0,Eclat_Gen_Borgelt,1.0
hard,sign_set,0.0407534246575342,balanced,comparison,False,False,Gr_growth,1.8287091138936473,Gr_growth,1.8287091138936473
hard,sign_set,0.0407534246575342,runtime,comparison,True,False,Eclat_Gen_Borgelt,1.0,Eclat_Gen_Borgelt,1.0
hard,sign_set,0.0407534246575342,runtime,comparison,False,False,Eclat_Gen_Borgelt,1.0,Eclat_Gen_Borgelt,1.0
hard,sign_set,0.0503424657534246,memory,comparison,True,False,Apriori_Gen_Borgelt,1.0,Apriori_Gen_Borgelt,1.0
hard,sign_set,0.0503424657534246,memory,comparison,False,False,Gr_growth,3.7233009708737863,Gr_growth,3.7233009708737863
hard,sign_set,0.0503424657534246,balanced,comparison,True,False,Eclat_Gen_Borgelt,1.0,Eclat_Gen_Borgelt,1.0
hard,sign_set,0.0503424657534246,balanced,comparison,False,False,Gr_growth,2.5881827517259826,Gr_growth,2.5881827517259826
hard,sign_set,0.0503424657534246,runtime,comparison,True,False,Eclat_Gen_Borgelt,1.0,Eclat_Gen_Borgelt,1.0
hard,sign_set,0.0503424657534246,runtime,comparison,False,False,Eclat_Gen_Borgelt,1.0,Eclat_Gen_Borgelt,1.0
fresh,bike_set,0.0014588670651864,memory,comparison,True,False,Apriori_Gen_Borgelt,1.0,Apriori_Gen_Borgelt,1.0
fresh,bike_set,0.0014588670651864,memory,comparison,False,False,Apriori_Gen_Borgelt,1.0,Apriori_Gen_Borgelt,1.0
fresh,bike_set,0.0014588670651864,balanced,comparison,True,False,Gr_growth,1.8161939534098772,Gr_growth,1.8161939534098772
fresh,bike_set,0.0014588670651864,balanced,comparison,False,False,Gr_growth,1.8161939534098772,Gr_growth,1.8161939534098772
fresh,bike_set,0.0014588670651864,runtime,comparison,True,False,Gr_growth,1.416289592760181,Gr_growth,1.416289592760181
fresh,bike_set,0.0014588670651864,runtime,comparison,False,False,Gr_growth,1.416289592760181,Gr_growth,1.416289592760181
fresh,bike_set,0.006962235506215,memory,comparison,True,False,Apriori_Gen_Borgelt,1.0,Apriori_Gen_Borgelt,1.0
fresh,bike_set,0.006962235506215,memory,comparison,False,False,Apriori_Gen_Borgelt,1.0,Apriori_Gen_Borgelt,1.0
fresh,bike_set,0.006962235506215,balanced,comparison,True,False,Eclat_Gen_Borgelt,1.2073408622555428,Eclat_Gen_Borgelt,1.2073408622555428
fresh,bike_set,0.006962235506215,balanced,comparison,False,False,FPgrowth_Gen_Borgelt,1.670772313875669,FPgrowth_Gen_Borgelt,1.670772313875669
fresh,bike_set,0.006962235506215,runtime,comparison,True,False,Gr_growth,1.1578947368421053,Gr_growth,1.1578947368421053
fresh,bike_set,0.006962235506215,runtime,comparison,False,False,Gr_growth,1.1578947368421053,Gr_growth,1.1578947368421053
fresh,bike_set,0.0338623209033115,memory,comparison,True,False,Apriori_Gen_Borgelt,1.0,Apriori_Gen_Borgelt,1.0
fresh,bike_set,0.0338623209033115,memory,comparison,False,False,Apriori_Gen_Borgelt,1.0,Apriori_Gen_Borgelt,1.0
fresh,bike_set,0.0338623209033115,balanced,comparison,True,False,FPgrowth_Gen_Borgelt,1.113852864055651,FPgrowth_Gen_Borgelt,1.113852864055651
fresh,bike_set,0.0338623209033115,balanced,comparison,False,False,Gr_growth,2.0518220358710715,Gr_growth,2.0518220358710715
fresh,bike_set,0.0338623209033115,runtime,comparison,True,False,Gr_growth,1.3388429752066116,Gr_growth,1.3388429752066116
fresh,bike_set,0.0338623209033115,runtime,comparison,False,False,Gr_growth,1.3388429752066116,Gr_growth,1.3388429752066116
fresh,bike_set,0.0555436948477085,memory,comparison,True,False,Apriori_Gen_Borgelt,1.0,Apriori_Gen_Borgelt,1.0
fresh,bike_set,0.0555436948477085,memory,comparison,False,False,Apriori_Gen_Borgelt,1.0,Apriori_Gen_Borgelt,1.0
fresh,bike_set,0.0555436948477085,balanced,comparison,True,False,FPgrowth_Gen_Borgelt,1.0408587110460061,FPgrowth_Gen_Borgelt,1.0408587110460061
fresh,bike_set,0.0555436948477085,balanced,comparison,False,False,Gr_growth,2.16490170764718,Gr_growth,2.16490170764718
fresh,bike_set,0.0555436948477085,runtime,comparison,True,False,Gr_growth,1.6666666666666667,Gr_growth,1.6666666666666667
fresh,bike_set,0.0555436948477085,runtime,comparison,False,False,Gr_growth,1.6666666666666667,Gr_growth,1.6666666666666667
fresh,ecommerce_fim,0.0007178631051752,memory,comparison,True,False,Eclat_Gen_Borgelt,1.0,Eclat_Gen_Borgelt,1.0
fresh,ecommerce_fim,0.0007178631051752,memory,comparison,False,False,Apriori_Gen_Borgelt,1.1289566236811257,Apriori_Gen_Borgelt,1.1289566236811257
fresh,ecommerce_fim,0.0007178631051752,balanced,comparison,True,False,Eclat_Gen_Borgelt,1.0,Eclat_Gen_Borgelt,1.0
fresh,ecommerce_fim,0.0007178631051752,balanced,comparison,False,False,Eclat_Gen_Borgelt,1.0,Eclat_Gen_Borgelt,1.0
fresh,ecommerce_fim,0.0007178631051752,runtime,comparison,True,False,FPgrowth_Gen_Borgelt,1.0861723446893787,FPgrowth_Gen_Borgelt,1.0861723446893787
fresh,ecommerce_fim,0.0007178631051752,runtime,comparison,False,False,FPgrowth_Gen_Borgelt,1.0861723446893787,FPgrowth_Gen_Borgelt,1.0861723446893787
fresh,ecommerce_fim,0.001118530884808,memory,comparison,True,False,Apriori_Gen_Borgelt,1.0,Apriori_Gen_Borgelt,1.0
fresh,ecommerce_fim,0.001118530884808,memory,comparison,False,False,Apriori_Gen_Borgelt,1.0,Apriori_Gen_Borgelt,1.0
fresh,ecommerce_fim,0.001118530884808,balanced,comparison,True,False,FPgrowth_Gen_Borgelt,1.0329293565994295,FPgrowth_Gen_Borgelt,1.0329293565994295
fresh,ecommerce_fim,0.001118530884808,balanced,comparison,False,False,FPgrowth_Gen_Borgelt,1.0329293565994295,FPgrowth_Gen_Borgelt,1.0329293565994295
fresh,ecommerce_fim,0.001118530884808,runtime,comparison,True,False,FPgrowth_Gen_Borgelt,1.0,FPgrowth_Gen_Borgelt,1.0
fresh,ecommerce_fim,0.001118530884808,runtime,comparison,False,False,FPgrowth_Gen_Borgelt,1.0,FPgrowth_Gen_Borgelt,1.0
fresh,ecommerce_fim,0.002787979966611,memory,comparison,True,False,Apriori_Gen_Borgelt,1.0,Apriori_Gen_Borgelt,1.0
fresh,ecommerce_fim,0.002787979966611,memory,comparison,False,False,Apriori_Gen_Borgelt,1.0,Apriori_Gen_Borgelt,1.0
fresh,ecommerce_fim,0.002787979966611,balanced,comparison,True,False,FPgrowth_Gen_Borgelt,1.3178921066282465,FPgrowth_Gen_Borgelt,1.3178921066282465
fresh,ecommerce_fim,0.002787979966611,balanced,comparison,False,False,FPgrowth_Gen_Borgelt,1.3178921066282465,FPgrowth_Gen_Borgelt,1.3178921066282465
fresh,ecommerce_fim,0.002787979966611,runtime,comparison,True,False,FPgrowth_Gen_Borgelt,1.3697916666666667,FPgrowth_Gen_Borgelt,1.3697916666666667
fresh,ecommerce_fim,0.002787979966611,runtime,comparison,False,False,FPgrowth_Gen_Borgelt,1.3697916666666667,FPgrowth_Gen_Borgelt,1.3697916666666667
fresh,ecommerce_fim,0.0079966611018363,memory,comparison,True,False,Apriori_Gen_Borgelt,1.0,Apriori_Gen_Borgelt,1.0
fresh,ecommerce_fim,0.0079966611018363,memory,comparison,False,False,Eclat_Gen_Borgelt,1.2366863905325443,Eclat_Gen_Borgelt,1.2366863905325443
fresh,ecommerce_fim,0.0079966611018363,balanced,comparison,True,False,FPgrowth_Gen_Borgelt,1.1992163455024605,FPgrowth_Gen_Borgelt,1.1992163455024605
fresh,ecommerce_fim,0.0079966611018363,balanced,comparison,False,False,FPgrowth_Gen_Borgelt,1.1992163455024605,FPgrowth_Gen_Borgelt,1.1992163455024605
fresh,ecommerce_fim,0.0079966611018363,runtime,comparison,True,False,FPgrowth_Gen_Borgelt,1.0909090909090908,FPgrowth_Gen_Borgelt,1.0909090909090908
fresh,ecommerce_fim,0.0079966611018363,runtime,comparison,False,False,FPgrowth_Gen_Borgelt,1.0909090909090908,FPgrowth_Gen_Borgelt,1.0909090909090908
fresh,ecommerce_fim,0.0150751252086811,memory,comparison,True,False,Apriori_Gen_Borgelt,1.0,Apriori_Gen_Borgelt,1.0
fresh,ecommerce_fim,0.0150751252086811,memory,comparison,False,False,Eclat_Gen_Borgelt,1.2494331065759636,Eclat_Gen_Borgelt,1.2494331065759636
fresh,ecommerce_fim,0.0150751252086811,balanced,comparison,True,False,FPgrowth_Gen_Borgelt,1.0797600369111227,FPgrowth_Gen_Borgelt,1.0797600369111227
fresh,ecommerce_fim,0.0150751252086811,balanced,comparison,False,False,FPgrowth_Gen_Borgelt,1.0797600369111227,FPgrowth_Gen_Borgelt,1.0797600369111227
fresh,ecommerce_fim,0.0150751252086811,runtime,comparison,True,False,FPgrowth_Gen_Borgelt,1.0,FPgrowth_Gen_Borgelt,1.0
fresh,ecommerce_fim,0.0150751252086811,runtime,comparison,False,False,FPgrowth_Gen_Borgelt,1.0,FPgrowth_Gen_Borgelt,1.0
fresh,fifa_set,0.341161369193154,memory,comparison,True,False,Apriori_Gen_Borgelt,1.0,Apriori_Gen_Borgelt,1.0
fresh,fifa_set,0.341161369193154,memory,comparison,False,False,Apriori_Gen_Borgelt,1.0,Apriori_Gen_Borgelt,1.0
fresh,fifa_set,0.341161369193154,balanced,comparison,True,False,FPgrowth_Gen_Borgelt,1.105979154735921,FPgrowth_Gen_Borgelt,1.105979154735921
fresh,fifa_set,0.341161369193154,balanced,comparison,False,False,FPgrowth_Gen_Borgelt,1.105979154735921,FPgrowth_Gen_Borgelt,1.105979154735921
fresh,fifa_set,0.341161369193154,runtime,comparison,True,False,FPgrowth_Gen_Borgelt,1.5508021390374331,FPgrowth_Gen_Borgelt,1.5508021390374331
fresh,fifa_set,0.341161369193154,runtime,comparison,False,False,FPgrowth_Gen_Borgelt,1.5508021390374331,FPgrowth_Gen_Borgelt,1.5508021390374331
fresh,fifa_set,0.3596943765281173,memory,comparison,True,False,FPgrowth_Gen_Borgelt,1.0241691842900302,FPgrowth_Gen_Borgelt,1.0241691842900302
fresh,fifa_set,0.3596943765281173,memory,comparison,False,False,Apriori_Gen_Borgelt,1.0030211480362536,Apriori_Gen_Borgelt,1.0030211480362536
fresh,fifa_set,0.3596943765281173,balanced,comparison,True,False,FPgrowth_Gen_Borgelt,1.135471457400056,FPgrowth_Gen_Borgelt,1.135471457400056
fresh,fifa_set,0.3596943765281173,balanced,comparison,False,False,FPgrowth_Gen_Borgelt,1.135471457400056,FPgrowth_Gen_Borgelt,1.135471457400056
fresh,fifa_set,0.3596943765281173,runtime,comparison,True,False,FPgrowth_Gen_Borgelt,1.262672811059908,FPgrowth_Gen_Borgelt,1.262672811059908
fresh,fifa_set,0.3596943765281173,runtime,comparison,False,False,FPgrowth_Gen_Borgelt,1.262672811059908,FPgrowth_Gen_Borgelt,1.262672811059908
fresh,microblog_set,0.032051282051282,memory,comparison,True,False,Gr_growth,1.0,Gr_growth,1.0
fresh,microblog_set,0.032051282051282,memory,comparison,False,False,Apriori_Gen_Borgelt,1.8490923740461631,Apriori_Gen_Borgelt,1.8490923740461631
fresh,microblog_set,0.032051282051282,balanced,comparison,True,False,Gr_growth,1.0,Gr_growth,1.0
fresh,microblog_set,0.032051282051282,balanced,comparison,False,False,FPgrowth_Gen_Borgelt,1.1369710547509828,FPgrowth_Gen_Borgelt,1.1369710547509828
fresh,microblog_set,0.032051282051282,runtime,comparison,True,False,FPgrowth_Gen_Borgelt,1.0,FPgrowth_Gen_Borgelt,1.0
fresh,microblog_set,0.032051282051282,runtime,comparison,False,False,FPgrowth_Gen_Borgelt,1.0,FPgrowth_Gen_Borgelt,1.0
fresh,microblog_set,0.0623543123543123,memory,comparison,True,False,Apriori_Gen_Borgelt,1.0,Apriori_Gen_Borgelt,1.0
fresh,microblog_set,0.0623543123543123,memory,comparison,False,False,Apriori_Gen_Borgelt,1.0,Apriori_Gen_Borgelt,1.0
fresh,microblog_set,0.0623543123543123,balanced,comparison,True,False,FPgrowth_Gen_Borgelt,1.0,FPgrowth_Gen_Borgelt,1.0
fresh,microblog_set,0.0623543123543123,balanced,comparison,False,False,FPgrowth_Gen_Borgelt,1.0,FPgrowth_Gen_Borgelt,1.0
fresh,microblog_set,0.0623543123543123,runtime,comparison,True,False,FPgrowth_Gen_Borgelt,1.0,FPgrowth_Gen_Borgelt,1.0
fresh,microblog_set,0.0623543123543123,runtime,comparison,False,False,FPgrowth_Gen_Borgelt,1.0,FPgrowth_Gen_Borgelt,1.0
fresh,microblog_set,0.1276223776223776,memory,comparison,True,False,Apriori_Gen_Borgelt,1.0,Apriori_Gen_Borgelt,1.0
fresh,microblog_set,0.1276223776223776,memory,comparison,False,False,Apriori_Gen_Borgelt,1.0,Apriori_Gen_Borgelt,1.0
fresh,microblog_set,0.1276223776223776,balanced,comparison,True,False,FPgrowth_Gen_Borgelt,1.2895190953691986,FPgrowth_Gen_Borgelt,1.2895190953691986
fresh,microblog_set,0.1276223776223776,balanced,comparison,False,False,FPgrowth_Gen_Borgelt,1.2895190953691986,FPgrowth_Gen_Borgelt,1.2895190953691986
fresh,microblog_set,0.1276223776223776,runtime,comparison,True,False,FPgrowth_Gen_Borgelt,1.161904761904762,FPgrowth_Gen_Borgelt,1.161904761904762
fresh,microblog_set,0.1276223776223776,runtime,comparison,False,False,FPgrowth_Gen_Borgelt,1.161904761904762,FPgrowth_Gen_Borgelt,1.161904761904762
fresh,microblog_set,0.2954545454545454,memory,comparison,True,False,Apriori_Gen_Borgelt,1.0,Apriori_Gen_Borgelt,1.0
fresh,microblog_set,0.2954545454545454,memory,comparison,False,False,Apriori_Gen_Borgelt,1.0,Apriori_Gen_Borgelt,1.0
fresh,microblog_set,0.2954545454545454,balanced,comparison,True,False,FPgrowth_Gen_Borgelt,1.0875590589039137,FPgrowth_Gen_Borgelt,1.0875590589039137
fresh,microblog_set,0.2954545454545454,balanced,comparison,False,False,FPgrowth_Gen_Borgelt,1.0875590589039137,FPgrowth_Gen_Borgelt,1.0875590589039137
fresh,microblog_set,0.2954545454545454,runtime,comparison,True,False,FPgrowth_Gen_Borgelt,1.1641791044776117,FPgrowth_Gen_Borgelt,1.1641791044776117
fresh,microblog_set,0.2954545454545454,runtime,comparison,False,False,FPgrowth_Gen_Borgelt,1.1641791044776117,FPgrowth_Gen_Borgelt,1.1641791044776117
fresh,microblog_set,0.5635198135198135,memory,comparison,True,False,Apriori_Gen_Borgelt,1.0,Apriori_Gen_Borgelt,1.0
fresh,microblog_set,0.5635198135198135,memory,comparison,False,False,Apriori_Gen_Borgelt,1.0,Apriori_Gen_Borgelt,1.0
fresh,microblog_set,0.5635198135198135,balanced,comparison,True,False,FPgrowth_Gen_Borgelt,1.2019078578113893,FPgrowth_Gen_Borgelt,1.2019078578113893
fresh,microblog_set,0.5635198135198135,balanced,comparison,False,False,FPgrowth_Gen_Borgelt,1.2019078578113893,FPgrowth_Gen_Borgelt,1.2019078578113893
fresh,microblog_set,0.5635198135198135,runtime,comparison,True,False,FPgrowth_Gen_Borgelt,2.3893805309734515,FPgrowth_Gen_Borgelt,2.3893805309734515
fresh,microblog_set,0.5635198135198135,runtime,comparison,False,False,FPgrowth_Gen_Borgelt,2.3893805309734515,FPgrowth_Gen_Borgelt,2.3893805309734515
fresh,msnbc_set,0.0066294432211387,memory,comparison,True,False,Apriori_Gen_Borgelt,1.0,Apriori_Gen_Borgelt,1.0
fresh,msnbc_set,0.0066294432211387,memory,comparison,False,False,Apriori_Gen_Borgelt,1.0,Apriori_Gen_Borgelt,1.0
fresh,msnbc_set,0.0066294432211387,balanced,comparison,True,False,Gr_growth,1.418609031964939,Gr_growth,1.418609031964939
fresh,msnbc_set,0.0066294432211387,balanced,comparison,False,False,Gr_growth,1.418609031964939,Gr_growth,1.418609031964939
fresh,msnbc_set,0.0066294432211387,runtime,comparison,True,False,Gr_growth,1.0,Gr_growth,1.0
fresh,msnbc_set,0.0066294432211387,runtime,comparison,False,False,Gr_growth,1.0,Gr_growth,1.0
fresh,msnbc_set,0.0345942120163573,memory,comparison,True,False,Apriori_Gen_Borgelt,1.0,Apriori_Gen_Borgelt,1.0
fresh,msnbc_set,0.0345942120163573,memory,comparison,False,False,Apriori_Gen_Borgelt,1.0,Apriori_Gen_Borgelt,1.0
fresh,msnbc_set,0.0345942120163573,balanced,comparison,True,False,FPgrowth_Gen_Borgelt,1.0,FPgrowth_Gen_Borgelt,1.0
fresh,msnbc_set,0.0345942120163573,balanced,comparison,False,False,Gr_growth,1.8772448513571398,Gr_growth,1.8772448513571398
fresh,msnbc_set,0.0345942120163573,runtime,comparison,True,False,Gr_growth,1.5289256198347108,Gr_growth,1.5289256198347108
fresh,msnbc_set,0.0345942120163573,runtime,comparison,False,False,Gr_growth,1.5289256198347108,Gr_growth,1.5289256198347108
fresh,msnbc_set,0.2619613085876062,memory,comparison,True,False,Apriori_Gen_Borgelt,1.0,Apriori_Gen_Borgelt,1.0
fresh,msnbc_set,0.2619613085876062,memory,comparison,False,False,Apriori_Gen_Borgelt,1.0,Apriori_Gen_Borgelt,1.0
fresh,msnbc_set,0.2619613085876062,balanced,comparison,True,False,FPgrowth_Gen_Borgelt,1.0,FPgrowth_Gen_Borgelt,1.0
fresh,msnbc_set,0.2619613085876062,balanced,comparison,False,False,Gr_growth,1.8957345917488901,Gr_growth,1.8957345917488901
fresh,msnbc_set,0.2619613085876062,runtime,comparison,True,False,Gr_growth,1.376068376068376,Gr_growth,1.376068376068376
fresh,msnbc_set,0.2619613085876062,runtime,comparison,False,False,Gr_growth,1.376068376068376,Gr_growth,1.376068376068376
fresh,splice,0.053526645768025,memory,comparison,True,False,Apriori_Gen_Borgelt,1.0,Apriori_Gen_Borgelt,1.0
fresh,splice,0.053526645768025,memory,comparison,False,False,Apriori_Gen_Borgelt,1.0,Apriori_Gen_Borgelt,1.0
fresh,splice,0.053526645768025,balanced,comparison,True,False,Eclat_Gen_Borgelt,1.247069035865277,Eclat_Gen_Borgelt,1.247069035865277
fresh,splice,0.053526645768025,balanced,comparison,False,False,Gr_growth,1.7638501580961976,Gr_growth,1.7638501580961976
fresh,splice,0.053526645768025,runtime,comparison,True,False,FPgrowth_Gen_Borgelt,1.660086366440469,FPgrowth_Gen_Borgelt,1.660086366440469
fresh,splice,0.053526645768025,runtime,comparison,False,False,FPgrowth_Gen_Borgelt,1.660086366440469,FPgrowth_Gen_Borgelt,1.660086366440469
fresh,splice,0.0751567398119122,memory,comparison,True,False,Apriori_Gen_Borgelt,1.0,Apriori_Gen_Borgelt,1.0
fresh,splice,0.0751567398119122,memory,comparison,False,False,Apriori_Gen_Borgelt,1.0,Apriori_Gen_Borgelt,1.0
fresh,splice,0.0751567398119122,balanced,comparison,True,False,Eclat_Gen_Borgelt,1.332903248699731,Eclat_Gen_Borgelt,1.332903248699731
fresh,splice,0.0751567398119122,balanced,comparison,False,False,Gr_growth,2.3314857427283,Gr_growth,2.3314857427283
fresh,splice,0.0751567398119122,runtime,comparison,True,False,FPgrowth_Gen_Borgelt,1.5597014925373132,FPgrowth_Gen_Borgelt,1.5597014925373132
fresh,splice,0.0751567398119122,runtime,comparison,False,False,FPgrowth_Gen_Borgelt,1.5597014925373132,FPgrowth_Gen_Borgelt,1.5597014925373132
fresh,splice,0.1115203761755486,memory,comparison,True,False,Apriori_Gen_Borgelt,1.0,Apriori_Gen_Borgelt,1.0
fresh,splice,0.1115203761755486,memory,comparison,False,False,Apriori_Gen_Borgelt,1.0,Apriori_Gen_Borgelt,1.0
fresh,splice,0.1115203761755486,balanced,comparison,True,False,Eclat_Gen_Borgelt,1.143566634595766,Eclat_Gen_Borgelt,1.143566634595766
fresh,splice,0.1115203761755486,balanced,comparison,False,False,Gr_growth,2.544866052219049,Gr_growth,2.544866052219049
fresh,splice,0.1115203761755486,runtime,comparison,True,False,FPgrowth_Gen_Borgelt,2.2052401746724892,FPgrowth_Gen_Borgelt,2.2052401746724892
fresh,splice,0.1115203761755486,runtime,comparison,False,False,FPgrowth_Gen_Borgelt,2.2052401746724892,FPgrowth_Gen_Borgelt,2.2052401746724892
fresh,splice,0.1638714733542319,memory,comparison,True,False,Apriori_Gen_Borgelt,1.0,Apriori_Gen_Borgelt,1.0
fresh,splice,0.1638714733542319,memory,comparison,False,False,Apriori_Gen_Borgelt,1.0,Apriori_Gen_Borgelt,1.0
fresh,splice,0.1638714733542319,balanced,comparison,True,False,Eclat_Gen_Borgelt,1.224744871391589,Eclat_Gen_Borgelt,1.224744871391589
fresh,splice,0.1638714733542319,balanced,comparison,False,False,Gr_growth,2.6810851589224276,Gr_growth,2.6810851589224276
fresh,splice,0.1638714733542319,runtime,comparison,True,False,FPgrowth_Gen_Borgelt,1.9324324324324325,FPgrowth_Gen_Borgelt,1.9324324324324325
fresh,splice,0.1638714733542319,runtime,comparison,False,False,FPgrowth_Gen_Borgelt,1.9324324324324325,FPgrowth_Gen_Borgelt,1.9324324324324325
fresh,splice,0.244435736677116,memory,comparison,True,False,Apriori_Gen_Borgelt,1.0,Apriori_Gen_Borgelt,1.0
fresh,splice,0.244435736677116,memory,comparison,False,False,Apriori_Gen_Borgelt,1.0,Apriori_Gen_Borgelt,1.0
fresh,splice,0.244435736677116,balanced,comparison,True,False,Eclat_Gen_Borgelt,1.464739589420899,Eclat_Gen_Borgelt,1.464739589420899
fresh,splice,0.244435736677116,balanced,comparison,False,False,Gr_growth,2.8998108429744094,Gr_growth,2.8998108429744094
fresh,splice,0.244435736677116,runtime,comparison,True,False,FPgrowth_Gen_Borgelt,1.7196969696969697,FPgrowth_Gen_Borgelt,1.7196969696969697
fresh,splice,0.244435736677116,runtime,comparison,False,False,FPgrowth_Gen_Borgelt,1.7196969696969697,FPgrowth_Gen_Borgelt,1.7196969696969697
fresh,t25i10d10k,0.0035836006415396,memory,comparison,True,False,Apriori_Gen_Borgelt,1.0,Apriori_Gen_Borgelt,1.0
fresh,t25i10d10k,0.0035836006415396,memory,comparison,False,False,Eclat_Gen_Borgelt,1.2816593886462881,Eclat_Gen_Borgelt,1.2816593886462881
fresh,t25i10d10k,0.0035836006415396,balanced,comparison,True,False,Eclat_Gen_Borgelt,1.0,Eclat_Gen_Borgelt,1.0
fresh,t25i10d10k,0.0035836006415396,balanced,comparison,False,False,Eclat_Gen_Borgelt,1.0,Eclat_Gen_Borgelt,1.0
fresh,t25i10d10k,0.0035836006415396,runtime,comparison,True,False,FPgrowth_Gen_Borgelt,1.167753960857409,FPgrowth_Gen_Borgelt,1.167753960857409
fresh,t25i10d10k,0.0035836006415396,runtime,comparison,False,False,FPgrowth_Gen_Borgelt,1.167753960857409,FPgrowth_Gen_Borgelt,1.167753960857409
fresh,t25i10d10k,0.00709202085004,memory,comparison,True,False,Apriori_Gen_Borgelt,1.0,Apriori_Gen_Borgelt,1.0
fresh,t25i10d10k,0.00709202085004,memory,comparison,False,False,Eclat_Gen_Borgelt,1.8445945945945945,Eclat_Gen_Borgelt,1.8445945945945945
fresh,t25i10d10k,0.00709202085004,balanced,comparison,True,False,Eclat_Gen_Borgelt,1.0424972980328915,Eclat_Gen_Borgelt,1.0424972980328915
fresh,t25i10d10k,0.00709202085004,balanced,comparison,False,False,Eclat_Gen_Borgelt,1.0424972980328915,Eclat_Gen_Borgelt,1.0424972980328915
fresh,t25i10d10k,0.00709202085004,runtime,comparison,True,False,FPgrowth_Gen_Borgelt,1.4913151364764268,FPgrowth_Gen_Borgelt,1.4913151364764268
fresh,t25i10d10k,0.00709202085004,runtime,comparison,False,False,FPgrowth_Gen_Borgelt,1.4913151364764268,FPgrowth_Gen_Borgelt,1.4913151364764268
fresh,t25i10d10k,0.011502606255012,memory,comparison,True,False,Apriori_Gen_Borgelt,1.0,Apriori_Gen_Borgelt,1.0
fresh,t25i10d10k,0.011502606255012,memory,comparison,False,False,Eclat_Gen_Borgelt,1.2553846153846153,Eclat_Gen_Borgelt,1.2553846153846153
fresh,t25i10d10k,0.011502606255012,balanced,comparison,True,False,Eclat_Gen_Borgelt,1.0052562350961436,Eclat_Gen_Borgelt,1.0052562350961436
fresh,t25i10d10k,0.011502606255012,balanced,comparison,False,False,FPgrowth_Gen_Borgelt,1.5052880057849614,FPgrowth_Gen_Borgelt,1.5052880057849614
fresh,t25i10d10k,0.011502606255012,runtime,comparison,True,False,FPgrowth_Gen_Borgelt,1.4052863436123346,FPgrowth_Gen_Borgelt,1.4052863436123346
fresh,t25i10d10k,0.011502606255012,runtime,comparison,False,False,FPgrowth_Gen_Borgelt,1.4052863436123346,FPgrowth_Gen_Borgelt,1.4052863436123346
fresh,t25i10d10k,0.01882016840417,memory,comparison,True,False,Apriori_Gen_Borgelt,1.0,Apriori_Gen_Borgelt,1.0
fresh,t25i10d10k,0.01882016840417,memory,comparison,False,False,Eclat_Gen_Borgelt,1.2302284710017575,Eclat_Gen_Borgelt,1.2302284710017575
fresh,t25i10d10k,0.01882016840417,balanced,comparison,True,False,Eclat_Gen_Borgelt,1.1271198678869467,Eclat_Gen_Borgelt,1.1271198678869467
fresh,t25i10d10k,0.01882016840417,balanced,comparison,False,False,FPgrowth_Gen_Borgelt,1.6197908038157163,FPgrowth_Gen_Borgelt,1.6197908038157163
fresh,t25i10d10k,0.01882016840417,runtime,comparison,True,False,FPgrowth_Gen_Borgelt,1.3061224489795917,FPgrowth_Gen_Borgelt,1.3061224489795917
fresh,t25i10d10k,0.01882016840417,runtime,comparison,False,False,FPgrowth_Gen_Borgelt,1.3061224489795917,FPgrowth_Gen_Borgelt,1.3061224489795917
fresh,t25i10d10k,0.0258370088211708,memory,comparison,True,False,Apriori_Gen_Borgelt,1.0,Apriori_Gen_Borgelt,1.0
fresh,t25i10d10k,0.0258370088211708,memory,comparison,False,False,Eclat_Gen_Borgelt,1.2309090909090907,Eclat_Gen_Borgelt,1.2309090909090907
fresh,t25i10d10k,0.0258370088211708,balanced,comparison,True,False,Eclat_Gen_Borgelt,1.0676745074014555,Eclat_Gen_Borgelt,1.0676745074014555
fresh,t25i10d10k,0.0258370088211708,balanced,comparison,False,False,FPgrowth_Gen_Borgelt,1.6504185599189378,FPgrowth_Gen_Borgelt,1.6504185599189378
fresh,t25i10d10k,0.0258370088211708,runtime,comparison,True,False,FPgrowth_Gen_Borgelt,1.5539906103286385,FPgrowth_Gen_Borgelt,1.5539906103286385
fresh,t25i10d10k,0.0258370088211708,runtime,comparison,False,False,FPgrowth_Gen_Borgelt,1.5539906103286385,FPgrowth_Gen_Borgelt,1.5539906103286385
fresh,uscensus,0.05409375,memory,comparison,True,False,Gr_growth,1.0,Gr_growth,1.0
fresh,uscensus,0.05409375,memory,comparison,False,False,Gr_growth,1.0,Gr_growth,1.0
fresh,uscensus,0.05409375,balanced,comparison,True,False,Gr_growth,1.0,Gr_growth,1.0
fresh,uscensus,0.05409375,balanced,comparison,False,False,Gr_growth,1.0,Gr_growth,1.0
fresh,uscensus,0.05409375,runtime,comparison,True,False,Gr_growth,1.0,Gr_growth,1.0
fresh,uscensus,0.05409375,runtime,comparison,False,False,FPgrowth_Gen_Borgelt,10.0,FPgrowth_Gen_Borgelt,10.0
fresh,uscensus,0.25685375,memory,comparison,True,False,Gr_growth,1.0,Gr_growth,1.0
fresh,uscensus,0.25685375,memory,comparison,False,False,Gr_growth,1.0,Gr_growth,1.0
fresh,uscensus,0.25685375,balanced,comparison,True,False,Gr_growth,1.0,Gr_growth,1.0
fresh,uscensus,0.25685375,balanced,comparison,False,False,Gr_growth,1.0,Gr_growth,1.0
fresh,uscensus,0.25685375,runtime,comparison,True,False,FPgrowth_Gen_Borgelt,1.2750026683744264,FPgrowth_Gen_Borgelt,1.2750026683744264
fresh,uscensus,0.25685375,runtime,comparison,False,False,FPgrowth_Gen_Borgelt,1.2750026683744264,FPgrowth_Gen_Borgelt,1.2750026683744264
fresh,uscensus,0.60401875,memory,comparison,True,False,Gr_growth,1.0,Gr_growth,1.0
fresh,uscensus,0.60401875,memory,comparison,False,False,Gr_growth,1.0,Gr_growth,1.0
fresh,uscensus,0.60401875,balanced,comparison,True,False,Gr_growth,1.0,Gr_growth,1.0
fresh,uscensus,0.60401875,balanced,comparison,False,False,Gr_growth,1.0,Gr_growth,1.0
fresh,uscensus,0.60401875,runtime,comparison,True,False,Gr_growth,1.0,Gr_growth,1.0
fresh,uscensus,0.60401875,runtime,comparison,False,False,Gr_growth,1.0,Gr_growth,1.0
fresh,uscensus,0.74447675,memory,comparison,True,False,Gr_growth,1.0,Gr_growth,1.0
fresh,uscensus,0.74447675,memory,comparison,False,False,Gr_growth,1.0,Gr_growth,1.0
fresh,uscensus,0.74447675,balanced,comparison,True,False,Gr_growth,1.0,Gr_growth,1.0
fresh,uscensus,0.74447675,balanced,comparison,False,False,Gr_growth,1.0,Gr_growth,1.0
fresh,uscensus,0.74447675,runtime,comparison,True,False,Gr_growth,1.0,Gr_growth,1.0
fresh,uscensus,0.74447675,runtime,comparison,False,False,Gr_growth,1.0,Gr_growth,1.0
fresh2,census_kdd,0.015099762934599,memory,comparison,True,False,Gr_growth,1.0,Gr_growth,1.0
fresh2,census_kdd,0.015099762934599,memory,comparison,False,False,Apriori_Gen_Borgelt,10.0,Apriori_Gen_Borgelt,10.0
fresh2,census_kdd,0.015099762934599,balanced,comparison,True,False,Gr_growth,1.0,Gr_growth,1.0
fresh2,census_kdd,0.015099762934599,balanced,comparison,False,False,FPgrowth_Gen_Borgelt,10.0,FPgrowth_Gen_Borgelt,10.0
fresh2,census_kdd,0.015099762934599,runtime,comparison,True,False,FPgrowth_Gen_Borgelt,10.0,FPgrowth_Gen_Borgelt,10.0
fresh2,census_kdd,0.015099762934599,runtime,comparison,False,False,FPgrowth_Gen_Borgelt,10.0,FPgrowth_Gen_Borgelt,10.0
fresh2,census_kdd,0.2090423159234775,memory,comparison,True,False,Apriori_Gen_Borgelt,1.0,Apriori_Gen_Borgelt,1.0
fresh2,census_kdd,0.2090423159234775,memory,comparison,False,False,FPgrowth_Gen_Borgelt,1.992076830732293,FPgrowth_Gen_Borgelt,1.992076830732293
fresh2,census_kdd,0.2090423159234775,balanced,comparison,True,False,Gr_growth,1.0,Gr_growth,1.0
fresh2,census_kdd,0.2090423159234775,balanced,comparison,False,False,FPgrowth_Gen_Borgelt,1.335307858131338,FPgrowth_Gen_Borgelt,1.335307858131338
fresh2,census_kdd,0.2090423159234775,runtime,comparison,True,False,FPgrowth_Gen_Borgelt,1.0,FPgrowth_Gen_Borgelt,1.0
fresh2,census_kdd,0.2090423159234775,runtime,comparison,False,False,FPgrowth_Gen_Borgelt,1.0,FPgrowth_Gen_Borgelt,1.0
fresh2,census_kdd,0.8078705211930454,memory,comparison,True,False,Gr_growth,1.0,Gr_growth,1.0
fresh2,census_kdd,0.8078705211930454,memory,comparison,False,False,Gr_growth,1.0,Gr_growth,1.0
fresh2,census_kdd,0.8078705211930454,balanced,comparison,True,False,Gr_growth,1.0,Gr_growth,1.0
fresh2,census_kdd,0.8078705211930454,balanced,comparison,False,False,Gr_growth,1.0,Gr_growth,1.0
fresh2,census_kdd,0.8078705211930454,runtime,comparison,True,False,Gr_growth,1.0,Gr_growth,1.0
fresh2,census_kdd,0.8078705211930454,runtime,comparison,False,False,Gr_growth,1.0,Gr_growth,1.0
fresh2,census_kdd,0.9695761892112688,memory,comparison,True,False,Gr_growth,1.0,Gr_growth,1.0
fresh2,census_kdd,0.9695761892112688,memory,comparison,False,False,Gr_growth,1.0,Gr_growth,1.0
fresh2,census_kdd,0.9695761892112688,balanced,comparison,True,False,Gr_growth,1.0,Gr_growth,1.0
fresh2,census_kdd,0.9695761892112688,balanced,comparison,False,False,Gr_growth,1.0,Gr_growth,1.0
fresh2,census_kdd,0.9695761892112688,runtime,comparison,True,False,Gr_growth,1.0,Gr_growth,1.0
fresh2,census_kdd,0.9695761892112688,runtime,comparison,False,False,Gr_growth,1.0,Gr_growth,1.0
fresh2,covertype,0.0002663456176464,memory,comparison,True,False,Apriori_Gen_Borgelt,1.0,Apriori_Gen_Borgelt,1.0
fresh2,covertype,0.0002663456176464,memory,comparison,False,False,Gr_growth,1.0506858122588942,Gr_growth,1.0506858122588942
fresh2,covertype,0.0002663456176464,balanced,comparison,True,False,Gr_growth,1.0,Gr_growth,1.0
fresh2,covertype,0.0002663456176464,balanced,comparison,False,False,Gr_growth,1.0,Gr_growth,1.0
fresh2,covertype,0.0002663456176464,runtime,comparison,True,False,Gr_growth,1.336079180630814,Gr_growth,1.336079180630814
fresh2,covertype,0.0002663456176464,runtime,comparison,False,False,Gr_growth,1.336079180630814,Gr_growth,1.336079180630814
fresh2,covertype,0.0368869317673301,memory,comparison,True,False,Gr_growth,1.0,Gr_growth,1.0
fresh2,covertype,0.0368869317673301,memory,comparison,False,False,Gr_growth,1.0,Gr_growth,1.0
fresh2,covertype,0.0368869317673301,balanced,comparison,True,False,Gr_growth,1.0,Gr_growth,1.0
fresh2,covertype,0.0368869317673301,balanced,comparison,False,False,Gr_growth,1.0,Gr_growth,1.0
fresh2,covertype,0.0368869317673301,runtime,comparison,True,False,Gr_growth,1.0759991264468225,Gr_growth,1.0759991264468225
fresh2,covertype,0.0368869317673301,runtime,comparison,False,False,Gr_growth,1.0759991264468225,Gr_growth,1.0759991264468225
fresh2,covertype,0.0938995235898742,memory,comparison,True,False,Gr_growth,1.0,Gr_growth,1.0
fresh2,covertype,0.0938995235898742,memory,comparison,False,False,Gr_growth,1.0,Gr_growth,1.0
fresh2,covertype,0.0938995235898742,balanced,comparison,True,False,Gr_growth,1.0,Gr_growth,1.0
fresh2,covertype,0.0938995235898742,balanced,comparison,False,False,Gr_growth,1.0,Gr_growth,1.0
fresh2,covertype,0.0938995235898742,runtime,comparison,True,False,Gr_growth,1.0,Gr_growth,1.0
fresh2,covertype,0.0938995235898742,runtime,comparison,False,False,Gr_growth,1.0,Gr_growth,1.0
fresh2,covertype,0.1456747020715579,memory,comparison,True,False,Gr_growth,1.0,Gr_growth,1.0
fresh2,covertype,0.1456747020715579,memory,comparison,False,False,Gr_growth,1.0,Gr_growth,1.0
fresh2,covertype,0.1456747020715579,balanced,comparison,True,False,Gr_growth,1.0,Gr_growth,1.0
fresh2,covertype,0.1456747020715579,balanced,comparison,False,False,Gr_growth,1.0,Gr_growth,1.0
fresh2,covertype,0.1456747020715579,runtime,comparison,True,False,Gr_growth,1.0,Gr_growth,1.0
fresh2,covertype,0.1456747020715579,runtime,comparison,False,False,Gr_growth,1.0,Gr_growth,1.0
fresh2,diabetes130,0.2130549495902364,memory,comparison,True,False,Gr_growth,1.0,Gr_growth,1.0
fresh2,diabetes130,0.2130549495902364,memory,comparison,False,False,Apriori_Gen_Borgelt,10.0,Apriori_Gen_Borgelt,10.0
fresh2,diabetes130,0.2130549495902364,balanced,comparison,True,False,Gr_growth,1.0,Gr_growth,1.0
fresh2,diabetes130,0.2130549495902364,balanced,comparison,False,False,FPgrowth_Gen_Borgelt,1.3302310857879152,FPgrowth_Gen_Borgelt,1.3302310857879152
fresh2,diabetes130,0.2130549495902364,runtime,comparison,True,False,FPgrowth_Gen_Borgelt,1.0,FPgrowth_Gen_Borgelt,1.0
fresh2,diabetes130,0.2130549495902364,runtime,comparison,False,False,FPgrowth_Gen_Borgelt,1.0,FPgrowth_Gen_Borgelt,1.0
fresh2,diabetes130,0.9969415128824952,memory,comparison,True,False,Gr_growth,1.0,Gr_growth,1.0
fresh2,diabetes130,0.9969415128824952,memory,comparison,False,False,Apriori_Gen_Borgelt,1.8051470588235294,Apriori_Gen_Borgelt,1.8051470588235294
fresh2,diabetes130,0.9969415128824952,balanced,comparison,True,False,Gr_growth,1.0,Gr_growth,1.0
fresh2,diabetes130,0.9969415128824952,balanced,comparison,False,False,FPgrowth_Gen_Borgelt,1.5976490080556418,FPgrowth_Gen_Borgelt,1.5976490080556418
fresh2,diabetes130,0.9969415128824952,runtime,comparison,True,False,FPgrowth_Gen_Borgelt,1.3737142857142859,FPgrowth_Gen_Borgelt,1.3737142857142859
fresh2,diabetes130,0.9969415128824952,runtime,comparison,False,False,FPgrowth_Gen_Borgelt,1.3737142857142859,FPgrowth_Gen_Borgelt,1.3737142857142859
fresh2,diabetes130,0.9999877169192068,memory,comparison,True,False,Gr_growth,1.0,Gr_growth,1.0
fresh2,diabetes130,0.9999877169192068,memory,comparison,False,False,Apriori_Gen_Borgelt,1.8029411764705883,Apriori_Gen_Borgelt,1.8029411764705883
fresh2,diabetes130,0.9999877169192068,balanced,comparison,True,False,Gr_growth,1.0,Gr_growth,1.0
fresh2,diabetes130,0.9999877169192068,balanced,comparison,False,False,FPgrowth_Gen_Borgelt,1.5277860319484229,FPgrowth_Gen_Borgelt,1.5277860319484229
fresh2,diabetes130,0.9999877169192068,runtime,comparison,True,False,FPgrowth_Gen_Borgelt,1.297268907563025,FPgrowth_Gen_Borgelt,1.297268907563025
fresh2,diabetes130,0.9999877169192068,runtime,comparison,False,False,FPgrowth_Gen_Borgelt,1.297268907563025,FPgrowth_Gen_Borgelt,1.297268907563025
fresh2,poker,0.00164075,memory,comparison,True,False,Gr_growth,1.0,Gr_growth,1.0
fresh2,poker,0.00164075,memory,comparison,False,False,Gr_growth,1.0,Gr_growth,1.0
fresh2,poker,0.00164075,balanced,comparison,True,False,Gr_growth,1.411643942277307,Gr_growth,1.411643942277307
fresh2,poker,0.00164075,balanced,comparison,False,False,Gr_growth,1.411643942277307,Gr_growth,1.411643942277307
fresh2,poker,0.00164075,runtime,comparison,True,False,Gr_growth,2.008723466123873,Gr_growth,2.008723466123873
fresh2,poker,0.00164075,runtime,comparison,False,False,Gr_growth,2.008723466123873,Gr_growth,2.008723466123873
fresh2,poker,0.01922275,memory,comparison,True,False,Gr_growth,1.0,Gr_growth,1.0
fresh2,poker,0.01922275,memory,comparison,False,False,Gr_growth,1.0,Gr_growth,1.0
fresh2,poker,0.01922275,balanced,comparison,True,False,Gr_growth,1.5344369208860063,Gr_growth,1.5344369208860063
fresh2,poker,0.01922275,balanced,comparison,False,False,Gr_growth,1.5344369208860063,Gr_growth,1.5344369208860063
fresh2,poker,0.01922275,runtime,comparison,True,False,Gr_growth,2.521311132055713,Gr_growth,2.521311132055713
fresh2,poker,0.01922275,runtime,comparison,False,False,Gr_growth,2.521311132055713,Gr_growth,2.521311132055713
fresh2,poker,0.06372875,memory,comparison,True,False,Apriori_Gen_Borgelt,1.082496,Apriori_Gen_Borgelt,1.082496
fresh2,poker,0.06372875,memory,comparison,False,False,Gr_growth,1.0,Gr_growth,1.0
fresh2,poker,0.06372875,balanced,comparison,True,False,Gr_growth,1.368623524435591,Gr_growth,1.368623524435591
fresh2,poker,0.06372875,balanced,comparison,False,False,Gr_growth,1.368623524435591,Gr_growth,1.368623524435591
fresh2,poker,0.06372875,runtime,comparison,True,False,Gr_growth,2.0276561131272683,Gr_growth,2.0276561131272683
fresh2,poker,0.06372875,runtime,comparison,False,False,Gr_growth,2.0276561131272683,Gr_growth,2.0276561131272683
fresh2,poker,0.12537575,memory,comparison,True,False,Gr_growth,1.0,Gr_growth,1.0
fresh2,poker,0.12537575,memory,comparison,False,False,Gr_growth,1.0,Gr_growth,1.0
fresh2,poker,0.12537575,balanced,comparison,True,False,Gr_growth,1.0,Gr_growth,1.0
fresh2,poker,0.12537575,balanced,comparison,False,False,Gr_growth,1.0,Gr_growth,1.0
fresh2,poker,0.12537575,runtime,comparison,True,False,Gr_growth,1.0,Gr_growth,1.0
fresh2,poker,0.12537575,runtime,comparison,False,False,Gr_growth,1.0,Gr_growth,1.0
fresh3,dota2,0.0007744198596869,memory,comparison,True,False,Apriori_Gen_Borgelt,1.0,Apriori_Gen_Borgelt,1.0
fresh3,dota2,0.0007744198596869,memory,comparison,False,False,Gr_growth,1.6761268781302172,Gr_growth,1.6761268781302172
fresh3,dota2,0.0007744198596869,balanced,comparison,True,False,Eclat_Gen_Borgelt,1.0870319311348464,Eclat_Gen_Borgelt,1.0870319311348464
fresh3,dota2,0.0007744198596869,balanced,comparison,False,False,Gr_growth,1.368270180518557,Gr_growth,1.368270180518557
fresh3,dota2,0.0007744198596869,runtime,comparison,True,False,FPgrowth_Gen_Borgelt,1.3010122535961641,FPgrowth_Gen_Borgelt,1.3010122535961641
fresh3,dota2,0.0007744198596869,runtime,comparison,False,False,FPgrowth_Gen_Borgelt,1.3010122535961641,FPgrowth_Gen_Borgelt,1.3010122535961641
fresh3,dota2,0.0037317862924986,memory,comparison,True,False,Apriori_Gen_Borgelt,1.0,Apriori_Gen_Borgelt,1.0
fresh3,dota2,0.0037317862924986,memory,comparison,False,False,Gr_growth,2.213717693836978,Gr_growth,2.213717693836978
fresh3,dota2,0.0037317862924986,balanced,comparison,True,False,Eclat_Gen_Borgelt,1.386764180875213,Eclat_Gen_Borgelt,1.386764180875213
fresh3,dota2,0.0037317862924986,balanced,comparison,False,False,Gr_growth,2.0015958172841093,Gr_growth,2.0015958172841093
fresh3,dota2,0.0037317862924986,runtime,comparison,True,False,FPgrowth_Gen_Borgelt,1.5692722371967656,FPgrowth_Gen_Borgelt,1.5692722371967656
fresh3,dota2,0.0037317862924986,runtime,comparison,False,False,FPgrowth_Gen_Borgelt,1.5692722371967656,FPgrowth_Gen_Borgelt,1.5692722371967656
fresh3,dota2,0.0134565569347004,memory,comparison,True,False,Apriori_Gen_Borgelt,1.0,Apriori_Gen_Borgelt,1.0
fresh3,dota2,0.0134565569347004,memory,comparison,False,False,Gr_growth,2.206240084611317,Gr_growth,2.206240084611317
fresh3,dota2,0.0134565569347004,balanced,comparison,True,False,Eclat_Gen_Borgelt,1.3932656814345925,Eclat_Gen_Borgelt,1.3932656814345925
fresh3,dota2,0.0134565569347004,balanced,comparison,False,False,Gr_growth,1.9871490101337705,Gr_growth,1.9871490101337705
fresh3,dota2,0.0134565569347004,runtime,comparison,True,False,FPgrowth_Gen_Borgelt,1.3722222222222222,FPgrowth_Gen_Borgelt,1.3722222222222222
fresh3,dota2,0.0134565569347004,runtime,comparison,False,False,FPgrowth_Gen_Borgelt,1.3722222222222222,FPgrowth_Gen_Borgelt,1.3722222222222222
fresh3,dota2,0.0582703723691311,memory,comparison,True,False,Apriori_Gen_Borgelt,1.0,Apriori_Gen_Borgelt,1.0
fresh3,dota2,0.0582703723691311,memory,comparison,False,False,Gr_growth,1.4163783160322951,Gr_growth,1.4163783160322951
fresh3,dota2,0.0582703723691311,balanced,comparison,True,False,FPgrowth_Gen_Borgelt,1.0754958551985245,FPgrowth_Gen_Borgelt,1.0754958551985245
fresh3,dota2,0.0582703723691311,balanced,comparison,False,False,Gr_growth,1.2588772931491552,Gr_growth,1.2588772931491552
fresh3,dota2,0.0582703723691311,runtime,comparison,True,False,FPgrowth_Gen_Borgelt,1.0,FPgrowth_Gen_Borgelt,1.0
fresh3,dota2,0.0582703723691311,runtime,comparison,False,False,FPgrowth_Gen_Borgelt,1.0,FPgrowth_Gen_Borgelt,1.0
fresh3,dota2,0.1415515380464112,memory,comparison,True,False,Apriori_Gen_Borgelt,1.0034904013961605,Apriori_Gen_Borgelt,1.0034904013961605
fresh3,dota2,0.1415515380464112,memory,comparison,False,False,Gr_growth,1.1849912739965096,Gr_growth,1.1849912739965096
fresh3,dota2,0.1415515380464112,balanced,comparison,True,False,FPgrowth_Gen_Borgelt,1.0298526533622758,FPgrowth_Gen_Borgelt,1.0298526533622758
fresh3,dota2,0.1415515380464112,balanced,comparison,False,False,Gr_growth,1.0,Gr_growth,1.0
fresh3,dota2,0.1415515380464112,runtime,comparison,True,False,FPgrowth_Gen_Borgelt,1.256797583081571,FPgrowth_Gen_Borgelt,1.256797583081571
fresh3,dota2,0.1415515380464112,runtime,comparison,False,False,FPgrowth_Gen_Borgelt,1.256797583081571,FPgrowth_Gen_Borgelt,1.256797583081571
fresh3,miniboone,0.0366261994095214,memory,comparison,True,False,Apriori_Gen_Borgelt,1.0,Apriori_Gen_Borgelt,1.0
fresh3,miniboone,0.0366261994095214,memory,comparison,False,False,Gr_growth,3.83810988396477,Gr_growth,3.83810988396477
fresh3,miniboone,0.0366261994095214,balanced,comparison,True,False,Eclat_Gen_Borgelt,1.0,Eclat_Gen_Borgelt,1.0
fresh3,miniboone,0.0366261994095214,balanced,comparison,False,False,Gr_growth,2.175032980928094,Gr_growth,2.175032980928094
fresh3,miniboone,0.0366261994095214,runtime,comparison,True,False,FPgrowth_Gen_Borgelt,2.4944972527024603,FPgrowth_Gen_Borgelt,2.4944972527024603
fresh3,miniboone,0.0366261994095214,runtime,comparison,False,False,FPgrowth_Gen_Borgelt,2.4944972527024603,FPgrowth_Gen_Borgelt,2.4944972527024603
fresh3,miniboone,0.0500196057325624,memory,comparison,True,False,Apriori_Gen_Borgelt,1.0,Apriori_Gen_Borgelt,1.0
fresh3,miniboone,0.0500196057325624,memory,comparison,False,False,Gr_growth,3.8981924918893864,Gr_growth,3.8981924918893864
fresh3,miniboone,0.0500196057325624,balanced,comparison,True,False,Eclat_Gen_Borgelt,1.0,Eclat_Gen_Borgelt,1.0
fresh3,miniboone,0.0500196057325624,balanced,comparison,False,False,Gr_growth,1.984555943062191,Gr_growth,1.984555943062191
fresh3,miniboone,0.0500196057325624,runtime,comparison,True,False,FPgrowth_Gen_Borgelt,2.0494484594903,FPgrowth_Gen_Borgelt,2.0494484594903
fresh3,miniboone,0.0500196057325624,runtime,comparison,False,False,FPgrowth_Gen_Borgelt,2.0494484594903,FPgrowth_Gen_Borgelt,2.0494484594903
fresh3,miniboone,0.0786516637962849,memory,comparison,True,False,Apriori_Gen_Borgelt,1.0,Apriori_Gen_Borgelt,1.0
fresh3,miniboone,0.0786516637962849,memory,comparison,False,False,Gr_growth,3.6857500391052715,Gr_growth,3.6857500391052715
fresh3,miniboone,0.0786516637962849,balanced,comparison,True,False,Eclat_Gen_Borgelt,1.2532361100784624,Eclat_Gen_Borgelt,1.2532361100784624
fresh3,miniboone,0.0786516637962849,balanced,comparison,False,False,Gr_growth,3.320640628141415,Gr_growth,3.320640628141415
fresh3,miniboone,0.0786516637962849,runtime,comparison,True,False,FPgrowth_Gen_Borgelt,3.303407307778525,FPgrowth_Gen_Borgelt,3.303407307778525
fresh3,miniboone,0.0786516637962849,runtime,comparison,False,False,FPgrowth_Gen_Borgelt,3.303407307778525,FPgrowth_Gen_Borgelt,3.303407307778525
fresh3,miniboone,0.1627256581375323,memory,comparison,True,False,Apriori_Gen_Borgelt,1.0,Apriori_Gen_Borgelt,1.0
fresh3,miniboone,0.1627256581375323,memory,comparison,False,False,Gr_growth,3.69701280227596,Gr_growth,3.69701280227596
fresh3,miniboone,0.1627256581375323,balanced,comparison,True,False,Eclat_Gen_Borgelt,1.8190689230102086,Eclat_Gen_Borgelt,1.8190689230102086
fresh3,miniboone,0.1627256581375323,balanced,comparison,False,False,Gr_growth,4.031518398761249,Gr_growth,4.031518398761249
fresh3,miniboone,0.1627256581375323,runtime,comparison,True,False,FPgrowth_Gen_Borgelt,5.147193447362081,FPgrowth_Gen_Borgelt,5.147193447362081
fresh3,miniboone,0.1627256581375323,runtime,comparison,False,False,FPgrowth_Gen_Borgelt,5.147193447362081,FPgrowth_Gen_Borgelt,5.147193447362081
fresh3,miniboone,0.1890434709066306,memory,comparison,True,False,Apriori_Gen_Borgelt,1.0,Apriori_Gen_Borgelt,1.0
fresh3,miniboone,0.1890434709066306,memory,comparison,False,False,Gr_growth,3.6885452824234775,Gr_growth,3.6885452824234775
fresh3,miniboone,0.1890434709066306,balanced,comparison,True,False,Eclat_Gen_Borgelt,1.797362300787162,Eclat_Gen_Borgelt,1.797362300787162
fresh3,miniboone,0.1890434709066306,balanced,comparison,False,False,Gr_growth,4.009911596667676,Gr_growth,4.009911596667676
fresh3,miniboone,0.1890434709066306,runtime,comparison,True,False,FPgrowth_Gen_Borgelt,4.199277108433735,FPgrowth_Gen_Borgelt,4.199277108433735
fresh3,miniboone,0.1890434709066306,runtime,comparison,False,False,FPgrowth_Gen_Borgelt,4.199277108433735,FPgrowth_Gen_Borgelt,4.199277108433735
fresh3,power,0.0136480861570893,memory,comparison,True,False,Gr_growth,1.0,Gr_growth,1.0
fresh3,power,0.0136480861570893,memory,comparison,False,False,Gr_growth,1.0,Gr_growth,1.0
fresh3,power,0.0136480861570893,balanced,comparison,True,False,Gr_growth,1.0,Gr_growth,1.0
fresh3,power,0.0136480861570893,balanced,comparison,False,False,Gr_growth,1.0,Gr_growth,1.0
fresh3,power,0.0136480861570893,runtime,comparison,True,False,Gr_growth,1.0,Gr_growth,1.0
fresh3,power,0.0136480861570893,runtime,comparison,False,False,Gr_growth,1.0,Gr_growth,1.0
fresh3,power,0.0564362849391005,memory,comparison,True,False,Gr_growth,1.0,Gr_growth,1.0
fresh3,power,0.0564362849391005,memory,comparison,False,False,Gr_growth,1.0,Gr_growth,1.0
fresh3,power,0.0564362849391005,balanced,comparison,True,False,Gr_growth,1.0,Gr_growth,1.0
fresh3,power,0.0564362849391005,balanced,comparison,False,False,Gr_growth,1.0,Gr_growth,1.0
fresh3,power,0.0564362849391005,runtime,comparison,True,False,Gr_growth,1.0,Gr_growth,1.0
fresh3,power,0.0564362849391005,runtime,comparison,False,False,Gr_growth,1.0,Gr_growth,1.0
fresh3,power,0.219214919386321,memory,comparison,True,False,Gr_growth,1.0,Gr_growth,1.0
fresh3,power,0.219214919386321,memory,comparison,False,False,Gr_growth,1.0,Gr_growth,1.0
fresh3,power,0.219214919386321,balanced,comparison,True,False,Gr_growth,1.0,Gr_growth,1.0
fresh3,power,0.219214919386321,balanced,comparison,False,False,Gr_growth,1.0,Gr_growth,1.0
fresh3,power,0.219214919386321,runtime,comparison,True,False,Gr_growth,1.0,Gr_growth,1.0
fresh3,power,0.219214919386321,runtime,comparison,False,False,Gr_growth,1.0,Gr_growth,1.0
fresh4,adult,0.0004837075028408,memory,comparison,True,False,Apriori_Gen_Borgelt,1.0,Apriori_Gen_Borgelt,1.0
fresh4,adult,0.0004837075028408,memory,comparison,False,False,Apriori_Gen_Borgelt,1.0,Apriori_Gen_Borgelt,1.0
fresh4,adult,0.0004837075028408,balanced,comparison,True,False,Gr_growth,1.0,Gr_growth,1.0
fresh4,adult,0.0004837075028408,balanced,comparison,False,False,Gr_growth,1.0,Gr_growth,1.0
fresh4,adult,0.0004837075028408,runtime,comparison,True,False,Eclat_Gen_Borgelt,1.2843118383060637,Eclat_Gen_Borgelt,1.2843118383060637
fresh4,adult,0.0004837075028408,runtime,comparison,False,False,Eclat_Gen_Borgelt,1.2843118383060637,Eclat_Gen_Borgelt,1.2843118383060637
fresh4,adult,0.0176821964927367,memory,comparison,True,False,Apriori_Gen_Borgelt,1.0,Apriori_Gen_Borgelt,1.0
fresh4,adult,0.0176821964927367,memory,comparison,False,False,Apriori_Gen_Borgelt,1.0,Apriori_Gen_Borgelt,1.0
fresh4,adult,0.0176821964927367,balanced,comparison,True,False,Eclat_Gen_Borgelt,1.0793269653853126,Eclat_Gen_Borgelt,1.0793269653853126
fresh4,adult,0.0176821964927367,balanced,comparison,False,False,Eclat_Gen_Borgelt,1.0793269653853126,Eclat_Gen_Borgelt,1.0793269653853126
fresh4,adult,0.0176821964927367,runtime,comparison,True,False,Eclat_Gen_Borgelt,1.2801724137931036,Eclat_Gen_Borgelt,1.2801724137931036
fresh4,adult,0.0176821964927367,runtime,comparison,False,False,Eclat_Gen_Borgelt,1.2801724137931036,Eclat_Gen_Borgelt,1.2801724137931036
fresh4,adult,0.1999861797856331,memory,comparison,True,False,Apriori_Gen_Borgelt,1.0,Apriori_Gen_Borgelt,1.0
fresh4,adult,0.1999861797856331,memory,comparison,False,False,Apriori_Gen_Borgelt,1.0,Apriori_Gen_Borgelt,1.0
fresh4,adult,0.1999861797856331,balanced,comparison,True,False,FPgrowth_Gen_Borgelt,1.0,FPgrowth_Gen_Borgelt,1.0
fresh4,adult,0.1999861797856331,balanced,comparison,False,False,FPgrowth_Gen_Borgelt,1.0,FPgrowth_Gen_Borgelt,1.0
fresh4,adult,0.1999861797856331,runtime,comparison,True,False,FPgrowth_Gen_Borgelt,1.0,FPgrowth_Gen_Borgelt,1.0
fresh4,adult,0.1999861797856331,runtime,comparison,False,False,FPgrowth_Gen_Borgelt,1.0,FPgrowth_Gen_Borgelt,1.0
fresh4,adult,0.6756165351187002,memory,comparison,True,False,FPgrowth_Gen_Borgelt,1.0516351118760758,FPgrowth_Gen_Borgelt,1.0516351118760758
fresh4,adult,0.6756165351187002,memory,comparison,False,False,Apriori_Gen_Borgelt,1.0,Apriori_Gen_Borgelt,1.0
fresh4,adult,0.6756165351187002,balanced,comparison,True,False,FPgrowth_Gen_Borgelt,1.0,FPgrowth_Gen_Borgelt,1.0
fresh4,adult,0.6756165351187002,balanced,comparison,False,False,FPgrowth_Gen_Borgelt,1.0,FPgrowth_Gen_Borgelt,1.0
fresh4,adult,0.6756165351187002,runtime,comparison,True,False,FPgrowth_Gen_Borgelt,1.0,FPgrowth_Gen_Borgelt,1.0
fresh4,adult,0.6756165351187002,runtime,comparison,False,False,FPgrowth_Gen_Borgelt,1.0,FPgrowth_Gen_Borgelt,1.0
fresh4,bank_full,0.0019630178496383,memory,comparison,True,False,Apriori_Gen_Borgelt,1.0,Apriori_Gen_Borgelt,1.0
fresh4,bank_full,0.0019630178496383,memory,comparison,False,False,Apriori_Gen_Borgelt,1.0,Apriori_Gen_Borgelt,1.0
fresh4,bank_full,0.0019630178496383,balanced,comparison,True,False,Gr_growth,1.0,Gr_growth,1.0
fresh4,bank_full,0.0019630178496383,balanced,comparison,False,False,Gr_growth,1.0,Gr_growth,1.0
fresh4,bank_full,0.0019630178496383,runtime,comparison,True,False,Gr_growth,1.2575242083224287,Gr_growth,1.2575242083224287
fresh4,bank_full,0.0019630178496383,runtime,comparison,False,False,Gr_growth,1.2575242083224287,Gr_growth,1.2575242083224287
fresh4,bank_full,0.0314912300103957,memory,comparison,True,False,Apriori_Gen_Borgelt,1.0,Apriori_Gen_Borgelt,1.0
fresh4,bank_full,0.0314912300103957,memory,comparison,False,False,Apriori_Gen_Borgelt,1.0,Apriori_Gen_Borgelt,1.0
fresh4,bank_full,0.0314912300103957,balanced,comparison,True,False,Gr_growth,1.0,Gr_growth,1.0
fresh4,bank_full,0.0314912300103957,balanced,comparison,False,False,Gr_growth,1.0,Gr_growth,1.0
fresh4,bank_full,0.0314912300103957,runtime,comparison,True,False,Gr_growth,1.256267409470752,Gr_growth,1.256267409470752
fresh4,bank_full,0.0314912300103957,runtime,comparison,False,False,Gr_growth,1.256267409470752,Gr_growth,1.256267409470752
fresh4,bank_full,0.2128630200614894,memory,comparison,True,False,Apriori_Gen_Borgelt,1.0,Apriori_Gen_Borgelt,1.0
fresh4,bank_full,0.2128630200614894,memory,comparison,False,False,Apriori_Gen_Borgelt,1.0,Apriori_Gen_Borgelt,1.0
fresh4,bank_full,0.2128630200614894,balanced,comparison,True,False,Gr_growth,1.438920098057342,Gr_growth,1.438920098057342
fresh4,bank_full,0.2128630200614894,balanced,comparison,False,False,Gr_growth,1.438920098057342,Gr_growth,1.438920098057342
fresh4,bank_full,0.2128630200614894,runtime,comparison,True,False,Gr_growth,1.2652173913043478,Gr_growth,1.2652173913043478
fresh4,bank_full,0.2128630200614894,runtime,comparison,False,False,Gr_growth,1.2652173913043478,Gr_growth,1.2652173913043478
fresh4,bank_full,0.8174725177501051,memory,comparison,True,False,FPgrowth_Gen_Borgelt,1.0,FPgrowth_Gen_Borgelt,1.0
fresh4,bank_full,0.8174725177501051,memory,comparison,False,False,Apriori_Gen_Borgelt,1.0108695652173914,Apriori_Gen_Borgelt,1.0108695652173914
fresh4,bank_full,0.8174725177501051,balanced,comparison,True,False,Eclat_Gen_Borgelt,1.0193133556637632,Eclat_Gen_Borgelt,1.0193133556637632
fresh4,bank_full,0.8174725177501051,balanced,comparison,False,False,Eclat_Gen_Borgelt,1.0193133556637632,Eclat_Gen_Borgelt,1.0193133556637632
fresh4,bank_full,0.8174725177501051,runtime,comparison,True,False,Gr_growth,1.3842105263157896,Gr_growth,1.3842105263157896
fresh4,bank_full,0.8174725177501051,runtime,comparison,False,False,Gr_growth,1.3842105263157896,Gr_growth,1.3842105263157896
fresh4,car,0.0264756944444444,memory,comparison,True,False,Apriori_Gen_Borgelt,1.0,Apriori_Gen_Borgelt,1.0
fresh4,car,0.0264756944444444,memory,comparison,False,False,Gr_growth,4.3,Gr_growth,4.3
fresh4,car,0.0264756944444444,balanced,comparison,True,False,Eclat_Gen_Borgelt,1.0897247358851683,Eclat_Gen_Borgelt,1.0897247358851683
fresh4,car,0.0264756944444444,balanced,comparison,False,False,Gr_growth,2.0736441353327724,Gr_growth,2.0736441353327724
fresh4,car,0.0264756944444444,runtime,comparison,True,False,Gr_growth,1.0,Gr_growth,1.0
fresh4,car,0.0264756944444444,runtime,comparison,False,False,Gr_growth,1.0,Gr_growth,1.0
fresh4,car,0.0831886574074074,memory,comparison,True,False,Apriori_Gen_Borgelt,1.0,Apriori_Gen_Borgelt,1.0
fresh4,car,0.0831886574074074,memory,comparison,False,False,Gr_growth,4.5215946843853825,Gr_growth,4.5215946843853825
fresh4,car,0.0831886574074074,balanced,comparison,True,False,Eclat_Gen_Borgelt,1.0705976844703875,Eclat_Gen_Borgelt,1.0705976844703875
fresh4,car,0.0831886574074074,balanced,comparison,False,False,Gr_growth,2.1264041676937575,Gr_growth,2.1264041676937575
fresh4,car,0.0831886574074074,runtime,comparison,True,False,Gr_growth,1.0,Gr_growth,1.0
fresh4,car,0.0831886574074074,runtime,comparison,False,False,Gr_growth,1.0,Gr_growth,1.0
fresh4,car,0.1861979166666666,memory,comparison,True,False,Apriori_Gen_Borgelt,1.0,Apriori_Gen_Borgelt,1.0
fresh4,car,0.1861979166666666,memory,comparison,False,False,Gr_growth,4.664406779661016,Gr_growth,4.664406779661016
fresh4,car,0.1861979166666666,balanced,comparison,True,False,FPgrowth_Gen_Borgelt,1.0415112878465909,FPgrowth_Gen_Borgelt,1.0415112878465909
fresh4,car,0.1861979166666666,balanced,comparison,False,False,Gr_growth,2.159723773925966,Gr_growth,2.159723773925966
fresh4,car,0.1861979166666666,runtime,comparison,True,False,Gr_growth,1.0,Gr_growth,1.0
fresh4,car,0.1861979166666666,runtime,comparison,False,False,Gr_growth,1.0,Gr_growth,1.0
fresh4,krk,0.0019514542343883,memory,comparison,True,False,Apriori_Gen_Borgelt,1.0,Apriori_Gen_Borgelt,1.0
fresh4,krk,0.0019514542343883,memory,comparison,False,False,Gr_growth,2.242219215155616,Gr_growth,2.242219215155616
fresh4,krk,0.0019514542343883,balanced,comparison,True,False,Gr_growth,1.4776283276982258,Gr_growth,1.4776283276982258
fresh4,krk,0.0019514542343883,balanced,comparison,False,False,Gr_growth,1.4776283276982258,Gr_growth,1.4776283276982258
fresh4,krk,0.0019514542343883,runtime,comparison,True,False,Gr_growth,1.346774193548387,Gr_growth,1.346774193548387
fresh4,krk,0.0019514542343883,runtime,comparison,False,False,Gr_growth,1.346774193548387,Gr_growth,1.346774193548387
fresh4,krk,0.0042326062161391,memory,comparison,True,False,Apriori_Gen_Borgelt,1.0,Apriori_Gen_Borgelt,1.0
fresh4,krk,0.0042326062161391,memory,comparison,False,False,Gr_growth,2.321074964639321,Gr_growth,2.321074964639321
fresh4,krk,0.0042326062161391,balanced,comparison,True,False,Gr_growth,1.5167512908274,Gr_growth,1.5167512908274
fresh4,krk,0.0042326062161391,balanced,comparison,False,False,Gr_growth,1.5167512908274,Gr_growth,1.5167512908274
fresh4,krk,0.0042326062161391,runtime,comparison,True,False,Gr_growth,1.0,Gr_growth,1.0
fresh4,krk,0.0042326062161391,runtime,comparison,False,False,Gr_growth,1.0,Gr_growth,1.0
fresh4,krk,0.0409805389221556,memory,comparison,True,False,Apriori_Gen_Borgelt,1.0,Apriori_Gen_Borgelt,1.0
fresh4,krk,0.0409805389221556,memory,comparison,False,False,Gr_growth,2.458015267175573,Gr_growth,2.458015267175573
fresh4,krk,0.0409805389221556,balanced,comparison,True,False,FPgrowth_Gen_Borgelt,1.0,FPgrowth_Gen_Borgelt,1.0
fresh4,krk,0.0409805389221556,balanced,comparison,False,False,Gr_growth,1.3701944701048974,Gr_growth,1.3701944701048974
fresh4,krk,0.0409805389221556,runtime,comparison,True,False,Gr_growth,1.0,Gr_growth,1.0
fresh4,krk,0.0409805389221556,runtime,comparison,False,False,Gr_growth,1.0,Gr_growth,1.0
fresh4,krk,0.0697087966923296,memory,comparison,True,False,Apriori_Gen_Borgelt,1.0,Apriori_Gen_Borgelt,1.0
fresh4,krk,0.0697087966923296,memory,comparison,False,False,Gr_growth,2.382978723404255,Gr_growth,2.382978723404255
fresh4,krk,0.0697087966923296,balanced,comparison,True,False,FPgrowth_Gen_Borgelt,1.0,FPgrowth_Gen_Borgelt,1.0
fresh4,krk,0.0697087966923296,balanced,comparison,False,False,Gr_growth,1.8386224328426437,Gr_growth,1.8386224328426437
fresh4,krk,0.0697087966923296,runtime,comparison,True,False,Gr_growth,1.5048543689320388,Gr_growth,1.5048543689320388
fresh4,krk,0.0697087966923296,runtime,comparison,False,False,Gr_growth,1.5048543689320388,Gr_growth,1.5048543689320388
fresh4,letter,0.0008375,memory,comparison,True,False,Gr_growth,1.0,Gr_growth,1.0
fresh4,letter,0.0008375,memory,comparison,False,False,Gr_growth,1.0,Gr_growth,1.0
fresh4,letter,0.0008375,balanced,comparison,True,False,Gr_growth,1.0,Gr_growth,1.0
fresh4,letter,0.0008375,balanced,comparison,False,False,Gr_growth,1.0,Gr_growth,1.0
fresh4,letter,0.0008375,runtime,comparison,True,False,Gr_growth,1.2714062150681869,Gr_growth,1.2714062150681869
fresh4,letter,0.0008375,runtime,comparison,False,False,Gr_growth,1.2714062150681869,Gr_growth,1.2714062150681869
fresh4,letter,0.0082875,memory,comparison,True,False,Apriori_Gen_Borgelt,1.0,Apriori_Gen_Borgelt,1.0
fresh4,letter,0.0082875,memory,comparison,False,False,Apriori_Gen_Borgelt,1.0,Apriori_Gen_Borgelt,1.0
fresh4,letter,0.0082875,balanced,comparison,True,False,Eclat_Gen_Borgelt,1.442643624562884,Eclat_Gen_Borgelt,1.442643624562884
fresh4,letter,0.0082875,balanced,comparison,False,False,Gr_growth,1.6593703807364033,Gr_growth,1.6593703807364033
fresh4,letter,0.0082875,runtime,comparison,True,False,Gr_growth,1.077342047930283,Gr_growth,1.077342047930283
fresh4,letter,0.0082875,runtime,comparison,False,False,Gr_growth,1.077342047930283,Gr_growth,1.077342047930283
fresh4,letter,0.0253875,memory,comparison,True,False,Apriori_Gen_Borgelt,1.0,Apriori_Gen_Borgelt,1.0
fresh4,letter,0.0253875,memory,comparison,False,False,Gr_growth,3.143270622286541,Gr_growth,3.143270622286541
fresh4,letter,0.0253875,balanced,comparison,True,False,Eclat_Gen_Borgelt,1.0878606415054173,Eclat_Gen_Borgelt,1.0878606415054173
fresh4,letter,0.0253875,balanced,comparison,False,False,Gr_growth,1.808389188064958,Gr_growth,1.808389188064958
fresh4,letter,0.0253875,runtime,comparison,True,False,Gr_growth,1.3104325699745545,Gr_growth,1.3104325699745545
fresh4,letter,0.0253875,runtime,comparison,False,False,Gr_growth,1.3104325699745545,Gr_growth,1.3104325699745545
fresh4,letter,0.0615875,memory,comparison,True,False,Apriori_Gen_Borgelt,1.0,Apriori_Gen_Borgelt,1.0
fresh4,letter,0.0615875,memory,comparison,False,False,Gr_growth,3.1453674121405752,Gr_growth,3.1453674121405752
fresh4,letter,0.0615875,balanced,comparison,True,False,Eclat_Gen_Borgelt,1.0,Eclat_Gen_Borgelt,1.0
fresh4,letter,0.0615875,balanced,comparison,False,False,Gr_growth,1.539656426282832,Gr_growth,1.539656426282832
fresh4,letter,0.0615875,runtime,comparison,True,False,Gr_growth,1.0759493670886076,Gr_growth,1.0759493670886076
fresh4,letter,0.0615875,runtime,comparison,False,False,Gr_growth,1.0759493670886076,Gr_growth,1.0759493670886076
fresh4,letter,0.1434875,memory,comparison,True,False,Apriori_Gen_Borgelt,1.0,Apriori_Gen_Borgelt,1.0
fresh4,letter,0.1434875,memory,comparison,False,False,Gr_growth,2.7854545454545456,Gr_growth,2.7854545454545456
fresh4,letter,0.1434875,balanced,comparison,True,False,FPgrowth_Gen_Borgelt,1.0192232668327763,FPgrowth_Gen_Borgelt,1.0192232668327763
fresh4,letter,0.1434875,balanced,comparison,False,False,Gr_growth,1.767919430305222,Gr_growth,1.767919430305222
fresh4,letter,0.1434875,runtime,comparison,True,False,Gr_growth,1.3040540540540542,Gr_growth,1.3040540540540542
fresh4,letter,0.1434875,runtime,comparison,False,False,Gr_growth,1.3040540540540542,Gr_growth,1.3040540540540542
fresh4,nursery,0.0499807098765432,memory,comparison,True,False,Apriori_Gen_Borgelt,1.0,Apriori_Gen_Borgelt,1.0
fresh4,nursery,0.0499807098765432,memory,comparison,False,False,Gr_growth,2.96734693877551,Gr_growth,2.96734693877551
fresh4,nursery,0.0499807098765432,balanced,comparison,True,False,FPgrowth_Gen_Borgelt,1.191182330256516,FPgrowth_Gen_Borgelt,1.191182330256516
fresh4,nursery,0.0499807098765432,balanced,comparison,False,False,Gr_growth,1.7852592012707411,Gr_growth,1.7852592012707411
fresh4,nursery,0.0499807098765432,runtime,comparison,True,False,Gr_growth,1.074074074074074,Gr_growth,1.074074074074074
fresh4,nursery,0.0499807098765432,runtime,comparison,False,False,Gr_growth,1.074074074074074,Gr_growth,1.074074074074074
fresh4,nursery,0.1110918209876543,memory,comparison,True,False,Apriori_Gen_Borgelt,1.0161616161616163,Apriori_Gen_Borgelt,1.0161616161616163
fresh4,nursery,0.1110918209876543,memory,comparison,False,False,Gr_growth,2.905050505050505,Gr_growth,2.905050505050505
fresh4,nursery,0.1110918209876543,balanced,comparison,True,False,FPgrowth_Gen_Borgelt,1.0,FPgrowth_Gen_Borgelt,1.0
fresh4,nursery,0.1110918209876543,balanced,comparison,False,False,Gr_growth,1.7044208708680215,Gr_growth,1.7044208708680215
fresh4,nursery,0.1110918209876543,runtime,comparison,True,False,Gr_growth,1.0,Gr_growth,1.0
fresh4,nursery,0.1110918209876543,runtime,comparison,False,False,Gr_growth,1.0,Gr_growth,1.0
fresh4,nursery,0.1666473765432098,memory,comparison,True,False,Apriori_Gen_Borgelt,1.0780911062906724,Apriori_Gen_Borgelt,1.0780911062906724
fresh4,nursery,0.1666473765432098,memory,comparison,False,False,Gr_growth,3.119305856832972,Gr_growth,3.119305856832972
fresh4,nursery,0.1666473765432098,balanced,comparison,True,False,FPgrowth_Gen_Borgelt,1.0,FPgrowth_Gen_Borgelt,1.0
fresh4,nursery,0.1666473765432098,balanced,comparison,False,False,Gr_growth,1.7661556717438507,Gr_growth,1.7661556717438507
fresh4,nursery,0.1666473765432098,runtime,comparison,True,False,Gr_growth,1.0,Gr_growth,1.0
fresh4,nursery,0.1666473765432098,runtime,comparison,False,False,Gr_growth,1.0,Gr_growth,1.0
fresh4,shoppers,0.002250608272506,memory,comparison,True,False,Apriori_Gen_Borgelt,1.0,Apriori_Gen_Borgelt,1.0
fresh4,shoppers,0.002250608272506,memory,comparison,False,False,Apriori_Gen_Borgelt,1.0,Apriori_Gen_Borgelt,1.0
fresh4,shoppers,0.002250608272506,balanced,comparison,True,False,Gr_growth,1.0,Gr_growth,1.0
fresh4,shoppers,0.002250608272506,balanced,comparison,False,False,Gr_growth,1.0,Gr_growth,1.0
fresh4,shoppers,0.002250608272506,runtime,comparison,True,False,Gr_growth,1.2678162942108042,Gr_growth,1.2678162942108042
fresh4,shoppers,0.002250608272506,runtime,comparison,False,False,Gr_growth,1.2678162942108042,Gr_growth,1.2678162942108042
fresh4,shoppers,0.0338807785888077,memory,comparison,True,False,Apriori_Gen_Borgelt,1.0,Apriori_Gen_Borgelt,1.0
fresh4,shoppers,0.0338807785888077,memory,comparison,False,False,Apriori_Gen_Borgelt,1.0,Apriori_Gen_Borgelt,1.0
fresh4,shoppers,0.0338807785888077,balanced,comparison,True,False,Gr_growth,1.0722407267528469,Gr_growth,1.0722407267528469
fresh4,shoppers,0.0338807785888077,balanced,comparison,False,False,Gr_growth,1.0722407267528469,Gr_growth,1.0722407267528469
fresh4,shoppers,0.0338807785888077,runtime,comparison,True,False,Gr_growth,1.5861386138613862,Gr_growth,1.5861386138613862
fresh4,shoppers,0.0338807785888077,runtime,comparison,False,False,Gr_growth,1.5861386138613862,Gr_growth,1.5861386138613862
fresh4,shoppers,0.2178223844282238,memory,comparison,True,False,Apriori_Gen_Borgelt,1.0,Apriori_Gen_Borgelt,1.0
fresh4,shoppers,0.2178223844282238,memory,comparison,False,False,Apriori_Gen_Borgelt,1.0,Apriori_Gen_Borgelt,1.0
fresh4,shoppers,0.2178223844282238,balanced,comparison,True,False,Gr_growth,1.7495935073831983,Gr_growth,1.7495935073831983
fresh4,shoppers,0.2178223844282238,balanced,comparison,False,False,Gr_growth,1.7495935073831983,Gr_growth,1.7495935073831983
fresh4,shoppers,0.2178223844282238,runtime,comparison,True,False,Gr_growth,1.31,Gr_growth,1.31
fresh4,shoppers,0.2178223844282238,runtime,comparison,False,False,Gr_growth,1.31,Gr_growth,1.31
fresh4,shoppers,0.7468572587185726,memory,comparison,True,False,Apriori_Gen_Borgelt,1.0097799511002445,Apriori_Gen_Borgelt,1.0097799511002445
fresh4,shoppers,0.7468572587185726,memory,comparison,False,False,Apriori_Gen_Borgelt,1.0097799511002445,Apriori_Gen_Borgelt,1.0097799511002445
fresh4,shoppers,0.7468572587185726,balanced,comparison,True,False,Eclat_Gen_Borgelt,1.0356829752301608,Eclat_Gen_Borgelt,1.0356829752301608
fresh4,shoppers,0.7468572587185726,balanced,comparison,False,False,Eclat_Gen_Borgelt,1.0356829752301608,Eclat_Gen_Borgelt,1.0356829752301608
fresh4,shoppers,0.7468572587185726,runtime,comparison,True,False,Gr_growth,1.39,Gr_growth,1.39
fresh4,shoppers,0.7468572587185726,runtime,comparison,False,False,Gr_growth,1.39,Gr_growth,1.39
fresh4,shuttle,0.0043160919540229,memory,comparison,True,False,Apriori_Gen_Borgelt,1.0,Apriori_Gen_Borgelt,1.0
fresh4,shuttle,0.0043160919540229,memory,comparison,False,False,Gr_growth,2.380952380952381,Gr_growth,2.380952380952381
fresh4,shuttle,0.0043160919540229,balanced,comparison,True,False,Gr_growth,1.4518017554874818,Gr_growth,1.4518017554874818
fresh4,shuttle,0.0043160919540229,balanced,comparison,False,False,Gr_growth,1.4518017554874818,Gr_growth,1.4518017554874818
fresh4,shuttle,0.0043160919540229,runtime,comparison,True,False,Gr_growth,1.0,Gr_growth,1.0
fresh4,shuttle,0.0043160919540229,runtime,comparison,False,False,Gr_growth,1.0,Gr_growth,1.0
fresh4,shuttle,0.1327068965517241,memory,comparison,True,False,Apriori_Gen_Borgelt,1.0,Apriori_Gen_Borgelt,1.0
fresh4,shuttle,0.1327068965517241,memory,comparison,False,False,Gr_growth,2.2952691680261013,Gr_growth,2.2952691680261013
fresh4,shuttle,0.1327068965517241,balanced,comparison,True,False,FPgrowth_Gen_Borgelt,1.0,FPgrowth_Gen_Borgelt,1.0
fresh4,shuttle,0.1327068965517241,balanced,comparison,False,False,Gr_growth,1.735092945774111,Gr_growth,1.735092945774111
fresh4,shuttle,0.1327068965517241,runtime,comparison,True,False,Gr_growth,1.4785276073619633,Gr_growth,1.4785276073619633
fresh4,shuttle,0.1327068965517241,runtime,comparison,False,False,Gr_growth,1.4785276073619633,Gr_growth,1.4785276073619633
fresh4,shuttle,0.2299942528735632,memory,comparison,True,False,FPgrowth_Gen_Borgelt,1.0188679245283019,FPgrowth_Gen_Borgelt,1.0188679245283019
fresh4,shuttle,0.2299942528735632,memory,comparison,False,False,Gr_growth,2.334476843910806,Gr_growth,2.334476843910806
fresh4,shuttle,0.2299942528735632,balanced,comparison,True,False,FPgrowth_Gen_Borgelt,1.050327581579764,FPgrowth_Gen_Borgelt,1.050327581579764
fresh4,shuttle,0.2299942528735632,balanced,comparison,False,False,Gr_growth,1.4851525583212455,Gr_growth,1.4851525583212455
fresh4,shuttle,0.2299942528735632,runtime,comparison,True,False,Gr_growth,1.0,Gr_growth,1.0
fresh4,shuttle,0.2299942528735632,runtime,comparison,False,False,Gr_growth,1.0,Gr_growth,1.0
fresh4,tictactoe,0.0581941544885177,memory,comparison,True,False,Apriori_Gen_Borgelt,1.0,Apriori_Gen_Borgelt,1.0
fresh4,tictactoe,0.0581941544885177,memory,comparison,False,False,Gr_growth,4.560655737704918,Gr_growth,4.560655737704918
fresh4,tictactoe,0.0581941544885177,balanced,comparison,True,False,Eclat_Gen_Borgelt,1.1928750226541467,Eclat_Gen_Borgelt,1.1928750226541467
fresh4,tictactoe,0.0581941544885177,balanced,comparison,False,False,Gr_growth,2.135569183544499,Gr_growth,2.135569183544499
fresh4,tictactoe,0.0581941544885177,runtime,comparison,True,False,Gr_growth,1.0,Gr_growth,1.0
fresh4,tictactoe,0.0581941544885177,runtime,comparison,False,False,Gr_growth,1.0,Gr_growth,1.0
fresh4,tictactoe,0.1584029227557411,memory,comparison,True,False,Apriori_Gen_Borgelt,1.0,Apriori_Gen_Borgelt,1.0
fresh4,tictactoe,0.1584029227557411,memory,comparison,False,False,Gr_growth,4.583333333333333,Gr_growth,4.583333333333333
fresh4,tictactoe,0.1584029227557411,balanced,comparison,True,False,FPgrowth_Gen_Borgelt,1.055146119422961,FPgrowth_Gen_Borgelt,1.055146119422961
fresh4,tictactoe,0.1584029227557411,balanced,comparison,False,False,Gr_growth,2.140872096444188,Gr_growth,2.140872096444188
fresh4,tictactoe,0.1584029227557411,runtime,comparison,True,False,Gr_growth,1.0,Gr_growth,1.0
fresh4,tictactoe,0.1584029227557411,runtime,comparison,False,False,Gr_growth,1.0,Gr_growth,1.0
fresh4,tictactoe,0.2346033402922756,memory,comparison,True,False,Apriori_Gen_Borgelt,1.0,Apriori_Gen_Borgelt,1.0
fresh4,tictactoe,0.2346033402922756,memory,comparison,False,False,Gr_growth,5.213483146067416,Gr_growth,5.213483146067416
fresh4,tictactoe,0.2346033402922756,balanced,comparison,True,False,FPgrowth_Gen_Borgelt,1.0947611030079467,FPgrowth_Gen_Borgelt,1.0947611030079467
fresh4,tictactoe,0.2346033402922756,balanced,comparison,False,False,Gr_growth,2.2833053116189728,Gr_growth,2.2833053116189728
fresh4,tictactoe,0.2346033402922756,runtime,comparison,True,False,Gr_growth,1.0,Gr_growth,1.0
fresh4,tictactoe,0.2346033402922756,runtime,comparison,False,False,Gr_growth,1.0,Gr_growth,1.0
fresh4,yearmsd,0.0457785561128952,memory,comparison,True,False,Apriori_Gen_Borgelt,1.0,Apriori_Gen_Borgelt,1.0
fresh4,yearmsd,0.0457785561128952,memory,comparison,False,False,Gr_growth,4.632494301853137,Gr_growth,4.632494301853137
fresh4,yearmsd,0.0457785561128952,balanced,comparison,True,False,Eclat_Gen_Borgelt,1.0,Eclat_Gen_Borgelt,1.0
fresh4,yearmsd,0.0457785561128952,balanced,comparison,False,False,Gr_growth,2.7410988613390406,Gr_growth,2.7410988613390406
fresh4,yearmsd,0.0457785561128952,runtime,comparison,True,False,FPgrowth_Gen_Borgelt,10.0,FPgrowth_Gen_Borgelt,10.0
fresh4,yearmsd,0.0457785561128952,runtime,comparison,False,False,FPgrowth_Gen_Borgelt,10.0,FPgrowth_Gen_Borgelt,10.0
fresh4,yearmsd,0.0552654047288709,memory,comparison,True,False,Apriori_Gen_Borgelt,1.0,Apriori_Gen_Borgelt,1.0
fresh4,yearmsd,0.0552654047288709,memory,comparison,False,False,Gr_growth,4.439246247525497,Gr_growth,4.439246247525497
fresh4,yearmsd,0.0552654047288709,balanced,comparison,True,False,Eclat_Gen_Borgelt,1.2907361355359768,Eclat_Gen_Borgelt,1.2907361355359768
fresh4,yearmsd,0.0552654047288709,balanced,comparison,False,False,Gr_growth,3.1398478101096834,Gr_growth,3.1398478101096834
fresh4,yearmsd,0.0552654047288709,runtime,comparison,True,False,FPgrowth_Gen_Borgelt,2.7965570328901332,FPgrowth_Gen_Borgelt,2.7965570328901332
fresh4,yearmsd,0.0552654047288709,runtime,comparison,False,False,FPgrowth_Gen_Borgelt,2.7965570328901332,FPgrowth_Gen_Borgelt,2.7965570328901332
fresh4,yearmsd,0.0707792837807682,memory,comparison,True,False,Apriori_Gen_Borgelt,1.0,Apriori_Gen_Borgelt,1.0
fresh4,yearmsd,0.0707792837807682,memory,comparison,False,False,Gr_growth,4.255941774375706,Gr_growth,4.255941774375706
fresh4,yearmsd,0.0707792837807682,balanced,comparison,True,False,Eclat_Gen_Borgelt,1.8736653111422195,Eclat_Gen_Borgelt,1.8736653111422195
fresh4,yearmsd,0.0707792837807682,balanced,comparison,False,False,Gr_growth,4.394133536941674,Gr_growth,4.394133536941674
fresh4,yearmsd,0.0707792837807682,runtime,comparison,True,False,FPgrowth_Gen_Borgelt,4.24062388379569,FPgrowth_Gen_Borgelt,4.24062388379569
fresh4,yearmsd,0.0707792837807682,runtime,comparison,False,False,FPgrowth_Gen_Borgelt,4.24062388379569,FPgrowth_Gen_Borgelt,4.24062388379569
fresh4,yearmsd,0.1006854631363455,memory,comparison,True,False,Apriori_Gen_Borgelt,1.0,Apriori_Gen_Borgelt,1.0
fresh4,yearmsd,0.1006854631363455,memory,comparison,False,False,Gr_growth,4.220373906925319,Gr_growth,4.220373906925319
fresh4,yearmsd,0.1006854631363455,balanced,comparison,True,False,Eclat_Gen_Borgelt,2.176736793643723,Eclat_Gen_Borgelt,2.176736793643723
fresh4,yearmsd,0.1006854631363455,balanced,comparison,False,False,Gr_growth,5.254075877239609,Gr_growth,5.254075877239609
fresh4,yearmsd,0.1006854631363455,runtime,comparison,True,False,FPgrowth_Gen_Borgelt,5.576962882157142,FPgrowth_Gen_Borgelt,5.576962882157142
fresh4,yearmsd,0.1006854631363455,runtime,comparison,False,False,FPgrowth_Gen_Borgelt,5.576962882157142,FPgrowth_Gen_Borgelt,5.576962882157142
fresh4,yearmsd,0.1262256352540531,memory,comparison,True,False,Apriori_Gen_Borgelt,1.0,Apriori_Gen_Borgelt,1.0
fresh4,yearmsd,0.1262256352540531,memory,comparison,False,False,Gr_growth,4.219902522359562,Gr_growth,4.219902522359562
fresh4,yearmsd,0.1262256352540531,balanced,comparison,True,False,Eclat_Gen_Borgelt,2.1839534023502787,Eclat_Gen_Borgelt,2.1839534023502787
fresh4,yearmsd,0.1262256352540531,balanced,comparison,False,False,Gr_growth,5.37200601968319,Gr_growth,5.37200601968319
fresh4,yearmsd,0.1262256352540531,runtime,comparison,True,False,FPgrowth_Gen_Borgelt,5.737773058252428,FPgrowth_Gen_Borgelt,5.737773058252428
fresh4,yearmsd,0.1262256352540531,runtime,comparison,False,False,FPgrowth_Gen_Borgelt,5.737773058252428,FPgrowth_Gen_Borgelt,5.737773058252428
fresh5,anneal,0.0153118040089086,memory,comparison,True,False,Apriori_Gen_Borgelt,1.0,Apriori_Gen_Borgelt,1.0
fresh5,anneal,0.0153118040089086,memory,comparison,False,False,Apriori_Gen_Borgelt,1.0,Apriori_Gen_Borgelt,1.0
fresh5,anneal,0.0153118040089086,balanced,comparison,True,False,Apriori_Gen_Borgelt,1.0,Apriori_Gen_Borgelt,1.0
fresh5,anneal,0.0153118040089086,balanced,comparison,False,False,Gr_growth,1.9802357935777857,Gr_growth,1.9802357935777857
fresh5,anneal,0.0153118040089086,runtime,comparison,True,False,Gr_growth,1.2142857142857142,Gr_growth,1.2142857142857142
fresh5,anneal,0.0153118040089086,runtime,comparison,False,False,Gr_growth,1.2142857142857142,Gr_growth,1.2142857142857142
fresh5,anneal,0.2213251670378619,memory,comparison,True,False,Apriori_Gen_Borgelt,1.0,Apriori_Gen_Borgelt,1.0
fresh5,anneal,0.2213251670378619,memory,comparison,False,False,Apriori_Gen_Borgelt,1.0,Apriori_Gen_Borgelt,1.0
fresh5,anneal,0.2213251670378619,balanced,comparison,True,False,FPgrowth_Gen_Borgelt,1.0760551736979407,FPgrowth_Gen_Borgelt,1.0760551736979407
fresh5,anneal,0.2213251670378619,balanced,comparison,False,False,FPgrowth_Gen_Borgelt,1.0760551736979407,FPgrowth_Gen_Borgelt,1.0760551736979407
fresh5,anneal,0.2213251670378619,runtime,comparison,True,False,Gr_growth,1.0,Gr_growth,1.0
fresh5,anneal,0.2213251670378619,runtime,comparison,False,False,Gr_growth,1.0,Gr_growth,1.0
fresh5,anneal,0.731347438752784,memory,comparison,True,False,Apriori_Gen_Borgelt,1.0398671096345515,Apriori_Gen_Borgelt,1.0398671096345515
fresh5,anneal,0.731347438752784,memory,comparison,False,False,Apriori_Gen_Borgelt,1.0398671096345515,Apriori_Gen_Borgelt,1.0398671096345515
fresh5,anneal,0.731347438752784,balanced,comparison,True,False,FPgrowth_Gen_Borgelt,1.0294662036472237,FPgrowth_Gen_Borgelt,1.0294662036472237
fresh5,anneal,0.731347438752784,balanced,comparison,False,False,FPgrowth_Gen_Borgelt,1.0294662036472237,FPgrowth_Gen_Borgelt,1.0294662036472237
fresh5,anneal,0.731347438752784,runtime,comparison,True,False,Gr_growth,1.0,Gr_growth,1.0
fresh5,anneal,0.731347438752784,runtime,comparison,False,False,Gr_growth,1.0,Gr_growth,1.0
fresh5,breast_cancer,0.0445804195804195,memory,comparison,True,False,Apriori_Gen_Borgelt,1.0,Apriori_Gen_Borgelt,1.0
fresh5,breast_cancer,0.0445804195804195,memory,comparison,False,False,Gr_growth,4.552980132450331,Gr_growth,4.552980132450331
fresh5,breast_cancer,0.0445804195804195,balanced,comparison,True,False,FPgrowth_Gen_Borgelt,1.3714206874576285,FPgrowth_Gen_Borgelt,1.3714206874576285
fresh5,breast_cancer,0.0445804195804195,balanced,comparison,False,False,Gr_growth,2.1337713402448566,Gr_growth,2.1337713402448566
fresh5,breast_cancer,0.0445804195804195,runtime,comparison,True,False,Gr_growth,1.0,Gr_growth,1.0
fresh5,breast_cancer,0.0445804195804195,runtime,comparison,False,False,Gr_growth,1.0,Gr_growth,1.0
fresh5,breast_cancer,0.1284965034965035,memory,comparison,True,False,Apriori_Gen_Borgelt,1.0,Apriori_Gen_Borgelt,1.0
fresh5,breast_cancer,0.1284965034965035,memory,comparison,False,False,Apriori_Gen_Borgelt,1.0,Apriori_Gen_Borgelt,1.0
fresh5,breast_cancer,0.1284965034965035,balanced,comparison,True,False,FPgrowth_Gen_Borgelt,1.0948302145324629,FPgrowth_Gen_Borgelt,1.0948302145324629
fresh5,breast_cancer,0.1284965034965035,balanced,comparison,False,False,Gr_growth,2.152439693231063,Gr_growth,2.152439693231063
fresh5,breast_cancer,0.1284965034965035,runtime,comparison,True,False,Gr_growth,1.0,Gr_growth,1.0
fresh5,breast_cancer,0.1284965034965035,runtime,comparison,False,False,Gr_growth,1.0,Gr_growth,1.0
fresh5,breast_cancer,0.3907342657342657,memory,comparison,True,False,FPgrowth_Gen_Borgelt,1.0701754385964912,FPgrowth_Gen_Borgelt,1.0701754385964912
fresh5,breast_cancer,0.3907342657342657,memory,comparison,False,False,Apriori_Gen_Borgelt,1.0,Apriori_Gen_Borgelt,1.0
fresh5,breast_cancer,0.3907342657342657,balanced,comparison,True,False,FPgrowth_Gen_Borgelt,1.018535696962259,FPgrowth_Gen_Borgelt,1.018535696962259
fresh5,breast_cancer,0.3907342657342657,balanced,comparison,False,False,Gr_growth,2.1626073957839225,Gr_growth,2.1626073957839225
fresh5,breast_cancer,0.3907342657342657,runtime,comparison,True,False,Gr_growth,1.0,Gr_growth,1.0
fresh5,breast_cancer,0.3907342657342657,runtime,comparison,False,False,Gr_growth,1.0,Gr_growth,1.0
fresh5,colic,0.0319293478260869,memory,comparison,True,False,Apriori_Gen_Borgelt,1.0,Apriori_Gen_Borgelt,1.0
fresh5,colic,0.0319293478260869,memory,comparison,False,False,Apriori_Gen_Borgelt,1.0,Apriori_Gen_Borgelt,1.0
fresh5,colic,0.0319293478260869,balanced,comparison,True,False,Gr_growth,2.0616237100120314,Gr_growth,2.0616237100120314
fresh5,colic,0.0319293478260869,balanced,comparison,False,False,Gr_growth,2.0616237100120314,Gr_growth,2.0616237100120314
fresh5,colic,0.0319293478260869,runtime,comparison,True,False,Gr_growth,1.1666666666666667,Gr_growth,1.1666666666666667
fresh5,colic,0.0319293478260869,runtime,comparison,False,False,Gr_growth,1.1666666666666667,Gr_growth,1.1666666666666667
fresh5,colic,0.0482336956521739,memory,comparison,True,False,Apriori_Gen_Borgelt,1.0,Apriori_Gen_Borgelt,1.0
fresh5,colic,0.0482336956521739,memory,comparison,False,False,Apriori_Gen_Borgelt,1.0,Apriori_Gen_Borgelt,1.0
fresh5,colic,0.0482336956521739,balanced,comparison,True,False,FPgrowth_Gen_Borgelt,1.6774037393088046,FPgrowth_Gen_Borgelt,1.6774037393088046
fresh5,colic,0.0482336956521739,balanced,comparison,False,False,Gr_growth,2.200766569624299,Gr_growth,2.200766569624299
fresh5,colic,0.0482336956521739,runtime,comparison,True,False,Gr_growth,1.2307692307692308,Gr_growth,1.2307692307692308
fresh5,colic,0.0482336956521739,runtime,comparison,False,False,Gr_growth,1.2307692307692308,Gr_growth,1.2307692307692308
fresh5,colic,0.1732336956521739,memory,comparison,True,False,Apriori_Gen_Borgelt,1.0,Apriori_Gen_Borgelt,1.0
fresh5,colic,0.1732336956521739,memory,comparison,False,False,Apriori_Gen_Borgelt,1.0,Apriori_Gen_Borgelt,1.0
fresh5,colic,0.1732336956521739,balanced,comparison,True,False,FPgrowth_Gen_Borgelt,1.1316809419557992,FPgrowth_Gen_Borgelt,1.1316809419557992
fresh5,colic,0.1732336956521739,balanced,comparison,False,False,Gr_growth,2.195689557195859,Gr_growth,2.195689557195859
fresh5,colic,0.1732336956521739,runtime,comparison,True,False,Gr_growth,1.0,Gr_growth,1.0
fresh5,colic,0.1732336956521739,runtime,comparison,False,False,Gr_growth,1.0,Gr_growth,1.0
fresh5,colic,0.3634510869565217,memory,comparison,True,False,Apriori_Gen_Borgelt,1.0,Apriori_Gen_Borgelt,1.0
fresh5,colic,0.3634510869565217,memory,comparison,False,False,Apriori_Gen_Borgelt,1.0,Apriori_Gen_Borgelt,1.0
fresh5,colic,0.3634510869565217,balanced,comparison,True,False,FPgrowth_Gen_Borgelt,1.0434257047654076,FPgrowth_Gen_Borgelt,1.0434257047654076
fresh5,colic,0.3634510869565217,balanced,comparison,False,False,Gr_growth,2.1662947085992523,Gr_growth,2.1662947085992523
fresh5,colic,0.3634510869565217,runtime,comparison,True,False,Gr_growth,1.0,Gr_growth,1.0
fresh5,colic,0.3634510869565217,runtime,comparison,False,False,Gr_growth,1.0,Gr_growth,1.0
fresh5,credit_a,0.019927536231884,memory,comparison,True,False,Apriori_Gen_Borgelt,1.0,Apriori_Gen_Borgelt,1.0
fresh5,credit_a,0.019927536231884,memory,comparison,False,False,Gr_growth,2.9569288389513106,Gr_growth,2.9569288389513106
fresh5,credit_a,0.019927536231884,balanced,comparison,True,False,Gr_growth,1.7518026809140281,Gr_growth,1.7518026809140281
fresh5,credit_a,0.019927536231884,balanced,comparison,False,False,Gr_growth,1.7518026809140281,Gr_growth,1.7518026809140281
fresh5,credit_a,0.019927536231884,runtime,comparison,True,False,Gr_growth,1.3241379310344825,Gr_growth,1.3241379310344825
fresh5,credit_a,0.019927536231884,runtime,comparison,False,False,Gr_growth,1.3241379310344825,Gr_growth,1.3241379310344825
fresh5,credit_a,0.0271739130434782,memory,comparison,True,False,Apriori_Gen_Borgelt,1.0,Apriori_Gen_Borgelt,1.0
fresh5,credit_a,0.0271739130434782,memory,comparison,False,False,Gr_growth,3.4246575342465753,Gr_growth,3.4246575342465753
fresh5,credit_a,0.0271739130434782,balanced,comparison,True,False,FPgrowth_Gen_Borgelt,1.5883422333452923,FPgrowth_Gen_Borgelt,1.5883422333452923
fresh5,credit_a,0.0271739130434782,balanced,comparison,False,False,Gr_growth,1.665995029860564,Gr_growth,1.665995029860564
fresh5,credit_a,0.0271739130434782,runtime,comparison,True,False,Gr_growth,1.0598290598290598,Gr_growth,1.0598290598290598
fresh5,credit_a,0.0271739130434782,runtime,comparison,False,False,Gr_growth,1.0598290598290598,Gr_growth,1.0598290598290598
fresh5,credit_a,0.1967391304347826,memory,comparison,True,False,Apriori_Gen_Borgelt,1.0,Apriori_Gen_Borgelt,1.0
fresh5,credit_a,0.1967391304347826,memory,comparison,False,False,Apriori_Gen_Borgelt,1.0,Apriori_Gen_Borgelt,1.0
fresh5,credit_a,0.1967391304347826,balanced,comparison,True,False,FPgrowth_Gen_Borgelt,1.1235190616839632,FPgrowth_Gen_Borgelt,1.1235190616839632
fresh5,credit_a,0.1967391304347826,balanced,comparison,False,False,Gr_growth,2.112414514712303,Gr_growth,2.112414514712303
fresh5,credit_a,0.1967391304347826,runtime,comparison,True,False,FPgrowth_Gen_Borgelt,1.0,FPgrowth_Gen_Borgelt,1.0
fresh5,credit_a,0.1967391304347826,runtime,comparison,False,False,FPgrowth_Gen_Borgelt,1.0,FPgrowth_Gen_Borgelt,1.0
fresh5,credit_a,0.4923913043478261,memory,comparison,True,False,Apriori_Gen_Borgelt,1.0,Apriori_Gen_Borgelt,1.0
fresh5,credit_a,0.4923913043478261,memory,comparison,False,False,Apriori_Gen_Borgelt,1.0,Apriori_Gen_Borgelt,1.0
fresh5,credit_a,0.4923913043478261,balanced,comparison,True,False,FPgrowth_Gen_Borgelt,1.0383791660645965,FPgrowth_Gen_Borgelt,1.0383791660645965
fresh5,credit_a,0.4923913043478261,balanced,comparison,False,False,Eclat_Gen_Borgelt,1.0416496597251121,Eclat_Gen_Borgelt,1.0416496597251121
fresh5,credit_a,0.4923913043478261,runtime,comparison,True,False,Gr_growth,1.0,Gr_growth,1.0
fresh5,credit_a,0.4923913043478261,runtime,comparison,False,False,Gr_growth,1.0,Gr_growth,1.0
fresh5,credit_g,0.01475,memory,comparison,True,False,Apriori_Gen_Borgelt,1.0,Apriori_Gen_Borgelt,1.0
fresh5,credit_g,0.01475,memory,comparison,False,False,Apriori_Gen_Borgelt,1.0,Apriori_Gen_Borgelt,1.0
fresh5,credit_g,0.01475,balanced,comparison,True,False,Gr_growth,1.0,Gr_growth,1.0
fresh5,credit_g,0.01475,balanced,comparison,False,False,Gr_growth,1.0,Gr_growth,1.0
fresh5,credit_g,0.01475,runtime,comparison,True,False,Gr_growth,1.4742138364779875,Gr_growth,1.4742138364779875
fresh5,credit_g,0.01475,runtime,comparison,False,False,Gr_growth,1.4742138364779875,Gr_growth,1.4742138364779875
fresh5,credit_g,0.06075,memory,comparison,True,False,Apriori_Gen_Borgelt,1.0,Apriori_Gen_Borgelt,1.0
fresh5,credit_g,0.06075,memory,comparison,False,False,Apriori_Gen_Borgelt,1.0,Apriori_Gen_Borgelt,1.0
fresh5,credit_g,0.06075,balanced,comparison,True,False,Gr_growth,1.5090037734689077,Gr_growth,1.5090037734689077
fresh5,credit_g,0.06075,balanced,comparison,False,False,Gr_growth,1.5090037734689077,Gr_growth,1.5090037734689077
fresh5,credit_g,0.06075,runtime,comparison,True,False,Gr_growth,1.2195945945945945,Gr_growth,1.2195945945945945
fresh5,credit_g,0.06075,runtime,comparison,False,False,Gr_growth,1.2195945945945945,Gr_growth,1.2195945945945945
fresh5,credit_g,0.29575,memory,comparison,True,False,Apriori_Gen_Borgelt,1.0,Apriori_Gen_Borgelt,1.0
fresh5,credit_g,0.29575,memory,comparison,False,False,Apriori_Gen_Borgelt,1.0,Apriori_Gen_Borgelt,1.0
fresh5,credit_g,0.29575,balanced,comparison,True,False,FPgrowth_Gen_Borgelt,1.15518806237749,FPgrowth_Gen_Borgelt,1.15518806237749
fresh5,credit_g,0.29575,balanced,comparison,False,False,Gr_growth,2.1677925002924807,Gr_growth,2.1677925002924807
fresh5,credit_g,0.29575,runtime,comparison,True,False,Gr_growth,1.0,Gr_growth,1.0
fresh5,credit_g,0.29575,runtime,comparison,False,False,Gr_growth,1.0,Gr_growth,1.0
fresh5,credit_g,0.61075,memory,comparison,True,False,Apriori_Gen_Borgelt,1.0,Apriori_Gen_Borgelt,1.0
fresh5,credit_g,0.61075,memory,comparison,False,False,Apriori_Gen_Borgelt,1.0,Apriori_Gen_Borgelt,1.0
fresh5,credit_g,0.61075,balanced,comparison,True,False,FPgrowth_Gen_Borgelt,1.033528818263825,FPgrowth_Gen_Borgelt,1.033528818263825
fresh5,credit_g,0.61075,balanced,comparison,False,False,Eclat_Gen_Borgelt,1.16373782025236,Eclat_Gen_Borgelt,1.16373782025236
fresh5,credit_g,0.61075,runtime,comparison,True,False,Gr_growth,1.0,Gr_growth,1.0
fresh5,credit_g,0.61075,runtime,comparison,False,False,Gr_growth,1.0,Gr_growth,1.0
fresh5,hypothyroid,0.0076219512195121,memory,comparison,True,False,Gr_growth,1.4778426302179535,Gr_growth,1.4778426302179535
fresh5,hypothyroid,0.0076219512195121,memory,comparison,False,False,Apriori_Gen_Borgelt,1.0,Apriori_Gen_Borgelt,1.0
fresh5,hypothyroid,0.0076219512195121,balanced,comparison,True,False,Gr_growth,1.0,Gr_growth,1.0
fresh5,hypothyroid,0.0076219512195121,balanced,comparison,False,False,FPgrowth_Gen_Borgelt,1.409319365226243,FPgrowth_Gen_Borgelt,1.409319365226243
fresh5,hypothyroid,0.0076219512195121,runtime,comparison,True,False,Gr_growth,1.0,Gr_growth,1.0
fresh5,hypothyroid,0.0076219512195121,runtime,comparison,False,False,Gr_growth,1.0,Gr_growth,1.0
fresh5,hypothyroid,0.108364262990456,memory,comparison,True,False,Apriori_Gen_Borgelt,1.0,Apriori_Gen_Borgelt,1.0
fresh5,hypothyroid,0.108364262990456,memory,comparison,False,False,Apriori_Gen_Borgelt,1.0,Apriori_Gen_Borgelt,1.0
fresh5,hypothyroid,0.108364262990456,balanced,comparison,True,False,Gr_growth,1.0,Gr_growth,1.0
fresh5,hypothyroid,0.108364262990456,balanced,comparison,False,False,FPgrowth_Gen_Borgelt,1.172924402111655,FPgrowth_Gen_Borgelt,1.172924402111655
fresh5,hypothyroid,0.108364262990456,runtime,comparison,True,False,Gr_growth,1.32724078642446,Gr_growth,1.32724078642446
fresh5,hypothyroid,0.108364262990456,runtime,comparison,False,False,Gr_growth,1.32724078642446,Gr_growth,1.32724078642446
fresh5,hypothyroid,0.9127120890774124,memory,comparison,True,False,Apriori_Gen_Borgelt,1.0,Apriori_Gen_Borgelt,1.0
fresh5,hypothyroid,0.9127120890774124,memory,comparison,False,False,Apriori_Gen_Borgelt,1.0,Apriori_Gen_Borgelt,1.0
fresh5,hypothyroid,0.9127120890774124,balanced,comparison,True,False,Eclat_Gen_Borgelt,1.1346029894469571,Eclat_Gen_Borgelt,1.1346029894469571
fresh5,hypothyroid,0.9127120890774124,balanced,comparison,False,False,Eclat_Gen_Borgelt,1.1346029894469571,Eclat_Gen_Borgelt,1.1346029894469571
fresh5,hypothyroid,0.9127120890774124,runtime,comparison,True,False,Gr_growth,1.11,Gr_growth,1.11
fresh5,hypothyroid,0.9127120890774124,runtime,comparison,False,False,Gr_growth,1.11,Gr_growth,1.11
fresh5,hypothyroid,0.9858828207847296,memory,comparison,True,False,FPgrowth_Gen_Borgelt,1.0489913544668588,FPgrowth_Gen_Borgelt,1.0489913544668588
fresh5,hypothyroid,0.9858828207847296,memory,comparison,False,False,Apriori_Gen_Borgelt,1.0,Apriori_Gen_Borgelt,1.0
fresh5,hypothyroid,0.9858828207847296,balanced,comparison,True,False,FPgrowth_Gen_Borgelt,1.0242027897183539,FPgrowth_Gen_Borgelt,1.0242027897183539
fresh5,hypothyroid,0.9858828207847296,balanced,comparison,False,False,Eclat_Gen_Borgelt,1.004313463586549,Eclat_Gen_Borgelt,1.004313463586549
fresh5,hypothyroid,0.9858828207847296,runtime,comparison,True,False,Gr_growth,1.0,Gr_growth,1.0
fresh5,hypothyroid,0.9858828207847296,runtime,comparison,False,False,Gr_growth,1.0,Gr_growth,1.0
fresh5,primary_tumor,0.0405604719764011,memory,comparison,True,False,Apriori_Gen_Borgelt,1.0,Apriori_Gen_Borgelt,1.0
fresh5,primary_tumor,0.0405604719764011,memory,comparison,False,False,Apriori_Gen_Borgelt,1.0,Apriori_Gen_Borgelt,1.0
fresh5,primary_tumor,0.0405604719764011,balanced,comparison,True,False,Gr_growth,1.459826631395349,Gr_growth,1.459826631395349
fresh5,primary_tumor,0.0405604719764011,balanced,comparison,False,False,Gr_growth,1.459826631395349,Gr_growth,1.459826631395349
fresh5,primary_tumor,0.0405604719764011,runtime,comparison,True,False,Gr_growth,1.2942430703624734,Gr_growth,1.2942430703624734
fresh5,primary_tumor,0.0405604719764011,runtime,comparison,False,False,Gr_growth,1.2942430703624734,Gr_growth,1.2942430703624734
fresh5,primary_tumor,0.4564896755162242,memory,comparison,True,False,Apriori_Gen_Borgelt,1.0,Apriori_Gen_Borgelt,1.0
fresh5,primary_tumor,0.4564896755162242,memory,comparison,False,False,Apriori_Gen_Borgelt,1.0,Apriori_Gen_Borgelt,1.0
fresh5,primary_tumor,0.4564896755162242,balanced,comparison,True,False,FPgrowth_Gen_Borgelt,1.2219065248845982,FPgrowth_Gen_Borgelt,1.2219065248845982
fresh5,primary_tumor,0.4564896755162242,balanced,comparison,False,False,Gr_growth,2.187400791401114,Gr_growth,2.187400791401114
fresh5,primary_tumor,0.4564896755162242,runtime,comparison,True,False,Gr_growth,1.0,Gr_growth,1.0
fresh5,primary_tumor,0.4564896755162242,runtime,comparison,False,False,Gr_growth,1.0,Gr_growth,1.0
fresh5,primary_tumor,0.7957227138643068,memory,comparison,True,False,Apriori_Gen_Borgelt,1.0,Apriori_Gen_Borgelt,1.0
fresh5,primary_tumor,0.7957227138643068,memory,comparison,False,False,Apriori_Gen_Borgelt,1.0,Apriori_Gen_Borgelt,1.0
fresh5,primary_tumor,0.7957227138643068,balanced,comparison,True,False,FPgrowth_Gen_Borgelt,1.0714543576061526,FPgrowth_Gen_Borgelt,1.0714543576061526
fresh5,primary_tumor,0.7957227138643068,balanced,comparison,False,False,Eclat_Gen_Borgelt,1.0458789680859235,Eclat_Gen_Borgelt,1.0458789680859235
fresh5,primary_tumor,0.7957227138643068,runtime,comparison,True,False,Gr_growth,1.0,Gr_growth,1.0
fresh5,primary_tumor,0.7957227138643068,runtime,comparison,False,False,Gr_growth,1.0,Gr_growth,1.0
fresh5,segment,0.0128787878787878,memory,comparison,True,False,Apriori_Gen_Borgelt,1.0,Apriori_Gen_Borgelt,1.0
fresh5,segment,0.0128787878787878,memory,comparison,False,False,Apriori_Gen_Borgelt,1.0,Apriori_Gen_Borgelt,1.0
fresh5,segment,0.0128787878787878,balanced,comparison,True,False,Gr_growth,1.009317811687541,Gr_growth,1.009317811687541
fresh5,segment,0.0128787878787878,balanced,comparison,False,False,FPgrowth_Gen_Borgelt,1.0,FPgrowth_Gen_Borgelt,1.0
fresh5,segment,0.0128787878787878,runtime,comparison,True,False,Gr_growth,1.3766233766233766,Gr_growth,1.3766233766233766
fresh5,segment,0.0128787878787878,runtime,comparison,False,False,Gr_growth,1.3766233766233766,Gr_growth,1.3766233766233766
fresh5,segment,0.0548701298701298,memory,comparison,True,False,Apriori_Gen_Borgelt,1.0,Apriori_Gen_Borgelt,1.0
fresh5,segment,0.0548701298701298,memory,comparison,False,False,Apriori_Gen_Borgelt,1.0,Apriori_Gen_Borgelt,1.0
fresh5,segment,0.0548701298701298,balanced,comparison,True,False,Gr_growth,1.2425510268770878,Gr_growth,1.2425510268770878
fresh5,segment,0.0548701298701298,balanced,comparison,False,False,Gr_growth,1.2425510268770878,Gr_growth,1.2425510268770878
fresh5,segment,0.0548701298701298,runtime,comparison,True,False,Gr_growth,1.2275449101796407,Gr_growth,1.2275449101796407
fresh5,segment,0.0548701298701298,runtime,comparison,False,False,Gr_growth,1.2275449101796407,Gr_growth,1.2275449101796407
fresh5,segment,0.1968614718614718,memory,comparison,True,False,Apriori_Gen_Borgelt,1.0,Apriori_Gen_Borgelt,1.0
fresh5,segment,0.1968614718614718,memory,comparison,False,False,Apriori_Gen_Borgelt,1.0,Apriori_Gen_Borgelt,1.0
fresh5,segment,0.1968614718614718,balanced,comparison,True,False,FPgrowth_Gen_Borgelt,1.1362313460852176,FPgrowth_Gen_Borgelt,1.1362313460852176
fresh5,segment,0.1968614718614718,balanced,comparison,False,False,FPgrowth_Gen_Borgelt,1.1362313460852176,FPgrowth_Gen_Borgelt,1.1362313460852176
fresh5,segment,0.1968614718614718,runtime,comparison,True,False,Gr_growth,1.0,Gr_growth,1.0
fresh5,segment,0.1968614718614718,runtime,comparison,False,False,Gr_growth,1.0,Gr_growth,1.0
fresh5,segment,0.2055194805194805,memory,comparison,True,False,Apriori_Gen_Borgelt,1.0224358974358974,Apriori_Gen_Borgelt,1.0224358974358974
fresh5,segment,0.2055194805194805,memory,comparison,False,False,Apriori_Gen_Borgelt,1.0224358974358974,Apriori_Gen_Borgelt,1.0224358974358974
fresh5,segment,0.2055194805194805,balanced,comparison,True,False,FPgrowth_Gen_Borgelt,1.0,FPgrowth_Gen_Borgelt,1.0
fresh5,segment,0.2055194805194805,balanced,comparison,False,False,FPgrowth_Gen_Borgelt,1.0,FPgrowth_Gen_Borgelt,1.0
fresh5,segment,0.2055194805194805,runtime,comparison,True,False,Gr_growth,1.0,Gr_growth,1.0
fresh5,segment,0.2055194805194805,runtime,comparison,False,False,Gr_growth,1.0,Gr_growth,1.0
fresh5,soybean,0.0230600292825768,memory,comparison,True,False,Gr_growth,1.0,Gr_growth,1.0
fresh5,soybean,0.0230600292825768,memory,comparison,False,False,Apriori_Gen_Borgelt,1.38171910848902,Apriori_Gen_Borgelt,1.38171910848902
fresh5,soybean,0.0230600292825768,balanced,comparison,True,False,Gr_growth,1.0,Gr_growth,1.0
fresh5,soybean,0.0230600292825768,balanced,comparison,False,False,FPgrowth_Gen_Borgelt,1.2056817055920073,FPgrowth_Gen_Borgelt,1.2056817055920073
fresh5,soybean,0.0230600292825768,runtime,comparison,True,False,FPgrowth_Gen_Borgelt,1.0,FPgrowth_Gen_Borgelt,1.0
fresh5,soybean,0.0230600292825768,runtime,comparison,False,False,FPgrowth_Gen_Borgelt,1.0,FPgrowth_Gen_Borgelt,1.0
fresh5,soybean,0.1621522693997071,memory,comparison,True,False,Apriori_Gen_Borgelt,1.0,Apriori_Gen_Borgelt,1.0
fresh5,soybean,0.1621522693997071,memory,comparison,False,False,Apriori_Gen_Borgelt,1.0,Apriori_Gen_Borgelt,1.0
fresh5,soybean,0.1621522693997071,balanced,comparison,True,False,Gr_growth,1.0,Gr_growth,1.0
fresh5,soybean,0.1621522693997071,balanced,comparison,False,False,FPgrowth_Gen_Borgelt,1.0451939966767088,FPgrowth_Gen_Borgelt,1.0451939966767088
fresh5,soybean,0.1621522693997071,runtime,comparison,True,False,FPgrowth_Gen_Borgelt,1.0,FPgrowth_Gen_Borgelt,1.0
fresh5,soybean,0.1621522693997071,runtime,comparison,False,False,FPgrowth_Gen_Borgelt,1.0,FPgrowth_Gen_Borgelt,1.0
fresh5,soybean,0.6379941434846267,memory,comparison,True,False,Apriori_Gen_Borgelt,1.0,Apriori_Gen_Borgelt,1.0
fresh5,soybean,0.6379941434846267,memory,comparison,False,False,Apriori_Gen_Borgelt,1.0,Apriori_Gen_Borgelt,1.0
fresh5,soybean,0.6379941434846267,balanced,comparison,True,False,FPgrowth_Gen_Borgelt,1.209151026390195,FPgrowth_Gen_Borgelt,1.209151026390195
fresh5,soybean,0.6379941434846267,balanced,comparison,False,False,Gr_growth,2.1302473554447943,Gr_growth,2.1302473554447943
fresh5,soybean,0.6379941434846267,runtime,comparison,True,False,FPgrowth_Gen_Borgelt,1.0,FPgrowth_Gen_Borgelt,1.0
fresh5,soybean,0.6379941434846267,runtime,comparison,False,False,FPgrowth_Gen_Borgelt,1.0,FPgrowth_Gen_Borgelt,1.0
fresh5,soybean,0.777086383601757,memory,comparison,True,False,Apriori_Gen_Borgelt,1.0,Apriori_Gen_Borgelt,1.0
fresh5,soybean,0.777086383601757,memory,comparison,False,False,Apriori_Gen_Borgelt,1.0,Apriori_Gen_Borgelt,1.0
fresh5,soybean,0.777086383601757,balanced,comparison,True,False,FPgrowth_Gen_Borgelt,1.0031695800557383,FPgrowth_Gen_Borgelt,1.0031695800557383
fresh5,soybean,0.777086383601757,balanced,comparison,False,False,FPgrowth_Gen_Borgelt,1.0031695800557383,FPgrowth_Gen_Borgelt,1.0031695800557383
fresh5,soybean,0.777086383601757,runtime,comparison,True,False,FPgrowth_Gen_Borgelt,1.0,FPgrowth_Gen_Borgelt,1.0
fresh5,soybean,0.777086383601757,runtime,comparison,False,False,FPgrowth_Gen_Borgelt,1.0,FPgrowth_Gen_Borgelt,1.0
fresh5,susy,0.02598815,memory,comparison,True,False,Apriori_Gen_Borgelt,1.0,Apriori_Gen_Borgelt,1.0
fresh5,susy,0.02598815,memory,comparison,False,False,Gr_growth,1.8361055858245168,Gr_growth,1.8361055858245168
fresh5,susy,0.02598815,balanced,comparison,True,False,Gr_growth,1.7469478312892284,Gr_growth,1.7469478312892284
fresh5,susy,0.02598815,balanced,comparison,False,False,Gr_growth,1.7469478312892284,Gr_growth,1.7469478312892284
fresh5,susy,0.02598815,runtime,comparison,True,False,Gr_growth,3.1610114893160097,Gr_growth,3.1610114893160097
fresh5,susy,0.02598815,runtime,comparison,False,False,Gr_growth,3.1610114893160097,Gr_growth,3.1610114893160097
fresh5,susy,0.04290295,memory,comparison,True,False,Apriori_Gen_Borgelt,1.0,Apriori_Gen_Borgelt,1.0
fresh5,susy,0.04290295,memory,comparison,False,False,Gr_growth,1.5962129015489177,Gr_growth,1.5962129015489177
fresh5,susy,0.04290295,balanced,comparison,True,False,Gr_growth,1.644193884601843,Gr_growth,1.644193884601843
fresh5,susy,0.04290295,balanced,comparison,False,False,Gr_growth,1.644193884601843,Gr_growth,1.644193884601843
fresh5,susy,0.04290295,runtime,comparison,True,False,Gr_growth,3.7434875002984644,Gr_growth,3.7434875002984644
fresh5,susy,0.04290295,runtime,comparison,False,False,Gr_growth,3.7434875002984644,Gr_growth,3.7434875002984644
fresh5,susy,0.11046075,memory,comparison,True,False,Apriori_Gen_Borgelt,1.0,Apriori_Gen_Borgelt,1.0
fresh5,susy,0.11046075,memory,comparison,False,False,Gr_growth,1.5997736812581,Gr_growth,1.5997736812581
fresh5,susy,0.11046075,balanced,comparison,True,False,Gr_growth,1.762833383938191,Gr_growth,1.762833383938191
fresh5,susy,0.11046075,balanced,comparison,False,False,Gr_growth,1.762833383938191,Gr_growth,1.762833383938191
fresh5,susy,0.11046075,runtime,comparison,True,False,Gr_growth,4.071702580065324,Gr_growth,4.071702580065324
fresh5,susy,0.11046075,runtime,comparison,False,False,Gr_growth,4.071702580065324,Gr_growth,4.071702580065324
fresh5,susy,0.16199895,memory,comparison,True,False,Apriori_Gen_Borgelt,1.0,Apriori_Gen_Borgelt,1.0
fresh5,susy,0.16199895,memory,comparison,False,False,Gr_growth,1.6054879350843476,Gr_growth,1.6054879350843476
fresh5,susy,0.16199895,balanced,comparison,True,False,Gr_growth,1.967255900883246,Gr_growth,1.967255900883246
fresh5,susy,0.16199895,balanced,comparison,False,False,Gr_growth,1.967255900883246,Gr_growth,1.967255900883246
fresh5,susy,0.16199895,runtime,comparison,True,False,Gr_growth,3.8318805659887083,Gr_growth,3.8318805659887083
fresh5,susy,0.16199895,runtime,comparison,False,False,Gr_growth,3.8318805659887083,Gr_growth,3.8318805659887083
fresh5,vote,0.0660919540229885,memory,comparison,True,False,Apriori_Gen_Borgelt,1.0,Apriori_Gen_Borgelt,1.0
fresh5,vote,0.0660919540229885,memory,comparison,False,False,Apriori_Gen_Borgelt,1.0,Apriori_Gen_Borgelt,1.0
fresh5,vote,0.0660919540229885,balanced,comparison,True,False,FPgrowth_Gen_Borgelt,1.0858484252655654,FPgrowth_Gen_Borgelt,1.0858484252655654
fresh5,vote,0.0660919540229885,balanced,comparison,False,False,Gr_growth,1.1882377756313396,Gr_growth,1.1882377756313396
fresh5,vote,0.0660919540229885,runtime,comparison,True,False,FPgrowth_Gen_Borgelt,1.0,FPgrowth_Gen_Borgelt,1.0
fresh5,vote,0.0660919540229885,runtime,comparison,False,False,FPgrowth_Gen_Borgelt,1.0,FPgrowth_Gen_Borgelt,1.0
fresh5,vote,0.3442528735632184,memory,comparison,True,False,Apriori_Gen_Borgelt,1.0,Apriori_Gen_Borgelt,1.0
fresh5,vote,0.3442528735632184,memory,comparison,False,False,Apriori_Gen_Borgelt,1.0,Apriori_Gen_Borgelt,1.0
fresh5,vote,0.3442528735632184,balanced,comparison,True,False,FPgrowth_Gen_Borgelt,1.1341159911014767,FPgrowth_Gen_Borgelt,1.1341159911014767
fresh5,vote,0.3442528735632184,balanced,comparison,False,False,Eclat_Gen_Borgelt,1.1309959962187743,Eclat_Gen_Borgelt,1.1309959962187743
fresh5,vote,0.3442528735632184,runtime,comparison,True,False,FPgrowth_Gen_Borgelt,1.0,FPgrowth_Gen_Borgelt,1.0
fresh5,vote,0.3442528735632184,runtime,comparison,False,False,FPgrowth_Gen_Borgelt,1.0,FPgrowth_Gen_Borgelt,1.0
fresh5,vote,0.4637931034482758,memory,comparison,True,False,Apriori_Gen_Borgelt,1.0,Apriori_Gen_Borgelt,1.0
fresh5,vote,0.4637931034482758,memory,comparison,False,False,Apriori_Gen_Borgelt,1.0,Apriori_Gen_Borgelt,1.0
fresh5,vote,0.4637931034482758,balanced,comparison,True,False,FPgrowth_Gen_Borgelt,1.0430858876497584,FPgrowth_Gen_Borgelt,1.0430858876497584
fresh5,vote,0.4637931034482758,balanced,comparison,False,False,Gr_growth,2.202751160720688,Gr_growth,2.202751160720688
fresh5,vote,0.4637931034482758,runtime,comparison,True,False,FPgrowth_Gen_Borgelt,1.0,FPgrowth_Gen_Borgelt,1.0
fresh5,vote,0.4637931034482758,runtime,comparison,False,False,FPgrowth_Gen_Borgelt,1.0,FPgrowth_Gen_Borgelt,1.0
fresh5,waveform_5000,0.03575,memory,comparison,True,False,Apriori_Gen_Borgelt,1.0,Apriori_Gen_Borgelt,1.0
fresh5,waveform_5000,0.03575,memory,comparison,False,False,Gr_growth,2.1622137404580153,Gr_growth,2.1622137404580153
fresh5,waveform_5000,0.03575,balanced,comparison,True,False,Eclat_Gen_Borgelt,1.2378412082890815,Eclat_Gen_Borgelt,1.2378412082890815
fresh5,waveform_5000,0.03575,balanced,comparison,False,False,Gr_growth,2.057448493109024,Gr_growth,2.057448493109024
fresh5,waveform_5000,0.03575,runtime,comparison,True,False,FPgrowth_Gen_Borgelt,2.3213957759412307,FPgrowth_Gen_Borgelt,2.3213957759412307
fresh5,waveform_5000,0.03575,runtime,comparison,False,False,FPgrowth_Gen_Borgelt,2.3213957759412307,FPgrowth_Gen_Borgelt,2.3213957759412307
fresh5,waveform_5000,0.04215,memory,comparison,True,False,Apriori_Gen_Borgelt,1.0,Apriori_Gen_Borgelt,1.0
fresh5,waveform_5000,0.04215,memory,comparison,False,False,Gr_growth,3.802841918294849,Gr_growth,3.802841918294849
fresh5,waveform_5000,0.04215,balanced,comparison,True,False,Eclat_Gen_Borgelt,1.0,Eclat_Gen_Borgelt,1.0
fresh5,waveform_5000,0.04215,balanced,comparison,False,False,Gr_growth,1.8048738813085912,Gr_growth,1.8048738813085912
fresh5,waveform_5000,0.04215,runtime,comparison,True,False,FPgrowth_Gen_Borgelt,1.2781155015197567,FPgrowth_Gen_Borgelt,1.2781155015197567
fresh5,waveform_5000,0.04215,runtime,comparison,False,False,FPgrowth_Gen_Borgelt,1.2781155015197567,FPgrowth_Gen_Borgelt,1.2781155015197567
fresh5,waveform_5000,0.05775,memory,comparison,True,False,Apriori_Gen_Borgelt,1.0,Apriori_Gen_Borgelt,1.0
fresh5,waveform_5000,0.05775,memory,comparison,False,False,Gr_growth,4.343621399176954,Gr_growth,4.343621399176954
fresh5,waveform_5000,0.05775,balanced,comparison,True,False,Eclat_Gen_Borgelt,1.0877166781917342,Eclat_Gen_Borgelt,1.0877166781917342
fresh5,waveform_5000,0.05775,balanced,comparison,False,False,Gr_growth,2.4737681998629033,Gr_growth,2.4737681998629033
fresh5,waveform_5000,0.05775,runtime,comparison,True,False,FPgrowth_Gen_Borgelt,1.75,FPgrowth_Gen_Borgelt,1.75
fresh5,waveform_5000,0.05775,runtime,comparison,False,False,FPgrowth_Gen_Borgelt,1.75,FPgrowth_Gen_Borgelt,1.75
fresh5,waveform_5000,0.09935,memory,comparison,True,False,Apriori_Gen_Borgelt,1.0,Apriori_Gen_Borgelt,1.0
fresh5,waveform_5000,0.09935,memory,comparison,False,False,Gr_growth,4.290983606557377,Gr_growth,4.290983606557377
fresh5,waveform_5000,0.09935,balanced,comparison,True,False,Eclat_Gen_Borgelt,1.1895431653334587,Eclat_Gen_Borgelt,1.1895431653334587
fresh5,waveform_5000,0.09935,balanced,comparison,False,False,Gr_growth,2.5034165610218118,Gr_growth,2.5034165610218118
fresh5,waveform_5000,0.09935,runtime,comparison,True,False,FPgrowth_Gen_Borgelt,1.3377192982456139,FPgrowth_Gen_Borgelt,1.3377192982456139
fresh5,waveform_5000,0.09935,runtime,comparison,False,False,FPgrowth_Gen_Borgelt,1.3377192982456139,FPgrowth_Gen_Borgelt,1.3377192982456139
fresh5,waveform_5000,0.13435,memory,comparison,True,False,Apriori_Gen_Borgelt,1.0,Apriori_Gen_Borgelt,1.0
fresh5,waveform_5000,0.13435,memory,comparison,False,False,Gr_growth,4.266393442622951,Gr_growth,4.266393442622951
fresh5,waveform_5000,0.13435,balanced,comparison,True,False,Eclat_Gen_Borgelt,1.47451899508292,Eclat_Gen_Borgelt,1.47451899508292
fresh5,waveform_5000,0.13435,balanced,comparison,False,False,Gr_growth,2.710106514317443,Gr_growth,2.710106514317443
fresh5,waveform_5000,0.13435,runtime,comparison,True,False,FPgrowth_Gen_Borgelt,2.082278481012658,FPgrowth_Gen_Borgelt,2.082278481012658
fresh5,waveform_5000,0.13435,runtime,comparison,False,False,FPgrowth_Gen_Borgelt,2.082278481012658,FPgrowth_Gen_Borgelt,2.082278481012658
fresh6,audiology,0.9502212389380532,memory,comparison,True,False,Gr_growth,4.108071795948358,Gr_growth,4.108071795948358
fresh6,audiology,0.9502212389380532,memory,comparison,False,False,Apriori_Gen_Borgelt,4.422168573527868,Apriori_Gen_Borgelt,4.422168573527868
fresh6,audiology,0.9502212389380532,balanced,comparison,True,False,Gr_growth,3.414525523224869,Gr_growth,3.414525523224869
fresh6,audiology,0.9502212389380532,balanced,comparison,False,False,FPgrowth_Gen_Borgelt,5.69990729493343,FPgrowth_Gen_Borgelt,5.69990729493343
fresh6,audiology,0.9502212389380532,runtime,comparison,True,False,FPgrowth_Gen_Borgelt,4.1850959270040144,FPgrowth_Gen_Borgelt,4.1850959270040144
fresh6,audiology,0.9502212389380532,runtime,comparison,False,False,FPgrowth_Gen_Borgelt,4.1850959270040144,FPgrowth_Gen_Borgelt,4.1850959270040144
fresh6,audiology,0.9900442477876106,memory,comparison,True,False,Apriori_Gen_Borgelt,1.0231788079470199,Apriori_Gen_Borgelt,1.0231788079470199
fresh6,audiology,0.9900442477876106,memory,comparison,False,False,Apriori_Gen_Borgelt,1.0231788079470199,Apriori_Gen_Borgelt,1.0231788079470199
fresh6,audiology,0.9900442477876106,balanced,comparison,True,False,FPgrowth_Gen_Borgelt,1.057924996402507,FPgrowth_Gen_Borgelt,1.057924996402507
fresh6,audiology,0.9900442477876106,balanced,comparison,False,False,FPgrowth_Gen_Borgelt,1.057924996402507,FPgrowth_Gen_Borgelt,1.057924996402507
fresh6,audiology,0.9900442477876106,runtime,comparison,True,False,FPgrowth_Gen_Borgelt,1.0,FPgrowth_Gen_Borgelt,1.0
fresh6,audiology,0.9900442477876106,runtime,comparison,False,False,FPgrowth_Gen_Borgelt,1.0,FPgrowth_Gen_Borgelt,1.0
fresh6,autos,0.0573170731707317,memory,comparison,True,False,Apriori_Gen_Borgelt,1.0,Apriori_Gen_Borgelt,1.0
fresh6,autos,0.0573170731707317,memory,comparison,False,False,Apriori_Gen_Borgelt,1.0,Apriori_Gen_Borgelt,1.0
fresh6,autos,0.0573170731707317,balanced,comparison,True,False,FPgrowth_Gen_Borgelt,1.6689210342705711,FPgrowth_Gen_Borgelt,1.6689210342705711
fresh6,autos,0.0573170731707317,balanced,comparison,False,False,FPgrowth_Gen_Borgelt,1.6689210342705711,FPgrowth_Gen_Borgelt,1.6689210342705711
fresh6,autos,0.0573170731707317,runtime,comparison,True,False,FPgrowth_Gen_Borgelt,1.2671755725190839,FPgrowth_Gen_Borgelt,1.2671755725190839
fresh6,autos,0.0573170731707317,runtime,comparison,False,False,FPgrowth_Gen_Borgelt,1.2671755725190839,FPgrowth_Gen_Borgelt,1.2671755725190839
fresh6,autos,0.0865853658536585,memory,comparison,True,False,Apriori_Gen_Borgelt,1.0,Apriori_Gen_Borgelt,1.0
fresh6,autos,0.0865853658536585,memory,comparison,False,False,Apriori_Gen_Borgelt,1.0,Apriori_Gen_Borgelt,1.0
fresh6,autos,0.0865853658536585,balanced,comparison,True,False,FPgrowth_Gen_Borgelt,1.6339207354388308,FPgrowth_Gen_Borgelt,1.6339207354388308
fresh6,autos,0.0865853658536585,balanced,comparison,False,False,FPgrowth_Gen_Borgelt,1.6339207354388308,FPgrowth_Gen_Borgelt,1.6339207354388308
fresh6,autos,0.0865853658536585,runtime,comparison,True,False,FPgrowth_Gen_Borgelt,1.0,FPgrowth_Gen_Borgelt,1.0
fresh6,autos,0.0865853658536585,runtime,comparison,False,False,FPgrowth_Gen_Borgelt,1.0,FPgrowth_Gen_Borgelt,1.0
fresh6,autos,0.2329268292682927,memory,comparison,True,False,Apriori_Gen_Borgelt,1.0,Apriori_Gen_Borgelt,1.0
fresh6,autos,0.2329268292682927,memory,comparison,False,False,Apriori_Gen_Borgelt,1.0,Apriori_Gen_Borgelt,1.0
fresh6,autos,0.2329268292682927,balanced,comparison,True,False,FPgrowth_Gen_Borgelt,1.0671873729054746,FPgrowth_Gen_Borgelt,1.0671873729054746
fresh6,autos,0.2329268292682927,balanced,comparison,False,False,FPgrowth_Gen_Borgelt,1.0671873729054746,FPgrowth_Gen_Borgelt,1.0671873729054746
fresh6,autos,0.2329268292682927,runtime,comparison,True,False,FPgrowth_Gen_Borgelt,1.0,FPgrowth_Gen_Borgelt,1.0
fresh6,autos,0.2329268292682927,runtime,comparison,False,False,FPgrowth_Gen_Borgelt,1.0,FPgrowth_Gen_Borgelt,1.0
fresh6,autos,0.5841463414634146,memory,comparison,True,False,Apriori_Gen_Borgelt,1.0,Apriori_Gen_Borgelt,1.0
fresh6,autos,0.5841463414634146,memory,comparison,False,False,Apriori_Gen_Borgelt,1.0,Apriori_Gen_Borgelt,1.0
fresh6,autos,0.5841463414634146,balanced,comparison,True,False,FPgrowth_Gen_Borgelt,1.0230672835481873,FPgrowth_Gen_Borgelt,1.0230672835481873
fresh6,autos,0.5841463414634146,balanced,comparison,False,False,FPgrowth_Gen_Borgelt,1.0230672835481873,FPgrowth_Gen_Borgelt,1.0230672835481873
fresh6,autos,0.5841463414634146,runtime,comparison,True,False,FPgrowth_Gen_Borgelt,1.0,FPgrowth_Gen_Borgelt,1.0
fresh6,autos,0.5841463414634146,runtime,comparison,False,False,FPgrowth_Gen_Borgelt,1.0,FPgrowth_Gen_Borgelt,1.0
fresh6,balance_scale,0.0396,memory,comparison,True,False,Apriori_Gen_Borgelt,1.0,Apriori_Gen_Borgelt,1.0
fresh6,balance_scale,0.0396,memory,comparison,False,False,Gr_growth,4.824561403508771,Gr_growth,4.824561403508771
fresh6,balance_scale,0.0396,balanced,comparison,True,False,Eclat_Gen_Borgelt,1.0259783520851542,Eclat_Gen_Borgelt,1.0259783520851542
fresh6,balance_scale,0.0396,balanced,comparison,False,False,Gr_growth,2.385997161804756,Gr_growth,2.385997161804756
fresh6,balance_scale,0.0396,runtime,comparison,True,False,Gr_growth,1.18,Gr_growth,1.18
fresh6,balance_scale,0.0396,runtime,comparison,False,False,Gr_growth,1.18,Gr_growth,1.18
fresh6,balance_scale,0.1228,memory,comparison,True,False,Apriori_Gen_Borgelt,1.0,Apriori_Gen_Borgelt,1.0
fresh6,balance_scale,0.1228,memory,comparison,False,False,Gr_growth,4.533333333333333,Gr_growth,4.533333333333333
fresh6,balance_scale,0.1228,balanced,comparison,True,False,FPgrowth_Gen_Borgelt,1.0246950765959597,FPgrowth_Gen_Borgelt,1.0246950765959597
fresh6,balance_scale,0.1228,balanced,comparison,False,False,Gr_growth,2.1291625896895083,Gr_growth,2.1291625896895083
fresh6,balance_scale,0.1228,runtime,comparison,True,False,Gr_growth,1.0,Gr_growth,1.0
fresh6,balance_scale,0.1228,runtime,comparison,False,False,Gr_growth,1.0,Gr_growth,1.0
fresh6,breast_w,0.0168097281831187,memory,comparison,True,False,Apriori_Gen_Borgelt,1.0,Apriori_Gen_Borgelt,1.0
fresh6,breast_w,0.0168097281831187,memory,comparison,False,False,Gr_growth,4.605960264900662,Gr_growth,4.605960264900662
fresh6,breast_w,0.0168097281831187,balanced,comparison,True,False,Eclat_Gen_Borgelt,1.4534726627828105,Eclat_Gen_Borgelt,1.4534726627828105
fresh6,breast_w,0.0168097281831187,balanced,comparison,False,False,Gr_growth,2.380195606631483,Gr_growth,2.380195606631483
fresh6,breast_w,0.0168097281831187,runtime,comparison,True,False,Gr_growth,1.23,Gr_growth,1.23
fresh6,breast_w,0.0168097281831187,runtime,comparison,False,False,Gr_growth,1.23,Gr_growth,1.23
fresh6,breast_w,0.0683118741058655,memory,comparison,True,False,Apriori_Gen_Borgelt,1.0,Apriori_Gen_Borgelt,1.0
fresh6,breast_w,0.0683118741058655,memory,comparison,False,False,Gr_growth,4.598662207357859,Gr_growth,4.598662207357859
fresh6,breast_w,0.0683118741058655,balanced,comparison,True,False,Eclat_Gen_Borgelt,1.3636342353282265,Eclat_Gen_Borgelt,1.3636342353282265
fresh6,breast_w,0.0683118741058655,balanced,comparison,False,False,Gr_growth,2.269471672491376,Gr_growth,2.269471672491376
fresh6,breast_w,0.0683118741058655,runtime,comparison,True,False,Gr_growth,1.1199999999999999,Gr_growth,1.1199999999999999
fresh6,breast_w,0.0683118741058655,runtime,comparison,False,False,Gr_growth,1.1199999999999999,Gr_growth,1.1199999999999999
fresh6,breast_w,0.5189556509298998,memory,comparison,True,False,FPgrowth_Gen_Borgelt,1.0204778156996588,FPgrowth_Gen_Borgelt,1.0204778156996588
fresh6,breast_w,0.5189556509298998,memory,comparison,False,False,Apriori_Gen_Borgelt,1.0,Apriori_Gen_Borgelt,1.0
fresh6,breast_w,0.5189556509298998,balanced,comparison,True,False,Eclat_Gen_Borgelt,1.0017050310761528,Eclat_Gen_Borgelt,1.0017050310761528
fresh6,breast_w,0.5189556509298998,balanced,comparison,False,False,Eclat_Gen_Borgelt,1.0017050310761528,Eclat_Gen_Borgelt,1.0017050310761528
fresh6,breast_w,0.5189556509298998,runtime,comparison,True,False,Gr_growth,1.08,Gr_growth,1.08
fresh6,breast_w,0.5189556509298998,runtime,comparison,False,False,Gr_growth,1.08,Gr_growth,1.08
fresh6,diabetes,0.0257161458333333,memory,comparison,True,False,Apriori_Gen_Borgelt,1.0,Apriori_Gen_Borgelt,1.0
fresh6,diabetes,0.0257161458333333,memory,comparison,False,False,Gr_growth,4.560655737704918,Gr_growth,4.560655737704918
fresh6,diabetes,0.0257161458333333,balanced,comparison,True,False,Eclat_Gen_Borgelt,1.243797279611025,Eclat_Gen_Borgelt,1.243797279611025
fresh6,diabetes,0.0257161458333333,balanced,comparison,False,False,Gr_growth,2.3806744871667966,Gr_growth,2.3806744871667966
fresh6,diabetes,0.0257161458333333,runtime,comparison,True,False,Gr_growth,1.28,Gr_growth,1.28
fresh6,diabetes,0.0257161458333333,runtime,comparison,False,False,Gr_growth,1.28,Gr_growth,1.28
fresh6,diabetes,0.0843098958333333,memory,comparison,True,False,Apriori_Gen_Borgelt,1.0,Apriori_Gen_Borgelt,1.0
fresh6,diabetes,0.0843098958333333,memory,comparison,False,False,Gr_growth,5.076642335766423,Gr_growth,5.076642335766423
fresh6,diabetes,0.0843098958333333,balanced,comparison,True,False,FPgrowth_Gen_Borgelt,1.110664955031789,FPgrowth_Gen_Borgelt,1.110664955031789
fresh6,diabetes,0.0843098958333333,balanced,comparison,False,False,Gr_growth,2.4056957959754017,Gr_growth,2.4056957959754017
fresh6,diabetes,0.0843098958333333,runtime,comparison,True,False,Gr_growth,1.1400000000000001,Gr_growth,1.1400000000000001
fresh6,diabetes,0.0843098958333333,runtime,comparison,False,False,Gr_growth,1.1400000000000001,Gr_growth,1.1400000000000001
fresh6,diabetes,0.1611328125,memory,comparison,True,False,Apriori_Gen_Borgelt,1.04,Apriori_Gen_Borgelt,1.04
fresh6,diabetes,0.1611328125,memory,comparison,False,False,Gr_growth,4.583333333333333,Gr_growth,4.583333333333333
fresh6,diabetes,0.1611328125,balanced,comparison,True,False,FPgrowth_Gen_Borgelt,1.0327955589886444,FPgrowth_Gen_Borgelt,1.0327955589886444
fresh6,diabetes,0.1611328125,balanced,comparison,False,False,Gr_growth,2.140872096444188,Gr_growth,2.140872096444188
fresh6,diabetes,0.1611328125,runtime,comparison,True,False,Gr_growth,1.0,Gr_growth,1.0
fresh6,diabetes,0.1611328125,runtime,comparison,False,False,Gr_growth,1.0,Gr_growth,1.0
fresh6,glass,0.050233644859813,memory,comparison,True,False,Apriori_Gen_Borgelt,1.0,Apriori_Gen_Borgelt,1.0
fresh6,glass,0.050233644859813,memory,comparison,False,False,Apriori_Gen_Borgelt,1.0,Apriori_Gen_Borgelt,1.0
fresh6,glass,0.050233644859813,balanced,comparison,True,False,FPgrowth_Gen_Borgelt,1.1506701577110139,FPgrowth_Gen_Borgelt,1.1506701577110139
fresh6,glass,0.050233644859813,balanced,comparison,False,False,Gr_growth,2.3977341220119937,Gr_growth,2.3977341220119937
fresh6,glass,0.050233644859813,runtime,comparison,True,False,Gr_growth,1.2,Gr_growth,1.2
fresh6,glass,0.050233644859813,runtime,comparison,False,False,Gr_growth,1.2,Gr_growth,1.2
fresh6,glass,0.1063084112149532,memory,comparison,True,False,Apriori_Gen_Borgelt,1.0,Apriori_Gen_Borgelt,1.0
fresh6,glass,0.1063084112149532,memory,comparison,False,False,Apriori_Gen_Borgelt,1.0,Apriori_Gen_Borgelt,1.0
fresh6,glass,0.1063084112149532,balanced,comparison,True,False,FPgrowth_Gen_Borgelt,1.0544610528076,FPgrowth_Gen_Borgelt,1.0544610528076
fresh6,glass,0.1063084112149532,balanced,comparison,False,False,Gr_growth,2.341104275928185,Gr_growth,2.341104275928185
fresh6,glass,0.1063084112149532,runtime,comparison,True,False,Gr_growth,1.1400000000000001,Gr_growth,1.1400000000000001
fresh6,glass,0.1063084112149532,runtime,comparison,False,False,Gr_growth,1.1400000000000001,Gr_growth,1.1400000000000001
fresh6,glass,0.2044392523364486,memory,comparison,True,False,Eclat_Gen_Borgelt,1.0565371024734982,Eclat_Gen_Borgelt,1.0565371024734982
fresh6,glass,0.2044392523364486,memory,comparison,False,False,Apriori_Gen_Borgelt,1.0,Apriori_Gen_Borgelt,1.0
fresh6,glass,0.2044392523364486,balanced,comparison,True,False,FPgrowth_Gen_Borgelt,1.0583673004945795,FPgrowth_Gen_Borgelt,1.0583673004945795
fresh6,glass,0.2044392523364486,balanced,comparison,False,False,Gr_growth,2.204236204179637,Gr_growth,2.204236204179637
fresh6,glass,0.2044392523364486,runtime,comparison,True,False,Gr_growth,1.0,Gr_growth,1.0
fresh6,glass,0.2044392523364486,runtime,comparison,False,False,Gr_growth,1.0,Gr_growth,1.0
fresh6,heart_c,0.042079207920792,memory,comparison,True,False,Apriori_Gen_Borgelt,1.0,Apriori_Gen_Borgelt,1.0
fresh6,heart_c,0.042079207920792,memory,comparison,False,False,Gr_growth,4.150442477876106,Gr_growth,4.150442477876106
fresh6,heart_c,0.042079207920792,balanced,comparison,True,False,FPgrowth_Gen_Borgelt,1.8413585092526639,FPgrowth_Gen_Borgelt,1.8413585092526639
fresh6,heart_c,0.042079207920792,balanced,comparison,False,False,Gr_growth,2.370107427047582,Gr_growth,2.370107427047582
fresh6,heart_c,0.042079207920792,runtime,comparison,True,False,Gr_growth,1.353448275862069,Gr_growth,1.353448275862069
fresh6,heart_c,0.042079207920792,runtime,comparison,False,False,Gr_growth,1.353448275862069,Gr_growth,1.353448275862069
fresh6,heart_c,0.1773927392739274,memory,comparison,True,False,Apriori_Gen_Borgelt,1.0,Apriori_Gen_Borgelt,1.0
fresh6,heart_c,0.1773927392739274,memory,comparison,False,False,Gr_growth,4.8076923076923075,Gr_growth,4.8076923076923075
fresh6,heart_c,0.1773927392739274,balanced,comparison,True,False,FPgrowth_Gen_Borgelt,1.1281521496355325,FPgrowth_Gen_Borgelt,1.1281521496355325
fresh6,heart_c,0.1773927392739274,balanced,comparison,False,False,Gr_growth,2.401922307076307,Gr_growth,2.401922307076307
fresh6,heart_c,0.1773927392739274,runtime,comparison,True,False,Gr_growth,1.2,Gr_growth,1.2
fresh6,heart_c,0.1773927392739274,runtime,comparison,False,False,Gr_growth,1.2,Gr_growth,1.2
fresh6,heart_c,0.4282178217821782,memory,comparison,True,False,Apriori_Gen_Borgelt,1.0,Apriori_Gen_Borgelt,1.0
fresh6,heart_c,0.4282178217821782,memory,comparison,False,False,Apriori_Gen_Borgelt,1.0,Apriori_Gen_Borgelt,1.0
fresh6,heart_c,0.4282178217821782,balanced,comparison,True,False,Eclat_Gen_Borgelt,1.0389525411064164,Eclat_Gen_Borgelt,1.0389525411064164
fresh6,heart_c,0.4282178217821782,balanced,comparison,False,False,Gr_growth,2.2279809058803686,Gr_growth,2.2279809058803686
fresh6,heart_c,0.4282178217821782,runtime,comparison,True,False,Gr_growth,1.0,Gr_growth,1.0
fresh6,heart_c,0.4282178217821782,runtime,comparison,False,False,Gr_growth,1.0,Gr_growth,1.0
fresh6,ionosphere,0.0334757834757834,memory,comparison,True,False,Apriori_Gen_Borgelt,1.0,Apriori_Gen_Borgelt,1.0
fresh6,ionosphere,0.0334757834757834,memory,comparison,False,False,Apriori_Gen_Borgelt,1.0,Apriori_Gen_Borgelt,1.0
fresh6,ionosphere,0.0334757834757834,balanced,comparison,True,False,FPgrowth_Gen_Borgelt,1.0,FPgrowth_Gen_Borgelt,1.0
fresh6,ionosphere,0.0334757834757834,balanced,comparison,False,False,FPgrowth_Gen_Borgelt,1.0,FPgrowth_Gen_Borgelt,1.0
fresh6,ionosphere,0.0334757834757834,runtime,comparison,True,False,FPgrowth_Gen_Borgelt,1.0,FPgrowth_Gen_Borgelt,1.0
fresh6,ionosphere,0.0334757834757834,runtime,comparison,False,False,FPgrowth_Gen_Borgelt,1.0,FPgrowth_Gen_Borgelt,1.0
fresh6,ionosphere,0.0448717948717948,memory,comparison,True,False,Apriori_Gen_Borgelt,1.0,Apriori_Gen_Borgelt,1.0
fresh6,ionosphere,0.0448717948717948,memory,comparison,False,False,Apriori_Gen_Borgelt,1.0,Apriori_Gen_Borgelt,1.0
fresh6,ionosphere,0.0448717948717948,balanced,comparison,True,False,FPgrowth_Gen_Borgelt,1.0216522721562051,FPgrowth_Gen_Borgelt,1.0216522721562051
fresh6,ionosphere,0.0448717948717948,balanced,comparison,False,False,FPgrowth_Gen_Borgelt,1.0216522721562051,FPgrowth_Gen_Borgelt,1.0216522721562051
fresh6,ionosphere,0.0448717948717948,runtime,comparison,True,False,FPgrowth_Gen_Borgelt,1.0,FPgrowth_Gen_Borgelt,1.0
fresh6,ionosphere,0.0448717948717948,runtime,comparison,False,False,FPgrowth_Gen_Borgelt,1.0,FPgrowth_Gen_Borgelt,1.0
fresh6,ionosphere,0.1047008547008547,memory,comparison,True,False,Apriori_Gen_Borgelt,1.0,Apriori_Gen_Borgelt,1.0
fresh6,ionosphere,0.1047008547008547,memory,comparison,False,False,Apriori_Gen_Borgelt,1.0,Apriori_Gen_Borgelt,1.0
fresh6,ionosphere,0.1047008547008547,balanced,comparison,True,False,FPgrowth_Gen_Borgelt,1.3355888096096156,FPgrowth_Gen_Borgelt,1.3355888096096156
fresh6,ionosphere,0.1047008547008547,balanced,comparison,False,False,FPgrowth_Gen_Borgelt,1.3355888096096156,FPgrowth_Gen_Borgelt,1.3355888096096156
fresh6,ionosphere,0.1047008547008547,runtime,comparison,True,False,FPgrowth_Gen_Borgelt,1.04,FPgrowth_Gen_Borgelt,1.04
fresh6,ionosphere,0.1047008547008547,runtime,comparison,False,False,FPgrowth_Gen_Borgelt,1.04,FPgrowth_Gen_Borgelt,1.04
fresh6,ionosphere,0.1987179487179487,memory,comparison,True,False,Apriori_Gen_Borgelt,1.0,Apriori_Gen_Borgelt,1.0
fresh6,ionosphere,0.1987179487179487,memory,comparison,False,False,Apriori_Gen_Borgelt,1.0,Apriori_Gen_Borgelt,1.0
fresh6,ionosphere,0.1987179487179487,balanced,comparison,True,False,FPgrowth_Gen_Borgelt,1.1332301294599387,FPgrowth_Gen_Borgelt,1.1332301294599387
fresh6,ionosphere,0.1987179487179487,balanced,comparison,False,False,FPgrowth_Gen_Borgelt,1.1332301294599387,FPgrowth_Gen_Borgelt,1.1332301294599387
fresh6,ionosphere,0.1987179487179487,runtime,comparison,True,False,FPgrowth_Gen_Borgelt,1.0,FPgrowth_Gen_Borgelt,1.0
fresh6,ionosphere,0.1987179487179487,runtime,comparison,False,False,FPgrowth_Gen_Borgelt,1.0,FPgrowth_Gen_Borgelt,1.0
fresh6,ionosphere,0.344017094017094,memory,comparison,True,False,Apriori_Gen_Borgelt,1.0,Apriori_Gen_Borgelt,1.0
fresh6,ionosphere,0.344017094017094,memory,comparison,False,False,Apriori_Gen_Borgelt,1.0,Apriori_Gen_Borgelt,1.0
fresh6,ionosphere,0.344017094017094,balanced,comparison,True,False,FPgrowth_Gen_Borgelt,1.0325817960640764,FPgrowth_Gen_Borgelt,1.0325817960640764
fresh6,ionosphere,0.344017094017094,balanced,comparison,False,False,FPgrowth_Gen_Borgelt,1.0325817960640764,FPgrowth_Gen_Borgelt,1.0325817960640764
fresh6,ionosphere,0.344017094017094,runtime,comparison,True,False,FPgrowth_Gen_Borgelt,1.0,FPgrowth_Gen_Borgelt,1.0
fresh6,ionosphere,0.344017094017094,runtime,comparison,False,False,FPgrowth_Gen_Borgelt,1.0,FPgrowth_Gen_Borgelt,1.0
fresh6,lymph,0.0861486486486486,memory,comparison,True,False,Apriori_Gen_Borgelt,1.0,Apriori_Gen_Borgelt,1.0
fresh6,lymph,0.0861486486486486,memory,comparison,False,False,Apriori_Gen_Borgelt,1.0,Apriori_Gen_Borgelt,1.0
fresh6,lymph,0.0861486486486486,balanced,comparison,True,False,FPgrowth_Gen_Borgelt,1.7481035506556075,FPgrowth_Gen_Borgelt,1.7481035506556075
fresh6,lymph,0.0861486486486486,balanced,comparison,False,False,Gr_growth,2.17710612353289,Gr_growth,2.17710612353289
fresh6,lymph,0.0861486486486486,runtime,comparison,True,False,Gr_growth,1.221476510067114,Gr_growth,1.221476510067114
fresh6,lymph,0.0861486486486486,runtime,comparison,False,False,Gr_growth,1.221476510067114,Gr_growth,1.221476510067114
fresh6,lymph,0.3631756756756756,memory,comparison,True,False,Apriori_Gen_Borgelt,1.0,Apriori_Gen_Borgelt,1.0
fresh6,lymph,0.3631756756756756,memory,comparison,False,False,Apriori_Gen_Borgelt,1.0,Apriori_Gen_Borgelt,1.0
fresh6,lymph,0.3631756756756756,balanced,comparison,True,False,FPgrowth_Gen_Borgelt,1.0917505172516255,FPgrowth_Gen_Borgelt,1.0917505172516255
fresh6,lymph,0.3631756756756756,balanced,comparison,False,False,Gr_growth,2.1623889395587295,Gr_growth,2.1623889395587295
fresh6,lymph,0.3631756756756756,runtime,comparison,True,False,Gr_growth,1.01,Gr_growth,1.01
fresh6,lymph,0.3631756756756756,runtime,comparison,False,False,Gr_growth,1.01,Gr_growth,1.01
fresh6,lymph,0.7415540540540541,memory,comparison,True,False,Apriori_Gen_Borgelt,1.0,Apriori_Gen_Borgelt,1.0
fresh6,lymph,0.7415540540540541,memory,comparison,False,False,Apriori_Gen_Borgelt,1.0,Apriori_Gen_Borgelt,1.0
fresh6,lymph,0.7415540540540541,balanced,comparison,True,False,FPgrowth_Gen_Borgelt,1.0941516495293657,FPgrowth_Gen_Borgelt,1.0941516495293657
fresh6,lymph,0.7415540540540541,balanced,comparison,False,False,FPgrowth_Gen_Borgelt,1.0941516495293657,FPgrowth_Gen_Borgelt,1.0941516495293657
fresh6,lymph,0.7415540540540541,runtime,comparison,True,False,FPgrowth_Gen_Borgelt,1.13,FPgrowth_Gen_Borgelt,1.13
fresh6,lymph,0.7415540540540541,runtime,comparison,False,False,FPgrowth_Gen_Borgelt,1.13,FPgrowth_Gen_Borgelt,1.13
fresh6,sonar,0.0516826923076923,memory,comparison,True,False,Apriori_Gen_Borgelt,1.0,Apriori_Gen_Borgelt,1.0
fresh6,sonar,0.0516826923076923,memory,comparison,False,False,Gr_growth,2.9031620553359687,Gr_growth,2.9031620553359687
fresh6,sonar,0.0516826923076923,balanced,comparison,True,False,Eclat_Gen_Borgelt,1.2010826039317737,Eclat_Gen_Borgelt,1.2010826039317737
fresh6,sonar,0.0516826923076923,balanced,comparison,False,False,Gr_growth,1.454837141188597,Gr_growth,1.454837141188597
fresh6,sonar,0.0516826923076923,runtime,comparison,True,False,Eclat_Gen_Borgelt,1.0,Eclat_Gen_Borgelt,1.0
fresh6,sonar,0.0516826923076923,runtime,comparison,False,False,Eclat_Gen_Borgelt,1.0,Eclat_Gen_Borgelt,1.0
fresh6,sonar,0.0564903846153846,memory,comparison,True,False,Apriori_Gen_Borgelt,1.0,Apriori_Gen_Borgelt,1.0
fresh6,sonar,0.0564903846153846,memory,comparison,False,False,Gr_growth,3.3813953488372093,Gr_growth,3.3813953488372093
fresh6,sonar,0.0564903846153846,balanced,comparison,True,False,Eclat_Gen_Borgelt,1.2859197036858887,Eclat_Gen_Borgelt,1.2859197036858887
fresh6,sonar,0.0564903846153846,balanced,comparison,False,False,Gr_growth,1.6154117450878724,Gr_growth,1.6154117450878724
fresh6,sonar,0.0564903846153846,runtime,comparison,True,False,Eclat_Gen_Borgelt,1.0375586854460095,Eclat_Gen_Borgelt,1.0375586854460095
fresh6,sonar,0.0564903846153846,runtime,comparison,False,False,Eclat_Gen_Borgelt,1.0375586854460095,Eclat_Gen_Borgelt,1.0375586854460095
fresh6,sonar,0.0853365384615384,memory,comparison,True,False,Apriori_Gen_Borgelt,1.0,Apriori_Gen_Borgelt,1.0
fresh6,sonar,0.0853365384615384,memory,comparison,False,False,Gr_growth,4.109826589595376,Gr_growth,4.109826589595376
fresh6,sonar,0.0853365384615384,balanced,comparison,True,False,Eclat_Gen_Borgelt,1.1042544655016056,Eclat_Gen_Borgelt,1.1042544655016056
fresh6,sonar,0.0853365384615384,balanced,comparison,False,False,Gr_growth,2.374096377274508,Gr_growth,2.374096377274508
fresh6,sonar,0.0853365384615384,runtime,comparison,True,False,Eclat_Gen_Borgelt,1.0,Eclat_Gen_Borgelt,1.0
fresh6,sonar,0.0853365384615384,runtime,comparison,False,False,Eclat_Gen_Borgelt,1.0,Eclat_Gen_Borgelt,1.0
fresh6,sonar,0.1334134615384615,memory,comparison,True,False,Apriori_Gen_Borgelt,1.0,Apriori_Gen_Borgelt,1.0
fresh6,sonar,0.1334134615384615,memory,comparison,False,False,Gr_growth,4.438485804416404,Gr_growth,4.438485804416404
fresh6,sonar,0.1334134615384615,balanced,comparison,True,False,Eclat_Gen_Borgelt,1.241441166088623,Eclat_Gen_Borgelt,1.241441166088623
fresh6,sonar,0.1334134615384615,balanced,comparison,False,False,Gr_growth,1.9465228733444229,Gr_growth,1.9465228733444229
fresh6,sonar,0.1334134615384615,runtime,comparison,True,False,Eclat_Gen_Borgelt,1.66,Eclat_Gen_Borgelt,1.66
fresh6,sonar,0.1334134615384615,runtime,comparison,False,False,Eclat_Gen_Borgelt,1.66,Eclat_Gen_Borgelt,1.66
fresh6,sonar,0.1622596153846154,memory,comparison,True,False,Apriori_Gen_Borgelt,1.0,Apriori_Gen_Borgelt,1.0
fresh6,sonar,0.1622596153846154,memory,comparison,False,False,Gr_growth,4.693069306930694,Gr_growth,4.693069306930694
fresh6,sonar,0.1622596153846154,balanced,comparison,True,False,Eclat_Gen_Borgelt,1.0451838311627735,Eclat_Gen_Borgelt,1.0451838311627735
fresh6,sonar,0.1622596153846154,balanced,comparison,False,False,Gr_growth,2.251336236879145,Gr_growth,2.251336236879145
fresh6,sonar,0.1622596153846154,runtime,comparison,True,False,Eclat_Gen_Borgelt,1.0,Eclat_Gen_Borgelt,1.0
fresh6,sonar,0.1622596153846154,runtime,comparison,False,False,Eclat_Gen_Borgelt,1.0,Eclat_Gen_Borgelt,1.0
fresh6,vehicle,0.0209810874704491,memory,comparison,True,False,Apriori_Gen_Borgelt,1.0,Apriori_Gen_Borgelt,1.0
fresh6,vehicle,0.0209810874704491,memory,comparison,False,False,Gr_growth,2.821362799263352,Gr_growth,2.821362799263352
fresh6,vehicle,0.0209810874704491,balanced,comparison,True,False,Eclat_Gen_Borgelt,1.210213865033536,Eclat_Gen_Borgelt,1.210213865033536
fresh6,vehicle,0.0209810874704491,balanced,comparison,False,False,Gr_growth,1.3544669565798977,Gr_growth,1.3544669565798977
fresh6,vehicle,0.0209810874704491,runtime,comparison,True,False,FPgrowth_Gen_Borgelt,1.0,FPgrowth_Gen_Borgelt,1.0
fresh6,vehicle,0.0209810874704491,runtime,comparison,False,False,FPgrowth_Gen_Borgelt,1.0,FPgrowth_Gen_Borgelt,1.0
fresh6,vehicle,0.0528959810874704,memory,comparison,True,False,Apriori_Gen_Borgelt,1.0,Apriori_Gen_Borgelt,1.0
fresh6,vehicle,0.0528959810874704,memory,comparison,False,False,Gr_growth,4.523809523809524,Gr_growth,4.523809523809524
fresh6,vehicle,0.0528959810874704,balanced,comparison,True,False,Eclat_Gen_Borgelt,1.4333915983496337,Eclat_Gen_Borgelt,1.4333915983496337
fresh6,vehicle,0.0528959810874704,balanced,comparison,False,False,Gr_growth,2.056243103021609,Gr_growth,2.056243103021609
fresh6,vehicle,0.0528959810874704,runtime,comparison,True,False,FPgrowth_Gen_Borgelt,1.0,FPgrowth_Gen_Borgelt,1.0
fresh6,vehicle,0.0528959810874704,runtime,comparison,False,False,FPgrowth_Gen_Borgelt,1.0,FPgrowth_Gen_Borgelt,1.0
fresh6,vehicle,0.1238179669030732,memory,comparison,True,False,Apriori_Gen_Borgelt,1.0,Apriori_Gen_Borgelt,1.0
fresh6,vehicle,0.1238179669030732,memory,comparison,False,False,Gr_growth,4.568181818181818,Gr_growth,4.568181818181818
fresh6,vehicle,0.1238179669030732,balanced,comparison,True,False,FPgrowth_Gen_Borgelt,1.0499967022768424,FPgrowth_Gen_Borgelt,1.0499967022768424
fresh6,vehicle,0.1238179669030732,balanced,comparison,False,False,Gr_growth,2.07995978013533,Gr_growth,2.07995978013533
fresh6,vehicle,0.1238179669030732,runtime,comparison,True,False,FPgrowth_Gen_Borgelt,1.0,FPgrowth_Gen_Borgelt,1.0
fresh6,vehicle,0.1238179669030732,runtime,comparison,False,False,FPgrowth_Gen_Borgelt,1.0,FPgrowth_Gen_Borgelt,1.0
fresh6,vehicle,0.1876477541371158,memory,comparison,True,False,Apriori_Gen_Borgelt,1.0,Apriori_Gen_Borgelt,1.0
fresh6,vehicle,0.1876477541371158,memory,comparison,False,False,Gr_growth,4.863636363636364,Gr_growth,4.863636363636364
fresh6,vehicle,0.1876477541371158,balanced,comparison,True,False,FPgrowth_Gen_Borgelt,1.087114613009218,FPgrowth_Gen_Borgelt,1.087114613009218
fresh6,vehicle,0.1876477541371158,balanced,comparison,False,False,Gr_growth,2.4656734282028214,Gr_growth,2.4656734282028214
fresh6,vehicle,0.1876477541371158,runtime,comparison,True,False,FPgrowth_Gen_Borgelt,1.0,FPgrowth_Gen_Borgelt,1.0
fresh6,vehicle,0.1876477541371158,runtime,comparison,False,False,FPgrowth_Gen_Borgelt,1.0,FPgrowth_Gen_Borgelt,1.0
fresh6,vowel,0.0138888888888888,memory,comparison,True,False,Apriori_Gen_Borgelt,1.0,Apriori_Gen_Borgelt,1.0
fresh6,vowel,0.0138888888888888,memory,comparison,False,False,Gr_growth,3.722513089005236,Gr_growth,3.722513089005236
fresh6,vowel,0.0138888888888888,balanced,comparison,True,False,Eclat_Gen_Borgelt,1.5722561905732193,Eclat_Gen_Borgelt,1.5722561905732193
fresh6,vowel,0.0138888888888888,balanced,comparison,False,False,Gr_growth,2.1193943617772004,Gr_growth,2.1193943617772004
fresh6,vowel,0.0138888888888888,runtime,comparison,True,False,Gr_growth,1.360902255639098,Gr_growth,1.360902255639098
fresh6,vowel,0.0138888888888888,runtime,comparison,False,False,Gr_growth,1.360902255639098,Gr_growth,1.360902255639098
fresh6,vowel,0.0361111111111111,memory,comparison,True,False,Apriori_Gen_Borgelt,1.0,Apriori_Gen_Borgelt,1.0
fresh6,vowel,0.0361111111111111,memory,comparison,False,False,Gr_growth,4.429936305732484,Gr_growth,4.429936305732484
fresh6,vowel,0.0361111111111111,balanced,comparison,True,False,Eclat_Gen_Borgelt,1.2504776157596438,Eclat_Gen_Borgelt,1.2504776157596438
fresh6,vowel,0.0361111111111111,balanced,comparison,False,False,Gr_growth,2.247248848822718,Gr_growth,2.247248848822718
fresh6,vowel,0.0361111111111111,runtime,comparison,True,False,Gr_growth,1.1400000000000001,Gr_growth,1.1400000000000001
fresh6,vowel,0.0361111111111111,runtime,comparison,False,False,Gr_growth,1.1400000000000001,Gr_growth,1.1400000000000001
fresh6,vowel,0.1027777777777777,memory,comparison,True,False,Apriori_Gen_Borgelt,1.0,Apriori_Gen_Borgelt,1.0
fresh6,vowel,0.1027777777777777,memory,comparison,False,False,Gr_growth,4.598662207357859,Gr_growth,4.598662207357859
fresh6,vowel,0.1027777777777777,balanced,comparison,True,False,FPgrowth_Gen_Borgelt,1.060068780503413,FPgrowth_Gen_Borgelt,1.060068780503413
fresh6,vowel,0.1027777777777777,balanced,comparison,False,False,Gr_growth,2.144449161756431,Gr_growth,2.144449161756431
fresh6,vowel,0.1027777777777777,runtime,comparison,True,False,Gr_growth,1.0,Gr_growth,1.0
fresh6,vowel,0.1027777777777777,runtime,comparison,False,False,Gr_growth,1.0,Gr_growth,1.0
fresh6,vowel,0.1522727272727272,memory,comparison,True,False,Apriori_Gen_Borgelt,1.0,Apriori_Gen_Borgelt,1.0
fresh6,vowel,0.1522727272727272,memory,comparison,False,False,Gr_growth,4.449838187702266,Gr_growth,4.449838187702266
fresh6,vowel,0.1522727272727272,balanced,comparison,True,False,FPgrowth_Gen_Borgelt,1.058300524425836,FPgrowth_Gen_Borgelt,1.058300524425836
fresh6,vowel,0.1522727272727272,balanced,comparison,False,False,Gr_growth,2.192219250603928,Gr_growth,2.192219250603928
fresh6,vowel,0.1522727272727272,runtime,comparison,True,False,Gr_growth,1.08,Gr_growth,1.08
fresh6,vowel,0.1522727272727272,runtime,comparison,False,False,Gr_growth,1.08,Gr_growth,1.08
fresh6,zoo,0.1361386138613861,memory,comparison,True,False,Apriori_Gen_Borgelt,1.0,Apriori_Gen_Borgelt,1.0
fresh6,zoo,0.1361386138613861,memory,comparison,False,False,Apriori_Gen_Borgelt,1.0,Apriori_Gen_Borgelt,1.0
fresh6,zoo,0.1361386138613861,balanced,comparison,True,False,Eclat_Gen_Borgelt,1.5687698878544811,Eclat_Gen_Borgelt,1.5687698878544811
fresh6,zoo,0.1361386138613861,balanced,comparison,False,False,Gr_growth,2.5950001876735915,Gr_growth,2.5950001876735915
fresh6,zoo,0.1361386138613861,runtime,comparison,True,False,Eclat_Gen_Borgelt,1.0,Eclat_Gen_Borgelt,1.0
fresh6,zoo,0.1361386138613861,runtime,comparison,False,False,Eclat_Gen_Borgelt,1.0,Eclat_Gen_Borgelt,1.0
fresh6,zoo,0.3935643564356436,memory,comparison,True,False,Apriori_Gen_Borgelt,1.0,Apriori_Gen_Borgelt,1.0
fresh6,zoo,0.3935643564356436,memory,comparison,False,False,Eclat_Gen_Borgelt,1.1736111111111112,Eclat_Gen_Borgelt,1.1736111111111112
fresh6,zoo,0.3935643564356436,balanced,comparison,True,False,Eclat_Gen_Borgelt,1.1515991297129202,Eclat_Gen_Borgelt,1.1515991297129202
fresh6,zoo,0.3935643564356436,balanced,comparison,False,False,Eclat_Gen_Borgelt,1.1515991297129202,Eclat_Gen_Borgelt,1.1515991297129202
fresh6,zoo,0.3935643564356436,runtime,comparison,True,False,Eclat_Gen_Borgelt,1.13,Eclat_Gen_Borgelt,1.13
fresh6,zoo,0.3935643564356436,runtime,comparison,False,False,Eclat_Gen_Borgelt,1.13,Eclat_Gen_Borgelt,1.13
fresh6,zoo,0.7004950495049505,memory,comparison,True,False,Apriori_Gen_Borgelt,1.0,Apriori_Gen_Borgelt,1.0
fresh6,zoo,0.7004950495049505,memory,comparison,False,False,Apriori_Gen_Borgelt,1.0,Apriori_Gen_Borgelt,1.0
fresh6,zoo,0.7004950495049505,balanced,comparison,True,False,Eclat_Gen_Borgelt,1.0276868934053762,Eclat_Gen_Borgelt,1.0276868934053762
fresh6,zoo,0.7004950495049505,balanced,comparison,False,False,Eclat_Gen_Borgelt,1.0276868934053762,Eclat_Gen_Borgelt,1.0276868934053762
fresh6,zoo,0.7004950495049505,runtime,comparison,True,False,FPgrowth_Gen_Borgelt,1.0,FPgrowth_Gen_Borgelt,1.0
fresh6,zoo,0.7004950495049505,runtime,comparison,False,False,FPgrowth_Gen_Borgelt,1.0,FPgrowth_Gen_Borgelt,1.0
fresh7,oml_analcatdata_dmft,0.0147427854454203,memory,comparison,True,True,Apriori_Gen_Borgelt,1.0,Apriori_Gen_Borgelt,1.0
fresh7,oml_analcatdata_dmft,0.0147427854454203,memory,comparison,False,True,Gr_growth,4.858657243816254,Gr_growth,4.858657243816254
fresh7,oml_analcatdata_dmft,0.0147427854454203,memory,deployed,True,True,Apriori_Gen_Borgelt,1.0,Apriori_Gen_Borgelt,1.0
fresh7,oml_analcatdata_dmft,0.0147427854454203,memory,deployed,False,True,Gr_growth,4.858657243816254,Gr_growth,4.858657243816254
fresh7,oml_analcatdata_dmft,0.0147427854454203,balanced,comparison,True,True,Eclat_Gen_Borgelt,1.104120134806356,Eclat_Gen_Borgelt,1.104120134806356
fresh7,oml_analcatdata_dmft,0.0147427854454203,balanced,comparison,False,True,Gr_growth,2.464410995505887,Gr_growth,2.464410995505887
fresh7,oml_analcatdata_dmft,0.0147427854454203,balanced,deployed,True,True,Eclat_Gen_Borgelt,1.104120134806356,Eclat_Gen_Borgelt,1.104120134806356
fresh7,oml_analcatdata_dmft,0.0147427854454203,balanced,deployed,False,True,Gr_growth,2.464410995505887,Gr_growth,2.464410995505887
fresh7,oml_analcatdata_dmft,0.0147427854454203,runtime,comparison,True,True,Gr_growth,1.25,Gr_growth,1.25
fresh7,oml_analcatdata_dmft,0.0147427854454203,runtime,comparison,False,True,Gr_growth,1.25,Gr_growth,1.25
fresh7,oml_analcatdata_dmft,0.0147427854454203,runtime,deployed,True,True,Gr_growth,1.25,Gr_growth,1.25
fresh7,oml_analcatdata_dmft,0.0147427854454203,runtime,deployed,False,True,Gr_growth,1.25,Gr_growth,1.25
fresh7,oml_analcatdata_dmft,0.0348180677540777,memory,comparison,True,True,Apriori_Gen_Borgelt,1.0,Apriori_Gen_Borgelt,1.0
fresh7,oml_analcatdata_dmft,0.0348180677540777,memory,comparison,False,True,Gr_growth,4.643097643097643,Gr_growth,4.643097643097643
fresh7,oml_analcatdata_dmft,0.0348180677540777,memory,deployed,True,True,Apriori_Gen_Borgelt,1.0,Apriori_Gen_Borgelt,1.0
fresh7,oml_analcatdata_dmft,0.0348180677540777,memory,deployed,False,True,Gr_growth,4.643097643097643,Gr_growth,4.643097643097643
fresh7,oml_analcatdata_dmft,0.0348180677540777,balanced,comparison,True,True,FPgrowth_Gen_Borgelt,1.166507925708497,FPgrowth_Gen_Borgelt,1.166507925708497
fresh7,oml_analcatdata_dmft,0.0348180677540777,balanced,comparison,False,True,Gr_growth,2.2289267547666247,Gr_growth,2.2289267547666247
fresh7,oml_analcatdata_dmft,0.0348180677540777,balanced,deployed,True,True,FPgrowth_Gen_Borgelt,1.166507925708497,FPgrowth_Gen_Borgelt,1.166507925708497
fresh7,oml_analcatdata_dmft,0.0348180677540777,balanced,deployed,False,True,Gr_growth,2.2289267547666247,Gr_growth,2.2289267547666247
fresh7,oml_analcatdata_dmft,0.0348180677540777,runtime,comparison,True,True,Gr_growth,1.0699999999999998,Gr_growth,1.0699999999999998
fresh7,oml_analcatdata_dmft,0.0348180677540777,runtime,comparison,False,True,Gr_growth,1.0699999999999998,Gr_growth,1.0699999999999998
fresh7,oml_analcatdata_dmft,0.0348180677540777,runtime,deployed,True,True,Gr_growth,1.0699999999999998,Gr_growth,1.0699999999999998
fresh7,oml_analcatdata_dmft,0.0348180677540777,runtime,deployed,False,True,Gr_growth,1.0699999999999998,Gr_growth,1.0699999999999998
fresh7,oml_analcatdata_dmft,0.1075909661229611,memory,comparison,True,True,Apriori_Gen_Borgelt,1.0,Apriori_Gen_Borgelt,1.0
fresh7,oml_analcatdata_dmft,0.1075909661229611,memory,comparison,False,True,Gr_growth,4.657534246575342,Gr_growth,4.657534246575342
fresh7,oml_analcatdata_dmft,0.1075909661229611,memory,deployed,True,True,Apriori_Gen_Borgelt,1.0,Apriori_Gen_Borgelt,1.0
fresh7,oml_analcatdata_dmft,0.1075909661229611,memory,deployed,False,True,Gr_growth,4.657534246575342,Gr_growth,4.657534246575342
fresh7,oml_analcatdata_dmft,0.1075909661229611,balanced,comparison,True,True,FPgrowth_Gen_Borgelt,1.016979142039042,FPgrowth_Gen_Borgelt,1.016979142039042
fresh7,oml_analcatdata_dmft,0.1075909661229611,balanced,comparison,False,True,Gr_growth,2.2634680627817296,Gr_growth,2.2634680627817296
fresh7,oml_analcatdata_dmft,0.1075909661229611,balanced,deployed,True,True,FPgrowth_Gen_Borgelt,1.016979142039042,FPgrowth_Gen_Borgelt,1.016979142039042
fresh7,oml_analcatdata_dmft,0.1075909661229611,balanced,deployed,False,True,Gr_growth,2.2634680627817296,Gr_growth,2.2634680627817296
fresh7,oml_analcatdata_dmft,0.1075909661229611,runtime,comparison,True,True,Gr_growth,1.0999999999999999,Gr_growth,1.0999999999999999
fresh7,oml_analcatdata_dmft,0.1075909661229611,runtime,comparison,False,True,Gr_growth,1.0999999999999999,Gr_growth,1.0999999999999999
fresh7,oml_analcatdata_dmft,0.1075909661229611,runtime,deployed,True,True,Gr_growth,1.0999999999999999,Gr_growth,1.0999999999999999
fresh7,oml_analcatdata_dmft,0.1075909661229611,runtime,deployed,False,True,Gr_growth,1.0999999999999999,Gr_growth,1.0999999999999999
fresh7,oml_banknote_authentication,0.0245991253644314,memory,comparison,True,True,Apriori_Gen_Borgelt,1.0,Apriori_Gen_Borgelt,1.0
fresh7,oml_banknote_authentication,0.0245991253644314,memory,comparison,False,True,Gr_growth,4.689419795221843,Gr_growth,4.689419795221843
fresh7,oml_banknote_authentication,0.0245991253644314,memory,deployed,True,True,Apriori_Gen_Borgelt,1.0,Apriori_Gen_Borgelt,1.0
fresh7,oml_banknote_authentication,0.0245991253644314,memory,deployed,False,True,Gr_growth,4.689419795221843,Gr_growth,4.689419795221843
fresh7,oml_banknote_authentication,0.0245991253644314,balanced,comparison,True,True,Eclat_Gen_Borgelt,1.059654138951928,Eclat_Gen_Borgelt,1.059654138951928
fresh7,oml_banknote_authentication,0.0245991253644314,balanced,comparison,False,True,Gr_growth,2.16550682179065,Gr_growth,2.16550682179065
fresh7,oml_banknote_authentication,0.0245991253644314,balanced,deployed,True,True,Eclat_Gen_Borgelt,1.059654138951928,Eclat_Gen_Borgelt,1.059654138951928
fresh7,oml_banknote_authentication,0.0245991253644314,balanced,deployed,False,True,Gr_growth,2.16550682179065,Gr_growth,2.16550682179065
fresh7,oml_banknote_authentication,0.0245991253644314,runtime,comparison,True,True,Gr_growth,1.0,Gr_growth,1.0
fresh7,oml_banknote_authentication,0.0245991253644314,runtime,comparison,False,True,Gr_growth,1.0,Gr_growth,1.0
fresh7,oml_banknote_authentication,0.0245991253644314,runtime,deployed,True,True,Gr_growth,1.0,Gr_growth,1.0
fresh7,oml_banknote_authentication,0.0245991253644314,runtime,deployed,False,True,Gr_growth,1.0,Gr_growth,1.0
fresh7,oml_banknote_authentication,0.0428206997084548,memory,comparison,True,True,Apriori_Gen_Borgelt,1.0,Apriori_Gen_Borgelt,1.0
fresh7,oml_banknote_authentication,0.0428206997084548,memory,comparison,False,True,Gr_growth,4.851590106007067,Gr_growth,4.851590106007067
fresh7,oml_banknote_authentication,0.0428206997084548,memory,deployed,True,True,Apriori_Gen_Borgelt,1.0,Apriori_Gen_Borgelt,1.0
fresh7,oml_banknote_authentication,0.0428206997084548,memory,deployed,False,True,Gr_growth,4.851590106007067,Gr_growth,4.851590106007067
fresh7,oml_banknote_authentication,0.0428206997084548,balanced,comparison,True,True,Eclat_Gen_Borgelt,1.0295973345818703,Eclat_Gen_Borgelt,1.0295973345818703
fresh7,oml_banknote_authentication,0.0428206997084548,balanced,comparison,False,True,Gr_growth,2.235427880560516,Gr_growth,2.235427880560516
fresh7,oml_banknote_authentication,0.0428206997084548,balanced,deployed,True,True,Eclat_Gen_Borgelt,1.0295973345818703,Eclat_Gen_Borgelt,1.0295973345818703
fresh7,oml_banknote_authentication,0.0428206997084548,balanced,deployed,False,True,Gr_growth,2.235427880560516,Gr_growth,2.235427880560516
fresh7,oml_banknote_authentication,0.0428206997084548,runtime,comparison,True,True,Gr_growth,1.03,Gr_growth,1.03
fresh7,oml_banknote_authentication,0.0428206997084548,runtime,comparison,False,True,Gr_growth,1.03,Gr_growth,1.03
fresh7,oml_banknote_authentication,0.0428206997084548,runtime,deployed,True,True,Gr_growth,1.03,Gr_growth,1.03
fresh7,oml_banknote_authentication,0.0428206997084548,runtime,deployed,False,True,Gr_growth,1.03,Gr_growth,1.03
fresh7,oml_banknote_authentication,0.1259110787172011,memory,comparison,True,True,Apriori_Gen_Borgelt,1.0,Apriori_Gen_Borgelt,1.0
fresh7,oml_banknote_authentication,0.1259110787172011,memory,comparison,False,True,Gr_growth,4.705882352941176,Gr_growth,4.705882352941176
fresh7,oml_banknote_authentication,0.1259110787172011,memory,deployed,True,True,Apriori_Gen_Borgelt,1.0,Apriori_Gen_Borgelt,1.0
fresh7,oml_banknote_authentication,0.1259110787172011,memory,deployed,False,True,Gr_growth,4.705882352941176,Gr_growth,4.705882352941176
fresh7,oml_banknote_authentication,0.1259110787172011,balanced,comparison,True,True,FPgrowth_Gen_Borgelt,1.048973794125118,FPgrowth_Gen_Borgelt,1.048973794125118
fresh7,oml_banknote_authentication,0.1259110787172011,balanced,comparison,False,True,Gr_growth,2.1693045781865616,Gr_growth,2.1693045781865616
fresh7,oml_banknote_authentication,0.1259110787172011,balanced,deployed,True,True,FPgrowth_Gen_Borgelt,1.048973794125118,FPgrowth_Gen_Borgelt,1.048973794125118
fresh7,oml_banknote_authentication,0.1259110787172011,balanced,deployed,False,True,Gr_growth,2.1693045781865616,Gr_growth,2.1693045781865616
fresh7,oml_banknote_authentication,0.1259110787172011,runtime,comparison,True,True,Gr_growth,1.0,Gr_growth,1.0
fresh7,oml_banknote_authentication,0.1259110787172011,runtime,comparison,False,True,Gr_growth,1.0,Gr_growth,1.0
fresh7,oml_banknote_authentication,0.1259110787172011,runtime,deployed,True,True,Gr_growth,1.0,Gr_growth,1.0
fresh7,oml_banknote_authentication,0.1259110787172011,runtime,deployed,False,True,Gr_growth,1.0,Gr_growth,1.0
fresh7,oml_blood_transfusion_service_center,0.025066844919786,memory,comparison,True,True,Apriori_Gen_Borgelt,1.0,Apriori_Gen_Borgelt,1.0
fresh7,oml_blood_transfusion_service_center,0.025066844919786,memory,comparison,False,True,Gr_growth,4.774305555555555,Gr_growth,4.774305555555555
fresh7,oml_blood_transfusion_service_center,0.025066844919786,memory,deployed,True,True,Apriori_Gen_Borgelt,1.0,Apriori_Gen_Borgelt,1.0
fresh7,oml_blood_transfusion_service_center,0.025066844919786,memory,deployed,False,True,Gr_growth,4.774305555555555,Gr_growth,4.774305555555555
fresh7,oml_blood_transfusion_service_center,0.025066844919786,balanced,comparison,True,True,Eclat_Gen_Borgelt,1.0720566941890506,Eclat_Gen_Borgelt,1.0720566941890506
fresh7,oml_blood_transfusion_service_center,0.025066844919786,balanced,comparison,False,True,Gr_growth,2.576098740774938,Gr_growth,2.576098740774938
fresh7,oml_blood_transfusion_service_center,0.025066844919786,balanced,deployed,True,True,Eclat_Gen_Borgelt,1.0720566941890506,Eclat_Gen_Borgelt,1.0720566941890506
fresh7,oml_blood_transfusion_service_center,0.025066844919786,balanced,deployed,False,True,Gr_growth,2.576098740774938,Gr_growth,2.576098740774938
fresh7,oml_blood_transfusion_service_center,0.025066844919786,runtime,comparison,True,True,Gr_growth,1.39,Gr_growth,1.39
fresh7,oml_blood_transfusion_service_center,0.025066844919786,runtime,comparison,False,True,Gr_growth,1.39,Gr_growth,1.39
fresh7,oml_blood_transfusion_service_center,0.025066844919786,runtime,deployed,True,True,Gr_growth,1.39,Gr_growth,1.39
fresh7,oml_blood_transfusion_service_center,0.025066844919786,runtime,deployed,False,True,Gr_growth,1.39,Gr_growth,1.39
fresh7,oml_blood_transfusion_service_center,0.0357620320855614,memory,comparison,True,True,Apriori_Gen_Borgelt,1.0,Apriori_Gen_Borgelt,1.0
fresh7,oml_blood_transfusion_service_center,0.0357620320855614,memory,comparison,False,True,Gr_growth,4.824561403508771,Gr_growth,4.824561403508771
fresh7,oml_blood_transfusion_service_center,0.0357620320855614,memory,deployed,True,True,Apriori_Gen_Borgelt,1.0,Apriori_Gen_Borgelt,1.0
fresh7,oml_blood_transfusion_service_center,0.0357620320855614,memory,deployed,False,True,Gr_growth,4.824561403508771,Gr_growth,4.824561403508771
fresh7,oml_blood_transfusion_service_center,0.0357620320855614,balanced,comparison,True,True,Eclat_Gen_Borgelt,1.0496448856470042,Eclat_Gen_Borgelt,1.0496448856470042
fresh7,oml_blood_transfusion_service_center,0.0357620320855614,balanced,comparison,False,True,Gr_growth,2.1964884255348975,Gr_growth,2.1964884255348975
fresh7,oml_blood_transfusion_service_center,0.0357620320855614,balanced,deployed,True,True,Eclat_Gen_Borgelt,1.0496448856470042,Eclat_Gen_Borgelt,1.0496448856470042
fresh7,oml_blood_transfusion_service_center,0.0357620320855614,balanced,deployed,False,True,Gr_growth,2.1964884255348975,Gr_growth,2.1964884255348975
fresh7,oml_blood_transfusion_service_center,0.0357620320855614,runtime,comparison,True,True,Gr_growth,1.0,Gr_growth,1.0
fresh7,oml_blood_transfusion_service_center,0.0357620320855614,runtime,comparison,False,True,Gr_growth,1.0,Gr_growth,1.0
fresh7,oml_blood_transfusion_service_center,0.0357620320855614,runtime,deployed,True,True,Gr_growth,1.0,Gr_growth,1.0
fresh7,oml_blood_transfusion_service_center,0.0357620320855614,runtime,deployed,False,True,Gr_growth,1.0,Gr_growth,1.0
fresh7,oml_blood_transfusion_service_center,0.1600935828877005,memory,comparison,True,True,Apriori_Gen_Borgelt,1.0,Apriori_Gen_Borgelt,1.0
fresh7,oml_blood_transfusion_service_center,0.1600935828877005,memory,comparison,False,True,Gr_growth,4.821678321678322,Gr_growth,4.821678321678322
fresh7,oml_blood_transfusion_service_center,0.1600935828877005,memory,deployed,True,True,Apriori_Gen_Borgelt,1.0,Apriori_Gen_Borgelt,1.0
fresh7,oml_blood_transfusion_service_center,0.1600935828877005,memory,deployed,False,True,Gr_growth,4.821678321678322,Gr_growth,4.821678321678322
fresh7,oml_blood_transfusion_service_center,0.1600935828877005,balanced,comparison,True,True,FPgrowth_Gen_Borgelt,1.0511399073839338,FPgrowth_Gen_Borgelt,1.0511399073839338
fresh7,oml_blood_transfusion_service_center,0.1600935828877005,balanced,comparison,False,True,Gr_growth,2.2713863176914235,Gr_growth,2.2713863176914235
fresh7,oml_blood_transfusion_service_center,0.1600935828877005,balanced,deployed,True,True,FPgrowth_Gen_Borgelt,1.0511399073839338,FPgrowth_Gen_Borgelt,1.0511399073839338
fresh7,oml_blood_transfusion_service_center,0.1600935828877005,balanced,deployed,False,True,Gr_growth,2.2713863176914235,Gr_growth,2.2713863176914235
fresh7,oml_blood_transfusion_service_center,0.1600935828877005,runtime,comparison,True,True,Gr_growth,1.0699999999999998,Gr_growth,1.0699999999999998
fresh7,oml_blood_transfusion_service_center,0.1600935828877005,runtime,comparison,False,True,Gr_growth,1.0699999999999998,Gr_growth,1.0699999999999998
fresh7,oml_blood_transfusion_service_center,0.1600935828877005,runtime,deployed,True,True,Gr_growth,1.0699999999999998,Gr_growth,1.0699999999999998
fresh7,oml_blood_transfusion_service_center,0.1600935828877005,runtime,deployed,False,True,Gr_growth,1.0699999999999998,Gr_growth,1.0699999999999998
fresh7,oml_churn,0.02595,memory,comparison,True,True,Apriori_Gen_Borgelt,1.0,Apriori_Gen_Borgelt,1.0
fresh7,oml_churn,0.02595,memory,comparison,False,True,Gr_growth,3.27037037037037,Gr_growth,3.27037037037037
fresh7,oml_churn,0.02595,memory,deployed,True,True,Apriori_Gen_Borgelt,1.0,Apriori_Gen_Borgelt,1.0
fresh7,oml_churn,0.02595,memory,deployed,False,True,Gr_growth,3.27037037037037,Gr_growth,3.27037037037037
fresh7,oml_churn,0.02595,balanced,comparison,True,True,Gr_growth,2.297814649512403,Gr_growth,2.297814649512403
fresh7,oml_churn,0.02595,balanced,comparison,False,True,Gr_growth,2.297814649512403,Gr_growth,2.297814649512403
fresh7,oml_churn,0.02595,balanced,deployed,True,True,Gr_growth,2.297814649512403,Gr_growth,2.297814649512403
fresh7,oml_churn,0.02595,balanced,deployed,False,True,Gr_growth,2.297814649512403,Gr_growth,2.297814649512403
fresh7,oml_churn,0.02595,runtime,comparison,True,True,Gr_growth,1.614481409001957,Gr_growth,1.614481409001957
fresh7,oml_churn,0.02595,runtime,comparison,False,True,Gr_growth,1.614481409001957,Gr_growth,1.614481409001957
fresh7,oml_churn,0.02595,runtime,deployed,True,True,Gr_growth,1.614481409001957,Gr_growth,1.614481409001957
fresh7,oml_churn,0.02595,runtime,deployed,False,True,Gr_growth,1.614481409001957,Gr_growth,1.614481409001957
fresh7,oml_churn,0.04455,memory,comparison,True,True,Apriori_Gen_Borgelt,1.0,Apriori_Gen_Borgelt,1.0
fresh7,oml_churn,0.04455,memory,comparison,False,True,Gr_growth,4.012224938875306,Gr_growth,4.012224938875306
fresh7,oml_churn,0.04455,memory,deployed,True,True,Apriori_Gen_Borgelt,1.0,Apriori_Gen_Borgelt,1.0
fresh7,oml_churn,0.04455,memory,deployed,False,True,Gr_growth,4.012224938875306,Gr_growth,4.012224938875306
fresh7,oml_churn,0.04455,balanced,comparison,True,True,FPgrowth_Gen_Borgelt,1.4903642788726112,FPgrowth_Gen_Borgelt,1.4903642788726112
fresh7,oml_churn,0.04455,balanced,comparison,False,True,Gr_growth,1.8652709315545026,Gr_growth,1.8652709315545026
fresh7,oml_churn,0.04455,balanced,deployed,True,True,FPgrowth_Gen_Borgelt,1.4903642788726112,FPgrowth_Gen_Borgelt,1.4903642788726112
fresh7,oml_churn,0.04455,balanced,deployed,False,True,Gr_growth,1.8652709315545026,Gr_growth,1.8652709315545026
fresh7,oml_churn,0.04455,runtime,comparison,True,True,Gr_growth,1.327683615819209,Gr_growth,1.327683615819209
fresh7,oml_churn,0.04455,runtime,comparison,False,True,Gr_growth,1.327683615819209,Gr_growth,1.327683615819209
fresh7,oml_churn,0.04455,runtime,deployed,True,True,Gr_growth,1.327683615819209,Gr_growth,1.327683615819209
fresh7,oml_churn,0.04455,runtime,deployed,False,True,Gr_growth,1.327683615819209,Gr_growth,1.327683615819209
fresh7,oml_churn,0.18055,memory,comparison,True,True,Apriori_Gen_Borgelt,1.0,Apriori_Gen_Borgelt,1.0
fresh7,oml_churn,0.18055,memory,comparison,False,True,Gr_growth,3.9537712895377126,Gr_growth,3.9537712895377126
fresh7,oml_churn,0.18055,memory,deployed,True,True,Apriori_Gen_Borgelt,1.0,Apriori_Gen_Borgelt,1.0
fresh7,oml_churn,0.18055,memory,deployed,False,True,Gr_growth,3.9537712895377126,Gr_growth,3.9537712895377126
fresh7,oml_churn,0.18055,balanced,comparison,True,True,FPgrowth_Gen_Borgelt,1.2935021693503577,FPgrowth_Gen_Borgelt,1.2935021693503577
fresh7,oml_churn,0.18055,balanced,comparison,False,True,Gr_growth,2.2990557137761565,Gr_growth,2.2990557137761565
fresh7,oml_churn,0.18055,balanced,deployed,True,True,FPgrowth_Gen_Borgelt,1.2935021693503577,FPgrowth_Gen_Borgelt,1.2935021693503577
fresh7,oml_churn,0.18055,balanced,deployed,False,True,Gr_growth,2.2990557137761565,Gr_growth,2.2990557137761565
fresh7,oml_churn,0.18055,runtime,comparison,True,True,FPgrowth_Gen_Borgelt,1.2831858407079648,FPgrowth_Gen_Borgelt,1.2831858407079648
fresh7,oml_churn,0.18055,runtime,comparison,False,True,FPgrowth_Gen_Borgelt,1.2831858407079648,FPgrowth_Gen_Borgelt,1.2831858407079648
fresh7,oml_churn,0.18055,runtime,deployed,True,True,FPgrowth_Gen_Borgelt,1.2831858407079648,FPgrowth_Gen_Borgelt,1.2831858407079648
fresh7,oml_churn,0.18055,runtime,deployed,False,True,FPgrowth_Gen_Borgelt,1.2831858407079648,FPgrowth_Gen_Borgelt,1.2831858407079648
fresh7,oml_churn,0.32535,memory,comparison,True,True,Apriori_Gen_Borgelt,1.0,Apriori_Gen_Borgelt,1.0
fresh7,oml_churn,0.32535,memory,comparison,False,True,Gr_growth,3.9230769230769234,Gr_growth,3.9230769230769234
fresh7,oml_churn,0.32535,memory,deployed,True,True,Apriori_Gen_Borgelt,1.0,Apriori_Gen_Borgelt,1.0
fresh7,oml_churn,0.32535,memory,deployed,False,True,Gr_growth,3.9230769230769234,Gr_growth,3.9230769230769234
fresh7,oml_churn,0.32535,balanced,comparison,True,True,FPgrowth_Gen_Borgelt,1.0183501544346312,FPgrowth_Gen_Borgelt,1.0183501544346312
fresh7,oml_churn,0.32535,balanced,comparison,False,True,Gr_growth,2.2233031559094503,Gr_growth,2.2233031559094503
fresh7,oml_churn,0.32535,balanced,deployed,True,True,FPgrowth_Gen_Borgelt,1.0183501544346312,FPgrowth_Gen_Borgelt,1.0183501544346312
fresh7,oml_churn,0.32535,balanced,deployed,False,True,Gr_growth,2.2233031559094503,Gr_growth,2.2233031559094503
fresh7,oml_churn,0.32535,runtime,comparison,True,True,FPgrowth_Gen_Borgelt,1.0,FPgrowth_Gen_Borgelt,1.0
fresh7,oml_churn,0.32535,runtime,comparison,False,True,FPgrowth_Gen_Borgelt,1.0,FPgrowth_Gen_Borgelt,1.0
fresh7,oml_churn,0.32535,runtime,deployed,True,True,FPgrowth_Gen_Borgelt,1.0,FPgrowth_Gen_Borgelt,1.0
fresh7,oml_churn,0.32535,runtime,deployed,False,True,FPgrowth_Gen_Borgelt,1.0,FPgrowth_Gen_Borgelt,1.0
fresh7,oml_climate_model_simulation_crashes,0.0310185185185185,memory,comparison,True,True,Apriori_Gen_Borgelt,1.0,Apriori_Gen_Borgelt,1.0
fresh7,oml_climate_model_simulation_crashes,0.0310185185185185,memory,comparison,False,True,Gr_growth,3.8121693121693125,Gr_growth,3.8121693121693125
fresh7,oml_climate_model_simulation_crashes,0.0310185185185185,memory,deployed,True,True,Apriori_Gen_Borgelt,1.0,Apriori_Gen_Borgelt,1.0
fresh7,oml_climate_model_simulation_crashes,0.0310185185185185,memory,deployed,False,True,Gr_growth,3.8121693121693125,Gr_growth,3.8121693121693125
fresh7,oml_climate_model_simulation_crashes,0.0310185185185185,balanced,comparison,True,True,Eclat_Gen_Borgelt,2.197449218704057,Eclat_Gen_Borgelt,2.197449218704057
fresh7,oml_climate_model_simulation_crashes,0.0310185185185185,balanced,comparison,False,True,Gr_growth,2.3102028129662204,Gr_growth,2.3102028129662204
fresh7,oml_climate_model_simulation_crashes,0.0310185185185185,balanced,deployed,True,True,Eclat_Gen_Borgelt,2.197449218704057,Eclat_Gen_Borgelt,2.197449218704057
fresh7,oml_climate_model_simulation_crashes,0.0310185185185185,balanced,deployed,False,True,Gr_growth,2.3102028129662204,Gr_growth,2.3102028129662204
fresh7,oml_climate_model_simulation_crashes,0.0310185185185185,runtime,comparison,True,True,FPgrowth_Gen_Borgelt,1.4200000000000002,FPgrowth_Gen_Borgelt,1.4200000000000002
fresh7,oml_climate_model_simulation_crashes,0.0310185185185185,runtime,comparison,False,True,FPgrowth_Gen_Borgelt,1.4200000000000002,FPgrowth_Gen_Borgelt,1.4200000000000002
fresh7,oml_climate_model_simulation_crashes,0.0310185185185185,runtime,deployed,True,True,FPgrowth_Gen_Borgelt,1.4200000000000002,FPgrowth_Gen_Borgelt,1.4200000000000002
fresh7,oml_climate_model_simulation_crashes,0.0310185185185185,runtime,deployed,False,True,FPgrowth_Gen_Borgelt,1.4200000000000002,FPgrowth_Gen_Borgelt,1.4200000000000002
fresh7,oml_climate_model_simulation_crashes,0.0458333333333333,memory,comparison,True,True,Apriori_Gen_Borgelt,1.0,Apriori_Gen_Borgelt,1.0
fresh7,oml_climate_model_simulation_crashes,0.0458333333333333,memory,comparison,False,True,Gr_growth,4.480891719745223,Gr_growth,4.480891719745223
fresh7,oml_climate_model_simulation_crashes,0.0458333333333333,memory,deployed,True,True,Apriori_Gen_Borgelt,1.0,Apriori_Gen_Borgelt,1.0
fresh7,oml_climate_model_simulation_crashes,0.0458333333333333,memory,deployed,False,True,Gr_growth,4.480891719745223,Gr_growth,4.480891719745223
fresh7,oml_climate_model_simulation_crashes,0.0458333333333333,balanced,comparison,True,True,FPgrowth_Gen_Borgelt,1.475921389859428,FPgrowth_Gen_Borgelt,1.475921389859428
fresh7,oml_climate_model_simulation_crashes,0.0458333333333333,balanced,comparison,False,True,Gr_growth,2.677578523889142,Gr_growth,2.677578523889142
fresh7,oml_climate_model_simulation_crashes,0.0458333333333333,balanced,deployed,True,True,FPgrowth_Gen_Borgelt,1.475921389859428,FPgrowth_Gen_Borgelt,1.475921389859428
fresh7,oml_climate_model_simulation_crashes,0.0458333333333333,balanced,deployed,False,True,Gr_growth,2.677578523889142,Gr_growth,2.677578523889142
fresh7,oml_climate_model_simulation_crashes,0.0458333333333333,runtime,comparison,True,True,FPgrowth_Gen_Borgelt,1.1400000000000001,FPgrowth_Gen_Borgelt,1.1400000000000001
fresh7,oml_climate_model_simulation_crashes,0.0458333333333333,runtime,comparison,False,True,FPgrowth_Gen_Borgelt,1.1400000000000001,FPgrowth_Gen_Borgelt,1.1400000000000001
fresh7,oml_climate_model_simulation_crashes,0.0458333333333333,runtime,deployed,True,True,FPgrowth_Gen_Borgelt,1.1400000000000001,FPgrowth_Gen_Borgelt,1.1400000000000001
fresh7,oml_climate_model_simulation_crashes,0.0458333333333333,runtime,deployed,False,True,FPgrowth_Gen_Borgelt,1.1400000000000001,FPgrowth_Gen_Borgelt,1.1400000000000001
fresh7,oml_climate_model_simulation_crashes,0.0662037037037037,memory,comparison,True,True,Apriori_Gen_Borgelt,1.0,Apriori_Gen_Borgelt,1.0
fresh7,oml_climate_model_simulation_crashes,0.0662037037037037,memory,comparison,False,True,Gr_growth,4.69,Gr_growth,4.69
fresh7,oml_climate_model_simulation_crashes,0.0662037037037037,memory,deployed,True,True,Apriori_Gen_Borgelt,1.0,Apriori_Gen_Borgelt,1.0
fresh7,oml_climate_model_simulation_crashes,0.0662037037037037,memory,deployed,False,True,Gr_growth,4.69,Gr_growth,4.69
fresh7,oml_climate_model_simulation_crashes,0.0662037037037037,balanced,comparison,True,True,FPgrowth_Gen_Borgelt,1.1030261405182864,FPgrowth_Gen_Borgelt,1.1030261405182864
fresh7,oml_climate_model_simulation_crashes,0.0662037037037037,balanced,comparison,False,True,Gr_growth,2.440553215973788,Gr_growth,2.440553215973788
fresh7,oml_climate_model_simulation_crashes,0.0662037037037037,balanced,deployed,True,True,FPgrowth_Gen_Borgelt,1.1030261405182864,FPgrowth_Gen_Borgelt,1.1030261405182864
fresh7,oml_climate_model_simulation_crashes,0.0662037037037037,balanced,deployed,False,True,Gr_growth,2.440553215973788,Gr_growth,2.440553215973788
fresh7,oml_climate_model_simulation_crashes,0.0662037037037037,runtime,comparison,True,True,FPgrowth_Gen_Borgelt,1.0,FPgrowth_Gen_Borgelt,1.0
fresh7,oml_climate_model_simulation_crashes,0.0662037037037037,runtime,comparison,False,True,FPgrowth_Gen_Borgelt,1.0,FPgrowth_Gen_Borgelt,1.0
fresh7,oml_climate_model_simulation_crashes,0.0662037037037037,runtime,deployed,True,True,FPgrowth_Gen_Borgelt,1.0,FPgrowth_Gen_Borgelt,1.0
fresh7,oml_climate_model_simulation_crashes,0.0662037037037037,runtime,deployed,False,True,FPgrowth_Gen_Borgelt,1.0,FPgrowth_Gen_Borgelt,1.0
fresh7,oml_climate_model_simulation_crashes,0.1921296296296296,memory,comparison,True,True,Apriori_Gen_Borgelt,1.0,Apriori_Gen_Borgelt,1.0
fresh7,oml_climate_model_simulation_crashes,0.1921296296296296,memory,comparison,False,True,Gr_growth,4.89198606271777,Gr_growth,4.89198606271777
fresh7,oml_climate_model_simulation_crashes,0.1921296296296296,memory,deployed,True,True,Apriori_Gen_Borgelt,1.0,Apriori_Gen_Borgelt,1.0
fresh7,oml_climate_model_simulation_crashes,0.1921296296296296,memory,deployed,False,True,Gr_growth,4.89198606271777,Gr_growth,4.89198606271777
fresh7,oml_climate_model_simulation_crashes,0.1921296296296296,balanced,comparison,True,True,FPgrowth_Gen_Borgelt,1.1106077063265483,FPgrowth_Gen_Borgelt,1.1106077063265483
fresh7,oml_climate_model_simulation_crashes,0.1921296296296296,balanced,comparison,False,True,Gr_growth,2.2117834574654385,Gr_growth,2.2117834574654385
fresh7,oml_climate_model_simulation_crashes,0.1921296296296296,balanced,deployed,True,True,FPgrowth_Gen_Borgelt,1.1106077063265483,FPgrowth_Gen_Borgelt,1.1106077063265483
fresh7,oml_climate_model_simulation_crashes,0.1921296296296296,balanced,deployed,False,True,Gr_growth,2.2117834574654385,Gr_growth,2.2117834574654385
fresh7,oml_climate_model_simulation_crashes,0.1921296296296296,runtime,comparison,True,True,FPgrowth_Gen_Borgelt,1.0,FPgrowth_Gen_Borgelt,1.0
fresh7,oml_climate_model_simulation_crashes,0.1921296296296296,runtime,comparison,False,True,FPgrowth_Gen_Borgelt,1.0,FPgrowth_Gen_Borgelt,1.0
fresh7,oml_climate_model_simulation_crashes,0.1921296296296296,runtime,deployed,True,True,FPgrowth_Gen_Borgelt,1.0,FPgrowth_Gen_Borgelt,1.0
fresh7,oml_climate_model_simulation_crashes,0.1921296296296296,runtime,deployed,False,True,FPgrowth_Gen_Borgelt,1.0,FPgrowth_Gen_Borgelt,1.0
fresh7,oml_cmc,0.0106924643584521,memory,comparison,True,True,Apriori_Gen_Borgelt,1.0,Apriori_Gen_Borgelt,1.0
fresh7,oml_cmc,0.0106924643584521,memory,comparison,False,True,Gr_growth,4.182352941176471,Gr_growth,4.182352941176471
fresh7,oml_cmc,0.0106924643584521,memory,deployed,True,True,Apriori_Gen_Borgelt,1.0,Apriori_Gen_Borgelt,1.0
fresh7,oml_cmc,0.0106924643584521,memory,deployed,False,True,Gr_growth,4.182352941176471,Gr_growth,4.182352941176471
fresh7,oml_cmc,0.0106924643584521,balanced,comparison,True,True,Gr_growth,2.202976999007843,Gr_growth,2.202976999007843
fresh7,oml_cmc,0.0106924643584521,balanced,comparison,False,True,Gr_growth,2.202976999007843,Gr_growth,2.202976999007843
fresh7,oml_cmc,0.0106924643584521,balanced,deployed,True,True,Gr_growth,2.202976999007843,Gr_growth,2.202976999007843
fresh7,oml_cmc,0.0106924643584521,balanced,deployed,False,True,Gr_growth,2.202976999007843,Gr_growth,2.202976999007843
fresh7,oml_cmc,0.0106924643584521,runtime,comparison,True,True,Gr_growth,1.1603773584905661,Gr_growth,1.1603773584905661
fresh7,oml_cmc,0.0106924643584521,runtime,comparison,False,True,Gr_growth,1.1603773584905661,Gr_growth,1.1603773584905661
fresh7,oml_cmc,0.0106924643584521,runtime,deployed,True,True,Gr_growth,1.1603773584905661,Gr_growth,1.1603773584905661
fresh7,oml_cmc,0.0106924643584521,runtime,deployed,False,True,Gr_growth,1.1603773584905661,Gr_growth,1.1603773584905661
fresh7,oml_cmc,0.1274609640190088,memory,comparison,True,True,Apriori_Gen_Borgelt,1.0,Apriori_Gen_Borgelt,1.0
fresh7,oml_cmc,0.1274609640190088,memory,comparison,False,True,Gr_growth,4.621262458471761,Gr_growth,4.621262458471761
fresh7,oml_cmc,0.1274609640190088,memory,deployed,True,True,Apriori_Gen_Borgelt,1.0,Apriori_Gen_Borgelt,1.0
fresh7,oml_cmc,0.1274609640190088,memory,deployed,False,True,Gr_growth,4.621262458471761,Gr_growth,4.621262458471761
fresh7,oml_cmc,0.1274609640190088,balanced,comparison,True,True,Eclat_Gen_Borgelt,1.1042051906190413,Eclat_Gen_Borgelt,1.1042051906190413
fresh7,oml_cmc,0.1274609640190088,balanced,comparison,False,True,Gr_growth,2.149712180379448,Gr_growth,2.149712180379448
fresh7,oml_cmc,0.1274609640190088,balanced,deployed,True,True,Eclat_Gen_Borgelt,1.1042051906190413,Eclat_Gen_Borgelt,1.1042051906190413
fresh7,oml_cmc,0.1274609640190088,balanced,deployed,False,True,Gr_growth,2.149712180379448,Gr_growth,2.149712180379448
fresh7,oml_cmc,0.1274609640190088,runtime,comparison,True,True,Gr_growth,1.0,Gr_growth,1.0
fresh7,oml_cmc,0.1274609640190088,runtime,comparison,False,True,Gr_growth,1.0,Gr_growth,1.0
fresh7,oml_cmc,0.1274609640190088,runtime,deployed,True,True,Gr_growth,1.0,Gr_growth,1.0
fresh7,oml_cmc,0.1274609640190088,runtime,deployed,False,True,Gr_growth,1.0,Gr_growth,1.0
fresh7,oml_cmc,0.3691446028513238,memory,comparison,True,True,Apriori_Gen_Borgelt,1.0032051282051282,Apriori_Gen_Borgelt,1.0032051282051282
fresh7,oml_cmc,0.3691446028513238,memory,comparison,False,True,Apriori_Gen_Borgelt,1.0032051282051282,Apriori_Gen_Borgelt,1.0032051282051282
fresh7,oml_cmc,0.3691446028513238,memory,deployed,True,True,Apriori_Gen_Borgelt,1.0032051282051282,Apriori_Gen_Borgelt,1.0032051282051282
fresh7,oml_cmc,0.3691446028513238,memory,deployed,False,True,Apriori_Gen_Borgelt,1.0032051282051282,Apriori_Gen_Borgelt,1.0032051282051282
fresh7,oml_cmc,0.3691446028513238,balanced,comparison,True,True,FPgrowth_Gen_Borgelt,1.0,FPgrowth_Gen_Borgelt,1.0
fresh7,oml_cmc,0.3691446028513238,balanced,comparison,False,True,Eclat_Gen_Borgelt,1.0684280329242872,Eclat_Gen_Borgelt,1.0684280329242872
fresh7,oml_cmc,0.3691446028513238,balanced,deployed,True,True,FPgrowth_Gen_Borgelt,1.0,FPgrowth_Gen_Borgelt,1.0
fresh7,oml_cmc,0.3691446028513238,balanced,deployed,False,True,Eclat_Gen_Borgelt,1.0684280329242872,Eclat_Gen_Borgelt,1.0684280329242872
fresh7,oml_cmc,0.3691446028513238,runtime,comparison,True,True,Gr_growth,1.0,Gr_growth,1.0
fresh7,oml_cmc,0.3691446028513238,runtime,comparison,False,True,Gr_growth,1.0,Gr_growth,1.0
fresh7,oml_cmc,0.3691446028513238,runtime,deployed,True,True,Gr_growth,1.0,Gr_growth,1.0
fresh7,oml_cmc,0.3691446028513238,runtime,deployed,False,True,Gr_growth,1.0,Gr_growth,1.0
fresh7,oml_cylinder_bands,0.0236111111111111,memory,comparison,True,True,Gr_growth,1.0,Gr_growth,1.0
fresh7,oml_cylinder_bands,0.0236111111111111,memory,comparison,False,True,Apriori_Gen_Borgelt,1.1471363527438294,Apriori_Gen_Borgelt,1.1471363527438294
fresh7,oml_cylinder_bands,0.0236111111111111,memory,deployed,True,True,Gr_growth,1.0,Gr_growth,1.0
fresh7,oml_cylinder_bands,0.0236111111111111,memory,deployed,False,True,Apriori_Gen_Borgelt,1.1471363527438294,Apriori_Gen_Borgelt,1.1471363527438294
fresh7,oml_cylinder_bands,0.0236111111111111,balanced,comparison,True,True,Gr_growth,1.0,Gr_growth,1.0
fresh7,oml_cylinder_bands,0.0236111111111111,balanced,comparison,False,True,FPgrowth_Gen_Borgelt,1.1465342800415916,FPgrowth_Gen_Borgelt,1.1465342800415916
fresh7,oml_cylinder_bands,0.0236111111111111,balanced,deployed,True,True,Gr_growth,1.0,Gr_growth,1.0
fresh7,oml_cylinder_bands,0.0236111111111111,balanced,deployed,False,True,FPgrowth_Gen_Borgelt,1.1465342800415916,FPgrowth_Gen_Borgelt,1.1465342800415916
fresh7,oml_cylinder_bands,0.0236111111111111,runtime,comparison,True,True,FPgrowth_Gen_Borgelt,1.0,FPgrowth_Gen_Borgelt,1.0
fresh7,oml_cylinder_bands,0.0236111111111111,runtime,comparison,False,True,FPgrowth_Gen_Borgelt,1.0,FPgrowth_Gen_Borgelt,1.0
fresh7,oml_cylinder_bands,0.0236111111111111,runtime,deployed,True,True,FPgrowth_Gen_Borgelt,1.0,FPgrowth_Gen_Borgelt,1.0
fresh7,oml_cylinder_bands,0.0236111111111111,runtime,deployed,False,True,FPgrowth_Gen_Borgelt,1.0,FPgrowth_Gen_Borgelt,1.0
fresh7,oml_cylinder_bands,0.0347222222222222,memory,comparison,True,True,Gr_growth,1.0,Gr_growth,1.0
fresh7,oml_cylinder_bands,0.0347222222222222,memory,comparison,False,True,Apriori_Gen_Borgelt,1.047391205285942,Apriori_Gen_Borgelt,1.047391205285942
fresh7,oml_cylinder_bands,0.0347222222222222,memory,deployed,True,True,Gr_growth,1.0,Gr_growth,1.0
fresh7,oml_cylinder_bands,0.0347222222222222,memory,deployed,False,True,Apriori_Gen_Borgelt,1.047391205285942,Apriori_Gen_Borgelt,1.047391205285942
fresh7,oml_cylinder_bands,0.0347222222222222,balanced,comparison,True,True,Gr_growth,1.0,Gr_growth,1.0
fresh7,oml_cylinder_bands,0.0347222222222222,balanced,comparison,False,True,FPgrowth_Gen_Borgelt,1.0885729499915966,FPgrowth_Gen_Borgelt,1.0885729499915966
fresh7,oml_cylinder_bands,0.0347222222222222,balanced,deployed,True,True,Gr_growth,1.0,Gr_growth,1.0
fresh7,oml_cylinder_bands,0.0347222222222222,balanced,deployed,False,True,FPgrowth_Gen_Borgelt,1.0885729499915966,FPgrowth_Gen_Borgelt,1.0885729499915966
fresh7,oml_cylinder_bands,0.0347222222222222,runtime,comparison,True,True,FPgrowth_Gen_Borgelt,1.0,FPgrowth_Gen_Borgelt,1.0
fresh7,oml_cylinder_bands,0.0347222222222222,runtime,comparison,False,True,FPgrowth_Gen_Borgelt,1.0,FPgrowth_Gen_Borgelt,1.0
fresh7,oml_cylinder_bands,0.0347222222222222,runtime,deployed,True,True,FPgrowth_Gen_Borgelt,1.0,FPgrowth_Gen_Borgelt,1.0
fresh7,oml_cylinder_bands,0.0347222222222222,runtime,deployed,False,True,FPgrowth_Gen_Borgelt,1.0,FPgrowth_Gen_Borgelt,1.0
fresh7,oml_cylinder_bands,0.1625,memory,comparison,True,True,Apriori_Gen_Borgelt,1.0,Apriori_Gen_Borgelt,1.0
fresh7,oml_cylinder_bands,0.1625,memory,comparison,False,True,Apriori_Gen_Borgelt,1.0,Apriori_Gen_Borgelt,1.0
fresh7,oml_cylinder_bands,0.1625,memory,deployed,True,True,Apriori_Gen_Borgelt,1.0,Apriori_Gen_Borgelt,1.0
fresh7,oml_cylinder_bands,0.1625,memory,deployed,False,True,Apriori_Gen_Borgelt,1.0,Apriori_Gen_Borgelt,1.0
fresh7,oml_cylinder_bands,0.1625,balanced,comparison,True,True,FPgrowth_Gen_Borgelt,1.2587157049400342,FPgrowth_Gen_Borgelt,1.2587157049400342
fresh7,oml_cylinder_bands,0.1625,balanced,comparison,False,True,FPgrowth_Gen_Borgelt,1.2587157049400342,FPgrowth_Gen_Borgelt,1.2587157049400342
fresh7,oml_cylinder_bands,0.1625,balanced,deployed,True,True,FPgrowth_Gen_Borgelt,1.2587157049400342,FPgrowth_Gen_Borgelt,1.2587157049400342
fresh7,oml_cylinder_bands,0.1625,balanced,deployed,False,True,FPgrowth_Gen_Borgelt,1.2587157049400342,FPgrowth_Gen_Borgelt,1.2587157049400342
fresh7,oml_cylinder_bands,0.1625,runtime,comparison,True,True,FPgrowth_Gen_Borgelt,1.0,FPgrowth_Gen_Borgelt,1.0
fresh7,oml_cylinder_bands,0.1625,runtime,comparison,False,True,FPgrowth_Gen_Borgelt,1.0,FPgrowth_Gen_Borgelt,1.0
fresh7,oml_cylinder_bands,0.1625,runtime,deployed,True,True,FPgrowth_Gen_Borgelt,1.0,FPgrowth_Gen_Borgelt,1.0
fresh7,oml_cylinder_bands,0.1625,runtime,deployed,False,True,FPgrowth_Gen_Borgelt,1.0,FPgrowth_Gen_Borgelt,1.0
fresh7,oml_cylinder_bands,0.5087962962962963,memory,comparison,True,True,Apriori_Gen_Borgelt,1.0,Apriori_Gen_Borgelt,1.0
fresh7,oml_cylinder_bands,0.5087962962962963,memory,comparison,False,True,Apriori_Gen_Borgelt,1.0,Apriori_Gen_Borgelt,1.0
fresh7,oml_cylinder_bands,0.5087962962962963,memory,deployed,True,True,Apriori_Gen_Borgelt,1.0,Apriori_Gen_Borgelt,1.0
fresh7,oml_cylinder_bands,0.5087962962962963,memory,deployed,False,True,Apriori_Gen_Borgelt,1.0,Apriori_Gen_Borgelt,1.0
fresh7,oml_cylinder_bands,0.5087962962962963,balanced,comparison,True,True,Eclat_Gen_Borgelt,1.1154818126115285,Eclat_Gen_Borgelt,1.1154818126115285
fresh7,oml_cylinder_bands,0.5087962962962963,balanced,comparison,False,True,FPgrowth_Gen_Borgelt,1.1183981099087914,FPgrowth_Gen_Borgelt,1.1183981099087914
fresh7,oml_cylinder_bands,0.5087962962962963,balanced,deployed,True,True,Eclat_Gen_Borgelt,1.1154818126115285,Eclat_Gen_Borgelt,1.1154818126115285
fresh7,oml_cylinder_bands,0.5087962962962963,balanced,deployed,False,True,FPgrowth_Gen_Borgelt,1.1183981099087914,FPgrowth_Gen_Borgelt,1.1183981099087914
fresh7,oml_cylinder_bands,0.5087962962962963,runtime,comparison,True,True,Eclat_Gen_Borgelt,1.0,Eclat_Gen_Borgelt,1.0
fresh7,oml_cylinder_bands,0.5087962962962963,runtime,comparison,False,True,Eclat_Gen_Borgelt,1.0,Eclat_Gen_Borgelt,1.0
fresh7,oml_cylinder_bands,0.5087962962962963,runtime,deployed,True,True,Eclat_Gen_Borgelt,1.0,Eclat_Gen_Borgelt,1.0
fresh7,oml_cylinder_bands,0.5087962962962963,runtime,deployed,False,True,Eclat_Gen_Borgelt,1.0,Eclat_Gen_Borgelt,1.0
fresh7,oml_cylinder_bands,0.8847222222222222,memory,comparison,True,True,Apriori_Gen_Borgelt,1.0,Apriori_Gen_Borgelt,1.0
fresh7,oml_cylinder_bands,0.8847222222222222,memory,comparison,False,True,Apriori_Gen_Borgelt,1.0,Apriori_Gen_Borgelt,1.0
fresh7,oml_cylinder_bands,0.8847222222222222,memory,deployed,True,True,Apriori_Gen_Borgelt,1.0,Apriori_Gen_Borgelt,1.0
fresh7,oml_cylinder_bands,0.8847222222222222,memory,deployed,False,True,Apriori_Gen_Borgelt,1.0,Apriori_Gen_Borgelt,1.0
fresh7,oml_cylinder_bands,0.8847222222222222,balanced,comparison,True,True,FPgrowth_Gen_Borgelt,1.053739955101157,FPgrowth_Gen_Borgelt,1.053739955101157
fresh7,oml_cylinder_bands,0.8847222222222222,balanced,comparison,False,True,FPgrowth_Gen_Borgelt,1.053739955101157,FPgrowth_Gen_Borgelt,1.053739955101157
fresh7,oml_cylinder_bands,0.8847222222222222,balanced,deployed,True,True,FPgrowth_Gen_Borgelt,1.053739955101157,FPgrowth_Gen_Borgelt,1.053739955101157
fresh7,oml_cylinder_bands,0.8847222222222222,balanced,deployed,False,True,FPgrowth_Gen_Borgelt,1.053739955101157,FPgrowth_Gen_Borgelt,1.053739955101157
fresh7,oml_cylinder_bands,0.8847222222222222,runtime,comparison,True,True,FPgrowth_Gen_Borgelt,1.0,FPgrowth_Gen_Borgelt,1.0
fresh7,oml_cylinder_bands,0.8847222222222222,runtime,comparison,False,True,FPgrowth_Gen_Borgelt,1.0,FPgrowth_Gen_Borgelt,1.0
fresh7,oml_cylinder_bands,0.8847222222222222,runtime,deployed,True,True,FPgrowth_Gen_Borgelt,1.0,FPgrowth_Gen_Borgelt,1.0
fresh7,oml_cylinder_bands,0.8847222222222222,runtime,deployed,False,True,FPgrowth_Gen_Borgelt,1.0,FPgrowth_Gen_Borgelt,1.0
fresh7,oml_dresses_sales,0.0235,memory,comparison,True,True,Apriori_Gen_Borgelt,1.0,Apriori_Gen_Borgelt,1.0
fresh7,oml_dresses_sales,0.0235,memory,comparison,False,True,Apriori_Gen_Borgelt,1.0,Apriori_Gen_Borgelt,1.0
fresh7,oml_dresses_sales,0.0235,memory,deployed,True,True,Apriori_Gen_Borgelt,1.0,Apriori_Gen_Borgelt,1.0
fresh7,oml_dresses_sales,0.0235,memory,deployed,False,True,Apriori_Gen_Borgelt,1.0,Apriori_Gen_Borgelt,1.0
fresh7,oml_dresses_sales,0.0235,balanced,comparison,True,True,FPgrowth_Gen_Borgelt,1.5408484145035122,FPgrowth_Gen_Borgelt,1.5408484145035122
fresh7,oml_dresses_sales,0.0235,balanced,comparison,False,True,Gr_growth,2.533939434280893,Gr_growth,2.533939434280893
fresh7,oml_dresses_sales,0.0235,balanced,deployed,True,True,FPgrowth_Gen_Borgelt,1.5408484145035122,FPgrowth_Gen_Borgelt,1.5408484145035122
fresh7,oml_dresses_sales,0.0235,balanced,deployed,False,True,Gr_growth,2.533939434280893,Gr_growth,2.533939434280893
fresh7,oml_dresses_sales,0.0235,runtime,comparison,True,True,Gr_growth,1.47,Gr_growth,1.47
fresh7,oml_dresses_sales,0.0235,runtime,comparison,False,True,Gr_growth,1.47,Gr_growth,1.47
fresh7,oml_dresses_sales,0.0235,runtime,deployed,True,True,Gr_growth,1.47,Gr_growth,1.47
fresh7,oml_dresses_sales,0.0235,runtime,deployed,False,True,Gr_growth,1.47,Gr_growth,1.47
fresh7,oml_dresses_sales,0.1235,memory,comparison,True,True,Apriori_Gen_Borgelt,1.0,Apriori_Gen_Borgelt,1.0
fresh7,oml_dresses_sales,0.1235,memory,comparison,False,True,Apriori_Gen_Borgelt,1.0,Apriori_Gen_Borgelt,1.0
fresh7,oml_dresses_sales,0.1235,memory,deployed,True,True,Apriori_Gen_Borgelt,1.0,Apriori_Gen_Borgelt,1.0
fresh7,oml_dresses_sales,0.1235,memory,deployed,False,True,Apriori_Gen_Borgelt,1.0,Apriori_Gen_Borgelt,1.0
fresh7,oml_dresses_sales,0.1235,balanced,comparison,True,True,FPgrowth_Gen_Borgelt,1.0169373091214766,FPgrowth_Gen_Borgelt,1.0169373091214766
fresh7,oml_dresses_sales,0.1235,balanced,comparison,False,True,Gr_growth,2.0664429184963535,Gr_growth,2.0664429184963535
fresh7,oml_dresses_sales,0.1235,balanced,deployed,True,True,FPgrowth_Gen_Borgelt,1.0169373091214766,FPgrowth_Gen_Borgelt,1.0169373091214766
fresh7,oml_dresses_sales,0.1235,balanced,deployed,False,True,Gr_growth,2.0664429184963535,Gr_growth,2.0664429184963535
fresh7,oml_dresses_sales,0.1235,runtime,comparison,True,True,Gr_growth,1.0,Gr_growth,1.0
fresh7,oml_dresses_sales,0.1235,runtime,comparison,False,True,Gr_growth,1.0,Gr_growth,1.0
fresh7,oml_dresses_sales,0.1235,runtime,deployed,True,True,Gr_growth,1.0,Gr_growth,1.0
fresh7,oml_dresses_sales,0.1235,runtime,deployed,False,True,Gr_growth,1.0,Gr_growth,1.0
fresh7,oml_dresses_sales,0.2755,memory,comparison,True,True,FPgrowth_Gen_Borgelt,1.01,FPgrowth_Gen_Borgelt,1.01
fresh7,oml_dresses_sales,0.2755,memory,comparison,False,True,Eclat_Gen_Borgelt,1.0766666666666667,Eclat_Gen_Borgelt,1.0766666666666667
fresh7,oml_dresses_sales,0.2755,memory,deployed,True,True,FPgrowth_Gen_Borgelt,1.01,FPgrowth_Gen_Borgelt,1.01
fresh7,oml_dresses_sales,0.2755,memory,deployed,False,True,Eclat_Gen_Borgelt,1.0766666666666667,Eclat_Gen_Borgelt,1.0766666666666667
fresh7,oml_dresses_sales,0.2755,balanced,comparison,True,True,FPgrowth_Gen_Borgelt,1.004987562112089,FPgrowth_Gen_Borgelt,1.004987562112089
fresh7,oml_dresses_sales,0.2755,balanced,comparison,False,True,Eclat_Gen_Borgelt,1.0376254944182253,Eclat_Gen_Borgelt,1.0376254944182253
fresh7,oml_dresses_sales,0.2755,balanced,deployed,True,True,FPgrowth_Gen_Borgelt,1.004987562112089,FPgrowth_Gen_Borgelt,1.004987562112089
fresh7,oml_dresses_sales,0.2755,balanced,deployed,False,True,Eclat_Gen_Borgelt,1.0376254944182253,Eclat_Gen_Borgelt,1.0376254944182253
fresh7,oml_dresses_sales,0.2755,runtime,comparison,True,True,Gr_growth,1.1199999999999999,Gr_growth,1.1199999999999999
fresh7,oml_dresses_sales,0.2755,runtime,comparison,False,True,Gr_growth,1.1199999999999999,Gr_growth,1.1199999999999999
fresh7,oml_dresses_sales,0.2755,runtime,deployed,True,True,Gr_growth,1.1199999999999999,Gr_growth,1.1199999999999999
fresh7,oml_dresses_sales,0.2755,runtime,deployed,False,True,Gr_growth,1.1199999999999999,Gr_growth,1.1199999999999999
fresh7,oml_electricity,0.013081523658192,memory,comparison,True,True,Apriori_Gen_Borgelt,1.0,Apriori_Gen_Borgelt,1.0
fresh7,oml_electricity,0.013081523658192,memory,comparison,False,True,Gr_growth,2.4563106796116507,Gr_growth,2.4563106796116507
fresh7,oml_electricity,0.013081523658192,memory,deployed,True,True,Apriori_Gen_Borgelt,1.0,Apriori_Gen_Borgelt,1.0
fresh7,oml_electricity,0.013081523658192,memory,deployed,False,True,Gr_growth,2.4563106796116507,Gr_growth,2.4563106796116507
fresh7,oml_electricity,0.013081523658192,balanced,comparison,True,True,Gr_growth,1.2361175875978587,Gr_growth,1.2361175875978587
fresh7,oml_electricity,0.013081523658192,balanced,comparison,False,True,Gr_growth,1.2361175875978587,Gr_growth,1.2361175875978587
fresh7,oml_electricity,0.013081523658192,balanced,deployed,True,True,Gr_growth,1.2361175875978587,Gr_growth,1.2361175875978587
fresh7,oml_electricity,0.013081523658192,balanced,deployed,False,True,Gr_growth,1.2361175875978587,Gr_growth,1.2361175875978587
fresh7,oml_electricity,0.013081523658192,runtime,comparison,True,True,Gr_growth,1.0,Gr_growth,1.0
fresh7,oml_electricity,0.013081523658192,runtime,comparison,False,True,Gr_growth,1.0,Gr_growth,1.0
fresh7,oml_electricity,0.013081523658192,runtime,deployed,True,True,Gr_growth,1.0,Gr_growth,1.0
fresh7,oml_electricity,0.013081523658192,runtime,deployed,False,True,Gr_growth,1.0,Gr_growth,1.0
fresh7,oml_electricity,0.0864837129237288,memory,comparison,True,True,Apriori_Gen_Borgelt,1.0,Apriori_Gen_Borgelt,1.0
fresh7,oml_electricity,0.0864837129237288,memory,comparison,False,True,Gr_growth,2.335453100158982,Gr_growth,2.335453100158982
fresh7,oml_electricity,0.0864837129237288,memory,deployed,True,True,Apriori_Gen_Borgelt,1.0,Apriori_Gen_Borgelt,1.0
fresh7,oml_electricity,0.0864837129237288,memory,deployed,False,True,Gr_growth,2.335453100158982,Gr_growth,2.335453100158982
fresh7,oml_electricity,0.0864837129237288,balanced,comparison,True,True,FPgrowth_Gen_Borgelt,1.1075829604822538,FPgrowth_Gen_Borgelt,1.1075829604822538
fresh7,oml_electricity,0.0864837129237288,balanced,comparison,False,True,Gr_growth,1.6359922335498096,Gr_growth,1.6359922335498096
fresh7,oml_electricity,0.0864837129237288,balanced,deployed,True,True,FPgrowth_Gen_Borgelt,1.1075829604822538,FPgrowth_Gen_Borgelt,1.1075829604822538
fresh7,oml_electricity,0.0864837129237288,balanced,deployed,False,True,Gr_growth,1.6359922335498096,Gr_growth,1.6359922335498096
fresh7,oml_electricity,0.0864837129237288,runtime,comparison,True,True,Gr_growth,1.1614349775784754,Gr_growth,1.1614349775784754
fresh7,oml_electricity,0.0864837129237288,runtime,comparison,False,True,Gr_growth,1.1614349775784754,Gr_growth,1.1614349775784754
fresh7,oml_electricity,0.0864837129237288,runtime,deployed,True,True,Gr_growth,1.1614349775784754,Gr_growth,1.1614349775784754
fresh7,oml_electricity,0.0864837129237288,runtime,deployed,False,True,Gr_growth,1.1614349775784754,Gr_growth,1.1614349775784754
fresh7,oml_electricity,0.2002063471045197,memory,comparison,True,True,Apriori_Gen_Borgelt,1.0,Apriori_Gen_Borgelt,1.0
fresh7,oml_electricity,0.2002063471045197,memory,comparison,False,True,Gr_growth,2.231147540983607,Gr_growth,2.231147540983607
fresh7,oml_electricity,0.2002063471045197,memory,deployed,True,True,Apriori_Gen_Borgelt,1.0,Apriori_Gen_Borgelt,1.0
fresh7,oml_electricity,0.2002063471045197,memory,deployed,False,True,Gr_growth,2.231147540983607,Gr_growth,2.231147540983607
fresh7,oml_electricity,0.2002063471045197,balanced,comparison,True,True,FPgrowth_Gen_Borgelt,1.074144819266859,FPgrowth_Gen_Borgelt,1.074144819266859
fresh7,oml_electricity,0.2002063471045197,balanced,comparison,False,True,Gr_growth,1.5124920789401208,Gr_growth,1.5124920789401208
fresh7,oml_electricity,0.2002063471045197,balanced,deployed,True,True,FPgrowth_Gen_Borgelt,1.074144819266859,FPgrowth_Gen_Borgelt,1.074144819266859
fresh7,oml_electricity,0.2002063471045197,balanced,deployed,False,True,Gr_growth,1.5124920789401208,Gr_growth,1.5124920789401208
fresh7,oml_electricity,0.2002063471045197,runtime,comparison,True,True,Gr_growth,1.0253164556962024,Gr_growth,1.0253164556962024
fresh7,oml_electricity,0.2002063471045197,runtime,comparison,False,True,Gr_growth,1.0253164556962024,Gr_growth,1.0253164556962024
fresh7,oml_electricity,0.2002063471045197,runtime,deployed,True,True,Gr_growth,1.0253164556962024,Gr_growth,1.0253164556962024
fresh7,oml_electricity,0.2002063471045197,runtime,deployed,False,True,Gr_growth,1.0253164556962024,Gr_growth,1.0253164556962024
fresh7,oml_eucalyptus,0.0173233695652173,memory,comparison,True,True,Apriori_Gen_Borgelt,1.0,Apriori_Gen_Borgelt,1.0
fresh7,oml_eucalyptus,0.0173233695652173,memory,comparison,False,True,Apriori_Gen_Borgelt,1.0,Apriori_Gen_Borgelt,1.0
fresh7,oml_eucalyptus,0.0173233695652173,memory,deployed,True,True,Apriori_Gen_Borgelt,1.0,Apriori_Gen_Borgelt,1.0
fresh7,oml_eucalyptus,0.0173233695652173,memory,deployed,False,True,Apriori_Gen_Borgelt,1.0,Apriori_Gen_Borgelt,1.0
fresh7,oml_eucalyptus,0.0173233695652173,balanced,comparison,True,True,Eclat_Gen_Borgelt,1.5953952053513523,Eclat_Gen_Borgelt,1.5953952053513523
fresh7,oml_eucalyptus,0.0173233695652173,balanced,comparison,False,True,Gr_growth,1.7501758331082058,Gr_growth,1.7501758331082058
fresh7,oml_eucalyptus,0.0173233695652173,balanced,deployed,True,True,Eclat_Gen_Borgelt,1.5953952053513523,Eclat_Gen_Borgelt,1.5953952053513523
fresh7,oml_eucalyptus,0.0173233695652173,balanced,deployed,False,True,Gr_growth,1.7501758331082058,Gr_growth,1.7501758331082058
fresh7,oml_eucalyptus,0.0173233695652173,runtime,comparison,True,True,Gr_growth,1.0,Gr_growth,1.0
fresh7,oml_eucalyptus,0.0173233695652173,runtime,comparison,False,True,Gr_growth,1.0,Gr_growth,1.0
fresh7,oml_eucalyptus,0.0173233695652173,runtime,deployed,True,True,Gr_growth,1.0,Gr_growth,1.0
fresh7,oml_eucalyptus,0.0173233695652173,runtime,deployed,False,True,Gr_growth,1.0,Gr_growth,1.0
fresh7,oml_eucalyptus,0.054008152173913,memory,comparison,True,True,Apriori_Gen_Borgelt,1.0,Apriori_Gen_Borgelt,1.0
fresh7,oml_eucalyptus,0.054008152173913,memory,comparison,False,True,Gr_growth,4.455696202531645,Gr_growth,4.455696202531645
fresh7,oml_eucalyptus,0.054008152173913,memory,deployed,True,True,Apriori_Gen_Borgelt,1.0,Apriori_Gen_Borgelt,1.0
fresh7,oml_eucalyptus,0.054008152173913,memory,deployed,False,True,Gr_growth,4.455696202531645,Gr_growth,4.455696202531645
fresh7,oml_eucalyptus,0.054008152173913,balanced,comparison,True,True,Eclat_Gen_Borgelt,1.296416677820694,Eclat_Gen_Borgelt,1.296416677820694
fresh7,oml_eucalyptus,0.054008152173913,balanced,comparison,False,True,Gr_growth,2.283235545659279,Gr_growth,2.283235545659279
fresh7,oml_eucalyptus,0.054008152173913,balanced,deployed,True,True,Eclat_Gen_Borgelt,1.296416677820694,Eclat_Gen_Borgelt,1.296416677820694
fresh7,oml_eucalyptus,0.054008152173913,balanced,deployed,False,True,Gr_growth,2.283235545659279,Gr_growth,2.283235545659279
fresh7,oml_eucalyptus,0.054008152173913,runtime,comparison,True,True,Gr_growth,1.17,Gr_growth,1.17
fresh7,oml_eucalyptus,0.054008152173913,runtime,comparison,False,True,Gr_growth,1.17,Gr_growth,1.17
fresh7,oml_eucalyptus,0.054008152173913,runtime,deployed,True,True,Gr_growth,1.17,Gr_growth,1.17
fresh7,oml_eucalyptus,0.054008152173913,runtime,deployed,False,True,Gr_growth,1.17,Gr_growth,1.17
fresh7,oml_eucalyptus,0.1246603260869565,memory,comparison,True,True,Apriori_Gen_Borgelt,1.0,Apriori_Gen_Borgelt,1.0
fresh7,oml_eucalyptus,0.1246603260869565,memory,comparison,False,True,Apriori_Gen_Borgelt,1.0,Apriori_Gen_Borgelt,1.0
fresh7,oml_eucalyptus,0.1246603260869565,memory,deployed,True,True,Apriori_Gen_Borgelt,1.0,Apriori_Gen_Borgelt,1.0
fresh7,oml_eucalyptus,0.1246603260869565,memory,deployed,False,True,Apriori_Gen_Borgelt,1.0,Apriori_Gen_Borgelt,1.0
fresh7,oml_eucalyptus,0.1246603260869565,balanced,comparison,True,True,FPgrowth_Gen_Borgelt,1.0993676689457348,FPgrowth_Gen_Borgelt,1.0993676689457348
fresh7,oml_eucalyptus,0.1246603260869565,balanced,comparison,False,True,Gr_growth,2.2611094387578268,Gr_growth,2.2611094387578268
fresh7,oml_eucalyptus,0.1246603260869565,balanced,deployed,True,True,FPgrowth_Gen_Borgelt,1.0993676689457348,FPgrowth_Gen_Borgelt,1.0993676689457348
fresh7,oml_eucalyptus,0.1246603260869565,balanced,deployed,False,True,Gr_growth,2.2611094387578268,Gr_growth,2.2611094387578268
fresh7,oml_eucalyptus,0.1246603260869565,runtime,comparison,True,True,Gr_growth,1.11,Gr_growth,1.11
fresh7,oml_eucalyptus,0.1246603260869565,runtime,comparison,False,True,Gr_growth,1.11,Gr_growth,1.11
fresh7,oml_eucalyptus,0.1246603260869565,runtime,deployed,True,True,Gr_growth,1.11,Gr_growth,1.11
fresh7,oml_eucalyptus,0.1246603260869565,runtime,deployed,False,True,Gr_growth,1.11,Gr_growth,1.11
fresh7,oml_eucalyptus,0.2605298913043478,memory,comparison,True,True,Apriori_Gen_Borgelt,1.0,Apriori_Gen_Borgelt,1.0
fresh7,oml_eucalyptus,0.2605298913043478,memory,comparison,False,True,Eclat_Gen_Borgelt,1.0466666666666666,Eclat_Gen_Borgelt,1.0466666666666666
fresh7,oml_eucalyptus,0.2605298913043478,memory,deployed,True,True,Apriori_Gen_Borgelt,1.0,Apriori_Gen_Borgelt,1.0
fresh7,oml_eucalyptus,0.2605298913043478,memory,deployed,False,True,Eclat_Gen_Borgelt,1.0466666666666666,Eclat_Gen_Borgelt,1.0466666666666666
fresh7,oml_eucalyptus,0.2605298913043478,balanced,comparison,True,True,FPgrowth_Gen_Borgelt,1.0311805532172014,FPgrowth_Gen_Borgelt,1.0311805532172014
fresh7,oml_eucalyptus,0.2605298913043478,balanced,comparison,False,True,Eclat_Gen_Borgelt,1.0230672835481873,Eclat_Gen_Borgelt,1.0230672835481873
fresh7,oml_eucalyptus,0.2605298913043478,balanced,deployed,True,True,FPgrowth_Gen_Borgelt,1.0311805532172014,FPgrowth_Gen_Borgelt,1.0311805532172014
fresh7,oml_eucalyptus,0.2605298913043478,balanced,deployed,False,True,Eclat_Gen_Borgelt,1.0230672835481873,Eclat_Gen_Borgelt,1.0230672835481873
fresh7,oml_eucalyptus,0.2605298913043478,runtime,comparison,True,True,Gr_growth,1.0,Gr_growth,1.0
fresh7,oml_eucalyptus,0.2605298913043478,runtime,comparison,False,True,Gr_growth,1.0,Gr_growth,1.0
fresh7,oml_eucalyptus,0.2605298913043478,runtime,deployed,True,True,Gr_growth,1.0,Gr_growth,1.0
fresh7,oml_eucalyptus,0.2605298913043478,runtime,deployed,False,True,Gr_growth,1.0,Gr_growth,1.0
fresh7,oml_gesturephasesegmentationprocessed,0.0146611972044971,memory,comparison,True,True,Gr_growth,7.530166025047998,Gr_growth,7.530166025047998
fresh7,oml_gesturephasesegmentationprocessed,0.0146611972044971,memory,comparison,False,True,Apriori_Gen_Borgelt,10.0,Apriori_Gen_Borgelt,10.0
fresh7,oml_gesturephasesegmentationprocessed,0.0146611972044971,memory,deployed,True,True,Gr_growth,7.530166025047998,Gr_growth,7.530166025047998
fresh7,oml_gesturephasesegmentationprocessed,0.0146611972044971,memory,deployed,False,True,Apriori_Gen_Borgelt,10.0,Apriori_Gen_Borgelt,10.0
fresh7,oml_gesturephasesegmentationprocessed,0.0146611972044971,balanced,comparison,True,True,Gr_growth,2.3619613451072823,Gr_growth,2.3619613451072823
fresh7,oml_gesturephasesegmentationprocessed,0.0146611972044971,balanced,comparison,False,True,Gr_growth,2.3619613451072823,Gr_growth,2.3619613451072823
fresh7,oml_gesturephasesegmentationprocessed,0.0146611972044971,balanced,deployed,True,True,Gr_growth,2.3619613451072823,Gr_growth,2.3619613451072823
fresh7,oml_gesturephasesegmentationprocessed,0.0146611972044971,balanced,deployed,False,True,Gr_growth,2.3619613451072823,Gr_growth,2.3619613451072823
fresh7,oml_gesturephasesegmentationprocessed,0.0146611972044971,runtime,comparison,True,True,FPgrowth_Gen_Borgelt,10.0,FPgrowth_Gen_Borgelt,10.0
fresh7,oml_gesturephasesegmentationprocessed,0.0146611972044971,runtime,comparison,False,True,FPgrowth_Gen_Borgelt,10.0,FPgrowth_Gen_Borgelt,10.0
fresh7,oml_gesturephasesegmentationprocessed,0.0146611972044971,runtime,deployed,True,True,FPgrowth_Gen_Borgelt,10.0,FPgrowth_Gen_Borgelt,10.0
fresh7,oml_gesturephasesegmentationprocessed,0.0146611972044971,runtime,deployed,False,True,FPgrowth_Gen_Borgelt,10.0,FPgrowth_Gen_Borgelt,10.0
fresh7,oml_gesturephasesegmentationprocessed,0.0429200850805226,memory,comparison,True,True,Apriori_Gen_Borgelt,1.0,Apriori_Gen_Borgelt,1.0
fresh7,oml_gesturephasesegmentationprocessed,0.0429200850805226,memory,comparison,False,True,Gr_growth,2.9850000000000003,Gr_growth,2.9850000000000003
fresh7,oml_gesturephasesegmentationprocessed,0.0429200850805226,memory,deployed,True,True,Apriori_Gen_Borgelt,1.0,Apriori_Gen_Borgelt,1.0
fresh7,oml_gesturephasesegmentationprocessed,0.0429200850805226,memory,deployed,False,True,Gr_growth,2.9850000000000003,Gr_growth,2.9850000000000003
fresh7,oml_gesturephasesegmentationprocessed,0.0429200850805226,balanced,comparison,True,True,Eclat_Gen_Borgelt,1.0,Eclat_Gen_Borgelt,1.0
fresh7,oml_gesturephasesegmentationprocessed,0.0429200850805226,balanced,comparison,False,True,Gr_growth,1.1196630034841106,Gr_growth,1.1196630034841106
fresh7,oml_gesturephasesegmentationprocessed,0.0429200850805226,balanced,deployed,True,True,Eclat_Gen_Borgelt,1.0,Eclat_Gen_Borgelt,1.0
fresh7,oml_gesturephasesegmentationprocessed,0.0429200850805226,balanced,deployed,False,True,Gr_growth,1.1196630034841106,Gr_growth,1.1196630034841106
fresh7,oml_gesturephasesegmentationprocessed,0.0429200850805226,runtime,comparison,True,True,FPgrowth_Gen_Borgelt,1.0,FPgrowth_Gen_Borgelt,1.0
fresh7,oml_gesturephasesegmentationprocessed,0.0429200850805226,runtime,comparison,False,True,FPgrowth_Gen_Borgelt,1.0,FPgrowth_Gen_Borgelt,1.0
fresh7,oml_gesturephasesegmentationprocessed,0.0429200850805226,runtime,deployed,True,True,FPgrowth_Gen_Borgelt,1.0,FPgrowth_Gen_Borgelt,1.0
fresh7,oml_gesturephasesegmentationprocessed,0.0429200850805226,runtime,deployed,False,True,FPgrowth_Gen_Borgelt,1.0,FPgrowth_Gen_Borgelt,1.0
fresh7,oml_gesturephasesegmentationprocessed,0.072090549984807,memory,comparison,True,True,Apriori_Gen_Borgelt,1.0,Apriori_Gen_Borgelt,1.0
fresh7,oml_gesturephasesegmentationprocessed,0.072090549984807,memory,comparison,False,True,Gr_growth,3.8515007898894154,Gr_growth,3.8515007898894154
fresh7,oml_gesturephasesegmentationprocessed,0.072090549984807,memory,deployed,True,True,Apriori_Gen_Borgelt,1.0,Apriori_Gen_Borgelt,1.0
fresh7,oml_gesturephasesegmentationprocessed,0.072090549984807,memory,deployed,False,True,Gr_growth,3.8515007898894154,Gr_growth,3.8515007898894154
fresh7,oml_gesturephasesegmentationprocessed,0.072090549984807,balanced,comparison,True,True,Eclat_Gen_Borgelt,1.0506906301128935,Eclat_Gen_Borgelt,1.0506906301128935
fresh7,oml_gesturephasesegmentationprocessed,0.072090549984807,balanced,comparison,False,True,Gr_growth,1.6597007443057201,Gr_growth,1.6597007443057201
fresh7,oml_gesturephasesegmentationprocessed,0.072090549984807,balanced,deployed,True,True,Eclat_Gen_Borgelt,1.0506906301128935,Eclat_Gen_Borgelt,1.0506906301128935
fresh7,oml_gesturephasesegmentationprocessed,0.072090549984807,balanced,deployed,False,True,Gr_growth,1.6597007443057201,Gr_growth,1.6597007443057201
fresh7,oml_gesturephasesegmentationprocessed,0.072090549984807,runtime,comparison,True,True,FPgrowth_Gen_Borgelt,1.2846846846846847,FPgrowth_Gen_Borgelt,1.2846846846846847
fresh7,oml_gesturephasesegmentationprocessed,0.072090549984807,runtime,comparison,False,True,FPgrowth_Gen_Borgelt,1.2846846846846847,FPgrowth_Gen_Borgelt,1.2846846846846847
fresh7,oml_gesturephasesegmentationprocessed,0.072090549984807,runtime,deployed,True,True,FPgrowth_Gen_Borgelt,1.2846846846846847,FPgrowth_Gen_Borgelt,1.2846846846846847
fresh7,oml_gesturephasesegmentationprocessed,0.072090549984807,runtime,deployed,False,True,FPgrowth_Gen_Borgelt,1.2846846846846847,FPgrowth_Gen_Borgelt,1.2846846846846847
fresh7,oml_gesturephasesegmentationprocessed,0.1199989871366352,memory,comparison,True,True,Apriori_Gen_Borgelt,1.0,Apriori_Gen_Borgelt,1.0
fresh7,oml_gesturephasesegmentationprocessed,0.1199989871366352,memory,comparison,False,True,Gr_growth,3.9983277591973243,Gr_growth,3.9983277591973243
fresh7,oml_gesturephasesegmentationprocessed,0.1199989871366352,memory,deployed,True,True,Apriori_Gen_Borgelt,1.0,Apriori_Gen_Borgelt,1.0
fresh7,oml_gesturephasesegmentationprocessed,0.1199989871366352,memory,deployed,False,True,Gr_growth,3.9983277591973243,Gr_growth,3.9983277591973243
fresh7,oml_gesturephasesegmentationprocessed,0.1199989871366352,balanced,comparison,True,True,Eclat_Gen_Borgelt,1.4075801624238184,Eclat_Gen_Borgelt,1.4075801624238184
fresh7,oml_gesturephasesegmentationprocessed,0.1199989871366352,balanced,comparison,False,True,Gr_growth,2.6845599976114194,Gr_growth,2.6845599976114194
fresh7,oml_gesturephasesegmentationprocessed,0.1199989871366352,balanced,deployed,True,True,Eclat_Gen_Borgelt,1.4075801624238184,Eclat_Gen_Borgelt,1.4075801624238184
fresh7,oml_gesturephasesegmentationprocessed,0.1199989871366352,balanced,deployed,False,True,Gr_growth,2.6845599976114194,Gr_growth,2.6845599976114194
fresh7,oml_gesturephasesegmentationprocessed,0.1199989871366352,runtime,comparison,True,True,FPgrowth_Gen_Borgelt,2.0576131687242802,FPgrowth_Gen_Borgelt,2.0576131687242802
fresh7,oml_gesturephasesegmentationprocessed,0.1199989871366352,runtime,comparison,False,True,FPgrowth_Gen_Borgelt,2.0576131687242802,FPgrowth_Gen_Borgelt,2.0576131687242802
fresh7,oml_gesturephasesegmentationprocessed,0.1199989871366352,runtime,deployed,True,True,FPgrowth_Gen_Borgelt,2.0576131687242802,FPgrowth_Gen_Borgelt,2.0576131687242802
fresh7,oml_gesturephasesegmentationprocessed,0.1199989871366352,runtime,deployed,False,True,FPgrowth_Gen_Borgelt,2.0576131687242802,FPgrowth_Gen_Borgelt,2.0576131687242802
fresh7,oml_gesturephasesegmentationprocessed,0.152714473817482,memory,comparison,True,True,Apriori_Gen_Borgelt,1.0,Apriori_Gen_Borgelt,1.0
fresh7,oml_gesturephasesegmentationprocessed,0.152714473817482,memory,comparison,False,True,Gr_growth,3.991652754590985,Gr_growth,3.991652754590985
fresh7,oml_gesturephasesegmentationprocessed,0.152714473817482,memory,deployed,True,True,Apriori_Gen_Borgelt,1.0,Apriori_Gen_Borgelt,1.0
fresh7,oml_gesturephasesegmentationprocessed,0.152714473817482,memory,deployed,False,True,Gr_growth,3.991652754590985,Gr_growth,3.991652754590985
fresh7,oml_gesturephasesegmentationprocessed,0.152714473817482,balanced,comparison,True,True,Eclat_Gen_Borgelt,1.3232189451131189,Eclat_Gen_Borgelt,1.3232189451131189
fresh7,oml_gesturephasesegmentationprocessed,0.152714473817482,balanced,comparison,False,True,Gr_growth,2.4973901235186338,Gr_growth,2.4973901235186338
fresh7,oml_gesturephasesegmentationprocessed,0.152714473817482,balanced,deployed,True,True,Eclat_Gen_Borgelt,1.3232189451131189,Eclat_Gen_Borgelt,1.3232189451131189
fresh7,oml_gesturephasesegmentationprocessed,0.152714473817482,balanced,deployed,False,True,Gr_growth,2.4973901235186338,Gr_growth,2.4973901235186338
fresh7,oml_gesturephasesegmentationprocessed,0.152714473817482,runtime,comparison,True,True,FPgrowth_Gen_Borgelt,1.8419117647058825,FPgrowth_Gen_Borgelt,1.8419117647058825
fresh7,oml_gesturephasesegmentationprocessed,0.152714473817482,runtime,comparison,False,True,FPgrowth_Gen_Borgelt,1.8419117647058825,FPgrowth_Gen_Borgelt,1.8419117647058825
fresh7,oml_gesturephasesegmentationprocessed,0.152714473817482,runtime,deployed,True,True,FPgrowth_Gen_Borgelt,1.8419117647058825,FPgrowth_Gen_Borgelt,1.8419117647058825
fresh7,oml_gesturephasesegmentationprocessed,0.152714473817482,runtime,deployed,False,True,FPgrowth_Gen_Borgelt,1.8419117647058825,FPgrowth_Gen_Borgelt,1.8419117647058825
fresh7,oml_ilpd,0.0253001715265866,memory,comparison,True,True,Apriori_Gen_Borgelt,1.0,Apriori_Gen_Borgelt,1.0
fresh7,oml_ilpd,0.0253001715265866,memory,comparison,False,True,Gr_growth,4.415873015873016,Gr_growth,4.415873015873016
fresh7,oml_ilpd,0.0253001715265866,memory,deployed,True,True,Apriori_Gen_Borgelt,1.0,Apriori_Gen_Borgelt,1.0
fresh7,oml_ilpd,0.0253001715265866,memory,deployed,False,True,Gr_growth,4.415873015873016,Gr_growth,4.415873015873016
fresh7,oml_ilpd,0.0253001715265866,balanced,comparison,True,True,Eclat_Gen_Borgelt,1.4789528685193412,Eclat_Gen_Borgelt,1.4789528685193412
fresh7,oml_ilpd,0.0253001715265866,balanced,comparison,False,True,Gr_growth,2.5216774462363625,Gr_growth,2.5216774462363625
fresh7,oml_ilpd,0.0253001715265866,balanced,deployed,True,True,Eclat_Gen_Borgelt,1.4789528685193412,Eclat_Gen_Borgelt,1.4789528685193412
fresh7,oml_ilpd,0.0253001715265866,balanced,deployed,False,True,Gr_growth,2.5216774462363625,Gr_growth,2.5216774462363625
fresh7,oml_ilpd,0.0253001715265866,runtime,comparison,True,True,Eclat_Gen_Borgelt,1.0,Eclat_Gen_Borgelt,1.0
fresh7,oml_ilpd,0.0253001715265866,runtime,comparison,False,True,Eclat_Gen_Borgelt,1.0,Eclat_Gen_Borgelt,1.0
fresh7,oml_ilpd,0.0253001715265866,runtime,deployed,True,True,Eclat_Gen_Borgelt,1.0,Eclat_Gen_Borgelt,1.0
fresh7,oml_ilpd,0.0253001715265866,runtime,deployed,False,True,Eclat_Gen_Borgelt,1.0,Eclat_Gen_Borgelt,1.0
fresh7,oml_ilpd,0.1162092624356775,memory,comparison,True,True,Apriori_Gen_Borgelt,1.0,Apriori_Gen_Borgelt,1.0
fresh7,oml_ilpd,0.1162092624356775,memory,comparison,False,True,Gr_growth,5.190298507462686,Gr_growth,5.190298507462686
fresh7,oml_ilpd,0.1162092624356775,memory,deployed,True,True,Apriori_Gen_Borgelt,1.0,Apriori_Gen_Borgelt,1.0
fresh7,oml_ilpd,0.1162092624356775,memory,deployed,False,True,Gr_growth,5.190298507462686,Gr_growth,5.190298507462686
fresh7,oml_ilpd,0.1162092624356775,balanced,comparison,True,True,Eclat_Gen_Borgelt,1.1113391142516633,Eclat_Gen_Borgelt,1.1113391142516633
fresh7,oml_ilpd,0.1162092624356775,balanced,comparison,False,True,Gr_growth,2.536921392013109,Gr_growth,2.536921392013109
fresh7,oml_ilpd,0.1162092624356775,balanced,deployed,True,True,Eclat_Gen_Borgelt,1.1113391142516633,Eclat_Gen_Borgelt,1.1113391142516633
fresh7,oml_ilpd,0.1162092624356775,balanced,deployed,False,True,Gr_growth,2.536921392013109,Gr_growth,2.536921392013109
fresh7,oml_ilpd,0.1162092624356775,runtime,comparison,True,True,Gr_growth,1.24,Gr_growth,1.24
fresh7,oml_ilpd,0.1162092624356775,runtime,comparison,False,True,Gr_growth,1.24,Gr_growth,1.24
fresh7,oml_ilpd,0.1162092624356775,runtime,deployed,True,True,Gr_growth,1.24,Gr_growth,1.24
fresh7,oml_ilpd,0.1162092624356775,runtime,deployed,False,True,Gr_growth,1.24,Gr_growth,1.24
fresh7,oml_ilpd,0.1882504288164665,memory,comparison,True,True,Eclat_Gen_Borgelt,1.07,Eclat_Gen_Borgelt,1.07
fresh7,oml_ilpd,0.1882504288164665,memory,comparison,False,True,Gr_growth,4.583333333333333,Gr_growth,4.583333333333333
fresh7,oml_ilpd,0.1882504288164665,memory,deployed,True,True,Eclat_Gen_Borgelt,1.07,Eclat_Gen_Borgelt,1.07
fresh7,oml_ilpd,0.1882504288164665,memory,deployed,False,True,Gr_growth,4.583333333333333,Gr_growth,4.583333333333333
fresh7,oml_ilpd,0.1882504288164665,balanced,comparison,True,True,Eclat_Gen_Borgelt,1.03440804327886,Eclat_Gen_Borgelt,1.03440804327886
fresh7,oml_ilpd,0.1882504288164665,balanced,comparison,False,True,Gr_growth,2.224859546128699,Gr_growth,2.224859546128699
fresh7,oml_ilpd,0.1882504288164665,balanced,deployed,True,True,Eclat_Gen_Borgelt,1.03440804327886,Eclat_Gen_Borgelt,1.03440804327886
fresh7,oml_ilpd,0.1882504288164665,balanced,deployed,False,True,Gr_growth,2.224859546128699,Gr_growth,2.224859546128699
fresh7,oml_ilpd,0.1882504288164665,runtime,comparison,True,True,Gr_growth,1.08,Gr_growth,1.08
fresh7,oml_ilpd,0.1882504288164665,runtime,comparison,False,True,Gr_growth,1.08,Gr_growth,1.08
fresh7,oml_ilpd,0.1882504288164665,runtime,deployed,True,True,Gr_growth,1.08,Gr_growth,1.08
fresh7,oml_ilpd,0.1882504288164665,runtime,deployed,False,True,Gr_growth,1.08,Gr_growth,1.08
fresh7,oml_jungle_chess_2pcs_raw_endgame_complete,0.0074912425533813,memory,comparison,True,True,Apriori_Gen_Borgelt,1.0,Apriori_Gen_Borgelt,1.0
fresh7,oml_jungle_chess_2pcs_raw_endgame_complete,0.0074912425533813,memory,comparison,False,True,Gr_growth,1.847921225382932,Gr_growth,1.847921225382932
fresh7,oml_jungle_chess_2pcs_raw_endgame_complete,0.0074912425533813,memory,deployed,True,True,Apriori_Gen_Borgelt,1.0,Apriori_Gen_Borgelt,1.0
fresh7,oml_jungle_chess_2pcs_raw_endgame_complete,0.0074912425533813,memory,deployed,False,True,Gr_growth,1.847921225382932,Gr_growth,1.847921225382932
fresh7,oml_jungle_chess_2pcs_raw_endgame_complete,0.0074912425533813,balanced,comparison,True,True,Gr_growth,1.4809047658530565,Gr_growth,1.4809047658530565
fresh7,oml_jungle_chess_2pcs_raw_endgame_complete,0.0074912425533813,balanced,comparison,False,True,Gr_growth,1.4809047658530565,Gr_growth,1.4809047658530565
fresh7,oml_jungle_chess_2pcs_raw_endgame_complete,0.0074912425533813,balanced,deployed,True,True,Gr_growth,1.4809047658530565,Gr_growth,1.4809047658530565
fresh7,oml_jungle_chess_2pcs_raw_endgame_complete,0.0074912425533813,balanced,deployed,False,True,Gr_growth,1.4809047658530565,Gr_growth,1.4809047658530565
fresh7,oml_jungle_chess_2pcs_raw_endgame_complete,0.0074912425533813,runtime,comparison,True,True,Gr_growth,1.1867816091954024,Gr_growth,1.1867816091954024
fresh7,oml_jungle_chess_2pcs_raw_endgame_complete,0.0074912425533813,runtime,comparison,False,True,Gr_growth,1.1867816091954024,Gr_growth,1.1867816091954024
fresh7,oml_jungle_chess_2pcs_raw_endgame_complete,0.0074912425533813,runtime,deployed,True,True,Gr_growth,1.1867816091954024,Gr_growth,1.1867816091954024
fresh7,oml_jungle_chess_2pcs_raw_endgame_complete,0.0074912425533813,runtime,deployed,False,True,Gr_growth,1.1867816091954024,Gr_growth,1.1867816091954024
fresh7,oml_jungle_chess_2pcs_raw_endgame_complete,0.0411599991075213,memory,comparison,True,True,Apriori_Gen_Borgelt,1.0,Apriori_Gen_Borgelt,1.0
fresh7,oml_jungle_chess_2pcs_raw_endgame_complete,0.0411599991075213,memory,comparison,False,True,Gr_growth,1.8914027149321266,Gr_growth,1.8914027149321266
fresh7,oml_jungle_chess_2pcs_raw_endgame_complete,0.0411599991075213,memory,deployed,True,True,Apriori_Gen_Borgelt,1.0,Apriori_Gen_Borgelt,1.0
fresh7,oml_jungle_chess_2pcs_raw_endgame_complete,0.0411599991075213,memory,deployed,False,True,Gr_growth,1.8914027149321266,Gr_growth,1.8914027149321266
fresh7,oml_jungle_chess_2pcs_raw_endgame_complete,0.0411599991075213,balanced,comparison,True,True,FPgrowth_Gen_Borgelt,1.0688333144926576,FPgrowth_Gen_Borgelt,1.0688333144926576
fresh7,oml_jungle_chess_2pcs_raw_endgame_complete,0.0411599991075213,balanced,comparison,False,True,Gr_growth,1.372473206970093,Gr_growth,1.372473206970093
fresh7,oml_jungle_chess_2pcs_raw_endgame_complete,0.0411599991075213,balanced,deployed,True,True,FPgrowth_Gen_Borgelt,1.0688333144926576,FPgrowth_Gen_Borgelt,1.0688333144926576
fresh7,oml_jungle_chess_2pcs_raw_endgame_complete,0.0411599991075213,balanced,deployed,False,True,Gr_growth,1.372473206970093,Gr_growth,1.372473206970093
fresh7,oml_jungle_chess_2pcs_raw_endgame_complete,0.0411599991075213,runtime,comparison,True,True,Gr_growth,1.0,Gr_growth,1.0
fresh7,oml_jungle_chess_2pcs_raw_endgame_complete,0.0411599991075213,runtime,comparison,False,True,Gr_growth,1.0,Gr_growth,1.0
fresh7,oml_jungle_chess_2pcs_raw_endgame_complete,0.0411599991075213,runtime,deployed,True,True,Gr_growth,1.0,Gr_growth,1.0
fresh7,oml_jungle_chess_2pcs_raw_endgame_complete,0.0411599991075213,runtime,deployed,False,True,Gr_growth,1.0,Gr_growth,1.0
fresh7,oml_jungle_chess_2pcs_raw_endgame_complete,0.1040574310002454,memory,comparison,True,True,Apriori_Gen_Borgelt,1.0,Apriori_Gen_Borgelt,1.0
fresh7,oml_jungle_chess_2pcs_raw_endgame_complete,0.1040574310002454,memory,comparison,False,True,Gr_growth,2.0458115183246077,Gr_growth,2.0458115183246077
fresh7,oml_jungle_chess_2pcs_raw_endgame_complete,0.1040574310002454,memory,deployed,True,True,Apriori_Gen_Borgelt,1.0,Apriori_Gen_Borgelt,1.0
fresh7,oml_jungle_chess_2pcs_raw_endgame_complete,0.1040574310002454,memory,deployed,False,True,Gr_growth,2.0458115183246077,Gr_growth,2.0458115183246077
fresh7,oml_jungle_chess_2pcs_raw_endgame_complete,0.1040574310002454,balanced,comparison,True,True,FPgrowth_Gen_Borgelt,1.0,FPgrowth_Gen_Borgelt,1.0
fresh7,oml_jungle_chess_2pcs_raw_endgame_complete,0.1040574310002454,balanced,comparison,False,True,Gr_growth,1.701306687356646,Gr_growth,1.701306687356646
fresh7,oml_jungle_chess_2pcs_raw_endgame_complete,0.1040574310002454,balanced,deployed,True,True,FPgrowth_Gen_Borgelt,1.0,FPgrowth_Gen_Borgelt,1.0
fresh7,oml_jungle_chess_2pcs_raw_endgame_complete,0.1040574310002454,balanced,deployed,False,True,Gr_growth,1.701306687356646,Gr_growth,1.701306687356646
fresh7,oml_jungle_chess_2pcs_raw_endgame_complete,0.1040574310002454,runtime,comparison,True,True,Gr_growth,1.6111111111111114,Gr_growth,1.6111111111111114
fresh7,oml_jungle_chess_2pcs_raw_endgame_complete,0.1040574310002454,runtime,comparison,False,True,Gr_growth,1.6111111111111114,Gr_growth,1.6111111111111114
fresh7,oml_jungle_chess_2pcs_raw_endgame_complete,0.1040574310002454,runtime,deployed,True,True,Gr_growth,1.6111111111111114,Gr_growth,1.6111111111111114
fresh7,oml_jungle_chess_2pcs_raw_endgame_complete,0.1040574310002454,runtime,deployed,False,True,Gr_growth,1.6111111111111114,Gr_growth,1.6111111111111114
fresh7,oml_mfeat_morphological,0.011875,memory,comparison,True,True,Apriori_Gen_Borgelt,1.0,Apriori_Gen_Borgelt,1.0
fresh7,oml_mfeat_morphological,0.011875,memory,comparison,False,True,Apriori_Gen_Borgelt,1.0,Apriori_Gen_Borgelt,1.0
fresh7,oml_mfeat_morphological,0.011875,memory,deployed,True,True,Apriori_Gen_Borgelt,1.0,Apriori_Gen_Borgelt,1.0
fresh7,oml_mfeat_morphological,0.011875,memory,deployed,False,True,Apriori_Gen_Borgelt,1.0,Apriori_Gen_Borgelt,1.0
fresh7,oml_mfeat_morphological,0.011875,balanced,comparison,True,True,FPgrowth_Gen_Borgelt,1.1896787227057504,FPgrowth_Gen_Borgelt,1.1896787227057504
fresh7,oml_mfeat_morphological,0.011875,balanced,comparison,False,True,Gr_growth,2.0967036352773616,Gr_growth,2.0967036352773616
fresh7,oml_mfeat_morphological,0.011875,balanced,deployed,True,True,FPgrowth_Gen_Borgelt,1.1896787227057504,FPgrowth_Gen_Borgelt,1.1896787227057504
fresh7,oml_mfeat_morphological,0.011875,balanced,deployed,False,True,Gr_growth,2.0967036352773616,Gr_growth,2.0967036352773616
fresh7,oml_mfeat_morphological,0.011875,runtime,comparison,True,True,Gr_growth,1.0,Gr_growth,1.0
fresh7,oml_mfeat_morphological,0.011875,runtime,comparison,False,True,Gr_growth,1.0,Gr_growth,1.0
fresh7,oml_mfeat_morphological,0.011875,runtime,deployed,True,True,Gr_growth,1.0,Gr_growth,1.0
fresh7,oml_mfeat_morphological,0.011875,runtime,deployed,False,True,Gr_growth,1.0,Gr_growth,1.0
fresh7,oml_mfeat_morphological,0.089875,memory,comparison,True,True,Apriori_Gen_Borgelt,1.0,Apriori_Gen_Borgelt,1.0
fresh7,oml_mfeat_morphological,0.089875,memory,comparison,False,True,Apriori_Gen_Borgelt,1.0,Apriori_Gen_Borgelt,1.0
fresh7,oml_mfeat_morphological,0.089875,memory,deployed,True,True,Apriori_Gen_Borgelt,1.0,Apriori_Gen_Borgelt,1.0
fresh7,oml_mfeat_morphological,0.089875,memory,deployed,False,True,Apriori_Gen_Borgelt,1.0,Apriori_Gen_Borgelt,1.0
fresh7,oml_mfeat_morphological,0.089875,balanced,comparison,True,True,FPgrowth_Gen_Borgelt,1.0503967504392488,FPgrowth_Gen_Borgelt,1.0503967504392488
fresh7,oml_mfeat_morphological,0.089875,balanced,comparison,False,True,Gr_growth,2.1315096371664226,Gr_growth,2.1315096371664226
fresh7,oml_mfeat_morphological,0.089875,balanced,deployed,True,True,FPgrowth_Gen_Borgelt,1.0503967504392488,FPgrowth_Gen_Borgelt,1.0503967504392488
fresh7,oml_mfeat_morphological,0.089875,balanced,deployed,False,True,Gr_growth,2.1315096371664226,Gr_growth,2.1315096371664226
fresh7,oml_mfeat_morphological,0.089875,runtime,comparison,True,True,Gr_growth,1.0,Gr_growth,1.0
fresh7,oml_mfeat_morphological,0.089875,runtime,comparison,False,True,Gr_growth,1.0,Gr_growth,1.0
fresh7,oml_mfeat_morphological,0.089875,runtime,deployed,True,True,Gr_growth,1.0,Gr_growth,1.0
fresh7,oml_mfeat_morphological,0.089875,runtime,deployed,False,True,Gr_growth,1.0,Gr_growth,1.0
fresh7,oml_mfeat_morphological,0.197875,memory,comparison,True,True,Apriori_Gen_Borgelt,1.0,Apriori_Gen_Borgelt,1.0
fresh7,oml_mfeat_morphological,0.197875,memory,comparison,False,True,Apriori_Gen_Borgelt,1.0,Apriori_Gen_Borgelt,1.0
fresh7,oml_mfeat_morphological,0.197875,memory,deployed,True,True,Apriori_Gen_Borgelt,1.0,Apriori_Gen_Borgelt,1.0
fresh7,oml_mfeat_morphological,0.197875,memory,deployed,False,True,Apriori_Gen_Borgelt,1.0,Apriori_Gen_Borgelt,1.0
fresh7,oml_mfeat_morphological,0.197875,balanced,comparison,True,True,FPgrowth_Gen_Borgelt,1.0328983400566194,FPgrowth_Gen_Borgelt,1.0328983400566194
fresh7,oml_mfeat_morphological,0.197875,balanced,comparison,False,True,Gr_growth,2.0803907031389572,Gr_growth,2.0803907031389572
fresh7,oml_mfeat_morphological,0.197875,balanced,deployed,True,True,FPgrowth_Gen_Borgelt,1.0328983400566194,FPgrowth_Gen_Borgelt,1.0328983400566194
fresh7,oml_mfeat_morphological,0.197875,balanced,deployed,False,True,Gr_growth,2.0803907031389572,Gr_growth,2.0803907031389572
fresh7,oml_mfeat_morphological,0.197875,runtime,comparison,True,True,Gr_growth,1.0,Gr_growth,1.0
fresh7,oml_mfeat_morphological,0.197875,runtime,comparison,False,True,Gr_growth,1.0,Gr_growth,1.0
fresh7,oml_mfeat_morphological,0.197875,runtime,deployed,True,True,Gr_growth,1.0,Gr_growth,1.0
fresh7,oml_mfeat_morphological,0.197875,runtime,deployed,False,True,Gr_growth,1.0,Gr_growth,1.0
fresh7,oml_numerai28_6,0.0252777200996677,memory,comparison,True,True,Apriori_Gen_Borgelt,1.0,Apriori_Gen_Borgelt,1.0
fresh7,oml_numerai28_6,0.0252777200996677,memory,comparison,False,True,Gr_growth,3.1869335347432024,Gr_growth,3.1869335347432024
fresh7,oml_numerai28_6,0.0252777200996677,memory,deployed,True,True,Apriori_Gen_Borgelt,1.0,Apriori_Gen_Borgelt,1.0
fresh7,oml_numerai28_6,0.0252777200996677,memory,deployed,False,True,Gr_growth,3.1869335347432024,Gr_growth,3.1869335347432024
fresh7,oml_numerai28_6,0.0252777200996677,balanced,comparison,True,True,Eclat_Gen_Borgelt,1.5025459371615943,Eclat_Gen_Borgelt,1.5025459371615943
fresh7,oml_numerai28_6,0.0252777200996677,balanced,comparison,False,True,Gr_growth,2.582150750561389,Gr_growth,2.582150750561389
fresh7,oml_numerai28_6,0.0252777200996677,balanced,deployed,True,True,Eclat_Gen_Borgelt,1.5025459371615943,Eclat_Gen_Borgelt,1.5025459371615943
fresh7,oml_numerai28_6,0.0252777200996677,balanced,deployed,False,True,Gr_growth,2.582150750561389,Gr_growth,2.582150750561389
fresh7,oml_numerai28_6,0.0252777200996677,runtime,comparison,True,True,FPgrowth_Gen_Borgelt,1.8338607594936709,FPgrowth_Gen_Borgelt,1.8338607594936709
fresh7,oml_numerai28_6,0.0252777200996677,runtime,comparison,False,True,FPgrowth_Gen_Borgelt,1.8338607594936709,FPgrowth_Gen_Borgelt,1.8338607594936709
fresh7,oml_numerai28_6,0.0252777200996677,runtime,deployed,True,True,FPgrowth_Gen_Borgelt,1.8338607594936709,FPgrowth_Gen_Borgelt,1.8338607594936709
fresh7,oml_numerai28_6,0.0252777200996677,runtime,deployed,False,True,FPgrowth_Gen_Borgelt,1.8338607594936709,FPgrowth_Gen_Borgelt,1.8338607594936709
fresh7,oml_numerai28_6,0.0487930855481727,memory,comparison,True,True,Apriori_Gen_Borgelt,1.0,Apriori_Gen_Borgelt,1.0
fresh7,oml_numerai28_6,0.0487930855481727,memory,comparison,False,True,Gr_growth,2.9855129209083793,Gr_growth,2.9855129209083793
fresh7,oml_numerai28_6,0.0487930855481727,memory,deployed,True,True,Apriori_Gen_Borgelt,1.0,Apriori_Gen_Borgelt,1.0
fresh7,oml_numerai28_6,0.0487930855481727,memory,deployed,False,True,Gr_growth,2.9855129209083793,Gr_growth,2.9855129209083793
fresh7,oml_numerai28_6,0.0487930855481727,balanced,comparison,True,True,Eclat_Gen_Borgelt,1.065904458480673,Eclat_Gen_Borgelt,1.065904458480673
fresh7,oml_numerai28_6,0.0487930855481727,balanced,comparison,False,True,Gr_growth,2.09988927288522,Gr_growth,2.09988927288522
fresh7,oml_numerai28_6,0.0487930855481727,balanced,deployed,True,True,Eclat_Gen_Borgelt,1.065904458480673,Eclat_Gen_Borgelt,1.065904458480673
fresh7,oml_numerai28_6,0.0487930855481727,balanced,deployed,False,True,Gr_growth,2.09988927288522,Gr_growth,2.09988927288522
fresh7,oml_numerai28_6,0.0487930855481727,runtime,comparison,True,True,FPgrowth_Gen_Borgelt,1.673358187553771,FPgrowth_Gen_Borgelt,1.673358187553771
fresh7,oml_numerai28_6,0.0487930855481727,runtime,comparison,False,True,FPgrowth_Gen_Borgelt,1.673358187553771,FPgrowth_Gen_Borgelt,1.673358187553771
fresh7,oml_numerai28_6,0.0487930855481727,runtime,deployed,True,True,FPgrowth_Gen_Borgelt,1.673358187553771,FPgrowth_Gen_Borgelt,1.673358187553771
fresh7,oml_numerai28_6,0.0487930855481727,runtime,deployed,False,True,FPgrowth_Gen_Borgelt,1.673358187553771,FPgrowth_Gen_Borgelt,1.673358187553771
fresh7,oml_numerai28_6,0.1018350290697674,memory,comparison,True,True,Apriori_Gen_Borgelt,1.0,Apriori_Gen_Borgelt,1.0
fresh7,oml_numerai28_6,0.1018350290697674,memory,comparison,False,True,Gr_growth,2.9088775909268674,Gr_growth,2.9088775909268674
fresh7,oml_numerai28_6,0.1018350290697674,memory,deployed,True,True,Apriori_Gen_Borgelt,1.0,Apriori_Gen_Borgelt,1.0
fresh7,oml_numerai28_6,0.1018350290697674,memory,deployed,False,True,Gr_growth,2.9088775909268674,Gr_growth,2.9088775909268674
fresh7,oml_numerai28_6,0.1018350290697674,balanced,comparison,True,True,Eclat_Gen_Borgelt,1.4354153005507961,Eclat_Gen_Borgelt,1.4354153005507961
fresh7,oml_numerai28_6,0.1018350290697674,balanced,comparison,False,True,Gr_growth,2.7618559433153127,Gr_growth,2.7618559433153127
fresh7,oml_numerai28_6,0.1018350290697674,balanced,deployed,True,True,Eclat_Gen_Borgelt,1.4354153005507961,Eclat_Gen_Borgelt,1.4354153005507961
fresh7,oml_numerai28_6,0.1018350290697674,balanced,deployed,False,True,Gr_growth,2.7618559433153127,Gr_growth,2.7618559433153127
fresh7,oml_numerai28_6,0.1018350290697674,runtime,comparison,True,True,FPgrowth_Gen_Borgelt,2.572072072072072,FPgrowth_Gen_Borgelt,2.572072072072072
fresh7,oml_numerai28_6,0.1018350290697674,runtime,comparison,False,True,FPgrowth_Gen_Borgelt,2.572072072072072,FPgrowth_Gen_Borgelt,2.572072072072072
fresh7,oml_numerai28_6,0.1018350290697674,runtime,deployed,True,True,FPgrowth_Gen_Borgelt,2.572072072072072,FPgrowth_Gen_Borgelt,2.572072072072072
fresh7,oml_numerai28_6,0.1018350290697674,runtime,deployed,False,True,FPgrowth_Gen_Borgelt,2.572072072072072,FPgrowth_Gen_Borgelt,2.572072072072072
fresh7,oml_numerai28_6,0.1345800456810631,memory,comparison,True,True,Apriori_Gen_Borgelt,1.0,Apriori_Gen_Borgelt,1.0
fresh7,oml_numerai28_6,0.1345800456810631,memory,comparison,False,True,Gr_growth,2.9575565251884175,Gr_growth,2.9575565251884175
fresh7,oml_numerai28_6,0.1345800456810631,memory,deployed,True,True,Apriori_Gen_Borgelt,1.0,Apriori_Gen_Borgelt,1.0
fresh7,oml_numerai28_6,0.1345800456810631,memory,deployed,False,True,Gr_growth,2.9575565251884175,Gr_growth,2.9575565251884175
fresh7,oml_numerai28_6,0.1345800456810631,balanced,comparison,True,True,Eclat_Gen_Borgelt,1.4873639769188025,Eclat_Gen_Borgelt,1.4873639769188025
fresh7,oml_numerai28_6,0.1345800456810631,balanced,comparison,False,True,Gr_growth,2.7865168980397437,Gr_growth,2.7865168980397437
fresh7,oml_numerai28_6,0.1345800456810631,balanced,deployed,True,True,Eclat_Gen_Borgelt,1.4873639769188025,Eclat_Gen_Borgelt,1.4873639769188025
fresh7,oml_numerai28_6,0.1345800456810631,balanced,deployed,False,True,Gr_growth,2.7865168980397437,Gr_growth,2.7865168980397437
fresh7,oml_numerai28_6,0.1345800456810631,runtime,comparison,True,True,FPgrowth_Gen_Borgelt,2.193952802359882,FPgrowth_Gen_Borgelt,2.193952802359882
fresh7,oml_numerai28_6,0.1345800456810631,runtime,comparison,False,True,FPgrowth_Gen_Borgelt,2.193952802359882,FPgrowth_Gen_Borgelt,2.193952802359882
fresh7,oml_numerai28_6,0.1345800456810631,runtime,deployed,True,True,FPgrowth_Gen_Borgelt,2.193952802359882,FPgrowth_Gen_Borgelt,2.193952802359882
fresh7,oml_numerai28_6,0.1345800456810631,runtime,deployed,False,True,FPgrowth_Gen_Borgelt,2.193952802359882,FPgrowth_Gen_Borgelt,2.193952802359882
fresh7,oml_pc4,0.0135459533607681,memory,comparison,True,True,Gr_growth,1.0852475142234275,Gr_growth,1.0852475142234275
fresh7,oml_pc4,0.0135459533607681,memory,comparison,False,True,Apriori_Gen_Borgelt,4.981828574466954,Apriori_Gen_Borgelt,4.981828574466954
fresh7,oml_pc4,0.0135459533607681,memory,deployed,True,True,Gr_growth,1.0852475142234275,Gr_growth,1.0852475142234275
fresh7,oml_pc4,0.0135459533607681,memory,deployed,False,True,Apriori_Gen_Borgelt,4.981828574466954,Apriori_Gen_Borgelt,4.981828574466954
fresh7,oml_pc4,0.0135459533607681,balanced,comparison,True,True,Gr_growth,1.0,Gr_growth,1.0
fresh7,oml_pc4,0.0135459533607681,balanced,comparison,False,True,FPgrowth_Gen_Borgelt,1.341974575636402,FPgrowth_Gen_Borgelt,1.341974575636402
fresh7,oml_pc4,0.0135459533607681,balanced,deployed,True,True,Gr_growth,1.0,Gr_growth,1.0
fresh7,oml_pc4,0.0135459533607681,balanced,deployed,False,True,FPgrowth_Gen_Borgelt,1.341974575636402,FPgrowth_Gen_Borgelt,1.341974575636402
fresh7,oml_pc4,0.0135459533607681,runtime,comparison,True,True,FPgrowth_Gen_Borgelt,1.0162566502660106,FPgrowth_Gen_Borgelt,1.0162566502660106
fresh7,oml_pc4,0.0135459533607681,runtime,comparison,False,True,FPgrowth_Gen_Borgelt,1.0162566502660106,FPgrowth_Gen_Borgelt,1.0162566502660106
fresh7,oml_pc4,0.0135459533607681,runtime,deployed,True,True,FPgrowth_Gen_Borgelt,1.0162566502660106,FPgrowth_Gen_Borgelt,1.0162566502660106
fresh7,oml_pc4,0.0135459533607681,runtime,deployed,False,True,FPgrowth_Gen_Borgelt,1.0162566502660106,FPgrowth_Gen_Borgelt,1.0162566502660106
fresh7,oml_pc4,0.047153635116598,memory,comparison,True,True,Gr_growth,1.0,Gr_growth,1.0
fresh7,oml_pc4,0.047153635116598,memory,comparison,False,True,Apriori_Gen_Borgelt,2.499707621337145,Apriori_Gen_Borgelt,2.499707621337145
fresh7,oml_pc4,0.047153635116598,memory,deployed,True,True,Gr_growth,1.0,Gr_growth,1.0
fresh7,oml_pc4,0.047153635116598,memory,deployed,False,True,Apriori_Gen_Borgelt,2.499707621337145,Apriori_Gen_Borgelt,2.499707621337145
fresh7,oml_pc4,0.047153635116598,balanced,comparison,True,True,Gr_growth,1.0,Gr_growth,1.0
fresh7,oml_pc4,0.047153635116598,balanced,comparison,False,True,FPgrowth_Gen_Borgelt,1.2187175641647672,FPgrowth_Gen_Borgelt,1.2187175641647672
fresh7,oml_pc4,0.047153635116598,balanced,deployed,True,True,Gr_growth,1.0,Gr_growth,1.0
fresh7,oml_pc4,0.047153635116598,balanced,deployed,False,True,FPgrowth_Gen_Borgelt,1.2187175641647672,FPgrowth_Gen_Borgelt,1.2187175641647672
fresh7,oml_pc4,0.047153635116598,runtime,comparison,True,True,FPgrowth_Gen_Borgelt,1.0,FPgrowth_Gen_Borgelt,1.0
fresh7,oml_pc4,0.047153635116598,runtime,comparison,False,True,FPgrowth_Gen_Borgelt,1.0,FPgrowth_Gen_Borgelt,1.0
fresh7,oml_pc4,0.047153635116598,runtime,deployed,True,True,FPgrowth_Gen_Borgelt,1.0,FPgrowth_Gen_Borgelt,1.0
fresh7,oml_pc4,0.047153635116598,runtime,deployed,False,True,FPgrowth_Gen_Borgelt,1.0,FPgrowth_Gen_Borgelt,1.0
fresh7,oml_pc4,0.1582647462277092,memory,comparison,True,True,Apriori_Gen_Borgelt,1.0,Apriori_Gen_Borgelt,1.0
fresh7,oml_pc4,0.1582647462277092,memory,comparison,False,True,Apriori_Gen_Borgelt,1.0,Apriori_Gen_Borgelt,1.0
fresh7,oml_pc4,0.1582647462277092,memory,deployed,True,True,Apriori_Gen_Borgelt,1.0,Apriori_Gen_Borgelt,1.0
fresh7,oml_pc4,0.1582647462277092,memory,deployed,False,True,Apriori_Gen_Borgelt,1.0,Apriori_Gen_Borgelt,1.0
fresh7,oml_pc4,0.1582647462277092,balanced,comparison,True,True,FPgrowth_Gen_Borgelt,1.0233816793365236,FPgrowth_Gen_Borgelt,1.0233816793365236
fresh7,oml_pc4,0.1582647462277092,balanced,comparison,False,True,FPgrowth_Gen_Borgelt,1.0233816793365236,FPgrowth_Gen_Borgelt,1.0233816793365236
fresh7,oml_pc4,0.1582647462277092,balanced,deployed,True,True,FPgrowth_Gen_Borgelt,1.0233816793365236,FPgrowth_Gen_Borgelt,1.0233816793365236
fresh7,oml_pc4,0.1582647462277092,balanced,deployed,False,True,FPgrowth_Gen_Borgelt,1.0233816793365236,FPgrowth_Gen_Borgelt,1.0233816793365236
fresh7,oml_pc4,0.1582647462277092,runtime,comparison,True,True,FPgrowth_Gen_Borgelt,1.0,FPgrowth_Gen_Borgelt,1.0
fresh7,oml_pc4,0.1582647462277092,runtime,comparison,False,True,FPgrowth_Gen_Borgelt,1.0,FPgrowth_Gen_Borgelt,1.0
fresh7,oml_pc4,0.1582647462277092,runtime,deployed,True,True,FPgrowth_Gen_Borgelt,1.0,FPgrowth_Gen_Borgelt,1.0
fresh7,oml_pc4,0.1582647462277092,runtime,deployed,False,True,FPgrowth_Gen_Borgelt,1.0,FPgrowth_Gen_Borgelt,1.0
fresh7,oml_pc4,0.4134087791495199,memory,comparison,True,True,Apriori_Gen_Borgelt,1.0,Apriori_Gen_Borgelt,1.0
fresh7,oml_pc4,0.4134087791495199,memory,comparison,False,True,Apriori_Gen_Borgelt,1.0,Apriori_Gen_Borgelt,1.0
fresh7,oml_pc4,0.4134087791495199,memory,deployed,True,True,Apriori_Gen_Borgelt,1.0,Apriori_Gen_Borgelt,1.0
fresh7,oml_pc4,0.4134087791495199,memory,deployed,False,True,Apriori_Gen_Borgelt,1.0,Apriori_Gen_Borgelt,1.0
fresh7,oml_pc4,0.4134087791495199,balanced,comparison,True,True,FPgrowth_Gen_Borgelt,1.1396236827851463,FPgrowth_Gen_Borgelt,1.1396236827851463
fresh7,oml_pc4,0.4134087791495199,balanced,comparison,False,True,Gr_growth,2.0680255220254,Gr_growth,2.0680255220254
fresh7,oml_pc4,0.4134087791495199,balanced,deployed,True,True,FPgrowth_Gen_Borgelt,1.1396236827851463,FPgrowth_Gen_Borgelt,1.1396236827851463
fresh7,oml_pc4,0.4134087791495199,balanced,deployed,False,True,Gr_growth,2.0680255220254,Gr_growth,2.0680255220254
fresh7,oml_pc4,0.4134087791495199,runtime,comparison,True,True,FPgrowth_Gen_Borgelt,1.0,FPgrowth_Gen_Borgelt,1.0
fresh7,oml_pc4,0.4134087791495199,runtime,comparison,False,True,FPgrowth_Gen_Borgelt,1.0,FPgrowth_Gen_Borgelt,1.0
fresh7,oml_pc4,0.4134087791495199,runtime,deployed,True,True,FPgrowth_Gen_Borgelt,1.0,FPgrowth_Gen_Borgelt,1.0
fresh7,oml_pc4,0.4134087791495199,runtime,deployed,False,True,FPgrowth_Gen_Borgelt,1.0,FPgrowth_Gen_Borgelt,1.0
fresh7,oml_pc4,0.6822702331961591,memory,comparison,True,True,Apriori_Gen_Borgelt,1.0,Apriori_Gen_Borgelt,1.0
fresh7,oml_pc4,0.6822702331961591,memory,comparison,False,True,Apriori_Gen_Borgelt,1.0,Apriori_Gen_Borgelt,1.0
fresh7,oml_pc4,0.6822702331961591,memory,deployed,True,True,Apriori_Gen_Borgelt,1.0,Apriori_Gen_Borgelt,1.0
fresh7,oml_pc4,0.6822702331961591,memory,deployed,False,True,Apriori_Gen_Borgelt,1.0,Apriori_Gen_Borgelt,1.0
fresh7,oml_pc4,0.6822702331961591,balanced,comparison,True,True,FPgrowth_Gen_Borgelt,1.0294408325265498,FPgrowth_Gen_Borgelt,1.0294408325265498
fresh7,oml_pc4,0.6822702331961591,balanced,comparison,False,True,FPgrowth_Gen_Borgelt,1.0294408325265498,FPgrowth_Gen_Borgelt,1.0294408325265498
fresh7,oml_pc4,0.6822702331961591,balanced,deployed,True,True,FPgrowth_Gen_Borgelt,1.0294408325265498,FPgrowth_Gen_Borgelt,1.0294408325265498
fresh7,oml_pc4,0.6822702331961591,balanced,deployed,False,True,FPgrowth_Gen_Borgelt,1.0294408325265498,FPgrowth_Gen_Borgelt,1.0294408325265498
fresh7,oml_pc4,0.6822702331961591,runtime,comparison,True,True,FPgrowth_Gen_Borgelt,1.0,FPgrowth_Gen_Borgelt,1.0
fresh7,oml_pc4,0.6822702331961591,runtime,comparison,False,True,FPgrowth_Gen_Borgelt,1.0,FPgrowth_Gen_Borgelt,1.0
fresh7,oml_pc4,0.6822702331961591,runtime,deployed,True,True,FPgrowth_Gen_Borgelt,1.0,FPgrowth_Gen_Borgelt,1.0
fresh7,oml_pc4,0.6822702331961591,runtime,deployed,False,True,FPgrowth_Gen_Borgelt,1.0,FPgrowth_Gen_Borgelt,1.0
fresh7,oml_pendigits,0.0123498908296943,memory,comparison,True,True,Apriori_Gen_Borgelt,1.0,Apriori_Gen_Borgelt,1.0
fresh7,oml_pendigits,0.0123498908296943,memory,comparison,False,True,Gr_growth,2.243534482758621,Gr_growth,2.243534482758621
fresh7,oml_pendigits,0.0123498908296943,memory,deployed,True,True,Apriori_Gen_Borgelt,1.0,Apriori_Gen_Borgelt,1.0
fresh7,oml_pendigits,0.0123498908296943,memory,deployed,False,True,Gr_growth,2.243534482758621,Gr_growth,2.243534482758621
fresh7,oml_pendigits,0.0123498908296943,balanced,comparison,True,True,Gr_growth,1.0,Gr_growth,1.0
fresh7,oml_pendigits,0.0123498908296943,balanced,comparison,False,True,Gr_growth,1.0,Gr_growth,1.0
fresh7,oml_pendigits,0.0123498908296943,balanced,deployed,True,True,Gr_growth,1.0,Gr_growth,1.0
fresh7,oml_pendigits,0.0123498908296943,balanced,deployed,False,True,Gr_growth,1.0,Gr_growth,1.0
fresh7,oml_pendigits,0.0123498908296943,runtime,comparison,True,True,Gr_growth,1.503893214682981,Gr_growth,1.503893214682981
fresh7,oml_pendigits,0.0123498908296943,runtime,comparison,False,True,Gr_growth,1.503893214682981,Gr_growth,1.503893214682981
fresh7,oml_pendigits,0.0123498908296943,runtime,deployed,True,True,Gr_growth,1.503893214682981,Gr_growth,1.503893214682981
fresh7,oml_pendigits,0.0123498908296943,runtime,deployed,False,True,Gr_growth,1.503893214682981,Gr_growth,1.503893214682981
fresh7,oml_pendigits,0.0499226710334788,memory,comparison,True,True,Apriori_Gen_Borgelt,1.0,Apriori_Gen_Borgelt,1.0
fresh7,oml_pendigits,0.0499226710334788,memory,comparison,False,True,Gr_growth,3.796095444685466,Gr_growth,3.796095444685466
fresh7,oml_pendigits,0.0499226710334788,memory,deployed,True,True,Apriori_Gen_Borgelt,1.0,Apriori_Gen_Borgelt,1.0
fresh7,oml_pendigits,0.0499226710334788,memory,deployed,False,True,Gr_growth,3.796095444685466,Gr_growth,3.796095444685466
fresh7,oml_pendigits,0.0499226710334788,balanced,comparison,True,True,Eclat_Gen_Borgelt,1.0364282158351097,Eclat_Gen_Borgelt,1.0364282158351097
fresh7,oml_pendigits,0.0499226710334788,balanced,comparison,False,True,Gr_growth,1.6336496832514176,Gr_growth,1.6336496832514176
fresh7,oml_pendigits,0.0499226710334788,balanced,deployed,True,True,Eclat_Gen_Borgelt,1.0364282158351097,Eclat_Gen_Borgelt,1.0364282158351097
fresh7,oml_pendigits,0.0499226710334788,balanced,deployed,False,True,Gr_growth,1.6336496832514176,Gr_growth,1.6336496832514176
fresh7,oml_pendigits,0.0499226710334788,runtime,comparison,True,True,Gr_growth,1.280130293159609,Gr_growth,1.280130293159609
fresh7,oml_pendigits,0.0499226710334788,runtime,comparison,False,True,Gr_growth,1.280130293159609,Gr_growth,1.280130293159609
fresh7,oml_pendigits,0.0499226710334788,runtime,deployed,True,True,Gr_growth,1.280130293159609,Gr_growth,1.280130293159609
fresh7,oml_pendigits,0.0499226710334788,runtime,deployed,False,True,Gr_growth,1.280130293159609,Gr_growth,1.280130293159609
fresh7,oml_pendigits,0.1125136462882096,memory,comparison,True,True,Apriori_Gen_Borgelt,1.0,Apriori_Gen_Borgelt,1.0
fresh7,oml_pendigits,0.1125136462882096,memory,comparison,False,True,Gr_growth,3.4846625766871164,Gr_growth,3.4846625766871164
fresh7,oml_pendigits,0.1125136462882096,memory,deployed,True,True,Apriori_Gen_Borgelt,1.0,Apriori_Gen_Borgelt,1.0
fresh7,oml_pendigits,0.1125136462882096,memory,deployed,False,True,Gr_growth,3.4846625766871164,Gr_growth,3.4846625766871164
fresh7,oml_pendigits,0.1125136462882096,balanced,comparison,True,True,Eclat_Gen_Borgelt,1.241034936398898,Eclat_Gen_Borgelt,1.241034936398898
fresh7,oml_pendigits,0.1125136462882096,balanced,comparison,False,True,Gr_growth,1.994874908656446,Gr_growth,1.994874908656446
fresh7,oml_pendigits,0.1125136462882096,balanced,deployed,True,True,Eclat_Gen_Borgelt,1.241034936398898,Eclat_Gen_Borgelt,1.241034936398898
fresh7,oml_pendigits,0.1125136462882096,balanced,deployed,False,True,Gr_growth,1.994874908656446,Gr_growth,1.994874908656446
fresh7,oml_pendigits,0.1125136462882096,runtime,comparison,True,True,Gr_growth,1.142011834319527,Gr_growth,1.142011834319527
fresh7,oml_pendigits,0.1125136462882096,runtime,comparison,False,True,Gr_growth,1.142011834319527,Gr_growth,1.142011834319527
fresh7,oml_pendigits,0.1125136462882096,runtime,deployed,True,True,Gr_growth,1.142011834319527,Gr_growth,1.142011834319527
fresh7,oml_pendigits,0.1125136462882096,runtime,deployed,False,True,Gr_growth,1.142011834319527,Gr_growth,1.142011834319527
fresh7,oml_pendigits,0.1784707059679767,memory,comparison,True,True,Apriori_Gen_Borgelt,1.0,Apriori_Gen_Borgelt,1.0
fresh7,oml_pendigits,0.1784707059679767,memory,comparison,False,True,Gr_growth,3.803571428571428,Gr_growth,3.803571428571428
fresh7,oml_pendigits,0.1784707059679767,memory,deployed,True,True,Apriori_Gen_Borgelt,1.0,Apriori_Gen_Borgelt,1.0
fresh7,oml_pendigits,0.1784707059679767,memory,deployed,False,True,Gr_growth,3.803571428571428,Gr_growth,3.803571428571428
fresh7,oml_pendigits,0.1784707059679767,balanced,comparison,True,True,Eclat_Gen_Borgelt,1.282096319764768,Eclat_Gen_Borgelt,1.282096319764768
fresh7,oml_pendigits,0.1784707059679767,balanced,comparison,False,True,Gr_growth,2.3590160777801645,Gr_growth,2.3590160777801645
fresh7,oml_pendigits,0.1784707059679767,balanced,deployed,True,True,Eclat_Gen_Borgelt,1.282096319764768,Eclat_Gen_Borgelt,1.282096319764768
fresh7,oml_pendigits,0.1784707059679767,balanced,deployed,False,True,Gr_growth,2.3590160777801645,Gr_growth,2.3590160777801645
fresh7,oml_pendigits,0.1784707059679767,runtime,comparison,True,True,Gr_growth,1.6390977443609023,Gr_growth,1.6390977443609023
fresh7,oml_pendigits,0.1784707059679767,runtime,comparison,False,True,Gr_growth,1.6390977443609023,Gr_growth,1.6390977443609023
fresh7,oml_pendigits,0.1784707059679767,runtime,deployed,True,True,Gr_growth,1.6390977443609023,Gr_growth,1.6390977443609023
fresh7,oml_pendigits,0.1784707059679767,runtime,deployed,False,True,Gr_growth,1.6390977443609023,Gr_growth,1.6390977443609023
fresh7,oml_phishingwebsites,0.141180461329715,memory,comparison,True,True,Gr_growth,1.1959002435026178,Gr_growth,1.1959002435026178
fresh7,oml_phishingwebsites,0.141180461329715,memory,comparison,False,True,Apriori_Gen_Borgelt,1.0,Apriori_Gen_Borgelt,1.0
fresh7,oml_phishingwebsites,0.141180461329715,memory,deployed,True,True,Gr_growth,1.1959002435026178,Gr_growth,1.1959002435026178
fresh7,oml_phishingwebsites,0.141180461329715,memory,deployed,False,True,Apriori_Gen_Borgelt,1.0,Apriori_Gen_Borgelt,1.0
fresh7,oml_phishingwebsites,0.141180461329715,balanced,comparison,True,True,Gr_growth,1.0,Gr_growth,1.0
fresh7,oml_phishingwebsites,0.141180461329715,balanced,comparison,False,True,Gr_growth,1.0,Gr_growth,1.0
fresh7,oml_phishingwebsites,0.141180461329715,balanced,deployed,True,True,Gr_growth,1.0,Gr_growth,1.0
fresh7,oml_phishingwebsites,0.141180461329715,balanced,deployed,False,True,Gr_growth,1.0,Gr_growth,1.0
fresh7,oml_phishingwebsites,0.141180461329715,runtime,comparison,True,True,FPgrowth_Gen_Borgelt,1.0,FPgrowth_Gen_Borgelt,1.0
fresh7,oml_phishingwebsites,0.141180461329715,runtime,comparison,False,True,FPgrowth_Gen_Borgelt,1.0,FPgrowth_Gen_Borgelt,1.0
fresh7,oml_phishingwebsites,0.141180461329715,runtime,deployed,True,True,FPgrowth_Gen_Borgelt,1.0,FPgrowth_Gen_Borgelt,1.0
fresh7,oml_phishingwebsites,0.141180461329715,runtime,deployed,False,True,FPgrowth_Gen_Borgelt,1.0,FPgrowth_Gen_Borgelt,1.0
fresh7,oml_phishingwebsites,0.7258932609678879,memory,comparison,True,True,Apriori_Gen_Borgelt,1.0,Apriori_Gen_Borgelt,1.0
fresh7,oml_phishingwebsites,0.7258932609678879,memory,comparison,False,True,Apriori_Gen_Borgelt,1.0,Apriori_Gen_Borgelt,1.0
fresh7,oml_phishingwebsites,0.7258932609678879,memory,deployed,True,True,Apriori_Gen_Borgelt,1.0,Apriori_Gen_Borgelt,1.0
fresh7,oml_phishingwebsites,0.7258932609678879,memory,deployed,False,True,Apriori_Gen_Borgelt,1.0,Apriori_Gen_Borgelt,1.0
fresh7,oml_phishingwebsites,0.7258932609678879,balanced,comparison,True,True,FPgrowth_Gen_Borgelt,1.068948156932708,FPgrowth_Gen_Borgelt,1.068948156932708
fresh7,oml_phishingwebsites,0.7258932609678879,balanced,comparison,False,True,FPgrowth_Gen_Borgelt,1.068948156932708,FPgrowth_Gen_Borgelt,1.068948156932708
fresh7,oml_phishingwebsites,0.7258932609678879,balanced,deployed,True,True,FPgrowth_Gen_Borgelt,1.068948156932708,FPgrowth_Gen_Borgelt,1.068948156932708
fresh7,oml_phishingwebsites,0.7258932609678879,balanced,deployed,False,True,FPgrowth_Gen_Borgelt,1.068948156932708,FPgrowth_Gen_Borgelt,1.068948156932708
fresh7,oml_phishingwebsites,0.7258932609678879,runtime,comparison,True,True,FPgrowth_Gen_Borgelt,1.1345029239766082,FPgrowth_Gen_Borgelt,1.1345029239766082
fresh7,oml_phishingwebsites,0.7258932609678879,runtime,comparison,False,True,FPgrowth_Gen_Borgelt,1.1345029239766082,FPgrowth_Gen_Borgelt,1.1345029239766082
fresh7,oml_phishingwebsites,0.7258932609678879,runtime,deployed,True,True,FPgrowth_Gen_Borgelt,1.1345029239766082,FPgrowth_Gen_Borgelt,1.1345029239766082
fresh7,oml_phishingwebsites,0.7258932609678879,runtime,deployed,False,True,FPgrowth_Gen_Borgelt,1.1345029239766082,FPgrowth_Gen_Borgelt,1.1345029239766082
fresh7,oml_phishingwebsites,0.8334464043419267,memory,comparison,True,True,Apriori_Gen_Borgelt,1.0,Apriori_Gen_Borgelt,1.0
fresh7,oml_phishingwebsites,0.8334464043419267,memory,comparison,False,True,Apriori_Gen_Borgelt,1.0,Apriori_Gen_Borgelt,1.0
fresh7,oml_phishingwebsites,0.8334464043419267,memory,deployed,True,True,Apriori_Gen_Borgelt,1.0,Apriori_Gen_Borgelt,1.0
fresh7,oml_phishingwebsites,0.8334464043419267,memory,deployed,False,True,Apriori_Gen_Borgelt,1.0,Apriori_Gen_Borgelt,1.0
fresh7,oml_phishingwebsites,0.8334464043419267,balanced,comparison,True,True,FPgrowth_Gen_Borgelt,1.0,FPgrowth_Gen_Borgelt,1.0
fresh7,oml_phishingwebsites,0.8334464043419267,balanced,comparison,False,True,FPgrowth_Gen_Borgelt,1.0,FPgrowth_Gen_Borgelt,1.0
fresh7,oml_phishingwebsites,0.8334464043419267,balanced,deployed,True,True,FPgrowth_Gen_Borgelt,1.0,FPgrowth_Gen_Borgelt,1.0
fresh7,oml_phishingwebsites,0.8334464043419267,balanced,deployed,False,True,FPgrowth_Gen_Borgelt,1.0,FPgrowth_Gen_Borgelt,1.0
fresh7,oml_phishingwebsites,0.8334464043419267,runtime,comparison,True,True,FPgrowth_Gen_Borgelt,1.0,FPgrowth_Gen_Borgelt,1.0
fresh7,oml_phishingwebsites,0.8334464043419267,runtime,comparison,False,True,FPgrowth_Gen_Borgelt,1.0,FPgrowth_Gen_Borgelt,1.0
fresh7,oml_phishingwebsites,0.8334464043419267,runtime,deployed,True,True,FPgrowth_Gen_Borgelt,1.0,FPgrowth_Gen_Borgelt,1.0
fresh7,oml_phishingwebsites,0.8334464043419267,runtime,deployed,False,True,FPgrowth_Gen_Borgelt,1.0,FPgrowth_Gen_Borgelt,1.0
fresh7,oml_phoneme,0.0117968171724648,memory,comparison,True,True,Apriori_Gen_Borgelt,1.0,Apriori_Gen_Borgelt,1.0
fresh7,oml_phoneme,0.0117968171724648,memory,comparison,False,True,Gr_growth,4.3742138364779874,Gr_growth,4.3742138364779874
fresh7,oml_phoneme,0.0117968171724648,memory,deployed,True,True,Apriori_Gen_Borgelt,1.0,Apriori_Gen_Borgelt,1.0
fresh7,oml_phoneme,0.0117968171724648,memory,deployed,False,True,Gr_growth,4.3742138364779874,Gr_growth,4.3742138364779874
fresh7,oml_phoneme,0.0117968171724648,balanced,comparison,True,True,FPgrowth_Gen_Borgelt,1.2170176972713658,FPgrowth_Gen_Borgelt,1.2170176972713658
fresh7,oml_phoneme,0.0117968171724648,balanced,comparison,False,True,Gr_growth,2.483473678023176,Gr_growth,2.483473678023176
fresh7,oml_phoneme,0.0117968171724648,balanced,deployed,True,True,FPgrowth_Gen_Borgelt,1.2170176972713658,FPgrowth_Gen_Borgelt,1.2170176972713658
fresh7,oml_phoneme,0.0117968171724648,balanced,deployed,False,True,Gr_growth,2.483473678023176,Gr_growth,2.483473678023176
fresh7,oml_phoneme,0.0117968171724648,runtime,comparison,True,True,Gr_growth,1.41,Gr_growth,1.41
fresh7,oml_phoneme,0.0117968171724648,runtime,comparison,False,True,Gr_growth,1.41,Gr_growth,1.41
fresh7,oml_phoneme,0.0117968171724648,runtime,deployed,True,True,Gr_growth,1.41,Gr_growth,1.41
fresh7,oml_phoneme,0.0117968171724648,runtime,deployed,False,True,Gr_growth,1.41,Gr_growth,1.41
fresh7,oml_phoneme,0.0554681717246484,memory,comparison,True,True,Apriori_Gen_Borgelt,1.0,Apriori_Gen_Borgelt,1.0
fresh7,oml_phoneme,0.0554681717246484,memory,comparison,False,True,Gr_growth,4.290220820189274,Gr_growth,4.290220820189274
fresh7,oml_phoneme,0.0554681717246484,memory,deployed,True,True,Apriori_Gen_Borgelt,1.0,Apriori_Gen_Borgelt,1.0
fresh7,oml_phoneme,0.0554681717246484,memory,deployed,False,True,Gr_growth,4.290220820189274,Gr_growth,4.290220820189274
fresh7,oml_phoneme,0.0554681717246484,balanced,comparison,True,True,FPgrowth_Gen_Borgelt,1.0715712688510874,FPgrowth_Gen_Borgelt,1.0715712688510874
fresh7,oml_phoneme,0.0554681717246484,balanced,comparison,False,True,Gr_growth,2.325011448023103,Gr_growth,2.325011448023103
fresh7,oml_phoneme,0.0554681717246484,balanced,deployed,True,True,FPgrowth_Gen_Borgelt,1.0715712688510874,FPgrowth_Gen_Borgelt,1.0715712688510874
fresh7,oml_phoneme,0.0554681717246484,balanced,deployed,False,True,Gr_growth,2.325011448023103,Gr_growth,2.325011448023103
fresh7,oml_phoneme,0.0554681717246484,runtime,comparison,True,True,Gr_growth,1.26,Gr_growth,1.26
fresh7,oml_phoneme,0.0554681717246484,runtime,comparison,False,True,Gr_growth,1.26,Gr_growth,1.26
fresh7,oml_phoneme,0.0554681717246484,runtime,deployed,True,True,Gr_growth,1.26,Gr_growth,1.26
fresh7,oml_phoneme,0.0554681717246484,runtime,deployed,False,True,Gr_growth,1.26,Gr_growth,1.26
fresh7,oml_phoneme,0.1398501110288675,memory,comparison,True,True,Apriori_Gen_Borgelt,1.0,Apriori_Gen_Borgelt,1.0
fresh7,oml_phoneme,0.1398501110288675,memory,comparison,False,True,Gr_growth,4.473684210526316,Gr_growth,4.473684210526316
fresh7,oml_phoneme,0.1398501110288675,memory,deployed,True,True,Apriori_Gen_Borgelt,1.0,Apriori_Gen_Borgelt,1.0
fresh7,oml_phoneme,0.1398501110288675,memory,deployed,False,True,Gr_growth,4.473684210526316,Gr_growth,4.473684210526316
fresh7,oml_phoneme,0.1398501110288675,balanced,comparison,True,True,FPgrowth_Gen_Borgelt,1.0729938440986904,FPgrowth_Gen_Borgelt,1.0729938440986904
fresh7,oml_phoneme,0.1398501110288675,balanced,comparison,False,True,Gr_growth,2.1980852911951394,Gr_growth,2.1980852911951394
fresh7,oml_phoneme,0.1398501110288675,balanced,deployed,True,True,FPgrowth_Gen_Borgelt,1.0729938440986904,FPgrowth_Gen_Borgelt,1.0729938440986904
fresh7,oml_phoneme,0.1398501110288675,balanced,deployed,False,True,Gr_growth,2.1980852911951394,Gr_growth,2.1980852911951394
fresh7,oml_phoneme,0.1398501110288675,runtime,comparison,True,True,Gr_growth,1.08,Gr_growth,1.08
fresh7,oml_phoneme,0.1398501110288675,runtime,comparison,False,True,Gr_growth,1.08,Gr_growth,1.08
fresh7,oml_phoneme,0.1398501110288675,runtime,deployed,True,True,Gr_growth,1.08,Gr_growth,1.08
fresh7,oml_phoneme,0.1398501110288675,runtime,deployed,False,True,Gr_growth,1.08,Gr_growth,1.08
fresh7,oml_satimage,0.0492612752721617,memory,comparison,True,True,Gr_growth,2.2615343071700442,Gr_growth,2.2615343071700442
fresh7,oml_satimage,0.0492612752721617,memory,comparison,False,True,Gr_growth,2.2615343071700442,Gr_growth,2.2615343071700442
fresh7,oml_satimage,0.0492612752721617,memory,deployed,True,True,Gr_growth,2.2615343071700442,Gr_growth,2.2615343071700442
fresh7,oml_satimage,0.0492612752721617,memory,deployed,False,True,Gr_growth,2.2615343071700442,Gr_growth,2.2615343071700442
fresh7,oml_satimage,0.0492612752721617,balanced,comparison,True,True,Gr_growth,1.1322600306947561,Gr_growth,1.1322600306947561
fresh7,oml_satimage,0.0492612752721617,balanced,comparison,False,True,Gr_growth,1.1322600306947561,Gr_growth,1.1322600306947561
fresh7,oml_satimage,0.0492612752721617,balanced,deployed,True,True,Gr_growth,1.1322600306947561,Gr_growth,1.1322600306947561
fresh7,oml_satimage,0.0492612752721617,balanced,deployed,False,True,Gr_growth,1.1322600306947561,Gr_growth,1.1322600306947561
fresh7,oml_satimage,0.0492612752721617,runtime,comparison,True,True,Gr_growth,1.0,Gr_growth,1.0
fresh7,oml_satimage,0.0492612752721617,runtime,comparison,False,True,FPgrowth_Gen_Borgelt,1.4165380814507882,FPgrowth_Gen_Borgelt,1.4165380814507882
fresh7,oml_satimage,0.0492612752721617,runtime,deployed,True,True,Gr_growth,1.0,Gr_growth,1.0
fresh7,oml_satimage,0.0492612752721617,runtime,deployed,False,True,FPgrowth_Gen_Borgelt,1.4165380814507882,FPgrowth_Gen_Borgelt,1.4165380814507882
fresh7,oml_satimage,0.1086702954898911,memory,comparison,True,True,Apriori_Gen_Borgelt,1.0,Apriori_Gen_Borgelt,1.0
fresh7,oml_satimage,0.1086702954898911,memory,comparison,False,True,Gr_growth,3.579032258064516,Gr_growth,3.579032258064516
fresh7,oml_satimage,0.1086702954898911,memory,deployed,True,True,Apriori_Gen_Borgelt,1.0,Apriori_Gen_Borgelt,1.0
fresh7,oml_satimage,0.1086702954898911,memory,deployed,False,True,Gr_growth,3.579032258064516,Gr_growth,3.579032258064516
fresh7,oml_satimage,0.1086702954898911,balanced,comparison,True,True,Eclat_Gen_Borgelt,1.0,Eclat_Gen_Borgelt,1.0
fresh7,oml_satimage,0.1086702954898911,balanced,comparison,False,True,Gr_growth,1.117359868273513,Gr_growth,1.117359868273513
fresh7,oml_satimage,0.1086702954898911,balanced,deployed,True,True,Eclat_Gen_Borgelt,1.0,Eclat_Gen_Borgelt,1.0
fresh7,oml_satimage,0.1086702954898911,balanced,deployed,False,True,Gr_growth,1.117359868273513,Gr_growth,1.117359868273513
fresh7,oml_satimage,0.1086702954898911,runtime,comparison,True,True,FPgrowth_Gen_Borgelt,1.0,FPgrowth_Gen_Borgelt,1.0
fresh7,oml_satimage,0.1086702954898911,runtime,comparison,False,True,FPgrowth_Gen_Borgelt,1.0,FPgrowth_Gen_Borgelt,1.0
fresh7,oml_satimage,0.1086702954898911,runtime,deployed,True,True,FPgrowth_Gen_Borgelt,1.0,FPgrowth_Gen_Borgelt,1.0
fresh7,oml_satimage,0.1086702954898911,runtime,deployed,False,True,FPgrowth_Gen_Borgelt,1.0,FPgrowth_Gen_Borgelt,1.0
fresh7,oml_satimage,0.1659020217729393,memory,comparison,True,True,Apriori_Gen_Borgelt,1.0,Apriori_Gen_Borgelt,1.0
fresh7,oml_satimage,0.1659020217729393,memory,comparison,False,True,Gr_growth,4.190573770491803,Gr_growth,4.190573770491803
fresh7,oml_satimage,0.1659020217729393,memory,deployed,True,True,Apriori_Gen_Borgelt,1.0,Apriori_Gen_Borgelt,1.0
fresh7,oml_satimage,0.1659020217729393,memory,deployed,False,True,Gr_growth,4.190573770491803,Gr_growth,4.190573770491803
fresh7,oml_satimage,0.1659020217729393,balanced,comparison,True,True,Eclat_Gen_Borgelt,1.1897134090602024,Eclat_Gen_Borgelt,1.1897134090602024
fresh7,oml_satimage,0.1659020217729393,balanced,comparison,False,True,Gr_growth,2.4048640378873776,Gr_growth,2.4048640378873776
fresh7,oml_satimage,0.1659020217729393,balanced,deployed,True,True,Eclat_Gen_Borgelt,1.1897134090602024,Eclat_Gen_Borgelt,1.1897134090602024
fresh7,oml_satimage,0.1659020217729393,balanced,deployed,False,True,Gr_growth,2.4048640378873776,Gr_growth,2.4048640378873776
fresh7,oml_satimage,0.1659020217729393,runtime,comparison,True,True,FPgrowth_Gen_Borgelt,1.6372093023255816,FPgrowth_Gen_Borgelt,1.6372093023255816
fresh7,oml_satimage,0.1659020217729393,runtime,comparison,False,True,FPgrowth_Gen_Borgelt,1.6372093023255816,FPgrowth_Gen_Borgelt,1.6372093023255816
fresh7,oml_satimage,0.1659020217729393,runtime,deployed,True,True,FPgrowth_Gen_Borgelt,1.6372093023255816,FPgrowth_Gen_Borgelt,1.6372093023255816
fresh7,oml_satimage,0.1659020217729393,runtime,deployed,False,True,FPgrowth_Gen_Borgelt,1.6372093023255816,FPgrowth_Gen_Borgelt,1.6372093023255816
fresh7,oml_satimage,0.1823872472783825,memory,comparison,True,True,Apriori_Gen_Borgelt,1.0,Apriori_Gen_Borgelt,1.0
fresh7,oml_satimage,0.1823872472783825,memory,comparison,False,True,Gr_growth,4.053941908713693,Gr_growth,4.053941908713693
fresh7,oml_satimage,0.1823872472783825,memory,deployed,True,True,Apriori_Gen_Borgelt,1.0,Apriori_Gen_Borgelt,1.0
fresh7,oml_satimage,0.1823872472783825,memory,deployed,False,True,Gr_growth,4.053941908713693,Gr_growth,4.053941908713693
fresh7,oml_satimage,0.1823872472783825,balanced,comparison,True,True,Eclat_Gen_Borgelt,1.2481165419115485,Eclat_Gen_Borgelt,1.2481165419115485
fresh7,oml_satimage,0.1823872472783825,balanced,comparison,False,True,Gr_growth,2.3166024492186277,Gr_growth,2.3166024492186277
fresh7,oml_satimage,0.1823872472783825,balanced,deployed,True,True,Eclat_Gen_Borgelt,1.2481165419115485,Eclat_Gen_Borgelt,1.2481165419115485
fresh7,oml_satimage,0.1823872472783825,balanced,deployed,False,True,Gr_growth,2.3166024492186277,Gr_growth,2.3166024492186277
fresh7,oml_satimage,0.1823872472783825,runtime,comparison,True,True,FPgrowth_Gen_Borgelt,1.3142857142857143,FPgrowth_Gen_Borgelt,1.3142857142857143
fresh7,oml_satimage,0.1823872472783825,runtime,comparison,False,True,FPgrowth_Gen_Borgelt,1.3142857142857143,FPgrowth_Gen_Borgelt,1.3142857142857143
fresh7,oml_satimage,0.1823872472783825,runtime,deployed,True,True,FPgrowth_Gen_Borgelt,1.3142857142857143,FPgrowth_Gen_Borgelt,1.3142857142857143
fresh7,oml_satimage,0.1823872472783825,runtime,deployed,False,True,FPgrowth_Gen_Borgelt,1.3142857142857143,FPgrowth_Gen_Borgelt,1.3142857142857143
fresh7,oml_steel_plates_fault,0.0168727460072127,memory,comparison,True,True,Gr_growth,1.0,Gr_growth,1.0
fresh7,oml_steel_plates_fault,0.0168727460072127,memory,comparison,False,True,Apriori_Gen_Borgelt,1.9764210526315789,Apriori_Gen_Borgelt,1.9764210526315789
fresh7,oml_steel_plates_fault,0.0168727460072127,memory,deployed,True,True,Gr_growth,1.0,Gr_growth,1.0
fresh7,oml_steel_plates_fault,0.0168727460072127,memory,deployed,False,True,Apriori_Gen_Borgelt,1.9764210526315789,Apriori_Gen_Borgelt,1.9764210526315789
fresh7,oml_steel_plates_fault,0.0168727460072127,balanced,comparison,True,True,Eclat_Gen_Borgelt,1.096319305794488,Eclat_Gen_Borgelt,1.096319305794488
fresh7,oml_steel_plates_fault,0.0168727460072127,balanced,comparison,False,True,Eclat_Gen_Borgelt,1.096319305794488,Eclat_Gen_Borgelt,1.096319305794488
fresh7,oml_steel_plates_fault,0.0168727460072127,balanced,deployed,True,True,Eclat_Gen_Borgelt,1.096319305794488,Eclat_Gen_Borgelt,1.096319305794488
fresh7,oml_steel_plates_fault,0.0168727460072127,balanced,deployed,False,True,Eclat_Gen_Borgelt,1.096319305794488,Eclat_Gen_Borgelt,1.096319305794488
fresh7,oml_steel_plates_fault,0.0168727460072127,runtime,comparison,True,True,FPgrowth_Gen_Borgelt,1.0,FPgrowth_Gen_Borgelt,1.0
fresh7,oml_steel_plates_fault,0.0168727460072127,runtime,comparison,False,True,FPgrowth_Gen_Borgelt,1.0,FPgrowth_Gen_Borgelt,1.0
fresh7,oml_steel_plates_fault,0.0168727460072127,runtime,deployed,True,True,FPgrowth_Gen_Borgelt,1.0,FPgrowth_Gen_Borgelt,1.0
fresh7,oml_steel_plates_fault,0.0168727460072127,runtime,deployed,False,True,FPgrowth_Gen_Borgelt,1.0,FPgrowth_Gen_Borgelt,1.0
fresh7,oml_steel_plates_fault,0.0338742916022668,memory,comparison,True,True,Apriori_Gen_Borgelt,1.0,Apriori_Gen_Borgelt,1.0
fresh7,oml_steel_plates_fault,0.0338742916022668,memory,comparison,False,True,Apriori_Gen_Borgelt,1.0,Apriori_Gen_Borgelt,1.0
fresh7,oml_steel_plates_fault,0.0338742916022668,memory,deployed,True,True,Apriori_Gen_Borgelt,1.0,Apriori_Gen_Borgelt,1.0
fresh7,oml_steel_plates_fault,0.0338742916022668,memory,deployed,False,True,Apriori_Gen_Borgelt,1.0,Apriori_Gen_Borgelt,1.0
fresh7,oml_steel_plates_fault,0.0338742916022668,balanced,comparison,True,True,Eclat_Gen_Borgelt,1.0095498874425661,Eclat_Gen_Borgelt,1.0095498874425661
fresh7,oml_steel_plates_fault,0.0338742916022668,balanced,comparison,False,True,Eclat_Gen_Borgelt,1.0095498874425661,Eclat_Gen_Borgelt,1.0095498874425661
fresh7,oml_steel_plates_fault,0.0338742916022668,balanced,deployed,True,True,Eclat_Gen_Borgelt,1.0095498874425661,Eclat_Gen_Borgelt,1.0095498874425661
fresh7,oml_steel_plates_fault,0.0338742916022668,balanced,deployed,False,True,Eclat_Gen_Borgelt,1.0095498874425661,Eclat_Gen_Borgelt,1.0095498874425661
fresh7,oml_steel_plates_fault,0.0338742916022668,runtime,comparison,True,True,FPgrowth_Gen_Borgelt,1.0,FPgrowth_Gen_Borgelt,1.0
fresh7,oml_steel_plates_fault,0.0338742916022668,runtime,comparison,False,True,FPgrowth_Gen_Borgelt,1.0,FPgrowth_Gen_Borgelt,1.0
fresh7,oml_steel_plates_fault,0.0338742916022668,runtime,deployed,True,True,FPgrowth_Gen_Borgelt,1.0,FPgrowth_Gen_Borgelt,1.0
fresh7,oml_steel_plates_fault,0.0338742916022668,runtime,deployed,False,True,FPgrowth_Gen_Borgelt,1.0,FPgrowth_Gen_Borgelt,1.0
fresh7,oml_steel_plates_fault,0.0838485316846986,memory,comparison,True,True,Apriori_Gen_Borgelt,1.0,Apriori_Gen_Borgelt,1.0
fresh7,oml_steel_plates_fault,0.0838485316846986,memory,comparison,False,True,Apriori_Gen_Borgelt,1.0,Apriori_Gen_Borgelt,1.0
fresh7,oml_steel_plates_fault,0.0838485316846986,memory,deployed,True,True,Apriori_Gen_Borgelt,1.0,Apriori_Gen_Borgelt,1.0
fresh7,oml_steel_plates_fault,0.0838485316846986,memory,deployed,False,True,Apriori_Gen_Borgelt,1.0,Apriori_Gen_Borgelt,1.0
fresh7,oml_steel_plates_fault,0.0838485316846986,balanced,comparison,True,True,FPgrowth_Gen_Borgelt,1.066169390597276,FPgrowth_Gen_Borgelt,1.066169390597276
fresh7,oml_steel_plates_fault,0.0838485316846986,balanced,comparison,False,True,Eclat_Gen_Borgelt,1.0,Eclat_Gen_Borgelt,1.0
fresh7,oml_steel_plates_fault,0.0838485316846986,balanced,deployed,True,True,FPgrowth_Gen_Borgelt,1.066169390597276,FPgrowth_Gen_Borgelt,1.066169390597276
fresh7,oml_steel_plates_fault,0.0838485316846986,balanced,deployed,False,True,Eclat_Gen_Borgelt,1.0,Eclat_Gen_Borgelt,1.0
fresh7,oml_steel_plates_fault,0.0838485316846986,runtime,comparison,True,True,FPgrowth_Gen_Borgelt,1.0137931034482757,FPgrowth_Gen_Borgelt,1.0137931034482757
fresh7,oml_steel_plates_fault,0.0838485316846986,runtime,comparison,False,True,FPgrowth_Gen_Borgelt,1.0137931034482757,FPgrowth_Gen_Borgelt,1.0137931034482757
fresh7,oml_steel_plates_fault,0.0838485316846986,runtime,deployed,True,True,FPgrowth_Gen_Borgelt,1.0137931034482757,FPgrowth_Gen_Borgelt,1.0137931034482757
fresh7,oml_steel_plates_fault,0.0838485316846986,runtime,deployed,False,True,FPgrowth_Gen_Borgelt,1.0137931034482757,FPgrowth_Gen_Borgelt,1.0137931034482757
fresh7,oml_steel_plates_fault,0.1791602266872746,memory,comparison,True,True,Apriori_Gen_Borgelt,1.0,Apriori_Gen_Borgelt,1.0
fresh7,oml_steel_plates_fault,0.1791602266872746,memory,comparison,False,True,Apriori_Gen_Borgelt,1.0,Apriori_Gen_Borgelt,1.0
fresh7,oml_steel_plates_fault,0.1791602266872746,memory,deployed,True,True,Apriori_Gen_Borgelt,1.0,Apriori_Gen_Borgelt,1.0
fresh7,oml_steel_plates_fault,0.1791602266872746,memory,deployed,False,True,Apriori_Gen_Borgelt,1.0,Apriori_Gen_Borgelt,1.0
fresh7,oml_steel_plates_fault,0.1791602266872746,balanced,comparison,True,True,FPgrowth_Gen_Borgelt,1.1369316762073418,FPgrowth_Gen_Borgelt,1.1369316762073418
fresh7,oml_steel_plates_fault,0.1791602266872746,balanced,comparison,False,True,Eclat_Gen_Borgelt,1.0632550792901783,Eclat_Gen_Borgelt,1.0632550792901783
fresh7,oml_steel_plates_fault,0.1791602266872746,balanced,deployed,True,True,FPgrowth_Gen_Borgelt,1.1369316762073418,FPgrowth_Gen_Borgelt,1.1369316762073418
fresh7,oml_steel_plates_fault,0.1791602266872746,balanced,deployed,False,True,Eclat_Gen_Borgelt,1.0632550792901783,Eclat_Gen_Borgelt,1.0632550792901783
fresh7,oml_steel_plates_fault,0.1791602266872746,runtime,comparison,True,True,FPgrowth_Gen_Borgelt,1.0,FPgrowth_Gen_Borgelt,1.0
fresh7,oml_steel_plates_fault,0.1791602266872746,runtime,comparison,False,True,FPgrowth_Gen_Borgelt,1.0,FPgrowth_Gen_Borgelt,1.0
fresh7,oml_steel_plates_fault,0.1791602266872746,runtime,deployed,True,True,FPgrowth_Gen_Borgelt,1.0,FPgrowth_Gen_Borgelt,1.0
fresh7,oml_steel_plates_fault,0.1791602266872746,runtime,deployed,False,True,FPgrowth_Gen_Borgelt,1.0,FPgrowth_Gen_Borgelt,1.0
fresh7,oml_steel_plates_fault,0.3084750128799587,memory,comparison,True,True,Apriori_Gen_Borgelt,1.0060975609756098,Apriori_Gen_Borgelt,1.0060975609756098
fresh7,oml_steel_plates_fault,0.3084750128799587,memory,comparison,False,True,Eclat_Gen_Borgelt,1.024390243902439,Eclat_Gen_Borgelt,1.024390243902439
fresh7,oml_steel_plates_fault,0.3084750128799587,memory,deployed,True,True,Apriori_Gen_Borgelt,1.0060975609756098,Apriori_Gen_Borgelt,1.0060975609756098
fresh7,oml_steel_plates_fault,0.3084750128799587,memory,deployed,False,True,Eclat_Gen_Borgelt,1.024390243902439,Eclat_Gen_Borgelt,1.024390243902439
fresh7,oml_steel_plates_fault,0.3084750128799587,balanced,comparison,True,True,FPgrowth_Gen_Borgelt,1.0,FPgrowth_Gen_Borgelt,1.0
fresh7,oml_steel_plates_fault,0.3084750128799587,balanced,comparison,False,True,Eclat_Gen_Borgelt,1.0121216546949479,Eclat_Gen_Borgelt,1.0121216546949479
fresh7,oml_steel_plates_fault,0.3084750128799587,balanced,deployed,True,True,FPgrowth_Gen_Borgelt,1.0,FPgrowth_Gen_Borgelt,1.0
fresh7,oml_steel_plates_fault,0.3084750128799587,balanced,deployed,False,True,Eclat_Gen_Borgelt,1.0121216546949479,Eclat_Gen_Borgelt,1.0121216546949479
fresh7,oml_steel_plates_fault,0.3084750128799587,runtime,comparison,True,True,FPgrowth_Gen_Borgelt,1.0,FPgrowth_Gen_Borgelt,1.0
fresh7,oml_steel_plates_fault,0.3084750128799587,runtime,comparison,False,True,FPgrowth_Gen_Borgelt,1.0,FPgrowth_Gen_Borgelt,1.0
fresh7,oml_steel_plates_fault,0.3084750128799587,runtime,deployed,True,True,FPgrowth_Gen_Borgelt,1.0,FPgrowth_Gen_Borgelt,1.0
fresh7,oml_steel_plates_fault,0.3084750128799587,runtime,deployed,False,True,FPgrowth_Gen_Borgelt,1.0,FPgrowth_Gen_Borgelt,1.0
fresh7,oml_wall_robot_navigation,0.0129673753665689,memory,comparison,True,True,Gr_growth,1.0,Gr_growth,1.0
fresh7,oml_wall_robot_navigation,0.0129673753665689,memory,comparison,False,True,Apriori_Gen_Borgelt,1.365128449096099,Apriori_Gen_Borgelt,1.365128449096099
fresh7,oml_wall_robot_navigation,0.0129673753665689,memory,deployed,True,True,Gr_growth,1.0,Gr_growth,1.0
fresh7,oml_wall_robot_navigation,0.0129673753665689,memory,deployed,False,True,Apriori_Gen_Borgelt,1.365128449096099,Apriori_Gen_Borgelt,1.365128449096099
fresh7,oml_wall_robot_navigation,0.0129673753665689,balanced,comparison,True,True,Gr_growth,1.0,Gr_growth,1.0
fresh7,oml_wall_robot_navigation,0.0129673753665689,balanced,comparison,False,True,Eclat_Gen_Borgelt,1.256547168352636,Eclat_Gen_Borgelt,1.256547168352636
fresh7,oml_wall_robot_navigation,0.0129673753665689,balanced,deployed,True,True,Gr_growth,1.0,Gr_growth,1.0
fresh7,oml_wall_robot_navigation,0.0129673753665689,balanced,deployed,False,True,Eclat_Gen_Borgelt,1.256547168352636,Eclat_Gen_Borgelt,1.256547168352636
fresh7,oml_wall_robot_navigation,0.0129673753665689,runtime,comparison,True,True,FPgrowth_Gen_Borgelt,1.0,FPgrowth_Gen_Borgelt,1.0
fresh7,oml_wall_robot_navigation,0.0129673753665689,runtime,comparison,False,True,FPgrowth_Gen_Borgelt,1.0,FPgrowth_Gen_Borgelt,1.0
fresh7,oml_wall_robot_navigation,0.0129673753665689,runtime,deployed,True,True,FPgrowth_Gen_Borgelt,1.0,FPgrowth_Gen_Borgelt,1.0
fresh7,oml_wall_robot_navigation,0.0129673753665689,runtime,deployed,False,True,FPgrowth_Gen_Borgelt,1.0,FPgrowth_Gen_Borgelt,1.0
fresh7,oml_wall_robot_navigation,0.0245142961876832,memory,comparison,True,True,Apriori_Gen_Borgelt,1.0,Apriori_Gen_Borgelt,1.0
fresh7,oml_wall_robot_navigation,0.0245142961876832,memory,comparison,False,True,Apriori_Gen_Borgelt,1.0,Apriori_Gen_Borgelt,1.0
fresh7,oml_wall_robot_navigation,0.0245142961876832,memory,deployed,True,True,Apriori_Gen_Borgelt,1.0,Apriori_Gen_Borgelt,1.0
fresh7,oml_wall_robot_navigation,0.0245142961876832,memory,deployed,False,True,Apriori_Gen_Borgelt,1.0,Apriori_Gen_Borgelt,1.0
fresh7,oml_wall_robot_navigation,0.0245142961876832,balanced,comparison,True,True,Eclat_Gen_Borgelt,1.09615130666626,Eclat_Gen_Borgelt,1.09615130666626
fresh7,oml_wall_robot_navigation,0.0245142961876832,balanced,comparison,False,True,Eclat_Gen_Borgelt,1.09615130666626,Eclat_Gen_Borgelt,1.09615130666626
fresh7,oml_wall_robot_navigation,0.0245142961876832,balanced,deployed,True,True,Eclat_Gen_Borgelt,1.09615130666626,Eclat_Gen_Borgelt,1.09615130666626
fresh7,oml_wall_robot_navigation,0.0245142961876832,balanced,deployed,False,True,Eclat_Gen_Borgelt,1.09615130666626,Eclat_Gen_Borgelt,1.09615130666626
fresh7,oml_wall_robot_navigation,0.0245142961876832,runtime,comparison,True,True,FPgrowth_Gen_Borgelt,1.0,FPgrowth_Gen_Borgelt,1.0
fresh7,oml_wall_robot_navigation,0.0245142961876832,runtime,comparison,False,True,FPgrowth_Gen_Borgelt,1.0,FPgrowth_Gen_Borgelt,1.0
fresh7,oml_wall_robot_navigation,0.0245142961876832,runtime,deployed,True,True,FPgrowth_Gen_Borgelt,1.0,FPgrowth_Gen_Borgelt,1.0
fresh7,oml_wall_robot_navigation,0.0245142961876832,runtime,deployed,False,True,FPgrowth_Gen_Borgelt,1.0,FPgrowth_Gen_Borgelt,1.0
fresh7,oml_wall_robot_navigation,0.0732679618768328,memory,comparison,True,True,Apriori_Gen_Borgelt,1.0,Apriori_Gen_Borgelt,1.0
fresh7,oml_wall_robot_navigation,0.0732679618768328,memory,comparison,False,True,Apriori_Gen_Borgelt,1.0,Apriori_Gen_Borgelt,1.0
fresh7,oml_wall_robot_navigation,0.0732679618768328,memory,deployed,True,True,Apriori_Gen_Borgelt,1.0,Apriori_Gen_Borgelt,1.0
fresh7,oml_wall_robot_navigation,0.0732679618768328,memory,deployed,False,True,Apriori_Gen_Borgelt,1.0,Apriori_Gen_Borgelt,1.0
fresh7,oml_wall_robot_navigation,0.0732679618768328,balanced,comparison,True,True,Eclat_Gen_Borgelt,1.0283376115219132,Eclat_Gen_Borgelt,1.0283376115219132
fresh7,oml_wall_robot_navigation,0.0732679618768328,balanced,comparison,False,True,Eclat_Gen_Borgelt,1.0283376115219132,Eclat_Gen_Borgelt,1.0283376115219132
fresh7,oml_wall_robot_navigation,0.0732679618768328,balanced,deployed,True,True,Eclat_Gen_Borgelt,1.0283376115219132,Eclat_Gen_Borgelt,1.0283376115219132
fresh7,oml_wall_robot_navigation,0.0732679618768328,balanced,deployed,False,True,Eclat_Gen_Borgelt,1.0283376115219132,Eclat_Gen_Borgelt,1.0283376115219132
fresh7,oml_wall_robot_navigation,0.0732679618768328,runtime,comparison,True,True,FPgrowth_Gen_Borgelt,1.0,FPgrowth_Gen_Borgelt,1.0
fresh7,oml_wall_robot_navigation,0.0732679618768328,runtime,comparison,False,True,FPgrowth_Gen_Borgelt,1.0,FPgrowth_Gen_Borgelt,1.0
fresh7,oml_wall_robot_navigation,0.0732679618768328,runtime,deployed,True,True,FPgrowth_Gen_Borgelt,1.0,FPgrowth_Gen_Borgelt,1.0
fresh7,oml_wall_robot_navigation,0.0732679618768328,runtime,deployed,False,True,FPgrowth_Gen_Borgelt,1.0,FPgrowth_Gen_Borgelt,1.0
fresh7,oml_wall_robot_navigation,0.1203720674486803,memory,comparison,True,True,Apriori_Gen_Borgelt,1.0,Apriori_Gen_Borgelt,1.0
fresh7,oml_wall_robot_navigation,0.1203720674486803,memory,comparison,False,True,Apriori_Gen_Borgelt,1.0,Apriori_Gen_Borgelt,1.0
fresh7,oml_wall_robot_navigation,0.1203720674486803,memory,deployed,True,True,Apriori_Gen_Borgelt,1.0,Apriori_Gen_Borgelt,1.0
fresh7,oml_wall_robot_navigation,0.1203720674486803,memory,deployed,False,True,Apriori_Gen_Borgelt,1.0,Apriori_Gen_Borgelt,1.0
fresh7,oml_wall_robot_navigation,0.1203720674486803,balanced,comparison,True,True,Eclat_Gen_Borgelt,1.3837343395015023,Eclat_Gen_Borgelt,1.3837343395015023
fresh7,oml_wall_robot_navigation,0.1203720674486803,balanced,comparison,False,True,Eclat_Gen_Borgelt,1.3837343395015023,Eclat_Gen_Borgelt,1.3837343395015023
fresh7,oml_wall_robot_navigation,0.1203720674486803,balanced,deployed,True,True,Eclat_Gen_Borgelt,1.3837343395015023,Eclat_Gen_Borgelt,1.3837343395015023
fresh7,oml_wall_robot_navigation,0.1203720674486803,balanced,deployed,False,True,Eclat_Gen_Borgelt,1.3837343395015023,Eclat_Gen_Borgelt,1.3837343395015023
fresh7,oml_wall_robot_navigation,0.1203720674486803,runtime,comparison,True,True,FPgrowth_Gen_Borgelt,1.2517482517482517,FPgrowth_Gen_Borgelt,1.2517482517482517
fresh7,oml_wall_robot_navigation,0.1203720674486803,runtime,comparison,False,True,FPgrowth_Gen_Borgelt,1.2517482517482517,FPgrowth_Gen_Borgelt,1.2517482517482517
fresh7,oml_wall_robot_navigation,0.1203720674486803,runtime,deployed,True,True,FPgrowth_Gen_Borgelt,1.2517482517482517,FPgrowth_Gen_Borgelt,1.2517482517482517
fresh7,oml_wall_robot_navigation,0.1203720674486803,runtime,deployed,False,True,FPgrowth_Gen_Borgelt,1.2517482517482517,FPgrowth_Gen_Borgelt,1.2517482517482517
fresh7,oml_wall_robot_navigation,0.1830553519061583,memory,comparison,True,True,Apriori_Gen_Borgelt,1.0,Apriori_Gen_Borgelt,1.0
fresh7,oml_wall_robot_navigation,0.1830553519061583,memory,comparison,False,True,Eclat_Gen_Borgelt,1.1824480369515011,Eclat_Gen_Borgelt,1.1824480369515011
fresh7,oml_wall_robot_navigation,0.1830553519061583,memory,deployed,True,True,Apriori_Gen_Borgelt,1.0,Apriori_Gen_Borgelt,1.0
fresh7,oml_wall_robot_navigation,0.1830553519061583,memory,deployed,False,True,Eclat_Gen_Borgelt,1.1824480369515011,Eclat_Gen_Borgelt,1.1824480369515011
fresh7,oml_wall_robot_navigation,0.1830553519061583,balanced,comparison,True,True,Eclat_Gen_Borgelt,1.2449761724860637,Eclat_Gen_Borgelt,1.2449761724860637
fresh7,oml_wall_robot_navigation,0.1830553519061583,balanced,comparison,False,True,Eclat_Gen_Borgelt,1.2449761724860637,Eclat_Gen_Borgelt,1.2449761724860637
fresh7,oml_wall_robot_navigation,0.1830553519061583,balanced,deployed,True,True,Eclat_Gen_Borgelt,1.2449761724860637,Eclat_Gen_Borgelt,1.2449761724860637
fresh7,oml_wall_robot_navigation,0.1830553519061583,balanced,deployed,False,True,Eclat_Gen_Borgelt,1.2449761724860637,Eclat_Gen_Borgelt,1.2449761724860637
fresh7,oml_wall_robot_navigation,0.1830553519061583,runtime,comparison,True,True,FPgrowth_Gen_Borgelt,1.4932432432432432,FPgrowth_Gen_Borgelt,1.4932432432432432
fresh7,oml_wall_robot_navigation,0.1830553519061583,runtime,comparison,False,True,FPgrowth_Gen_Borgelt,1.4932432432432432,FPgrowth_Gen_Borgelt,1.4932432432432432
fresh7,oml_wall_robot_navigation,0.1830553519061583,runtime,deployed,True,True,FPgrowth_Gen_Borgelt,1.4932432432432432,FPgrowth_Gen_Borgelt,1.4932432432432432
fresh7,oml_wall_robot_navigation,0.1830553519061583,runtime,deployed,False,True,FPgrowth_Gen_Borgelt,1.4932432432432432,FPgrowth_Gen_Borgelt,1.4932432432432432
fresh7,oml_wdbc,0.0259226713532513,memory,comparison,True,True,Eclat_Gen_Borgelt,1.0110529377545083,Eclat_Gen_Borgelt,1.0110529377545083
fresh7,oml_wdbc,0.0259226713532513,memory,comparison,False,True,Apriori_Gen_Borgelt,1.0011634671320535,Apriori_Gen_Borgelt,1.0011634671320535
fresh7,oml_wdbc,0.0259226713532513,memory,deployed,True,True,Eclat_Gen_Borgelt,1.0110529377545083,Eclat_Gen_Borgelt,1.0110529377545083
fresh7,oml_wdbc,0.0259226713532513,memory,deployed,False,True,Apriori_Gen_Borgelt,1.0011634671320535,Apriori_Gen_Borgelt,1.0011634671320535
fresh7,oml_wdbc,0.0259226713532513,balanced,comparison,True,True,Eclat_Gen_Borgelt,1.0,Eclat_Gen_Borgelt,1.0
fresh7,oml_wdbc,0.0259226713532513,balanced,comparison,False,True,Gr_growth,1.0560258736090733,Gr_growth,1.0560258736090733
fresh7,oml_wdbc,0.0259226713532513,balanced,deployed,True,True,Eclat_Gen_Borgelt,1.0,Eclat_Gen_Borgelt,1.0
fresh7,oml_wdbc,0.0259226713532513,balanced,deployed,False,True,Gr_growth,1.0560258736090733,Gr_growth,1.0560258736090733
fresh7,oml_wdbc,0.0259226713532513,runtime,comparison,True,True,FPgrowth_Gen_Borgelt,1.0,FPgrowth_Gen_Borgelt,1.0
fresh7,oml_wdbc,0.0259226713532513,runtime,comparison,False,True,FPgrowth_Gen_Borgelt,1.0,FPgrowth_Gen_Borgelt,1.0
fresh7,oml_wdbc,0.0259226713532513,runtime,deployed,True,True,FPgrowth_Gen_Borgelt,1.0,FPgrowth_Gen_Borgelt,1.0
fresh7,oml_wdbc,0.0259226713532513,runtime,deployed,False,True,FPgrowth_Gen_Borgelt,1.0,FPgrowth_Gen_Borgelt,1.0
fresh7,oml_wdbc,0.0417398945518453,memory,comparison,True,True,Apriori_Gen_Borgelt,1.0,Apriori_Gen_Borgelt,1.0
fresh7,oml_wdbc,0.0417398945518453,memory,comparison,False,True,Apriori_Gen_Borgelt,1.0,Apriori_Gen_Borgelt,1.0
fresh7,oml_wdbc,0.0417398945518453,memory,deployed,True,True,Apriori_Gen_Borgelt,1.0,Apriori_Gen_Borgelt,1.0
fresh7,oml_wdbc,0.0417398945518453,memory,deployed,False,True,Apriori_Gen_Borgelt,1.0,Apriori_Gen_Borgelt,1.0
fresh7,oml_wdbc,0.0417398945518453,balanced,comparison,True,True,Eclat_Gen_Borgelt,1.0,Eclat_Gen_Borgelt,1.0
fresh7,oml_wdbc,0.0417398945518453,balanced,comparison,False,True,Gr_growth,1.2152988430126797,Gr_growth,1.2152988430126797
fresh7,oml_wdbc,0.0417398945518453,balanced,deployed,True,True,Eclat_Gen_Borgelt,1.0,Eclat_Gen_Borgelt,1.0
fresh7,oml_wdbc,0.0417398945518453,balanced,deployed,False,True,Gr_growth,1.2152988430126797,Gr_growth,1.2152988430126797
fresh7,oml_wdbc,0.0417398945518453,runtime,comparison,True,True,FPgrowth_Gen_Borgelt,1.0103448275862068,FPgrowth_Gen_Borgelt,1.0103448275862068
fresh7,oml_wdbc,0.0417398945518453,runtime,comparison,False,True,FPgrowth_Gen_Borgelt,1.0103448275862068,FPgrowth_Gen_Borgelt,1.0103448275862068
fresh7,oml_wdbc,0.0417398945518453,runtime,deployed,True,True,FPgrowth_Gen_Borgelt,1.0103448275862068,FPgrowth_Gen_Borgelt,1.0103448275862068
fresh7,oml_wdbc,0.0417398945518453,runtime,deployed,False,True,FPgrowth_Gen_Borgelt,1.0103448275862068,FPgrowth_Gen_Borgelt,1.0103448275862068
fresh7,oml_wdbc,0.0663444639718804,memory,comparison,True,True,Apriori_Gen_Borgelt,1.0,Apriori_Gen_Borgelt,1.0
fresh7,oml_wdbc,0.0663444639718804,memory,comparison,False,True,Apriori_Gen_Borgelt,1.0,Apriori_Gen_Borgelt,1.0
fresh7,oml_wdbc,0.0663444639718804,memory,deployed,True,True,Apriori_Gen_Borgelt,1.0,Apriori_Gen_Borgelt,1.0
fresh7,oml_wdbc,0.0663444639718804,memory,deployed,False,True,Apriori_Gen_Borgelt,1.0,Apriori_Gen_Borgelt,1.0
fresh7,oml_wdbc,0.0663444639718804,balanced,comparison,True,True,FPgrowth_Gen_Borgelt,1.1952321418505545,FPgrowth_Gen_Borgelt,1.1952321418505545
fresh7,oml_wdbc,0.0663444639718804,balanced,comparison,False,True,Gr_growth,1.5443399759388137,Gr_growth,1.5443399759388137
fresh7,oml_wdbc,0.0663444639718804,balanced,deployed,True,True,FPgrowth_Gen_Borgelt,1.1952321418505545,FPgrowth_Gen_Borgelt,1.1952321418505545
fresh7,oml_wdbc,0.0663444639718804,balanced,deployed,False,True,Gr_growth,1.5443399759388137,Gr_growth,1.5443399759388137
fresh7,oml_wdbc,0.0663444639718804,runtime,comparison,True,True,FPgrowth_Gen_Borgelt,1.0258064516129033,FPgrowth_Gen_Borgelt,1.0258064516129033
fresh7,oml_wdbc,0.0663444639718804,runtime,comparison,False,True,FPgrowth_Gen_Borgelt,1.0258064516129033,FPgrowth_Gen_Borgelt,1.0258064516129033
fresh7,oml_wdbc,0.0663444639718804,runtime,deployed,True,True,FPgrowth_Gen_Borgelt,1.0258064516129033,FPgrowth_Gen_Borgelt,1.0258064516129033
fresh7,oml_wdbc,0.0663444639718804,runtime,deployed,False,True,FPgrowth_Gen_Borgelt,1.0258064516129033,FPgrowth_Gen_Borgelt,1.0258064516129033
fresh7,oml_wdbc,0.171792618629174,memory,comparison,True,True,Apriori_Gen_Borgelt,1.0,Apriori_Gen_Borgelt,1.0
fresh7,oml_wdbc,0.171792618629174,memory,comparison,False,True,Apriori_Gen_Borgelt,1.0,Apriori_Gen_Borgelt,1.0
fresh7,oml_wdbc,0.171792618629174,memory,deployed,True,True,Apriori_Gen_Borgelt,1.0,Apriori_Gen_Borgelt,1.0
fresh7,oml_wdbc,0.171792618629174,memory,deployed,False,True,Apriori_Gen_Borgelt,1.0,Apriori_Gen_Borgelt,1.0
fresh7,oml_wdbc,0.171792618629174,balanced,comparison,True,True,FPgrowth_Gen_Borgelt,1.161077631264501,FPgrowth_Gen_Borgelt,1.161077631264501
fresh7,oml_wdbc,0.171792618629174,balanced,comparison,False,True,Gr_growth,2.32379000772445,Gr_growth,2.32379000772445
fresh7,oml_wdbc,0.171792618629174,balanced,deployed,True,True,FPgrowth_Gen_Borgelt,1.161077631264501,FPgrowth_Gen_Borgelt,1.161077631264501
fresh7,oml_wdbc,0.171792618629174,balanced,deployed,False,True,Gr_growth,2.32379000772445,Gr_growth,2.32379000772445
fresh7,oml_wdbc,0.171792618629174,runtime,comparison,True,True,FPgrowth_Gen_Borgelt,1.0,FPgrowth_Gen_Borgelt,1.0
fresh7,oml_wdbc,0.171792618629174,runtime,comparison,False,True,FPgrowth_Gen_Borgelt,1.0,FPgrowth_Gen_Borgelt,1.0
fresh7,oml_wdbc,0.171792618629174,runtime,deployed,True,True,FPgrowth_Gen_Borgelt,1.0,FPgrowth_Gen_Borgelt,1.0
fresh7,oml_wdbc,0.171792618629174,runtime,deployed,False,True,FPgrowth_Gen_Borgelt,1.0,FPgrowth_Gen_Borgelt,1.0
fresh7,oml_wdbc,0.1981546572934973,memory,comparison,True,True,Apriori_Gen_Borgelt,1.0,Apriori_Gen_Borgelt,1.0
fresh7,oml_wdbc,0.1981546572934973,memory,comparison,False,True,Apriori_Gen_Borgelt,1.0,Apriori_Gen_Borgelt,1.0
fresh7,oml_wdbc,0.1981546572934973,memory,deployed,True,True,Apriori_Gen_Borgelt,1.0,Apriori_Gen_Borgelt,1.0
fresh7,oml_wdbc,0.1981546572934973,memory,deployed,False,True,Apriori_Gen_Borgelt,1.0,Apriori_Gen_Borgelt,1.0
fresh7,oml_wdbc,0.1981546572934973,balanced,comparison,True,True,FPgrowth_Gen_Borgelt,1.1126284744632842,FPgrowth_Gen_Borgelt,1.1126284744632842
fresh7,oml_wdbc,0.1981546572934973,balanced,comparison,False,True,Gr_growth,2.4844856228783834,Gr_growth,2.4844856228783834
fresh7,oml_wdbc,0.1981546572934973,balanced,deployed,True,True,FPgrowth_Gen_Borgelt,1.1126284744632842,FPgrowth_Gen_Borgelt,1.1126284744632842
fresh7,oml_wdbc,0.1981546572934973,balanced,deployed,False,True,Gr_growth,2.4844856228783834,Gr_growth,2.4844856228783834
fresh7,oml_wdbc,0.1981546572934973,runtime,comparison,True,True,FPgrowth_Gen_Borgelt,1.0,FPgrowth_Gen_Borgelt,1.0
fresh7,oml_wdbc,0.1981546572934973,runtime,comparison,False,True,FPgrowth_Gen_Borgelt,1.0,FPgrowth_Gen_Borgelt,1.0
fresh7,oml_wdbc,0.1981546572934973,runtime,deployed,True,True,FPgrowth_Gen_Borgelt,1.0,FPgrowth_Gen_Borgelt,1.0
fresh7,oml_wdbc,0.1981546572934973,runtime,deployed,False,True,FPgrowth_Gen_Borgelt,1.0,FPgrowth_Gen_Borgelt,1.0
fresh7,oml_wilt,0.0148274436867121,memory,comparison,True,True,Apriori_Gen_Borgelt,1.0,Apriori_Gen_Borgelt,1.0
fresh7,oml_wilt,0.0148274436867121,memory,comparison,False,True,Gr_growth,4.346875,Gr_growth,4.346875
fresh7,oml_wilt,0.0148274436867121,memory,deployed,True,True,Apriori_Gen_Borgelt,1.0,Apriori_Gen_Borgelt,1.0
fresh7,oml_wilt,0.0148274436867121,memory,deployed,False,True,Gr_growth,4.346875,Gr_growth,4.346875
fresh7,oml_wilt,0.0148274436867121,balanced,comparison,True,True,Eclat_Gen_Borgelt,1.1429129450662459,Eclat_Gen_Borgelt,1.1429129450662459
fresh7,oml_wilt,0.0148274436867121,balanced,comparison,False,True,Gr_growth,2.206467765456817,Gr_growth,2.206467765456817
fresh7,oml_wilt,0.0148274436867121,balanced,deployed,True,True,Eclat_Gen_Borgelt,1.1429129450662459,Eclat_Gen_Borgelt,1.1429129450662459
fresh7,oml_wilt,0.0148274436867121,balanced,deployed,False,True,Gr_growth,2.206467765456817,Gr_growth,2.206467765456817
fresh7,oml_wilt,0.0148274436867121,runtime,comparison,True,True,Gr_growth,1.1199999999999999,Gr_growth,1.1199999999999999
fresh7,oml_wilt,0.0148274436867121,runtime,comparison,False,True,Gr_growth,1.1199999999999999,Gr_growth,1.1199999999999999
fresh7,oml_wilt,0.0148274436867121,runtime,deployed,True,True,Gr_growth,1.1199999999999999,Gr_growth,1.1199999999999999
fresh7,oml_wilt,0.0148274436867121,runtime,deployed,False,True,Gr_growth,1.1199999999999999,Gr_growth,1.1199999999999999
fresh7,oml_wilt,0.044379003926431,memory,comparison,True,True,Apriori_Gen_Borgelt,1.0,Apriori_Gen_Borgelt,1.0
fresh7,oml_wilt,0.044379003926431,memory,comparison,False,True,Gr_growth,4.365079365079366,Gr_growth,4.365079365079366
fresh7,oml_wilt,0.044379003926431,memory,deployed,True,True,Apriori_Gen_Borgelt,1.0,Apriori_Gen_Borgelt,1.0
fresh7,oml_wilt,0.044379003926431,memory,deployed,False,True,Gr_growth,4.365079365079366,Gr_growth,4.365079365079366
fresh7,oml_wilt,0.044379003926431,balanced,comparison,True,True,FPgrowth_Gen_Borgelt,1.0837911120705754,FPgrowth_Gen_Borgelt,1.0837911120705754
fresh7,oml_wilt,0.044379003926431,balanced,comparison,False,True,Gr_growth,2.3544958682594443,Gr_growth,2.3544958682594443
fresh7,oml_wilt,0.044379003926431,balanced,deployed,True,True,FPgrowth_Gen_Borgelt,1.0837911120705754,FPgrowth_Gen_Borgelt,1.0837911120705754
fresh7,oml_wilt,0.044379003926431,balanced,deployed,False,True,Gr_growth,2.3544958682594443,Gr_growth,2.3544958682594443
fresh7,oml_wilt,0.044379003926431,runtime,comparison,True,True,Gr_growth,1.27,Gr_growth,1.27
fresh7,oml_wilt,0.044379003926431,runtime,comparison,False,True,Gr_growth,1.27,Gr_growth,1.27
fresh7,oml_wilt,0.044379003926431,runtime,deployed,True,True,Gr_growth,1.27,Gr_growth,1.27
fresh7,oml_wilt,0.044379003926431,runtime,deployed,False,True,Gr_growth,1.27,Gr_growth,1.27
fresh7,oml_wilt,0.1929634221946683,memory,comparison,True,True,Apriori_Gen_Borgelt,1.0,Apriori_Gen_Borgelt,1.0
fresh7,oml_wilt,0.1929634221946683,memory,comparison,False,True,Gr_growth,4.372990353697749,Gr_growth,4.372990353697749
fresh7,oml_wilt,0.1929634221946683,memory,deployed,True,True,Apriori_Gen_Borgelt,1.0,Apriori_Gen_Borgelt,1.0
fresh7,oml_wilt,0.1929634221946683,memory,deployed,False,True,Gr_growth,4.372990353697749,Gr_growth,4.372990353697749
fresh7,oml_wilt,0.1929634221946683,balanced,comparison,True,True,FPgrowth_Gen_Borgelt,1.0440460499139088,FPgrowth_Gen_Borgelt,1.0440460499139088
fresh7,oml_wilt,0.1929634221946683,balanced,comparison,False,True,Gr_growth,2.1428112075921755,Gr_growth,2.1428112075921755
fresh7,oml_wilt,0.1929634221946683,balanced,deployed,True,True,FPgrowth_Gen_Borgelt,1.0440460499139088,FPgrowth_Gen_Borgelt,1.0440460499139088
fresh7,oml_wilt,0.1929634221946683,balanced,deployed,False,True,Gr_growth,2.1428112075921755,Gr_growth,2.1428112075921755
fresh7,oml_wilt,0.1929634221946683,runtime,comparison,True,True,Gr_growth,1.05,Gr_growth,1.05
fresh7,oml_wilt,0.1929634221946683,runtime,comparison,False,True,Gr_growth,1.05,Gr_growth,1.05
fresh7,oml_wilt,0.1929634221946683,runtime,deployed,True,True,Gr_growth,1.05,Gr_growth,1.05
fresh7,oml_wilt,0.1929634221946683,runtime,deployed,False,True,Gr_growth,1.05,Gr_growth,1.05
fresh8,oml_click_prediction_small,0.0162128414298134,memory,comparison,True,True,Gr_growth,1.0,Gr_growth,1.0
fresh8,oml_click_prediction_small,0.0162128414298134,memory,comparison,False,True,Gr_growth,1.0,Gr_growth,1.0
fresh8,oml_click_prediction_small,0.0162128414298134,memory,deployed,True,True,Gr_growth,1.0,Gr_growth,1.0
fresh8,oml_click_prediction_small,0.0162128414298134,memory,deployed,False,True,Gr_growth,1.0,Gr_growth,1.0
fresh8,oml_click_prediction_small,0.0162128414298134,balanced,comparison,True,True,Gr_growth,1.0,Gr_growth,1.0
fresh8,oml_click_prediction_small,0.0162128414298134,balanced,comparison,False,True,Gr_growth,1.0,Gr_growth,1.0
fresh8,oml_click_prediction_small,0.0162128414298134,balanced,deployed,True,True,Gr_growth,1.0,Gr_growth,1.0
fresh8,oml_click_prediction_small,0.0162128414298134,balanced,deployed,False,True,Gr_growth,1.0,Gr_growth,1.0
fresh8,oml_click_prediction_small,0.0162128414298134,runtime,comparison,True,True,Gr_growth,1.257841621965633,Gr_growth,1.257841621965633
fresh8,oml_click_prediction_small,0.0162128414298134,runtime,comparison,False,True,Gr_growth,1.257841621965633,Gr_growth,1.257841621965633
fresh8,oml_click_prediction_small,0.0162128414298134,runtime,deployed,True,True,Gr_growth,1.257841621965633,Gr_growth,1.257841621965633
fresh8,oml_click_prediction_small,0.0162128414298134,runtime,deployed,False,True,Gr_growth,1.257841621965633,Gr_growth,1.257841621965633
fresh8,oml_click_prediction_small,0.134045680574128,memory,comparison,True,True,Gr_growth,1.0,Gr_growth,1.0
fresh8,oml_click_prediction_small,0.134045680574128,memory,comparison,False,True,Gr_growth,1.0,Gr_growth,1.0
fresh8,oml_click_prediction_small,0.134045680574128,memory,deployed,True,True,Gr_growth,1.0,Gr_growth,1.0
fresh8,oml_click_prediction_small,0.134045680574128,memory,deployed,False,True,Gr_growth,1.0,Gr_growth,1.0
fresh8,oml_click_prediction_small,0.134045680574128,balanced,comparison,True,True,Gr_growth,1.0,Gr_growth,1.0
fresh8,oml_click_prediction_small,0.134045680574128,balanced,comparison,False,True,Gr_growth,1.0,Gr_growth,1.0
fresh8,oml_click_prediction_small,0.134045680574128,balanced,deployed,True,True,Gr_growth,1.0,Gr_growth,1.0
fresh8,oml_click_prediction_small,0.134045680574128,balanced,deployed,False,True,Gr_growth,1.0,Gr_growth,1.0
fresh8,oml_click_prediction_small,0.134045680574128,runtime,comparison,True,True,Gr_growth,1.0318991940061302,Gr_growth,1.0318991940061302
fresh8,oml_click_prediction_small,0.134045680574128,runtime,comparison,False,True,Gr_growth,1.0318991940061302,Gr_growth,1.0318991940061302
fresh8,oml_click_prediction_small,0.134045680574128,runtime,deployed,True,True,Gr_growth,1.0318991940061302,Gr_growth,1.0318991940061302
fresh8,oml_click_prediction_small,0.134045680574128,runtime,deployed,False,True,Gr_growth,1.0318991940061302,Gr_growth,1.0318991940061302
fresh8,oml_click_prediction_small,0.2768773335311426,memory,comparison,True,True,Gr_growth,1.0,Gr_growth,1.0
fresh8,oml_click_prediction_small,0.2768773335311426,memory,comparison,False,True,Gr_growth,1.0,Gr_growth,1.0
fresh8,oml_click_prediction_small,0.2768773335311426,memory,deployed,True,True,Gr_growth,1.0,Gr_growth,1.0
fresh8,oml_click_prediction_small,0.2768773335311426,memory,deployed,False,True,Gr_growth,1.0,Gr_growth,1.0
fresh8,oml_click_prediction_small,0.2768773335311426,balanced,comparison,True,True,Gr_growth,1.0,Gr_growth,1.0
fresh8,oml_click_prediction_small,0.2768773335311426,balanced,comparison,False,True,Gr_growth,1.0,Gr_growth,1.0
fresh8,oml_click_prediction_small,0.2768773335311426,balanced,deployed,True,True,Gr_growth,1.0,Gr_growth,1.0
fresh8,oml_click_prediction_small,0.2768773335311426,balanced,deployed,False,True,Gr_growth,1.0,Gr_growth,1.0
fresh8,oml_click_prediction_small,0.2768773335311426,runtime,comparison,True,True,Gr_growth,1.0,Gr_growth,1.0
fresh8,oml_click_prediction_small,0.2768773335311426,runtime,comparison,False,True,Gr_growth,1.0,Gr_growth,1.0
fresh8,oml_click_prediction_small,0.2768773335311426,runtime,deployed,True,True,Gr_growth,1.0,Gr_growth,1.0
fresh8,oml_click_prediction_small,0.2768773335311426,runtime,deployed,False,True,Gr_growth,1.0,Gr_growth,1.0
fresh8,oml_comet_mc_sample,0.0043425335328241,memory,comparison,True,True,Gr_growth,1.0,Gr_growth,1.0
fresh8,oml_comet_mc_sample,0.0043425335328241,memory,comparison,False,True,Gr_growth,1.0,Gr_growth,1.0
fresh8,oml_comet_mc_sample,0.0043425335328241,memory,deployed,True,True,Gr_growth,1.0,Gr_growth,1.0
fresh8,oml_comet_mc_sample,0.0043425335328241,memory,deployed,False,True,Gr_growth,1.0,Gr_growth,1.0
fresh8,oml_comet_mc_sample,0.0043425335328241,balanced,comparison,True,True,Gr_growth,1.0,Gr_growth,1.0
fresh8,oml_comet_mc_sample,0.0043425335328241,balanced,comparison,False,True,Gr_growth,1.0,Gr_growth,1.0
fresh8,oml_comet_mc_sample,0.0043425335328241,balanced,deployed,True,True,Gr_growth,1.0,Gr_growth,1.0
fresh8,oml_comet_mc_sample,0.0043425335328241,balanced,deployed,False,True,Gr_growth,1.0,Gr_growth,1.0
fresh8,oml_comet_mc_sample,0.0043425335328241,runtime,comparison,True,True,Gr_growth,1.0,Gr_growth,1.0
fresh8,oml_comet_mc_sample,0.0043425335328241,runtime,comparison,False,True,Gr_growth,1.0,Gr_growth,1.0
fresh8,oml_comet_mc_sample,0.0043425335328241,runtime,deployed,True,True,Gr_growth,1.0,Gr_growth,1.0
fresh8,oml_comet_mc_sample,0.0043425335328241,runtime,deployed,False,True,Gr_growth,1.0,Gr_growth,1.0
fresh8,oml_comet_mc_sample,0.0399818227156993,memory,comparison,True,True,Gr_growth,1.0,Gr_growth,1.0
fresh8,oml_comet_mc_sample,0.0399818227156993,memory,comparison,False,True,Gr_growth,1.0,Gr_growth,1.0
fresh8,oml_comet_mc_sample,0.0399818227156993,memory,deployed,True,True,Gr_growth,1.0,Gr_growth,1.0
fresh8,oml_comet_mc_sample,0.0399818227156993,memory,deployed,False,True,Gr_growth,1.0,Gr_growth,1.0
fresh8,oml_comet_mc_sample,0.0399818227156993,balanced,comparison,True,True,Gr_growth,1.0,Gr_growth,1.0
fresh8,oml_comet_mc_sample,0.0399818227156993,balanced,comparison,False,True,Gr_growth,1.0,Gr_growth,1.0
fresh8,oml_comet_mc_sample,0.0399818227156993,balanced,deployed,True,True,Gr_growth,1.0,Gr_growth,1.0
fresh8,oml_comet_mc_sample,0.0399818227156993,balanced,deployed,False,True,Gr_growth,1.0,Gr_growth,1.0
fresh8,oml_comet_mc_sample,0.0399818227156993,runtime,comparison,True,True,Gr_growth,1.0,Gr_growth,1.0
fresh8,oml_comet_mc_sample,0.0399818227156993,runtime,comparison,False,True,Gr_growth,1.0,Gr_growth,1.0
fresh8,oml_comet_mc_sample,0.0399818227156993,runtime,deployed,True,True,Gr_growth,1.0,Gr_growth,1.0
fresh8,oml_comet_mc_sample,0.0399818227156993,runtime,deployed,False,True,Gr_growth,1.0,Gr_growth,1.0
fresh8,oml_comet_mc_sample,0.1999996718901751,memory,comparison,True,True,Gr_growth,1.0,Gr_growth,1.0
fresh8,oml_comet_mc_sample,0.1999996718901751,memory,comparison,False,True,Gr_growth,1.0,Gr_growth,1.0
fresh8,oml_comet_mc_sample,0.1999996718901751,memory,deployed,True,True,Gr_growth,1.0,Gr_growth,1.0
fresh8,oml_comet_mc_sample,0.1999996718901751,memory,deployed,False,True,Gr_growth,1.0,Gr_growth,1.0
fresh8,oml_comet_mc_sample,0.1999996718901751,balanced,comparison,True,True,Gr_growth,1.0,Gr_growth,1.0
fresh8,oml_comet_mc_sample,0.1999996718901751,balanced,comparison,False,True,Gr_growth,1.0,Gr_growth,1.0
fresh8,oml_comet_mc_sample,0.1999996718901751,balanced,deployed,True,True,Gr_growth,1.0,Gr_growth,1.0
fresh8,oml_comet_mc_sample,0.1999996718901751,balanced,deployed,False,True,Gr_growth,1.0,Gr_growth,1.0
fresh8,oml_comet_mc_sample,0.1999996718901751,runtime,comparison,True,True,Gr_growth,1.0,Gr_growth,1.0
fresh8,oml_comet_mc_sample,0.1999996718901751,runtime,comparison,False,True,Gr_growth,1.0,Gr_growth,1.0
fresh8,oml_comet_mc_sample,0.1999996718901751,runtime,deployed,True,True,Gr_growth,1.0,Gr_growth,1.0
fresh8,oml_comet_mc_sample,0.1999996718901751,runtime,deployed,False,True,Gr_growth,1.0,Gr_growth,1.0
fresh8,oml_creditcard,0.0296648256538638,memory,comparison,True,True,Apriori_Gen_Borgelt,1.0,Apriori_Gen_Borgelt,1.0
fresh8,oml_creditcard,0.0296648256538638,memory,comparison,False,True,Gr_growth,2.9895327506204814,Gr_growth,2.9895327506204814
fresh8,oml_creditcard,0.0296648256538638,memory,deployed,True,True,Apriori_Gen_Borgelt,1.0,Apriori_Gen_Borgelt,1.0
fresh8,oml_creditcard,0.0296648256538638,memory,deployed,False,True,Gr_growth,2.9895327506204814,Gr_growth,2.9895327506204814
fresh8,oml_creditcard,0.0296648256538638,balanced,comparison,True,True,Eclat_Gen_Borgelt,1.911544967032749,Eclat_Gen_Borgelt,1.911544967032749
fresh8,oml_creditcard,0.0296648256538638,balanced,comparison,False,True,Gr_growth,3.4636372292898505,Gr_growth,3.4636372292898505
fresh8,oml_creditcard,0.0296648256538638,balanced,deployed,True,True,Eclat_Gen_Borgelt,1.911544967032749,Eclat_Gen_Borgelt,1.911544967032749
fresh8,oml_creditcard,0.0296648256538638,balanced,deployed,False,True,Gr_growth,3.4636372292898505,Gr_growth,3.4636372292898505
fresh8,oml_creditcard,0.0296648256538638,runtime,comparison,True,True,FPgrowth_Gen_Borgelt,4.689397406559879,FPgrowth_Gen_Borgelt,4.689397406559879
fresh8,oml_creditcard,0.0296648256538638,runtime,comparison,False,True,FPgrowth_Gen_Borgelt,4.689397406559879,FPgrowth_Gen_Borgelt,4.689397406559879
fresh8,oml_creditcard,0.0296648256538638,runtime,deployed,True,True,FPgrowth_Gen_Borgelt,4.689397406559879,FPgrowth_Gen_Borgelt,4.689397406559879
fresh8,oml_creditcard,0.0296648256538638,runtime,deployed,False,True,FPgrowth_Gen_Borgelt,4.689397406559879,FPgrowth_Gen_Borgelt,4.689397406559879
fresh8,oml_creditcard,0.0405388561376651,memory,comparison,True,True,Apriori_Gen_Borgelt,1.0,Apriori_Gen_Borgelt,1.0
fresh8,oml_creditcard,0.0405388561376651,memory,comparison,False,True,Gr_growth,2.7414532263383533,Gr_growth,2.7414532263383533
fresh8,oml_creditcard,0.0405388561376651,memory,deployed,True,True,Apriori_Gen_Borgelt,1.0,Apriori_Gen_Borgelt,1.0
fresh8,oml_creditcard,0.0405388561376651,memory,deployed,False,True,Gr_growth,2.7414532263383533,Gr_growth,2.7414532263383533
fresh8,oml_creditcard,0.0405388561376651,balanced,comparison,True,True,Eclat_Gen_Borgelt,1.0,Eclat_Gen_Borgelt,1.0
fresh8,oml_creditcard,0.0405388561376651,balanced,comparison,False,True,Gr_growth,1.5935633312091162,Gr_growth,1.5935633312091162
fresh8,oml_creditcard,0.0405388561376651,balanced,deployed,True,True,Eclat_Gen_Borgelt,1.0,Eclat_Gen_Borgelt,1.0
fresh8,oml_creditcard,0.0405388561376651,balanced,deployed,False,True,Gr_growth,1.5935633312091162,Gr_growth,1.5935633312091162
fresh8,oml_creditcard,0.0405388561376651,runtime,comparison,True,True,FPgrowth_Gen_Borgelt,2.5021923553522067,FPgrowth_Gen_Borgelt,2.5021923553522067
fresh8,oml_creditcard,0.0405388561376651,runtime,comparison,False,True,FPgrowth_Gen_Borgelt,2.5021923553522067,FPgrowth_Gen_Borgelt,2.5021923553522067
fresh8,oml_creditcard,0.0405388561376651,runtime,deployed,True,True,FPgrowth_Gen_Borgelt,2.5021923553522067,FPgrowth_Gen_Borgelt,2.5021923553522067
fresh8,oml_creditcard,0.0405388561376651,runtime,deployed,False,True,FPgrowth_Gen_Borgelt,2.5021923553522067,FPgrowth_Gen_Borgelt,2.5021923553522067
fresh8,oml_creditcard,0.0508967476220739,memory,comparison,True,True,Apriori_Gen_Borgelt,1.0,Apriori_Gen_Borgelt,1.0
fresh8,oml_creditcard,0.0508967476220739,memory,comparison,False,True,Gr_growth,2.606591943180557,Gr_growth,2.606591943180557
fresh8,oml_creditcard,0.0508967476220739,memory,deployed,True,True,Apriori_Gen_Borgelt,1.0,Apriori_Gen_Borgelt,1.0
fresh8,oml_creditcard,0.0508967476220739,memory,deployed,False,True,Gr_growth,2.606591943180557,Gr_growth,2.606591943180557
fresh8,oml_creditcard,0.0508967476220739,balanced,comparison,True,True,Eclat_Gen_Borgelt,1.2831559319171009,Eclat_Gen_Borgelt,1.2831559319171009
fresh8,oml_creditcard,0.0508967476220739,balanced,comparison,False,True,Gr_growth,2.381052047055327,Gr_growth,2.381052047055327
fresh8,oml_creditcard,0.0508967476220739,balanced,deployed,True,True,Eclat_Gen_Borgelt,1.2831559319171009,Eclat_Gen_Borgelt,1.2831559319171009
fresh8,oml_creditcard,0.0508967476220739,balanced,deployed,False,True,Gr_growth,2.381052047055327,Gr_growth,2.381052047055327
fresh8,oml_creditcard,0.0508967476220739,runtime,comparison,True,True,FPgrowth_Gen_Borgelt,2.177569225051106,FPgrowth_Gen_Borgelt,2.177569225051106
fresh8,oml_creditcard,0.0508967476220739,runtime,comparison,False,True,FPgrowth_Gen_Borgelt,2.177569225051106,FPgrowth_Gen_Borgelt,2.177569225051106
fresh8,oml_creditcard,0.0508967476220739,runtime,deployed,True,True,FPgrowth_Gen_Borgelt,2.177569225051106,FPgrowth_Gen_Borgelt,2.177569225051106
fresh8,oml_creditcard,0.0508967476220739,runtime,deployed,False,True,FPgrowth_Gen_Borgelt,2.177569225051106,FPgrowth_Gen_Borgelt,2.177569225051106
fresh8,oml_creditcard,0.1996711808347407,memory,comparison,True,True,Apriori_Gen_Borgelt,1.0,Apriori_Gen_Borgelt,1.0
fresh8,oml_creditcard,0.1996711808347407,memory,comparison,False,True,Gr_growth,2.5769359704994974,Gr_growth,2.5769359704994974
fresh8,oml_creditcard,0.1996711808347407,memory,deployed,True,True,Apriori_Gen_Borgelt,1.0,Apriori_Gen_Borgelt,1.0
fresh8,oml_creditcard,0.1996711808347407,memory,deployed,False,True,Gr_growth,2.5769359704994974,Gr_growth,2.5769359704994974
fresh8,oml_creditcard,0.1996711808347407,balanced,comparison,True,True,FPgrowth_Gen_Borgelt,3.4786168290658472,FPgrowth_Gen_Borgelt,3.4786168290658472
fresh8,oml_creditcard,0.1996711808347407,balanced,comparison,False,True,Gr_growth,2.761038282294549,Gr_growth,2.761038282294549
fresh8,oml_creditcard,0.1996711808347407,balanced,deployed,True,True,FPgrowth_Gen_Borgelt,3.4786168290658472,FPgrowth_Gen_Borgelt,3.4786168290658472
fresh8,oml_creditcard,0.1996711808347407,balanced,deployed,False,True,Gr_growth,2.761038282294549,Gr_growth,2.761038282294549
fresh8,oml_creditcard,0.1996711808347407,runtime,comparison,True,True,FPgrowth_Gen_Borgelt,3.945416106092639,FPgrowth_Gen_Borgelt,3.945416106092639
fresh8,oml_creditcard,0.1996711808347407,runtime,comparison,False,True,FPgrowth_Gen_Borgelt,3.945416106092639,FPgrowth_Gen_Borgelt,3.945416106092639
fresh8,oml_creditcard,0.1996711808347407,runtime,deployed,True,True,FPgrowth_Gen_Borgelt,3.945416106092639,FPgrowth_Gen_Borgelt,3.945416106092639
fresh8,oml_creditcard,0.1996711808347407,runtime,deployed,False,True,FPgrowth_Gen_Borgelt,3.945416106092639,FPgrowth_Gen_Borgelt,3.945416106092639
fresh8,oml_creditcard,0.1999626062561664,memory,comparison,True,True,Apriori_Gen_Borgelt,1.0,Apriori_Gen_Borgelt,1.0
fresh8,oml_creditcard,0.1999626062561664,memory,comparison,False,True,Gr_growth,2.5398230088495577,Gr_growth,2.5398230088495577
fresh8,oml_creditcard,0.1999626062561664,memory,deployed,True,True,Apriori_Gen_Borgelt,1.0,Apriori_Gen_Borgelt,1.0
fresh8,oml_creditcard,0.1999626062561664,memory,deployed,False,True,Gr_growth,2.5398230088495577,Gr_growth,2.5398230088495577
fresh8,oml_creditcard,0.1999626062561664,balanced,comparison,True,True,FPgrowth_Gen_Borgelt,2.9118260654069155,FPgrowth_Gen_Borgelt,2.9118260654069155
fresh8,oml_creditcard,0.1999626062561664,balanced,comparison,False,True,Gr_growth,2.724144257357859,Gr_growth,2.724144257357859
fresh8,oml_creditcard,0.1999626062561664,balanced,deployed,True,True,FPgrowth_Gen_Borgelt,2.9118260654069155,FPgrowth_Gen_Borgelt,2.9118260654069155
fresh8,oml_creditcard,0.1999626062561664,balanced,deployed,False,True,Gr_growth,2.724144257357859,Gr_growth,2.724144257357859
fresh8,oml_creditcard,0.1999626062561664,runtime,comparison,True,True,FPgrowth_Gen_Borgelt,2.79648385247468,FPgrowth_Gen_Borgelt,2.79648385247468
fresh8,oml_creditcard,0.1999626062561664,runtime,comparison,False,True,FPgrowth_Gen_Borgelt,2.79648385247468,FPgrowth_Gen_Borgelt,2.79648385247468
fresh8,oml_creditcard,0.1999626062561664,runtime,deployed,True,True,FPgrowth_Gen_Borgelt,2.79648385247468,FPgrowth_Gen_Borgelt,2.79648385247468
fresh8,oml_creditcard,0.1999626062561664,runtime,deployed,False,True,FPgrowth_Gen_Borgelt,2.79648385247468,FPgrowth_Gen_Borgelt,2.79648385247468
fresh8,oml_fars,0.1225809167260914,memory,comparison,True,True,Apriori_Gen_Borgelt,1.0,Apriori_Gen_Borgelt,1.0
fresh8,oml_fars,0.1225809167260914,memory,comparison,False,True,Apriori_Gen_Borgelt,1.0,Apriori_Gen_Borgelt,1.0
fresh8,oml_fars,0.1225809167260914,memory,deployed,True,True,Apriori_Gen_Borgelt,1.0,Apriori_Gen_Borgelt,1.0
fresh8,oml_fars,0.1225809167260914,memory,deployed,False,True,Apriori_Gen_Borgelt,1.0,Apriori_Gen_Borgelt,1.0
fresh8,oml_fars,0.1225809167260914,balanced,comparison,True,True,Gr_growth,1.0,Gr_growth,1.0
fresh8,oml_fars,0.1225809167260914,balanced,comparison,False,True,FPgrowth_Gen_Borgelt,1.1776945693525436,FPgrowth_Gen_Borgelt,1.1776945693525436
fresh8,oml_fars,0.1225809167260914,balanced,deployed,True,True,Gr_growth,1.0,Gr_growth,1.0
fresh8,oml_fars,0.1225809167260914,balanced,deployed,False,True,FPgrowth_Gen_Borgelt,1.1776945693525436,FPgrowth_Gen_Borgelt,1.1776945693525436
fresh8,oml_fars,0.1225809167260914,runtime,comparison,True,True,FPgrowth_Gen_Borgelt,1.0,FPgrowth_Gen_Borgelt,1.0
fresh8,oml_fars,0.1225809167260914,runtime,comparison,False,True,FPgrowth_Gen_Borgelt,1.0,FPgrowth_Gen_Borgelt,1.0
fresh8,oml_fars,0.1225809167260914,runtime,deployed,True,True,FPgrowth_Gen_Borgelt,1.0,FPgrowth_Gen_Borgelt,1.0
fresh8,oml_fars,0.1225809167260914,runtime,deployed,False,True,FPgrowth_Gen_Borgelt,1.0,FPgrowth_Gen_Borgelt,1.0
fresh8,oml_fars,0.660632576657951,memory,comparison,True,True,Gr_growth,1.0,Gr_growth,1.0
fresh8,oml_fars,0.660632576657951,memory,comparison,False,True,Apriori_Gen_Borgelt,1.2981818181818183,Apriori_Gen_Borgelt,1.2981818181818183
fresh8,oml_fars,0.660632576657951,memory,deployed,True,True,Gr_growth,1.0,Gr_growth,1.0
fresh8,oml_fars,0.660632576657951,memory,deployed,False,True,Apriori_Gen_Borgelt,1.2981818181818183,Apriori_Gen_Borgelt,1.2981818181818183
fresh8,oml_fars,0.660632576657951,balanced,comparison,True,True,FPgrowth_Gen_Borgelt,1.4708598068573946,FPgrowth_Gen_Borgelt,1.4708598068573946
fresh8,oml_fars,0.660632576657951,balanced,comparison,False,True,FPgrowth_Gen_Borgelt,1.4708598068573946,FPgrowth_Gen_Borgelt,1.4708598068573946
fresh8,oml_fars,0.660632576657951,balanced,deployed,True,True,FPgrowth_Gen_Borgelt,1.4708598068573946,FPgrowth_Gen_Borgelt,1.4708598068573946
fresh8,oml_fars,0.660632576657951,balanced,deployed,False,True,FPgrowth_Gen_Borgelt,1.4708598068573946,FPgrowth_Gen_Borgelt,1.4708598068573946
fresh8,oml_fars,0.660632576657951,runtime,comparison,True,True,FPgrowth_Gen_Borgelt,1.5714285714285716,FPgrowth_Gen_Borgelt,1.5714285714285716
fresh8,oml_fars,0.660632576657951,runtime,comparison,False,True,FPgrowth_Gen_Borgelt,1.5714285714285716,FPgrowth_Gen_Borgelt,1.5714285714285716
fresh8,oml_fars,0.660632576657951,runtime,deployed,True,True,FPgrowth_Gen_Borgelt,1.5714285714285716,FPgrowth_Gen_Borgelt,1.5714285714285716
fresh8,oml_fars,0.660632576657951,runtime,deployed,False,True,FPgrowth_Gen_Borgelt,1.5714285714285716,FPgrowth_Gen_Borgelt,1.5714285714285716
fresh8,oml_fars,0.980377446319626,memory,comparison,True,True,Gr_growth,1.0,Gr_growth,1.0
fresh8,oml_fars,0.980377446319626,memory,comparison,False,True,Apriori_Gen_Borgelt,1.311764705882353,Apriori_Gen_Borgelt,1.311764705882353
fresh8,oml_fars,0.980377446319626,memory,deployed,True,True,Gr_growth,1.0,Gr_growth,1.0
fresh8,oml_fars,0.980377446319626,memory,deployed,False,True,Apriori_Gen_Borgelt,1.311764705882353,Apriori_Gen_Borgelt,1.311764705882353
fresh8,oml_fars,0.980377446319626,balanced,comparison,True,True,FPgrowth_Gen_Borgelt,1.2065994998097658,FPgrowth_Gen_Borgelt,1.2065994998097658
fresh8,oml_fars,0.980377446319626,balanced,comparison,False,True,FPgrowth_Gen_Borgelt,1.2065994998097658,FPgrowth_Gen_Borgelt,1.2065994998097658
fresh8,oml_fars,0.980377446319626,balanced,deployed,True,True,FPgrowth_Gen_Borgelt,1.2065994998097658,FPgrowth_Gen_Borgelt,1.2065994998097658
fresh8,oml_fars,0.980377446319626,balanced,deployed,False,True,FPgrowth_Gen_Borgelt,1.2065994998097658,FPgrowth_Gen_Borgelt,1.2065994998097658
fresh8,oml_fars,0.980377446319626,runtime,comparison,True,True,FPgrowth_Gen_Borgelt,1.1,FPgrowth_Gen_Borgelt,1.1
fresh8,oml_fars,0.980377446319626,runtime,comparison,False,True,FPgrowth_Gen_Borgelt,1.1,FPgrowth_Gen_Borgelt,1.1
fresh8,oml_fars,0.980377446319626,runtime,deployed,True,True,FPgrowth_Gen_Borgelt,1.1,FPgrowth_Gen_Borgelt,1.1
fresh8,oml_fars,0.980377446319626,runtime,deployed,False,True,FPgrowth_Gen_Borgelt,1.1,FPgrowth_Gen_Borgelt,1.1
fresh8,oml_ldpa,0.0025824942375348,memory,comparison,True,True,Apriori_Gen_Borgelt,1.0,Apriori_Gen_Borgelt,1.0
fresh8,oml_ldpa,0.0025824942375348,memory,comparison,False,True,Apriori_Gen_Borgelt,1.0,Apriori_Gen_Borgelt,1.0
fresh8,oml_ldpa,0.0025824942375348,memory,deployed,True,True,Apriori_Gen_Borgelt,1.0,Apriori_Gen_Borgelt,1.0
fresh8,oml_ldpa,0.0025824942375348,memory,deployed,False,True,Apriori_Gen_Borgelt,1.0,Apriori_Gen_Borgelt,1.0
fresh8,oml_ldpa,0.0025824942375348,balanced,comparison,True,True,Gr_growth,1.0,Gr_growth,1.0
fresh8,oml_ldpa,0.0025824942375348,balanced,comparison,False,True,Gr_growth,1.0,Gr_growth,1.0
fresh8,oml_ldpa,0.0025824942375348,balanced,deployed,True,True,Gr_growth,1.0,Gr_growth,1.0
fresh8,oml_ldpa,0.0025824942375348,balanced,deployed,False,True,Gr_growth,1.0,Gr_growth,1.0
fresh8,oml_ldpa,0.0025824942375348,runtime,comparison,True,True,Gr_growth,1.0,Gr_growth,1.0
fresh8,oml_ldpa,0.0025824942375348,runtime,comparison,False,True,Gr_growth,1.0,Gr_growth,1.0
fresh8,oml_ldpa,0.0025824942375348,runtime,deployed,True,True,Gr_growth,1.0,Gr_growth,1.0
fresh8,oml_ldpa,0.0025824942375348,runtime,deployed,False,True,Gr_growth,1.0,Gr_growth,1.0
fresh8,oml_ldpa,0.0561794856241659,memory,comparison,True,True,Apriori_Gen_Borgelt,1.0550139275766017,Apriori_Gen_Borgelt,1.0550139275766017
fresh8,oml_ldpa,0.0561794856241659,memory,comparison,False,True,Gr_growth,1.0,Gr_growth,1.0
fresh8,oml_ldpa,0.0561794856241659,memory,deployed,True,True,Apriori_Gen_Borgelt,1.0550139275766017,Apriori_Gen_Borgelt,1.0550139275766017
fresh8,oml_ldpa,0.0561794856241659,memory,deployed,False,True,Gr_growth,1.0,Gr_growth,1.0
fresh8,oml_ldpa,0.0561794856241659,balanced,comparison,True,True,Gr_growth,1.0,Gr_growth,1.0
fresh8,oml_ldpa,0.0561794856241659,balanced,comparison,False,True,Gr_growth,1.0,Gr_growth,1.0
fresh8,oml_ldpa,0.0561794856241659,balanced,deployed,True,True,Gr_growth,1.0,Gr_growth,1.0
fresh8,oml_ldpa,0.0561794856241659,balanced,deployed,False,True,Gr_growth,1.0,Gr_growth,1.0
fresh8,oml_ldpa,0.0561794856241659,runtime,comparison,True,True,Gr_growth,1.0,Gr_growth,1.0
fresh8,oml_ldpa,0.0561794856241659,runtime,comparison,False,True,Gr_growth,1.0,Gr_growth,1.0
fresh8,oml_ldpa,0.0561794856241659,runtime,deployed,True,True,Gr_growth,1.0,Gr_growth,1.0
fresh8,oml_ldpa,0.0561794856241659,runtime,deployed,False,True,Gr_growth,1.0,Gr_growth,1.0
fresh8,oml_ldpa,0.1582782360790974,memory,comparison,True,True,Apriori_Gen_Borgelt,1.0638297872340425,Apriori_Gen_Borgelt,1.0638297872340425
fresh8,oml_ldpa,0.1582782360790974,memory,comparison,False,True,Gr_growth,1.0,Gr_growth,1.0
fresh8,oml_ldpa,0.1582782360790974,memory,deployed,True,True,Apriori_Gen_Borgelt,1.0638297872340425,Apriori_Gen_Borgelt,1.0638297872340425
fresh8,oml_ldpa,0.1582782360790974,memory,deployed,False,True,Gr_growth,1.0,Gr_growth,1.0
fresh8,oml_ldpa,0.1582782360790974,balanced,comparison,True,True,Gr_growth,1.0,Gr_growth,1.0
fresh8,oml_ldpa,0.1582782360790974,balanced,comparison,False,True,Gr_growth,1.0,Gr_growth,1.0
fresh8,oml_ldpa,0.1582782360790974,balanced,deployed,True,True,Gr_growth,1.0,Gr_growth,1.0
fresh8,oml_ldpa,0.1582782360790974,balanced,deployed,False,True,Gr_growth,1.0,Gr_growth,1.0
fresh8,oml_ldpa,0.1582782360790974,runtime,comparison,True,True,Gr_growth,1.0,Gr_growth,1.0
fresh8,oml_ldpa,0.1582782360790974,runtime,comparison,False,True,Gr_growth,1.0,Gr_growth,1.0
fresh8,oml_ldpa,0.1582782360790974,runtime,deployed,True,True,Gr_growth,1.0,Gr_growth,1.0
fresh8,oml_ldpa,0.1582782360790974,runtime,deployed,False,True,Gr_growth,1.0,Gr_growth,1.0
fresh8,oml_sensordataresource,0.0081725983807635,memory,comparison,True,True,Gr_growth,1.0,Gr_growth,1.0
fresh8,oml_sensordataresource,0.0081725983807635,memory,comparison,False,True,Apriori_Gen_Borgelt,1.358363163032867,Apriori_Gen_Borgelt,1.358363163032867
fresh8,oml_sensordataresource,0.0081725983807635,memory,deployed,True,True,Gr_growth,1.0,Gr_growth,1.0
fresh8,oml_sensordataresource,0.0081725983807635,memory,deployed,False,True,Apriori_Gen_Borgelt,1.358363163032867,Apriori_Gen_Borgelt,1.358363163032867
fresh8,oml_sensordataresource,0.0081725983807635,balanced,comparison,True,True,Gr_growth,1.0,Gr_growth,1.0
fresh8,oml_sensordataresource,0.0081725983807635,balanced,comparison,False,True,FPgrowth_Gen_Borgelt,1.419048552168656,FPgrowth_Gen_Borgelt,1.419048552168656
fresh8,oml_sensordataresource,0.0081725983807635,balanced,deployed,True,True,Gr_growth,1.0,Gr_growth,1.0
fresh8,oml_sensordataresource,0.0081725983807635,balanced,deployed,False,True,FPgrowth_Gen_Borgelt,1.419048552168656,FPgrowth_Gen_Borgelt,1.419048552168656
fresh8,oml_sensordataresource,0.0081725983807635,runtime,comparison,True,True,FPgrowth_Gen_Borgelt,1.0,FPgrowth_Gen_Borgelt,1.0
fresh8,oml_sensordataresource,0.0081725983807635,runtime,comparison,False,True,FPgrowth_Gen_Borgelt,1.0,FPgrowth_Gen_Borgelt,1.0
fresh8,oml_sensordataresource,0.0081725983807635,runtime,deployed,True,True,FPgrowth_Gen_Borgelt,1.0,FPgrowth_Gen_Borgelt,1.0
fresh8,oml_sensordataresource,0.0081725983807635,runtime,deployed,False,True,FPgrowth_Gen_Borgelt,1.0,FPgrowth_Gen_Borgelt,1.0
fresh8,oml_sensordataresource,0.0107825003330955,memory,comparison,True,True,Apriori_Gen_Borgelt,1.2205087798289058,Apriori_Gen_Borgelt,1.2205087798289058
fresh8,oml_sensordataresource,0.0107825003330955,memory,comparison,False,True,Apriori_Gen_Borgelt,1.2205087798289058,Apriori_Gen_Borgelt,1.2205087798289058
fresh8,oml_sensordataresource,0.0107825003330955,memory,deployed,True,True,Apriori_Gen_Borgelt,1.2205087798289058,Apriori_Gen_Borgelt,1.2205087798289058
fresh8,oml_sensordataresource,0.0107825003330955,memory,deployed,False,True,Apriori_Gen_Borgelt,1.2205087798289058,Apriori_Gen_Borgelt,1.2205087798289058
fresh8,oml_sensordataresource,0.0107825003330955,balanced,comparison,True,True,Gr_growth,1.0,Gr_growth,1.0
fresh8,oml_sensordataresource,0.0107825003330955,balanced,comparison,False,True,FPgrowth_Gen_Borgelt,1.36009555829878,FPgrowth_Gen_Borgelt,1.36009555829878
fresh8,oml_sensordataresource,0.0107825003330955,balanced,deployed,True,True,Gr_growth,1.0,Gr_growth,1.0
fresh8,oml_sensordataresource,0.0107825003330955,balanced,deployed,False,True,FPgrowth_Gen_Borgelt,1.36009555829878,FPgrowth_Gen_Borgelt,1.36009555829878
fresh8,oml_sensordataresource,0.0107825003330955,runtime,comparison,True,True,FPgrowth_Gen_Borgelt,1.0,FPgrowth_Gen_Borgelt,1.0
fresh8,oml_sensordataresource,0.0107825003330955,runtime,comparison,False,True,FPgrowth_Gen_Borgelt,1.0,FPgrowth_Gen_Borgelt,1.0
fresh8,oml_sensordataresource,0.0107825003330955,runtime,deployed,True,True,FPgrowth_Gen_Borgelt,1.0,FPgrowth_Gen_Borgelt,1.0
fresh8,oml_sensordataresource,0.0107825003330955,runtime,deployed,False,True,FPgrowth_Gen_Borgelt,1.0,FPgrowth_Gen_Borgelt,1.0
fresh8,oml_sensordataresource,0.0869477470981495,memory,comparison,True,True,Gr_growth,1.0,Gr_growth,1.0
fresh8,oml_sensordataresource,0.0869477470981495,memory,comparison,False,True,Apriori_Gen_Borgelt,1.4668636555508652,Apriori_Gen_Borgelt,1.4668636555508652
fresh8,oml_sensordataresource,0.0869477470981495,memory,deployed,True,True,Gr_growth,1.0,Gr_growth,1.0
fresh8,oml_sensordataresource,0.0869477470981495,memory,deployed,False,True,Apriori_Gen_Borgelt,1.4668636555508652,Apriori_Gen_Borgelt,1.4668636555508652
fresh8,oml_sensordataresource,0.0869477470981495,balanced,comparison,True,True,FPgrowth_Gen_Borgelt,1.56398363735806,FPgrowth_Gen_Borgelt,1.56398363735806
fresh8,oml_sensordataresource,0.0869477470981495,balanced,comparison,False,True,FPgrowth_Gen_Borgelt,1.56398363735806,FPgrowth_Gen_Borgelt,1.56398363735806
fresh8,oml_sensordataresource,0.0869477470981495,balanced,deployed,True,True,FPgrowth_Gen_Borgelt,1.56398363735806,FPgrowth_Gen_Borgelt,1.56398363735806
fresh8,oml_sensordataresource,0.0869477470981495,balanced,deployed,False,True,FPgrowth_Gen_Borgelt,1.56398363735806,FPgrowth_Gen_Borgelt,1.56398363735806
fresh8,oml_sensordataresource,0.0869477470981495,runtime,comparison,True,True,FPgrowth_Gen_Borgelt,1.105643994211288,FPgrowth_Gen_Borgelt,1.105643994211288
fresh8,oml_sensordataresource,0.0869477470981495,runtime,comparison,False,True,FPgrowth_Gen_Borgelt,1.105643994211288,FPgrowth_Gen_Borgelt,1.105643994211288
fresh8,oml_sensordataresource,0.0869477470981495,runtime,deployed,True,True,FPgrowth_Gen_Borgelt,1.105643994211288,FPgrowth_Gen_Borgelt,1.105643994211288
fresh8,oml_sensordataresource,0.0869477470981495,runtime,deployed,False,True,FPgrowth_Gen_Borgelt,1.105643994211288,FPgrowth_Gen_Borgelt,1.105643994211288
fresh8,oml_sensordataresource,0.1999964731054698,memory,comparison,True,True,Gr_growth,1.0,Gr_growth,1.0
fresh8,oml_sensordataresource,0.1999964731054698,memory,comparison,False,True,Apriori_Gen_Borgelt,1.648764258555133,Apriori_Gen_Borgelt,1.648764258555133
fresh8,oml_sensordataresource,0.1999964731054698,memory,deployed,True,True,Gr_growth,1.0,Gr_growth,1.0
fresh8,oml_sensordataresource,0.1999964731054698,memory,deployed,False,True,Apriori_Gen_Borgelt,1.648764258555133,Apriori_Gen_Borgelt,1.648764258555133
fresh8,oml_sensordataresource,0.1999964731054698,balanced,comparison,True,True,FPgrowth_Gen_Borgelt,1.5637623676784655,FPgrowth_Gen_Borgelt,1.5637623676784655
fresh8,oml_sensordataresource,0.1999964731054698,balanced,comparison,False,True,FPgrowth_Gen_Borgelt,1.5637623676784655,FPgrowth_Gen_Borgelt,1.5637623676784655
fresh8,oml_sensordataresource,0.1999964731054698,balanced,deployed,True,True,FPgrowth_Gen_Borgelt,1.5637623676784655,FPgrowth_Gen_Borgelt,1.5637623676784655
fresh8,oml_sensordataresource,0.1999964731054698,balanced,deployed,False,True,FPgrowth_Gen_Borgelt,1.5637623676784655,FPgrowth_Gen_Borgelt,1.5637623676784655
fresh8,oml_sensordataresource,0.1999964731054698,runtime,comparison,True,True,FPgrowth_Gen_Borgelt,1.1808634772462077,FPgrowth_Gen_Borgelt,1.1808634772462077
fresh8,oml_sensordataresource,0.1999964731054698,runtime,comparison,False,True,FPgrowth_Gen_Borgelt,1.1808634772462077,FPgrowth_Gen_Borgelt,1.1808634772462077
fresh8,oml_sensordataresource,0.1999964731054698,runtime,deployed,True,True,FPgrowth_Gen_Borgelt,1.1808634772462077,FPgrowth_Gen_Borgelt,1.1808634772462077
fresh8,oml_sensordataresource,0.1999964731054698,runtime,deployed,False,True,FPgrowth_Gen_Borgelt,1.1808634772462077,FPgrowth_Gen_Borgelt,1.1808634772462077
fresh8,oml_sensordataresource,0.5470037071580284,memory,comparison,True,True,Gr_growth,1.0,Gr_growth,1.0
fresh8,oml_sensordataresource,0.5470037071580284,memory,comparison,False,True,Apriori_Gen_Borgelt,2.394217207334274,Apriori_Gen_Borgelt,2.394217207334274
fresh8,oml_sensordataresource,0.5470037071580284,memory,deployed,True,True,Gr_growth,1.0,Gr_growth,1.0
fresh8,oml_sensordataresource,0.5470037071580284,memory,deployed,False,True,Apriori_Gen_Borgelt,2.394217207334274,Apriori_Gen_Borgelt,2.394217207334274
fresh8,oml_sensordataresource,0.5470037071580284,balanced,comparison,True,True,Gr_growth,1.0,Gr_growth,1.0
fresh8,oml_sensordataresource,0.5470037071580284,balanced,comparison,False,True,FPgrowth_Gen_Borgelt,1.4284060442819444,FPgrowth_Gen_Borgelt,1.4284060442819444
fresh8,oml_sensordataresource,0.5470037071580284,balanced,deployed,True,True,Gr_growth,1.0,Gr_growth,1.0
fresh8,oml_sensordataresource,0.5470037071580284,balanced,deployed,False,True,FPgrowth_Gen_Borgelt,1.4284060442819444,FPgrowth_Gen_Borgelt,1.4284060442819444
fresh8,oml_sensordataresource,0.5470037071580284,runtime,comparison,True,True,FPgrowth_Gen_Borgelt,1.0,FPgrowth_Gen_Borgelt,1.0
fresh8,oml_sensordataresource,0.5470037071580284,runtime,comparison,False,True,FPgrowth_Gen_Borgelt,1.0,FPgrowth_Gen_Borgelt,1.0
fresh8,oml_sensordataresource,0.5470037071580284,runtime,deployed,True,True,FPgrowth_Gen_Borgelt,1.0,FPgrowth_Gen_Borgelt,1.0
fresh8,oml_sensordataresource,0.5470037071580284,runtime,deployed,False,True,FPgrowth_Gen_Borgelt,1.0,FPgrowth_Gen_Borgelt,1.0
fresh8,oml_spoken_arabic_digit,0.0197934709940134,memory,comparison,True,True,Apriori_Gen_Borgelt,1.0,Apriori_Gen_Borgelt,1.0
fresh8,oml_spoken_arabic_digit,0.0197934709940134,memory,comparison,False,True,Gr_growth,1.933070125963527,Gr_growth,1.933070125963527
fresh8,oml_spoken_arabic_digit,0.0197934709940134,memory,deployed,True,True,Apriori_Gen_Borgelt,1.0,Apriori_Gen_Borgelt,1.0
fresh8,oml_spoken_arabic_digit,0.0197934709940134,memory,deployed,False,True,Gr_growth,1.933070125963527,Gr_growth,1.933070125963527
fresh8,oml_spoken_arabic_digit,0.0197934709940134,balanced,comparison,True,True,Gr_growth,1.62829602946463,Gr_growth,1.62829602946463
fresh8,oml_spoken_arabic_digit,0.0197934709940134,balanced,comparison,False,True,Gr_growth,1.62829602946463,Gr_growth,1.62829602946463
fresh8,oml_spoken_arabic_digit,0.0197934709940134,balanced,deployed,True,True,Gr_growth,1.62829602946463,Gr_growth,1.62829602946463
fresh8,oml_spoken_arabic_digit,0.0197934709940134,balanced,deployed,False,True,Gr_growth,1.62829602946463,Gr_growth,1.62829602946463
fresh8,oml_spoken_arabic_digit,0.0197934709940134,runtime,comparison,True,True,Gr_growth,1.3715736040609137,Gr_growth,1.3715736040609137
fresh8,oml_spoken_arabic_digit,0.0197934709940134,runtime,comparison,False,True,Gr_growth,1.3715736040609137,Gr_growth,1.3715736040609137
fresh8,oml_spoken_arabic_digit,0.0197934709940134,runtime,deployed,True,True,Gr_growth,1.3715736040609137,Gr_growth,1.3715736040609137
fresh8,oml_spoken_arabic_digit,0.0197934709940134,runtime,deployed,False,True,Gr_growth,1.3715736040609137,Gr_growth,1.3715736040609137
fresh8,oml_spoken_arabic_digit,0.041441600571307,memory,comparison,True,True,Apriori_Gen_Borgelt,1.0,Apriori_Gen_Borgelt,1.0
fresh8,oml_spoken_arabic_digit,0.041441600571307,memory,comparison,False,True,Gr_growth,1.7696831720736104,Gr_growth,1.7696831720736104
fresh8,oml_spoken_arabic_digit,0.041441600571307,memory,deployed,True,True,Apriori_Gen_Borgelt,1.0,Apriori_Gen_Borgelt,1.0
fresh8,oml_spoken_arabic_digit,0.041441600571307,memory,deployed,False,True,Gr_growth,1.7696831720736104,Gr_growth,1.7696831720736104
fresh8,oml_spoken_arabic_digit,0.041441600571307,balanced,comparison,True,True,Gr_growth,1.3312848096203735,Gr_growth,1.3312848096203735
fresh8,oml_spoken_arabic_digit,0.041441600571307,balanced,comparison,False,True,Gr_growth,1.3312848096203735,Gr_growth,1.3312848096203735
fresh8,oml_spoken_arabic_digit,0.041441600571307,balanced,deployed,True,True,Gr_growth,1.3312848096203735,Gr_growth,1.3312848096203735
fresh8,oml_spoken_arabic_digit,0.041441600571307,balanced,deployed,False,True,Gr_growth,1.3312848096203735,Gr_growth,1.3312848096203735
fresh8,oml_spoken_arabic_digit,0.041441600571307,runtime,comparison,True,True,Gr_growth,1.417677033913196,Gr_growth,1.417677033913196
fresh8,oml_spoken_arabic_digit,0.041441600571307,runtime,comparison,False,True,Gr_growth,1.417677033913196,Gr_growth,1.417677033913196
fresh8,oml_spoken_arabic_digit,0.041441600571307,runtime,deployed,True,True,Gr_growth,1.417677033913196,Gr_growth,1.417677033913196
fresh8,oml_spoken_arabic_digit,0.041441600571307,runtime,deployed,False,True,Gr_growth,1.417677033913196,Gr_growth,1.417677033913196
fresh8,oml_spoken_arabic_digit,0.0976454477770687,memory,comparison,True,True,Apriori_Gen_Borgelt,1.0,Apriori_Gen_Borgelt,1.0
fresh8,oml_spoken_arabic_digit,0.0976454477770687,memory,comparison,False,True,Gr_growth,1.6961083555894696,Gr_growth,1.6961083555894696
fresh8,oml_spoken_arabic_digit,0.0976454477770687,memory,deployed,True,True,Apriori_Gen_Borgelt,1.0,Apriori_Gen_Borgelt,1.0
fresh8,oml_spoken_arabic_digit,0.0976454477770687,memory,deployed,False,True,Gr_growth,1.6961083555894696,Gr_growth,1.6961083555894696
fresh8,oml_spoken_arabic_digit,0.0976454477770687,balanced,comparison,True,True,Gr_growth,1.7209048138260523,Gr_growth,1.7209048138260523
fresh8,oml_spoken_arabic_digit,0.0976454477770687,balanced,comparison,False,True,Gr_growth,1.7209048138260523,Gr_growth,1.7209048138260523
fresh8,oml_spoken_arabic_digit,0.0976454477770687,balanced,deployed,True,True,Gr_growth,1.7209048138260523,Gr_growth,1.7209048138260523
fresh8,oml_spoken_arabic_digit,0.0976454477770687,balanced,deployed,False,True,Gr_growth,1.7209048138260523,Gr_growth,1.7209048138260523
fresh8,oml_spoken_arabic_digit,0.0976454477770687,runtime,comparison,True,True,Gr_growth,1.746063786838918,Gr_growth,1.746063786838918
fresh8,oml_spoken_arabic_digit,0.0976454477770687,runtime,comparison,False,True,Gr_growth,1.746063786838918,Gr_growth,1.746063786838918
fresh8,oml_spoken_arabic_digit,0.0976454477770687,runtime,deployed,True,True,Gr_growth,1.746063786838918,Gr_growth,1.746063786838918
fresh8,oml_spoken_arabic_digit,0.0976454477770687,runtime,deployed,False,True,Gr_growth,1.746063786838918,Gr_growth,1.746063786838918
fresh8,oml_spoken_arabic_digit,0.1084638146898836,memory,comparison,True,True,Apriori_Gen_Borgelt,1.0,Apriori_Gen_Borgelt,1.0
fresh8,oml_spoken_arabic_digit,0.1084638146898836,memory,comparison,False,True,Gr_growth,1.6153217568947904,Gr_growth,1.6153217568947904
fresh8,oml_spoken_arabic_digit,0.1084638146898836,memory,deployed,True,True,Apriori_Gen_Borgelt,1.0,Apriori_Gen_Borgelt,1.0
fresh8,oml_spoken_arabic_digit,0.1084638146898836,memory,deployed,False,True,Gr_growth,1.6153217568947904,Gr_growth,1.6153217568947904
fresh8,oml_spoken_arabic_digit,0.1084638146898836,balanced,comparison,True,True,Gr_growth,1.5311562517739277,Gr_growth,1.5311562517739277
fresh8,oml_spoken_arabic_digit,0.1084638146898836,balanced,comparison,False,True,Gr_growth,1.5311562517739277,Gr_growth,1.5311562517739277
fresh8,oml_spoken_arabic_digit,0.1084638146898836,balanced,deployed,True,True,Gr_growth,1.5311562517739277,Gr_growth,1.5311562517739277
fresh8,oml_spoken_arabic_digit,0.1084638146898836,balanced,deployed,False,True,Gr_growth,1.5311562517739277,Gr_growth,1.5311562517739277
fresh8,oml_spoken_arabic_digit,0.1084638146898836,runtime,comparison,True,True,Gr_growth,1.451376146788991,Gr_growth,1.451376146788991
fresh8,oml_spoken_arabic_digit,0.1084638146898836,runtime,comparison,False,True,Gr_growth,1.451376146788991,Gr_growth,1.451376146788991
fresh8,oml_spoken_arabic_digit,0.1084638146898836,runtime,deployed,True,True,Gr_growth,1.451376146788991,Gr_growth,1.451376146788991
fresh8,oml_spoken_arabic_digit,0.1084638146898836,runtime,deployed,False,True,Gr_growth,1.451376146788991,Gr_growth,1.451376146788991
fresh8,oml_walking_activity,0.0267976723006455,memory,comparison,True,True,Apriori_Gen_Borgelt,1.0,Apriori_Gen_Borgelt,1.0
fresh8,oml_walking_activity,0.0267976723006455,memory,comparison,False,True,Gr_growth,1.185504745470233,Gr_growth,1.185504745470233
fresh8,oml_walking_activity,0.0267976723006455,memory,deployed,True,True,Apriori_Gen_Borgelt,1.0,Apriori_Gen_Borgelt,1.0
fresh8,oml_walking_activity,0.0267976723006455,memory,deployed,False,True,Gr_growth,1.185504745470233,Gr_growth,1.185504745470233
fresh8,oml_walking_activity,0.0267976723006455,balanced,comparison,True,True,Gr_growth,1.016379973669292,Gr_growth,1.016379973669292
fresh8,oml_walking_activity,0.0267976723006455,balanced,comparison,False,True,Gr_growth,1.016379973669292,Gr_growth,1.016379973669292
fresh8,oml_walking_activity,0.0267976723006455,balanced,deployed,True,True,Gr_growth,1.016379973669292,Gr_growth,1.016379973669292
fresh8,oml_walking_activity,0.0267976723006455,balanced,deployed,False,True,Gr_growth,1.016379973669292,Gr_growth,1.016379973669292
fresh8,oml_walking_activity,0.0267976723006455,runtime,comparison,True,True,Gr_growth,1.0,Gr_growth,1.0
fresh8,oml_walking_activity,0.0267976723006455,runtime,comparison,False,True,Gr_growth,1.0,Gr_growth,1.0
fresh8,oml_walking_activity,0.0267976723006455,runtime,deployed,True,True,Gr_growth,1.0,Gr_growth,1.0
fresh8,oml_walking_activity,0.0267976723006455,runtime,deployed,False,True,Gr_growth,1.0,Gr_growth,1.0
fresh8,oml_walking_activity,0.042387097206225,memory,comparison,True,True,Apriori_Gen_Borgelt,1.0,Apriori_Gen_Borgelt,1.0
fresh8,oml_walking_activity,0.042387097206225,memory,comparison,False,True,Gr_growth,1.1730605285592497,Gr_growth,1.1730605285592497
fresh8,oml_walking_activity,0.042387097206225,memory,deployed,True,True,Apriori_Gen_Borgelt,1.0,Apriori_Gen_Borgelt,1.0
fresh8,oml_walking_activity,0.042387097206225,memory,deployed,False,True,Gr_growth,1.1730605285592497,Gr_growth,1.1730605285592497
fresh8,oml_walking_activity,0.042387097206225,balanced,comparison,True,True,Gr_growth,1.0950273356184002,Gr_growth,1.0950273356184002
fresh8,oml_walking_activity,0.042387097206225,balanced,comparison,False,True,Gr_growth,1.0950273356184002,Gr_growth,1.0950273356184002
fresh8,oml_walking_activity,0.042387097206225,balanced,deployed,True,True,Gr_growth,1.0950273356184002,Gr_growth,1.0950273356184002
fresh8,oml_walking_activity,0.042387097206225,balanced,deployed,False,True,Gr_growth,1.0950273356184002,Gr_growth,1.0950273356184002
fresh8,oml_walking_activity,0.042387097206225,runtime,comparison,True,True,Gr_growth,1.0352564102564104,Gr_growth,1.0352564102564104
fresh8,oml_walking_activity,0.042387097206225,runtime,comparison,False,True,Gr_growth,1.0352564102564104,Gr_growth,1.0352564102564104
fresh8,oml_walking_activity,0.042387097206225,runtime,deployed,True,True,Gr_growth,1.0352564102564104,Gr_growth,1.0352564102564104
fresh8,oml_walking_activity,0.042387097206225,runtime,deployed,False,True,Gr_growth,1.0352564102564104,Gr_growth,1.0352564102564104
fresh8,oml_walking_activity,0.0656573942624487,memory,comparison,True,True,Apriori_Gen_Borgelt,1.0077120822622108,Apriori_Gen_Borgelt,1.0077120822622108
fresh8,oml_walking_activity,0.0656573942624487,memory,comparison,False,True,Gr_growth,1.1782347900599828,Gr_growth,1.1782347900599828
fresh8,oml_walking_activity,0.0656573942624487,memory,deployed,True,True,Apriori_Gen_Borgelt,1.0077120822622108,Apriori_Gen_Borgelt,1.0077120822622108
fresh8,oml_walking_activity,0.0656573942624487,memory,deployed,False,True,Gr_growth,1.1782347900599828,Gr_growth,1.1782347900599828
fresh8,oml_walking_activity,0.0656573942624487,balanced,comparison,True,True,Gr_growth,1.01635025223808,Gr_growth,1.01635025223808
fresh8,oml_walking_activity,0.0656573942624487,balanced,comparison,False,True,Gr_growth,1.01635025223808,Gr_growth,1.01635025223808
fresh8,oml_walking_activity,0.0656573942624487,balanced,deployed,True,True,Gr_growth,1.01635025223808,Gr_growth,1.01635025223808
fresh8,oml_walking_activity,0.0656573942624487,balanced,deployed,False,True,Gr_growth,1.01635025223808,Gr_growth,1.01635025223808
fresh8,oml_walking_activity,0.0656573942624487,runtime,comparison,True,True,Gr_growth,1.0,Gr_growth,1.0
fresh8,oml_walking_activity,0.0656573942624487,runtime,comparison,False,True,Gr_growth,1.0,Gr_growth,1.0
fresh8,oml_walking_activity,0.0656573942624487,runtime,deployed,True,True,Gr_growth,1.0,Gr_growth,1.0
fresh8,oml_walking_activity,0.0656573942624487,runtime,deployed,False,True,Gr_growth,1.0,Gr_growth,1.0
