source,algorithm,category,dataset,param_name,param_value,runtime_s_recorded,peak_memory_mb_recorded,generator_count_recorded,runtime_s,peak_memory_mb,generator_count,count_matches,runtime_reps,memory_reps,failed_reps,peak_source,machine,timestamp
summary,DefMe,1,connect,minsup,0.3,28.3895,650.07,460357.0,12.4079,1168.03,460357,False,12.4020 12.4079 12.4619,946.60 1168.03 1194.31,0,vmhwm,Linux x86_64,20260924_110150
summary,DefMe,1,connect,minsup,0.5,5.869,822.21,130102.0,3.4386,1137.27,130102,False,3.4386 3.4789 3.4209,1161.72 1137.27 1087.45,0,vmhwm,Linux x86_64,20260924_110200
summary,DefMe,1,connect,minsup,0.7,1.9909,855.21,35876.0,1.2143,926.57,35876,False,1.2143 1.1976 1.2854,961.26 871.12 926.57,0,vmhwm,Linux x86_64,20260924_110204
summary,DefMe,1,chess,minsup,0.3,10.5525,591.71,5601829.0,6.4614,758.67,5601829,False,6.3896 6.4614 6.5621,758.67 724.79 759.52,0,vmhwm,Linux x86_64,20260924_110225
summary,DefMe,1,chess,minsup,0.5,1.0789,435.59,372604.0,0.6254,469.82,372604,False,0.6302 0.6219 0.6254,473.13 468.79 469.82,0,vmhwm,Linux x86_64,20260924_110227
summary,DefMe,1,chess,minsup,0.7,0.5497,144.24,23893.0,0.2326,158.02,23893,False,0.2351 0.2326 0.2273,158.02 159.86 156.70,0,vmhwm,Linux x86_64,20260924_110227
summary,DefMe,1,t10i4d100k,minsup,0.2,0.5825,136.53,1.0,0.2793,150.65,1,False,0.2920 0.2793 0.2769,150.65 150.04 152.29,0,vmhwm,Linux x86_64,20260924_110228
summary,DefMe,1,t10i4d100k,minsup,0.3,0.5892,126.77,1.0,0.2721,150.3,1,False,0.2674 0.2756 0.2721,150.20 150.30 152.10,0,vmhwm,Linux x86_64,20260924_110229
summary,DefMe,1,t10i4d100k,minsup,0.5,0.5611,153.18,1.0,0.2807,150.09,1,False,0.2807 0.2740 0.2824,150.09 147.91 151.22,0,vmhwm,Linux x86_64,20260924_110230
summary,DefMe,1,t10i4d100k,minsup,0.7,0.5755,137.23,1.0,0.2792,149.34,1,False,0.2835 0.2733 0.2792,147.51 149.34 149.90,0,vmhwm,Linux x86_64,20260924_110231
summary,DefMe,1,retail,minsup,0.2,0.7543,402.91,4.0,0.378,480.78,4,False,0.3753 0.3780 0.3863,480.78 487.39 478.99,0,vmhwm,Linux x86_64,20260924_110232
summary,DefMe,1,retail,minsup,0.3,0.7497,403.25,4.0,0.3836,481.32,4,False,0.3836 0.3850 0.3767,481.32 478.92 484.19,0,vmhwm,Linux x86_64,20260924_110233
summary,DefMe,1,retail,minsup,0.5,0.7288,374.52,2.0,0.3782,481.75,2,False,0.3711 0.3782 0.3822,483.64 481.18 481.75,0,vmhwm,Linux x86_64,20260924_110234
summary,DefMe,1,retail,minsup,0.7,0.7279,402.09,1.0,0.3754,484.17,1,False,0.3716 0.3754 0.3838,493.88 484.17 482.60,0,vmhwm,Linux x86_64,20260924_110235
summary,Talky_G,1,connect,minsup,0.3,5.5839,716.71,460357.0,2.9281,652.76,460357,False,2.9281 2.8926 2.9295,827.64 652.76 641.68,0,vmhwm,Linux x86_64,20260924_110244
summary,Talky_G,1,connect,minsup,0.5,1.6981,485.17,130102.0,0.877,508.84,130102,False,0.8781 0.8770 0.8632,511.24 505.31 508.84,0,vmhwm,Linux x86_64,20260924_110247
summary,Talky_G,1,connect,minsup,0.7,1.1294,335.24,35876.0,0.5948,342.76,35876,False,0.6007 0.5948 0.5800,337.04 342.76 343.75,0,vmhwm,Linux x86_64,20260924_110248
summary,Talky_G,1,chess,minsup,0.5,3.5227,255.5,372604.0,3.0274,378.37,372604,False,3.0143 3.0559 3.0274,378.37 374.83 379.33,0,vmhwm,Linux x86_64,20260924_110258
summary,Talky_G,1,chess,minsup,0.7,0.4743,103.57,23893.0,0.2556,115.79,23893,False,0.2583 0.2471 0.2556,115.79 113.18 117.81,0,vmhwm,Linux x86_64,20260924_110258
summary,Talky_G,1,t10i4d100k,minsup,0.2,0.5827,155.03,1.0,0.3068,144.77,1,False,0.3068 0.3206 0.3057,144.77 144.55 150.39,0,vmhwm,Linux x86_64,20260924_110259
summary,Talky_G,1,t10i4d100k,minsup,0.3,0.5772,154.9,1.0,0.3159,143.71,1,False,0.3131 0.3254 0.3159,143.71 143.14 144.96,0,vmhwm,Linux x86_64,20260924_110300
summary,Talky_G,1,t10i4d100k,minsup,0.5,0.5543,154.96,1.0,0.3144,146.52,1,False,0.3144 0.3176 0.3080,146.52 148.02 146.47,0,vmhwm,Linux x86_64,20260924_110301
summary,Talky_G,1,t10i4d100k,minsup,0.7,0.5828,155.4,1.0,0.3118,146.02,1,False,0.3056 0.3269 0.3118,146.94 142.80 146.02,0,vmhwm,Linux x86_64,20260924_110302
summary,Talky_G,1,retail,minsup,0.2,1.066,1042.05,4.0,0.6051,1153.61,4,False,0.6051 0.6124 0.6039,1152.84 1155.41 1153.61,0,vmhwm,Linux x86_64,20260924_110304
summary,Talky_G,1,retail,minsup,0.3,1.0601,1045.38,4.0,0.6143,1154.89,4,False,0.6037 0.6193 0.6143,1152.84 1158.41 1154.89,0,vmhwm,Linux x86_64,20260924_110306
summary,Talky_G,1,retail,minsup,0.5,1.041,1042.41,2.0,0.6138,1152.29,2,False,0.6138 0.6207 0.6076,1152.29 1149.56 1157.27,0,vmhwm,Linux x86_64,20260924_110308
summary,Talky_G,1,retail,minsup,0.7,1.0383,1045.82,1.0,0.6108,1153.19,1,False,0.6108 0.6143 0.6047,1154.97 1153.19 1146.52,0,vmhwm,Linux x86_64,20260924_110309
summary,Pascal,1,chess,minsup,0.7,3.3229,98.14,23892.0,3.0817,96.81,23892,False,3.0817 3.1150 3.0215,99.03 94.79 96.81,0,vmhwm,Linux x86_64,20260924_110319
summary,Pascal,1,t10i4d100k,minsup,0.2,0.5082,123.01,0.0,0.2441,129.15,0,False,0.2505 0.2429 0.2441,130.77 129.15 128.55,0,vmhwm,Linux x86_64,20260924_110319
summary,Pascal,1,t10i4d100k,minsup,0.3,0.4826,100.89,0.0,0.2513,128.52,0,False,0.2410 0.2513 0.2585,128.95 128.52 124.62,0,vmhwm,Linux x86_64,20260924_110320
summary,Pascal,1,t10i4d100k,minsup,0.5,0.4866,124.0,0.0,0.2453,130.39,0,False,0.2472 0.2416 0.2453,130.39 126.28 130.56,0,vmhwm,Linux x86_64,20260924_110321
summary,Pascal,1,t10i4d100k,minsup,0.7,0.4594,101.65,0.0,0.2551,128.49,0,False,0.2437 0.2551 0.2581,129.28 128.49 125.61,0,vmhwm,Linux x86_64,20260924_110322
summary,Pascal,1,retail,minsup,0.2,0.5361,113.57,3.0,0.271,125.69,3,False,0.2635 0.2903 0.2710,127.79 122.00 125.69,0,vmhwm,Linux x86_64,20260924_110322
summary,Pascal,1,retail,minsup,0.3,0.4953,118.82,3.0,0.2713,120.96,3,False,0.2730 0.2683 0.2713,119.04 126.10 120.96,0,vmhwm,Linux x86_64,20260924_110323
summary,Pascal,1,retail,minsup,0.5,0.5374,114.53,1.0,0.2582,125.97,1,False,0.2562 0.2582 0.2589,125.79 127.28 125.97,0,vmhwm,Linux x86_64,20260924_110324
summary,Pascal,1,retail,minsup,0.7,0.5271,114.21,0.0,0.2531,124.21,0,False,0.2505 0.2531 0.2731,125.45 124.21 123.45,0,vmhwm,Linux x86_64,20260924_110325
summary,Zart,1,t10i4d100k,minsup,0.2,0.5581,154.58,0.0,0.3054,149.47,0,False,0.3069 0.3054 0.2978,152.84 148.15 149.47,0,vmhwm,Linux x86_64,20260924_110326
summary,Zart,1,t10i4d100k,minsup,0.3,0.5445,154.8,0.0,0.2949,149.95,0,False,0.2949 0.2990 0.2915,148.95 150.31 149.95,0,vmhwm,Linux x86_64,20260924_110327
summary,Zart,1,t10i4d100k,minsup,0.5,0.5655,154.97,0.0,0.306,147.57,0,False,0.2835 0.3104 0.3060,148.64 147.57 146.16,0,vmhwm,Linux x86_64,20260924_110328
summary,Zart,1,t10i4d100k,minsup,0.7,0.5424,155.78,0.0,0.2976,145.89,0,False,0.2996 0.2956 0.2976,145.89 150.76 145.30,0,vmhwm,Linux x86_64,20260924_110328
summary,Zart,1,retail,minsup,0.2,0.6336,156.3,4.0,0.3404,145.31,4,False,0.3207 0.3408 0.3404,146.71 145.31 145.27,0,vmhwm,Linux x86_64,20260924_110329
summary,Zart,1,retail,minsup,0.3,0.6097,154.98,4.0,0.3292,147.05,4,False,0.3351 0.3292 0.3259,147.05 145.86 147.07,0,vmhwm,Linux x86_64,20260924_110330
summary,Zart,1,retail,minsup,0.5,0.5992,154.07,2.0,0.3163,145.61,2,False,0.3163 0.3149 0.3200,144.76 145.69 145.61,0,vmhwm,Linux x86_64,20260924_110331
summary,Zart,1,retail,minsup,0.7,0.591,155.21,0.0,0.3161,145.67,0,False,0.3122 0.3189 0.3161,145.67 145.22 147.46,0,vmhwm,Linux x86_64,20260924_110332
summary,TalkyG_Diffset,1,connect,minsup,0.3,4.9779,882.91,460357.0,3.5146,1002.9,460357,False,3.5641 3.5146 3.5135,1002.90 1008.02 819.21,0,vmhwm,Linux x86_64,20260924_110343
summary,TalkyG_Diffset,1,connect,minsup,0.5,1.4687,648.39,130102.0,1.0608,652.16,130102,False,1.0608 1.0688 1.0550,652.16 653.43 637.62,0,vmhwm,Linux x86_64,20260924_110346
summary,TalkyG_Diffset,1,connect,minsup,0.7,1.0517,447.54,35876.0,0.6369,349.13,35876,False,0.6369 0.6384 0.6276,339.35 353.10 349.13,0,vmhwm,Linux x86_64,20260924_110348
summary,TalkyG_Diffset,1,chess,minsup,0.5,3.4577,252.88,372604.0,2.9883,410.52,372604,False,2.9667 2.9883 3.0064,412.22 410.52 406.04,0,vmhwm,Linux x86_64,20260924_110357
summary,TalkyG_Diffset,1,chess,minsup,0.7,0.4809,115.36,23893.0,0.2685,128.51,23893,False,0.2685 0.2617 0.2799,133.06 128.51 127.79,0,vmhwm,Linux x86_64,20260924_110358
summary,TalkyG_Diffset,1,t10i4d100k,minsup,0.2,0.5427,155.18,1.0,0.3045,143.7,1,False,0.2964 0.3095 0.3045,143.70 146.93 141.65,0,vmhwm,Linux x86_64,20260924_110359
summary,TalkyG_Diffset,1,t10i4d100k,minsup,0.3,0.5588,155.47,1.0,0.3083,146.74,1,False,0.3062 0.3083 0.3285,143.15 146.74 147.25,0,vmhwm,Linux x86_64,20260924_110400
summary,TalkyG_Diffset,1,t10i4d100k,minsup,0.5,0.5874,154.79,1.0,0.3079,146.32,1,False,0.3008 0.3079 0.3155,146.32 148.45 145.80,0,vmhwm,Linux x86_64,20260924_110401
summary,TalkyG_Diffset,1,t10i4d100k,minsup,0.7,0.5483,155.66,1.0,0.3031,145.75,1,False,0.3031 0.3065 0.2972,145.11 148.31 145.75,0,vmhwm,Linux x86_64,20260924_110402
summary,TalkyG_Diffset,1,retail,minsup,0.2,0.9592,932.09,4.0,0.5924,1155.82,4,False,0.5952 0.5924 0.5870,1157.94 1155.82 1107.58,0,vmhwm,Linux x86_64,20260924_110403
summary,TalkyG_Diffset,1,retail,minsup,0.3,0.973,920.23,4.0,0.6091,1162.74,4,False,0.5876 0.6099 0.6091,1108.91 1162.74 1165.23,0,vmhwm,Linux x86_64,20260924_110405
summary,TalkyG_Diffset,1,retail,minsup,0.5,0.9451,931.58,2.0,0.5985,1156.26,2,False,0.5996 0.5985 0.5900,1155.32 1156.57 1156.26,0,vmhwm,Linux x86_64,20260924_110407
summary,TalkyG_Diffset,1,retail,minsup,0.7,0.9607,927.89,1.0,0.5905,1155.38,1,False,0.5905 0.5847 0.5917,1156.14 1155.38 1153.55,0,vmhwm,Linux x86_64,20260924_110409
summary,Arima,5,t10i4d100k,maxsup,0.1,0.4167,84.83,870.0,0.217,98.96,870,True,0.2402 0.2158 0.2170,98.96 100.95 97.87,0,vmhwm,Linux x86_64,20260924_110444
summary,Arima,5,t10i4d100k,maxsup,0.2,0.4141,86.58,870.0,0.2249,98.24,870,True,0.2141 0.2249 0.2270,98.97 98.24 97.54,0,vmhwm,Linux x86_64,20260924_110445
summary,Arima,5,t10i4d100k,maxsup,0.3,0.4141,85.39,870.0,0.2133,95.73,870,True,0.2115 0.2204 0.2133,95.73 101.45 95.45,0,vmhwm,Linux x86_64,20260924_110445
summary,Arima,5,retail,maxsup,0.1,0.5275,103.85,16472.0,0.2727,106.91,16472,True,0.2608 0.2730 0.2727,106.91 106.19 109.61,0,vmhwm,Linux x86_64,20260924_110446
summary,Arima,5,retail,maxsup,0.2,0.523,103.78,16468.0,0.2617,107.32,16468,True,0.2683 0.2589 0.2617,105.79 107.32 109.94,0,vmhwm,Linux x86_64,20260924_110447
summary,Arima,5,retail,maxsup,0.3,0.4936,103.69,16468.0,0.2557,107.41,16468,True,0.2529 0.2557 0.2664,107.41 109.15 106.91,0,vmhwm,Linux x86_64,20260924_110448
summary,DefMe,1,mushroom,minsup,0.2,0.4633,86.91,1704.0,0.2205,125.58,1704,True,0.2276 0.2205 0.2130,126.95 116.62 125.58,0,vmhwm,Linux x86_64,20260924_110449
summary,DefMe,1,mushroom,minsup,0.3,0.4261,88.23,544.0,0.2045,96.62,544,True,0.1977 0.2143 0.2045,94.58 96.79 96.62,0,vmhwm,Linux x86_64,20260924_110449
summary,DefMe,1,mushroom,minsup,0.5,0.4089,87.38,53.0,0.2096,96.76,53,True,0.2010 0.2120 0.2096,99.61 96.76 94.78,0,vmhwm,Linux x86_64,20260924_110450
summary,DefMe,1,mushroom,minsup,0.7,0.414,86.82,13.0,0.2074,99.45,13,True,0.2074 0.2085 0.1953,100.00 99.45 95.17,0,vmhwm,Linux x86_64,20260924_110450
summary,Talky_G,1,mushroom,minsup,0.2,0.4684,85.67,1852.0,0.2252,98.2,1852,True,0.2367 0.2194 0.2252,102.15 98.20 97.00,0,vmhwm,Linux x86_64,20260924_110451
summary,Talky_G,1,mushroom,minsup,0.3,0.4293,86.66,551.0,0.2265,100.84,551,True,0.2332 0.2176 0.2265,95.31 100.84 101.77,0,vmhwm,Linux x86_64,20260924_110452
summary,Talky_G,1,mushroom,minsup,0.5,0.459,86.62,52.0,0.2102,97.38,52,True,0.2102 0.2097 0.2167,101.20 95.62 97.38,0,vmhwm,Linux x86_64,20260924_110452
summary,Talky_G,1,mushroom,minsup,0.7,0.4186,85.73,12.0,0.215,95.54,12,True,0.2121 0.2208 0.2150,94.91 100.24 95.54,0,vmhwm,Linux x86_64,20260924_110453
summary,Pascal,1,mushroom,minsup,0.2,1.604,104.19,1703.0,0.9832,110.0,1703,True,0.9832 0.9028 1.0270,109.01 110.00 122.82,0,vmhwm,Linux x86_64,20260924_110456
summary,Pascal,1,mushroom,minsup,0.3,0.6929,89.11,543.0,0.3789,97.03,543,True,0.3778 0.3789 0.4669,95.39 97.03 104.02,0,vmhwm,Linux x86_64,20260924_110457
summary,Pascal,1,mushroom,minsup,0.5,0.4782,93.07,52.0,0.224,97.51,52,True,0.2240 0.2221 0.2404,100.12 97.51 93.79,0,vmhwm,Linux x86_64,20260924_110458
summary,Pascal,1,mushroom,minsup,0.7,0.4325,87.52,12.0,0.1977,105.0,12,True,0.1977 0.2051 0.1977,104.63 107.93 105.00,0,vmhwm,Linux x86_64,20260924_110458
summary,Zart,1,mushroom,minsup,0.3,1.6755,179.65,544.0,1.2506,195.08,544,True,1.3935 1.2299 1.2506,201.33 195.08 191.48,0,vmhwm,Linux x86_64,20260924_110502
summary,Zart,1,mushroom,minsup,0.5,0.5554,91.04,53.0,0.2785,99.1,53,True,0.2785 0.2639 0.2913,98.62 111.12 99.10,0,vmhwm,Linux x86_64,20260924_110503
summary,Zart,1,mushroom,minsup,0.7,0.4774,87.58,13.0,0.2146,98.31,13,True,0.2146 0.2213 0.2123,110.14 98.31 94.88,0,vmhwm,Linux x86_64,20260924_110504
summary,TalkyG_Diffset,1,mushroom,minsup,0.2,0.4825,87.0,1852.0,0.2252,96.39,1852,True,0.2214 0.2353 0.2252,95.03 103.89 96.39,0,vmhwm,Linux x86_64,20260924_110505
summary,TalkyG_Diffset,1,mushroom,minsup,0.3,0.4424,86.9,551.0,0.2251,99.91,551,True,0.2268 0.2251 0.2142,102.84 99.91 98.15,0,vmhwm,Linux x86_64,20260924_110505
summary,TalkyG_Diffset,1,mushroom,minsup,0.5,0.448,86.44,52.0,0.2134,97.75,52,True,0.2243 0.2134 0.2103,101.46 97.75 94.73,0,vmhwm,Linux x86_64,20260924_110506
summary,TalkyG_Diffset,1,mushroom,minsup,0.7,0.4494,83.49,12.0,0.2185,96.37,12,True,0.2209 0.2121 0.2185,97.30 95.45 96.37,0,vmhwm,Linux x86_64,20260924_110506
summary,Arima,5,mushroom,maxsup,0.1,2.0077,307.77,3077.0,1.343,329.59,3077,True,1.3430 1.3509 1.3165,319.94 345.80 329.59,0,vmhwm,Linux x86_64,20260924_110511
summary,Arima,5,mushroom,maxsup,0.2,0.5939,99.27,1004.0,0.27,108.01,1004,True,0.2700 0.2733 0.2688,108.01 107.56 108.51,0,vmhwm,Linux x86_64,20260924_110511
summary,Arima,5,mushroom,maxsup,0.3,0.4714,75.37,409.0,0.2108,89.55,409,True,0.2070 0.2108 0.2269,89.55 88.58 93.14,0,vmhwm,Linux x86_64,20260924_110512
summary,Apriori_Gen_Borgelt,1,mushroom,minsup,0.1,0.1853,6.8,7584.0,0.1027,5.12,7584,True,0.1038 0.1020 0.1027,5.13 5.11 5.12,0,vmhwm,Linux x86_64,20260924_110512
summary,Apriori_Gen_Borgelt,1,mushroom,minsup,0.15,0.0812,2.48,3082.0,0.0356,4.22,3082,True,0.0381 0.0356 0.0338,4.21 4.22 4.22,0,vmhwm,Linux x86_64,20260924_110512
summary,Apriori_Gen_Borgelt,1,mushroom,minsup,0.2,0.0515,2.5,1703.0,0.0211,4.21,1703,True,0.0227 0.0204 0.0211,4.26 4.21 4.20,0,vmhwm,Linux x86_64,20260924_110512
summary,Apriori_Gen_Borgelt,1,mushroom,minsup,0.3,0.045,2.48,543.0,0.009,4.16,543,True,0.0089 0.0090 0.0107,4.07 4.25 4.16,0,vmhwm,Linux x86_64,20260924_110512
summary,Apriori_Gen_Borgelt,1,mushroom,minsup,0.4,0.0435,2.48,152.0,0.0083,3.91,152,True,0.0082 0.0086 0.0083,3.91 3.91 3.96,0,vmhwm,Linux x86_64,20260924_110513
summary,Apriori_Gen_Borgelt,1,mushroom,minsup,0.5,0.0407,2.48,52.0,0.008,3.92,52,True,0.0080 0.0075 0.0082,3.88 3.92 4.05,0,vmhwm,Linux x86_64,20260924_110513
summary,Apriori_Gen_Borgelt,1,mushroom,minsup,0.6,0.0408,2.48,20.0,0.0088,3.79,20,True,0.0084 0.0095 0.0088,3.70 3.79 3.86,0,vmhwm,Linux x86_64,20260924_110513
summary,Apriori_Gen_Borgelt,1,mushroom,minsup,0.7,0.0394,2.49,12.0,0.0062,2.72,12,True,0.0084 0.0062 0.0062,3.87 2.70 2.72,0,vmhwm,Linux x86_64,20260924_110513
summary,Eclat_Gen_Borgelt,1,mushroom,minsup,0.1,0.0697,2.43,7584.0,0.0215,11.63,7584,True,0.0215 0.0205 0.0249,11.63 11.70 11.57,0,vmhwm,Linux x86_64,20260924_110513
summary,Eclat_Gen_Borgelt,1,mushroom,minsup,0.15,0.0502,2.5,3082.0,0.0156,7.81,3082,True,0.0152 0.0156 0.0170,7.81 7.98 7.81,0,vmhwm,Linux x86_64,20260924_110513
summary,Eclat_Gen_Borgelt,1,mushroom,minsup,0.2,0.0476,2.48,1703.0,0.0116,6.41,1703,True,0.0112 0.0116 0.0147,6.41 6.72 6.25,0,vmhwm,Linux x86_64,20260924_110513
summary,Eclat_Gen_Borgelt,1,mushroom,minsup,0.3,0.043,2.49,543.0,0.0084,4.53,543,True,0.0096 0.0081 0.0084,4.75 3.98 4.53,0,vmhwm,Linux x86_64,20260924_110513
summary,Eclat_Gen_Borgelt,1,mushroom,minsup,0.4,0.0425,2.48,152.0,0.0084,4.0,152,True,0.0078 0.0084 0.0088,4.00 4.02 3.96,0,vmhwm,Linux x86_64,20260924_110513
summary,Eclat_Gen_Borgelt,1,mushroom,minsup,0.5,0.0421,2.48,52.0,0.0082,3.96,52,True,0.0082 0.0096 0.0071,3.96 3.96 4.25,0,vmhwm,Linux x86_64,20260924_110513
summary,Eclat_Gen_Borgelt,1,mushroom,minsup,0.6,0.0431,2.48,20.0,0.007,2.8,20,True,0.0094 0.0070 0.0063,3.96 2.80 2.75,0,vmhwm,Linux x86_64,20260924_110513
summary,Eclat_Gen_Borgelt,1,mushroom,minsup,0.7,0.0434,2.48,12.0,0.0078,3.76,12,True,0.0077 0.0078 0.0089,3.73 3.76 3.99,0,vmhwm,Linux x86_64,20260924_110513
summary,FPgrowth_Gen_Borgelt,1,mushroom,minsup,0.1,0.0592,2.43,7584.0,0.0144,10.73,7584,True,0.0145 0.0144 0.0132,10.83 10.73 10.41,0,vmhwm,Linux x86_64,20260924_110513
summary,FPgrowth_Gen_Borgelt,1,mushroom,minsup,0.15,0.0487,2.48,3082.0,0.0108,7.57,3082,True,0.0108 0.0104 0.0138,7.57 7.01 7.67,0,vmhwm,Linux x86_64,20260924_110513
summary,FPgrowth_Gen_Borgelt,1,mushroom,minsup,0.2,0.0449,2.5,1703.0,0.0131,6.12,1703,True,0.0131 0.0097 0.0131,6.21 6.12 6.05,0,vmhwm,Linux x86_64,20260924_110513
summary,FPgrowth_Gen_Borgelt,1,mushroom,minsup,0.3,0.0465,2.5,543.0,0.0099,4.05,543,True,0.0103 0.0099 0.0087,4.05 4.02 4.61,0,vmhwm,Linux x86_64,20260924_110513
summary,FPgrowth_Gen_Borgelt,1,mushroom,minsup,0.4,0.071,2.45,152.0,0.009,4.04,152,True,0.0092 0.0069 0.0090,4.28 2.88 4.04,0,vmhwm,Linux x86_64,20260924_110513
summary,FPgrowth_Gen_Borgelt,1,mushroom,minsup,0.5,0.0494,2.5,52.0,0.0073,2.8,52,True,0.0073 0.0068 0.0073,2.80 2.88 2.14,0,vmhwm,Linux x86_64,20260924_110513
summary,FPgrowth_Gen_Borgelt,1,mushroom,minsup,0.6,0.0431,2.5,20.0,0.0074,2.86,20,True,0.0074 0.0082 0.0058,4.03 2.86 2.79,0,vmhwm,Linux x86_64,20260924_110513
summary,FPgrowth_Gen_Borgelt,1,mushroom,minsup,0.7,0.0437,2.5,12.0,0.007,4.0,12,True,0.0073 0.0070 0.0056,4.08 4.00 2.80,0,vmhwm,Linux x86_64,20260924_110513
summary,FPgrowth_Gen_Borgelt,1,pumsb,minsup,0.6,2.9044,293.93,2853041.0,1.4923,269.91,2853041,True,1.4923 1.5111 1.4885,269.91 285.80 269.86,0,vmhwm,Linux x86_64,20260924_110518
summary,FPgrowth_Gen_Borgelt,1,pumsb,minsup,0.7,0.5936,84.15,658379.0,0.3033,58.5,658379,True,0.3033 0.3166 0.3011,58.50 56.98 59.14,0,vmhwm,Linux x86_64,20260924_110519
summary,FPgrowth_Gen_Borgelt,1,pumsb,minsup,0.75,0.3121,42.21,248298.0,0.153,32.5,248298,True,0.1576 0.1499 0.1530,32.52 32.49 32.50,0,vmhwm,Linux x86_64,20260924_110520
summary,FPgrowth_Gen_Borgelt,1,pumsb,minsup,0.8,0.191,20.06,67835.0,0.1041,27.07,67835,True,0.1041 0.1090 0.1032,27.07 27.02 27.09,0,vmhwm,Linux x86_64,20260924_110520
summary,FPgrowth_Gen_Borgelt,1,pumsb,minsup,0.85,0.1723,20.43,13789.0,0.0914,25.64,13789,True,0.0899 0.0914 0.0924,25.96 25.64 25.63,0,vmhwm,Linux x86_64,20260924_110521
summary,FPgrowth_Gen_Borgelt,1,pumsb,minsup,0.9,0.1621,20.06,2030.0,0.088,21.01,2030,True,0.1092 0.0880 0.0865,21.14 20.47 21.01,0,vmhwm,Linux x86_64,20260924_110521
summary,FPgrowth_Gen_Borgelt,1,pumsb,minsup,0.95,0.1561,20.43,141.0,0.0801,18.76,141,True,0.0812 0.0783 0.0801,18.76 18.77 18.73,0,vmhwm,Linux x86_64,20260924_110521
summary,FPgrowth_Gen_Borgelt,1,accidents,minsup,0.3,0.8994,111.55,149529.0,0.593,100.82,149529,True,0.5930 0.5892 0.6007,100.89 100.82 100.02,0,vmhwm,Linux x86_64,20260924_110523
summary,FPgrowth_Gen_Borgelt,1,accidents,minsup,0.4,0.7417,92.03,32528.0,0.4903,87.43,32528,True,0.5017 0.4903 0.4880,85.76 87.91 87.43,0,vmhwm,Linux x86_64,20260924_110525
summary,FPgrowth_Gen_Borgelt,1,accidents,minsup,0.5,0.6318,63.59,8057.0,0.4175,61.69,8057,True,0.4155 0.4187 0.4175,61.78 61.68 61.69,0,vmhwm,Linux x86_64,20260924_110526
summary,FPgrowth_Gen_Borgelt,1,accidents,minsup,0.6,0.6058,63.58,2074.0,0.3781,61.58,2074,True,0.3698 0.3840 0.3781,61.62 61.29 61.58,0,vmhwm,Linux x86_64,20260924_110527
summary,FPgrowth_Gen_Borgelt,1,accidents,minsup,0.7,0.5477,63.55,529.0,0.3313,61.66,529,True,0.3303 0.3313 0.3336,61.73 61.62 61.66,0,vmhwm,Linux x86_64,20260924_110528
summary,FPgrowth_Gen_Borgelt,1,accidents,minsup,0.8,0.5117,60.97,149.0,0.2994,61.68,149,True,0.2967 0.3043 0.2994,61.68 61.79 61.68,0,vmhwm,Linux x86_64,20260924_110529
summary,DefMe,1,mushroom,minsup,0.05,0.6522,270.41,21391.0,0.3504,358.85,21391,True,0.3504 0.3507 0.3430,340.05 364.65 358.85,0,vmhwm,Linux x86_64,20260924_110530
summary,DefMe,1,mushroom,minsup,0.1,0.5663,205.76,7585.0,0.2642,230.85,7585,True,0.2603 0.2652 0.2642,230.85 227.48 231.57,0,vmhwm,Linux x86_64,20260924_110531
summary,DefMe,1,mushroom,minsup,0.15,0.4769,108.09,3083.0,0.2208,127.06,3083,True,0.2194 0.2208 0.2326,127.63 127.06 124.56,0,vmhwm,Linux x86_64,20260924_110532
summary,DefMe,1,mushroom,minsup,0.4,0.3909,86.72,153.0,0.1954,97.61,153,True,0.1945 0.1954 0.2004,99.02 97.61 96.41,0,vmhwm,Linux x86_64,20260924_110532
summary,DefMe,1,mushroom,minsup,0.6,0.3878,87.84,21.0,0.193,97.7,21,True,0.1930 0.1922 0.2049,97.03 97.70 99.04,0,vmhwm,Linux x86_64,20260924_110533
summary,DefMe,1,connect,minsup,0.4,9.1225,849.1,239373.0,6.2768,1121.28,239373,True,6.2743 6.2768 6.2863,1121.28 1002.08 1164.17,0,vmhwm,Linux x86_64,20260924_110552
summary,DefMe,1,connect,minsup,0.6,2.7971,727.28,68344.0,1.9531,1027.34,68344,True,2.0061 1.9478 1.9531,1188.73 914.63 1027.34,0,vmhwm,Linux x86_64,20260924_110558
summary,DefMe,1,connect,minsup,0.8,1.1287,723.82,15108.0,0.686,548.12,15108,True,0.6840 0.6860 0.6880,527.95 548.12 555.99,0,vmhwm,Linux x86_64,20260924_110600
summary,DefMe,1,connect,minsup,0.9,0.7593,243.77,3487.0,0.4557,276.1,3487,True,0.4624 0.4557 0.4447,276.10 274.10 281.82,0,vmhwm,Linux x86_64,20260924_110601
summary,DefMe,1,chess,minsup,0.4,2.3303,556.77,1396843.0,1.72,634.18,1396843,True,1.6788 1.7200 1.7431,612.43 634.18 764.59,0,vmhwm,Linux x86_64,20260924_110607
summary,DefMe,1,chess,minsup,0.6,0.5444,222.12,98419.0,0.3581,373.5,98419,True,0.3704 0.3580 0.3581,395.84 373.50 368.88,0,vmhwm,Linux x86_64,20260924_110608
summary,DefMe,1,chess,minsup,0.8,0.4322,89.39,5084.0,0.1958,107.57,5084,True,0.1958 0.2225 0.1938,107.57 111.20 104.60,0,vmhwm,Linux x86_64,20260924_110608
summary,DefMe,1,chess,minsup,0.9,0.3978,87.63,499.0,0.1878,92.82,499,True,0.1850 0.1950 0.1878,91.43 95.29 92.82,0,vmhwm,Linux x86_64,20260924_110609
summary,DefMe,1,t10i4d100k,minsup,0.001,1.529,469.18,871.0,0.9844,796.8,871,True,0.9890 0.9844 0.9527,833.41 796.80 607.38,0,vmhwm,Linux x86_64,20260924_110612
summary,DefMe,1,t10i4d100k,minsup,0.002,1.5349,469.48,871.0,0.9919,812.09,871,True,0.9851 0.9919 0.9978,811.36 855.21 812.09,0,vmhwm,Linux x86_64,20260924_110615
summary,DefMe,1,t10i4d100k,minsup,0.005,1.6085,470.45,871.0,0.9871,774.32,871,True,0.9930 0.9866 0.9871,771.16 821.62 774.32,0,vmhwm,Linux x86_64,20260924_110618
summary,DefMe,1,t10i4d100k,minsup,0.01,1.6138,468.77,870.0,0.9878,819.63,870,True,0.9878 0.9798 0.9930,812.95 819.63 821.91,0,vmhwm,Linux x86_64,20260924_110621
summary,DefMe,1,t10i4d100k,minsup,0.02,0.586,114.78,1.0,0.2763,151.66,1,True,0.2849 0.2710 0.2763,150.10 153.31 151.66,0,vmhwm,Linux x86_64,20260924_110622
summary,DefMe,1,t10i4d100k,minsup,0.05,0.5766,153.2,1.0,0.2744,150.21,1,True,0.2646 0.2744 0.2796,151.33 150.21 148.24,0,vmhwm,Linux x86_64,20260924_110622
summary,DefMe,1,retail,minsup,0.0005,19.3941,1625.49,19115.0,11.5215,1948.33,19115,True,11.5161 11.5215 11.5688,1964.13 1939.33 1948.33,0,vmhwm,Linux x86_64,20260924_110657
summary,DefMe,1,retail,minsup,0.001,6.3462,1442.39,7573.0,3.6265,1941.95,7573,True,3.6961 3.6265 3.6120,2045.48 1940.54 1941.95,0,vmhwm,Linux x86_64,20260924_110708
summary,DefMe,1,retail,minsup,0.002,1.9368,1484.2,2692.0,1.2698,1945.43,2692,True,1.2698 1.2223 1.2714,1945.43 1682.20 1964.08,0,vmhwm,Linux x86_64,20260924_110712
summary,DefMe,1,retail,minsup,0.005,0.8612,641.79,581.0,0.4591,582.42,581,True,0.4591 0.4749 0.4429,547.92 585.74 582.42,0,vmhwm,Linux x86_64,20260924_110713
summary,DefMe,1,retail,minsup,0.01,0.7379,460.05,160.0,0.3992,490.02,160,True,0.3888 0.4027 0.3992,490.02 483.20 545.38,0,vmhwm,Linux x86_64,20260924_110714
summary,DefMe,1,retail,minsup,0.02,0.7067,377.48,56.0,0.3888,480.7,56,True,0.3738 0.3948 0.3888,481.75 478.76 480.70,0,vmhwm,Linux x86_64,20260924_110715
summary,DefMe,1,accidents,minsup,0.3,9.2797,1082.87,149530.0,6.6613,1008.61,149530,True,6.6613 6.6644 6.6505,1068.89 1008.61 993.94,0,vmhwm,Linux x86_64,20260924_110735
summary,DefMe,1,accidents,minsup,0.4,2.8892,1098.54,32529.0,1.9654,1029.81,32529,True,1.9659 1.9654 1.9601,1067.08 1029.81 1025.36,0,vmhwm,Linux x86_64,20260924_110741
summary,DefMe,1,accidents,minsup,0.5,1.7408,1101.77,8058.0,1.0604,874.51,8058,True,1.0562 1.0604 1.1458,862.39 874.51 1341.68,0,vmhwm,Linux x86_64,20260924_110745
summary,DefMe,1,accidents,minsup,0.6,1.3928,554.85,2075.0,0.8599,792.43,2075,True,0.8696 0.8519 0.8599,817.01 792.43 774.05,0,vmhwm,Linux x86_64,20260924_110747
summary,DefMe,1,accidents,minsup,0.7,1.3095,553.18,530.0,0.7956,652.05,530,True,0.7885 0.8164 0.7956,646.58 758.43 652.05,0,vmhwm,Linux x86_64,20260924_110750
summary,DefMe,1,accidents,minsup,0.8,1.2763,543.77,150.0,0.7786,657.42,150,True,0.7588 0.7895 0.7786,663.54 657.42 645.75,0,vmhwm,Linux x86_64,20260924_110752
summary,DefMe,1,pumsb,minsup,0.7,7.1539,1057.47,658380.0,4.9336,871.64,658380,True,4.9282 4.9738 4.9336,868.99 1164.10 871.64,0,vmhwm,Linux x86_64,20260924_110807
summary,DefMe,1,pumsb,minsup,0.75,3.0489,1053.63,248299.0,2.0546,876.3,248299,True,2.0493 2.0727 2.0546,876.30 872.14 887.33,0,vmhwm,Linux x86_64,20260924_110813
summary,DefMe,1,pumsb,minsup,0.8,1.4406,1050.68,67836.0,0.8963,862.24,67836,True,0.9047 0.8947 0.8963,877.06 855.55 862.24,0,vmhwm,Linux x86_64,20260924_110816
summary,DefMe,1,pumsb,minsup,0.85,0.9568,525.12,13790.0,0.5654,579.06,13790,True,0.5548 0.5654 0.5660,579.06 581.83 575.92,0,vmhwm,Linux x86_64,20260924_110818
summary,DefMe,1,pumsb,minsup,0.9,0.8313,427.55,2031.0,0.4463,338.44,2031,True,0.4423 0.4544 0.4463,344.64 327.58 338.44,0,vmhwm,Linux x86_64,20260924_110819
summary,DefMe,1,pumsb,minsup,0.95,0.8634,425.71,142.0,0.4203,328.96,142,True,0.4203 0.4093 0.4320,329.18 328.96 328.00,0,vmhwm,Linux x86_64,20260924_110820
summary,Talky_G,1,mushroom,minsup,0.05,0.5799,114.47,24350.0,0.2879,123.65,24350,True,0.2866 0.2937 0.2879,123.65 123.70 123.37,0,vmhwm,Linux x86_64,20260924_110821
summary,Talky_G,1,mushroom,minsup,0.1,0.5021,100.09,8437.0,0.2402,118.99,8437,True,0.2370 0.2402 0.2448,118.64 118.99 124.84,0,vmhwm,Linux x86_64,20260924_110822
summary,Talky_G,1,mushroom,minsup,0.15,0.4641,86.59,3287.0,0.2217,96.0,3287,True,0.2200 0.2217 0.2371,93.77 97.36 96.00,0,vmhwm,Linux x86_64,20260924_110822
summary,Talky_G,1,mushroom,minsup,0.4,0.4264,85.91,152.0,0.216,97.99,152,True,0.2160 0.2284 0.2112,100.11 97.99 96.39,0,vmhwm,Linux x86_64,20260924_110823
summary,Talky_G,1,mushroom,minsup,0.6,0.4244,86.67,20.0,0.2097,100.21,20,True,0.2097 0.2143 0.2082,96.48 101.51 100.21,0,vmhwm,Linux x86_64,20260924_110824
summary,Talky_G,1,connect,minsup,0.4,2.0621,653.79,239373.0,1.2828,645.91,239373,True,1.2781 1.2828 1.2991,646.23 645.91 636.04,0,vmhwm,Linux x86_64,20260924_110828
summary,Talky_G,1,connect,minsup,0.6,1.2233,447.72,68344.0,0.6738,393.3,68344,True,0.6738 0.6839 0.6728,391.66 405.50 393.30,0,vmhwm,Linux x86_64,20260924_110830
summary,Talky_G,1,connect,minsup,0.8,0.9882,233.5,15108.0,0.539,272.6,15108,True,0.5314 0.5390 0.5403,272.45 272.60 272.88,0,vmhwm,Linux x86_64,20260924_110831
summary,Talky_G,1,connect,minsup,0.9,0.9105,225.82,3487.0,0.5064,274.98,3487,True,0.5021 0.5371 0.5064,274.98 273.80 276.14,0,vmhwm,Linux x86_64,20260924_110833
summary,Talky_G,1,chess,minsup,0.6,0.7714,162.22,98419.0,0.4304,158.84,98419,True,0.4286 0.4326 0.4304,161.57 151.94 158.84,0,vmhwm,Linux x86_64,20260924_110834
summary,Talky_G,1,chess,minsup,0.8,0.4287,85.08,5084.0,0.2161,94.04,5084,True,0.2137 0.2161 0.2162,94.04 96.59 93.55,0,vmhwm,Linux x86_64,20260924_110835
summary,Talky_G,1,chess,minsup,0.9,0.416,87.64,499.0,0.2059,92.54,499,True,0.2052 0.2103 0.2059,91.26 92.85 92.54,0,vmhwm,Linux x86_64,20260924_110835
summary,Talky_G,1,t10i4d100k,minsup,0.001,0.6562,156.42,871.0,0.3167,145.54,871,True,0.3167 0.3289 0.3162,145.54 146.00 143.14,0,vmhwm,Linux x86_64,20260924_110836
summary,Talky_G,1,t10i4d100k,minsup,0.002,0.6574,153.33,871.0,0.3233,148.18,871,True,0.3241 0.3233 0.3141,149.89 143.97 148.18,0,vmhwm,Linux x86_64,20260924_110837
summary,Talky_G,1,t10i4d100k,minsup,0.005,0.6387,157.07,871.0,0.3183,143.82,871,True,0.3183 0.3100 0.3252,143.82 146.29 143.49,0,vmhwm,Linux x86_64,20260924_110838
summary,Talky_G,1,t10i4d100k,minsup,0.01,0.6202,156.11,870.0,0.3107,146.54,870,True,0.3088 0.3212 0.3107,148.55 143.24 146.54,0,vmhwm,Linux x86_64,20260924_110839
summary,Talky_G,1,t10i4d100k,minsup,0.02,0.5857,154.66,1.0,0.3147,147.76,1,True,0.3177 0.3124 0.3147,147.18 148.39 147.76,0,vmhwm,Linux x86_64,20260924_110840
summary,Talky_G,1,t10i4d100k,minsup,0.05,0.6127,156.88,1.0,0.3067,143.84,1,True,0.3067 0.3152 0.3056,145.14 143.02 143.84,0,vmhwm,Linux x86_64,20260924_110841
summary,Talky_G,1,retail,minsup,0.0005,1.626,1187.67,19122.0,0.8334,1288.57,19122,True,0.8328 0.8334 0.8479,1303.63 1288.57 1279.64,0,vmhwm,Linux x86_64,20260924_110844
summary,Talky_G,1,retail,minsup,0.001,1.3041,1047.09,7573.0,0.6968,1152.33,7573,True,0.7080 0.6968 0.6965,1153.70 1152.33 1113.89,0,vmhwm,Linux x86_64,20260924_110846
summary,Talky_G,1,retail,minsup,0.002,1.2398,1033.7,2692.0,0.6294,1154.94,2692,True,0.6294 0.6329 0.6234,1152.37 1154.94 1156.07,0,vmhwm,Linux x86_64,20260924_110848
summary,Talky_G,1,retail,minsup,0.005,1.1291,1039.8,581.0,0.6054,1153.38,581,True,0.6032 0.6113 0.6054,1149.75 1160.14 1153.38,0,vmhwm,Linux x86_64,20260924_110849
summary,Talky_G,1,retail,minsup,0.01,1.0728,1040.11,160.0,0.6077,1158.4,160,True,0.6092 0.6060 0.6077,1158.40 1158.56 1154.42,0,vmhwm,Linux x86_64,20260924_110851
summary,Talky_G,1,retail,minsup,0.02,1.1208,1042.35,56.0,0.6081,1154.58,56,True,0.6081 0.6090 0.5975,1155.49 1154.58 1113.43,0,vmhwm,Linux x86_64,20260924_110853
summary,Talky_G,1,accidents,minsup,0.3,3.4268,1033.06,149530.0,2.18,1016.26,149530,True,2.1336 2.1800 2.2089,847.23 1016.26 1183.83,0,vmhwm,Linux x86_64,20260924_110900
summary,Talky_G,1,accidents,minsup,0.4,2.3513,762.77,32529.0,1.3443,874.24,32529,True,1.3440 1.3775 1.3443,874.24 859.86 886.74,0,vmhwm,Linux x86_64,20260924_110904
summary,Talky_G,1,accidents,minsup,0.5,2.1019,577.15,8058.0,1.1971,796.82,8058,True,1.2073 1.1971 1.1848,805.69 796.82 796.40,0,vmhwm,Linux x86_64,20260924_110907
summary,Talky_G,1,accidents,minsup,0.6,2.0179,535.95,2075.0,1.1451,814.86,2075,True,1.1410 1.1451 1.1494,797.44 814.86 819.14,0,vmhwm,Linux x86_64,20260924_110911
summary,Talky_G,1,accidents,minsup,0.7,2.0371,537.04,530.0,1.1149,727.72,530,True,1.1105 1.1149 1.1450,727.72 725.70 747.08,0,vmhwm,Linux x86_64,20260924_110914
summary,Talky_G,1,accidents,minsup,0.8,2.0112,549.14,150.0,1.1148,714.51,150,True,1.1061 1.1335 1.1148,714.51 710.75 730.06,0,vmhwm,Linux x86_64,20260924_110917
summary,Talky_G,1,pumsb,minsup,0.7,7.6315,1057.5,658380.0,5.7824,966.71,658380,True,5.7824 5.7837 5.7743,966.71 965.12 966.91,0,vmhwm,Linux x86_64,20260924_110935
summary,Talky_G,1,pumsb,minsup,0.75,2.5504,1050.68,248299.0,1.5897,963.18,248299,True,1.5936 1.5874 1.5897,963.18 963.26 958.96,0,vmhwm,Linux x86_64,20260924_110940
summary,Talky_G,1,pumsb,minsup,0.8,1.7713,531.17,67836.0,0.895,663.88,67836,True,0.8950 0.8814 0.9038,663.45 663.88 682.04,0,vmhwm,Linux x86_64,20260924_110942
summary,Talky_G,1,pumsb,minsup,0.85,1.5121,518.4,13790.0,0.7813,462.58,13790,True,0.7813 0.8042 0.7793,452.84 635.91 462.58,0,vmhwm,Linux x86_64,20260924_110945
summary,Talky_G,1,pumsb,minsup,0.9,1.3849,430.87,2031.0,0.7441,448.11,2031,True,0.7441 0.7364 0.7482,448.11 455.18 438.00,0,vmhwm,Linux x86_64,20260924_110947
summary,Talky_G,1,pumsb,minsup,0.95,1.389,433.18,142.0,0.7056,442.11,142,True,0.7282 0.7056 0.7017,442.00 442.11 445.01,0,vmhwm,Linux x86_64,20260924_110949
summary,Pascal,1,mushroom,minsup,0.15,3.1969,109.75,3082.0,2.1117,117.02,3082,True,2.1117 1.9179 2.1197,125.33 113.66 117.02,0,vmhwm,Linux x86_64,20260924_110955
summary,Pascal,1,mushroom,minsup,0.4,0.5874,89.16,152.0,0.2905,95.8,152,True,0.2913 0.2905 0.2873,95.80 96.68 95.35,0,vmhwm,Linux x86_64,20260924_110956
summary,Pascal,1,mushroom,minsup,0.6,0.4319,85.52,20.0,0.2098,108.78,20,True,0.2125 0.2098 0.2045,110.70 108.78 104.04,0,vmhwm,Linux x86_64,20260924_110957
summary,Pascal,1,connect,minsup,0.9,22.8168,227.79,3486.0,16.4821,304.18,3486,True,16.3000 16.4821 16.5503,306.84 297.64 304.18,0,vmhwm,Linux x86_64,20260924_111046
summary,Pascal,1,chess,minsup,0.6,29.5937,195.48,98418.0,20.6284,169.45,98418,True,21.2327 20.6284 20.4092,170.85 169.45 166.84,0,vmhwm,Linux x86_64,20260924_111149
summary,Pascal,1,chess,minsup,0.8,1.2185,87.79,5083.0,0.8281,91.37,5083,True,0.8281 0.8225 0.8345,90.98 92.31 91.37,0,vmhwm,Linux x86_64,20260924_111151
summary,Pascal,1,chess,minsup,0.9,0.5412,85.6,498.0,0.3224,86.98,498,True,0.3219 0.3325 0.3224,89.95 86.97 86.98,0,vmhwm,Linux x86_64,20260924_111152
summary,Pascal,1,t10i4d100k,minsup,0.02,0.4948,124.15,0.0,0.2401,128.79,0,True,0.2401 0.2355 0.2755,128.79 129.23 123.92,0,vmhwm,Linux x86_64,20260924_111153
summary,Pascal,1,t10i4d100k,minsup,0.05,0.5189,117.58,0.0,0.2427,128.43,0,True,0.2427 0.2434 0.2391,125.99 128.43 128.78,0,vmhwm,Linux x86_64,20260924_111153
summary,Pascal,1,retail,minsup,0.01,4.0169,123.38,159.0,4.288,120.57,159,True,4.2416 4.2880 4.2955,121.78 118.67 120.57,0,vmhwm,Linux x86_64,20260924_111206
summary,Pascal,1,retail,minsup,0.02,0.8143,122.22,55.0,0.5707,124.45,55,True,0.5830 0.5690 0.5707,124.45 122.41 124.53,0,vmhwm,Linux x86_64,20260924_111208
summary,Pascal,1,accidents,minsup,0.7,8.7942,420.49,529.0,11.4804,408.96,529,True,11.4804 11.4574 11.4947,411.40 406.18 408.96,0,vmhwm,Linux x86_64,20260924_111242
summary,Pascal,1,accidents,minsup,0.8,2.9564,427.93,149.0,3.5074,412.95,149,True,3.5074 3.5082 3.2414,412.95 417.20 405.89,0,vmhwm,Linux x86_64,20260924_111253
summary,Pascal,1,pumsb,minsup,0.9,8.1495,234.59,2030.0,7.7666,360.7,2030,True,7.6901 9.3769 7.7666,358.93 362.11 360.70,0,vmhwm,Linux x86_64,20260924_111318
summary,Pascal,1,pumsb,minsup,0.95,1.4919,231.5,141.0,1.0149,365.81,141,True,0.9878 1.0212 1.0149,362.54 365.81 367.27,0,vmhwm,Linux x86_64,20260924_111321
summary,Zart,1,mushroom,minsup,0.4,0.6765,133.04,153.0,0.3876,137.89,153,True,0.3876 0.3826 0.4032,137.46 142.68 137.89,0,vmhwm,Linux x86_64,20260924_111322
summary,Zart,1,mushroom,minsup,0.6,0.4477,86.88,21.0,0.224,96.91,21,True,0.2231 0.2482 0.2240,93.99 119.98 96.91,0,vmhwm,Linux x86_64,20260924_111322
summary,Zart,1,chess,minsup,0.8,3.5995,227.9,5084.0,3.0932,394.35,5084,True,3.0727 3.0932 3.2565,394.35 395.08 393.64,0,vmhwm,Linux x86_64,20260924_111332
summary,Zart,1,chess,minsup,0.9,0.6072,121.76,499.0,0.3299,118.67,499,True,0.3312 0.3200 0.3299,118.67 123.06 118.22,0,vmhwm,Linux x86_64,20260924_111333
summary,Zart,1,t10i4d100k,minsup,0.02,0.598,156.77,0.0,0.2892,149.05,0,True,0.2874 0.2927 0.2892,149.05 152.50 145.32,0,vmhwm,Linux x86_64,20260924_111334
summary,Zart,1,t10i4d100k,minsup,0.05,0.5549,153.73,0.0,0.2905,145.93,0,True,0.3036 0.2855 0.2905,145.68 145.93 148.43,0,vmhwm,Linux x86_64,20260924_111335
summary,Zart,1,retail,minsup,0.005,29.6878,463.98,581.0,24.7684,690.74,581,True,24.7684 25.6902 24.5526,697.11 690.74 572.55,0,vmhwm,Linux x86_64,20260924_111450
summary,Zart,1,retail,minsup,0.01,3.0356,458.53,160.0,2.2642,613.49,160,True,2.3049 2.2642 2.2586,613.49 624.36 487.82,0,vmhwm,Linux x86_64,20260924_111456
summary,Zart,1,retail,minsup,0.02,0.9014,275.08,56.0,0.5581,278.68,56,True,0.5615 0.5581 0.5475,277.63 278.68 285.89,0,vmhwm,Linux x86_64,20260924_111458
summary,Zart,1,accidents,minsup,0.7,9.919,1019.79,530.0,7.8675,802.37,530,True,7.8670 7.9031 7.8675,802.37 791.98 843.94,0,vmhwm,Linux x86_64,20260924_111522
summary,Zart,1,accidents,minsup,0.8,3.4398,579.06,150.0,2.0683,803.81,150,True,2.0683 2.1089 2.0557,787.25 814.39 803.81,0,vmhwm,Linux x86_64,20260924_111528
summary,Zart,1,pumsb,minsup,0.9,11.5525,531.05,2031.0,8.3215,838.73,2031,True,8.3155 8.4104 8.3215,838.73 839.94 835.29,0,vmhwm,Linux x86_64,20260924_111553
summary,Zart,1,pumsb,minsup,0.95,1.6573,616.93,142.0,0.9708,827.43,142,True,0.9670 0.9708 0.9817,827.36 827.88 827.43,0,vmhwm,Linux x86_64,20260924_111556
summary,TalkyG_Diffset,1,mushroom,minsup,0.05,0.5799,113.35,24350.0,0.3009,139.99,24350,True,0.2963 0.3164 0.3009,142.80 139.25 139.99,0,vmhwm,Linux x86_64,20260924_111557
summary,TalkyG_Diffset,1,mushroom,minsup,0.1,0.4761,85.54,8437.0,0.2424,129.99,8437,True,0.2647 0.2424 0.2413,134.21 129.99 128.08,0,vmhwm,Linux x86_64,20260924_111558
summary,TalkyG_Diffset,1,mushroom,minsup,0.15,0.4477,86.98,3287.0,0.2287,98.37,3287,True,0.2332 0.2265 0.2287,98.37 100.32 97.78,0,vmhwm,Linux x86_64,20260924_111558
summary,TalkyG_Diffset,1,mushroom,minsup,0.4,0.4365,84.89,152.0,0.2201,99.45,152,True,0.2162 0.2201 0.2218,99.45 99.04 99.57,0,vmhwm,Linux x86_64,20260924_111559
summary,TalkyG_Diffset,1,mushroom,minsup,0.6,0.4021,85.65,20.0,0.2129,98.41,20,True,0.2068 0.2129 0.2180,94.39 98.41 100.47,0,vmhwm,Linux x86_64,20260924_111600
summary,TalkyG_Diffset,1,connect,minsup,0.4,2.2591,744.75,239373.0,1.6257,789.34,239373,True,1.6129 1.6257 1.6318,789.34 787.34 846.34,0,vmhwm,Linux x86_64,20260924_111605
summary,TalkyG_Diffset,1,connect,minsup,0.6,1.2024,456.31,68344.0,0.7822,518.36,68344,True,0.7878 0.7822 0.7737,518.68 518.36 500.91,0,vmhwm,Linux x86_64,20260924_111607
summary,TalkyG_Diffset,1,connect,minsup,0.8,0.9428,245.32,15108.0,0.5556,275.88,15108,True,0.5494 0.5556 0.5623,276.91 275.88 274.55,0,vmhwm,Linux x86_64,20260924_111609
summary,TalkyG_Diffset,1,connect,minsup,0.9,0.8894,226.77,3487.0,0.5108,274.29,3487,True,0.5130 0.5105 0.5108,277.52 274.29 274.15,0,vmhwm,Linux x86_64,20260924_111610
summary,TalkyG_Diffset,1,chess,minsup,0.6,0.7289,206.65,98419.0,0.4589,179.36,98419,True,0.4589 0.4632 0.4478,179.36 185.98 177.68,0,vmhwm,Linux x86_64,20260924_111611
summary,TalkyG_Diffset,1,chess,minsup,0.8,0.4495,84.0,5084.0,0.2159,93.96,5084,True,0.2159 0.2178 0.2137,94.52 93.96 92.99,0,vmhwm,Linux x86_64,20260924_111612
summary,TalkyG_Diffset,1,chess,minsup,0.9,0.3976,84.96,499.0,0.2065,94.34,499,True,0.2206 0.2054 0.2065,97.04 93.33 94.34,0,vmhwm,Linux x86_64,20260924_111613
summary,TalkyG_Diffset,1,t10i4d100k,minsup,0.001,0.6033,156.7,871.0,0.3115,145.84,871,True,0.3115 0.3092 0.3170,147.06 142.30 145.84,0,vmhwm,Linux x86_64,20260924_111614
summary,TalkyG_Diffset,1,t10i4d100k,minsup,0.002,0.6178,157.48,871.0,0.3139,147.05,871,True,0.3139 0.3256 0.3062,148.53 146.86 147.05,0,vmhwm,Linux x86_64,20260924_111615
summary,TalkyG_Diffset,1,t10i4d100k,minsup,0.005,0.608,156.45,871.0,0.3134,147.87,871,True,0.3134 0.3292 0.3088,143.18 148.49 147.87,0,vmhwm,Linux x86_64,20260924_111616
summary,TalkyG_Diffset,1,t10i4d100k,minsup,0.01,0.6084,157.55,870.0,0.3203,146.52,870,True,0.3413 0.3135 0.3203,146.64 146.52 144.71,0,vmhwm,Linux x86_64,20260924_111617
summary,TalkyG_Diffset,1,t10i4d100k,minsup,0.02,0.5879,154.73,1.0,0.3076,145.98,1,True,0.2990 0.3184 0.3076,148.30 144.05 145.98,0,vmhwm,Linux x86_64,20260924_111618
summary,TalkyG_Diffset,1,t10i4d100k,minsup,0.05,0.5575,154.29,1.0,0.3172,144.97,1,True,0.3374 0.3003 0.3172,145.80 144.97 144.24,0,vmhwm,Linux x86_64,20260924_111618
summary,TalkyG_Diffset,1,retail,minsup,0.0005,1.5214,1027.97,19122.0,0.8796,1352.98,19122,True,0.8775 0.8844 0.8796,1356.02 1340.41 1352.98,0,vmhwm,Linux x86_64,20260924_111621
summary,TalkyG_Diffset,1,retail,minsup,0.001,1.2783,994.31,7573.0,0.7099,1188.76,7573,True,0.7200 0.6847 0.7099,1193.80 1116.21 1188.76,0,vmhwm,Linux x86_64,20260924_111623
summary,TalkyG_Diffset,1,retail,minsup,0.002,1.0438,931.95,2692.0,0.623,1160.84,2692,True,0.6230 0.6086 0.6284,1164.44 1113.37 1160.84,0,vmhwm,Linux x86_64,20260924_111625
summary,TalkyG_Diffset,1,retail,minsup,0.005,0.9888,923.67,581.0,0.6061,1163.3,581,True,0.6061 0.5947 0.6158,1164.02 1110.89 1163.30,0,vmhwm,Linux x86_64,20260924_111627
summary,TalkyG_Diffset,1,retail,minsup,0.01,0.9906,928.52,160.0,0.6031,1155.65,160,True,0.5932 0.6031 0.6061,1154.54 1160.43 1155.65,0,vmhwm,Linux x86_64,20260924_111629
summary,TalkyG_Diffset,1,retail,minsup,0.02,0.9584,922.77,56.0,0.6012,1160.41,56,True,0.6012 0.6030 0.6002,1155.85 1160.57 1160.41,0,vmhwm,Linux x86_64,20260924_111631
summary,TalkyG_Diffset,1,accidents,minsup,0.3,4.4872,1065.36,149530.0,3.1233,1151.95,149530,True,3.1233 3.1351 3.0940,1151.95 1298.62 1061.36,0,vmhwm,Linux x86_64,20260924_111640
summary,TalkyG_Diffset,1,accidents,minsup,0.4,2.534,1019.08,32529.0,1.5555,848.88,32529,True,1.5555 1.5300 1.5687,848.88 887.14 845.36,0,vmhwm,Linux x86_64,20260924_111645
summary,TalkyG_Diffset,1,accidents,minsup,0.5,2.0967,558.92,8058.0,1.2459,824.22,8058,True,1.2414 1.2603 1.2459,776.67 824.22 834.60,0,vmhwm,Linux x86_64,20260924_111648
summary,TalkyG_Diffset,1,accidents,minsup,0.6,1.9745,552.56,2075.0,1.1479,790.38,2075,True,1.1476 1.1479 1.1512,820.48 764.85 790.38,0,vmhwm,Linux x86_64,20260924_111652
summary,TalkyG_Diffset,1,accidents,minsup,0.7,1.891,540.98,530.0,1.1223,726.36,530,True,1.1314 1.1095 1.1223,725.13 726.36 738.49,0,vmhwm,Linux x86_64,20260924_111655
summary,TalkyG_Diffset,1,accidents,minsup,0.8,1.8878,517.54,150.0,1.0921,673.77,150,True,1.0921 1.0939 1.0900,681.74 673.08 673.77,0,vmhwm,Linux x86_64,20260924_111658
summary,TalkyG_Diffset,1,pumsb,minsup,0.7,7.908,1089.25,658380.0,6.6818,969.04,658380,True,6.7346 6.6818 6.6752,973.60 963.64 969.04,0,vmhwm,Linux x86_64,20260924_111719
summary,TalkyG_Diffset,1,pumsb,minsup,0.75,2.6239,1026.03,248299.0,1.8205,957.79,248299,True,1.8166 1.8205 1.8274,952.30 958.03 957.79,0,vmhwm,Linux x86_64,20260924_111724
summary,TalkyG_Diffset,1,pumsb,minsup,0.8,1.6895,797.9,67836.0,1.026,958.17,67836,True,1.0260 1.0197 1.0264,958.17 957.71 958.44,0,vmhwm,Linux x86_64,20260924_111727
summary,TalkyG_Diffset,1,pumsb,minsup,0.85,1.439,505.22,13790.0,0.7851,481.93,13790,True,0.7851 0.7956 0.7845,469.16 628.16 481.93,0,vmhwm,Linux x86_64,20260924_111730
summary,TalkyG_Diffset,1,pumsb,minsup,0.9,1.3624,443.23,2031.0,0.7378,455.48,2031,True,0.7404 0.7352 0.7378,459.61 455.48 454.56,0,vmhwm,Linux x86_64,20260924_111732
summary,TalkyG_Diffset,1,pumsb,minsup,0.95,1.3718,443.27,142.0,0.7154,436.19,142,True,0.7154 0.7088 0.7160,435.40 436.71 436.19,0,vmhwm,Linux x86_64,20260924_111734
summary,Apriori_Gen_Borgelt,1,mushroom,minsup,0.05,0.3941,7.54,21390.0,0.212,6.57,21390,True,0.2120 0.2111 0.2167,6.57 6.58 6.54,0,vmhwm,Linux x86_64,20260924_111735
summary,Apriori_Gen_Borgelt,1,connect,minsup,0.4,8.9709,28.62,239372.0,6.4563,17.51,239372,True,6.4563 6.4577 6.4539,17.51 17.45 17.54,0,vmhwm,Linux x86_64,20260924_111754
summary,Apriori_Gen_Borgelt,1,connect,minsup,0.5,1.7041,22.35,130101.0,1.2209,17.21,130101,True,1.2210 1.2115 1.2209,17.21 17.20 17.27,0,vmhwm,Linux x86_64,20260924_111758
summary,Apriori_Gen_Borgelt,1,connect,minsup,0.6,0.5985,18.59,68343.0,0.4512,17.27,68343,True,0.4472 0.4512 0.4664,17.32 17.20 17.27,0,vmhwm,Linux x86_64,20260924_111759
summary,Apriori_Gen_Borgelt,1,connect,minsup,0.7,0.1958,10.82,35875.0,0.1273,17.22,35875,True,0.1251 0.1273 0.1286,17.22 17.27 17.21,0,vmhwm,Linux x86_64,20260924_111800
summary,Apriori_Gen_Borgelt,1,connect,minsup,0.8,0.15,10.72,15107.0,0.0894,17.25,15107,True,0.0898 0.0894 0.0854,17.26 17.20 17.25,0,vmhwm,Linux x86_64,20260924_111800
summary,Apriori_Gen_Borgelt,1,connect,minsup,0.9,0.1203,1.95,3486.0,0.0699,17.21,3486,True,0.0699 0.0696 0.0712,17.23 17.21 17.15,0,vmhwm,Linux x86_64,20260924_111800
summary,Apriori_Gen_Borgelt,1,chess,minsup,0.5,6.7456,16.68,372603.0,3.4445,15.5,372603,True,3.4427 3.4490 3.4445,15.50 15.51 15.50,0,vmhwm,Linux x86_64,20260924_111810
summary,Apriori_Gen_Borgelt,1,chess,minsup,0.6,1.0022,7.79,98418.0,0.5387,6.36,98418,True,0.5387 0.5314 0.5572,6.30 6.43 6.36,0,vmhwm,Linux x86_64,20260924_111812
summary,Apriori_Gen_Borgelt,1,chess,minsup,0.7,0.0867,2.02,23892.0,0.0475,3.95,23892,True,0.0475 0.0466 0.0558,3.95 3.97 3.95,0,vmhwm,Linux x86_64,20260924_111812
summary,Apriori_Gen_Borgelt,1,chess,minsup,0.8,0.0411,1.95,5083.0,0.0121,3.61,5083,True,0.0104 0.0121 0.0143,3.61 3.62 3.61,0,vmhwm,Linux x86_64,20260924_111812
summary,Apriori_Gen_Borgelt,1,t10i4d100k,minsup,0.001,0.1104,2.02,870.0,0.0611,18.84,870,True,0.0625 0.0611 0.0608,18.84 18.86 18.82,0,vmhwm,Linux x86_64,20260924_111813
summary,Apriori_Gen_Borgelt,1,t10i4d100k,minsup,0.002,0.1041,1.96,870.0,0.0635,18.86,870,True,0.0667 0.0635 0.0635,18.86 18.84 18.89,0,vmhwm,Linux x86_64,20260924_111813
summary,Apriori_Gen_Borgelt,1,t10i4d100k,minsup,0.005,0.1034,1.96,870.0,0.065,18.86,870,True,0.0669 0.0650 0.0618,18.82 18.86 18.89,0,vmhwm,Linux x86_64,20260924_111813
summary,Apriori_Gen_Borgelt,1,t10i4d100k,minsup,0.01,0.1045,2.0,869.0,0.0593,18.83,869,True,0.0591 0.0593 0.0640,18.83 18.79 18.84,0,vmhwm,Linux x86_64,20260924_111813
summary,Apriori_Gen_Borgelt,1,retail,minsup,0.0005,0.2796,48.67,19114.0,0.158,47.1,19114,True,0.1561 0.1580 0.1581,47.16 47.10 47.08,0,vmhwm,Linux x86_64,20260924_111814
summary,Apriori_Gen_Borgelt,1,retail,minsup,0.001,0.1707,26.14,7572.0,0.1082,24.31,7572,True,0.1082 0.1041 0.1091,24.20 24.31 24.31,0,vmhwm,Linux x86_64,20260924_111815
summary,Apriori_Gen_Borgelt,1,retail,minsup,0.002,0.1223,1.96,2691.0,0.0749,15.98,2691,True,0.0749 0.0739 0.0784,16.04 15.98 15.96,0,vmhwm,Linux x86_64,20260924_111815
summary,Apriori_Gen_Borgelt,1,retail,minsup,0.005,0.1028,1.95,580.0,0.0627,12.04,580,True,0.0668 0.0622 0.0627,12.09 12.04 12.02,0,vmhwm,Linux x86_64,20260924_111815
summary,Apriori_Gen_Borgelt,1,retail,minsup,0.01,0.0936,1.97,159.0,0.0538,11.92,159,True,0.0541 0.0538 0.0532,11.92 11.91 11.92,0,vmhwm,Linux x86_64,20260924_111815
summary,Apriori_Gen_Borgelt,1,retail,minsup,0.02,0.0879,1.95,55.0,0.0498,11.89,55,True,0.0481 0.0506 0.0498,11.91 11.67 11.89,0,vmhwm,Linux x86_64,20260924_111816
summary,Apriori_Gen_Borgelt,1,retail,minsup,0.2,0.0839,2.02,3.0,0.047,11.68,3,True,0.0475 0.0468 0.0470,11.68 11.17 11.73,0,vmhwm,Linux x86_64,20260924_111816
summary,Apriori_Gen_Borgelt,1,retail,minsup,0.3,0.0844,1.95,3.0,0.047,11.7,3,True,0.0468 0.0470 0.0472,11.67 11.76 11.70,0,vmhwm,Linux x86_64,20260924_111816
summary,Apriori_Gen_Borgelt,1,retail,minsup,0.5,0.0833,1.97,1.0,0.0451,11.67,1,True,0.0434 0.0464 0.0451,11.40 11.67 11.68,0,vmhwm,Linux x86_64,20260924_111816
summary,Apriori_Gen_Borgelt,1,accidents,minsup,0.4,11.6069,79.21,32528.0,8.26,62.16,32528,True,8.2805 8.2600 8.2492,62.16 62.13 62.16,0,vmhwm,Linux x86_64,20260924_111841
summary,Apriori_Gen_Borgelt,1,accidents,minsup,0.5,1.9537,68.93,8057.0,1.3671,61.69,8057,True,1.3725 1.3527 1.3671,61.72 61.63 61.69,0,vmhwm,Linux x86_64,20260924_111845
summary,Apriori_Gen_Borgelt,1,accidents,minsup,0.6,0.6597,64.42,2074.0,0.4831,61.22,2074,True,0.4883 0.4819 0.4831,61.24 61.11 61.22,0,vmhwm,Linux x86_64,20260924_111847
summary,Apriori_Gen_Borgelt,1,accidents,minsup,0.7,0.4832,62.06,529.0,0.3345,59.03,529,True,0.3362 0.3333 0.3345,58.99 61.62 59.03,0,vmhwm,Linux x86_64,20260924_111848
summary,Apriori_Gen_Borgelt,1,accidents,minsup,0.8,0.4519,60.4,149.0,0.3086,61.57,149,True,0.3086 0.3036 0.3095,61.57 61.57 61.57,0,vmhwm,Linux x86_64,20260924_111849
summary,Apriori_Gen_Borgelt,1,pumsb,minsup,0.7,2.7894,40.13,658379.0,1.6765,24.4,658379,True,1.6765 1.6789 1.6672,24.35 24.41 24.40,0,vmhwm,Linux x86_64,20260924_111854
summary,Apriori_Gen_Borgelt,1,pumsb,minsup,0.75,0.761,27.27,248298.0,0.484,18.71,248298,True,0.4795 0.4908 0.4840,18.71 18.73 18.71,0,vmhwm,Linux x86_64,20260924_111856
summary,Apriori_Gen_Borgelt,1,pumsb,minsup,0.8,0.322,21.12,67835.0,0.2125,18.65,67835,True,0.2125 0.2131 0.2115,18.71 18.60 18.65,0,vmhwm,Linux x86_64,20260924_111856
summary,Apriori_Gen_Borgelt,1,pumsb,minsup,0.85,0.1909,19.89,13789.0,0.1226,18.7,13789,True,0.1220 0.1226 0.1249,18.60 18.70 18.78,0,vmhwm,Linux x86_64,20260924_111857
summary,Apriori_Gen_Borgelt,1,pumsb,minsup,0.9,0.1517,19.93,2030.0,0.0967,18.71,2030,True,0.0975 0.0947 0.0967,18.77 18.70 18.71,0,vmhwm,Linux x86_64,20260924_111857
summary,Apriori_Gen_Borgelt,1,pumsb,minsup,0.95,0.1403,1.96,141.0,0.089,18.7,141,True,0.0890 0.0871 0.1089,18.70 18.68 18.71,0,vmhwm,Linux x86_64,20260924_111857
summary,Eclat_Gen_Borgelt,1,mushroom,minsup,0.05,0.1285,1.97,21390.0,0.0366,15.64,21390,True,0.0341 0.0373 0.0366,15.64 15.72 15.64,0,vmhwm,Linux x86_64,20260924_111857
summary,Eclat_Gen_Borgelt,1,connect,minsup,0.2,1.3963,165.0,1482861.0,0.9549,148.02,1482861,True,0.9601 0.9549 0.9459,147.00 148.02 149.15,0,vmhwm,Linux x86_64,20260924_111901
summary,Eclat_Gen_Borgelt,1,connect,minsup,0.3,0.4831,56.8,460356.0,0.3196,46.51,460356,True,0.3196 0.3241 0.3153,46.51 45.89 47.43,0,vmhwm,Linux x86_64,20260924_111902
summary,Eclat_Gen_Borgelt,1,connect,minsup,0.4,0.2887,42.69,239372.0,0.1932,34.42,239372,True,0.1982 0.1922 0.1932,34.42 34.41 34.44,0,vmhwm,Linux x86_64,20260924_111902
summary,Eclat_Gen_Borgelt,1,connect,minsup,0.5,0.2122,18.71,130101.0,0.1403,25.71,130101,True,0.1588 0.1403 0.1401,25.71 25.75 25.60,0,vmhwm,Linux x86_64,20260924_111903
summary,Eclat_Gen_Borgelt,1,connect,minsup,0.6,0.1744,15.91,68343.0,0.1188,25.1,68343,True,0.1242 0.1164 0.1188,24.99 25.10 25.10,0,vmhwm,Linux x86_64,20260924_111903
summary,Eclat_Gen_Borgelt,1,connect,minsup,0.7,0.1497,19.13,35875.0,0.093,25.08,35875,True,0.0930 0.0928 0.0968,25.08 25.04 25.11,0,vmhwm,Linux x86_64,20260924_111904
summary,Eclat_Gen_Borgelt,1,connect,minsup,0.8,0.142,19.03,15107.0,0.0852,24.72,15107,True,0.0871 0.0843 0.0852,24.81 24.72 24.58,0,vmhwm,Linux x86_64,20260924_111904
summary,Eclat_Gen_Borgelt,1,connect,minsup,0.9,0.1224,2.0,3486.0,0.0736,20.91,3486,True,0.0736 0.0735 0.0740,20.93 20.91 20.19,0,vmhwm,Linux x86_64,20260924_111904
summary,Eclat_Gen_Borgelt,1,chess,minsup,0.3,4.9011,502.61,5601828.0,3.1402,500.23,5601828,True,3.1407 3.1402 3.1137,499.79 500.23 502.70,0,vmhwm,Linux x86_64,20260924_111914
summary,Eclat_Gen_Borgelt,1,chess,minsup,0.4,1.1837,133.01,1396842.0,0.6688,117.62,1396842,True,0.6688 0.6696 0.6662,117.62 117.58 119.36,0,vmhwm,Linux x86_64,20260924_111917
summary,Eclat_Gen_Borgelt,1,chess,minsup,0.5,0.2664,41.57,372603.0,0.1569,42.34,372603,True,0.1569 0.1498 0.1590,42.34 42.32 42.35,0,vmhwm,Linux x86_64,20260924_111917
summary,Eclat_Gen_Borgelt,1,chess,minsup,0.6,0.0902,1.97,98418.0,0.0477,20.1,98418,True,0.0529 0.0466 0.0477,20.14 19.99 20.10,0,vmhwm,Linux x86_64,20260924_111917
summary,Eclat_Gen_Borgelt,1,chess,minsup,0.7,0.048,1.95,23892.0,0.0184,13.25,23892,True,0.0270 0.0184 0.0169,13.27 13.11 13.25,0,vmhwm,Linux x86_64,20260924_111917
summary,Eclat_Gen_Borgelt,1,chess,minsup,0.8,0.0366,2.02,5083.0,0.0113,8.67,5083,True,0.0097 0.0125 0.0113,8.70 8.43 8.67,0,vmhwm,Linux x86_64,20260924_111917
summary,Eclat_Gen_Borgelt,1,t10i4d100k,minsup,0.001,0.1185,1.97,870.0,0.0746,25.74,870,True,0.0730 0.0820 0.0746,25.73 25.84 25.74,0,vmhwm,Linux x86_64,20260924_111918
summary,Eclat_Gen_Borgelt,1,t10i4d100k,minsup,0.002,0.1146,1.97,870.0,0.0743,25.78,870,True,0.0743 0.0732 0.0746,25.79 25.78 25.77,0,vmhwm,Linux x86_64,20260924_111918
summary,Eclat_Gen_Borgelt,1,t10i4d100k,minsup,0.005,0.127,2.02,870.0,0.075,25.77,870,True,0.0750 0.0742 0.0760,25.79 25.71 25.77,0,vmhwm,Linux x86_64,20260924_111918
summary,Eclat_Gen_Borgelt,1,t10i4d100k,minsup,0.01,0.1206,1.97,869.0,0.0739,25.77,869,True,0.0770 0.0739 0.0721,25.77 25.72 25.82,0,vmhwm,Linux x86_64,20260924_111919
summary,Eclat_Gen_Borgelt,1,retail,minsup,0.0005,0.1872,25.83,19114.0,0.1091,32.11,19114,True,0.1080 0.1138 0.1091,32.14 32.08 32.11,0,vmhwm,Linux x86_64,20260924_111920
summary,Eclat_Gen_Borgelt,1,retail,minsup,0.001,0.1778,24.48,7572.0,0.0919,28.2,7572,True,0.0919 0.0995 0.0916,28.25 28.20 28.19,0,vmhwm,Linux x86_64,20260924_111920
summary,Eclat_Gen_Borgelt,1,retail,minsup,0.002,0.1208,1.97,2691.0,0.0784,22.86,2691,True,0.0794 0.0784 0.0743,22.86 22.86 22.81,0,vmhwm,Linux x86_64,20260924_111920
summary,Eclat_Gen_Borgelt,1,retail,minsup,0.005,0.1037,1.96,580.0,0.0597,17.57,580,True,0.0600 0.0586 0.0597,17.56 17.57 17.62,0,vmhwm,Linux x86_64,20260924_111920
summary,Eclat_Gen_Borgelt,1,retail,minsup,0.01,0.0956,1.95,159.0,0.0529,14.04,159,True,0.0529 0.0537 0.0517,14.06 13.98 14.04,0,vmhwm,Linux x86_64,20260924_111921
summary,Eclat_Gen_Borgelt,1,retail,minsup,0.02,0.0909,2.01,55.0,0.0544,12.38,55,True,0.0544 0.0506 0.0552,11.70 12.38 12.42,0,vmhwm,Linux x86_64,20260924_111921
summary,Eclat_Gen_Borgelt,1,retail,minsup,0.2,0.0865,1.99,3.0,0.0491,11.79,3,True,0.0461 0.0491 0.0493,11.69 11.79 11.79,0,vmhwm,Linux x86_64,20260924_111921
summary,Eclat_Gen_Borgelt,1,retail,minsup,0.3,0.0863,1.96,3.0,0.0459,11.78,3,True,0.0480 0.0440 0.0459,11.77 11.79 11.78,0,vmhwm,Linux x86_64,20260924_111921
summary,Eclat_Gen_Borgelt,1,retail,minsup,0.5,0.086,1.97,1.0,0.0461,11.4,1,True,0.0442 0.0493 0.0461,11.40 11.75 11.37,0,vmhwm,Linux x86_64,20260924_111921
summary,Eclat_Gen_Borgelt,1,accidents,minsup,0.3,1.5358,130.09,149529.0,0.9889,119.39,149529,True,1.0057 0.9790 0.9889,119.39 119.33 119.43,0,vmhwm,Linux x86_64,20260924_111925
summary,Eclat_Gen_Borgelt,1,accidents,minsup,0.4,1.2739,113.22,32528.0,0.7314,110.62,32528,True,0.7278 0.7350 0.7314,110.80 110.45 110.62,0,vmhwm,Linux x86_64,20260924_111927
summary,Eclat_Gen_Borgelt,1,accidents,minsup,0.5,0.6943,64.51,8057.0,0.4974,79.4,8057,True,0.4904 0.5044 0.4974,81.18 77.39 79.40,0,vmhwm,Linux x86_64,20260924_111928
summary,Eclat_Gen_Borgelt,1,accidents,minsup,0.6,0.5833,63.03,2074.0,0.4086,61.43,2074,True,0.4086 0.4081 0.4120,61.43 61.74 61.37,0,vmhwm,Linux x86_64,20260924_111930
summary,Eclat_Gen_Borgelt,1,accidents,minsup,0.7,0.5315,63.05,529.0,0.3524,61.64,529,True,0.3584 0.3485 0.3524,61.64 61.68 59.10,0,vmhwm,Linux x86_64,20260924_111931
summary,Eclat_Gen_Borgelt,1,accidents,minsup,0.8,0.501,60.41,149.0,0.3181,61.69,149,True,0.3156 0.3189 0.3181,61.66 61.69 61.69,0,vmhwm,Linux x86_64,20260924_111932
summary,Eclat_Gen_Borgelt,1,pumsb,minsup,0.6,3.0712,297.62,2853041.0,1.8571,280.64,2853041,True,1.8636 1.8571 1.8569,279.68 281.63 280.64,0,vmhwm,Linux x86_64,20260924_111938
summary,Eclat_Gen_Borgelt,1,pumsb,minsup,0.7,0.6505,78.61,658379.0,0.3982,63.54,658379,True,0.4162 0.3982 0.3903,59.84 63.54 64.48,0,vmhwm,Linux x86_64,20260924_111939
summary,Eclat_Gen_Borgelt,1,pumsb,minsup,0.75,0.3105,41.31,248298.0,0.1957,32.29,248298,True,0.1957 0.1941 0.2002,32.32 32.23 32.29,0,vmhwm,Linux x86_64,20260924_111940
summary,Eclat_Gen_Borgelt,1,pumsb,minsup,0.8,0.2016,19.89,67835.0,0.1222,26.66,67835,True,0.1222 0.1218 0.1236,26.66 26.71 26.65,0,vmhwm,Linux x86_64,20260924_111941
summary,Eclat_Gen_Borgelt,1,pumsb,minsup,0.85,0.1586,23.47,13789.0,0.1082,25.7,13789,True,0.1050 0.1082 0.1088,25.70 25.80 24.79,0,vmhwm,Linux x86_64,20260924_111941
summary,Eclat_Gen_Borgelt,1,pumsb,minsup,0.9,0.1505,19.89,2030.0,0.0944,21.2,2030,True,0.0944 0.0922 0.0949,21.22 21.11 21.20,0,vmhwm,Linux x86_64,20260924_111941
summary,Eclat_Gen_Borgelt,1,pumsb,minsup,0.95,0.1457,15.44,141.0,0.0878,18.75,141,True,0.0898 0.0878 0.0871,18.75 18.79 18.73,0,vmhwm,Linux x86_64,20260924_111941
summary,FPgrowth_Gen_Borgelt,1,mushroom,minsup,0.05,0.1099,1.94,21390.0,0.0212,15.09,21390,True,0.0212 0.0250 0.0210,15.05 15.16 15.09,0,vmhwm,Linux x86_64,20260924_111942
summary,FPgrowth_Gen_Borgelt,1,connect,minsup,0.2,1.0639,149.56,1482861.0,0.6854,145.61,1482861,True,0.6810 0.6854 0.7120,145.77 145.61 140.51,0,vmhwm,Linux x86_64,20260924_111944
summary,FPgrowth_Gen_Borgelt,1,connect,minsup,0.3,0.3679,62.73,460356.0,0.2305,52.36,460356,True,0.2360 0.2274 0.2305,52.42 52.34 52.36,0,vmhwm,Linux x86_64,20260924_111945
summary,FPgrowth_Gen_Borgelt,1,connect,minsup,0.4,0.2495,18.71,239372.0,0.1523,32.42,239372,True,0.1556 0.1522 0.1523,32.42 32.40 32.58,0,vmhwm,Linux x86_64,20260924_111945
summary,FPgrowth_Gen_Borgelt,1,connect,minsup,0.5,0.2039,16.54,130101.0,0.1205,25.52,130101,True,0.1291 0.1198 0.1205,25.50 25.52 25.53,0,vmhwm,Linux x86_64,20260924_111946
summary,FPgrowth_Gen_Borgelt,1,connect,minsup,0.6,0.1715,18.72,68343.0,0.1046,25.28,68343,True,0.1031 0.1046 0.1099,25.28 25.33 25.23,0,vmhwm,Linux x86_64,20260924_111946
summary,FPgrowth_Gen_Borgelt,1,connect,minsup,0.7,0.1522,20.53,35875.0,0.0846,25.17,35875,True,0.0866 0.0846 0.0844,25.17 25.21 25.17,0,vmhwm,Linux x86_64,20260924_111946
summary,FPgrowth_Gen_Borgelt,1,connect,minsup,0.8,0.1354,1.95,15107.0,0.081,24.59,15107,True,0.0794 0.0810 0.0820,24.39 24.87 24.59,0,vmhwm,Linux x86_64,20260924_111947
summary,FPgrowth_Gen_Borgelt,1,connect,minsup,0.9,0.1233,1.95,3486.0,0.0677,19.64,3486,True,0.0677 0.0661 0.0689,19.39 19.64 19.72,0,vmhwm,Linux x86_64,20260924_111947
summary,FPgrowth_Gen_Borgelt,1,chess,minsup,0.3,4.3606,502.5,5601828.0,2.6837,507.08,5601828,True,2.6731 2.6837 2.6925,508.33 507.08 504.77,0,vmhwm,Linux x86_64,20260924_111956
summary,FPgrowth_Gen_Borgelt,1,chess,minsup,0.4,1.0018,131.09,1396842.0,0.5515,116.08,1396842,True,0.5538 0.5515 0.5441,115.60 116.08 117.65,0,vmhwm,Linux x86_64,20260924_111958
summary,FPgrowth_Gen_Borgelt,1,chess,minsup,0.5,0.2381,29.42,372603.0,0.1118,42.49,372603,True,0.1179 0.1112 0.1118,42.44 42.49 42.54,0,vmhwm,Linux x86_64,20260924_111958
summary,FPgrowth_Gen_Borgelt,1,chess,minsup,0.6,0.0809,1.98,98418.0,0.0345,19.88,98418,True,0.0345 0.0342 0.0369,19.87 19.98 19.88,0,vmhwm,Linux x86_64,20260924_111958
summary,FPgrowth_Gen_Borgelt,1,chess,minsup,0.7,0.0476,1.97,23892.0,0.0161,13.23,23892,True,0.0165 0.0154 0.0161,13.18 13.23 13.31,0,vmhwm,Linux x86_64,20260924_111958
summary,FPgrowth_Gen_Borgelt,1,chess,minsup,0.8,0.0409,1.96,5083.0,0.0121,8.58,5083,True,0.0121 0.0139 0.0115,8.57 8.58 8.73,0,vmhwm,Linux x86_64,20260924_111958
summary,FPgrowth_Gen_Borgelt,1,chess,minsup,0.9,0.0362,1.97,498.0,0.0076,4.18,498,True,0.0079 0.0076 0.0075,2.08 4.27 4.18,0,vmhwm,Linux x86_64,20260924_111958
summary,FPgrowth_Gen_Borgelt,1,t10i4d100k,minsup,0.001,0.1743,42.54,870.0,0.1084,41.01,870,True,0.1065 0.1084 0.1087,41.01 41.00 41.07,0,vmhwm,Linux x86_64,20260924_111959
summary,FPgrowth_Gen_Borgelt,1,t10i4d100k,minsup,0.002,0.1641,42.54,870.0,0.1091,41.05,870,True,0.1078 0.1129 0.1091,41.05 41.05 40.93,0,vmhwm,Linux x86_64,20260924_111959
summary,FPgrowth_Gen_Borgelt,1,t10i4d100k,minsup,0.005,0.1686,42.55,870.0,0.1086,41.01,870,True,0.1088 0.1086 0.1040,41.01 41.02 41.01,0,vmhwm,Linux x86_64,20260924_111959
summary,FPgrowth_Gen_Borgelt,1,t10i4d100k,minsup,0.01,0.1646,42.51,869.0,0.1104,40.96,869,True,0.1118 0.1104 0.1075,40.99 40.93 40.96,0,vmhwm,Linux x86_64,20260924_112000
summary,FPgrowth_Gen_Borgelt,1,retail,minsup,0.0005,0.2084,42.55,19114.0,0.1402,41.7,19114,True,0.1354 0.1439 0.1402,41.75 41.70 41.66,0,vmhwm,Linux x86_64,20260924_112001
summary,FPgrowth_Gen_Borgelt,1,retail,minsup,0.001,0.1561,36.3,7572.0,0.1095,34.68,7572,True,0.1093 0.1095 0.1210,34.69 34.68 34.68,0,vmhwm,Linux x86_64,20260924_112001
summary,FPgrowth_Gen_Borgelt,1,retail,minsup,0.002,0.1248,1.95,2691.0,0.084,25.72,2691,True,0.0840 0.0859 0.0830,25.68 25.72 25.79,0,vmhwm,Linux x86_64,20260924_112001
summary,FPgrowth_Gen_Borgelt,1,retail,minsup,0.005,0.101,1.97,580.0,0.0569,16.75,580,True,0.0569 0.0631 0.0568,16.75 16.79 16.73,0,vmhwm,Linux x86_64,20260924_112002
summary,FPgrowth_Gen_Borgelt,1,retail,minsup,0.01,0.0917,1.96,159.0,0.0522,13.51,159,True,0.0522 0.0533 0.0512,13.50 13.51 13.52,0,vmhwm,Linux x86_64,20260924_112002
summary,FPgrowth_Gen_Borgelt,1,retail,minsup,0.02,0.0902,1.95,55.0,0.0481,11.95,55,True,0.0484 0.0476 0.0481,12.20 11.82 11.95,0,vmhwm,Linux x86_64,20260924_112002
summary,FPgrowth_Gen_Borgelt,1,retail,minsup,0.2,0.0861,1.95,3.0,0.0443,11.78,3,True,0.0447 0.0436 0.0443,11.82 11.72 11.78,0,vmhwm,Linux x86_64,20260924_112002
summary,FPgrowth_Gen_Borgelt,1,retail,minsup,0.3,0.0848,1.97,3.0,0.0451,11.81,3,True,0.0451 0.0451 0.0448,11.81 11.55 11.81,0,vmhwm,Linux x86_64,20260924_112002
summary,FPgrowth_Gen_Borgelt,1,retail,minsup,0.5,0.0851,1.96,1.0,0.0442,11.78,1,True,0.0486 0.0442 0.0440,11.39 11.78 11.88,0,vmhwm,Linux x86_64,20260924_112003
summary,Arima,5,accidents,maxsup,0.3,15.0186,292.45,5096.0,13.7258,268.65,5096,True,11.7631 14.2233 13.7258,267.24 294.50 268.65,0,vmhwm,Linux x86_64,20260924_112049
summary,VGEN,2,leviathan,minsup,0.008,0.6477,352.46,1,0.3417,418.34,1,True,0.3417 0.3568 0.3324,409.99 418.34 421.16,0,vmhwm,Linux x86_64,20260924_112130
summary,VGEN,2,leviathan,minsup,0.006,0.9015,422.33,205,0.3786,451.14,205,True,0.3774 0.3881 0.3786,452.13 450.94 451.14,0,vmhwm,Linux x86_64,20260924_112132
summary,VGEN,2,leviathan,minsup,0.005,0.8032,455.93,1614,0.5624,498.45,1614,True,0.5624 0.5915 0.4913,492.78 498.45 501.45,0,vmhwm,Linux x86_64,20260924_112133
summary,VGEN,2,leviathan,minsup,0.004,1.8264,537.03,5398,1.0836,646.95,5398,True,1.0836 1.0829 1.0961,643.97 650.70 646.95,0,vmhwm,Linux x86_64,20260924_112136
summary,VGEN,2,leviathan,minsup,0.003,2.8682,724.3,8436,1.7948,812.31,8436,True,1.7818 1.8105 1.7948,816.58 802.75 812.31,0,vmhwm,Linux x86_64,20260924_112142
summary,VGEN,2,bible,minsup,0.0025,1.6607,1839.91,11,0.7564,1738.07,11,True,0.7564 0.7492 0.7720,1738.07 1744.27 1735.57,0,vmhwm,Linux x86_64,20260924_112144
summary,VGEN,2,bible,minsup,0.002,1.7232,1778.3,1756,0.9583,1836.86,1756,True,0.9538 1.0024 0.9583,1836.37 1836.86 1838.83,0,vmhwm,Linux x86_64,20260924_112147
summary,VGEN,2,bible,minsup,0.0015,6.337,2438.56,12075,4.1578,2505.72,12075,True,4.1257 4.1747 4.1578,2505.72 2517.35 2494.76,0,vmhwm,Linux x86_64,20260924_112159
summary,VGEN,2,bible,minsup,0.00125,7.871,2748.0,13794,5.0613,2719.83,13794,True,4.9516 5.0635 5.0613,2663.90 2719.83 2728.86,0,vmhwm,Linux x86_64,20260924_112215
summary,VGEN,2,bible,minsup,0.001,8.3342,3045.96,13906,5.0782,2653.66,13906,True,5.0790 5.0747 5.0782,2653.66 2648.28 2653.88,0,vmhwm,Linux x86_64,20260924_112230
summary,VGEN,2,sign,minsup,0.05,1.0277,116.14,268,0.3356,128.31,268,True,0.3459 0.3234 0.3356,117.88 131.71 128.31,0,vmhwm,Linux x86_64,20260924_112231
summary,VGEN,2,sign,minsup,0.04,0.5767,116.5,399,0.3341,130.97,399,True,0.3462 0.3170 0.3341,133.26 130.97 129.25,0,vmhwm,Linux x86_64,20260924_112232
summary,VGEN,2,sign,minsup,0.03,0.9789,296.49,9327,0.6754,406.88,9327,True,0.6756 0.6754 0.6539,406.88 406.36 410.83,0,vmhwm,Linux x86_64,20260924_112234
summary,VGEN,2,sign,minsup,0.025,2.8134,920.88,23903,2.2242,839.24,23903,True,2.2967 2.1840 2.2242,839.24 842.60 817.61,0,vmhwm,Linux x86_64,20260924_112240
summary,VGEN,2,sign,minsup,0.02,12.7679,1292.99,51178,10.3495,1094.57,51178,True,10.3495 10.3771 9.9115,1084.73 1310.75 1094.57,0,vmhwm,Linux x86_64,20260924_112311
summary,VGEN,2,sign,minsup,0.015,24.8516,1267.51,68065,19.3161,1121.84,68065,True,19.9386 19.2296 19.3161,1121.84 1316.47 1109.73,0,vmhwm,Linux x86_64,20260924_112410
summary,FEAT,2,leviathan,minsup,0.008,0.4795,135.52,0,0.2676,137.62,0,True,0.2700 0.2676 0.2467,137.62 151.64 134.26,0,vmhwm,Linux x86_64,20260924_112410
summary,FEAT,2,leviathan,minsup,0.006,0.5631,136.9,315,0.3081,146.82,315,True,0.3081 0.3030 0.3121,146.82 147.54 146.47,0,vmhwm,Linux x86_64,20260924_112411
summary,FEAT,2,leviathan,minsup,0.005,0.8079,299.01,2076,0.5311,411.11,2076,True,0.5311 0.5094 0.5351,413.44 359.90 411.11,0,vmhwm,Linux x86_64,20260924_112413
summary,FEAT,2,leviathan,minsup,0.004,1.3951,421.13,6103,1.0253,613.57,6103,True,1.0356 1.0196 1.0253,587.84 617.01 613.57,0,vmhwm,Linux x86_64,20260924_112416
summary,FEAT,2,leviathan,minsup,0.003,1.8103,420.36,8666,1.3293,625.95,8666,True,1.3293 1.3215 1.3335,625.95 621.98 628.14,0,vmhwm,Linux x86_64,20260924_112420
summary,FEAT,2,bible,minsup,0.0025,0.8325,327.4,15,0.4776,349.76,15,True,0.4800 0.4776 0.4750,308.50 349.76 350.98,0,vmhwm,Linux x86_64,20260924_112421
summary,FEAT,2,bible,minsup,0.002,1.7206,1258.44,2134,1.3892,1417.67,2134,True,1.3777 1.3892 1.4100,1405.83 1417.67 1439.44,0,vmhwm,Linux x86_64,20260924_112426
summary,FEAT,2,bible,minsup,0.0015,7.1067,1273.09,12462,6.2548,1516.21,12462,True,6.0588 6.2694 6.2548,849.38 1516.21 1528.50,0,vmhwm,Linux x86_64,20260924_112444
summary,FEAT,2,bible,minsup,0.00125,7.9812,1357.62,13833,6.9927,1506.75,13833,True,6.9927 6.9254 7.0018,1504.58 1506.75 1510.15,0,vmhwm,Linux x86_64,20260924_112505
summary,FEAT,2,bible,minsup,0.001,7.9807,1156.36,13905,6.9611,1529.64,13905,True,6.9299 7.0172 6.9611,1527.96 1529.64 1538.79,0,vmhwm,Linux x86_64,20260924_112526
summary,FEAT,2,sign,minsup,0.05,0.6556,220.41,267,0.4303,316.56,267,True,0.4303 0.4074 0.4399,316.56 330.63 308.28,0,vmhwm,Linux x86_64,20260924_112527
summary,FEAT,2,sign,minsup,0.04,0.9217,238.16,526,0.6105,393.16,526,True,0.6122 0.6105 0.6085,393.47 392.73 393.16,0,vmhwm,Linux x86_64,20260924_112529
summary,FEAT,2,sign,minsup,0.03,10.5918,235.46,13128,7.7032,380.91,13128,True,7.6863 7.7032 7.8510,375.52 380.91 404.91,0,vmhwm,Linux x86_64,20260924_112552
summary,FEAT,2,sign,minsup,0.025,22.2996,257.39,30445,17.4633,414.07,30445,True,17.2765 17.6093 17.4633,414.07 407.50 414.96,0,vmhwm,Linux x86_64,20260924_112645
summary,FSGP,2,leviathan,minsup,0.008,0.4908,138.05,0,0.2594,150.06,0,True,0.2547 0.2594 0.2661,127.22 150.55 150.06,0,vmhwm,Linux x86_64,20260924_112646
summary,FSGP,2,leviathan,minsup,0.006,0.6355,138.32,315,0.3058,147.02,315,True,0.3045 0.3112 0.3058,147.02 146.77 147.74,0,vmhwm,Linux x86_64,20260924_112646
summary,FSGP,2,leviathan,minsup,0.005,0.8066,309.25,2076,0.5364,414.44,2076,True,0.5246 0.5447 0.5364,420.53 414.44 410.83,0,vmhwm,Linux x86_64,20260924_112648
summary,FSGP,2,leviathan,minsup,0.004,1.4304,418.06,6103,1.0118,605.25,6103,True,0.9918 1.0203 1.0118,605.25 625.03 605.05,0,vmhwm,Linux x86_64,20260924_112651
summary,FSGP,2,leviathan,minsup,0.003,1.8215,420.59,8666,1.3356,641.8,8666,True,1.3842 1.3356 1.3256,823.46 617.26 641.80,0,vmhwm,Linux x86_64,20260924_112655
summary,FSGP,2,bible,minsup,0.0025,0.8398,336.34,15,0.4732,340.15,15,True,0.4713 0.4732 0.4778,340.15 339.76 350.15,0,vmhwm,Linux x86_64,20260924_112657
summary,FSGP,2,bible,minsup,0.002,1.7675,1220.04,2134,1.4048,1439.06,2134,True,1.4048 1.4088 1.3885,1439.06 1450.39 1398.04,0,vmhwm,Linux x86_64,20260924_112701
summary,FSGP,2,bible,minsup,0.0015,7.1146,1274.83,12462,6.2945,1500.36,12462,True,6.2770 6.3150 6.2945,1478.00 1500.36 1528.84,0,vmhwm,Linux x86_64,20260924_112720
summary,FSGP,2,bible,minsup,0.00125,7.9757,1347.53,13833,6.9587,1535.54,13833,True,6.9587 6.9673 6.9288,1535.54 1537.53 1530.70,0,vmhwm,Linux x86_64,20260924_112740
summary,FSGP,2,bible,minsup,0.001,8.5817,1328.09,13905,7.0012,1531.2,13905,True,7.0105 6.9370 7.0012,1531.20 1493.03 1532.05,0,vmhwm,Linux x86_64,20260924_112801
summary,FSGP,2,sign,minsup,0.05,0.6509,221.82,267,0.4168,331.27,267,True,0.4085 0.4185 0.4168,334.46 330.82 331.27,0,vmhwm,Linux x86_64,20260924_112803
summary,FSGP,2,sign,minsup,0.04,0.7211,229.98,526,0.4619,350.57,526,True,0.4591 0.4619 0.4798,350.57 332.30 388.03,0,vmhwm,Linux x86_64,20260924_112804
summary,FSGP,2,sign,minsup,0.03,1.8237,501.06,13128,1.2374,618.9,13128,True,1.2137 1.2374 1.2471,495.41 623.67 618.90,0,vmhwm,Linux x86_64,20260924_112808
summary,FSGP,2,sign,minsup,0.025,2.9213,747.84,30445,2.083,769.55,30445,True,2.0786 2.0830 2.1055,771.81 764.55 769.55,0,vmhwm,Linux x86_64,20260924_112814
summary,FSGP,2,sign,minsup,0.02,4.4635,1083.85,56952,3.2525,993.49,56952,True,3.2090 3.2525 3.2636,993.49 1174.06 965.52,0,vmhwm,Linux x86_64,20260924_112824
summary,FSGP,2,sign,minsup,0.015,5.6742,1099.18,69710,4.0357,1194.24,69710,True,4.0357 4.0587 4.0260,1194.24 1225.72 1180.58,0,vmhwm,Linux x86_64,20260924_112836
extra,Eclat_Gen_Borgelt,1,mushroom,minsup,0.2,0.0191,3.43,1703,0.0113,6.46,1703,True,0.0145 0.0109 0.0113,6.46 6.52 6.43,0,vmhwm,Linux x86_64,20260924_112836
extra,Apriori_Gen_Borgelt,1,mushroom,minsup,0.2,0.029,3.4,1703,0.0211,4.21,1703,True,0.0211 0.0193 0.0245,4.26 4.21 4.21,0,vmhwm,Linux x86_64,20260924_112836
extra,FPgrowth_Gen_Borgelt,1,mushroom,minsup,0.2,0.0133,3.68,1703,0.011,5.12,1703,True,0.0110 0.0114 0.0101,5.12 4.98 6.11,0,vmhwm,Linux x86_64,20260924_112836
extra,DefMe,1,mushroom,minsup,0.2,0.4357,133.41,1704,0.2147,122.12,1704,True,0.2304 0.2147 0.2135,127.10 122.12 120.34,0,vmhwm,Linux x86_64,20260924_112837
extra,TalkyG_Diffset,1,mushroom,minsup,0.2,0.3282,89.1,1852,0.2232,97.7,1852,True,0.2215 0.2248 0.2232,97.70 98.69 97.36,0,vmhwm,Linux x86_64,20260924_112837
extra,Talky_G,1,mushroom,minsup,0.2,0.3739,93.45,1852,0.2283,97.23,1852,True,0.2283 0.2312 0.2206,99.52 97.23 94.89,0,vmhwm,Linux x86_64,20260924_112838
extra,Apriori_Gen_Borgelt,1,mushroom,minsup,0.3,0.0092,3.57,543,0.0098,4.21,543,True,0.0108 0.0098 0.0089,4.19 4.24 4.21,0,vmhwm,Linux x86_64,20260924_112838
extra,DefMe,1,mushroom,minsup,0.3,0.2292,97.45,544,0.2061,95.62,544,True,0.1995 0.2061 0.2089,94.36 95.75 95.62,0,vmhwm,Linux x86_64,20260924_112839
extra,Eclat_Gen_Borgelt,1,mushroom,minsup,0.3,0.0097,3.66,543,0.009,4.28,543,True,0.0107 0.0090 0.0089,4.55 4.27 4.28,0,vmhwm,Linux x86_64,20260924_112839
extra,Pascal,1,mushroom,minsup,0.2,1.2499,102.18,1703,1.027,119.42,1703,True,1.0270 1.0313 0.8977,124.34 119.42 107.86,0,vmhwm,Linux x86_64,20260924_112842
extra,FPgrowth_Gen_Borgelt,1,mushroom,minsup,0.3,0.0096,0.19,543,0.0081,4.03,543,True,0.0089 0.0081 0.0076,2.89 4.03 4.39,0,vmhwm,Linux x86_64,20260924_112842
extra,TalkyG_Diffset,1,mushroom,minsup,0.3,0.2836,87.22,551,0.2261,98.35,551,True,0.2281 0.2225 0.2261,96.54 99.92 98.35,0,vmhwm,Linux x86_64,20260924_112843
extra,Pascal,1,mushroom,minsup,0.3,0.5063,97.87,543,0.3818,97.36,543,True,0.3725 0.3818 0.3878,97.51 97.36 94.80,0,vmhwm,Linux x86_64,20260924_112844
extra,Talky_G,1,mushroom,minsup,0.3,0.3002,90.58,551,0.2209,98.49,551,True,0.2209 0.2149 0.2335,94.15 98.77 98.49,0,vmhwm,Linux x86_64,20260924_112844
extra,Apriori_Gen_Borgelt,1,mushroom,minsup,0.5,0.0143,0.02,52,0.0081,2.74,52,True,0.0081 0.0089 0.0070,2.74 3.98 2.69,0,vmhwm,Linux x86_64,20260924_112844
extra,DefMe,1,mushroom,minsup,0.5,0.2374,90.29,53,0.1961,97.36,53,True,0.1937 0.1961 0.2052,97.36 96.09 101.43,0,vmhwm,Linux x86_64,20260924_112845
extra,Eclat_Gen_Borgelt,1,mushroom,minsup,0.5,0.0197,3.8,52,0.0071,2.79,52,True,0.0115 0.0071 0.0071,3.98 2.79 2.79,0,vmhwm,Linux x86_64,20260924_112845
extra,FPgrowth_Gen_Borgelt,1,mushroom,minsup,0.5,0.0124,0.24,52,0.008,4.21,52,True,0.0097 0.0072 0.0080,3.96 4.29 4.21,0,vmhwm,Linux x86_64,20260924_112845
extra,Pascal,1,mushroom,minsup,0.5,0.2436,94.57,52,0.2239,97.04,52,True,0.2211 0.2283 0.2239,99.40 95.82 97.04,0,vmhwm,Linux x86_64,20260924_112846
extra,Zart,1,mushroom,minsup,0.3,1.5854,217.8,544,1.2302,195.25,544,True,1.2526 1.2269 1.2302,193.61 195.25 207.32,0,vmhwm,Linux x86_64,20260924_112849
extra,TalkyG_Diffset,1,mushroom,minsup,0.5,0.3063,93.32,52,0.2137,100.42,52,True,0.2226 0.2128 0.2137,94.25 100.42 101.37,0,vmhwm,Linux x86_64,20260924_112850
extra,Talky_G,1,mushroom,minsup,0.5,0.3431,95.43,52,0.2135,98.18,52,True,0.2315 0.2132 0.2135,99.45 96.73 98.18,0,vmhwm,Linux x86_64,20260924_112851
extra,Apriori_Gen_Borgelt,1,chess,minsup,0.8,0.0155,3.2,5083,0.0131,3.57,5083,True,0.0128 0.0154 0.0131,3.56 3.57 3.61,0,vmhwm,Linux x86_64,20260924_112851
extra,Zart,1,mushroom,minsup,0.5,0.3417,107.28,53,0.2607,111.29,53,True,0.2607 0.2735 0.2599,110.88 118.54 111.29,0,vmhwm,Linux x86_64,20260924_112852
extra,Eclat_Gen_Borgelt,1,chess,minsup,0.8,0.0097,0.24,5083,0.0106,7.71,5083,True,0.0107 0.0106 0.0090,7.64 7.71 7.87,0,vmhwm,Linux x86_64,20260924_112852
extra,FPgrowth_Gen_Borgelt,1,chess,minsup,0.8,0.0098,0.27,5083,0.0093,7.45,5083,True,0.0093 0.0086 0.0095,7.45 8.74 7.11,0,vmhwm,Linux x86_64,20260924_112852
extra,DefMe,1,chess,minsup,0.8,0.3059,95.52,5084,0.1977,106.54,5084,True,0.1977 0.2077 0.1973,106.34 106.54 107.33,0,vmhwm,Linux x86_64,20260924_112852
extra,TalkyG_Diffset,1,chess,minsup,0.8,0.289,92.43,5084,0.216,96.13,5084,True,0.2160 0.2281 0.2145,94.40 96.18 96.13,0,vmhwm,Linux x86_64,20260924_112853
extra,Talky_G,1,chess,minsup,0.8,0.2689,86.38,5084,0.2153,94.55,5084,True,0.2158 0.2153 0.2109,94.55 95.14 93.55,0,vmhwm,Linux x86_64,20260924_112854
extra,Pascal,1,chess,minsup,0.8,1.0253,96.52,5083,0.8152,87.62,5083,True,0.8001 0.8152 0.8433,86.29 92.18 87.62,0,vmhwm,Linux x86_64,20260924_112856
extra,Apriori_Gen_Borgelt,1,connect,minsup,0.9,0.0938,3.14,3486,0.0739,17.22,3486,True,0.0761 0.0722 0.0739,17.24 17.21 17.22,0,vmhwm,Linux x86_64,20260924_112856
extra,DefMe,1,connect,minsup,0.9,0.467,329.39,3487,0.4444,291.25,3487,True,0.4444 0.4436 0.4555,307.65 291.25 277.06,0,vmhwm,Linux x86_64,20260924_112858
extra,Eclat_Gen_Borgelt,1,connect,minsup,0.9,0.0965,3.54,3486,0.0764,20.61,3486,True,0.0764 0.0741 0.0817,21.20 20.61 19.83,0,vmhwm,Linux x86_64,20260924_112858
extra,FPgrowth_Gen_Borgelt,1,connect,minsup,0.9,0.0917,3.7,3486,0.0672,21.14,3486,True,0.0672 0.0676 0.0669,20.15 21.16 21.14,0,vmhwm,Linux x86_64,20260924_112858
extra,Zart,1,chess,minsup,0.8,3.4289,391.06,5084,3.0774,398.64,5084,True,3.0774 3.0767 3.2505,398.39 403.59 398.64,0,vmhwm,Linux x86_64,20260924_112908
extra,TalkyG_Diffset,1,connect,minsup,0.9,0.5553,278.36,3487,0.5252,275.0,3487,True,0.5252 0.5309 0.5212,275.00 271.70 279.53,0,vmhwm,Linux x86_64,20260924_112909
extra,Talky_G,1,connect,minsup,0.9,0.5487,280.96,3487,0.5122,274.84,3487,True,0.5151 0.5113 0.5122,274.84 275.76 273.71,0,vmhwm,Linux x86_64,20260924_112911
extra,Pascal,1,connect,minsup,0.9,16.883,305.04,3486,18.327,297.16,3486,True,18.3270 19.1851 17.9113,298.34 287.34 297.16,0,vmhwm,Linux x86_64,20260924_113006
extra,Apriori_Gen_Borgelt,1,connect,minsup,0.8,0.105,3.71,15107,0.0873,17.23,15107,True,0.0871 0.0873 0.0880,17.25 17.20 17.23,0,vmhwm,Linux x86_64,20260924_113007
extra,DefMe,1,connect,minsup,0.8,0.7527,533.4,15108,0.6965,559.56,15108,True,0.6965 0.6980 0.6916,559.56 582.61 546.04,0,vmhwm,Linux x86_64,20260924_113009
extra,Eclat_Gen_Borgelt,1,connect,minsup,0.8,0.1087,3.57,15107,0.0873,24.57,15107,True,0.0873 0.0864 0.0888,24.63 24.44 24.57,0,vmhwm,Linux x86_64,20260924_113009
extra,FPgrowth_Gen_Borgelt,1,connect,minsup,0.8,0.1015,3.59,15107,0.0788,24.49,15107,True,0.0828 0.0788 0.0774,24.49 24.78 24.35,0,vmhwm,Linux x86_64,20260924_113009
extra,TalkyG_Diffset,1,connect,minsup,0.8,0.6084,317.52,15108,0.5626,273.78,15108,True,0.5626 0.5576 0.5627,273.78 276.53 273.14,0,vmhwm,Linux x86_64,20260924_113011
extra,Talky_G,1,connect,minsup,0.8,0.5665,284.99,15108,0.5516,276.0,15108,True,0.5519 0.5516 0.5294,276.77 276.00 271.41,0,vmhwm,Linux x86_64,20260924_113013
extra,Apriori_Gen_Borgelt,1,retail,minsup,0.01,0.0911,3.56,159,0.0546,11.96,159,True,0.0546 0.0546 0.0541,11.97 11.92 11.96,0,vmhwm,Linux x86_64,20260924_113013
extra,DefMe,1,retail,minsup,0.01,0.5121,482.36,160,0.3941,488.82,160,True,0.3941 0.4029 0.3907,491.35 488.22 488.82,0,vmhwm,Linux x86_64,20260924_113014
extra,Eclat_Gen_Borgelt,1,retail,minsup,0.01,0.0857,4.14,159,0.0557,14.07,159,True,0.0547 0.0557 0.0569,14.07 14.11 14.02,0,vmhwm,Linux x86_64,20260924_113014
extra,FPgrowth_Gen_Borgelt,1,retail,minsup,0.01,0.0807,4.16,159,0.0526,13.07,159,True,0.0526 0.0494 0.0546,13.07 13.45 12.98,0,vmhwm,Linux x86_64,20260924_113014
extra,TalkyG_Diffset,1,retail,minsup,0.01,0.7195,1158.87,160,0.6025,1155.95,160,True,0.6025 0.5930 0.6076,1155.95 1155.55 1163.65,0,vmhwm,Linux x86_64,20260924_113016
extra,Talky_G,1,retail,minsup,0.01,0.7298,1147.38,160,0.6074,1157.15,160,True,0.6074 0.5982 0.6108,1157.15 1149.09 1157.25,0,vmhwm,Linux x86_64,20260924_113018
extra,Pascal,1,retail,minsup,0.01,6.1388,118.25,159,4.3077,122.88,159,True,4.2872 4.3080 4.3077,116.70 122.88 127.03,0,vmhwm,Linux x86_64,20260924_113031
extra,Zart,1,retail,minsup,0.01,2.874,388.45,160,2.3034,588.2,160,True,2.2108 2.3057 2.3034,492.11 619.46 588.20,0,vmhwm,Linux x86_64,20260924_113038
extra,Apriori_Gen_Borgelt,1,t10i4d100k,minsup,0.01,0.0955,3.58,869,0.0654,18.82,869,True,0.0669 0.0613 0.0654,18.82 18.84 18.81,0,vmhwm,Linux x86_64,20260924_113038
extra,Eclat_Gen_Borgelt,1,t10i4d100k,minsup,0.01,0.1128,3.84,869,0.076,25.74,869,True,0.0759 0.0760 0.0764,25.74 25.70 25.78,0,vmhwm,Linux x86_64,20260924_113038
extra,FPgrowth_Gen_Borgelt,1,t10i4d100k,minsup,0.01,0.1787,40.9,869,0.1093,40.96,869,True,0.1093 0.1086 0.1118,40.98 40.96 40.95,0,vmhwm,Linux x86_64,20260924_113039
extra,DefMe,1,t10i4d100k,minsup,0.01,1.4335,896.4,870,0.9919,815.96,870,True,0.9919 0.9980 0.9548,815.96 838.65 621.34,0,vmhwm,Linux x86_64,20260924_113042
extra,TalkyG_Diffset,1,t10i4d100k,minsup,0.01,0.4427,157.98,870,0.316,144.89,870,True,0.3212 0.3160 0.3146,144.89 145.59 143.50,0,vmhwm,Linux x86_64,20260924_113043
extra,Talky_G,1,t10i4d100k,minsup,0.01,0.4522,155.88,870,0.3209,145.09,870,True,0.3247 0.3116 0.3209,148.12 145.09 144.00,0,vmhwm,Linux x86_64,20260924_113044
extra,Apriori_Gen_Borgelt,1,bms1,minsup,0.009894802187846,0.0323,3.66,79,0.015,5.89,79,True,0.0159 0.0150 0.0147,5.64 5.90 5.89,0,vmhwm,Linux x86_64,20260924_113044
extra,Eclat_Gen_Borgelt,1,bms1,minsup,0.009894802187846,0.0194,3.6,79,0.0156,6.35,79,True,0.0151 0.0156 0.0156,5.89 6.35 6.47,0,vmhwm,Linux x86_64,20260924_113044
extra,DefMe,1,bms1,minsup,0.009894802187846,0.3444,117.18,80,0.2258,114.97,80,True,0.2258 0.2176 0.2319,114.97 116.86 112.33,0,vmhwm,Linux x86_64,20260924_113045
extra,FPgrowth_Gen_Borgelt,1,bms1,minsup,0.009894802187846,0.0173,4.47,79,0.0135,6.64,79,True,0.0173 0.0135 0.0130,6.64 6.62 6.68,0,vmhwm,Linux x86_64,20260924_113045
extra,TalkyG_Diffset,1,bms1,minsup,0.009894802187846,1.7675,7945.73,80,1.731,7944.42,80,True,1.7042 1.7526 1.7310,7944.42 7836.91 7950.09,0,vmhwm,Linux x86_64,20260924_113050
extra,Pascal,1,bms1,minsup,0.009894802187846,2.0055,101.05,79,1.6217,98.05,79,True,1.4552 1.6217 1.6359,96.70 98.40 98.05,0,vmhwm,Linux x86_64,20260924_113055
extra,Talky_G,1,bms1,minsup,0.009894802187846,1.8774,7938.1,80,1.7335,7787.98,80,True,1.7168 1.7784 1.7335,7787.98 7826.38 7734.23,0,vmhwm,Linux x86_64,20260924_113100
extra,Apriori_Gen_Borgelt,1,bms1,minsup,0.0038547364182409,0.0179,3.75,304,0.0167,5.91,304,True,0.0230 0.0167 0.0154,5.84 5.91 5.94,0,vmhwm,Linux x86_64,20260924_113100
extra,Zart,1,bms1,minsup,0.009894802187846,1.8868,473.42,80,1.5986,590.48,80,True,1.5986 1.5629 1.6176,590.48 464.52 590.63,0,vmhwm,Linux x86_64,20260924_113105
extra,Eclat_Gen_Borgelt,1,bms1,minsup,0.0038547364182409,0.0197,4.28,304,0.016,7.38,304,True,0.0180 0.0160 0.0154,7.38 7.33 7.45,0,vmhwm,Linux x86_64,20260924_113105
extra,FPgrowth_Gen_Borgelt,1,bms1,minsup,0.0038547364182409,0.0154,6.0,304,0.0158,7.69,304,True,0.0158 0.0156 0.0158,7.65 7.69 7.71,0,vmhwm,Linux x86_64,20260924_113105
extra,DefMe,1,bms1,minsup,0.0038547364182409,0.3177,135.29,305,0.2632,179.53,305,True,0.2638 0.2569 0.2632,182.53 176.67 179.53,0,vmhwm,Linux x86_64,20260924_113106
extra,TalkyG_Diffset,1,bms1,minsup,0.0038547364182409,1.7948,7941.68,305,1.7455,7941.65,305,True,1.7648 1.7455 1.7268,7836.32 7948.62 7941.65,0,vmhwm,Linux x86_64,20260924_113111
extra,Talky_G,1,bms1,minsup,0.0038547364182409,1.7659,7942.26,305,1.724,7935.31,305,True,1.7268 1.7240 1.7190,7760.75 7935.31 7947.36,0,vmhwm,Linux x86_64,20260924_113116
extra,Pascal,1,bms1,minsup,0.0038547364182409,12.1523,98.69,304,11.0548,97.41,304,True,11.4214 11.0548 11.0497,103.30 97.41 97.04,0,vmhwm,Linux x86_64,20260924_113150
extra,Apriori_Gen_Borgelt,1,bms1,minsup,0.0012709305056877,0.0219,4.52,2077,0.0229,5.92,2077,True,0.0270 0.0229 0.0216,5.93 5.90 5.92,0,vmhwm,Linux x86_64,20260924_113150
extra,DefMe,1,bms1,minsup,0.0012709305056877,0.4143,377.39,2078,0.3726,397.33,2078,True,0.3741 0.3689 0.3726,399.16 397.12 397.33,0,vmhwm,Linux x86_64,20260924_113151
extra,Eclat_Gen_Borgelt,1,bms1,minsup,0.0012709305056877,0.0205,4.61,2077,0.0201,9.09,2077,True,0.0248 0.0201 0.0199,9.20 9.03 9.09,0,vmhwm,Linux x86_64,20260924_113151
extra,FPgrowth_Gen_Borgelt,1,bms1,minsup,0.0012709305056877,0.0275,3.84,2077,0.0206,10.06,2077,True,0.0189 0.0210 0.0206,10.06 10.00 10.06,0,vmhwm,Linux x86_64,20260924_113151
extra,Zart,1,bms1,minsup,0.0038547364182409,10.9244,622.32,305,9.3992,604.37,305,True,9.3992 9.6693 9.0032,614.00 598.38 604.37,0,vmhwm,Linux x86_64,20260924_113219
extra,TalkyG_Diffset,1,bms1,minsup,0.0012709305056877,1.7989,7944.3,2079,1.7719,7945.18,2079,True,1.7388 1.7719 1.8033,7958.63 7945.18 7836.22,0,vmhwm,Linux x86_64,20260924_113225
extra,Talky_G,1,bms1,minsup,0.0012709305056877,1.7784,7941.38,2079,1.7897,7828.76,2079,True,1.7475 1.7897 1.7951,7948.14 7828.76 7821.87,0,vmhwm,Linux x86_64,20260924_113230
extra,Apriori_Gen_Borgelt,1,bms1,minsup,0.0005662561659004,0.3635,25.12,159224,0.3491,23.11,159224,True,0.3491 0.3497 0.3441,22.61 23.46 23.11,0,vmhwm,Linux x86_64,20260924_113231
extra,DefMe,1,bms1,minsup,0.0005662561659004,4.6728,678.13,159225,4.4752,848.44,159225,True,4.4752 4.4712 4.5131,848.44 826.80 988.72,0,vmhwm,Linux x86_64,20260924_113245
extra,Eclat_Gen_Borgelt,1,bms1,minsup,0.0005662561659004,0.1071,3.89,159224,0.0989,25.48,159224,True,0.1039 0.0976 0.0989,25.48 25.56 25.42,0,vmhwm,Linux x86_64,20260924_113245
extra,FPgrowth_Gen_Borgelt,1,bms1,minsup,0.0005662561659004,0.0825,4.67,159224,0.0839,29.9,159224,True,0.0839 0.0817 0.0889,29.88 29.95 29.90,0,vmhwm,Linux x86_64,20260924_113246
extra,Eclat_Gen_Borgelt,1,bms1,minsup,0.0001803630750645,2.0514,229.58,2915743,1.9336,234.37,2915743,True,1.9393 1.9336 1.9299,233.96 234.37 234.58,0,vmhwm,Linux x86_64,20260924_113252
extra,FPgrowth_Gen_Borgelt,1,bms1,minsup,0.0001803630750645,1.8038,243.48,2915743,1.7026,234.8,2915743,True,1.7946 1.7026 1.6742,234.80 232.94 237.64,0,vmhwm,Linux x86_64,20260924_113258
extra,Apriori_Gen_Borgelt,1,bms2,minsup,0.0123819537619981,0.0236,4.48,51,0.0234,7.77,51,True,0.0234 0.0235 0.0233,7.55 7.79 7.77,0,vmhwm,Linux x86_64,20260924_113311
extra,Eclat_Gen_Borgelt,1,bms2,minsup,0.0123819537619981,0.0295,3.59,51,0.0238,8.02,51,True,0.0255 0.0238 0.0216,8.20 8.02 7.84,0,vmhwm,Linux x86_64,20260924_113311
extra,DefMe,1,bms2,minsup,0.0123819537619981,0.3223,161.16,52,0.2618,167.14,52,True,0.2559 0.2740 0.2618,169.12 167.09 167.14,0,vmhwm,Linux x86_64,20260924_113312
extra,FPgrowth_Gen_Borgelt,1,bms2,minsup,0.0123819537619981,0.0375,4.1,51,0.0232,7.84,51,True,0.0229 0.0248 0.0232,7.84 7.53 7.90,0,vmhwm,Linux x86_64,20260924_113312
extra,Pascal,1,bms2,minsup,0.0123819537619981,1.2747,109.45,51,0.8173,105.71,51,True,0.8233 0.8037 0.8173,104.38 105.71 105.80,0,vmhwm,Linux x86_64,20260924_113315
extra,Zart,1,bms2,minsup,0.0123819537619981,0.9866,727.53,52,1.1889,533.52,52,True,1.1867 1.1968 1.1889,544.51 533.52 532.16,0,vmhwm,Linux x86_64,20260924_113318
extra,Apriori_Gen_Borgelt,1,c20d10k,minsup,0.946075,0.0118,1.79,8,0.0095,3.94,8,True,0.0095 0.0104 0.0071,3.94 3.93 4.32,0,vmhwm,Linux x86_64,20260924_113318
extra,Eclat_Gen_Borgelt,1,c20d10k,minsup,0.946075,0.0217,2.78,8,0.008,3.96,8,True,0.0079 0.0080 0.0085,3.96 3.88 4.05,0,vmhwm,Linux x86_64,20260924_113318
extra,DefMe,1,c20d10k,minsup,0.946075,0.2391,96.55,9,0.1985,99.42,9,True,0.1954 0.2012 0.1985,100.29 99.42 99.28,0,vmhwm,Linux x86_64,20260924_113319
extra,FPgrowth_Gen_Borgelt,1,c20d10k,minsup,0.946075,0.0118,3.8,8,0.0085,2.86,8,True,0.0085 0.0107 0.0068,2.86 4.15 2.85,0,vmhwm,Linux x86_64,20260924_113319
extra,Pascal,1,c20d10k,minsup,0.946075,0.318,96.98,8,0.2058,104.86,8,True,0.2058 0.2066 0.1979,104.86 108.53 104.16,0,vmhwm,Linux x86_64,20260924_113320
extra,TalkyG_Diffset,1,c20d10k,minsup,0.946075,0.2403,98.88,8,0.2232,100.95,8,True,0.2232 0.2204 0.2258,101.15 100.95 99.07,0,vmhwm,Linux x86_64,20260924_113320
extra,Talky_G,1,c20d10k,minsup,0.946075,0.3011,92.04,8,0.2204,102.55,8,True,0.2204 0.2197 0.2208,100.02 102.55 105.53,0,vmhwm,Linux x86_64,20260924_113321
extra,Zart,1,c20d10k,minsup,0.946075,0.2848,92.98,9,0.2312,114.3,9,True,0.2236 0.2372 0.2312,102.74 114.30 120.35,0,vmhwm,Linux x86_64,20260924_113322
extra,Apriori_Gen_Borgelt,1,kosarak,minsup,0.0600247505990574,0.478,72.89,24,0.4092,80.05,24,True,0.4029 0.4092 0.4177,80.20 80.05 79.98,0,vmhwm,Linux x86_64,20260924_113323
extra,Eclat_Gen_Borgelt,1,kosarak,minsup,0.0600247505990574,0.5085,72.93,24,0.4129,80.22,24,True,0.4127 0.4133 0.4129,80.41 80.22 79.99,0,vmhwm,Linux x86_64,20260924_113324
extra,FPgrowth_Gen_Borgelt,1,kosarak,minsup,0.0600247505990574,0.4765,73.01,24,0.4153,80.16,24,True,0.4051 0.4162 0.4153,80.40 80.15 80.16,0,vmhwm,Linux x86_64,20260924_113326
extra,DefMe,1,kosarak,minsup,0.0600247505990574,3.3042,7907.05,25,3.1222,7929.91,25,True,3.1222 3.1089 3.2052,7929.91 7922.30 7975.01,0,vmhwm,Linux x86_64,20260924_113336
extra,Pascal,1,kosarak,minsup,0.0600247505990574,1.5701,477.22,24,1.3387,478.87,24,True,1.3026 1.3387 1.3883,473.98 478.87 479.60,0,vmhwm,Linux x86_64,20260924_113340
extra,Apriori_Gen_Borgelt,1,c73d10k,minsup,0.979375,0.0208,3.46,6,0.0215,6.09,6,True,0.0232 0.0215 0.0201,6.09 6.07 6.21,0,vmhwm,Linux x86_64,20260924_113340
extra,Zart,1,kosarak,minsup,0.0600247505990574,2.3451,1076.12,25,1.6252,1042.08,25,True,1.6023 1.6252 1.6287,1042.08 1056.20 1020.01,0,vmhwm,Linux x86_64,20260924_113345
extra,Eclat_Gen_Borgelt,1,c73d10k,minsup,0.979375,0.0238,3.56,6,0.0213,6.2,6,True,0.0224 0.0201 0.0213,6.44 6.12 6.20,0,vmhwm,Linux x86_64,20260924_113345
extra,DefMe,1,c73d10k,minsup,0.979375,0.2679,118.57,7,0.2384,125.81,7,True,0.2439 0.2371 0.2384,127.74 125.68 125.81,0,vmhwm,Linux x86_64,20260924_113346
extra,FPgrowth_Gen_Borgelt,1,c73d10k,minsup,0.979375,0.0252,3.28,6,0.0211,6.13,6,True,0.0211 0.0222 0.0191,6.07 6.13 6.21,0,vmhwm,Linux x86_64,20260924_113346
extra,Pascal,1,c73d10k,minsup,0.979375,0.3183,113.1,6,0.2348,123.27,6,True,0.2325 0.2418 0.2348,123.27 121.32 123.55,0,vmhwm,Linux x86_64,20260924_113347
extra,TalkyG_Diffset,1,c73d10k,minsup,0.979375,0.4297,127.64,6,0.3079,127.82,6,True,0.3006 0.3079 0.3110,127.82 127.04 128.14,0,vmhwm,Linux x86_64,20260924_113348
extra,Talky_G,1,c73d10k,minsup,0.979375,0.4063,129.48,6,0.3039,131.99,6,True,0.3039 0.3162 0.3034,131.99 130.09 132.16,0,vmhwm,Linux x86_64,20260924_113349
extra,Zart,1,c73d10k,minsup,0.979375,0.3495,141.61,7,0.2826,136.3,7,True,0.2826 0.2738 0.2830,132.57 136.30 136.91,0,vmhwm,Linux x86_64,20260924_113349
extra,Apriori_Gen_Borgelt,1,bms2,minsup,0.0052862782536897,0.0286,4.04,345,0.0332,7.76,345,True,0.0292 0.0332 0.0337,7.76 7.75 7.76,0,vmhwm,Linux x86_64,20260924_113350
extra,Eclat_Gen_Borgelt,1,bms2,minsup,0.0052862782536897,0.0351,3.92,345,0.0324,9.39,345,True,0.0325 0.0324 0.0265,9.39 9.45 9.28,0,vmhwm,Linux x86_64,20260924_113350
extra,FPgrowth_Gen_Borgelt,1,bms2,minsup,0.0052862782536897,0.0247,4.28,345,0.0258,9.6,345,True,0.0258 0.0256 0.0259,9.60 9.60 9.59,0,vmhwm,Linux x86_64,20260924_113350
extra,DefMe,1,bms2,minsup,0.0052862782536897,0.3407,218.71,346,0.2897,213.02,346,True,0.2865 0.2903 0.2897,208.22 245.95 213.02,0,vmhwm,Linux x86_64,20260924_113351
extra,Zart,1,bms2,minsup,0.0052862782536897,7.2682,686.34,346,6.9626,723.93,346,True,6.9626 7.1016 6.8967,835.79 723.93 692.46,0,vmhwm,Linux x86_64,20260924_113412
extra,Apriori_Gen_Borgelt,1,c20d10k,minsup,0.337575,0.0134,0.84,659,0.0123,4.27,659,True,0.0113 0.0124 0.0123,4.27 4.23 4.29,0,vmhwm,Linux x86_64,20260924_113412
extra,DefMe,1,c20d10k,minsup,0.337575,0.2431,106.39,660,0.2172,118.01,660,True,0.2118 0.2172 0.2300,113.77 130.45 118.01,0,vmhwm,Linux x86_64,20260924_113412
extra,Eclat_Gen_Borgelt,1,c20d10k,minsup,0.337575,0.0124,1.4,659,0.0088,4.6,659,True,0.0102 0.0088 0.0086,4.60 4.77 4.36,0,vmhwm,Linux x86_64,20260924_113412
extra,FPgrowth_Gen_Borgelt,1,c20d10k,minsup,0.337575,0.0108,1.54,659,0.0082,4.99,659,True,0.0082 0.0081 0.0087,5.14 4.99 4.27,0,vmhwm,Linux x86_64,20260924_113413
extra,Pascal,1,c20d10k,minsup,0.337575,0.4246,93.63,659,0.3948,96.91,659,True,0.3948 0.3891 0.3954,97.18 96.91 95.40,0,vmhwm,Linux x86_64,20260924_113414
extra,Pascal,1,bms2,minsup,0.0052862782536897,14.0866,108.04,345,11.2322,107.05,345,True,10.9357 11.2890 11.2322,107.05 109.10 105.93,0,vmhwm,Linux x86_64,20260924_113447
extra,TalkyG_Diffset,1,c20d10k,minsup,0.337575,0.323,95.02,659,0.2312,103.01,659,True,0.2228 0.2312 0.2321,103.01 103.78 101.93,0,vmhwm,Linux x86_64,20260924_113448
extra,Talky_G,1,c20d10k,minsup,0.337575,0.2526,98.22,659,0.2279,99.38,659,True,0.2189 0.2285 0.2279,98.77 99.38 101.28,0,vmhwm,Linux x86_64,20260924_113449
extra,Apriori_Gen_Borgelt,1,kosarak,minsup,0.0126772285392901,0.5105,72.82,251,0.487,81.46,251,True,0.4870 0.4867 0.4947,81.48 81.46 81.46,0,vmhwm,Linux x86_64,20260924_113450
extra,Zart,1,c20d10k,minsup,0.337575,2.2742,394.05,660,2.0404,400.73,660,True,2.0404 2.0365 2.0727,400.73 402.09 395.30,0,vmhwm,Linux x86_64,20260924_113456
extra,Eclat_Gen_Borgelt,1,kosarak,minsup,0.0126772285392901,0.5745,81.49,251,0.4792,94.86,251,True,0.4746 0.4833 0.4792,94.91 90.33 94.86,0,vmhwm,Linux x86_64,20260924_113458
extra,FPgrowth_Gen_Borgelt,1,kosarak,minsup,0.0126772285392901,0.5933,80.53,251,0.4528,80.54,251,True,0.4528 0.4536 0.4516,80.48 80.54 80.59,0,vmhwm,Linux x86_64,20260924_113500
extra,DefMe,1,kosarak,minsup,0.0126772285392901,3.3132,7916.68,252,3.1447,7910.47,252,True,3.1447 3.1413 3.1836,7907.41 7910.47 7931.30,0,vmhwm,Linux x86_64,20260924_113509
extra,Pascal,1,kosarak,minsup,0.0126772285392901,17.0601,475.8,251,15.5118,478.0,251,True,15.5118 16.3868 15.3572,478.00 478.89 475.50,0,vmhwm,Linux x86_64,20260924_113557
extra,Apriori_Gen_Borgelt,1,c73d10k,minsup,0.919975,0.0237,3.32,600,0.0235,6.17,600,True,0.0221 0.0278 0.0235,6.17 6.38 6.16,0,vmhwm,Linux x86_64,20260924_113558
extra,DefMe,1,c73d10k,minsup,0.919975,0.2757,135.13,601,0.2514,149.58,601,True,0.2514 0.2579 0.2513,149.58 148.45 150.39,0,vmhwm,Linux x86_64,20260924_113558
extra,Eclat_Gen_Borgelt,1,c73d10k,minsup,0.919975,0.0208,3.51,600,0.0227,6.45,600,True,0.0221 0.0227 0.0259,6.45 6.26 6.46,0,vmhwm,Linux x86_64,20260924_113558
extra,FPgrowth_Gen_Borgelt,1,c73d10k,minsup,0.919975,0.0211,3.39,600,0.0197,6.33,600,True,0.0214 0.0195 0.0197,6.33 6.21 7.26,0,vmhwm,Linux x86_64,20260924_113558
extra,Pascal,1,c73d10k,minsup,0.919975,0.7386,119.76,600,0.6919,122.26,600,True,0.6926 0.6919 0.6910,117.97 122.26 122.45,0,vmhwm,Linux x86_64,20260924_113601
extra,TalkyG_Diffset,1,c73d10k,minsup,0.919975,0.3322,139.84,600,0.3136,128.64,600,True,0.3130 0.3179 0.3136,128.64 127.56 131.93,0,vmhwm,Linux x86_64,20260924_113602
extra,Zart,1,kosarak,minsup,0.0126772285392901,12.2491,1717.42,252,11.5303,1719.52,252,True,11.6640 11.4925 11.5303,1719.52 1744.75 1693.43,0,vmhwm,Linux x86_64,20260924_113636
extra,Talky_G,1,c73d10k,minsup,0.919975,0.3976,131.21,600,0.3244,129.95,600,True,0.3244 0.3087 0.3289,131.74 129.95 127.84,0,vmhwm,Linux x86_64,20260924_113637
extra,Apriori_Gen_Borgelt,1,bms2,minsup,0.0012094901434616,0.0685,3.65,13848,0.0665,10.68,13848,True,0.0665 0.0677 0.0621,10.68 10.68 10.66,0,vmhwm,Linux x86_64,20260924_113637
extra,DefMe,1,bms2,minsup,0.0012094901434616,1.1293,730.98,13849,1.0722,658.89,13849,True,1.0722 1.0623 1.0764,658.89 656.52 725.50,0,vmhwm,Linux x86_64,20260924_113641
extra,Eclat_Gen_Borgelt,1,bms2,minsup,0.0012094901434616,0.0571,3.66,13848,0.0521,19.16,13848,True,0.0528 0.0521 0.0492,19.13 19.16 19.18,0,vmhwm,Linux x86_64,20260924_113641
extra,FPgrowth_Gen_Borgelt,1,bms2,minsup,0.0012094901434616,0.0448,4.22,13848,0.0471,21.25,13848,True,0.0507 0.0445 0.0471,21.30 21.25 21.24,0,vmhwm,Linux x86_64,20260924_113641
extra,Zart,1,c73d10k,minsup,0.919975,4.2575,493.05,601,3.8725,498.77,601,True,3.8725 3.9199 3.8513,387.42 498.77 503.09,0,vmhwm,Linux x86_64,20260924_113653
extra,Apriori_Gen_Borgelt,1,c20d10k,minsup,0.034375,0.096,3.43,34690,0.0998,5.16,34690,True,0.1003 0.0998 0.0973,5.16 5.16 5.07,0,vmhwm,Linux x86_64,20260924_113653
extra,DefMe,1,c20d10k,minsup,0.034375,0.4247,377.77,34691,0.4194,475.98,34691,True,0.4304 0.4194 0.3955,479.96 475.98 378.86,0,vmhwm,Linux x86_64,20260924_113654
extra,Eclat_Gen_Borgelt,1,c20d10k,minsup,0.034375,0.0358,3.36,34690,0.0314,15.25,34690,True,0.0309 0.0314 0.0327,15.23 15.36 15.25,0,vmhwm,Linux x86_64,20260924_113655
extra,FPgrowth_Gen_Borgelt,1,c20d10k,minsup,0.034375,0.0218,4.08,34690,0.0226,15.39,34690,True,0.0293 0.0226 0.0218,15.39 15.32 15.47,0,vmhwm,Linux x86_64,20260924_113655
extra,TalkyG_Diffset,1,c20d10k,minsup,0.034375,0.3174,116.64,34764,0.2979,161.93,34764,True,0.2836 0.2979 0.2982,160.25 161.93 167.81,0,vmhwm,Linux x86_64,20260924_113656
extra,Talky_G,1,c20d10k,minsup,0.034375,0.3053,117.46,34764,0.2904,154.38,34764,True,0.2902 0.2904 0.2931,155.61 154.38 153.72,0,vmhwm,Linux x86_64,20260924_113656
extra,Apriori_Gen_Borgelt,1,kosarak,minsup,0.0032752349487756,0.8635,81.57,4001,0.8339,81.53,4001,True,0.8299 0.8375 0.8339,81.55 81.53 81.53,0,vmhwm,Linux x86_64,20260924_113659
extra,DefMe,1,kosarak,minsup,0.0032752349487756,4.3816,8001.25,4002,4.1924,7995.96,4002,True,4.1924 4.2188 4.1750,7986.91 8033.43 7995.96,0,vmhwm,Linux x86_64,20260924_113712
extra,Eclat_Gen_Borgelt,1,kosarak,minsup,0.0032752349487756,0.6783,124.84,4001,0.652,122.38,4001,True,0.6520 0.6701 0.6512,122.70 121.57 122.38,0,vmhwm,Linux x86_64,20260924_113714
extra,FPgrowth_Gen_Borgelt,1,kosarak,minsup,0.0032752349487756,0.9033,135.98,4001,0.8103,135.97,4001,True,0.8073 0.8199 0.8103,136.01 135.97 135.96,0,vmhwm,Linux x86_64,20260924_113717
extra,Apriori_Gen_Borgelt,1,c73d10k,minsup,0.446675,20.9821,63.36,1807687,19.7934,63.33,1807687,True,19.8478 19.7921 19.7934,63.34 63.33 63.32,0,vmhwm,Linux x86_64,20260924_113819
extra,DefMe,1,c73d10k,minsup,0.446675,10.1829,774.39,1807688,10.2334,768.36,1807688,True,10.1587 10.2459 10.2334,724.36 768.36 816.59,0,vmhwm,Linux x86_64,20260924_113850
extra,Eclat_Gen_Borgelt,1,c73d10k,minsup,0.446675,0.9654,170.02,1807687,0.9261,166.02,1807687,True,0.9439 0.9261 0.9233,162.89 166.02 166.02,0,vmhwm,Linux x86_64,20260924_113853
extra,FPgrowth_Gen_Borgelt,1,c73d10k,minsup,0.446675,0.8252,158.73,1807687,0.7738,154.75,1807687,True,0.7988 0.7697 0.7738,170.22 154.75 154.48,0,vmhwm,Linux x86_64,20260924_113856
extra,Apriori_Gen_Borgelt,1,bms2,minsup,0.0004354164516461,0.1611,20.67,100911,0.162,20.79,100911,True,0.1521 0.1624 0.1620,20.83 20.79 20.77,0,vmhwm,Linux x86_64,20260924_113900
extra,DefMe,1,bms2,minsup,0.0004354164516461,5.0359,726.7,100912,4.5104,720.69,100912,True,4.5159 4.5104 4.5065,718.03 720.69 724.93,0,vmhwm,Linux x86_64,20260924_113913
extra,Eclat_Gen_Borgelt,1,bms2,minsup,0.0004354164516461,0.1039,4.2,100911,0.0992,28.01,100911,True,0.1090 0.0982 0.0992,28.01 28.03 27.98,0,vmhwm,Linux x86_64,20260924_113914
extra,FPgrowth_Gen_Borgelt,1,bms2,minsup,0.0004354164516461,0.0983,4.26,100911,0.0863,33.52,100911,True,0.0873 0.0854 0.0863,33.47 33.52 33.52,0,vmhwm,Linux x86_64,20260924_113914
extra,Apriori_Gen_Borgelt,1,c20d10k,minsup,0.001275,0.3985,21.6,386701,0.3772,21.71,386701,True,0.3872 0.3772 0.3715,21.57 21.73 21.71,0,vmhwm,Linux x86_64,20260924_113916
extra,DefMe,1,c20d10k,minsup,0.001275,2.6059,750.49,386702,2.5427,788.95,386702,True,2.4881 2.5427 2.5661,657.59 788.95 938.62,0,vmhwm,Linux x86_64,20260924_113923
extra,Eclat_Gen_Borgelt,1,c20d10k,minsup,0.001275,0.1722,31.14,386701,0.1672,40.52,386701,True,0.1718 0.1668 0.1672,40.52 40.53 40.31,0,vmhwm,Linux x86_64,20260924_113924
extra,FPgrowth_Gen_Borgelt,1,c20d10k,minsup,0.001275,0.1464,35.92,386701,0.1358,42.89,386701,True,0.1358 0.1361 0.1351,42.89 42.81 43.04,0,vmhwm,Linux x86_64,20260924_113924
extra,TalkyG_Diffset,1,c20d10k,minsup,0.001275,12.5032,405.64,394806,11.0026,412.87,394806,True,11.0026 11.1484 10.7897,400.20 418.80 412.87,0,vmhwm,Linux x86_64,20260924_113958
extra,Talky_G,1,c20d10k,minsup,0.001275,12.7513,406.13,394806,11.1731,404.51,394806,True,11.5818 11.1731 11.1333,404.51 407.77 400.61,0,vmhwm,Linux x86_64,20260924_114032
extra,Apriori_Gen_Borgelt,1,kosarak,minsup,0.0013246977425311,10.8181,93.28,202882,10.4093,93.32,202882,True,10.4042 10.4447 10.4093,93.30 93.32 93.35,0,vmhwm,Linux x86_64,20260924_114104
extra,Eclat_Gen_Borgelt,1,kosarak,minsup,0.0013246977425311,1.2067,154.98,202882,1.091,155.05,202882,True,1.0953 1.0910 1.0855,155.09 155.05 155.00,0,vmhwm,Linux x86_64,20260924_114107
extra,FPgrowth_Gen_Borgelt,1,kosarak,minsup,0.0013246977425311,1.9742,213.57,202882,1.7251,213.53,202882,True,1.7238 1.7251 1.7274,213.49 213.57 213.53,0,vmhwm,Linux x86_64,20260924_114113
extra,Apriori_Gen_Borgelt,1,bms2,minsup,0.0001515894313138,0.669,58.23,524757,0.5823,58.2,524757,True,0.5825 0.5823 0.5811,58.20 58.25 58.19,0,vmhwm,Linux x86_64,20260924_114122
extra,DefMe,1,bms2,minsup,0.0001515894313138,24.1012,727.39,524758,21.795,833.14,524758,True,21.7950 21.7463 21.8591,726.78 833.14 928.53,0,vmhwm,Linux x86_64,20260924_114228
extra,Eclat_Gen_Borgelt,1,bms2,minsup,0.0001515894313138,0.3445,58.32,524757,0.3158,52.14,524757,True,0.3158 0.3143 0.3182,52.48 52.14 51.36,0,vmhwm,Linux x86_64,20260924_114229
extra,FPgrowth_Gen_Borgelt,1,bms2,minsup,0.0001515894313138,0.3056,60.03,524757,0.2579,70.99,524757,True,0.2542 0.2624 0.2579,70.99 70.72 71.00,0,vmhwm,Linux x86_64,20260924_114230
summary,Apriori_Gen_Borgelt,1,chess,minsup,0.9,0.0322,1.95,498.0,0.0071,2.42,498,True,0.0089 0.0071 0.0065,2.66 2.42 2.20,0,vmhwm,Linux x86_64,20260924_114344
summary,Apriori_Gen_Borgelt,1,t10i4d100k,minsup,0.02,0.059,2.02,0.0,0.0315,10.14,0,True,0.0290 0.0315 0.0317,10.16 10.09 10.14,0,vmhwm,Linux x86_64,20260924_114344
summary,Apriori_Gen_Borgelt,1,t10i4d100k,minsup,0.05,0.0583,1.98,0.0,0.0307,10.08,0,True,0.0311 0.0302 0.0307,10.08 10.10 10.03,0,vmhwm,Linux x86_64,20260924_114344
summary,Apriori_Gen_Borgelt,1,t10i4d100k,minsup,0.2,0.0598,2.02,0.0,0.0317,10.14,0,True,0.0325 0.0316 0.0317,10.14 10.14 10.10,0,vmhwm,Linux x86_64,20260924_114344
summary,Apriori_Gen_Borgelt,1,t10i4d100k,minsup,0.3,0.0624,1.97,0.0,0.0282,10.13,0,True,0.0269 0.0291 0.0282,10.13 10.08 10.15,0,vmhwm,Linux x86_64,20260924_114344
summary,Apriori_Gen_Borgelt,1,t10i4d100k,minsup,0.5,0.0599,1.97,0.0,0.027,10.16,0,True,0.0270 0.0282 0.0258,10.16 10.09 10.16,0,vmhwm,Linux x86_64,20260924_114344
summary,Apriori_Gen_Borgelt,1,t10i4d100k,minsup,0.7,0.0593,2.02,0.0,0.0271,10.12,0,True,0.0271 0.0261 0.0273,10.09 10.12 10.14,0,vmhwm,Linux x86_64,20260924_114344
summary,Apriori_Gen_Borgelt,1,retail,minsup,0.7,0.0808,1.96,0.0,0.0424,11.0,0,True,0.0431 0.0420 0.0424,10.99 11.00 11.05,0,vmhwm,Linux x86_64,20260924_114344
summary,Eclat_Gen_Borgelt,1,chess,minsup,0.9,0.0334,1.97,498.0,0.0069,1.95,498,True,0.0069,1.95,2,vmhwm,Linux x86_64,20260924_114344
summary,Eclat_Gen_Borgelt,1,t10i4d100k,minsup,0.02,0.0612,1.97,0.0,0.0259,10.19,0,True,0.0258 0.0281 0.0259,10.19 10.22 10.18,0,vmhwm,Linux x86_64,20260924_114345
summary,Eclat_Gen_Borgelt,1,t10i4d100k,minsup,0.05,0.0616,1.98,0.0,0.0267,10.21,0,True,0.0260 0.0267 0.0274,10.23 10.21 10.15,0,vmhwm,Linux x86_64,20260924_114345
summary,Eclat_Gen_Borgelt,1,t10i4d100k,minsup,0.2,0.0614,1.96,0.0,0.0288,10.2,0,True,0.0296 0.0288 0.0288,10.21 10.18 10.20,0,vmhwm,Linux x86_64,20260924_114345
summary,Eclat_Gen_Borgelt,1,t10i4d100k,minsup,0.3,0.0613,1.96,0.0,0.0311,10.21,0,True,0.0352 0.0311 0.0284,10.06 10.21 10.21,0,vmhwm,Linux x86_64,20260924_114345
summary,Eclat_Gen_Borgelt,1,t10i4d100k,minsup,0.5,0.0608,1.99,0.0,0.0278,10.18,0,True,0.0278 0.0270 0.0298,10.18 10.18 10.22,0,vmhwm,Linux x86_64,20260924_114345
summary,Eclat_Gen_Borgelt,1,t10i4d100k,minsup,0.7,0.0612,2.02,0.0,0.0307,10.18,0,True,0.0307 0.0369 0.0302,10.18 10.18 10.11,0,vmhwm,Linux x86_64,20260924_114345
summary,Eclat_Gen_Borgelt,1,retail,minsup,0.7,0.0818,1.95,0.0,0.0411,11.12,0,True,0.0494 0.0411 0.0403,11.13 11.12 11.11,0,vmhwm,Linux x86_64,20260924_114345
summary,FPgrowth_Gen_Borgelt,1,t10i4d100k,minsup,0.02,0.0611,1.96,0.0,0.0258,10.25,0,True,0.0258 0.0325 0.0254,10.16 10.27 10.25,0,vmhwm,Linux x86_64,20260924_114345
summary,FPgrowth_Gen_Borgelt,1,t10i4d100k,minsup,0.05,0.0608,2.02,0.0,0.0263,10.24,0,True,0.0262 0.0263 0.0311,10.24 10.25 10.15,0,vmhwm,Linux x86_64,20260924_114346
summary,FPgrowth_Gen_Borgelt,1,t10i4d100k,minsup,0.2,0.0606,1.96,0.0,0.0249,10.22,0,True,0.0341 0.0238 0.0249,10.22 10.22 10.23,0,vmhwm,Linux x86_64,20260924_114346
summary,FPgrowth_Gen_Borgelt,1,t10i4d100k,minsup,0.3,0.0605,1.96,0.0,0.0264,10.25,0,True,0.0256 0.0264 0.0313,10.25 10.19 10.26,0,vmhwm,Linux x86_64,20260924_114346
summary,FPgrowth_Gen_Borgelt,1,t10i4d100k,minsup,0.5,0.0604,1.96,0.0,0.025,10.23,0,True,0.0293 0.0250 0.0238,10.19 10.23 10.25,0,vmhwm,Linux x86_64,20260924_114346
summary,FPgrowth_Gen_Borgelt,1,t10i4d100k,minsup,0.7,0.0609,1.97,0.0,0.0258,10.29,0,True,0.0278 0.0258 0.0258,10.30 10.29 10.13,0,vmhwm,Linux x86_64,20260924_114346
summary,FPgrowth_Gen_Borgelt,1,retail,minsup,0.7,0.081,1.96,0.0,0.0418,11.21,0,True,0.0390 0.0520 0.0418,11.06 11.21 11.21,0,vmhwm,Linux x86_64,20260924_114346
summary,Gr_growth,1,mushroom,minsup,0.05,0.0779,1.86,21391.0,0.0255,15.59,21391,True,0.0254 0.0354 0.0255,15.48 15.59 15.59,0,vmhwm,Linux x86_64,20260924_114346
summary,Gr_growth,1,mushroom,minsup,0.1,0.061,1.92,7585.0,0.0168,14.74,7585,True,0.0173 0.0168 0.0161,14.74 14.77 14.72,0,vmhwm,Linux x86_64,20260924_114346
summary,Gr_growth,1,mushroom,minsup,0.15,0.0558,1.92,3084.0,0.0134,14.43,3084,True,0.0156 0.0134 0.0118,14.46 14.43 14.43,0,vmhwm,Linux x86_64,20260924_114346
summary,Gr_growth,1,mushroom,minsup,0.2,0.0523,1.91,1704.0,0.0147,14.25,1704,True,0.0133 0.0152 0.0147,14.27 14.21 14.25,0,vmhwm,Linux x86_64,20260924_114346
summary,Gr_growth,1,mushroom,minsup,0.3,0.0524,1.93,544.0,0.0112,14.02,544,True,0.0111 0.0128 0.0112,13.99 14.02 14.04,0,vmhwm,Linux x86_64,20260924_114346
summary,Gr_growth,1,mushroom,minsup,0.4,0.0527,1.91,153.0,0.0103,14.0,153,True,0.0094 0.0103 0.0105,14.00 14.00 13.99,0,vmhwm,Linux x86_64,20260924_114346
summary,Gr_growth,1,mushroom,minsup,0.5,0.0502,1.93,52.0,0.0106,13.98,52,True,0.0102 0.0106 0.0139,13.98 13.98 13.98,0,vmhwm,Linux x86_64,20260924_114346
summary,Gr_growth,1,mushroom,minsup,0.6,0.0549,1.92,21.0,0.0112,13.94,21,True,0.0138 0.0097 0.0112,13.98 13.92 13.94,0,vmhwm,Linux x86_64,20260924_114347
summary,Gr_growth,1,mushroom,minsup,0.7,0.051,1.91,13.0,0.0099,13.98,13,True,0.0099 0.0102 0.0095,13.98 13.98 13.99,0,vmhwm,Linux x86_64,20260924_114347
summary,Gr_growth,1,connect,minsup,0.2,1.9729,82.74,1483175.0,0.8426,80.18,1483175,True,0.8496 0.8426 0.8356,79.97 80.18 80.82,0,vmhwm,Linux x86_64,20260924_114349
summary,Gr_growth,1,connect,minsup,0.3,0.7693,29.46,460402.0,0.2639,31.83,460402,True,0.2639 0.2482 0.2690,31.83 32.21 31.46,0,vmhwm,Linux x86_64,20260924_114350
summary,Gr_growth,1,connect,minsup,0.4,0.5503,20.45,239370.0,0.1446,23.12,239370,True,0.1446 0.1470 0.1433,23.09 23.12 23.12,0,vmhwm,Linux x86_64,20260924_114351
summary,Gr_growth,1,connect,minsup,0.5,0.4421,15.83,130110.0,0.1029,18.84,130110,True,0.1100 0.1029 0.1006,18.60 18.84 18.84,0,vmhwm,Linux x86_64,20260924_114351
summary,Gr_growth,1,connect,minsup,0.6,0.382,15.41,68349.0,0.0788,16.52,68349,True,0.0788 0.0755 0.0848,16.53 16.51 16.52,0,vmhwm,Linux x86_64,20260924_114351
summary,Gr_growth,1,connect,minsup,0.7,0.3495,14.07,35875.0,0.0649,15.2,35875,True,0.0676 0.0632 0.0649,15.18 15.20 15.23,0,vmhwm,Linux x86_64,20260924_114352
summary,Gr_growth,1,connect,minsup,0.8,0.3349,14.06,15108.0,0.0564,14.46,15108,True,0.0544 0.0564 0.0602,14.46 14.46 14.49,0,vmhwm,Linux x86_64,20260924_114352
summary,Gr_growth,1,connect,minsup,0.9,0.3235,14.04,3487.0,0.055,14.07,3487,True,0.0500 0.0555 0.0550,14.01 14.07 14.09,0,vmhwm,Linux x86_64,20260924_114352
summary,Gr_growth,1,chess,minsup,0.3,7.3309,282.29,5601829.0,3.4843,285.5,5601829,True,3.4838 3.4843 3.5224,285.50 285.56 283.60,0,vmhwm,Linux x86_64,20260924_114403
summary,Gr_growth,1,chess,minsup,0.4,1.6621,67.89,1402786.0,0.736,66.47,1402786,True,0.7340 0.7360 0.7434,66.47 66.71 65.72,0,vmhwm,Linux x86_64,20260924_114406
summary,Gr_growth,1,chess,minsup,0.5,0.4168,26.93,372604.0,0.1798,29.02,372604,True,0.1799 0.1711 0.1798,29.02 29.01 29.03,0,vmhwm,Linux x86_64,20260924_114406
summary,Gr_growth,1,chess,minsup,0.6,0.1307,1.92,98419.0,0.0535,18.1,98419,True,0.0535 0.0520 0.0535,18.10 18.07 18.12,0,vmhwm,Linux x86_64,20260924_114407
summary,Gr_growth,1,chess,minsup,0.7,0.0634,1.91,23992.0,0.0184,14.9,23992,True,0.0183 0.0184 0.0191,14.90 14.94 14.85,0,vmhwm,Linux x86_64,20260924_114407
summary,Gr_growth,1,chess,minsup,0.8,0.0471,1.93,5084.0,0.0102,14.11,5084,True,0.0102 0.0093 0.0140,14.11 14.11 14.14,0,vmhwm,Linux x86_64,20260924_114407
summary,Gr_growth,1,chess,minsup,0.9,0.0433,1.99,504.0,0.0093,13.98,504,True,0.0118 0.0088 0.0093,14.00 13.93 13.98,0,vmhwm,Linux x86_64,20260924_114407
summary,Gr_growth,1,t10i4d100k,minsup,0.001,0.4134,44.46,871.0,0.2094,44.36,871,True,0.2034 0.2149 0.2094,44.36 44.34 44.37,0,vmhwm,Linux x86_64,20260924_114407
summary,Gr_growth,1,t10i4d100k,minsup,0.002,0.4223,44.45,871.0,0.2092,44.36,871,True,0.2092 0.2174 0.2010,44.36 44.36 44.36,0,vmhwm,Linux x86_64,20260924_114408
summary,Gr_growth,1,t10i4d100k,minsup,0.005,0.4235,44.45,871.0,0.2096,44.36,871,True,0.2019 0.2241 0.2096,44.35 44.36 44.38,0,vmhwm,Linux x86_64,20260924_114409
summary,Gr_growth,1,t10i4d100k,minsup,0.01,0.4092,44.41,870.0,0.2049,44.32,870,True,0.2147 0.1998 0.2049,44.30 44.32 44.32,0,vmhwm,Linux x86_64,20260924_114409
summary,Gr_growth,1,t10i4d100k,minsup,0.02,0.0885,1.93,1.0,0.0152,3.91,1,True,0.0152 0.0135 0.0160,3.91 3.87 3.91,0,vmhwm,Linux x86_64,20260924_114409
summary,Gr_growth,1,t10i4d100k,minsup,0.05,0.09,1.97,1.0,0.0141,3.91,1,True,0.0132 0.0158 0.0141,3.91 3.88 3.91,0,vmhwm,Linux x86_64,20260924_114410
summary,Gr_growth,1,t10i4d100k,minsup,0.2,0.0904,1.91,1.0,0.0145,3.91,1,True,0.0145 0.0174 0.0139,3.91 3.91 3.95,0,vmhwm,Linux x86_64,20260924_114410
summary,Gr_growth,1,t10i4d100k,minsup,0.3,0.0889,1.92,1.0,0.0138,3.91,1,True,0.0131 0.0138 0.0146,3.90 3.91 3.91,0,vmhwm,Linux x86_64,20260924_114410
summary,Gr_growth,1,t10i4d100k,minsup,0.5,0.0889,1.93,1.0,0.0128,3.91,1,True,0.0127 0.0141 0.0128,3.91 3.91 3.92,0,vmhwm,Linux x86_64,20260924_114410
summary,Gr_growth,1,t10i4d100k,minsup,0.7,0.0893,1.91,1.0,0.0149,3.91,1,True,0.0149 0.0136 0.0161,3.87 3.91 3.91,0,vmhwm,Linux x86_64,20260924_114410
summary,Gr_growth,1,retail,minsup,0.0005,0.4243,35.7,19699.0,0.2084,35.69,19699,True,0.2072 0.2103 0.2084,35.69 35.69 35.69,0,vmhwm,Linux x86_64,20260924_114410
summary,Gr_growth,1,retail,minsup,0.001,0.3522,28.02,7696.0,0.1571,30.92,7696,True,0.1578 0.1571 0.1488,30.88 30.92 30.93,0,vmhwm,Linux x86_64,20260924_114411
summary,Gr_growth,1,retail,minsup,0.002,0.2743,25.5,2716.0,0.1034,25.37,2716,True,0.1010 0.1034 0.1133,25.37 25.39 25.35,0,vmhwm,Linux x86_64,20260924_114411
summary,Gr_growth,1,retail,minsup,0.005,0.1985,16.19,581.0,0.0602,18.14,581,True,0.0602 0.0612 0.0579,18.14 18.15 18.14,0,vmhwm,Linux x86_64,20260924_114412
summary,Gr_growth,1,retail,minsup,0.01,0.1784,14.85,160.0,0.0427,15.24,160,True,0.0450 0.0412 0.0427,15.24 15.24 15.20,0,vmhwm,Linux x86_64,20260924_114412
summary,Gr_growth,1,retail,minsup,0.02,0.1691,14.3,56.0,0.0365,14.18,56,True,0.0345 0.0379 0.0365,14.14 14.18 14.19,0,vmhwm,Linux x86_64,20260924_114412
summary,Gr_growth,1,retail,minsup,0.2,0.1702,14.23,4.0,0.036,14.09,4,True,0.0324 0.0406 0.0360,14.11 14.08 14.09,0,vmhwm,Linux x86_64,20260924_114412
summary,Gr_growth,1,retail,minsup,0.3,0.1652,14.24,4.0,0.0381,14.09,4,True,0.0326 0.0390 0.0381,14.09 14.09 14.10,0,vmhwm,Linux x86_64,20260924_114412
summary,Gr_growth,1,retail,minsup,0.5,0.0967,1.91,2.0,0.0161,4.16,2,True,0.0161 0.0162 0.0150,4.11 4.16 4.16,0,vmhwm,Linux x86_64,20260924_114412
summary,Gr_growth,1,retail,minsup,0.7,0.096,1.91,1.0,0.0175,4.17,1,True,0.0175 0.0164 0.0190,4.28 4.17 4.15,0,vmhwm,Linux x86_64,20260924_114412
summary,Gr_growth,1,accidents,minsup,0.3,1.6915,41.79,149530.0,0.503,41.45,149530,True,0.5084 0.5030 0.5004,41.43 41.45 41.49,0,vmhwm,Linux x86_64,20260924_114414
summary,Gr_growth,1,accidents,minsup,0.4,1.431,31.52,32530.0,0.3499,29.59,32530,True,0.3499 0.3405 0.3539,29.60 29.59 28.91,0,vmhwm,Linux x86_64,20260924_114415
summary,Gr_growth,1,accidents,minsup,0.5,1.2627,19.43,8058.0,0.2394,19.28,8058,True,0.2394 0.2425 0.2354,19.29 19.28 19.28,0,vmhwm,Linux x86_64,20260924_114416
summary,Gr_growth,1,accidents,minsup,0.6,1.217,15.55,2075.0,0.2226,15.66,2075,True,0.2169 0.2283 0.2226,15.66 15.66 15.63,0,vmhwm,Linux x86_64,20260924_114417
summary,Gr_growth,1,accidents,minsup,0.7,1.2048,14.22,530.0,0.192,14.18,530,True,0.1920 0.1899 0.1949,14.18 14.18 14.12,0,vmhwm,Linux x86_64,20260924_114417
summary,Gr_growth,1,accidents,minsup,0.8,1.1773,14.06,150.0,0.1769,14.0,150,True,0.1745 0.1769 0.1774,14.00 13.98 14.00,0,vmhwm,Linux x86_64,20260924_114418
summary,Gr_growth,1,pumsb,minsup,0.6,4.8667,143.73,2853042.0,2.0571,143.53,2853042,True,2.0348 2.0740 2.0571,144.75 142.54 143.53,0,vmhwm,Linux x86_64,20260924_114425
summary,Gr_growth,1,pumsb,minsup,0.7,1.4132,40.05,658565.0,0.4582,34.73,658565,True,0.4582 0.4521 0.4623,34.66 35.04 34.73,0,vmhwm,Linux x86_64,20260924_114426
summary,Gr_growth,1,pumsb,minsup,0.75,0.831,23.26,248406.0,0.1984,24.02,248406,True,0.1984 0.1990 0.1903,24.07 24.02 24.01,0,vmhwm,Linux x86_64,20260924_114427
summary,Gr_growth,1,pumsb,minsup,0.8,0.6194,15.45,67836.0,0.0983,16.76,67836,True,0.0953 0.0983 0.0993,16.78 16.75 16.76,0,vmhwm,Linux x86_64,20260924_114427
summary,Gr_growth,1,pumsb,minsup,0.85,0.5664,14.23,13795.0,0.0689,14.67,13795,True,0.0689 0.0688 0.0780,14.67 14.66 14.70,0,vmhwm,Linux x86_64,20260924_114427
summary,Gr_growth,1,pumsb,minsup,0.9,0.5465,14.18,2032.0,0.0661,14.16,2032,True,0.0643 0.0687 0.0661,14.14 14.18 14.16,0,vmhwm,Linux x86_64,20260924_114428
summary,Gr_growth,1,pumsb,minsup,0.95,0.5426,14.09,142.0,0.0641,14.04,142,True,0.0629 0.0641 0.0676,14.04 14.04 14.04,0,vmhwm,Linux x86_64,20260924_114428
extra,Gr_growth,1,mushroom,minsup,0.2,0.0239,0.01,1704,0.0125,14.23,1704,True,0.0125 0.0130 0.0124,14.14 14.23 14.24,0,vmhwm,Linux x86_64,20260924_114428
extra,Gr_growth,1,mushroom,minsup,0.3,0.0223,3.8,544,0.0101,14.0,544,True,0.0097 0.0101 0.0120,14.00 14.00 14.00,0,vmhwm,Linux x86_64,20260924_114428
extra,Gr_growth,1,mushroom,minsup,0.5,0.0103,8.93,52,0.0126,13.98,52,True,0.0147 0.0104 0.0126,13.99 13.95 13.98,0,vmhwm,Linux x86_64,20260924_114428
extra,Gr_growth,1,chess,minsup,0.8,0.0139,7.72,5084,0.0105,14.12,5084,True,0.0125 0.0095 0.0105,14.12 14.11 14.13,0,vmhwm,Linux x86_64,20260924_114428
extra,Gr_growth,1,connect,minsup,0.9,0.0822,3.75,3487,0.0511,14.04,3487,True,0.0527 0.0498 0.0511,14.02 14.04 14.05,0,vmhwm,Linux x86_64,20260924_114428
extra,Gr_growth,1,connect,minsup,0.8,0.0866,3.8,15108,0.0567,14.46,15108,True,0.0577 0.0567 0.0545,14.49 14.44 14.46,0,vmhwm,Linux x86_64,20260924_114428
extra,Gr_growth,1,retail,minsup,0.01,0.0706,3.91,160,0.041,15.22,160,True,0.0410 0.0408 0.0416,15.22 15.25 15.16,0,vmhwm,Linux x86_64,20260924_114429
extra,Gr_growth,1,t10i4d100k,minsup,0.01,0.334,44.2,870,0.2009,44.32,870,True,0.2009 0.2139 0.1991,44.32 44.32 44.32,0,vmhwm,Linux x86_64,20260924_114429
extra,Gr_growth,1,bms1,minsup,0.009894802187846,0.0219,4.28,80,0.0166,14.89,80,True,0.0198 0.0166 0.0159,14.89 14.88 14.92,0,vmhwm,Linux x86_64,20260924_114429
extra,Gr_growth,1,bms1,minsup,0.0038547364182409,0.0249,4.27,305,0.0224,15.85,305,True,0.0197 0.0228 0.0224,15.85 15.85 15.86,0,vmhwm,Linux x86_64,20260924_114429
extra,Gr_growth,1,bms1,minsup,0.0012709305056877,0.0302,11.08,2078,0.0269,16.43,2078,True,0.0266 0.0275 0.0269,16.43 16.34 16.43,0,vmhwm,Linux x86_64,20260924_114430
extra,Gr_growth,1,bms1,minsup,0.0005662561659004,0.1316,20.68,159225,0.1201,21.77,159225,True,0.1282 0.1198 0.1201,21.77 21.77 21.77,0,vmhwm,Linux x86_64,20260924_114430
extra,Gr_growth,1,bms1,minsup,0.0001803630750645,4.5285,132.46,2915744,4.4693,133.21,2915744,True,4.4693 4.4936 4.4137,133.45 132.98 133.21,0,vmhwm,Linux x86_64,20260924_114444
extra,Gr_growth,1,bms2,minsup,0.0123819537619981,0.0233,5.06,52,0.0268,15.98,52,True,0.0386 0.0258 0.0268,15.98 15.98 16.01,0,vmhwm,Linux x86_64,20260924_114444
extra,Gr_growth,1,c20d10k,minsup,0.946075,0.0126,3.84,9,0.0119,13.98,9,True,0.0168 0.0097 0.0119,13.98 13.98 13.98,0,vmhwm,Linux x86_64,20260924_114444
extra,Gr_growth,1,kosarak,minsup,0.0600247505990574,0.2381,14.14,24,0.2025,14.22,24,True,0.2034 0.2021 0.2025,14.23 14.22 14.18,0,vmhwm,Linux x86_64,20260924_114445
extra,Gr_growth,1,c73d10k,minsup,0.979375,0.0171,3.87,6,0.019,14.0,6,True,0.0205 0.0190 0.0181,14.01 14.00 13.95,0,vmhwm,Linux x86_64,20260924_114445
extra,Gr_growth,1,bms2,minsup,0.0052862782536897,0.0468,5.1,346,0.0315,17.25,346,True,0.0315 0.0350 0.0311,17.25 17.25 17.22,0,vmhwm,Linux x86_64,20260924_114445
extra,Gr_growth,1,c20d10k,minsup,0.337575,0.0117,5.51,660,0.0106,14.0,660,True,0.0095 0.0158 0.0106,14.00 14.02 14.00,0,vmhwm,Linux x86_64,20260924_114445
extra,Gr_growth,1,kosarak,minsup,0.0126772285392901,0.3354,21.89,252,0.2934,21.44,252,True,0.2934 0.2838 0.2934,21.44 21.57 21.20,0,vmhwm,Linux x86_64,20260924_114446
extra,Gr_growth,1,c73d10k,minsup,0.919975,0.0174,3.86,596,0.0202,14.0,596,True,0.0279 0.0202 0.0191,13.98 14.02 14.00,0,vmhwm,Linux x86_64,20260924_114446
extra,Gr_growth,1,bms2,minsup,0.0012094901434616,0.0688,5.1,13849,0.0692,22.03,13849,True,0.0692 0.0676 0.0695,22.03 22.03 22.04,0,vmhwm,Linux x86_64,20260924_114446
extra,Gr_growth,1,c20d10k,minsup,0.034375,0.0344,3.84,34691,0.0312,15.75,34691,True,0.0314 0.0266 0.0312,15.75 15.75 15.68,0,vmhwm,Linux x86_64,20260924_114447
extra,Gr_growth,1,kosarak,minsup,0.0032752349487756,0.9369,64.18,4002,0.9058,64.31,4002,True,0.8821 0.9073 0.9058,64.31 64.32 64.30,0,vmhwm,Linux x86_64,20260924_114449
extra,Gr_growth,1,c73d10k,minsup,0.446675,1.0828,97.54,1806480,1.0554,94.47,1806480,True,1.0554 1.0564 1.0464,94.40 94.47 95.38,0,vmhwm,Linux x86_64,20260924_114453
extra,Gr_growth,1,bms2,minsup,0.0004354164516461,0.1649,25.79,100912,0.1416,27.17,100912,True,0.1434 0.1416 0.1392,27.17 27.17 27.17,0,vmhwm,Linux x86_64,20260924_114453
extra,Gr_growth,1,c20d10k,minsup,0.001275,0.2013,22.34,386702,0.1959,28.09,386702,True,0.1927 0.2087 0.1959,28.09 28.01 28.14,0,vmhwm,Linux x86_64,20260924_114454
extra,Gr_growth,1,kosarak,minsup,0.0013246977425311,2.9051,120.8,202882,2.6066,120.85,202882,True,2.6066 2.6151 2.6014,120.82 120.85 120.86,0,vmhwm,Linux x86_64,20260924_114502
extra,Gr_growth,1,bms2,minsup,0.0001515894313138,0.4422,42.61,524758,0.3869,41.84,524758,True,0.3916 0.3852 0.3869,41.64 41.84 41.84,0,vmhwm,Linux x86_64,20260924_114503
summary,HUG_Miner,3,chainstore,min_utility,1000.0,0.8792,258.37,1000.0,0.4832,273.84,1000,True,0.4814 0.5144 0.4832,275.43 269.66 273.84,0,vmhwm,Linux x86_64,20260924_114704
summary,HUG_Miner,3,chainstore,min_utility,2000.0,0.8554,258.38,1000.0,0.4947,272.2,1000,True,0.4974 0.4947 0.4874,272.20 278.66 270.23,0,vmhwm,Linux x86_64,20260924_114705
summary,HUG_Miner,3,chainstore,min_utility,5000.0,0.8751,256.22,0.0,0.4722,271.7,0,True,0.4643 0.4722 0.4849,239.80 271.70 276.30,0,vmhwm,Linux x86_64,20260924_114707
summary,HUG_Miner,3,foodmart,min_utility,20.0,0.5696,111.19,13775.0,0.3618,140.01,13775,True,0.3571 0.3618 0.3620,127.54 140.01 144.57,0,vmhwm,Linux x86_64,20260924_114708
summary,HUG_Miner,3,foodmart,min_utility,50.0,0.4851,111.48,1475.0,0.2683,113.62,1475,True,0.2683 0.3444 0.2652,114.61 113.61 113.62,0,vmhwm,Linux x86_64,20260924_114709
summary,HUG_Miner,3,foodmart,min_utility,100.0,0.4707,85.63,687.0,0.2534,112.32,687,True,0.2685 0.2534 0.2532,112.05 113.98 112.32,0,vmhwm,Linux x86_64,20260924_114709
summary,GHUI_Miner,3,chainstore,min_utility,1000.0,1.3782,359.67,1000.0,0.8165,434.67,1000,True,0.8159 0.8165 0.8311,430.99 436.92 434.67,0,vmhwm,Linux x86_64,20260924_114712
summary,GHUI_Miner,3,chainstore,min_utility,2000.0,1.341,309.36,1000.0,0.7865,432.76,1000,True,0.7816 0.8216 0.7865,424.10 433.20 432.76,0,vmhwm,Linux x86_64,20260924_114714
summary,GHUI_Miner,3,chainstore,min_utility,5000.0,1.0054,279.57,0.0,0.6135,408.71,0,True,0.6116 0.6135 0.6136,410.89 408.71 403.63,0,vmhwm,Linux x86_64,20260924_114716
summary,GHUI_Miner,3,foodmart,min_utility,20.0,1.0026,198.63,21978.0,0.9143,298.83,21978,True,0.9439 0.9085 0.9143,291.04 298.83 299.87,0,vmhwm,Linux x86_64,20260924_114719
summary,GHUI_Miner,3,foodmart,min_utility,50.0,0.8225,203.66,10069.0,0.6088,283.43,10069,True,0.6179 0.5987 0.6088,286.86 283.43 282.68,0,vmhwm,Linux x86_64,20260924_114721
summary,GHUI_Miner,3,foodmart,min_utility,100.0,0.6819,147.19,807.0,0.3939,163.0,807,True,0.3358 0.3956 0.3939,150.80 166.08 163.00,0,vmhwm,Linux x86_64,20260924_114722
summary,HUCI_Miner_Generators,3,chainstore,min_utility,1000.0,1.3764,253.89,0.0,1.4272,259.72,0,True,1.4780 1.4085 1.4272,259.72 259.40 264.02,0,vmhwm,Linux x86_64,20260924_114726
summary,HUCI_Miner_Generators,3,chainstore,min_utility,2000.0,1.3472,255.48,0.0,1.444,258.69,0,True,1.3962 1.5151 1.4440,248.60 259.14 258.69,0,vmhwm,Linux x86_64,20260924_114731
summary,HUCI_Miner_Generators,3,foodmart,min_utility,20.0,12.3875,192.04,13146.0,11.1306,267.83,13146,True,10.8101 11.1306 11.2536,267.83 279.48 265.50,0,vmhwm,Linux x86_64,20260924_114804
summary,HUCI_Miner_Generators,3,foodmart,min_utility,50.0,0.9056,192.31,2002.0,0.7176,205.38,2002,True,0.7008 0.7255 0.7176,205.38 203.67 209.49,0,vmhwm,Linux x86_64,20260924_114806
summary,HUCI_Miner_Generators,3,foodmart,min_utility,100.0,0.5979,163.49,2.0,0.394,162.5,2,True,0.3922 0.3985 0.3940,162.58 162.50 160.94,0,vmhwm,Linux x86_64,20260924_114807
