algorithm,category,dataset,param_name,param_value,runtime_s,peak_memory_mb,generator_count,timed_out,error,timestamp,n_tx,n_items,target_frac
Apriori_Gen_Borgelt,1,syn_n2000_i80_l8_s00_c025,minsup,0.1803195,0.0132,0.0,2,False,,20260922_012157,2000,80,0.02
FPgrowth_Gen_Borgelt,1,syn_n2000_i80_l8_s00_c025,minsup,0.1803195,0.0133,0.37,2,False,,20260922_012157,2000,80,0.02
Eclat_Gen_Borgelt,1,syn_n2000_i80_l8_s00_c025,minsup,0.1803195,0.016,3.23,2,False,,20260922_012157,2000,80,0.02
Gr_growth,1,syn_n2000_i80_l8_s00_c025,minsup,0.1803195,0.019,3.82,3,False,,20260922_012157,2000,80,0.02
Apriori_Gen_Borgelt,1,syn_n2000_i80_l8_s00_c025,minsup,0.154845,0.0123,3.16,4,False,,20260922_012157,2000,80,0.05
DefMe,1,syn_n2000_i80_l8_s00_c025,minsup,0.1803195,0.4078,72.28,3,False,,20260922_012157,2000,80,0.02
Pascal,1,syn_n2000_i80_l8_s00_c025,minsup,0.1803195,0.4334,82.49,2,False,,20260922_012157,2000,80,0.02
Talky_G,1,syn_n2000_i80_l8_s00_c025,minsup,0.1803195,0.3648,78.34,3,False,,20260922_012157,2000,80,0.02
Eclat_Gen_Borgelt,1,syn_n2000_i80_l8_s00_c025,minsup,0.154845,0.0148,0.02,4,False,,20260922_012157,2000,80,0.05
FPgrowth_Gen_Borgelt,1,syn_n2000_i80_l8_s00_c025,minsup,0.154845,0.0136,0.26,4,False,,20260922_012157,2000,80,0.05
Zart,1,syn_n2000_i80_l8_s00_c025,minsup,0.1803195,0.46,81.52,3,False,,20260922_012157,2000,80,0.02
Gr_growth,1,syn_n2000_i80_l8_s00_c025,minsup,0.154845,0.0064,0.25,5,False,,20260922_012157,2000,80,0.05
TalkyG_Diffset,1,syn_n2000_i80_l8_s00_c025,minsup,0.1803195,0.5712,74.85,3,False,,20260922_012157,2000,80,0.02
DefMe,1,syn_n2000_i80_l8_s00_c025,minsup,0.154845,0.4902,76.35,5,False,,20260922_012157,2000,80,0.05
Apriori_Gen_Borgelt,1,syn_n2000_i80_l8_s00_c025,minsup,0.14685299999999998,0.0183,0.32,10,False,,20260922_012158,2000,80,0.12
Eclat_Gen_Borgelt,1,syn_n2000_i80_l8_s00_c025,minsup,0.14685299999999998,0.0067,0.24,10,False,,20260922_012158,2000,80,0.12
Pascal,1,syn_n2000_i80_l8_s00_c025,minsup,0.154845,0.4114,81.93,4,False,,20260922_012158,2000,80,0.05
FPgrowth_Gen_Borgelt,1,syn_n2000_i80_l8_s00_c025,minsup,0.14685299999999998,0.0123,3.18,10,False,,20260922_012158,2000,80,0.12
TalkyG_Diffset,1,syn_n2000_i80_l8_s00_c025,minsup,0.154845,0.519,75.2,5,False,,20260922_012158,2000,80,0.05
Gr_growth,1,syn_n2000_i80_l8_s00_c025,minsup,0.14685299999999998,0.0109,0.26,11,False,,20260922_012158,2000,80,0.12
Zart,1,syn_n2000_i80_l8_s00_c025,minsup,0.154845,0.4763,82.04,5,False,,20260922_012158,2000,80,0.05
DefMe,1,syn_n2000_i80_l8_s00_c025,minsup,0.14685299999999998,0.4718,74.34,11,False,,20260922_012158,2000,80,0.12
Talky_G,1,syn_n2000_i80_l8_s00_c025,minsup,0.154845,0.8102,73.75,5,False,,20260922_012158,2000,80,0.05
Apriori_Gen_Borgelt,1,syn_n2000_i80_l8_s00_c025,minsup,0.128871,0.007,0.27,21,False,,20260922_012158,2000,80,0.25
Eclat_Gen_Borgelt,1,syn_n2000_i80_l8_s00_c025,minsup,0.128871,0.0082,0.45,21,False,,20260922_012158,2000,80,0.25
Pascal,1,syn_n2000_i80_l8_s00_c025,minsup,0.14685299999999998,0.4485,74.67,10,False,,20260922_012158,2000,80,0.12
Talky_G,1,syn_n2000_i80_l8_s00_c025,minsup,0.14685299999999998,0.4031,79.68,11,False,,20260922_012158,2000,80,0.12
FPgrowth_Gen_Borgelt,1,syn_n2000_i80_l8_s00_c025,minsup,0.128871,0.0168,0.45,21,False,,20260922_012159,2000,80,0.25
Gr_growth,1,syn_n2000_i80_l8_s00_c025,minsup,0.128871,0.0139,0.02,22,False,,20260922_012159,2000,80,0.25
Zart,1,syn_n2000_i80_l8_s00_c025,minsup,0.14685299999999998,0.4456,75.83,11,False,,20260922_012159,2000,80,0.12
DefMe,1,syn_n2000_i80_l8_s00_c025,minsup,0.128871,0.4097,83.0,22,False,,20260922_012159,2000,80,0.25
Apriori_Gen_Borgelt,1,syn_n2000_i80_l8_s00_c06,minsup,0.1533465,0.0151,0.32,2,False,,20260922_012159,2000,80,0.02
Pascal,1,syn_n2000_i80_l8_s00_c025,minsup,0.128871,0.3536,79.51,21,False,,20260922_012159,2000,80,0.25
Zart,1,syn_n2000_i80_l8_s00_c025,minsup,0.128871,0.3549,81.38,22,False,,20260922_012159,2000,80,0.25
Eclat_Gen_Borgelt,1,syn_n2000_i80_l8_s00_c06,minsup,0.1533465,0.0123,0.0,2,False,,20260922_012159,2000,80,0.02
TalkyG_Diffset,1,syn_n2000_i80_l8_s00_c025,minsup,0.14685299999999998,1.1132,80.94,11,False,,20260922_012159,2000,80,0.12
Gr_growth,1,syn_n2000_i80_l8_s00_c06,minsup,0.1533465,0.0108,0.02,3,False,,20260922_012159,2000,80,0.02
FPgrowth_Gen_Borgelt,1,syn_n2000_i80_l8_s00_c06,minsup,0.1533465,0.011,0.34,2,False,,20260922_012159,2000,80,0.02
Talky_G,1,syn_n2000_i80_l8_s00_c025,minsup,0.128871,0.576,74.97,22,False,,20260922_012159,2000,80,0.25
DefMe,1,syn_n2000_i80_l8_s00_c06,minsup,0.1533465,0.404,83.22,3,False,,20260922_012159,2000,80,0.02
Apriori_Gen_Borgelt,1,syn_n2000_i80_l8_s00_c06,minsup,0.14385599999999998,0.0081,0.02,4,False,,20260922_012200,2000,80,0.05
TalkyG_Diffset,1,syn_n2000_i80_l8_s00_c06,minsup,0.1533465,0.3035,81.32,3,False,,20260922_012200,2000,80,0.02
Pascal,1,syn_n2000_i80_l8_s00_c06,minsup,0.1533465,0.5024,81.57,2,False,,20260922_012200,2000,80,0.02
Eclat_Gen_Borgelt,1,syn_n2000_i80_l8_s00_c06,minsup,0.14385599999999998,0.007,0.0,4,False,,20260922_012200,2000,80,0.05
Talky_G,1,syn_n2000_i80_l8_s00_c06,minsup,0.1533465,0.5214,77.06,3,False,,20260922_012200,2000,80,0.02
FPgrowth_Gen_Borgelt,1,syn_n2000_i80_l8_s00_c06,minsup,0.14385599999999998,0.0076,0.02,4,False,,20260922_012200,2000,80,0.05
Gr_growth,1,syn_n2000_i80_l8_s00_c06,minsup,0.14385599999999998,0.0062,0.25,5,False,,20260922_012200,2000,80,0.05
Zart,1,syn_n2000_i80_l8_s00_c06,minsup,0.1533465,0.5821,75.61,3,False,,20260922_012200,2000,80,0.02
DefMe,1,syn_n2000_i80_l8_s00_c06,minsup,0.14385599999999998,0.5196,82.32,5,False,,20260922_012200,2000,80,0.05
Apriori_Gen_Borgelt,1,syn_n2000_i80_l8_s00_c06,minsup,0.135864,0.0157,0.0,10,False,,20260922_012200,2000,80,0.12
Pascal,1,syn_n2000_i80_l8_s00_c06,minsup,0.14385599999999998,0.4234,80.13,4,False,,20260922_012200,2000,80,0.05
Eclat_Gen_Borgelt,1,syn_n2000_i80_l8_s00_c06,minsup,0.135864,0.011,0.19,10,False,,20260922_012201,2000,80,0.12
TalkyG_Diffset,1,syn_n2000_i80_l8_s00_c06,minsup,0.14385599999999998,0.5223,82.28,5,False,,20260922_012201,2000,80,0.05
TalkyG_Diffset,1,syn_n2000_i80_l8_s00_c025,minsup,0.128871,1.9443,68.29,22,False,,20260922_012201,2000,80,0.25
Talky_G,1,syn_n2000_i80_l8_s00_c06,minsup,0.14385599999999998,0.545,70.64,5,False,,20260922_012201,2000,80,0.05
Zart,1,syn_n2000_i80_l8_s00_c06,minsup,0.14385599999999998,0.5448,76.02,5,False,,20260922_012201,2000,80,0.05
FPgrowth_Gen_Borgelt,1,syn_n2000_i80_l8_s00_c06,minsup,0.135864,0.0213,3.28,10,False,,20260922_012201,2000,80,0.12
Gr_growth,1,syn_n2000_i80_l8_s00_c06,minsup,0.135864,0.0163,4.23,11,False,,20260922_012201,2000,80,0.12
DefMe,1,syn_n2000_i80_l8_s00_c06,minsup,0.135864,0.3561,83.88,11,False,,20260922_012201,2000,80,0.12
Apriori_Gen_Borgelt,1,syn_n2000_i80_l8_s00_c06,minsup,0.121878,0.0055,0.31,20,False,,20260922_012201,2000,80,0.25
Eclat_Gen_Borgelt,1,syn_n2000_i80_l8_s00_c06,minsup,0.121878,0.0081,0.02,20,False,,20260922_012201,2000,80,0.25
Pascal,1,syn_n2000_i80_l8_s00_c06,minsup,0.135864,0.4267,74.41,10,False,,20260922_012201,2000,80,0.12
FPgrowth_Gen_Borgelt,1,syn_n2000_i80_l8_s00_c06,minsup,0.121878,0.011,3.07,20,False,,20260922_012201,2000,80,0.25
Talky_G,1,syn_n2000_i80_l8_s00_c06,minsup,0.135864,0.3759,81.13,11,False,,20260922_012201,2000,80,0.12
Gr_growth,1,syn_n2000_i80_l8_s00_c06,minsup,0.121878,0.0147,8.0,21,False,,20260922_012201,2000,80,0.25
TalkyG_Diffset,1,syn_n2000_i80_l8_s00_c06,minsup,0.135864,0.5496,75.84,11,False,,20260922_012201,2000,80,0.12
Zart,1,syn_n2000_i80_l8_s00_c06,minsup,0.135864,0.5333,76.98,11,False,,20260922_012201,2000,80,0.12
Apriori_Gen_Borgelt,1,syn_n2000_i80_l8_s08_c025,minsup,0.6058935000000001,0.0131,0.31,2,False,,20260922_012202,2000,80,0.02
DefMe,1,syn_n2000_i80_l8_s00_c06,minsup,0.121878,0.614,73.63,21,False,,20260922_012202,2000,80,0.25
Eclat_Gen_Borgelt,1,syn_n2000_i80_l8_s08_c025,minsup,0.6058935000000001,0.0172,3.26,2,False,,20260922_012202,2000,80,0.02
Pascal,1,syn_n2000_i80_l8_s00_c06,minsup,0.121878,0.474,75.57,20,False,,20260922_012202,2000,80,0.25
Talky_G,1,syn_n2000_i80_l8_s00_c06,minsup,0.121878,0.3975,73.92,21,False,,20260922_012202,2000,80,0.25
FPgrowth_Gen_Borgelt,1,syn_n2000_i80_l8_s08_c025,minsup,0.6058935000000001,0.0063,0.26,2,False,,20260922_012202,2000,80,0.02
Gr_growth,1,syn_n2000_i80_l8_s08_c025,minsup,0.6058935000000001,0.0115,0.2,3,False,,20260922_012202,2000,80,0.02
TalkyG_Diffset,1,syn_n2000_i80_l8_s00_c06,minsup,0.121878,0.557,71.03,21,False,,20260922_012202,2000,80,0.25
DefMe,1,syn_n2000_i80_l8_s08_c025,minsup,0.6058935000000001,0.3,73.33,3,False,,20260922_012202,2000,80,0.02
Apriori_Gen_Borgelt,1,syn_n2000_i80_l8_s08_c025,minsup,0.346653,0.006,0.32,5,False,,20260922_012202,2000,80,0.05
Zart,1,syn_n2000_i80_l8_s00_c06,minsup,0.121878,0.6704,72.13,21,False,,20260922_012202,2000,80,0.25
Eclat_Gen_Borgelt,1,syn_n2000_i80_l8_s08_c025,minsup,0.346653,0.0123,3.2,5,False,,20260922_012202,2000,80,0.05
TalkyG_Diffset,1,syn_n2000_i80_l8_s08_c025,minsup,0.6058935000000001,0.3939,80.08,3,False,,20260922_012202,2000,80,0.02
Pascal,1,syn_n2000_i80_l8_s08_c025,minsup,0.6058935000000001,0.4678,71.64,2,False,,20260922_012202,2000,80,0.02
FPgrowth_Gen_Borgelt,1,syn_n2000_i80_l8_s08_c025,minsup,0.346653,0.006,0.2,5,False,,20260922_012203,2000,80,0.05
Gr_growth,1,syn_n2000_i80_l8_s08_c025,minsup,0.346653,0.0149,0.26,6,False,,20260922_012203,2000,80,0.05
Talky_G,1,syn_n2000_i80_l8_s08_c025,minsup,0.6058935000000001,0.518,76.83,3,False,,20260922_012203,2000,80,0.02
Zart,1,syn_n2000_i80_l8_s08_c025,minsup,0.6058935000000001,0.6864,76.05,3,False,,20260922_012203,2000,80,0.02
DefMe,1,syn_n2000_i80_l8_s08_c025,minsup,0.346653,0.662,72.5,6,False,,20260922_012203,2000,80,0.05
Apriori_Gen_Borgelt,1,syn_n2000_i80_l8_s08_c025,minsup,0.23126850000000002,0.0237,0.02,15,False,,20260922_012203,2000,80,0.12
TalkyG_Diffset,1,syn_n2000_i80_l8_s08_c025,minsup,0.346653,0.341,76.24,6,False,,20260922_012203,2000,80,0.05
Eclat_Gen_Borgelt,1,syn_n2000_i80_l8_s08_c025,minsup,0.23126850000000002,0.0057,0.25,15,False,,20260922_012203,2000,80,0.12
Talky_G,1,syn_n2000_i80_l8_s08_c025,minsup,0.346653,0.4249,76.66,6,False,,20260922_012203,2000,80,0.05
FPgrowth_Gen_Borgelt,1,syn_n2000_i80_l8_s08_c025,minsup,0.23126850000000002,0.0208,0.46,15,False,,20260922_012203,2000,80,0.12
Gr_growth,1,syn_n2000_i80_l8_s08_c025,minsup,0.23126850000000002,0.0065,0.28,16,False,,20260922_012203,2000,80,0.12
Zart,1,syn_n2000_i80_l8_s08_c025,minsup,0.346653,0.6338,80.91,6,False,,20260922_012203,2000,80,0.05
DefMe,1,syn_n2000_i80_l8_s08_c025,minsup,0.23126850000000002,0.3984,79.04,16,False,,20260922_012203,2000,80,0.12
Apriori_Gen_Borgelt,1,syn_n2000_i80_l8_s08_c025,minsup,0.13936050000000003,0.0076,2.96,45,False,,20260922_012204,2000,80,0.25
Pascal,1,syn_n2000_i80_l8_s08_c025,minsup,0.23126850000000002,0.3924,72.46,15,False,,20260922_012204,2000,80,0.12
Talky_G,1,syn_n2000_i80_l8_s08_c025,minsup,0.23126850000000002,0.3385,81.52,16,False,,20260922_012204,2000,80,0.12
Zart,1,syn_n2000_i80_l8_s08_c025,minsup,0.23126850000000002,0.353,76.59,16,False,,20260922_012204,2000,80,0.12
Eclat_Gen_Borgelt,1,syn_n2000_i80_l8_s08_c025,minsup,0.13936050000000003,0.0118,0.47,45,False,,20260922_012204,2000,80,0.25
FPgrowth_Gen_Borgelt,1,syn_n2000_i80_l8_s08_c025,minsup,0.13936050000000003,0.0079,3.27,45,False,,20260922_012204,2000,80,0.25
TalkyG_Diffset,1,syn_n2000_i80_l8_s08_c025,minsup,0.23126850000000002,0.5383,73.68,16,False,,20260922_012204,2000,80,0.12
Gr_growth,1,syn_n2000_i80_l8_s08_c025,minsup,0.13936050000000003,0.0152,5.09,46,False,,20260922_012204,2000,80,0.25
DefMe,1,syn_n2000_i80_l8_s08_c025,minsup,0.13936050000000003,0.4752,76.05,46,False,,20260922_012204,2000,80,0.25
Apriori_Gen_Borgelt,1,syn_n2000_i80_l8_s08_c06,minsup,0.44855100000000003,0.006,0.27,2,False,,20260922_012204,2000,78,0.02
TalkyG_Diffset,1,syn_n2000_i80_l8_s08_c025,minsup,0.13936050000000003,0.3634,79.03,46,False,,20260922_012204,2000,80,0.25
Pascal,1,syn_n2000_i80_l8_s08_c025,minsup,0.346653,1.823,67.67,5,False,,20260922_012204,2000,80,0.05
Talky_G,1,syn_n2000_i80_l8_s08_c025,minsup,0.13936050000000003,0.3857,77.56,46,False,,20260922_012204,2000,80,0.25
Zart,1,syn_n2000_i80_l8_s08_c025,minsup,0.13936050000000003,0.4006,73.08,46,False,,20260922_012205,2000,80,0.25
Eclat_Gen_Borgelt,1,syn_n2000_i80_l8_s08_c06,minsup,0.44855100000000003,0.0073,0.0,2,False,,20260922_012205,2000,78,0.02
FPgrowth_Gen_Borgelt,1,syn_n2000_i80_l8_s08_c06,minsup,0.44855100000000003,0.0094,0.02,2,False,,20260922_012205,2000,78,0.02
Gr_growth,1,syn_n2000_i80_l8_s08_c06,minsup,0.44855100000000003,0.0113,0.22,3,False,,20260922_012205,2000,78,0.02
Pascal,1,syn_n2000_i80_l8_s08_c025,minsup,0.13936050000000003,0.8742,74.74,45,False,,20260922_012205,2000,80,0.25
DefMe,1,syn_n2000_i80_l8_s08_c06,minsup,0.44855100000000003,0.4399,73.98,3,False,,20260922_012205,2000,78,0.02
Apriori_Gen_Borgelt,1,syn_n2000_i80_l8_s08_c06,minsup,0.35364599999999996,0.0122,3.01,4,False,,20260922_012205,2000,78,0.05
Pascal,1,syn_n2000_i80_l8_s08_c06,minsup,0.44855100000000003,0.3579,81.91,2,False,,20260922_012205,2000,78,0.02
Eclat_Gen_Borgelt,1,syn_n2000_i80_l8_s08_c06,minsup,0.35364599999999996,0.012,0.0,4,False,,20260922_012205,2000,78,0.05
Talky_G,1,syn_n2000_i80_l8_s08_c06,minsup,0.44855100000000003,0.4148,80.25,3,False,,20260922_012205,2000,78,0.02
FPgrowth_Gen_Borgelt,1,syn_n2000_i80_l8_s08_c06,minsup,0.35364599999999996,0.0068,0.38,4,False,,20260922_012205,2000,78,0.05
TalkyG_Diffset,1,syn_n2000_i80_l8_s08_c06,minsup,0.44855100000000003,0.4933,71.31,3,False,,20260922_012205,2000,78,0.02
Gr_growth,1,syn_n2000_i80_l8_s08_c06,minsup,0.35364599999999996,0.012,0.27,5,False,,20260922_012205,2000,78,0.05
Zart,1,syn_n2000_i80_l8_s08_c06,minsup,0.44855100000000003,0.5953,70.45,3,False,,20260922_012205,2000,78,0.02
DefMe,1,syn_n2000_i80_l8_s08_c06,minsup,0.35364599999999996,0.3962,73.37,5,False,,20260922_012205,2000,78,0.05
Apriori_Gen_Borgelt,1,syn_n2000_i80_l8_s08_c06,minsup,0.187812,0.0057,0.31,15,False,,20260922_012206,2000,78,0.12
Eclat_Gen_Borgelt,1,syn_n2000_i80_l8_s08_c06,minsup,0.187812,0.0114,0.22,15,False,,20260922_012206,2000,78,0.12
FPgrowth_Gen_Borgelt,1,syn_n2000_i80_l8_s08_c06,minsup,0.187812,0.006,0.24,15,False,,20260922_012206,2000,78,0.12
Talky_G,1,syn_n2000_i80_l8_s08_c06,minsup,0.35364599999999996,0.4568,82.29,5,False,,20260922_012206,2000,78,0.05
TalkyG_Diffset,1,syn_n2000_i80_l8_s08_c06,minsup,0.35364599999999996,0.5161,78.03,5,False,,20260922_012206,2000,78,0.05
Gr_growth,1,syn_n2000_i80_l8_s08_c06,minsup,0.187812,0.0063,0.26,16,False,,20260922_012206,2000,78,0.12
DefMe,1,syn_n2000_i80_l8_s08_c06,minsup,0.187812,0.397,79.33,16,False,,20260922_012206,2000,78,0.12
Zart,1,syn_n2000_i80_l8_s08_c06,minsup,0.35364599999999996,0.8013,75.49,5,False,,20260922_012206,2000,78,0.05
Apriori_Gen_Borgelt,1,syn_n2000_i80_l8_s08_c06,minsup,0.1223775,0.0056,0.26,39,False,,20260922_012206,2000,78,0.25
TalkyG_Diffset,1,syn_n2000_i80_l8_s08_c06,minsup,0.187812,0.3822,79.15,16,False,,20260922_012206,2000,78,0.12
Pascal,1,syn_n2000_i80_l8_s08_c06,minsup,0.187812,0.4367,75.48,15,False,,20260922_012206,2000,78,0.12
Eclat_Gen_Borgelt,1,syn_n2000_i80_l8_s08_c06,minsup,0.1223775,0.0111,0.55,39,False,,20260922_012206,2000,78,0.25
Talky_G,1,syn_n2000_i80_l8_s08_c06,minsup,0.187812,0.4655,82.72,16,False,,20260922_012207,2000,78,0.12
FPgrowth_Gen_Borgelt,1,syn_n2000_i80_l8_s08_c06,minsup,0.1223775,0.0121,3.03,39,False,,20260922_012207,2000,78,0.25
Zart,1,syn_n2000_i80_l8_s08_c06,minsup,0.187812,0.4735,76.08,16,False,,20260922_012207,2000,78,0.12
Gr_growth,1,syn_n2000_i80_l8_s08_c06,minsup,0.1223775,0.0108,0.27,40,False,,20260922_012207,2000,78,0.25
DefMe,1,syn_n2000_i80_l8_s08_c06,minsup,0.1223775,0.4252,78.92,40,False,,20260922_012207,2000,78,0.25
Talky_G,1,syn_n2000_i80_l8_s08_c06,minsup,0.1223775,0.3226,77.04,40,False,,20260922_012207,2000,78,0.25
Zart,1,syn_n2000_i80_l8_s08_c06,minsup,0.1223775,0.3418,72.43,40,False,,20260922_012207,2000,78,0.25
TalkyG_Diffset,1,syn_n2000_i80_l8_s08_c06,minsup,0.1223775,0.5316,74.35,40,False,,20260922_012207,2000,78,0.25
Pascal,1,syn_n2000_i80_l8_s08_c06,minsup,0.35364599999999996,2.0213,67.93,4,False,,20260922_012207,2000,78,0.05
Pascal,1,syn_n2000_i80_l8_s08_c06,minsup,0.1223775,0.771,76.59,39,False,,20260922_012207,2000,78,0.25
Apriori_Gen_Borgelt,1,syn_n2000_i80_l8_s16_c025,minsup,0.983016,0.0214,0.33,1,False,,20260922_012339,2000,63,0.02
Eclat_Gen_Borgelt,1,syn_n2000_i80_l8_s16_c025,minsup,0.983016,0.0169,2.94,1,False,,20260922_012339,2000,63,0.02
Gr_growth,1,syn_n2000_i80_l8_s16_c025,minsup,0.983016,0.022,0.28,2,False,,20260922_012339,2000,63,0.02
FPgrowth_Gen_Borgelt,1,syn_n2000_i80_l8_s16_c025,minsup,0.983016,0.021,2.97,1,False,,20260922_012339,2000,63,0.02
Apriori_Gen_Borgelt,1,syn_n2000_i80_l8_s16_c025,minsup,0.7407585000000001,0.0202,2.84,4,False,,20260922_012339,2000,63,0.05
DefMe,1,syn_n2000_i80_l8_s16_c025,minsup,0.983016,0.4239,82.01,2,False,,20260922_012339,2000,63,0.02
Pascal,1,syn_n2000_i80_l8_s16_c025,minsup,0.983016,0.5612,76.31,1,False,,20260922_012339,2000,63,0.02
Eclat_Gen_Borgelt,1,syn_n2000_i80_l8_s16_c025,minsup,0.7407585000000001,0.0265,0.38,4,False,,20260922_012339,2000,63,0.05
Zart,1,syn_n2000_i80_l8_s16_c025,minsup,0.983016,0.4641,80.07,2,False,,20260922_012339,2000,63,0.02
FPgrowth_Gen_Borgelt,1,syn_n2000_i80_l8_s16_c025,minsup,0.7407585000000001,0.0069,0.21,4,False,,20260922_012339,2000,63,0.05
Gr_growth,1,syn_n2000_i80_l8_s16_c025,minsup,0.7407585000000001,0.02,0.26,5,False,,20260922_012339,2000,63,0.05
TalkyG_Diffset,1,syn_n2000_i80_l8_s16_c025,minsup,0.983016,0.7015,71.27,2,False,,20260922_012340,2000,63,0.02
DefMe,1,syn_n2000_i80_l8_s16_c025,minsup,0.7407585000000001,0.6686,78.21,5,False,,20260922_012340,2000,63,0.05
Apriori_Gen_Borgelt,1,syn_n2000_i80_l8_s16_c025,minsup,0.373626,0.0077,0.21,44,False,,20260922_012340,2000,63,0.12
Pascal,1,syn_n2000_i80_l8_s16_c025,minsup,0.7407585000000001,0.4818,78.36,4,False,,20260922_012340,2000,63,0.05
TalkyG_Diffset,1,syn_n2000_i80_l8_s16_c025,minsup,0.7407585000000001,0.4855,82.25,5,False,,20260922_012340,2000,63,0.05
Talky_G,1,syn_n2000_i80_l8_s16_c025,minsup,0.7407585000000001,0.5023,75.12,5,False,,20260922_012340,2000,63,0.05
Eclat_Gen_Borgelt,1,syn_n2000_i80_l8_s16_c025,minsup,0.373626,0.0161,3.04,44,False,,20260922_012340,2000,63,0.12
Zart,1,syn_n2000_i80_l8_s16_c025,minsup,0.7407585000000001,0.5754,72.32,5,False,,20260922_012340,2000,63,0.05
FPgrowth_Gen_Borgelt,1,syn_n2000_i80_l8_s16_c025,minsup,0.373626,0.0136,0.46,44,False,,20260922_012340,2000,63,0.12
Gr_growth,1,syn_n2000_i80_l8_s16_c025,minsup,0.373626,0.0138,0.27,45,False,,20260922_012340,2000,63,0.12
DefMe,1,syn_n2000_i80_l8_s16_c025,minsup,0.373626,0.5831,76.23,45,False,,20260922_012341,2000,63,0.12
Pascal,1,syn_n2000_i80_l8_s16_c025,minsup,0.373626,0.4282,79.11,44,False,,20260922_012341,2000,63,0.12
Apriori_Gen_Borgelt,1,syn_n2000_i80_l8_s16_c025,minsup,0.097902,0.0118,0.39,404,False,,20260922_012341,2000,63,0.25
Talky_G,1,syn_n2000_i80_l8_s16_c025,minsup,0.373626,0.3791,80.89,45,False,,20260922_012341,2000,63,0.12
Talky_G,1,syn_n2000_i80_l8_s16_c025,minsup,0.983016,2.028,68.05,2,False,,20260922_012341,2000,63,0.02
Eclat_Gen_Borgelt,1,syn_n2000_i80_l8_s16_c025,minsup,0.097902,0.0075,0.36,404,False,,20260922_012341,2000,63,0.25
TalkyG_Diffset,1,syn_n2000_i80_l8_s16_c025,minsup,0.373626,0.5899,78.22,45,False,,20260922_012341,2000,63,0.12
FPgrowth_Gen_Borgelt,1,syn_n2000_i80_l8_s16_c025,minsup,0.097902,0.0171,3.08,404,False,,20260922_012341,2000,63,0.25
Gr_growth,1,syn_n2000_i80_l8_s16_c025,minsup,0.097902,0.0365,1.94,405,False,,20260922_012341,2000,63,0.25
Zart,1,syn_n2000_i80_l8_s16_c025,minsup,0.373626,0.8142,73.84,45,False,,20260922_012341,2000,63,0.12
DefMe,1,syn_n2000_i80_l8_s16_c025,minsup,0.097902,0.507,79.89,405,False,,20260922_012341,2000,63,0.25
Apriori_Gen_Borgelt,1,syn_n2000_i80_l8_s16_c06,minsup,0.9345645,0.008,0.25,1,False,,20260922_012341,2000,68,0.02
TalkyG_Diffset,1,syn_n2000_i80_l8_s16_c025,minsup,0.097902,0.5187,81.38,405,False,,20260922_012342,2000,63,0.25
Eclat_Gen_Borgelt,1,syn_n2000_i80_l8_s16_c06,minsup,0.9345645,0.0076,0.22,1,False,,20260922_012342,2000,68,0.02
Pascal,1,syn_n2000_i80_l8_s16_c025,minsup,0.097902,0.6337,77.95,404,False,,20260922_012342,2000,63,0.25
Gr_growth,1,syn_n2000_i80_l8_s16_c06,minsup,0.9345645,0.0167,0.0,2,False,,20260922_012342,2000,68,0.02
FPgrowth_Gen_Borgelt,1,syn_n2000_i80_l8_s16_c06,minsup,0.9345645,0.02,3.02,1,False,,20260922_012342,2000,68,0.02
Talky_G,1,syn_n2000_i80_l8_s16_c025,minsup,0.097902,0.6133,75.68,405,False,,20260922_012342,2000,63,0.25
Zart,1,syn_n2000_i80_l8_s16_c025,minsup,0.097902,0.7321,118.78,405,False,,20260922_012342,2000,63,0.25
DefMe,1,syn_n2000_i80_l8_s16_c06,minsup,0.9345645,0.679,72.2,2,False,,20260922_012342,2000,68,0.02
Apriori_Gen_Borgelt,1,syn_n2000_i80_l8_s16_c06,minsup,0.6958035,0.0093,2.86,4,False,,20260922_012342,2000,68,0.05
Eclat_Gen_Borgelt,1,syn_n2000_i80_l8_s16_c06,minsup,0.6958035,0.0085,0.8,4,False,,20260922_012343,2000,68,0.05
TalkyG_Diffset,1,syn_n2000_i80_l8_s16_c06,minsup,0.9345645,0.4529,81.19,2,False,,20260922_012343,2000,68,0.02
Talky_G,1,syn_n2000_i80_l8_s16_c06,minsup,0.9345645,0.4947,79.2,2,False,,20260922_012343,2000,68,0.02
FPgrowth_Gen_Borgelt,1,syn_n2000_i80_l8_s16_c06,minsup,0.6958035,0.0204,0.02,4,False,,20260922_012343,2000,68,0.05
Pascal,1,syn_n2000_i80_l8_s16_c06,minsup,0.9345645,0.6521,71.85,1,False,,20260922_012343,2000,68,0.02
Gr_growth,1,syn_n2000_i80_l8_s16_c06,minsup,0.6958035,0.0189,3.82,5,False,,20260922_012343,2000,68,0.05
Zart,1,syn_n2000_i80_l8_s16_c06,minsup,0.9345645,0.69,70.84,2,False,,20260922_012343,2000,68,0.02
Apriori_Gen_Borgelt,1,syn_n2000_i80_l8_s16_c06,minsup,0.3481515,0.0078,0.24,27,False,,20260922_012343,2000,68,0.12
DefMe,1,syn_n2000_i80_l8_s16_c06,minsup,0.6958035,0.5999,73.07,5,False,,20260922_012343,2000,68,0.05
Eclat_Gen_Borgelt,1,syn_n2000_i80_l8_s16_c06,minsup,0.3481515,0.0222,0.02,27,False,,20260922_012343,2000,68,0.12
Pascal,1,syn_n2000_i80_l8_s16_c06,minsup,0.6958035,0.5541,79.32,4,False,,20260922_012343,2000,68,0.05
TalkyG_Diffset,1,syn_n2000_i80_l8_s16_c06,minsup,0.6958035,0.4754,72.01,5,False,,20260922_012343,2000,68,0.05
FPgrowth_Gen_Borgelt,1,syn_n2000_i80_l8_s16_c06,minsup,0.3481515,0.0081,0.2,27,False,,20260922_012343,2000,68,0.12
Gr_growth,1,syn_n2000_i80_l8_s16_c06,minsup,0.3481515,0.018,11.2,28,False,,20260922_012343,2000,68,0.12
Zart,1,syn_n2000_i80_l8_s16_c06,minsup,0.6958035,0.5341,73.7,5,False,,20260922_012343,2000,68,0.05
Talky_G,1,syn_n2000_i80_l8_s16_c06,minsup,0.6958035,0.7004,76.82,5,False,,20260922_012344,2000,68,0.05
DefMe,1,syn_n2000_i80_l8_s16_c06,minsup,0.3481515,0.5601,76.8,28,False,,20260922_012344,2000,68,0.12
Apriori_Gen_Borgelt,1,syn_n2000_i80_l8_s16_c06,minsup,0.1293705,0.0076,0.25,194,False,,20260922_012344,2000,68,0.25
Eclat_Gen_Borgelt,1,syn_n2000_i80_l8_s16_c06,minsup,0.1293705,0.0174,0.01,194,False,,20260922_012344,2000,68,0.25
FPgrowth_Gen_Borgelt,1,syn_n2000_i80_l8_s16_c06,minsup,0.1293705,0.0073,0.29,194,False,,20260922_012344,2000,68,0.25
TalkyG_Diffset,1,syn_n2000_i80_l8_s16_c06,minsup,0.3481515,0.6026,77.66,28,False,,20260922_012344,2000,68,0.12
Zart,1,syn_n2000_i80_l8_s16_c06,minsup,0.3481515,0.4966,82.47,28,False,,20260922_012344,2000,68,0.12
Gr_growth,1,syn_n2000_i80_l8_s16_c06,minsup,0.1293705,0.0138,0.27,195,False,,20260922_012344,2000,68,0.25
Pascal,1,syn_n2000_i80_l8_s16_c06,minsup,0.3481515,0.8141,75.25,27,False,,20260922_012344,2000,68,0.12
DefMe,1,syn_n2000_i80_l8_s16_c06,minsup,0.1293705,0.5358,75.46,195,False,,20260922_012344,2000,68,0.25
Talky_G,1,syn_n2000_i80_l8_s16_c06,minsup,0.3481515,0.8548,73.25,28,False,,20260922_012345,2000,68,0.12
Apriori_Gen_Borgelt,1,syn_n2000_i80_l20_s00_c025,minsup,0.3551445,0.008,0.31,2,False,,20260922_012345,2000,80,0.02
Eclat_Gen_Borgelt,1,syn_n2000_i80_l20_s00_c025,minsup,0.3551445,0.0131,2.73,2,False,,20260922_012345,2000,80,0.02
Pascal,1,syn_n2000_i80_l8_s16_c06,minsup,0.1293705,0.5075,81.0,194,False,,20260922_012345,2000,68,0.25
Talky_G,1,syn_n2000_i80_l8_s16_c06,minsup,0.1293705,0.5276,80.52,195,False,,20260922_012345,2000,68,0.25
FPgrowth_Gen_Borgelt,1,syn_n2000_i80_l20_s00_c025,minsup,0.3551445,0.0245,0.26,2,False,,20260922_012345,2000,80,0.02
Gr_growth,1,syn_n2000_i80_l20_s00_c025,minsup,0.3551445,0.016,0.33,4,False,,20260922_012345,2000,80,0.02
TalkyG_Diffset,1,syn_n2000_i80_l8_s16_c06,minsup,0.1293705,0.8494,72.68,195,False,,20260922_012345,2000,68,0.25
Zart,1,syn_n2000_i80_l8_s16_c06,minsup,0.1293705,0.8428,98.31,195,False,,20260922_012345,2000,68,0.25
DefMe,1,syn_n2000_i80_l20_s00_c025,minsup,0.3551445,0.7161,82.51,3,False,,20260922_012346,2000,80,0.02
Apriori_Gen_Borgelt,1,syn_n2000_i80_l20_s00_c025,minsup,0.34365599999999996,0.0109,0.34,4,False,,20260922_012346,2000,80,0.05
Pascal,1,syn_n2000_i80_l20_s00_c025,minsup,0.3551445,0.5281,79.99,2,False,,20260922_012346,2000,80,0.02
Eclat_Gen_Borgelt,1,syn_n2000_i80_l20_s00_c025,minsup,0.34365599999999996,0.0151,2.81,4,False,,20260922_012346,2000,80,0.05
Talky_G,1,syn_n2000_i80_l20_s00_c025,minsup,0.3551445,0.5466,84.84,3,False,,20260922_012346,2000,80,0.02
FPgrowth_Gen_Borgelt,1,syn_n2000_i80_l20_s00_c025,minsup,0.34365599999999996,0.0137,0.37,4,False,,20260922_012346,2000,80,0.05
TalkyG_Diffset,1,syn_n2000_i80_l20_s00_c025,minsup,0.3551445,0.7588,82.65,3,False,,20260922_012346,2000,80,0.02
Gr_growth,1,syn_n2000_i80_l20_s00_c025,minsup,0.34365599999999996,0.0201,0.24,5,False,,20260922_012346,2000,80,0.05
Zart,1,syn_n2000_i80_l20_s00_c025,minsup,0.3551445,0.6768,81.3,3,False,,20260922_012346,2000,80,0.02
Apriori_Gen_Borgelt,1,syn_n2000_i80_l20_s00_c025,minsup,0.327672,0.009,0.25,10,False,,20260922_012346,2000,80,0.12
DefMe,1,syn_n2000_i80_l20_s00_c025,minsup,0.34365599999999996,0.6354,81.81,5,False,,20260922_012346,2000,80,0.05
Eclat_Gen_Borgelt,1,syn_n2000_i80_l20_s00_c025,minsup,0.327672,0.0133,3.0,10,False,,20260922_012347,2000,80,0.12
Pascal,1,syn_n2000_i80_l20_s00_c025,minsup,0.34365599999999996,0.6529,77.29,4,False,,20260922_012347,2000,80,0.05
FPgrowth_Gen_Borgelt,1,syn_n2000_i80_l20_s00_c025,minsup,0.327672,0.0156,0.01,10,False,,20260922_012347,2000,80,0.12
Talky_G,1,syn_n2000_i80_l20_s00_c025,minsup,0.34365599999999996,0.5711,83.27,5,False,,20260922_012347,2000,80,0.05
Gr_growth,1,syn_n2000_i80_l20_s00_c025,minsup,0.327672,0.0147,0.28,11,False,,20260922_012347,2000,80,0.12
TalkyG_Diffset,1,syn_n2000_i80_l20_s00_c025,minsup,0.34365599999999996,0.8037,83.66,5,False,,20260922_012347,2000,80,0.05
Zart,1,syn_n2000_i80_l20_s00_c025,minsup,0.34365599999999996,0.9419,80.82,5,False,,20260922_012347,2000,80,0.05
DefMe,1,syn_n2000_i80_l20_s00_c025,minsup,0.327672,0.7302,79.99,11,False,,20260922_012347,2000,80,0.12
Apriori_Gen_Borgelt,1,syn_n2000_i80_l20_s00_c025,minsup,0.3121875,0.0214,0.47,20,False,,20260922_012347,2000,80,0.25
Pascal,1,syn_n2000_i80_l20_s00_c025,minsup,0.327672,0.5235,81.61,10,False,,20260922_012347,2000,80,0.12
Eclat_Gen_Borgelt,1,syn_n2000_i80_l20_s00_c025,minsup,0.3121875,0.0101,0.39,20,False,,20260922_012348,2000,80,0.25
Talky_G,1,syn_n2000_i80_l20_s00_c025,minsup,0.327672,0.4957,81.66,11,False,,20260922_012348,2000,80,0.12
FPgrowth_Gen_Borgelt,1,syn_n2000_i80_l20_s00_c025,minsup,0.3121875,0.0075,0.32,20,False,,20260922_012348,2000,80,0.25
Gr_growth,1,syn_n2000_i80_l20_s00_c025,minsup,0.3121875,0.0158,0.26,21,False,,20260922_012348,2000,80,0.25
Zart,1,syn_n2000_i80_l20_s00_c025,minsup,0.327672,0.585,84.93,11,False,,20260922_012348,2000,80,0.12
DefMe,1,syn_n2000_i80_l20_s00_c025,minsup,0.3121875,0.4918,82.94,21,False,,20260922_012348,2000,80,0.25
Apriori_Gen_Borgelt,1,syn_n2000_i80_l20_s00_c06,minsup,0.366633,0.0072,0.25,2,False,,20260922_012348,2000,80,0.02
TalkyG_Diffset,1,syn_n2000_i80_l20_s00_c025,minsup,0.327672,1.2811,84.03,11,False,,20260922_012348,2000,80,0.12
TalkyG_Diffset,1,syn_n2000_i80_l20_s00_c025,minsup,0.3121875,0.4751,80.83,21,False,,20260922_012348,2000,80,0.25
Zart,1,syn_n2000_i80_l20_s00_c025,minsup,0.3121875,0.5588,85.29,21,False,,20260922_012348,2000,80,0.25
Eclat_Gen_Borgelt,1,syn_n2000_i80_l20_s00_c06,minsup,0.366633,0.017,2.85,2,False,,20260922_012348,2000,80,0.02
FPgrowth_Gen_Borgelt,1,syn_n2000_i80_l20_s00_c06,minsup,0.366633,0.016,2.94,2,False,,20260922_012349,2000,80,0.02
Talky_G,1,syn_n2000_i80_l20_s00_c025,minsup,0.3121875,0.6831,80.84,21,False,,20260922_012349,2000,80,0.25
DefMe,1,syn_n2000_i80_l20_s00_c06,minsup,0.366633,0.4127,81.3,3,False,,20260922_012349,2000,80,0.02
Gr_growth,1,syn_n2000_i80_l20_s00_c06,minsup,0.366633,0.0136,13.89,3,False,,20260922_012349,2000,80,0.02
Apriori_Gen_Borgelt,1,syn_n2000_i80_l20_s00_c06,minsup,0.34615349999999995,0.0198,0.02,4,False,,20260922_012349,2000,80,0.05
Pascal,1,syn_n2000_i80_l20_s00_c025,minsup,0.3121875,1.2806,74.73,20,False,,20260922_012349,2000,80,0.25
TalkyG_Diffset,1,syn_n2000_i80_l20_s00_c06,minsup,0.366633,0.4945,86.7,3,False,,20260922_012349,2000,80,0.02
Eclat_Gen_Borgelt,1,syn_n2000_i80_l20_s00_c06,minsup,0.34615349999999995,0.0074,0.2,4,False,,20260922_012349,2000,80,0.05
Talky_G,1,syn_n2000_i80_l20_s00_c06,minsup,0.366633,0.5516,84.7,3,False,,20260922_012349,2000,80,0.02
FPgrowth_Gen_Borgelt,1,syn_n2000_i80_l20_s00_c06,minsup,0.34615349999999995,0.0173,0.45,4,False,,20260922_012349,2000,80,0.05
Pascal,1,syn_n2000_i80_l20_s00_c06,minsup,0.366633,0.7187,78.45,2,False,,20260922_012349,2000,80,0.02
Gr_growth,1,syn_n2000_i80_l20_s00_c06,minsup,0.34615349999999995,0.0145,0.2,5,False,,20260922_012349,2000,80,0.05
DefMe,1,syn_n2000_i80_l20_s00_c06,minsup,0.34615349999999995,0.4928,85.2,5,False,,20260922_012349,2000,80,0.05
Zart,1,syn_n2000_i80_l20_s00_c06,minsup,0.366633,0.7793,83.24,3,False,,20260922_012350,2000,80,0.02
Apriori_Gen_Borgelt,1,syn_n2000_i80_l20_s00_c06,minsup,0.312687,0.0247,2.85,10,False,,20260922_012350,2000,80,0.12
Eclat_Gen_Borgelt,1,syn_n2000_i80_l20_s00_c06,minsup,0.312687,0.0076,0.26,10,False,,20260922_012350,2000,80,0.12
Pascal,1,syn_n2000_i80_l20_s00_c06,minsup,0.34615349999999995,0.4599,76.14,4,False,,20260922_012350,2000,80,0.05
FPgrowth_Gen_Borgelt,1,syn_n2000_i80_l20_s00_c06,minsup,0.312687,0.0086,0.3,10,False,,20260922_012350,2000,80,0.12
Gr_growth,1,syn_n2000_i80_l20_s00_c06,minsup,0.312687,0.012,0.59,11,False,,20260922_012350,2000,80,0.12
Talky_G,1,syn_n2000_i80_l20_s00_c06,minsup,0.34615349999999995,0.5626,84.26,5,False,,20260922_012350,2000,80,0.05
TalkyG_Diffset,1,syn_n2000_i80_l20_s00_c06,minsup,0.34615349999999995,0.7541,78.39,5,False,,20260922_012350,2000,80,0.05
DefMe,1,syn_n2000_i80_l20_s00_c06,minsup,0.312687,0.6819,82.0,11,False,,20260922_012351,2000,80,0.12
Apriori_Gen_Borgelt,1,syn_n2000_i80_l20_s00_c06,minsup,0.300699,0.0077,0.32,20,False,,20260922_012351,2000,80,0.25
Pascal,1,syn_n2000_i80_l20_s00_c06,minsup,0.312687,0.5902,80.25,10,False,,20260922_012351,2000,80,0.12
Zart,1,syn_n2000_i80_l20_s00_c06,minsup,0.34615349999999995,1.3247,85.47,5,False,,20260922_012351,2000,80,0.05
Eclat_Gen_Borgelt,1,syn_n2000_i80_l20_s00_c06,minsup,0.300699,0.0081,0.39,20,False,,20260922_012351,2000,80,0.25
Talky_G,1,syn_n2000_i80_l20_s00_c06,minsup,0.312687,0.6138,77.67,11,False,,20260922_012351,2000,80,0.12
FPgrowth_Gen_Borgelt,1,syn_n2000_i80_l20_s00_c06,minsup,0.300699,0.007,0.24,20,False,,20260922_012351,2000,80,0.25
Gr_growth,1,syn_n2000_i80_l20_s00_c06,minsup,0.300699,0.0193,0.36,21,False,,20260922_012351,2000,80,0.25
TalkyG_Diffset,1,syn_n2000_i80_l20_s00_c06,minsup,0.312687,0.8918,81.13,11,False,,20260922_012351,2000,80,0.12
Zart,1,syn_n2000_i80_l20_s00_c06,minsup,0.312687,0.8871,82.84,11,False,,20260922_012351,2000,80,0.12
DefMe,1,syn_n2000_i80_l20_s00_c06,minsup,0.300699,0.7215,78.81,21,False,,20260922_012352,2000,80,0.25
Apriori_Gen_Borgelt,1,syn_n2000_i80_l20_s08_c025,minsup,0.855144,0.0118,2.68,2,False,,20260922_012352,2000,80,0.02
Pascal,1,syn_n2000_i80_l20_s00_c06,minsup,0.300699,0.478,84.16,20,False,,20260922_012352,2000,80,0.25
Eclat_Gen_Borgelt,1,syn_n2000_i80_l20_s08_c025,minsup,0.855144,0.0075,0.38,2,False,,20260922_012352,2000,80,0.02
FPgrowth_Gen_Borgelt,1,syn_n2000_i80_l20_s08_c025,minsup,0.855144,0.0075,0.19,2,False,,20260922_012352,2000,80,0.02
Talky_G,1,syn_n2000_i80_l20_s00_c06,minsup,0.300699,0.526,83.17,21,False,,20260922_012352,2000,80,0.25
TalkyG_Diffset,1,syn_n2000_i80_l20_s00_c06,minsup,0.300699,0.6004,82.41,21,False,,20260922_012352,2000,80,0.25
Gr_growth,1,syn_n2000_i80_l20_s08_c025,minsup,0.855144,0.0096,0.36,3,False,,20260922_012352,2000,80,0.02
Zart,1,syn_n2000_i80_l20_s00_c06,minsup,0.300699,0.6447,82.5,21,False,,20260922_012352,2000,80,0.25
Apriori_Gen_Borgelt,1,syn_n2000_i80_l20_s08_c025,minsup,0.736263,0.0176,2.88,6,False,,20260922_012352,2000,80,0.05
DefMe,1,syn_n2000_i80_l20_s08_c025,minsup,0.855144,0.5956,82.37,3,False,,20260922_012352,2000,80,0.02
Eclat_Gen_Borgelt,1,syn_n2000_i80_l20_s08_c025,minsup,0.736263,0.0164,2.92,6,False,,20260922_012353,2000,80,0.05
Pascal,1,syn_n2000_i80_l20_s08_c025,minsup,0.855144,0.5808,79.39,2,False,,20260922_012353,2000,80,0.02
TalkyG_Diffset,1,syn_n2000_i80_l20_s08_c025,minsup,0.855144,0.5779,85.38,3,False,,20260922_012353,2000,80,0.02
FPgrowth_Gen_Borgelt,1,syn_n2000_i80_l20_s08_c025,minsup,0.736263,0.0073,0.34,6,False,,20260922_012353,2000,80,0.05
Gr_growth,1,syn_n2000_i80_l20_s08_c025,minsup,0.736263,0.0147,0.2,7,False,,20260922_012353,2000,80,0.05
DefMe,1,syn_n2000_i80_l20_s08_c025,minsup,0.736263,0.4259,78.05,7,False,,20260922_012353,2000,80,0.05
Talky_G,1,syn_n2000_i80_l20_s08_c025,minsup,0.855144,0.9733,85.7,3,False,,20260922_012353,2000,80,0.02
Apriori_Gen_Borgelt,1,syn_n2000_i80_l20_s08_c025,minsup,0.473526,0.0075,0.2,42,False,,20260922_012353,2000,80,0.12
TalkyG_Diffset,1,syn_n2000_i80_l20_s08_c025,minsup,0.736263,0.445,85.14,7,False,,20260922_012353,2000,80,0.05
Zart,1,syn_n2000_i80_l20_s08_c025,minsup,0.855144,1.2989,83.46,3,False,,20260922_012353,2000,80,0.02
Eclat_Gen_Borgelt,1,syn_n2000_i80_l20_s08_c025,minsup,0.473526,0.0114,0.54,42,False,,20260922_012354,2000,80,0.12
Zart,1,syn_n2000_i80_l20_s08_c025,minsup,0.736263,0.5392,86.56,7,False,,20260922_012354,2000,80,0.05
FPgrowth_Gen_Borgelt,1,syn_n2000_i80_l20_s08_c025,minsup,0.473526,0.0075,0.47,42,False,,20260922_012354,2000,80,0.12
Pascal,1,syn_n2000_i80_l20_s08_c025,minsup,0.736263,0.8579,77.21,6,False,,20260922_012354,2000,80,0.05
Gr_growth,1,syn_n2000_i80_l20_s08_c025,minsup,0.473526,0.0143,0.26,43,False,,20260922_012354,2000,80,0.12
Talky_G,1,syn_n2000_i80_l20_s08_c025,minsup,0.736263,0.8536,79.17,7,False,,20260922_012354,2000,80,0.05
DefMe,1,syn_n2000_i80_l20_s08_c025,minsup,0.473526,0.618,82.07,43,False,,20260922_012354,2000,80,0.12
Apriori_Gen_Borgelt,1,syn_n2000_i80_l20_s08_c025,minsup,0.3581415,0.0142,2.93,122,False,,20260922_012354,2000,80,0.25
Eclat_Gen_Borgelt,1,syn_n2000_i80_l20_s08_c025,minsup,0.3581415,0.0083,0.24,122,False,,20260922_012354,2000,80,0.25
Pascal,1,syn_n2000_i80_l20_s08_c025,minsup,0.473526,0.6463,74.73,42,False,,20260922_012354,2000,80,0.12
FPgrowth_Gen_Borgelt,1,syn_n2000_i80_l20_s08_c025,minsup,0.3581415,0.0124,2.99,122,False,,20260922_012355,2000,80,0.25
Talky_G,1,syn_n2000_i80_l20_s08_c025,minsup,0.473526,0.6388,78.19,43,False,,20260922_012355,2000,80,0.12
DefMe,1,syn_n2000_i80_l20_s08_c025,minsup,0.3581415,0.4447,80.11,123,False,,20260922_012355,2000,80,0.25
Zart,1,syn_n2000_i80_l20_s08_c025,minsup,0.473526,0.7536,80.41,43,False,,20260922_012355,2000,80,0.12
Gr_growth,1,syn_n2000_i80_l20_s08_c025,minsup,0.3581415,0.022,0.02,124,False,,20260922_012355,2000,80,0.25
Apriori_Gen_Borgelt,1,syn_n2000_i80_l20_s08_c06,minsup,0.824175,0.01,2.88,2,False,,20260922_012355,2000,80,0.02
TalkyG_Diffset,1,syn_n2000_i80_l20_s08_c025,minsup,0.473526,1.1056,82.08,43,False,,20260922_012355,2000,80,0.12
Eclat_Gen_Borgelt,1,syn_n2000_i80_l20_s08_c06,minsup,0.824175,0.0192,0.55,2,False,,20260922_012355,2000,80,0.02
Pascal,1,syn_n2000_i80_l20_s08_c025,minsup,0.3581415,0.5589,81.99,122,False,,20260922_012355,2000,80,0.25
Talky_G,1,syn_n2000_i80_l20_s08_c025,minsup,0.3581415,0.4855,84.9,123,False,,20260922_012355,2000,80,0.25
FPgrowth_Gen_Borgelt,1,syn_n2000_i80_l20_s08_c06,minsup,0.824175,0.0077,0.24,2,False,,20260922_012355,2000,80,0.02
Gr_growth,1,syn_n2000_i80_l20_s08_c06,minsup,0.824175,0.0116,0.51,3,False,,20260922_012356,2000,80,0.02
TalkyG_Diffset,1,syn_n2000_i80_l20_s08_c025,minsup,0.3581415,0.7846,79.1,123,False,,20260922_012356,2000,80,0.25
DefMe,1,syn_n2000_i80_l20_s08_c06,minsup,0.824175,0.5842,79.19,3,False,,20260922_012356,2000,80,0.02
Apriori_Gen_Borgelt,1,syn_n2000_i80_l20_s08_c06,minsup,0.6868125,0.0078,0.32,5,False,,20260922_012356,2000,80,0.05
Zart,1,syn_n2000_i80_l20_s08_c025,minsup,0.3581415,1.029,106.34,123,False,,20260922_012356,2000,80,0.25
Pascal,1,syn_n2000_i80_l20_s08_c06,minsup,0.824175,0.5282,85.27,2,False,,20260922_012356,2000,80,0.02
TalkyG_Diffset,1,syn_n2000_i80_l20_s08_c06,minsup,0.824175,0.6017,83.26,3,False,,20260922_012356,2000,80,0.02
Eclat_Gen_Borgelt,1,syn_n2000_i80_l20_s08_c06,minsup,0.6868125,0.0135,2.99,5,False,,20260922_012356,2000,80,0.05
FPgrowth_Gen_Borgelt,1,syn_n2000_i80_l20_s08_c06,minsup,0.6868125,0.0095,0.02,5,False,,20260922_012356,2000,80,0.05
Zart,1,syn_n2000_i80_l20_s08_c06,minsup,0.824175,0.5576,88.12,3,False,,20260922_012356,2000,80,0.02
Gr_growth,1,syn_n2000_i80_l20_s08_c06,minsup,0.6868125,0.018,9.2,6,False,,20260922_012356,2000,80,0.05
Talky_G,1,syn_n2000_i80_l20_s08_c06,minsup,0.824175,0.8082,81.86,3,False,,20260922_012357,2000,80,0.02
DefMe,1,syn_n2000_i80_l20_s08_c06,minsup,0.6868125,0.6186,82.18,6,False,,20260922_012357,2000,80,0.05
Apriori_Gen_Borgelt,1,syn_n2000_i80_l20_s08_c06,minsup,0.485514,0.0185,0.21,24,False,,20260922_012357,2000,80,0.12
Eclat_Gen_Borgelt,1,syn_n2000_i80_l20_s08_c06,minsup,0.485514,0.0081,0.35,24,False,,20260922_012357,2000,80,0.12
Pascal,1,syn_n2000_i80_l20_s08_c06,minsup,0.6868125,0.5299,79.42,5,False,,20260922_012357,2000,80,0.05
TalkyG_Diffset,1,syn_n2000_i80_l20_s08_c06,minsup,0.6868125,0.601,85.87,6,False,,20260922_012357,2000,80,0.05
FPgrowth_Gen_Borgelt,1,syn_n2000_i80_l20_s08_c06,minsup,0.485514,0.0111,3.0,24,False,,20260922_012357,2000,80,0.12
Gr_growth,1,syn_n2000_i80_l20_s08_c06,minsup,0.485514,0.0156,4.16,25,False,,20260922_012357,2000,80,0.12
Zart,1,syn_n2000_i80_l20_s08_c06,minsup,0.6868125,0.5726,86.64,6,False,,20260922_012357,2000,80,0.05
Talky_G,1,syn_n2000_i80_l20_s08_c06,minsup,0.6868125,0.8112,81.89,6,False,,20260922_012357,2000,80,0.05
DefMe,1,syn_n2000_i80_l20_s08_c06,minsup,0.485514,0.669,82.82,25,False,,20260922_012358,2000,80,0.12
Apriori_Gen_Borgelt,1,syn_n2000_i80_l20_s08_c06,minsup,0.32117850000000003,0.0107,0.31,107,False,,20260922_012358,2000,80,0.25
Eclat_Gen_Borgelt,1,syn_n2000_i80_l20_s08_c06,minsup,0.32117850000000003,0.0152,0.36,107,False,,20260922_012358,2000,80,0.25
TalkyG_Diffset,1,syn_n2000_i80_l20_s08_c06,minsup,0.485514,0.5041,80.01,25,False,,20260922_012358,2000,80,0.12
Talky_G,1,syn_n2000_i80_l20_s08_c06,minsup,0.485514,0.5258,81.5,25,False,,20260922_012358,2000,80,0.12
FPgrowth_Gen_Borgelt,1,syn_n2000_i80_l20_s08_c06,minsup,0.32117850000000003,0.0074,0.21,107,False,,20260922_012358,2000,80,0.25
Gr_growth,1,syn_n2000_i80_l20_s08_c06,minsup,0.32117850000000003,0.0165,0.28,108,False,,20260922_012358,2000,80,0.25
Pascal,1,syn_n2000_i80_l20_s08_c06,minsup,0.485514,0.8194,75.03,24,False,,20260922_012358,2000,80,0.12
DefMe,1,syn_n2000_i80_l20_s08_c06,minsup,0.32117850000000003,0.5423,81.19,108,False,,20260922_012358,2000,80,0.25
Apriori_Gen_Borgelt,1,syn_n2000_i80_l20_s16_c025,minsup,0.9930059999999999,0.0179,0.41,3,False,,20260922_012359,2000,79,0.02
Pascal,1,syn_n2000_i80_l20_s08_c06,minsup,0.32117850000000003,0.5486,80.43,107,False,,20260922_012359,2000,80,0.25
TalkyG_Diffset,1,syn_n2000_i80_l20_s08_c06,minsup,0.32117850000000003,0.5481,82.16,108,False,,20260922_012359,2000,80,0.25
Talky_G,1,syn_n2000_i80_l20_s08_c06,minsup,0.32117850000000003,0.5076,82.02,108,False,,20260922_012359,2000,80,0.25
Eclat_Gen_Borgelt,1,syn_n2000_i80_l20_s16_c025,minsup,0.9930059999999999,0.0074,0.2,3,False,,20260922_012359,2000,79,0.02
Gr_growth,1,syn_n2000_i80_l20_s16_c025,minsup,0.9930059999999999,0.0122,0.41,4,False,,20260922_012359,2000,79,0.02
FPgrowth_Gen_Borgelt,1,syn_n2000_i80_l20_s16_c025,minsup,0.9930059999999999,0.0284,3.1,3,False,,20260922_012359,2000,79,0.02
Zart,1,syn_n2000_i80_l20_s08_c06,minsup,0.32117850000000003,0.7137,110.01,108,False,,20260922_012359,2000,80,0.25
DefMe,1,syn_n2000_i80_l20_s16_c025,minsup,0.9930059999999999,0.4507,83.14,4,False,,20260922_012359,2000,79,0.02
Apriori_Gen_Borgelt,1,syn_n2000_i80_l20_s16_c025,minsup,0.982017,0.0127,0.32,8,False,,20260922_012359,2000,79,0.05
Zart,1,syn_n2000_i80_l20_s08_c06,minsup,0.485514,2.0317,80.56,25,False,,20260922_012359,2000,80,0.12
Pascal,1,syn_n2000_i80_l20_s16_c025,minsup,0.9930059999999999,0.5237,75.82,3,False,,20260922_012359,2000,79,0.02
Eclat_Gen_Borgelt,1,syn_n2000_i80_l20_s16_c025,minsup,0.982017,0.0074,0.35,8,False,,20260922_012400,2000,79,0.05
Talky_G,1,syn_n2000_i80_l20_s16_c025,minsup,0.9930059999999999,0.5791,82.7,4,False,,20260922_012400,2000,79,0.02
FPgrowth_Gen_Borgelt,1,syn_n2000_i80_l20_s16_c025,minsup,0.982017,0.0152,0.38,8,False,,20260922_012400,2000,79,0.05
Gr_growth,1,syn_n2000_i80_l20_s16_c025,minsup,0.982017,0.0173,0.02,9,False,,20260922_012400,2000,79,0.05
Zart,1,syn_n2000_i80_l20_s16_c025,minsup,0.9930059999999999,0.6533,85.2,4,False,,20260922_012400,2000,79,0.02
TalkyG_Diffset,1,syn_n2000_i80_l20_s16_c025,minsup,0.9930059999999999,1.0166,80.09,4,False,,20260922_012400,2000,79,0.02
DefMe,1,syn_n2000_i80_l20_s16_c025,minsup,0.982017,0.5835,84.8,9,False,,20260922_012400,2000,79,0.05
Apriori_Gen_Borgelt,1,syn_n2000_i80_l20_s16_c025,minsup,0.756243,0.0081,0.33,108,False,,20260922_012400,2000,79,0.12
Pascal,1,syn_n2000_i80_l20_s16_c025,minsup,0.982017,0.5668,81.74,8,False,,20260922_012400,2000,79,0.05
Eclat_Gen_Borgelt,1,syn_n2000_i80_l20_s16_c025,minsup,0.756243,0.0097,0.39,108,False,,20260922_012400,2000,79,0.12
Talky_G,1,syn_n2000_i80_l20_s16_c025,minsup,0.982017,0.5247,85.06,9,False,,20260922_012400,2000,79,0.05
FPgrowth_Gen_Borgelt,1,syn_n2000_i80_l20_s16_c025,minsup,0.756243,0.0076,0.38,108,False,,20260922_012401,2000,79,0.12
Gr_growth,1,syn_n2000_i80_l20_s16_c025,minsup,0.756243,0.0149,0.2,111,False,,20260922_012401,2000,79,0.12
Zart,1,syn_n2000_i80_l20_s16_c025,minsup,0.982017,0.7822,82.99,9,False,,20260922_012401,2000,79,0.05
TalkyG_Diffset,1,syn_n2000_i80_l20_s16_c025,minsup,0.982017,0.9364,78.61,9,False,,20260922_012401,2000,79,0.05
DefMe,1,syn_n2000_i80_l20_s16_c025,minsup,0.756243,0.662,81.11,109,False,,20260922_012401,2000,79,0.12
Apriori_Gen_Borgelt,1,syn_n2000_i80_l20_s16_c025,minsup,0.4060935,0.0387,3.33,1421,False,,20260922_012401,2000,79,0.25
Pascal,1,syn_n2000_i80_l20_s16_c025,minsup,0.756243,0.5926,78.35,108,False,,20260922_012401,2000,79,0.12
Eclat_Gen_Borgelt,1,syn_n2000_i80_l20_s16_c025,minsup,0.4060935,0.0121,0.46,1421,False,,20260922_012401,2000,79,0.25
TalkyG_Diffset,1,syn_n2000_i80_l20_s16_c025,minsup,0.756243,0.6065,82.73,109,False,,20260922_012401,2000,79,0.12
FPgrowth_Gen_Borgelt,1,syn_n2000_i80_l20_s16_c025,minsup,0.4060935,0.0074,0.2,1421,False,,20260922_012401,2000,79,0.25
Gr_growth,1,syn_n2000_i80_l20_s16_c025,minsup,0.4060935,0.023,0.01,1430,False,,20260922_012402,2000,79,0.25
Zart,1,syn_n2000_i80_l20_s16_c025,minsup,0.756243,0.6076,91.06,109,False,,20260922_012402,2000,79,0.12
DefMe,1,syn_n2000_i80_l20_s16_c025,minsup,0.4060935,0.6326,82.43,1422,False,,20260922_012402,2000,79,0.25
Apriori_Gen_Borgelt,1,syn_n2000_i80_l20_s16_c06,minsup,0.9935055,0.0081,0.23,2,False,,20260922_012402,2000,79,0.02
Talky_G,1,syn_n2000_i80_l20_s16_c025,minsup,0.756243,1.2754,84.61,109,False,,20260922_012402,2000,79,0.12
TalkyG_Diffset,1,syn_n2000_i80_l20_s16_c025,minsup,0.4060935,0.5554,88.85,1422,False,,20260922_012402,2000,79,0.25
Eclat_Gen_Borgelt,1,syn_n2000_i80_l20_s16_c06,minsup,0.9935055,0.028,0.45,2,False,,20260922_012402,2000,79,0.02
Talky_G,1,syn_n2000_i80_l20_s16_c025,minsup,0.4060935,0.5881,83.27,1422,False,,20260922_012402,2000,79,0.25
FPgrowth_Gen_Borgelt,1,syn_n2000_i80_l20_s16_c06,minsup,0.9935055,0.041,2.91,2,False,,20260922_012402,2000,79,0.02
Gr_growth,1,syn_n2000_i80_l20_s16_c06,minsup,0.9935055,0.0202,10.06,3,False,,20260922_012402,2000,79,0.02
Pascal,1,syn_n2000_i80_l20_s16_c025,minsup,0.4060935,1.1229,80.95,1421,False,,20260922_012403,2000,79,0.25
DefMe,1,syn_n2000_i80_l20_s16_c06,minsup,0.9935055,0.6944,83.46,3,False,,20260922_012403,2000,79,0.02
Pascal,1,syn_n2000_i80_l20_s16_c06,minsup,0.9935055,0.4981,75.99,2,False,,20260922_012403,2000,79,0.02
Apriori_Gen_Borgelt,1,syn_n2000_i80_l20_s16_c06,minsup,0.968031,0.0247,0.51,8,False,,20260922_012403,2000,79,0.05
Zart,1,syn_n2000_i80_l20_s16_c025,minsup,0.4060935,1.4092,139.24,1422,False,,20260922_012403,2000,79,0.25
TalkyG_Diffset,1,syn_n2000_i80_l20_s16_c06,minsup,0.9935055,0.6245,80.59,3,False,,20260922_012403,2000,79,0.02
Eclat_Gen_Borgelt,1,syn_n2000_i80_l20_s16_c06,minsup,0.968031,0.01,0.2,8,False,,20260922_012403,2000,79,0.05
FPgrowth_Gen_Borgelt,1,syn_n2000_i80_l20_s16_c06,minsup,0.968031,0.0096,0.35,8,False,,20260922_012403,2000,79,0.05
Zart,1,syn_n2000_i80_l20_s16_c06,minsup,0.9935055,0.5006,84.28,3,False,,20260922_012403,2000,79,0.02
Gr_growth,1,syn_n2000_i80_l20_s16_c06,minsup,0.968031,0.0111,0.36,9,False,,20260922_012403,2000,79,0.05
Talky_G,1,syn_n2000_i80_l20_s16_c06,minsup,0.9935055,0.8908,80.03,3,False,,20260922_012404,2000,79,0.02
DefMe,1,syn_n2000_i80_l20_s16_c06,minsup,0.968031,0.5228,82.88,9,False,,20260922_012404,2000,79,0.05
Apriori_Gen_Borgelt,1,syn_n2000_i80_l20_s16_c06,minsup,0.667332,0.0098,0.33,257,False,,20260922_012404,2000,79,0.12
Eclat_Gen_Borgelt,1,syn_n2000_i80_l20_s16_c06,minsup,0.667332,0.0245,2.89,257,False,,20260922_012404,2000,79,0.12
TalkyG_Diffset,1,syn_n2000_i80_l20_s16_c06,minsup,0.968031,0.5615,84.22,9,False,,20260922_012404,2000,79,0.05
FPgrowth_Gen_Borgelt,1,syn_n2000_i80_l20_s16_c06,minsup,0.667332,0.008,0.34,257,False,,20260922_012404,2000,79,0.12
Pascal,1,syn_n2000_i80_l20_s16_c06,minsup,0.968031,0.6855,82.15,8,False,,20260922_012404,2000,79,0.05
Gr_growth,1,syn_n2000_i80_l20_s16_c06,minsup,0.667332,0.0139,0.2,258,False,,20260922_012404,2000,79,0.12
Talky_G,1,syn_n2000_i80_l20_s16_c06,minsup,0.968031,0.7959,84.31,9,False,,20260922_012404,2000,79,0.05
DefMe,1,syn_n2000_i80_l20_s16_c06,minsup,0.667332,0.7018,79.75,258,False,,20260922_012405,2000,79,0.12
Apriori_Gen_Borgelt,1,syn_n2000_i80_l20_s16_c06,minsup,0.361638,0.023,3.38,2319,False,,20260922_012405,2000,79,0.25
Pascal,1,syn_n2000_i80_l20_s16_c06,minsup,0.667332,0.5211,77.29,257,False,,20260922_012405,2000,79,0.12
Talky_G,1,syn_n2000_i80_l20_s16_c06,minsup,0.667332,0.5713,83.86,258,False,,20260922_012405,2000,79,0.12
Eclat_Gen_Borgelt,1,syn_n2000_i80_l20_s16_c06,minsup,0.361638,0.0175,0.69,2319,False,,20260922_012405,2000,79,0.25
Zart,1,syn_n2000_i80_l20_s16_c06,minsup,0.667332,0.6081,104.5,258,False,,20260922_012405,2000,79,0.12
FPgrowth_Gen_Borgelt,1,syn_n2000_i80_l20_s16_c06,minsup,0.361638,0.0146,0.34,2319,False,,20260922_012405,2000,79,0.25
Gr_growth,1,syn_n2000_i80_l20_s16_c06,minsup,0.361638,0.0145,0.26,2327,False,,20260922_012405,2000,79,0.25
TalkyG_Diffset,1,syn_n2000_i80_l20_s16_c06,minsup,0.667332,0.923,79.82,258,False,,20260922_012405,2000,79,0.12
DefMe,1,syn_n2000_i80_l20_s16_c06,minsup,0.361638,0.5496,106.61,2320,False,,20260922_012405,2000,79,0.25
Apriori_Gen_Borgelt,1,syn_n2000_i80_l40_s00_c025,minsup,0.6088905,0.05,3.02,3,False,,20260922_012406,2000,80,0.02
Zart,1,syn_n2000_i80_l20_s16_c06,minsup,0.968031,2.1087,81.02,9,False,,20260922_012406,2000,79,0.05
Eclat_Gen_Borgelt,1,syn_n2000_i80_l40_s00_c025,minsup,0.6088905,0.0173,0.46,3,False,,20260922_012406,2000,80,0.02
Talky_G,1,syn_n2000_i80_l20_s16_c06,minsup,0.361638,0.5495,87.87,2320,False,,20260922_012406,2000,79,0.25
FPgrowth_Gen_Borgelt,1,syn_n2000_i80_l40_s00_c025,minsup,0.6088905,0.0081,0.39,3,False,,20260922_012406,2000,80,0.02
Gr_growth,1,syn_n2000_i80_l40_s00_c025,minsup,0.6088905,0.0207,0.27,4,False,,20260922_012406,2000,80,0.02
TalkyG_Diffset,1,syn_n2000_i80_l20_s16_c06,minsup,0.361638,0.7851,83.57,2320,False,,20260922_012406,2000,79,0.25
DefMe,1,syn_n2000_i80_l40_s00_c025,minsup,0.6088905,0.441,85.04,4,False,,20260922_012406,2000,80,0.02
Pascal,1,syn_n2000_i80_l20_s16_c06,minsup,0.361638,1.2692,82.2,2319,False,,20260922_012407,2000,79,0.25
Apriori_Gen_Borgelt,1,syn_n2000_i80_l40_s00_c025,minsup,0.600399,0.0077,0.2,5,False,,20260922_012407,2000,80,0.05
Pascal,1,syn_n2000_i80_l40_s00_c025,minsup,0.6088905,0.5541,83.51,3,False,,20260922_012407,2000,80,0.02
Eclat_Gen_Borgelt,1,syn_n2000_i80_l40_s00_c025,minsup,0.600399,0.0079,0.27,5,False,,20260922_012407,2000,80,0.05
Zart,1,syn_n2000_i80_l40_s00_c025,minsup,0.6088905,0.5134,89.93,4,False,,20260922_012407,2000,80,0.02
Talky_G,1,syn_n2000_i80_l40_s00_c025,minsup,0.6088905,0.6208,80.54,4,False,,20260922_012407,2000,80,0.02
FPgrowth_Gen_Borgelt,1,syn_n2000_i80_l40_s00_c025,minsup,0.600399,0.0115,0.43,5,False,,20260922_012407,2000,80,0.05
Gr_growth,1,syn_n2000_i80_l40_s00_c025,minsup,0.600399,0.0226,0.02,6,False,,20260922_012407,2000,80,0.05
Zart,1,syn_n2000_i80_l20_s16_c06,minsup,0.361638,1.8129,139.59,2320,False,,20260922_012407,2000,79,0.25
DefMe,1,syn_n2000_i80_l40_s00_c025,minsup,0.600399,0.4272,85.42,6,False,,20260922_012407,2000,80,0.05
Apriori_Gen_Borgelt,1,syn_n2000_i80_l40_s00_c025,minsup,0.582417,0.0375,2.76,10,False,,20260922_012408,2000,80,0.12
TalkyG_Diffset,1,syn_n2000_i80_l40_s00_c025,minsup,0.6088905,1.2881,83.27,4,False,,20260922_012408,2000,80,0.02
Pascal,1,syn_n2000_i80_l40_s00_c025,minsup,0.600399,0.5016,80.86,5,False,,20260922_012408,2000,80,0.05
Eclat_Gen_Borgelt,1,syn_n2000_i80_l40_s00_c025,minsup,0.582417,0.0083,2.83,10,False,,20260922_012408,2000,80,0.12
TalkyG_Diffset,1,syn_n2000_i80_l40_s00_c025,minsup,0.600399,0.5159,85.25,6,False,,20260922_012408,2000,80,0.05
FPgrowth_Gen_Borgelt,1,syn_n2000_i80_l40_s00_c025,minsup,0.582417,0.0106,0.31,10,False,,20260922_012408,2000,80,0.12
Gr_growth,1,syn_n2000_i80_l40_s00_c025,minsup,0.582417,0.0217,3.81,11,False,,20260922_012408,2000,80,0.12
Zart,1,syn_n2000_i80_l40_s00_c025,minsup,0.600399,0.623,87.57,6,False,,20260922_012408,2000,80,0.05
Talky_G,1,syn_n2000_i80_l40_s00_c025,minsup,0.600399,0.876,84.2,6,False,,20260922_012408,2000,80,0.05
DefMe,1,syn_n2000_i80_l40_s00_c025,minsup,0.582417,0.6335,80.95,11,False,,20260922_012408,2000,80,0.12
Apriori_Gen_Borgelt,1,syn_n2000_i80_l40_s00_c025,minsup,0.5574420000000001,0.0166,0.4,22,False,,20260922_012408,2000,80,0.25
Eclat_Gen_Borgelt,1,syn_n2000_i80_l40_s00_c025,minsup,0.5574420000000001,0.0273,0.46,22,False,,20260922_012409,2000,80,0.25
TalkyG_Diffset,1,syn_n2000_i80_l40_s00_c025,minsup,0.582417,0.6032,84.56,11,False,,20260922_012409,2000,80,0.12
Pascal,1,syn_n2000_i80_l40_s00_c025,minsup,0.582417,0.7049,82.33,10,False,,20260922_012409,2000,80,0.12
FPgrowth_Gen_Borgelt,1,syn_n2000_i80_l40_s00_c025,minsup,0.5574420000000001,0.0137,0.32,22,False,,20260922_012409,2000,80,0.25
Talky_G,1,syn_n2000_i80_l40_s00_c025,minsup,0.582417,0.6663,86.51,11,False,,20260922_012409,2000,80,0.12
Gr_growth,1,syn_n2000_i80_l40_s00_c025,minsup,0.5574420000000001,0.0337,3.84,23,False,,20260922_012409,2000,80,0.25
Zart,1,syn_n2000_i80_l40_s00_c025,minsup,0.582417,0.7468,88.16,11,False,,20260922_012409,2000,80,0.12
DefMe,1,syn_n2000_i80_l40_s00_c025,minsup,0.5574420000000001,0.649,86.6,23,False,,20260922_012409,2000,80,0.25
Apriori_Gen_Borgelt,1,syn_n2000_i80_l40_s00_c06,minsup,0.5889105,0.0105,0.24,2,False,,20260922_012409,2000,80,0.02
Eclat_Gen_Borgelt,1,syn_n2000_i80_l40_s00_c06,minsup,0.5889105,0.0146,0.19,2,False,,20260922_012409,2000,80,0.02
TalkyG_Diffset,1,syn_n2000_i80_l40_s00_c025,minsup,0.5574420000000001,0.6029,88.62,23,False,,20260922_012410,2000,80,0.25
FPgrowth_Gen_Borgelt,1,syn_n2000_i80_l40_s00_c06,minsup,0.5889105,0.0141,0.33,2,False,,20260922_012410,2000,80,0.02
Pascal,1,syn_n2000_i80_l40_s00_c025,minsup,0.5574420000000001,0.7723,79.91,22,False,,20260922_012410,2000,80,0.25
Gr_growth,1,syn_n2000_i80_l40_s00_c06,minsup,0.5889105,0.0192,0.57,3,False,,20260922_012410,2000,80,0.02
Zart,1,syn_n2000_i80_l40_s00_c025,minsup,0.5574420000000001,0.6982,93.75,23,False,,20260922_012410,2000,80,0.25
DefMe,1,syn_n2000_i80_l40_s00_c06,minsup,0.5889105,0.569,86.45,3,False,,20260922_012410,2000,80,0.02
Apriori_Gen_Borgelt,1,syn_n2000_i80_l40_s00_c06,minsup,0.5839155,0.0114,2.86,4,False,,20260922_012410,2000,80,0.05
Pascal,1,syn_n2000_i80_l40_s00_c06,minsup,0.5889105,0.562,84.33,2,False,,20260922_012410,2000,80,0.02
Talky_G,1,syn_n2000_i80_l40_s00_c06,minsup,0.5889105,0.4737,87.13,3,False,,20260922_012410,2000,80,0.02
Eclat_Gen_Borgelt,1,syn_n2000_i80_l40_s00_c06,minsup,0.5839155,0.0075,0.2,4,False,,20260922_012411,2000,80,0.05
Zart,1,syn_n2000_i80_l40_s00_c06,minsup,0.5889105,0.5486,89.65,3,False,,20260922_012411,2000,80,0.02
TalkyG_Diffset,1,syn_n2000_i80_l40_s00_c06,minsup,0.5889105,0.7734,80.82,3,False,,20260922_012411,2000,80,0.02
FPgrowth_Gen_Borgelt,1,syn_n2000_i80_l40_s00_c06,minsup,0.5839155,0.0174,0.02,4,False,,20260922_012411,2000,80,0.05
Gr_growth,1,syn_n2000_i80_l40_s00_c06,minsup,0.5839155,0.0317,0.2,5,False,,20260922_012411,2000,80,0.05
DefMe,1,syn_n2000_i80_l40_s00_c06,minsup,0.5839155,0.4379,82.4,5,False,,20260922_012411,2000,80,0.05
Apriori_Gen_Borgelt,1,syn_n2000_i80_l40_s00_c06,minsup,0.5639355,0.0132,0.46,10,False,,20260922_012411,2000,80,0.12
Talky_G,1,syn_n2000_i80_l40_s00_c025,minsup,0.5574420000000001,2.1332,81.03,23,False,,20260922_012411,2000,80,0.25
Pascal,1,syn_n2000_i80_l40_s00_c06,minsup,0.5839155,0.4529,89.36,4,False,,20260922_012411,2000,80,0.05
TalkyG_Diffset,1,syn_n2000_i80_l40_s00_c06,minsup,0.5839155,0.4931,87.09,5,False,,20260922_012411,2000,80,0.05
Talky_G,1,syn_n2000_i80_l40_s00_c06,minsup,0.5839155,0.5265,86.39,5,False,,20260922_012411,2000,80,0.05
Eclat_Gen_Borgelt,1,syn_n2000_i80_l40_s00_c06,minsup,0.5639355,0.0077,0.32,10,False,,20260922_012411,2000,80,0.12
FPgrowth_Gen_Borgelt,1,syn_n2000_i80_l40_s00_c06,minsup,0.5639355,0.014,0.19,10,False,,20260922_012411,2000,80,0.12
Gr_growth,1,syn_n2000_i80_l40_s00_c06,minsup,0.5639355,0.0101,0.27,11,False,,20260922_012412,2000,80,0.12
Zart,1,syn_n2000_i80_l40_s00_c06,minsup,0.5839155,0.6751,88.58,5,False,,20260922_012412,2000,80,0.05
DefMe,1,syn_n2000_i80_l40_s00_c06,minsup,0.5639355,0.6158,85.07,11,False,,20260922_012412,2000,80,0.12
Apriori_Gen_Borgelt,1,syn_n2000_i80_l40_s00_c06,minsup,0.53946,0.0078,0.22,22,False,,20260922_012412,2000,80,0.25
Eclat_Gen_Borgelt,1,syn_n2000_i80_l40_s00_c06,minsup,0.53946,0.0152,0.02,22,False,,20260922_012412,2000,80,0.25
Pascal,1,syn_n2000_i80_l40_s00_c06,minsup,0.5639355,0.5964,86.29,10,False,,20260922_012412,2000,80,0.12
FPgrowth_Gen_Borgelt,1,syn_n2000_i80_l40_s00_c06,minsup,0.53946,0.0283,3.54,22,False,,20260922_012412,2000,80,0.25
Talky_G,1,syn_n2000_i80_l40_s00_c06,minsup,0.5639355,0.5691,83.62,11,False,,20260922_012412,2000,80,0.12
Zart,1,syn_n2000_i80_l40_s00_c06,minsup,0.5639355,0.5459,86.19,11,False,,20260922_012412,2000,80,0.12
Gr_growth,1,syn_n2000_i80_l40_s00_c06,minsup,0.53946,0.0321,3.83,23,False,,20260922_012412,2000,80,0.25
DefMe,1,syn_n2000_i80_l40_s00_c06,minsup,0.53946,0.5034,86.05,23,False,,20260922_012412,2000,80,0.25
Apriori_Gen_Borgelt,1,syn_n2000_i80_l40_s08_c025,minsup,0.9935055,0.0209,2.89,2,False,,20260922_012413,2000,80,0.02
TalkyG_Diffset,1,syn_n2000_i80_l40_s00_c06,minsup,0.5639355,1.0658,83.59,11,False,,20260922_012413,2000,80,0.12
Eclat_Gen_Borgelt,1,syn_n2000_i80_l40_s08_c025,minsup,0.9935055,0.011,2.89,2,False,,20260922_012413,2000,80,0.02
Pascal,1,syn_n2000_i80_l40_s00_c06,minsup,0.53946,0.4886,80.77,22,False,,20260922_012413,2000,80,0.25
FPgrowth_Gen_Borgelt,1,syn_n2000_i80_l40_s08_c025,minsup,0.9935055,0.0118,3.03,2,False,,20260922_012413,2000,80,0.02
Gr_growth,1,syn_n2000_i80_l40_s08_c025,minsup,0.9935055,0.0121,0.36,3,False,,20260922_012413,2000,80,0.02
TalkyG_Diffset,1,syn_n2000_i80_l40_s00_c06,minsup,0.53946,0.6908,86.4,23,False,,20260922_012413,2000,80,0.25
Zart,1,syn_n2000_i80_l40_s00_c06,minsup,0.53946,0.6952,94.1,23,False,,20260922_012413,2000,80,0.25
DefMe,1,syn_n2000_i80_l40_s08_c025,minsup,0.9935055,0.608,85.2,3,False,,20260922_012413,2000,80,0.02
Apriori_Gen_Borgelt,1,syn_n2000_i80_l40_s08_c025,minsup,0.9620369999999999,0.0258,2.86,8,False,,20260922_012414,2000,80,0.05
TalkyG_Diffset,1,syn_n2000_i80_l40_s08_c025,minsup,0.9935055,0.4916,88.12,3,False,,20260922_012414,2000,80,0.02
Pascal,1,syn_n2000_i80_l40_s08_c025,minsup,0.9935055,0.5708,81.66,2,False,,20260922_012414,2000,80,0.02
Eclat_Gen_Borgelt,1,syn_n2000_i80_l40_s08_c025,minsup,0.9620369999999999,0.0283,2.92,8,False,,20260922_012414,2000,80,0.05
Talky_G,1,syn_n2000_i80_l40_s08_c025,minsup,0.9935055,0.6562,89.52,3,False,,20260922_012414,2000,80,0.02
FPgrowth_Gen_Borgelt,1,syn_n2000_i80_l40_s08_c025,minsup,0.9620369999999999,0.0114,0.02,8,False,,20260922_012414,2000,80,0.05
Gr_growth,1,syn_n2000_i80_l40_s08_c025,minsup,0.9620369999999999,0.0134,0.26,9,False,,20260922_012414,2000,80,0.05
Zart,1,syn_n2000_i80_l40_s08_c025,minsup,0.9935055,0.6454,84.69,3,False,,20260922_012414,2000,80,0.02
DefMe,1,syn_n2000_i80_l40_s08_c025,minsup,0.9620369999999999,0.5892,88.05,9,False,,20260922_012414,2000,80,0.05
Pascal,1,syn_n2000_i80_l40_s08_c025,minsup,0.9620369999999999,0.431,84.88,8,False,,20260922_012414,2000,80,0.05
Apriori_Gen_Borgelt,1,syn_n2000_i80_l40_s08_c025,minsup,0.8326665,0.0189,2.93,98,False,,20260922_012415,2000,80,0.12
Talky_G,1,syn_n2000_i80_l40_s00_c06,minsup,0.53946,2.0851,80.79,23,False,,20260922_012415,2000,80,0.25
TalkyG_Diffset,1,syn_n2000_i80_l40_s08_c025,minsup,0.9620369999999999,0.5281,88.71,9,False,,20260922_012415,2000,80,0.05
Eclat_Gen_Borgelt,1,syn_n2000_i80_l40_s08_c025,minsup,0.8326665,0.0118,2.82,98,False,,20260922_012415,2000,80,0.12
Talky_G,1,syn_n2000_i80_l40_s08_c025,minsup,0.9620369999999999,0.5125,88.72,9,False,,20260922_012415,2000,80,0.05
FPgrowth_Gen_Borgelt,1,syn_n2000_i80_l40_s08_c025,minsup,0.8326665,0.0099,0.48,98,False,,20260922_012415,2000,80,0.12
Gr_growth,1,syn_n2000_i80_l40_s08_c025,minsup,0.8326665,0.018,0.28,100,False,,20260922_012415,2000,80,0.12
Zart,1,syn_n2000_i80_l40_s08_c025,minsup,0.9620369999999999,0.633,86.37,9,False,,20260922_012415,2000,80,0.05
Apriori_Gen_Borgelt,1,syn_n2000_i80_l40_s08_c025,minsup,0.625374,0.0322,3.13,1610,False,,20260922_012415,2000,80,0.25
DefMe,1,syn_n2000_i80_l40_s08_c025,minsup,0.8326665,0.6646,87.17,99,False,,20260922_012415,2000,80,0.12
Pascal,1,syn_n2000_i80_l40_s08_c025,minsup,0.8326665,0.5779,81.55,98,False,,20260922_012415,2000,80,0.12
Eclat_Gen_Borgelt,1,syn_n2000_i80_l40_s08_c025,minsup,0.625374,0.0146,0.22,1610,False,,20260922_012416,2000,80,0.25
TalkyG_Diffset,1,syn_n2000_i80_l40_s08_c025,minsup,0.8326665,0.6464,90.26,99,False,,20260922_012416,2000,80,0.12
Talky_G,1,syn_n2000_i80_l40_s08_c025,minsup,0.8326665,0.6562,84.77,99,False,,20260922_012416,2000,80,0.12
FPgrowth_Gen_Borgelt,1,syn_n2000_i80_l40_s08_c025,minsup,0.625374,0.0356,3.27,1610,False,,20260922_012416,2000,80,0.25
Gr_growth,1,syn_n2000_i80_l40_s08_c025,minsup,0.625374,0.0267,0.02,1611,False,,20260922_012416,2000,80,0.25
Zart,1,syn_n2000_i80_l40_s08_c025,minsup,0.8326665,0.9936,109.99,99,False,,20260922_012416,2000,80,0.12
DefMe,1,syn_n2000_i80_l40_s08_c025,minsup,0.625374,0.6761,90.96,1611,False,,20260922_012416,2000,80,0.25
Apriori_Gen_Borgelt,1,syn_n2000_i80_l40_s08_c06,minsup,0.9815175,0.0165,2.77,2,False,,20260922_012416,2000,80,0.02
Eclat_Gen_Borgelt,1,syn_n2000_i80_l40_s08_c06,minsup,0.9815175,0.0122,2.92,2,False,,20260922_012416,2000,80,0.02
TalkyG_Diffset,1,syn_n2000_i80_l40_s08_c025,minsup,0.625374,0.6277,94.18,1611,False,,20260922_012416,2000,80,0.25
Talky_G,1,syn_n2000_i80_l40_s08_c025,minsup,0.625374,0.6512,91.55,1611,False,,20260922_012416,2000,80,0.25
FPgrowth_Gen_Borgelt,1,syn_n2000_i80_l40_s08_c06,minsup,0.9815175,0.0146,0.27,2,False,,20260922_012417,2000,80,0.02
Gr_growth,1,syn_n2000_i80_l40_s08_c06,minsup,0.9815175,0.02,0.27,3,False,,20260922_012417,2000,80,0.02
Pascal,1,syn_n2000_i80_l40_s08_c025,minsup,0.625374,0.9523,83.29,1610,False,,20260922_012417,2000,80,0.25
DefMe,1,syn_n2000_i80_l40_s08_c06,minsup,0.9815175,0.7301,83.46,3,False,,20260922_012417,2000,80,0.02
Apriori_Gen_Borgelt,1,syn_n2000_i80_l40_s08_c06,minsup,0.9555435,0.0078,0.29,6,False,,20260922_012417,2000,80,0.05
Zart,1,syn_n2000_i80_l40_s08_c025,minsup,0.625374,1.2441,139.49,1611,False,,20260922_012417,2000,80,0.25
TalkyG_Diffset,1,syn_n2000_i80_l40_s08_c06,minsup,0.9815175,0.5195,89.06,3,False,,20260922_012417,2000,80,0.02
Eclat_Gen_Borgelt,1,syn_n2000_i80_l40_s08_c06,minsup,0.9555435,0.008,0.38,6,False,,20260922_012417,2000,80,0.05
Talky_G,1,syn_n2000_i80_l40_s08_c06,minsup,0.9815175,0.5546,87.84,3,False,,20260922_012417,2000,80,0.02
FPgrowth_Gen_Borgelt,1,syn_n2000_i80_l40_s08_c06,minsup,0.9555435,0.0078,0.21,6,False,,20260922_012417,2000,80,0.05
Pascal,1,syn_n2000_i80_l40_s08_c06,minsup,0.9815175,0.7836,82.8,2,False,,20260922_012417,2000,80,0.02
Gr_growth,1,syn_n2000_i80_l40_s08_c06,minsup,0.9555435,0.0218,0.02,7,False,,20260922_012418,2000,80,0.05
Zart,1,syn_n2000_i80_l40_s08_c06,minsup,0.9815175,0.7065,83.33,3,False,,20260922_012418,2000,80,0.02
Apriori_Gen_Borgelt,1,syn_n2000_i80_l40_s08_c06,minsup,0.7977015,0.0178,0.39,109,False,,20260922_012418,2000,80,0.12
DefMe,1,syn_n2000_i80_l40_s08_c06,minsup,0.9555435,0.6826,86.56,7,False,,20260922_012418,2000,80,0.05
Eclat_Gen_Borgelt,1,syn_n2000_i80_l40_s08_c06,minsup,0.7977015,0.0174,3.09,109,False,,20260922_012418,2000,80,0.12
Pascal,1,syn_n2000_i80_l40_s08_c06,minsup,0.9555435,0.5889,85.96,6,False,,20260922_012418,2000,80,0.05
FPgrowth_Gen_Borgelt,1,syn_n2000_i80_l40_s08_c06,minsup,0.7977015,0.0073,0.25,109,False,,20260922_012418,2000,80,0.12
TalkyG_Diffset,1,syn_n2000_i80_l40_s08_c06,minsup,0.9555435,0.712,84.44,7,False,,20260922_012418,2000,80,0.05
Gr_growth,1,syn_n2000_i80_l40_s08_c06,minsup,0.7977015,0.0206,10.23,111,False,,20260922_012418,2000,80,0.12
Talky_G,1,syn_n2000_i80_l40_s08_c06,minsup,0.9555435,0.7383,85.78,7,False,,20260922_012418,2000,80,0.05
DefMe,1,syn_n2000_i80_l40_s08_c06,minsup,0.7977015,0.6995,87.42,110,False,,20260922_012419,2000,80,0.12
Apriori_Gen_Borgelt,1,syn_n2000_i80_l40_s08_c06,minsup,0.633366,0.0369,3.43,918,False,,20260922_012419,2000,80,0.25
Pascal,1,syn_n2000_i80_l40_s08_c06,minsup,0.7977015,0.5631,92.19,109,False,,20260922_012419,2000,80,0.12
Talky_G,1,syn_n2000_i80_l40_s08_c06,minsup,0.7977015,0.5888,88.09,110,False,,20260922_012419,2000,80,0.12
Eclat_Gen_Borgelt,1,syn_n2000_i80_l40_s08_c06,minsup,0.633366,0.0271,2.96,918,False,,20260922_012419,2000,80,0.25
TalkyG_Diffset,1,syn_n2000_i80_l40_s08_c06,minsup,0.7977015,0.6867,85.81,110,False,,20260922_012419,2000,80,0.12
FPgrowth_Gen_Borgelt,1,syn_n2000_i80_l40_s08_c06,minsup,0.633366,0.008,0.25,918,False,,20260922_012419,2000,80,0.25
Zart,1,syn_n2000_i80_l40_s08_c06,minsup,0.7977015,0.7019,96.73,110,False,,20260922_012419,2000,80,0.12
Gr_growth,1,syn_n2000_i80_l40_s08_c06,minsup,0.633366,0.0213,2.05,919,False,,20260922_012419,2000,80,0.25
DefMe,1,syn_n2000_i80_l40_s08_c06,minsup,0.633366,0.5143,84.5,919,False,,20260922_012420,2000,80,0.25
Apriori_Gen_Borgelt,1,syn_n2000_i80_l40_s16_c025,minsup,0.999,0.0169,0.02,1,False,,20260922_012420,2000,80,0.02
Zart,1,syn_n2000_i80_l40_s08_c06,minsup,0.9555435,2.0882,82.98,7,False,,20260922_012420,2000,80,0.05
Eclat_Gen_Borgelt,1,syn_n2000_i80_l40_s16_c025,minsup,0.999,0.0152,0.02,1,False,,20260922_012420,2000,80,0.02
Talky_G,1,syn_n2000_i80_l40_s08_c06,minsup,0.633366,0.5391,90.67,919,False,,20260922_012420,2000,80,0.25
FPgrowth_Gen_Borgelt,1,syn_n2000_i80_l40_s16_c025,minsup,0.999,0.0181,3.01,1,False,,20260922_012420,2000,80,0.02
TalkyG_Diffset,1,syn_n2000_i80_l40_s08_c06,minsup,0.633366,0.7121,87.83,919,False,,20260922_012420,2000,80,0.25
Gr_growth,1,syn_n2000_i80_l40_s16_c025,minsup,0.999,0.0079,0.27,2,False,,20260922_012420,2000,80,0.02
DefMe,1,syn_n2000_i80_l40_s16_c025,minsup,0.999,0.6771,85.97,2,False,,20260922_012421,2000,80,0.02
Pascal,1,syn_n2000_i80_l40_s08_c06,minsup,0.633366,1.3155,88.98,918,False,,20260922_012421,2000,80,0.25
Zart,1,syn_n2000_i80_l40_s08_c06,minsup,0.633366,1.2623,127.06,919,False,,20260922_012421,2000,80,0.25
Apriori_Gen_Borgelt,1,syn_n2000_i80_l40_s16_c025,minsup,0.9855135,0.0131,2.97,20,False,,20260922_012421,2000,80,0.12
Pascal,1,syn_n2000_i80_l40_s16_c025,minsup,0.999,0.6176,84.32,1,False,,20260922_012421,2000,80,0.02
TalkyG_Diffset,1,syn_n2000_i80_l40_s16_c025,minsup,0.999,0.676,84.55,1,False,,20260922_012421,2000,80,0.02
Eclat_Gen_Borgelt,1,syn_n2000_i80_l40_s16_c025,minsup,0.9855135,0.0078,0.31,20,False,,20260922_012421,2000,80,0.12
FPgrowth_Gen_Borgelt,1,syn_n2000_i80_l40_s16_c025,minsup,0.9855135,0.0173,2.94,20,False,,20260922_012421,2000,80,0.12
Zart,1,syn_n2000_i80_l40_s16_c025,minsup,0.999,0.5368,86.51,2,False,,20260922_012421,2000,80,0.02
Gr_growth,1,syn_n2000_i80_l40_s16_c025,minsup,0.9855135,0.0149,7.12,22,False,,20260922_012421,2000,80,0.12
Talky_G,1,syn_n2000_i80_l40_s16_c025,minsup,0.999,0.842,83.71,1,False,,20260922_012421,2000,80,0.02
Apriori_Gen_Borgelt,1,syn_n2000_i80_l40_s16_c025,minsup,0.8181809999999999,0.0354,0.3,1261,False,,20260922_012422,2000,80,0.25
DefMe,1,syn_n2000_i80_l40_s16_c025,minsup,0.9855135,0.7094,88.57,21,False,,20260922_012422,2000,80,0.12
Pascal,1,syn_n2000_i80_l40_s16_c025,minsup,0.9855135,0.5178,86.64,20,False,,20260922_012422,2000,80,0.12
TalkyG_Diffset,1,syn_n2000_i80_l40_s16_c025,minsup,0.9855135,0.5531,86.77,20,False,,20260922_012422,2000,80,0.12
Eclat_Gen_Borgelt,1,syn_n2000_i80_l40_s16_c025,minsup,0.8181809999999999,0.0206,2.89,1261,False,,20260922_012422,2000,80,0.25
FPgrowth_Gen_Borgelt,1,syn_n2000_i80_l40_s16_c025,minsup,0.8181809999999999,0.0157,4.15,1261,False,,20260922_012422,2000,80,0.25
Gr_growth,1,syn_n2000_i80_l40_s16_c025,minsup,0.8181809999999999,0.0199,0.02,1276,False,,20260922_012422,2000,80,0.25
Talky_G,1,syn_n2000_i80_l40_s16_c025,minsup,0.9855135,0.825,85.86,20,False,,20260922_012422,2000,80,0.12
DefMe,1,syn_n2000_i80_l40_s16_c025,minsup,0.8181809999999999,0.7002,105.64,1262,False,,20260922_012422,2000,80,0.25
Apriori_Gen_Borgelt,1,syn_n2000_i80_l40_s16_c06,minsup,0.998001,0.0143,0.2,5,False,,20260922_012423,2000,80,0.02
TalkyG_Diffset,1,syn_n2000_i80_l40_s16_c025,minsup,0.8181809999999999,0.6142,84.32,1261,False,,20260922_012423,2000,80,0.25
Talky_G,1,syn_n2000_i80_l40_s16_c025,minsup,0.8181809999999999,0.5929,90.88,1261,False,,20260922_012423,2000,80,0.25
Eclat_Gen_Borgelt,1,syn_n2000_i80_l40_s16_c06,minsup,0.998001,0.0162,2.9,5,False,,20260922_012423,2000,80,0.02
FPgrowth_Gen_Borgelt,1,syn_n2000_i80_l40_s16_c06,minsup,0.998001,0.0075,0.27,5,False,,20260922_012423,2000,80,0.02
Gr_growth,1,syn_n2000_i80_l40_s16_c06,minsup,0.998001,0.0134,0.25,8,False,,20260922_012423,2000,80,0.02
DefMe,1,syn_n2000_i80_l40_s16_c06,minsup,0.998001,0.5517,84.85,6,False,,20260922_012423,2000,80,0.02
Pascal,1,syn_n2000_i80_l40_s16_c025,minsup,0.8181809999999999,1.3365,92.91,1261,False,,20260922_012424,2000,80,0.25
Zart,1,syn_n2000_i80_l40_s16_c025,minsup,0.9855135,2.1045,98.03,21,False,,20260922_012424,2000,80,0.12
Pascal,1,syn_n2000_i80_l40_s16_c06,minsup,0.998001,0.4988,82.92,5,False,,20260922_012424,2000,80,0.02
Apriori_Gen_Borgelt,1,syn_n2000_i80_l40_s16_c06,minsup,0.9975015,0.012,0.41,7,False,,20260922_012424,2000,80,0.05
TalkyG_Diffset,1,syn_n2000_i80_l40_s16_c06,minsup,0.998001,0.537,90.16,6,False,,20260922_012424,2000,80,0.02
Eclat_Gen_Borgelt,1,syn_n2000_i80_l40_s16_c06,minsup,0.9975015,0.0072,0.23,7,False,,20260922_012424,2000,80,0.05
Talky_G,1,syn_n2000_i80_l40_s16_c06,minsup,0.998001,0.5618,88.43,6,False,,20260922_012424,2000,80,0.02
FPgrowth_Gen_Borgelt,1,syn_n2000_i80_l40_s16_c06,minsup,0.9975015,0.0189,0.25,7,False,,20260922_012424,2000,80,0.05
Gr_growth,1,syn_n2000_i80_l40_s16_c06,minsup,0.9975015,0.0249,0.02,11,False,,20260922_012424,2000,80,0.05
Zart,1,syn_n2000_i80_l40_s16_c06,minsup,0.998001,0.5495,88.12,6,False,,20260922_012424,2000,80,0.02
DefMe,1,syn_n2000_i80_l40_s16_c06,minsup,0.9975015,0.5448,85.17,8,False,,20260922_012425,2000,80,0.05
Apriori_Gen_Borgelt,1,syn_n2000_i80_l40_s16_c06,minsup,0.9795195,0.0118,0.41,224,False,,20260922_012425,2000,80,0.12
TalkyG_Diffset,1,syn_n2000_i80_l40_s16_c06,minsup,0.9975015,0.4451,87.78,8,False,,20260922_012425,2000,80,0.05
Eclat_Gen_Borgelt,1,syn_n2000_i80_l40_s16_c06,minsup,0.9795195,0.0134,0.2,224,False,,20260922_012425,2000,80,0.12
Pascal,1,syn_n2000_i80_l40_s16_c06,minsup,0.9975015,0.6807,81.88,7,False,,20260922_012425,2000,80,0.05
Zart,1,syn_n2000_i80_l40_s16_c06,minsup,0.9975015,0.5583,85.65,8,False,,20260922_012425,2000,80,0.05
FPgrowth_Gen_Borgelt,1,syn_n2000_i80_l40_s16_c06,minsup,0.9795195,0.0141,0.36,224,False,,20260922_012425,2000,80,0.12
Gr_growth,1,syn_n2000_i80_l40_s16_c06,minsup,0.9795195,0.0209,0.02,236,False,,20260922_012425,2000,80,0.12
Talky_G,1,syn_n2000_i80_l40_s16_c06,minsup,0.9975015,0.91,86.21,8,False,,20260922_012425,2000,80,0.05
DefMe,1,syn_n2000_i80_l40_s16_c06,minsup,0.9795195,0.666,86.57,225,False,,20260922_012426,2000,80,0.12
TalkyG_Diffset,1,syn_n2000_i80_l40_s16_c06,minsup,0.9795195,0.4614,89.01,225,False,,20260922_012426,2000,80,0.12
Apriori_Gen_Borgelt,1,syn_n2000_i80_l40_s16_c06,minsup,0.8011980000000001,0.0419,3.4,13465,False,,20260922_012426,2000,80,0.25
Pascal,1,syn_n2000_i80_l40_s16_c06,minsup,0.9795195,0.6149,80.66,224,False,,20260922_012426,2000,80,0.12
Talky_G,1,syn_n2000_i80_l40_s16_c06,minsup,0.9795195,0.7052,84.11,225,False,,20260922_012426,2000,80,0.12
Eclat_Gen_Borgelt,1,syn_n2000_i80_l40_s16_c06,minsup,0.8011980000000001,0.0261,0.47,13465,False,,20260922_012426,2000,80,0.25
FPgrowth_Gen_Borgelt,1,syn_n2000_i80_l40_s16_c06,minsup,0.8011980000000001,0.0227,0.01,13465,False,,20260922_012426,2000,80,0.25
Zart,1,syn_n2000_i80_l40_s16_c06,minsup,0.9795195,0.6282,121.42,225,False,,20260922_012426,2000,80,0.12
Gr_growth,1,syn_n2000_i80_l40_s16_c06,minsup,0.8011980000000001,0.022,13.9,13569,False,,20260922_012426,2000,80,0.25
DefMe,1,syn_n2000_i80_l40_s16_c06,minsup,0.8011980000000001,0.6218,119.0,13466,False,,20260922_012427,2000,80,0.25
Apriori_Gen_Borgelt,1,syn_n2000_i300_l8_s00_c025,minsup,0.053946,0.0167,2.89,6,False,,20260922_012427,2000,300,0.02
TalkyG_Diffset,1,syn_n2000_i80_l40_s16_c06,minsup,0.8011980000000001,0.6328,112.43,13466,False,,20260922_012427,2000,80,0.25
Talky_G,1,syn_n2000_i80_l40_s16_c06,minsup,0.8011980000000001,0.7406,120.47,13466,False,,20260922_012427,2000,80,0.25
Eclat_Gen_Borgelt,1,syn_n2000_i300_l8_s00_c025,minsup,0.053946,0.0154,2.86,6,False,,20260922_012427,2000,300,0.02
FPgrowth_Gen_Borgelt,1,syn_n2000_i300_l8_s00_c025,minsup,0.053946,0.0073,0.2,6,False,,20260922_012427,2000,300,0.02
Gr_growth,1,syn_n2000_i300_l8_s00_c025,minsup,0.053946,0.02,0.02,7,False,,20260922_012427,2000,300,0.02
DefMe,1,syn_n2000_i300_l8_s00_c025,minsup,0.053946,0.4895,83.57,7,False,,20260922_012427,2000,300,0.02
TalkyG_Diffset,1,syn_n2000_i300_l8_s00_c025,minsup,0.053946,0.3958,77.99,7,False,,20260922_012428,2000,300,0.02
Talky_G,1,syn_n2000_i300_l8_s00_c025,minsup,0.053946,0.3484,78.88,7,False,,20260922_012428,2000,300,0.02
Pascal,1,syn_n2000_i300_l8_s00_c025,minsup,0.053946,0.6975,71.6,6,False,,20260922_012428,2000,300,0.02
Apriori_Gen_Borgelt,1,syn_n2000_i300_l8_s00_c025,minsup,0.0464535,0.0124,2.89,15,False,,20260922_012428,2000,300,0.05
Eclat_Gen_Borgelt,1,syn_n2000_i300_l8_s00_c025,minsup,0.0464535,0.0241,0.02,15,False,,20260922_012428,2000,300,0.05
Zart,1,syn_n2000_i300_l8_s00_c025,minsup,0.053946,0.3983,80.81,7,False,,20260922_012428,2000,300,0.02
FPgrowth_Gen_Borgelt,1,syn_n2000_i300_l8_s00_c025,minsup,0.0464535,0.007,0.36,15,False,,20260922_012429,2000,300,0.05
Gr_growth,1,syn_n2000_i300_l8_s00_c025,minsup,0.0464535,0.0189,0.02,16,False,,20260922_012429,2000,300,0.05
DefMe,1,syn_n2000_i300_l8_s00_c025,minsup,0.0464535,0.5039,77.11,16,False,,20260922_012429,2000,300,0.05
Pascal,1,syn_n2000_i300_l8_s00_c025,minsup,0.0464535,0.4525,77.44,15,False,,20260922_012429,2000,300,0.05
TalkyG_Diffset,1,syn_n2000_i300_l8_s00_c025,minsup,0.0464535,0.4563,74.92,16,False,,20260922_012429,2000,300,0.05
Talky_G,1,syn_n2000_i300_l8_s00_c025,minsup,0.0464535,0.3402,79.19,16,False,,20260922_012429,2000,300,0.05
Apriori_Gen_Borgelt,1,syn_n2000_i300_l8_s00_c025,minsup,0.03996,0.0202,0.39,38,False,,20260922_012429,2000,300,0.12
Eclat_Gen_Borgelt,1,syn_n2000_i300_l8_s00_c025,minsup,0.03996,0.0131,0.39,38,False,,20260922_012430,2000,300,0.12
FPgrowth_Gen_Borgelt,1,syn_n2000_i300_l8_s00_c025,minsup,0.03996,0.008,0.39,38,False,,20260922_012430,2000,300,0.12
Zart,1,syn_n2000_i300_l8_s00_c025,minsup,0.0464535,0.5311,88.05,16,False,,20260922_012430,2000,300,0.05
Gr_growth,1,syn_n2000_i300_l8_s00_c025,minsup,0.03996,0.0135,0.27,39,False,,20260922_012430,2000,300,0.12
DefMe,1,syn_n2000_i300_l8_s00_c025,minsup,0.03996,0.5407,80.86,39,False,,20260922_012430,2000,300,0.12
TalkyG_Diffset,1,syn_n2000_i300_l8_s00_c025,minsup,0.03996,0.3721,78.59,39,False,,20260922_012430,2000,300,0.12
Pascal,1,syn_n2000_i300_l8_s00_c025,minsup,0.03996,0.4936,83.93,38,False,,20260922_012430,2000,300,0.12
Talky_G,1,syn_n2000_i300_l8_s00_c025,minsup,0.03996,0.3459,80.45,39,False,,20260922_012431,2000,300,0.12
Apriori_Gen_Borgelt,1,syn_n2000_i300_l8_s00_c025,minsup,0.0344655,0.015,2.86,79,False,,20260922_012431,2000,300,0.25
Eclat_Gen_Borgelt,1,syn_n2000_i300_l8_s00_c025,minsup,0.0344655,0.009,0.36,79,False,,20260922_012431,2000,300,0.25
FPgrowth_Gen_Borgelt,1,syn_n2000_i300_l8_s00_c025,minsup,0.0344655,0.0154,0.37,79,False,,20260922_012431,2000,300,0.25
Pascal,1,syn_n2000_i80_l40_s16_c06,minsup,0.8011980000000001,4.7445,95.5,13465,False,,20260922_012431,2000,80,0.25
Zart,1,syn_n2000_i300_l8_s00_c025,minsup,0.03996,0.4548,93.5,39,False,,20260922_012431,2000,300,0.12
Gr_growth,1,syn_n2000_i300_l8_s00_c025,minsup,0.0344655,0.0115,0.36,80,False,,20260922_012431,2000,300,0.25
DefMe,1,syn_n2000_i300_l8_s00_c025,minsup,0.0344655,0.4602,80.54,80,False,,20260922_012431,2000,300,0.25
TalkyG_Diffset,1,syn_n2000_i300_l8_s00_c025,minsup,0.0344655,0.4702,75.91,80,False,,20260922_012432,2000,300,0.25
Talky_G,1,syn_n2000_i300_l8_s00_c025,minsup,0.0344655,0.4236,77.66,80,False,,20260922_012432,2000,300,0.25
Pascal,1,syn_n2000_i300_l8_s00_c025,minsup,0.0344655,0.6299,72.04,79,False,,20260922_012432,2000,300,0.25
Apriori_Gen_Borgelt,1,syn_n2000_i300_l8_s00_c06,minsup,0.046953,0.0169,0.36,7,False,,20260922_012432,2000,300,0.02
Eclat_Gen_Borgelt,1,syn_n2000_i300_l8_s00_c06,minsup,0.046953,0.0085,0.37,7,False,,20260922_012432,2000,300,0.02
FPgrowth_Gen_Borgelt,1,syn_n2000_i300_l8_s00_c06,minsup,0.046953,0.011,2.93,7,False,,20260922_012432,2000,300,0.02
Zart,1,syn_n2000_i300_l8_s00_c025,minsup,0.0344655,0.6717,145.48,80,False,,20260922_012432,2000,300,0.25
Gr_growth,1,syn_n2000_i300_l8_s00_c06,minsup,0.046953,0.0256,0.27,8,False,,20260922_012432,2000,300,0.02
DefMe,1,syn_n2000_i300_l8_s00_c06,minsup,0.046953,0.5306,75.77,8,False,,20260922_012432,2000,300,0.02
Pascal,1,syn_n2000_i300_l8_s00_c06,minsup,0.046953,0.4273,73.43,7,False,,20260922_012433,2000,300,0.02
TalkyG_Diffset,1,syn_n2000_i300_l8_s00_c06,minsup,0.046953,0.4018,80.66,8,False,,20260922_012433,2000,300,0.02
Apriori_Gen_Borgelt,1,syn_n2000_i300_l8_s00_c06,minsup,0.043456499999999995,0.0185,0.31,16,False,,20260922_012433,2000,300,0.05
Talky_G,1,syn_n2000_i300_l8_s00_c06,minsup,0.046953,0.5306,78.37,8,False,,20260922_012433,2000,300,0.02
Zart,1,syn_n2000_i300_l8_s00_c06,minsup,0.046953,0.4256,78.7,8,False,,20260922_012433,2000,300,0.02
Eclat_Gen_Borgelt,1,syn_n2000_i300_l8_s00_c06,minsup,0.043456499999999995,0.0081,0.28,16,False,,20260922_012433,2000,300,0.05
FPgrowth_Gen_Borgelt,1,syn_n2000_i300_l8_s00_c06,minsup,0.043456499999999995,0.0076,0.21,16,False,,20260922_012433,2000,300,0.05
Gr_growth,1,syn_n2000_i300_l8_s00_c06,minsup,0.043456499999999995,0.0099,0.27,17,False,,20260922_012433,2000,300,0.05
DefMe,1,syn_n2000_i300_l8_s00_c06,minsup,0.043456499999999995,0.5232,81.2,17,False,,20260922_012433,2000,300,0.05
Pascal,1,syn_n2000_i300_l8_s00_c06,minsup,0.043456499999999995,0.4714,75.04,16,False,,20260922_012434,2000,300,0.05
Talky_G,1,syn_n2000_i300_l8_s00_c06,minsup,0.043456499999999995,0.4014,76.8,17,False,,20260922_012434,2000,300,0.05
Apriori_Gen_Borgelt,1,syn_n2000_i300_l8_s00_c06,minsup,0.0384615,0.0079,0.2,39,False,,20260922_012434,2000,300,0.12
TalkyG_Diffset,1,syn_n2000_i300_l8_s00_c06,minsup,0.043456499999999995,0.6113,76.56,17,False,,20260922_012434,2000,300,0.05
Eclat_Gen_Borgelt,1,syn_n2000_i300_l8_s00_c06,minsup,0.0384615,0.0073,0.32,39,False,,20260922_012434,2000,300,0.12
Zart,1,syn_n2000_i300_l8_s00_c06,minsup,0.043456499999999995,0.4805,81.85,17,False,,20260922_012434,2000,300,0.05
FPgrowth_Gen_Borgelt,1,syn_n2000_i300_l8_s00_c06,minsup,0.0384615,0.0086,0.36,39,False,,20260922_012434,2000,300,0.12
Gr_growth,1,syn_n2000_i300_l8_s00_c06,minsup,0.0384615,0.022,5.36,40,False,,20260922_012434,2000,300,0.12
DefMe,1,syn_n2000_i300_l8_s00_c06,minsup,0.0384615,0.498,71.77,40,False,,20260922_012434,2000,300,0.12
TalkyG_Diffset,1,syn_n2000_i300_l8_s00_c06,minsup,0.0384615,0.4473,76.02,40,False,,20260922_012435,2000,300,0.12
Talky_G,1,syn_n2000_i300_l8_s00_c06,minsup,0.0384615,0.3826,75.17,40,False,,20260922_012435,2000,300,0.12
Apriori_Gen_Borgelt,1,syn_n2000_i300_l8_s00_c06,minsup,0.0344655,0.0169,0.71,75,False,,20260922_012435,2000,300,0.25
Pascal,1,syn_n2000_i300_l8_s00_c06,minsup,0.0384615,0.6859,77.13,39,False,,20260922_012435,2000,300,0.12
Eclat_Gen_Borgelt,1,syn_n2000_i300_l8_s00_c06,minsup,0.0344655,0.0157,0.28,75,False,,20260922_012435,2000,300,0.25
FPgrowth_Gen_Borgelt,1,syn_n2000_i300_l8_s00_c06,minsup,0.0344655,0.0096,3.05,75,False,,20260922_012435,2000,300,0.25
Zart,1,syn_n2000_i300_l8_s00_c06,minsup,0.0384615,0.548,88.95,40,False,,20260922_012435,2000,300,0.12
Gr_growth,1,syn_n2000_i300_l8_s00_c06,minsup,0.0344655,0.0219,4.26,76,False,,20260922_012435,2000,300,0.25
DefMe,1,syn_n2000_i300_l8_s00_c06,minsup,0.0344655,0.5254,75.6,76,False,,20260922_012435,2000,300,0.25
TalkyG_Diffset,1,syn_n2000_i300_l8_s00_c06,minsup,0.0344655,0.4135,73.85,76,False,,20260922_012436,2000,300,0.25
Talky_G,1,syn_n2000_i300_l8_s00_c06,minsup,0.0344655,0.3797,78.0,76,False,,20260922_012436,2000,300,0.25
Apriori_Gen_Borgelt,1,syn_n2000_i300_l8_s08_c025,minsup,0.16983,0.0163,2.88,7,False,,20260922_012436,2000,299,0.02
Pascal,1,syn_n2000_i300_l8_s00_c06,minsup,0.0344655,0.6572,75.89,75,False,,20260922_012436,2000,300,0.25
Eclat_Gen_Borgelt,1,syn_n2000_i300_l8_s08_c025,minsup,0.16983,0.0071,0.2,7,False,,20260922_012436,2000,299,0.02
FPgrowth_Gen_Borgelt,1,syn_n2000_i300_l8_s08_c025,minsup,0.16983,0.015,0.35,7,False,,20260922_012436,2000,299,0.02
Gr_growth,1,syn_n2000_i300_l8_s08_c025,minsup,0.16983,0.0145,0.27,8,False,,20260922_012436,2000,299,0.02
Zart,1,syn_n2000_i300_l8_s00_c06,minsup,0.0344655,0.7177,117.33,76,False,,20260922_012436,2000,300,0.25
DefMe,1,syn_n2000_i300_l8_s08_c025,minsup,0.16983,0.6601,74.17,8,False,,20260922_012437,2000,299,0.02
Pascal,1,syn_n2000_i300_l8_s08_c025,minsup,0.16983,0.4224,78.76,7,False,,20260922_012437,2000,299,0.02
TalkyG_Diffset,1,syn_n2000_i300_l8_s08_c025,minsup,0.16983,0.4152,76.02,8,False,,20260922_012437,2000,299,0.02
Apriori_Gen_Borgelt,1,syn_n2000_i300_l8_s08_c025,minsup,0.08841149999999999,0.0119,0.41,26,False,,20260922_012437,2000,299,0.05
Talky_G,1,syn_n2000_i300_l8_s08_c025,minsup,0.16983,0.4198,72.05,8,False,,20260922_012437,2000,299,0.02
Eclat_Gen_Borgelt,1,syn_n2000_i300_l8_s08_c025,minsup,0.08841149999999999,0.0133,0.48,26,False,,20260922_012437,2000,299,0.05
FPgrowth_Gen_Borgelt,1,syn_n2000_i300_l8_s08_c025,minsup,0.08841149999999999,0.014,2.91,26,False,,20260922_012437,2000,299,0.05
Zart,1,syn_n2000_i300_l8_s08_c025,minsup,0.16983,0.4627,77.96,8,False,,20260922_012437,2000,299,0.02
Gr_growth,1,syn_n2000_i300_l8_s08_c025,minsup,0.08841149999999999,0.0138,0.21,27,False,,20260922_012437,2000,299,0.05
DefMe,1,syn_n2000_i300_l8_s08_c025,minsup,0.08841149999999999,0.5952,73.75,27,False,,20260922_012438,2000,299,0.05
Pascal,1,syn_n2000_i300_l8_s08_c025,minsup,0.08841149999999999,0.4294,76.57,26,False,,20260922_012438,2000,299,0.05
TalkyG_Diffset,1,syn_n2000_i300_l8_s08_c025,minsup,0.08841149999999999,0.4384,74.85,27,False,,20260922_012438,2000,299,0.05
Apriori_Gen_Borgelt,1,syn_n2000_i300_l8_s08_c025,minsup,0.046953,0.0073,0.02,69,False,,20260922_012438,2000,299,0.12
Talky_G,1,syn_n2000_i300_l8_s08_c025,minsup,0.08841149999999999,0.5151,75.54,27,False,,20260922_012438,2000,299,0.05
Zart,1,syn_n2000_i300_l8_s08_c025,minsup,0.08841149999999999,0.3967,80.66,27,False,,20260922_012438,2000,299,0.05
Eclat_Gen_Borgelt,1,syn_n2000_i300_l8_s08_c025,minsup,0.046953,0.0079,0.39,69,False,,20260922_012438,2000,299,0.12
FPgrowth_Gen_Borgelt,1,syn_n2000_i300_l8_s08_c025,minsup,0.046953,0.027,3.07,69,False,,20260922_012438,2000,299,0.12
Gr_growth,1,syn_n2000_i300_l8_s08_c025,minsup,0.046953,0.0191,0.02,70,False,,20260922_012438,2000,299,0.12
DefMe,1,syn_n2000_i300_l8_s08_c025,minsup,0.046953,0.5855,73.72,70,False,,20260922_012439,2000,299,0.12
Pascal,1,syn_n2000_i300_l8_s08_c025,minsup,0.046953,0.4109,83.44,69,False,,20260922_012439,2000,299,0.12
Talky_G,1,syn_n2000_i300_l8_s08_c025,minsup,0.046953,0.3508,71.45,70,False,,20260922_012439,2000,299,0.12
Apriori_Gen_Borgelt,1,syn_n2000_i300_l8_s08_c025,minsup,0.030969,0.0108,2.88,158,False,,20260922_012439,2000,299,0.25
TalkyG_Diffset,1,syn_n2000_i300_l8_s08_c025,minsup,0.046953,0.5154,72.45,70,False,,20260922_012439,2000,299,0.12
FPgrowth_Gen_Borgelt,1,syn_n2000_i300_l8_s08_c025,minsup,0.030969,0.0075,0.21,158,False,,20260922_012439,2000,299,0.25
Eclat_Gen_Borgelt,1,syn_n2000_i300_l8_s08_c025,minsup,0.030969,0.0233,2.99,158,False,,20260922_012439,2000,299,0.25
Gr_growth,1,syn_n2000_i300_l8_s08_c025,minsup,0.030969,0.0277,0.02,159,False,,20260922_012439,2000,299,0.25
Zart,1,syn_n2000_i300_l8_s08_c025,minsup,0.046953,0.612,87.0,70,False,,20260922_012439,2000,299,0.12
DefMe,1,syn_n2000_i300_l8_s08_c025,minsup,0.030969,0.4669,78.01,159,False,,20260922_012439,2000,299,0.25
TalkyG_Diffset,1,syn_n2000_i300_l8_s08_c025,minsup,0.030969,0.3982,78.59,159,False,,20260922_012440,2000,299,0.25
Talky_G,1,syn_n2000_i300_l8_s08_c025,minsup,0.030969,0.3335,73.12,159,False,,20260922_012440,2000,299,0.25
Apriori_Gen_Borgelt,1,syn_n2000_i300_l8_s08_c06,minsup,0.17282699999999998,0.0075,0.25,7,False,,20260922_012440,2000,297,0.02
Pascal,1,syn_n2000_i300_l8_s08_c025,minsup,0.030969,0.7779,75.14,158,False,,20260922_012440,2000,299,0.25
Eclat_Gen_Borgelt,1,syn_n2000_i300_l8_s08_c06,minsup,0.17282699999999998,0.0291,3.02,7,False,,20260922_012440,2000,297,0.02
FPgrowth_Gen_Borgelt,1,syn_n2000_i300_l8_s08_c06,minsup,0.17282699999999998,0.0154,0.02,7,False,,20260922_012440,2000,297,0.02
Gr_growth,1,syn_n2000_i300_l8_s08_c06,minsup,0.17282699999999998,0.0181,10.91,8,False,,20260922_012440,2000,297,0.02
Zart,1,syn_n2000_i300_l8_s08_c025,minsup,0.030969,0.7541,170.39,159,False,,20260922_012440,2000,299,0.25
Zart,1,syn_n2000_i80_l40_s16_c06,minsup,0.8011980000000001,14.2382,378.5,13466,False,,20260922_012441,2000,80,0.25
Zart,1,syn_n2000_i80_l40_s16_c025,minsup,0.8181809999999999,18.3106,380.05,1262,False,,20260922_012441,2000,80,0.25
Apriori_Gen_Borgelt,1,syn_n2000_i300_l8_s08_c06,minsup,0.08891099999999999,0.0074,0.21,22,False,,20260922_012441,2000,297,0.05
DefMe,1,syn_n2000_i300_l8_s08_c06,minsup,0.17282699999999998,0.8241,73.41,8,False,,20260922_012441,2000,297,0.02
TalkyG_Diffset,1,syn_n2000_i300_l8_s08_c06,minsup,0.17282699999999998,0.5243,84.88,8,False,,20260922_012441,2000,297,0.02
Eclat_Gen_Borgelt,1,syn_n2000_i300_l8_s08_c06,minsup,0.08891099999999999,0.0078,0.25,22,False,,20260922_012441,2000,297,0.05
Talky_G,1,syn_n2000_i300_l8_s08_c06,minsup,0.17282699999999998,0.4911,84.2,8,False,,20260922_012441,2000,297,0.02
FPgrowth_Gen_Borgelt,1,syn_n2000_i300_l8_s08_c06,minsup,0.08891099999999999,0.0114,0.45,22,False,,20260922_012441,2000,297,0.05
Gr_growth,1,syn_n2000_i300_l8_s08_c06,minsup,0.08891099999999999,0.0143,0.28,23,False,,20260922_012441,2000,297,0.05
Zart,1,syn_n2000_i300_l8_s08_c06,minsup,0.17282699999999998,0.5231,75.91,8,False,,20260922_012441,2000,297,0.02
DefMe,1,syn_n2000_i300_l8_s08_c06,minsup,0.08891099999999999,0.5184,81.14,23,False,,20260922_012442,2000,297,0.05
Pascal,1,syn_n2000_i300_l8_s08_c06,minsup,0.17282699999999998,1.2661,74.45,7,False,,20260922_012442,2000,297,0.02
Apriori_Gen_Borgelt,1,syn_n2000_i300_l8_s08_c06,minsup,0.044455499999999995,0.0073,0.32,66,False,,20260922_012442,2000,297,0.12
Pascal,1,syn_n2000_i300_l8_s08_c06,minsup,0.08891099999999999,0.4893,77.42,22,False,,20260922_012442,2000,297,0.05
Eclat_Gen_Borgelt,1,syn_n2000_i300_l8_s08_c06,minsup,0.044455499999999995,0.012,0.43,66,False,,20260922_012442,2000,297,0.12
FPgrowth_Gen_Borgelt,1,syn_n2000_i300_l8_s08_c06,minsup,0.044455499999999995,0.0164,0.02,66,False,,20260922_012442,2000,297,0.12
Talky_G,1,syn_n2000_i300_l8_s08_c06,minsup,0.08891099999999999,0.5026,82.0,23,False,,20260922_012442,2000,297,0.05
Gr_growth,1,syn_n2000_i300_l8_s08_c06,minsup,0.044455499999999995,0.0214,5.68,67,False,,20260922_012442,2000,297,0.12
Zart,1,syn_n2000_i300_l8_s08_c06,minsup,0.08891099999999999,0.7122,81.09,23,False,,20260922_012442,2000,297,0.05
DefMe,1,syn_n2000_i300_l8_s08_c06,minsup,0.044455499999999995,0.4842,77.34,67,False,,20260922_012442,2000,297,0.12
Apriori_Gen_Borgelt,1,syn_n2000_i300_l8_s08_c06,minsup,0.029470499999999997,0.0158,0.25,143,False,,20260922_012443,2000,297,0.25
Pascal,1,syn_n2000_i300_l8_s08_c06,minsup,0.044455499999999995,0.503,78.89,66,False,,20260922_012443,2000,297,0.12
TalkyG_Diffset,1,syn_n2000_i300_l8_s08_c06,minsup,0.044455499999999995,0.502,80.2,67,False,,20260922_012443,2000,297,0.12
Eclat_Gen_Borgelt,1,syn_n2000_i300_l8_s08_c06,minsup,0.029470499999999997,0.0172,2.91,143,False,,20260922_012443,2000,297,0.25
Talky_G,1,syn_n2000_i300_l8_s08_c06,minsup,0.044455499999999995,0.5686,82.05,67,False,,20260922_012443,2000,297,0.12
FPgrowth_Gen_Borgelt,1,syn_n2000_i300_l8_s08_c06,minsup,0.029470499999999997,0.0097,0.21,143,False,,20260922_012443,2000,297,0.25
Gr_growth,1,syn_n2000_i300_l8_s08_c06,minsup,0.029470499999999997,0.0247,4.81,144,False,,20260922_012443,2000,297,0.25
Zart,1,syn_n2000_i300_l8_s08_c06,minsup,0.044455499999999995,0.6301,95.12,67,False,,20260922_012443,2000,297,0.12
DefMe,1,syn_n2000_i300_l8_s08_c06,minsup,0.029470499999999997,0.5797,82.39,144,False,,20260922_012443,2000,297,0.25
Apriori_Gen_Borgelt,1,syn_n2000_i300_l8_s16_c025,minsup,0.6913079999999999,0.016,0.02,4,False,,20260922_012443,2000,173,0.02
TalkyG_Diffset,1,syn_n2000_i300_l8_s08_c06,minsup,0.08891099999999999,2.1112,69.36,23,False,,20260922_012444,2000,297,0.05
TalkyG_Diffset,1,syn_n2000_i300_l8_s08_c06,minsup,0.029470499999999997,0.4979,84.52,144,False,,20260922_012444,2000,297,0.25
Eclat_Gen_Borgelt,1,syn_n2000_i300_l8_s16_c025,minsup,0.6913079999999999,0.0144,2.91,4,False,,20260922_012444,2000,173,0.02
Pascal,1,syn_n2000_i300_l8_s08_c06,minsup,0.029470499999999997,0.7716,79.24,143,False,,20260922_012444,2000,297,0.25
FPgrowth_Gen_Borgelt,1,syn_n2000_i300_l8_s16_c025,minsup,0.6913079999999999,0.0202,0.55,4,False,,20260922_012444,2000,173,0.02
Gr_growth,1,syn_n2000_i300_l8_s16_c025,minsup,0.6913079999999999,0.015,0.25,5,False,,20260922_012444,2000,173,0.02
Talky_G,1,syn_n2000_i300_l8_s08_c06,minsup,0.029470499999999997,0.8552,78.45,144,False,,20260922_012444,2000,297,0.25
Zart,1,syn_n2000_i300_l8_s08_c06,minsup,0.029470499999999997,0.9392,144.59,144,False,,20260922_012444,2000,297,0.25
DefMe,1,syn_n2000_i300_l8_s16_c025,minsup,0.6913079999999999,0.7649,74.27,5,False,,20260922_012444,2000,173,0.02
Apriori_Gen_Borgelt,1,syn_n2000_i300_l8_s16_c025,minsup,0.27922050000000004,0.0151,0.4,55,False,,20260922_012445,2000,173,0.05
TalkyG_Diffset,1,syn_n2000_i300_l8_s16_c025,minsup,0.6913079999999999,0.4072,75.75,5,False,,20260922_012445,2000,173,0.02
Eclat_Gen_Borgelt,1,syn_n2000_i300_l8_s16_c025,minsup,0.27922050000000004,0.0165,2.91,55,False,,20260922_012445,2000,173,0.05
FPgrowth_Gen_Borgelt,1,syn_n2000_i300_l8_s16_c025,minsup,0.27922050000000004,0.0075,2.89,55,False,,20260922_012445,2000,173,0.05
Pascal,1,syn_n2000_i300_l8_s16_c025,minsup,0.6913079999999999,0.7149,74.29,4,False,,20260922_012445,2000,173,0.02
Gr_growth,1,syn_n2000_i300_l8_s16_c025,minsup,0.27922050000000004,0.0143,0.26,57,False,,20260922_012445,2000,173,0.05
Zart,1,syn_n2000_i300_l8_s16_c025,minsup,0.6913079999999999,0.6669,77.53,5,False,,20260922_012445,2000,173,0.02
DefMe,1,syn_n2000_i300_l8_s16_c025,minsup,0.27922050000000004,0.5137,74.15,56,False,,20260922_012445,2000,173,0.05
Apriori_Gen_Borgelt,1,syn_n2000_i300_l8_s16_c025,minsup,0.090909,0.008,0.32,359,False,,20260922_012445,2000,173,0.12
Pascal,1,syn_n2000_i300_l8_s16_c025,minsup,0.27922050000000004,0.5392,79.77,55,False,,20260922_012445,2000,173,0.05
Talky_G,1,syn_n2000_i300_l8_s16_c025,minsup,0.6913079999999999,1.2544,75.1,5,False,,20260922_012446,2000,173,0.02
Eclat_Gen_Borgelt,1,syn_n2000_i300_l8_s16_c025,minsup,0.090909,0.0132,0.23,359,False,,20260922_012446,2000,173,0.12
TalkyG_Diffset,1,syn_n2000_i300_l8_s16_c025,minsup,0.27922050000000004,0.7125,73.7,56,False,,20260922_012446,2000,173,0.05
FPgrowth_Gen_Borgelt,1,syn_n2000_i300_l8_s16_c025,minsup,0.090909,0.0099,0.02,359,False,,20260922_012446,2000,173,0.12
Zart,1,syn_n2000_i300_l8_s16_c025,minsup,0.27922050000000004,0.625,77.46,56,False,,20260922_012446,2000,173,0.05
Gr_growth,1,syn_n2000_i300_l8_s16_c025,minsup,0.090909,0.0264,4.69,360,False,,20260922_012446,2000,173,0.12
Talky_G,1,syn_n2000_i300_l8_s16_c025,minsup,0.27922050000000004,0.8762,74.74,56,False,,20260922_012446,2000,173,0.05
DefMe,1,syn_n2000_i300_l8_s16_c025,minsup,0.090909,0.5862,76.52,360,False,,20260922_012446,2000,173,0.12
Apriori_Gen_Borgelt,1,syn_n2000_i300_l8_s16_c025,minsup,0.0204795,0.0221,3.32,2534,False,,20260922_012446,2000,173,0.25
Eclat_Gen_Borgelt,1,syn_n2000_i300_l8_s16_c025,minsup,0.0204795,0.015,0.39,2534,False,,20260922_012446,2000,173,0.25
Pascal,1,syn_n2000_i300_l8_s16_c025,minsup,0.090909,0.6058,82.44,359,False,,20260922_012446,2000,173,0.12
FPgrowth_Gen_Borgelt,1,syn_n2000_i300_l8_s16_c025,minsup,0.0204795,0.0081,0.35,2534,False,,20260922_012447,2000,173,0.25
TalkyG_Diffset,1,syn_n2000_i300_l8_s16_c025,minsup,0.090909,0.7102,82.21,360,False,,20260922_012447,2000,173,0.12
Gr_growth,1,syn_n2000_i300_l8_s16_c025,minsup,0.0204795,0.0149,0.2,2535,False,,20260922_012447,2000,173,0.25
Talky_G,1,syn_n2000_i300_l8_s16_c025,minsup,0.090909,0.7587,83.6,360,False,,20260922_012447,2000,173,0.12
Zart,1,syn_n2000_i300_l8_s16_c025,minsup,0.090909,0.8611,129.55,360,False,,20260922_012447,2000,173,0.12
Apriori_Gen_Borgelt,1,syn_n2000_i300_l8_s16_c06,minsup,0.6298695,0.0078,0.21,6,False,,20260922_012447,2000,187,0.02
DefMe,1,syn_n2000_i300_l8_s16_c025,minsup,0.0204795,0.9114,120.73,2535,False,,20260922_012447,2000,173,0.25
Eclat_Gen_Borgelt,1,syn_n2000_i300_l8_s16_c06,minsup,0.6298695,0.0072,0.32,6,False,,20260922_012447,2000,187,0.02
Talky_G,1,syn_n2000_i300_l8_s16_c025,minsup,0.0204795,0.5411,85.11,2535,False,,20260922_012447,2000,173,0.25
FPgrowth_Gen_Borgelt,1,syn_n2000_i300_l8_s16_c06,minsup,0.6298695,0.0147,0.02,6,False,,20260922_012448,2000,187,0.02
Gr_growth,1,syn_n2000_i300_l8_s16_c06,minsup,0.6298695,0.0171,0.27,7,False,,20260922_012448,2000,187,0.02
TalkyG_Diffset,1,syn_n2000_i300_l8_s16_c025,minsup,0.0204795,0.7819,81.16,2535,False,,20260922_012448,2000,173,0.25
DefMe,1,syn_n2000_i300_l8_s16_c06,minsup,0.6298695,0.4584,80.25,7,False,,20260922_012448,2000,187,0.02
Pascal,1,syn_n2000_i300_l8_s16_c025,minsup,0.0204795,1.0575,92.23,2534,False,,20260922_012448,2000,173,0.25
Apriori_Gen_Borgelt,1,syn_n2000_i300_l8_s16_c06,minsup,0.28071900000000005,0.0074,0.2,48,False,,20260922_012448,2000,187,0.05
Pascal,1,syn_n2000_i300_l8_s16_c06,minsup,0.6298695,0.4465,80.18,6,False,,20260922_012448,2000,187,0.02
TalkyG_Diffset,1,syn_n2000_i300_l8_s16_c06,minsup,0.6298695,0.5907,84.61,7,False,,20260922_012448,2000,187,0.02
Eclat_Gen_Borgelt,1,syn_n2000_i300_l8_s16_c06,minsup,0.28071900000000005,0.0075,0.23,48,False,,20260922_012448,2000,187,0.05
Talky_G,1,syn_n2000_i300_l8_s16_c06,minsup,0.6298695,0.5854,81.98,7,False,,20260922_012448,2000,187,0.02
FPgrowth_Gen_Borgelt,1,syn_n2000_i300_l8_s16_c06,minsup,0.28071900000000005,0.0078,0.2,48,False,,20260922_012448,2000,187,0.05
Gr_growth,1,syn_n2000_i300_l8_s16_c06,minsup,0.28071900000000005,0.0148,0.2,49,False,,20260922_012448,2000,187,0.05
Zart,1,syn_n2000_i300_l8_s16_c06,minsup,0.6298695,0.6205,75.75,7,False,,20260922_012449,2000,187,0.02
DefMe,1,syn_n2000_i300_l8_s16_c06,minsup,0.28071900000000005,0.5723,77.75,49,False,,20260922_012449,2000,187,0.05
Apriori_Gen_Borgelt,1,syn_n2000_i300_l8_s16_c06,minsup,0.05994,0.0282,2.77,609,False,,20260922_012449,2000,187,0.12
TalkyG_Diffset,1,syn_n2000_i300_l8_s16_c06,minsup,0.28071900000000005,0.5278,78.59,49,False,,20260922_012449,2000,187,0.05
Pascal,1,syn_n2000_i300_l8_s16_c06,minsup,0.28071900000000005,0.6558,72.88,48,False,,20260922_012449,2000,187,0.05
Eclat_Gen_Borgelt,1,syn_n2000_i300_l8_s16_c06,minsup,0.05994,0.0074,0.23,609,False,,20260922_012449,2000,187,0.12
Zart,1,syn_n2000_i300_l8_s16_c025,minsup,0.0204795,2.4012,380.49,2535,False,,20260922_012449,2000,173,0.25
FPgrowth_Gen_Borgelt,1,syn_n2000_i300_l8_s16_c06,minsup,0.05994,0.0195,0.34,609,False,,20260922_012449,2000,187,0.12
Gr_growth,1,syn_n2000_i300_l8_s16_c06,minsup,0.05994,0.0117,0.41,610,False,,20260922_012449,2000,187,0.12
DefMe,1,syn_n2000_i300_l8_s16_c06,minsup,0.05994,0.4345,82.36,610,False,,20260922_012450,2000,187,0.12
Talky_G,1,syn_n2000_i300_l8_s16_c06,minsup,0.28071900000000005,1.1845,74.21,49,False,,20260922_012450,2000,187,0.05
TalkyG_Diffset,1,syn_n2000_i300_l8_s16_c06,minsup,0.05994,0.4221,86.39,610,False,,20260922_012450,2000,187,0.12
Apriori_Gen_Borgelt,1,syn_n2000_i300_l8_s16_c06,minsup,0.0154845,0.0085,2.88,3321,False,,20260922_012450,2000,187,0.25
Pascal,1,syn_n2000_i300_l8_s16_c06,minsup,0.05994,0.5803,86.44,609,False,,20260922_012450,2000,187,0.12
Eclat_Gen_Borgelt,1,syn_n2000_i300_l8_s16_c06,minsup,0.0154845,0.0365,0.02,3321,False,,20260922_012450,2000,187,0.25
FPgrowth_Gen_Borgelt,1,syn_n2000_i300_l8_s16_c06,minsup,0.0154845,0.024,2.99,3321,False,,20260922_012450,2000,187,0.25
Talky_G,1,syn_n2000_i300_l8_s16_c06,minsup,0.05994,0.6358,78.61,610,False,,20260922_012450,2000,187,0.12
Zart,1,syn_n2000_i300_l8_s16_c06,minsup,0.05994,0.683,140.52,610,False,,20260922_012450,2000,187,0.12
Gr_growth,1,syn_n2000_i300_l8_s16_c06,minsup,0.0154845,0.0141,0.23,3322,False,,20260922_012450,2000,187,0.25
DefMe,1,syn_n2000_i300_l8_s16_c06,minsup,0.0154845,0.5402,96.85,3322,False,,20260922_012451,2000,187,0.25
Zart,1,syn_n2000_i300_l8_s16_c06,minsup,0.28071900000000005,2.0027,72.92,49,False,,20260922_012451,2000,187,0.05
Apriori_Gen_Borgelt,1,syn_n2000_i300_l20_s00_c025,minsup,0.104895,0.0076,0.26,6,False,,20260922_012451,2000,300,0.02
Eclat_Gen_Borgelt,1,syn_n2000_i300_l20_s00_c025,minsup,0.104895,0.0106,0.36,6,False,,20260922_012451,2000,300,0.02
TalkyG_Diffset,1,syn_n2000_i300_l8_s16_c06,minsup,0.0154845,0.6105,88.46,3322,False,,20260922_012451,2000,187,0.25
Talky_G,1,syn_n2000_i300_l8_s16_c06,minsup,0.0154845,0.5668,81.84,3322,False,,20260922_012451,2000,187,0.25
FPgrowth_Gen_Borgelt,1,syn_n2000_i300_l20_s00_c025,minsup,0.104895,0.0102,0.2,6,False,,20260922_012451,2000,300,0.02
Gr_growth,1,syn_n2000_i300_l20_s00_c025,minsup,0.104895,0.0225,3.83,7,False,,20260922_012451,2000,300,0.02
Pascal,1,syn_n2000_i300_l8_s16_c06,minsup,0.0154845,0.9293,90.29,3321,False,,20260922_012451,2000,187,0.25
DefMe,1,syn_n2000_i300_l20_s00_c025,minsup,0.104895,0.6435,86.86,7,False,,20260922_012451,2000,300,0.02
Apriori_Gen_Borgelt,1,syn_n2000_i300_l20_s00_c025,minsup,0.0994005,0.0234,2.71,15,False,,20260922_012452,2000,300,0.05
TalkyG_Diffset,1,syn_n2000_i300_l20_s00_c025,minsup,0.104895,0.4882,78.86,7,False,,20260922_012452,2000,300,0.02
Pascal,1,syn_n2000_i300_l20_s00_c025,minsup,0.104895,0.5887,75.85,6,False,,20260922_012452,2000,300,0.02
Eclat_Gen_Borgelt,1,syn_n2000_i300_l20_s00_c025,minsup,0.0994005,0.0074,0.2,15,False,,20260922_012452,2000,300,0.05
Talky_G,1,syn_n2000_i300_l20_s00_c025,minsup,0.104895,0.7509,84.39,7,False,,20260922_012452,2000,300,0.02
FPgrowth_Gen_Borgelt,1,syn_n2000_i300_l20_s00_c025,minsup,0.0994005,0.014,0.57,15,False,,20260922_012452,2000,300,0.05
Gr_growth,1,syn_n2000_i300_l20_s00_c025,minsup,0.0994005,0.0158,0.26,16,False,,20260922_012452,2000,300,0.05
Zart,1,syn_n2000_i300_l20_s00_c025,minsup,0.104895,0.7119,87.15,7,False,,20260922_012452,2000,300,0.02
DefMe,1,syn_n2000_i300_l20_s00_c025,minsup,0.0994005,0.5648,84.16,16,False,,20260922_012452,2000,300,0.05
Apriori_Gen_Borgelt,1,syn_n2000_i300_l20_s00_c025,minsup,0.08941049999999999,0.0074,0.31,38,False,,20260922_012453,2000,300,0.12
Pascal,1,syn_n2000_i300_l20_s00_c025,minsup,0.0994005,0.5173,82.59,15,False,,20260922_012453,2000,300,0.05
TalkyG_Diffset,1,syn_n2000_i300_l20_s00_c025,minsup,0.0994005,0.5457,80.21,16,False,,20260922_012453,2000,300,0.05
Talky_G,1,syn_n2000_i300_l20_s00_c025,minsup,0.0994005,0.6288,83.89,16,False,,20260922_012453,2000,300,0.05
Eclat_Gen_Borgelt,1,syn_n2000_i300_l20_s00_c025,minsup,0.08941049999999999,0.0093,0.19,38,False,,20260922_012453,2000,300,0.12
FPgrowth_Gen_Borgelt,1,syn_n2000_i300_l20_s00_c025,minsup,0.08941049999999999,0.0074,0.26,38,False,,20260922_012453,2000,300,0.12
Zart,1,syn_n2000_i300_l20_s00_c025,minsup,0.0994005,0.7435,87.71,16,False,,20260922_012453,2000,300,0.05
Gr_growth,1,syn_n2000_i300_l20_s00_c025,minsup,0.08941049999999999,0.014,7.08,39,False,,20260922_012453,2000,300,0.12
DefMe,1,syn_n2000_i300_l20_s00_c025,minsup,0.08941049999999999,0.4956,87.5,39,False,,20260922_012453,2000,300,0.12
Apriori_Gen_Borgelt,1,syn_n2000_i300_l20_s00_c025,minsup,0.082917,0.0118,0.52,77,False,,20260922_012454,2000,300,0.25
Zart,1,syn_n2000_i300_l8_s16_c06,minsup,0.0154845,2.9133,379.08,3322,False,,20260922_012454,2000,187,0.25
Eclat_Gen_Borgelt,1,syn_n2000_i300_l20_s00_c025,minsup,0.082917,0.0237,0.38,77,False,,20260922_012454,2000,300,0.25
Pascal,1,syn_n2000_i300_l20_s00_c025,minsup,0.08941049999999999,0.6348,82.96,38,False,,20260922_012454,2000,300,0.12
Talky_G,1,syn_n2000_i300_l20_s00_c025,minsup,0.08941049999999999,0.499,88.51,39,False,,20260922_012454,2000,300,0.12
TalkyG_Diffset,1,syn_n2000_i300_l20_s00_c025,minsup,0.08941049999999999,0.6154,84.27,39,False,,20260922_012454,2000,300,0.12
FPgrowth_Gen_Borgelt,1,syn_n2000_i300_l20_s00_c025,minsup,0.082917,0.0082,0.19,77,False,,20260922_012454,2000,300,0.25
Gr_growth,1,syn_n2000_i300_l20_s00_c025,minsup,0.082917,0.02,4.02,78,False,,20260922_012454,2000,300,0.25
Zart,1,syn_n2000_i300_l20_s00_c025,minsup,0.08941049999999999,0.6773,94.43,39,False,,20260922_012454,2000,300,0.12
DefMe,1,syn_n2000_i300_l20_s00_c025,minsup,0.082917,0.4703,87.13,78,False,,20260922_012454,2000,300,0.25
Apriori_Gen_Borgelt,1,syn_n2000_i300_l20_s00_c06,minsup,0.1013985,0.0111,2.82,6,False,,20260922_012454,2000,300,0.02
Eclat_Gen_Borgelt,1,syn_n2000_i300_l20_s00_c06,minsup,0.1013985,0.0082,0.37,6,False,,20260922_012455,2000,300,0.02
Talky_G,1,syn_n2000_i300_l20_s00_c025,minsup,0.082917,0.5416,89.25,78,False,,20260922_012455,2000,300,0.25
FPgrowth_Gen_Borgelt,1,syn_n2000_i300_l20_s00_c06,minsup,0.1013985,0.0296,2.86,6,False,,20260922_012455,2000,300,0.02
TalkyG_Diffset,1,syn_n2000_i300_l20_s00_c025,minsup,0.082917,0.6509,84.68,78,False,,20260922_012455,2000,300,0.25
Gr_growth,1,syn_n2000_i300_l20_s00_c06,minsup,0.1013985,0.0206,9.36,7,False,,20260922_012455,2000,300,0.02
DefMe,1,syn_n2000_i300_l20_s00_c06,minsup,0.1013985,0.537,85.77,7,False,,20260922_012455,2000,300,0.02
Pascal,1,syn_n2000_i300_l20_s00_c025,minsup,0.082917,1.1434,79.67,77,False,,20260922_012455,2000,300,0.25
Zart,1,syn_n2000_i300_l20_s00_c025,minsup,0.082917,1.1553,144.38,78,False,,20260922_012455,2000,300,0.25
Apriori_Gen_Borgelt,1,syn_n2000_i300_l20_s00_c06,minsup,0.0944055,0.0082,0.28,15,False,,20260922_012455,2000,300,0.05
Eclat_Gen_Borgelt,1,syn_n2000_i300_l20_s00_c06,minsup,0.0944055,0.0087,0.32,15,False,,20260922_012456,2000,300,0.05
Pascal,1,syn_n2000_i300_l20_s00_c06,minsup,0.1013985,0.6264,80.03,6,False,,20260922_012456,2000,300,0.02
Zart,1,syn_n2000_i300_l20_s00_c06,minsup,0.1013985,0.5124,88.51,7,False,,20260922_012456,2000,300,0.02
FPgrowth_Gen_Borgelt,1,syn_n2000_i300_l20_s00_c06,minsup,0.0944055,0.0069,0.36,15,False,,20260922_012456,2000,300,0.05
Gr_growth,1,syn_n2000_i300_l20_s00_c06,minsup,0.0944055,0.0229,0.28,16,False,,20260922_012456,2000,300,0.05
TalkyG_Diffset,1,syn_n2000_i300_l20_s00_c06,minsup,0.1013985,0.9867,86.12,7,False,,20260922_012456,2000,300,0.02
DefMe,1,syn_n2000_i300_l20_s00_c06,minsup,0.0944055,0.5464,79.86,16,False,,20260922_012456,2000,300,0.05
Apriori_Gen_Borgelt,1,syn_n2000_i300_l20_s00_c06,minsup,0.0854145,0.0233,2.84,37,False,,20260922_012456,2000,300,0.12
Pascal,1,syn_n2000_i300_l20_s00_c06,minsup,0.0944055,0.52,80.91,15,False,,20260922_012456,2000,300,0.05
Eclat_Gen_Borgelt,1,syn_n2000_i300_l20_s00_c06,minsup,0.0854145,0.0074,0.34,37,False,,20260922_012457,2000,300,0.12
Talky_G,1,syn_n2000_i300_l20_s00_c06,minsup,0.0944055,0.6225,86.54,16,False,,20260922_012457,2000,300,0.05
Zart,1,syn_n2000_i300_l20_s00_c06,minsup,0.0944055,0.4735,92.16,16,False,,20260922_012457,2000,300,0.05
FPgrowth_Gen_Borgelt,1,syn_n2000_i300_l20_s00_c06,minsup,0.0854145,0.0134,3.0,37,False,,20260922_012457,2000,300,0.12
Gr_growth,1,syn_n2000_i300_l20_s00_c06,minsup,0.0854145,0.0175,0.27,38,False,,20260922_012457,2000,300,0.12
TalkyG_Diffset,1,syn_n2000_i300_l20_s00_c06,minsup,0.0944055,0.8915,84.37,16,False,,20260922_012457,2000,300,0.05
DefMe,1,syn_n2000_i300_l20_s00_c06,minsup,0.0854145,0.4925,87.63,38,False,,20260922_012457,2000,300,0.12
Apriori_Gen_Borgelt,1,syn_n2000_i300_l20_s00_c06,minsup,0.0774225,0.0116,3.0,75,False,,20260922_012457,2000,300,0.25
Talky_G,1,syn_n2000_i300_l20_s00_c06,minsup,0.1013985,2.0449,80.8,7,False,,20260922_012457,2000,300,0.02
Eclat_Gen_Borgelt,1,syn_n2000_i300_l20_s00_c06,minsup,0.0774225,0.0122,0.02,75,False,,20260922_012457,2000,300,0.25
TalkyG_Diffset,1,syn_n2000_i300_l20_s00_c06,minsup,0.0854145,0.4474,86.64,38,False,,20260922_012457,2000,300,0.12
Pascal,1,syn_n2000_i300_l20_s00_c06,minsup,0.0854145,0.5872,82.09,37,False,,20260922_012457,2000,300,0.12
FPgrowth_Gen_Borgelt,1,syn_n2000_i300_l20_s00_c06,minsup,0.0774225,0.0136,3.04,75,False,,20260922_012458,2000,300,0.25
Gr_growth,1,syn_n2000_i300_l20_s00_c06,minsup,0.0774225,0.0143,0.36,76,False,,20260922_012458,2000,300,0.25
Talky_G,1,syn_n2000_i300_l20_s00_c06,minsup,0.0854145,0.6354,84.31,38,False,,20260922_012458,2000,300,0.12
Zart,1,syn_n2000_i300_l20_s00_c06,minsup,0.0854145,0.8068,93.8,38,False,,20260922_012458,2000,300,0.12
DefMe,1,syn_n2000_i300_l20_s00_c06,minsup,0.0774225,0.6104,82.21,76,False,,20260922_012458,2000,300,0.25
Apriori_Gen_Borgelt,1,syn_n2000_i300_l20_s08_c025,minsup,0.397602,0.0279,0.52,12,False,,20260922_012458,2000,299,0.02
Eclat_Gen_Borgelt,1,syn_n2000_i300_l20_s08_c025,minsup,0.397602,0.0164,0.37,12,False,,20260922_012458,2000,299,0.02
TalkyG_Diffset,1,syn_n2000_i300_l20_s00_c06,minsup,0.0774225,0.5399,86.78,76,False,,20260922_012458,2000,300,0.25
FPgrowth_Gen_Borgelt,1,syn_n2000_i300_l20_s08_c025,minsup,0.397602,0.0074,0.38,12,False,,20260922_012458,2000,299,0.02
Talky_G,1,syn_n2000_i300_l20_s00_c06,minsup,0.0774225,0.6871,82.55,76,False,,20260922_012458,2000,300,0.25
Gr_growth,1,syn_n2000_i300_l20_s08_c025,minsup,0.397602,0.0283,3.84,13,False,,20260922_012458,2000,299,0.02
Pascal,1,syn_n2000_i300_l20_s00_c06,minsup,0.0774225,0.8258,80.95,75,False,,20260922_012458,2000,300,0.25
DefMe,1,syn_n2000_i300_l20_s08_c025,minsup,0.397602,0.5391,87.76,13,False,,20260922_012459,2000,299,0.02
Zart,1,syn_n2000_i300_l20_s00_c06,minsup,0.0774225,0.9642,130.29,76,False,,20260922_012459,2000,300,0.25
Apriori_Gen_Borgelt,1,syn_n2000_i300_l20_s08_c025,minsup,0.222777,0.0454,3.34,51,False,,20260922_012459,2000,299,0.05
Pascal,1,syn_n2000_i300_l20_s08_c025,minsup,0.397602,0.5803,80.89,12,False,,20260922_012459,2000,299,0.02
Eclat_Gen_Borgelt,1,syn_n2000_i300_l20_s08_c025,minsup,0.222777,0.0164,0.26,51,False,,20260922_012459,2000,299,0.05
Talky_G,1,syn_n2000_i300_l20_s08_c025,minsup,0.397602,0.588,87.41,13,False,,20260922_012459,2000,299,0.02
FPgrowth_Gen_Borgelt,1,syn_n2000_i300_l20_s08_c025,minsup,0.222777,0.012,0.02,51,False,,20260922_012459,2000,299,0.05
Zart,1,syn_n2000_i300_l20_s08_c025,minsup,0.397602,0.6183,89.05,13,False,,20260922_012459,2000,299,0.02
Gr_growth,1,syn_n2000_i300_l20_s08_c025,minsup,0.222777,0.0189,3.81,52,False,,20260922_012459,2000,299,0.05
DefMe,1,syn_n2000_i300_l20_s08_c025,minsup,0.222777,0.5563,84.64,52,False,,20260922_012459,2000,299,0.05
Apriori_Gen_Borgelt,1,syn_n2000_i300_l20_s08_c025,minsup,0.130869,0.0077,0.25,188,False,,20260922_012500,2000,299,0.12
TalkyG_Diffset,1,syn_n2000_i300_l20_s08_c025,minsup,0.397602,1.3634,88.89,13,False,,20260922_012500,2000,299,0.02
TalkyG_Diffset,1,syn_n2000_i300_l20_s08_c025,minsup,0.222777,0.4992,87.28,52,False,,20260922_012500,2000,299,0.05
Eclat_Gen_Borgelt,1,syn_n2000_i300_l20_s08_c025,minsup,0.130869,0.0087,0.38,188,False,,20260922_012500,2000,299,0.12
Zart,1,syn_n2000_i300_l20_s08_c025,minsup,0.222777,0.5941,115.95,52,False,,20260922_012500,2000,299,0.05
FPgrowth_Gen_Borgelt,1,syn_n2000_i300_l20_s08_c025,minsup,0.130869,0.0237,0.02,188,False,,20260922_012500,2000,299,0.12
Gr_growth,1,syn_n2000_i300_l20_s08_c025,minsup,0.130869,0.0137,0.23,189,False,,20260922_012500,2000,299,0.12
Talky_G,1,syn_n2000_i300_l20_s08_c025,minsup,0.222777,0.8098,82.78,52,False,,20260922_012500,2000,299,0.05
DefMe,1,syn_n2000_i300_l20_s08_c025,minsup,0.130869,0.7017,83.73,189,False,,20260922_012501,2000,299,0.12
Apriori_Gen_Borgelt,1,syn_n2000_i300_l20_s08_c025,minsup,0.07292699999999999,0.0146,0.22,679,False,,20260922_012501,2000,299,0.25
Pascal,1,syn_n2000_i300_l20_s08_c025,minsup,0.222777,1.3637,81.26,51,False,,20260922_012501,2000,299,0.05
TalkyG_Diffset,1,syn_n2000_i300_l20_s08_c025,minsup,0.130869,0.4243,88.56,189,False,,20260922_012501,2000,299,0.12
Talky_G,1,syn_n2000_i300_l20_s08_c025,minsup,0.130869,0.4871,85.75,189,False,,20260922_012501,2000,299,0.12
Eclat_Gen_Borgelt,1,syn_n2000_i300_l20_s08_c025,minsup,0.07292699999999999,0.0229,0.02,679,False,,20260922_012501,2000,299,0.25
FPgrowth_Gen_Borgelt,1,syn_n2000_i300_l20_s08_c025,minsup,0.07292699999999999,0.021,2.92,679,False,,20260922_012501,2000,299,0.25
Gr_growth,1,syn_n2000_i300_l20_s08_c025,minsup,0.07292699999999999,0.0154,0.23,680,False,,20260922_012501,2000,299,0.25
Pascal,1,syn_n2000_i300_l20_s08_c025,minsup,0.130869,0.8106,84.55,188,False,,20260922_012501,2000,299,0.12
Zart,1,syn_n2000_i300_l20_s08_c025,minsup,0.130869,0.7706,111.65,189,False,,20260922_012501,2000,299,0.12
DefMe,1,syn_n2000_i300_l20_s08_c025,minsup,0.07292699999999999,0.5281,87.58,680,False,,20260922_012501,2000,299,0.25
Apriori_Gen_Borgelt,1,syn_n2000_i300_l20_s08_c06,minsup,0.40759199999999995,0.0097,0.25,10,False,,20260922_012501,2000,300,0.02
Eclat_Gen_Borgelt,1,syn_n2000_i300_l20_s08_c06,minsup,0.40759199999999995,0.0278,0.51,10,False,,20260922_012502,2000,300,0.02
TalkyG_Diffset,1,syn_n2000_i300_l20_s08_c025,minsup,0.07292699999999999,0.606,99.0,680,False,,20260922_012502,2000,299,0.25
FPgrowth_Gen_Borgelt,1,syn_n2000_i300_l20_s08_c06,minsup,0.40759199999999995,0.0076,0.2,10,False,,20260922_012502,2000,300,0.02
Talky_G,1,syn_n2000_i300_l20_s08_c025,minsup,0.07292699999999999,0.6792,89.0,680,False,,20260922_012502,2000,299,0.25
Gr_growth,1,syn_n2000_i300_l20_s08_c06,minsup,0.40759199999999995,0.0281,0.02,11,False,,20260922_012502,2000,300,0.02
DefMe,1,syn_n2000_i300_l20_s08_c06,minsup,0.40759199999999995,0.5968,86.59,11,False,,20260922_012502,2000,300,0.02
Pascal,1,syn_n2000_i300_l20_s08_c025,minsup,0.07292699999999999,1.3004,82.75,679,False,,20260922_012502,2000,299,0.25
Pascal,1,syn_n2000_i300_l20_s08_c06,minsup,0.40759199999999995,0.4905,84.03,10,False,,20260922_012503,2000,300,0.02
Apriori_Gen_Borgelt,1,syn_n2000_i300_l20_s08_c06,minsup,0.22827150000000002,0.0119,2.86,43,False,,20260922_012503,2000,300,0.05
TalkyG_Diffset,1,syn_n2000_i300_l20_s08_c06,minsup,0.40759199999999995,0.524,83.63,11,False,,20260922_012503,2000,300,0.02
Zart,1,syn_n2000_i300_l20_s08_c025,minsup,0.07292699999999999,1.5023,284.44,680,False,,20260922_012503,2000,299,0.25
Eclat_Gen_Borgelt,1,syn_n2000_i300_l20_s08_c06,minsup,0.22827150000000002,0.0198,0.35,43,False,,20260922_012503,2000,300,0.05
FPgrowth_Gen_Borgelt,1,syn_n2000_i300_l20_s08_c06,minsup,0.22827150000000002,0.0077,0.23,43,False,,20260922_012503,2000,300,0.05
Zart,1,syn_n2000_i300_l20_s08_c06,minsup,0.40759199999999995,0.5819,101.71,11,False,,20260922_012503,2000,300,0.02
Gr_growth,1,syn_n2000_i300_l20_s08_c06,minsup,0.22827150000000002,0.0395,3.82,44,False,,20260922_012503,2000,300,0.05
Talky_G,1,syn_n2000_i300_l20_s08_c06,minsup,0.40759199999999995,1.0812,84.98,11,False,,20260922_012503,2000,300,0.02
DefMe,1,syn_n2000_i300_l20_s08_c06,minsup,0.22827150000000002,0.569,86.67,44,False,,20260922_012503,2000,300,0.05
Apriori_Gen_Borgelt,1,syn_n2000_i300_l20_s08_c06,minsup,0.11738249999999999,0.0078,0.3,190,False,,20260922_012503,2000,300,0.12
Pascal,1,syn_n2000_i300_l20_s08_c06,minsup,0.22827150000000002,0.4932,84.05,43,False,,20260922_012503,2000,300,0.05
Eclat_Gen_Borgelt,1,syn_n2000_i300_l20_s08_c06,minsup,0.11738249999999999,0.0146,2.98,190,False,,20260922_012504,2000,300,0.12
TalkyG_Diffset,1,syn_n2000_i300_l20_s08_c06,minsup,0.22827150000000002,0.593,88.4,44,False,,20260922_012504,2000,300,0.05
FPgrowth_Gen_Borgelt,1,syn_n2000_i300_l20_s08_c06,minsup,0.11738249999999999,0.0169,0.02,190,False,,20260922_012504,2000,300,0.12
Talky_G,1,syn_n2000_i300_l20_s08_c06,minsup,0.22827150000000002,0.6889,84.74,44,False,,20260922_012504,2000,300,0.05
Gr_growth,1,syn_n2000_i300_l20_s08_c06,minsup,0.11738249999999999,0.0143,0.26,191,False,,20260922_012504,2000,300,0.12
Zart,1,syn_n2000_i300_l20_s08_c06,minsup,0.22827150000000002,0.7447,91.35,44,False,,20260922_012504,2000,300,0.05
DefMe,1,syn_n2000_i300_l20_s08_c06,minsup,0.11738249999999999,0.6323,85.88,191,False,,20260922_012504,2000,300,0.12
Apriori_Gen_Borgelt,1,syn_n2000_i300_l20_s08_c06,minsup,0.07342649999999999,0.0186,0.02,557,False,,20260922_012504,2000,300,0.25
Eclat_Gen_Borgelt,1,syn_n2000_i300_l20_s08_c06,minsup,0.07342649999999999,0.0083,0.38,557,False,,20260922_012504,2000,300,0.25
Pascal,1,syn_n2000_i300_l20_s08_c06,minsup,0.11738249999999999,0.6677,90.6,190,False,,20260922_012505,2000,300,0.12
FPgrowth_Gen_Borgelt,1,syn_n2000_i300_l20_s08_c06,minsup,0.07342649999999999,0.0219,3.06,557,False,,20260922_012505,2000,300,0.25
TalkyG_Diffset,1,syn_n2000_i300_l20_s08_c06,minsup,0.11738249999999999,0.7164,87.27,191,False,,20260922_012505,2000,300,0.12
Gr_growth,1,syn_n2000_i300_l20_s08_c06,minsup,0.07342649999999999,0.0235,4.54,558,False,,20260922_012505,2000,300,0.25
Talky_G,1,syn_n2000_i300_l20_s08_c06,minsup,0.11738249999999999,0.727,84.46,191,False,,20260922_012505,2000,300,0.12
Zart,1,syn_n2000_i300_l20_s08_c06,minsup,0.11738249999999999,0.8856,109.79,191,False,,20260922_012505,2000,300,0.12
DefMe,1,syn_n2000_i300_l20_s08_c06,minsup,0.07342649999999999,0.7434,85.94,558,False,,20260922_012505,2000,300,0.25
Apriori_Gen_Borgelt,1,syn_n2000_i300_l20_s16_c025,minsup,0.915084,0.0162,0.02,16,False,,20260922_012505,2000,263,0.02
Eclat_Gen_Borgelt,1,syn_n2000_i300_l20_s16_c025,minsup,0.915084,0.0228,2.94,16,False,,20260922_012505,2000,263,0.02
TalkyG_Diffset,1,syn_n2000_i300_l20_s08_c06,minsup,0.07342649999999999,0.6362,89.57,558,False,,20260922_012506,2000,300,0.25
FPgrowth_Gen_Borgelt,1,syn_n2000_i300_l20_s16_c025,minsup,0.915084,0.0116,3.09,16,False,,20260922_012506,2000,263,0.02
Talky_G,1,syn_n2000_i300_l20_s08_c06,minsup,0.07342649999999999,0.8086,88.35,558,False,,20260922_012506,2000,300,0.25
Gr_growth,1,syn_n2000_i300_l20_s16_c025,minsup,0.915084,0.0145,0.22,19,False,,20260922_012506,2000,263,0.02
DefMe,1,syn_n2000_i300_l20_s16_c025,minsup,0.915084,0.7203,84.96,17,False,,20260922_012506,2000,263,0.02
Pascal,1,syn_n2000_i300_l20_s08_c06,minsup,0.07342649999999999,1.2109,84.52,557,False,,20260922_012506,2000,300,0.25
Apriori_Gen_Borgelt,1,syn_n2000_i300_l20_s16_c025,minsup,0.4280715,0.0371,3.32,596,False,,20260922_012506,2000,263,0.05
Pascal,1,syn_n2000_i300_l20_s16_c025,minsup,0.915084,0.6024,80.1,16,False,,20260922_012506,2000,263,0.02
Talky_G,1,syn_n2000_i300_l20_s16_c025,minsup,0.915084,0.547,86.89,17,False,,20260922_012506,2000,263,0.02
Zart,1,syn_n2000_i300_l20_s08_c06,minsup,0.07342649999999999,1.5023,206.16,558,False,,20260922_012507,2000,300,0.25
Eclat_Gen_Borgelt,1,syn_n2000_i300_l20_s16_c025,minsup,0.4280715,0.008,0.39,596,False,,20260922_012507,2000,263,0.05
FPgrowth_Gen_Borgelt,1,syn_n2000_i300_l20_s16_c025,minsup,0.4280715,0.0081,0.24,596,False,,20260922_012507,2000,263,0.05
Zart,1,syn_n2000_i300_l20_s16_c025,minsup,0.915084,0.6219,98.55,17,False,,20260922_012507,2000,263,0.02
TalkyG_Diffset,1,syn_n2000_i300_l20_s16_c025,minsup,0.915084,0.8976,79.95,17,False,,20260922_012507,2000,263,0.02
Gr_growth,1,syn_n2000_i300_l20_s16_c025,minsup,0.4280715,0.0149,13.8,601,False,,20260922_012507,2000,263,0.05
DefMe,1,syn_n2000_i300_l20_s16_c025,minsup,0.4280715,0.4968,85.93,597,False,,20260922_012507,2000,263,0.05
Apriori_Gen_Borgelt,1,syn_n2000_i300_l20_s16_c025,minsup,0.17032950000000002,0.0503,3.6,4465,False,,20260922_012507,2000,263,0.12
Eclat_Gen_Borgelt,1,syn_n2000_i300_l20_s16_c025,minsup,0.17032950000000002,0.0239,3.4,4465,False,,20260922_012507,2000,263,0.12
TalkyG_Diffset,1,syn_n2000_i300_l20_s16_c025,minsup,0.4280715,0.685,87.54,597,False,,20260922_012507,2000,263,0.05
FPgrowth_Gen_Borgelt,1,syn_n2000_i300_l20_s16_c025,minsup,0.17032950000000002,0.0219,0.45,4465,False,,20260922_012507,2000,263,0.12
Talky_G,1,syn_n2000_i300_l20_s16_c025,minsup,0.4280715,0.7126,87.86,597,False,,20260922_012508,2000,263,0.05
DefMe,1,syn_n2000_i300_l20_s16_c025,minsup,0.17032950000000002,0.5073,106.18,4466,False,,20260922_012508,2000,263,0.12
Gr_growth,1,syn_n2000_i300_l20_s16_c025,minsup,0.17032950000000002,0.025,3.83,4466,False,,20260922_012508,2000,263,0.12
Pascal,1,syn_n2000_i300_l20_s16_c025,minsup,0.4280715,0.9658,84.52,596,False,,20260922_012508,2000,263,0.05
Zart,1,syn_n2000_i300_l20_s16_c025,minsup,0.4280715,1.059,158.19,597,False,,20260922_012508,2000,263,0.05
Apriori_Gen_Borgelt,1,syn_n2000_i300_l20_s16_c025,minsup,0.0554445,0.1514,4.7,37834,False,,20260922_012508,2000,263,0.25
Eclat_Gen_Borgelt,1,syn_n2000_i300_l20_s16_c025,minsup,0.0554445,0.0551,12.67,37834,False,,20260922_012508,2000,263,0.25
Talky_G,1,syn_n2000_i300_l20_s16_c025,minsup,0.17032950000000002,0.6145,95.06,4466,False,,20260922_012508,2000,263,0.12
TalkyG_Diffset,1,syn_n2000_i300_l20_s16_c025,minsup,0.17032950000000002,0.7413,93.18,4466,False,,20260922_012509,2000,263,0.12
FPgrowth_Gen_Borgelt,1,syn_n2000_i300_l20_s16_c025,minsup,0.0554445,0.0459,9.88,37834,False,,20260922_012509,2000,263,0.25
Gr_growth,1,syn_n2000_i300_l20_s16_c025,minsup,0.0554445,0.0803,15.43,37835,False,,20260922_012509,2000,263,0.25
DefMe,1,syn_n2000_i300_l20_s16_c025,minsup,0.0554445,0.7675,285.7,37835,False,,20260922_012509,2000,263,0.25
Pascal,1,syn_n2000_i300_l20_s16_c025,minsup,0.17032950000000002,1.5906,99.8,4465,False,,20260922_012509,2000,263,0.12
Apriori_Gen_Borgelt,1,syn_n2000_i300_l20_s16_c06,minsup,0.875124,0.0084,0.24,16,False,,20260922_012509,2000,271,0.02
TalkyG_Diffset,1,syn_n2000_i300_l20_s16_c025,minsup,0.0554445,0.9039,140.4,37835,False,,20260922_012510,2000,263,0.25
Eclat_Gen_Borgelt,1,syn_n2000_i300_l20_s16_c06,minsup,0.875124,0.0079,0.24,16,False,,20260922_012510,2000,271,0.02
Talky_G,1,syn_n2000_i300_l20_s16_c025,minsup,0.0554445,0.9816,128.11,37835,False,,20260922_012510,2000,263,0.25
DefMe,1,syn_n2000_i300_l20_s16_c06,minsup,0.875124,0.5063,83.05,17,False,,20260922_012510,2000,271,0.02
FPgrowth_Gen_Borgelt,1,syn_n2000_i300_l20_s16_c06,minsup,0.875124,0.0132,0.39,16,False,,20260922_012510,2000,271,0.02
Gr_growth,1,syn_n2000_i300_l20_s16_c06,minsup,0.875124,0.0182,10.05,17,False,,20260922_012510,2000,271,0.02
Pascal,1,syn_n2000_i300_l20_s16_c06,minsup,0.875124,0.3908,81.16,16,False,,20260922_012511,2000,271,0.02
TalkyG_Diffset,1,syn_n2000_i300_l20_s16_c06,minsup,0.875124,0.4379,87.02,17,False,,20260922_012511,2000,271,0.02
Talky_G,1,syn_n2000_i300_l20_s16_c06,minsup,0.875124,0.5757,80.11,17,False,,20260922_012511,2000,271,0.02
Apriori_Gen_Borgelt,1,syn_n2000_i300_l20_s16_c06,minsup,0.4060935,0.0229,0.46,691,False,,20260922_012511,2000,271,0.05
Eclat_Gen_Borgelt,1,syn_n2000_i300_l20_s16_c06,minsup,0.4060935,0.0156,0.38,691,False,,20260922_012511,2000,271,0.05
FPgrowth_Gen_Borgelt,1,syn_n2000_i300_l20_s16_c06,minsup,0.4060935,0.0076,0.25,691,False,,20260922_012511,2000,271,0.05
Zart,1,syn_n2000_i300_l20_s16_c06,minsup,0.875124,0.5035,78.17,17,False,,20260922_012511,2000,271,0.02
Gr_growth,1,syn_n2000_i300_l20_s16_c06,minsup,0.4060935,0.0281,0.02,693,False,,20260922_012511,2000,271,0.05
DefMe,1,syn_n2000_i300_l20_s16_c06,minsup,0.4060935,0.5325,76.52,692,False,,20260922_012512,2000,271,0.05
TalkyG_Diffset,1,syn_n2000_i300_l20_s16_c06,minsup,0.4060935,0.4091,86.89,692,False,,20260922_012512,2000,271,0.05
Talky_G,1,syn_n2000_i300_l20_s16_c06,minsup,0.4060935,0.3801,81.05,692,False,,20260922_012512,2000,271,0.05
Pascal,1,syn_n2000_i300_l20_s16_c06,minsup,0.4060935,0.865,90.71,691,False,,20260922_012512,2000,271,0.05
Apriori_Gen_Borgelt,1,syn_n2000_i300_l20_s16_c06,minsup,0.163836,0.051,3.59,6815,False,,20260922_012513,2000,271,0.12
Eclat_Gen_Borgelt,1,syn_n2000_i300_l20_s16_c06,minsup,0.163836,0.0182,0.39,6815,False,,20260922_012513,2000,271,0.12
FPgrowth_Gen_Borgelt,1,syn_n2000_i300_l20_s16_c06,minsup,0.163836,0.0247,0.44,6815,False,,20260922_012513,2000,271,0.12
Zart,1,syn_n2000_i300_l20_s16_c06,minsup,0.4060935,0.7823,139.9,692,False,,20260922_012513,2000,271,0.05
Gr_growth,1,syn_n2000_i300_l20_s16_c06,minsup,0.163836,0.0346,14.34,6816,False,,20260922_012513,2000,271,0.12
DefMe,1,syn_n2000_i300_l20_s16_c06,minsup,0.163836,0.6759,119.84,6816,False,,20260922_012513,2000,271,0.12
TalkyG_Diffset,1,syn_n2000_i300_l20_s16_c06,minsup,0.163836,0.4815,91.14,6816,False,,20260922_012514,2000,271,0.12
Talky_G,1,syn_n2000_i300_l20_s16_c06,minsup,0.163836,0.5209,105.57,6816,False,,20260922_012514,2000,271,0.12
Apriori_Gen_Borgelt,1,syn_n2000_i300_l20_s16_c06,minsup,0.050948999999999994,0.1363,4.91,47044,False,,20260922_012514,2000,271,0.25
Pascal,1,syn_n2000_i300_l20_s16_c06,minsup,0.163836,1.7524,93.59,6815,False,,20260922_012515,2000,271,0.12
Eclat_Gen_Borgelt,1,syn_n2000_i300_l20_s16_c06,minsup,0.050948999999999994,0.0645,13.45,47044,False,,20260922_012515,2000,271,0.25
DefMe,1,syn_n2000_i300_l20_s16_c06,minsup,0.050948999999999994,0.5831,232.26,47045,False,,20260922_012515,2000,271,0.25
FPgrowth_Gen_Borgelt,1,syn_n2000_i300_l20_s16_c06,minsup,0.050948999999999994,0.0737,5.45,47044,False,,20260922_012515,2000,271,0.25
Zart,1,syn_n2000_i300_l20_s16_c025,minsup,0.17032950000000002,7.5742,374.96,4466,False,,20260922_012515,2000,263,0.12
Gr_growth,1,syn_n2000_i300_l20_s16_c06,minsup,0.050948999999999994,0.0529,15.48,47045,False,,20260922_012515,2000,271,0.25
Talky_G,1,syn_n2000_i300_l20_s16_c06,minsup,0.050948999999999994,0.7205,139.67,47045,False,,20260922_012516,2000,271,0.25
TalkyG_Diffset,1,syn_n2000_i300_l20_s16_c06,minsup,0.050948999999999994,0.8179,143.6,47045,False,,20260922_012516,2000,271,0.25
Apriori_Gen_Borgelt,1,syn_n2000_i300_l40_s00_c025,minsup,0.1873125,0.0077,0.21,6,False,,20260922_012517,2000,300,0.02
DefMe,1,syn_n2000_i300_l40_s00_c025,minsup,0.1873125,0.3803,80.68,7,False,,20260922_012517,2000,300,0.02
Eclat_Gen_Borgelt,1,syn_n2000_i300_l40_s00_c025,minsup,0.1873125,0.0155,0.34,6,False,,20260922_012517,2000,300,0.02
FPgrowth_Gen_Borgelt,1,syn_n2000_i300_l40_s00_c025,minsup,0.1873125,0.008,0.21,6,False,,20260922_012518,2000,300,0.02
Gr_growth,1,syn_n2000_i300_l40_s00_c025,minsup,0.1873125,0.0144,0.25,7,False,,20260922_012518,2000,300,0.02
Zart,1,syn_n2000_i300_l20_s16_c06,minsup,0.163836,4.1803,384.27,6816,False,,20260922_012518,2000,271,0.12
Pascal,1,syn_n2000_i300_l40_s00_c025,minsup,0.1873125,0.3725,78.55,6,False,,20260922_012518,2000,300,0.02
TalkyG_Diffset,1,syn_n2000_i300_l40_s00_c025,minsup,0.1873125,0.402,88.2,7,False,,20260922_012519,2000,300,0.02
Talky_G,1,syn_n2000_i300_l40_s00_c025,minsup,0.1873125,0.4232,90.21,7,False,,20260922_012519,2000,300,0.02
Apriori_Gen_Borgelt,1,syn_n2000_i300_l40_s00_c025,minsup,0.180819,0.0136,0.41,16,False,,20260922_012519,2000,300,0.05
Zart,1,syn_n2000_i300_l40_s00_c025,minsup,0.1873125,0.4617,90.3,7,False,,20260922_012519,2000,300,0.02
Eclat_Gen_Borgelt,1,syn_n2000_i300_l40_s00_c025,minsup,0.180819,0.0126,2.95,16,False,,20260922_012520,2000,300,0.05
DefMe,1,syn_n2000_i300_l40_s00_c025,minsup,0.180819,0.4343,84.04,17,False,,20260922_012520,2000,300,0.05
FPgrowth_Gen_Borgelt,1,syn_n2000_i300_l40_s00_c025,minsup,0.180819,0.0191,2.81,16,False,,20260922_012520,2000,300,0.05
Gr_growth,1,syn_n2000_i300_l40_s00_c025,minsup,0.180819,0.0227,7.24,17,False,,20260922_012520,2000,300,0.05
Pascal,1,syn_n2000_i300_l40_s00_c025,minsup,0.180819,0.3997,77.84,16,False,,20260922_012520,2000,300,0.05
TalkyG_Diffset,1,syn_n2000_i300_l40_s00_c025,minsup,0.180819,0.3733,85.22,17,False,,20260922_012520,2000,300,0.05
Talky_G,1,syn_n2000_i300_l40_s00_c025,minsup,0.180819,0.4596,87.09,17,False,,20260922_012521,2000,300,0.05
Zart,1,syn_n2000_i300_l40_s00_c025,minsup,0.180819,0.3693,91.76,17,False,,20260922_012521,2000,300,0.05
Apriori_Gen_Borgelt,1,syn_n2000_i300_l40_s00_c025,minsup,0.16983,0.0305,2.89,36,False,,20260922_012521,2000,300,0.12
Eclat_Gen_Borgelt,1,syn_n2000_i300_l40_s00_c025,minsup,0.16983,0.0134,2.93,36,False,,20260922_012521,2000,300,0.12
FPgrowth_Gen_Borgelt,1,syn_n2000_i300_l40_s00_c025,minsup,0.16983,0.0177,3.14,36,False,,20260922_012522,2000,300,0.12
DefMe,1,syn_n2000_i300_l40_s00_c025,minsup,0.16983,0.4885,85.75,37,False,,20260922_012522,2000,300,0.12
Gr_growth,1,syn_n2000_i300_l40_s00_c025,minsup,0.16983,0.0212,0.02,37,False,,20260922_012522,2000,300,0.12
Pascal,1,syn_n2000_i300_l40_s00_c025,minsup,0.16983,0.4495,78.77,36,False,,20260922_012522,2000,300,0.12
TalkyG_Diffset,1,syn_n2000_i300_l40_s00_c025,minsup,0.16983,0.4259,87.06,37,False,,20260922_012522,2000,300,0.12
Talky_G,1,syn_n2000_i300_l40_s00_c025,minsup,0.16983,0.4946,86.07,37,False,,20260922_012523,2000,300,0.12
Zart,1,syn_n2000_i300_l40_s00_c025,minsup,0.16983,0.4793,89.21,37,False,,20260922_012523,2000,300,0.12
Apriori_Gen_Borgelt,1,syn_n2000_i300_l40_s00_c025,minsup,0.160839,0.0161,3.26,75,False,,20260922_012523,2000,300,0.25
Eclat_Gen_Borgelt,1,syn_n2000_i300_l40_s00_c025,minsup,0.160839,0.0186,2.98,75,False,,20260922_012523,2000,300,0.25
FPgrowth_Gen_Borgelt,1,syn_n2000_i300_l40_s00_c025,minsup,0.160839,0.0242,0.02,75,False,,20260922_012523,2000,300,0.25
Gr_growth,1,syn_n2000_i300_l40_s00_c025,minsup,0.160839,0.014,13.56,76,False,,20260922_012524,2000,300,0.25
DefMe,1,syn_n2000_i300_l40_s00_c025,minsup,0.160839,0.5511,84.08,76,False,,20260922_012524,2000,300,0.25
Pascal,1,syn_n2000_i300_l20_s16_c025,minsup,0.0554445,15.4373,123.56,37834,False,,20260922_012524,2000,263,0.25
TalkyG_Diffset,1,syn_n2000_i300_l40_s00_c025,minsup,0.160839,0.4062,85.89,76,False,,20260922_012524,2000,300,0.25
Pascal,1,syn_n2000_i300_l40_s00_c025,minsup,0.160839,0.7108,81.0,75,False,,20260922_012524,2000,300,0.25
Apriori_Gen_Borgelt,1,syn_n2000_i300_l40_s00_c06,minsup,0.17981999999999998,0.0076,0.25,6,False,,20260922_012525,2000,300,0.02
Talky_G,1,syn_n2000_i300_l40_s00_c025,minsup,0.160839,0.52,87.68,76,False,,20260922_012525,2000,300,0.25
Eclat_Gen_Borgelt,1,syn_n2000_i300_l40_s00_c06,minsup,0.17981999999999998,0.0076,0.23,6,False,,20260922_012525,2000,300,0.02
DefMe,1,syn_n2000_i300_l40_s00_c06,minsup,0.17981999999999998,0.3462,83.18,7,False,,20260922_012525,2000,300,0.02
Zart,1,syn_n2000_i300_l40_s00_c025,minsup,0.160839,0.8222,139.1,76,False,,20260922_012525,2000,300,0.25
FPgrowth_Gen_Borgelt,1,syn_n2000_i300_l40_s00_c06,minsup,0.17981999999999998,0.0296,3.07,6,False,,20260922_012525,2000,300,0.02
Gr_growth,1,syn_n2000_i300_l40_s00_c06,minsup,0.17981999999999998,0.0117,0.57,7,False,,20260922_012525,2000,300,0.02
TalkyG_Diffset,1,syn_n2000_i300_l40_s00_c06,minsup,0.17981999999999998,0.3664,84.6,7,False,,20260922_012526,2000,300,0.02
Pascal,1,syn_n2000_i300_l40_s00_c06,minsup,0.17981999999999998,0.4587,77.4,6,False,,20260922_012526,2000,300,0.02
Talky_G,1,syn_n2000_i300_l40_s00_c06,minsup,0.17981999999999998,0.4847,91.29,7,False,,20260922_012526,2000,300,0.02
Apriori_Gen_Borgelt,1,syn_n2000_i300_l40_s00_c06,minsup,0.1763235,0.0062,0.39,15,False,,20260922_012526,2000,300,0.05
Eclat_Gen_Borgelt,1,syn_n2000_i300_l40_s00_c06,minsup,0.1763235,0.0093,0.2,15,False,,20260922_012526,2000,300,0.05
Zart,1,syn_n2000_i300_l40_s00_c06,minsup,0.17981999999999998,0.4754,96.36,7,False,,20260922_012526,2000,300,0.02
FPgrowth_Gen_Borgelt,1,syn_n2000_i300_l40_s00_c06,minsup,0.1763235,0.0078,0.22,15,False,,20260922_012526,2000,300,0.05
Gr_growth,1,syn_n2000_i300_l40_s00_c06,minsup,0.1763235,0.024,3.84,16,False,,20260922_012527,2000,300,0.05
DefMe,1,syn_n2000_i300_l40_s00_c06,minsup,0.1763235,0.4872,82.04,16,False,,20260922_012527,2000,300,0.05
Pascal,1,syn_n2000_i300_l20_s16_c06,minsup,0.050948999999999994,11.2224,113.2,47044,False,,20260922_012527,2000,271,0.25
Pascal,1,syn_n2000_i300_l40_s00_c06,minsup,0.1763235,0.5466,80.02,15,False,,20260922_012527,2000,300,0.05
Apriori_Gen_Borgelt,1,syn_n2000_i300_l40_s00_c06,minsup,0.1633365,0.0077,0.25,38,False,,20260922_012527,2000,300,0.12
TalkyG_Diffset,1,syn_n2000_i300_l40_s00_c06,minsup,0.1763235,0.5893,84.73,16,False,,20260922_012527,2000,300,0.05
Talky_G,1,syn_n2000_i300_l40_s00_c06,minsup,0.1763235,0.5158,84.97,16,False,,20260922_012527,2000,300,0.05
Eclat_Gen_Borgelt,1,syn_n2000_i300_l40_s00_c06,minsup,0.1633365,0.0081,0.44,38,False,,20260922_012528,2000,300,0.12
Zart,1,syn_n2000_i300_l40_s00_c06,minsup,0.1763235,0.5348,100.47,16,False,,20260922_012528,2000,300,0.05
FPgrowth_Gen_Borgelt,1,syn_n2000_i300_l40_s00_c06,minsup,0.1633365,0.0192,2.94,38,False,,20260922_012528,2000,300,0.12
Gr_growth,1,syn_n2000_i300_l40_s00_c06,minsup,0.1633365,0.0144,0.25,39,False,,20260922_012528,2000,300,0.12
DefMe,1,syn_n2000_i300_l40_s00_c06,minsup,0.1633365,0.4837,80.63,39,False,,20260922_012528,2000,300,0.12
TalkyG_Diffset,1,syn_n2000_i300_l40_s00_c06,minsup,0.1633365,0.466,85.15,39,False,,20260922_012528,2000,300,0.12
Pascal,1,syn_n2000_i300_l40_s00_c06,minsup,0.1633365,0.5436,78.02,38,False,,20260922_012528,2000,300,0.12
Apriori_Gen_Borgelt,1,syn_n2000_i300_l40_s00_c06,minsup,0.1533465,0.0187,0.02,75,False,,20260922_012528,2000,300,0.25
Talky_G,1,syn_n2000_i300_l40_s00_c06,minsup,0.1633365,0.637,85.73,39,False,,20260922_012529,2000,300,0.12
Eclat_Gen_Borgelt,1,syn_n2000_i300_l40_s00_c06,minsup,0.1533465,0.0097,0.2,75,False,,20260922_012529,2000,300,0.25
Zart,1,syn_n2000_i300_l40_s00_c06,minsup,0.1633365,0.6148,89.13,39,False,,20260922_012529,2000,300,0.12
FPgrowth_Gen_Borgelt,1,syn_n2000_i300_l40_s00_c06,minsup,0.1533465,0.0218,0.32,75,False,,20260922_012529,2000,300,0.25
Gr_growth,1,syn_n2000_i300_l40_s00_c06,minsup,0.1533465,0.0217,3.82,76,False,,20260922_012529,2000,300,0.25
DefMe,1,syn_n2000_i300_l40_s00_c06,minsup,0.1533465,0.5756,80.96,76,False,,20260922_012529,2000,300,0.25
TalkyG_Diffset,1,syn_n2000_i300_l40_s00_c06,minsup,0.1533465,0.4498,83.91,76,False,,20260922_012529,2000,300,0.25
Talky_G,1,syn_n2000_i300_l40_s00_c06,minsup,0.1533465,0.4806,85.28,76,False,,20260922_012529,2000,300,0.25
Apriori_Gen_Borgelt,1,syn_n2000_i300_l40_s08_c025,minsup,0.717282,0.0176,0.25,14,False,,20260922_012530,2000,300,0.02
Eclat_Gen_Borgelt,1,syn_n2000_i300_l40_s08_c025,minsup,0.717282,0.019,2.82,14,False,,20260922_012530,2000,300,0.02
Pascal,1,syn_n2000_i300_l40_s00_c06,minsup,0.1533465,0.9435,78.83,75,False,,20260922_012530,2000,300,0.25
FPgrowth_Gen_Borgelt,1,syn_n2000_i300_l40_s08_c025,minsup,0.717282,0.0126,3.1,14,False,,20260922_012530,2000,300,0.02
Gr_growth,1,syn_n2000_i300_l40_s08_c025,minsup,0.717282,0.0113,0.36,15,False,,20260922_012530,2000,300,0.02
DefMe,1,syn_n2000_i300_l40_s08_c025,minsup,0.717282,0.4987,84.7,15,False,,20260922_012530,2000,300,0.02
Zart,1,syn_n2000_i300_l40_s00_c06,minsup,0.1533465,0.9269,137.19,76,False,,20260922_012530,2000,300,0.25
Pascal,1,syn_n2000_i300_l40_s08_c025,minsup,0.717282,0.5591,80.52,14,False,,20260922_012531,2000,300,0.02
TalkyG_Diffset,1,syn_n2000_i300_l40_s08_c025,minsup,0.717282,0.5595,85.86,15,False,,20260922_012531,2000,300,0.02
Apriori_Gen_Borgelt,1,syn_n2000_i300_l40_s08_c025,minsup,0.455544,0.0141,0.2,130,False,,20260922_012531,2000,300,0.05
Talky_G,1,syn_n2000_i300_l40_s08_c025,minsup,0.717282,0.579,86.14,15,False,,20260922_012531,2000,300,0.02
Eclat_Gen_Borgelt,1,syn_n2000_i300_l40_s08_c025,minsup,0.455544,0.008,0.32,130,False,,20260922_012531,2000,300,0.05
Zart,1,syn_n2000_i300_l40_s08_c025,minsup,0.717282,0.6157,100.39,15,False,,20260922_012531,2000,300,0.02
FPgrowth_Gen_Borgelt,1,syn_n2000_i300_l40_s08_c025,minsup,0.455544,0.0166,0.02,130,False,,20260922_012531,2000,300,0.05
Gr_growth,1,syn_n2000_i300_l40_s08_c025,minsup,0.455544,0.0121,0.21,132,False,,20260922_012531,2000,300,0.05
DefMe,1,syn_n2000_i300_l40_s08_c025,minsup,0.455544,0.5324,81.66,131,False,,20260922_012532,2000,300,0.05
TalkyG_Diffset,1,syn_n2000_i300_l40_s08_c025,minsup,0.455544,0.4601,85.34,131,False,,20260922_012532,2000,300,0.05
Pascal,1,syn_n2000_i300_l40_s08_c025,minsup,0.455544,0.6291,80.34,130,False,,20260922_012532,2000,300,0.05
Apriori_Gen_Borgelt,1,syn_n2000_i300_l40_s08_c025,minsup,0.2462535,0.0268,2.77,1361,False,,20260922_012532,2000,300,0.12
Talky_G,1,syn_n2000_i300_l40_s08_c025,minsup,0.455544,0.645,85.88,131,False,,20260922_012532,2000,300,0.05
Eclat_Gen_Borgelt,1,syn_n2000_i300_l40_s08_c025,minsup,0.2462535,0.0194,3.75,1361,False,,20260922_012532,2000,300,0.12
FPgrowth_Gen_Borgelt,1,syn_n2000_i300_l40_s08_c025,minsup,0.2462535,0.0161,5.27,1361,False,,20260922_012532,2000,300,0.12
Zart,1,syn_n2000_i300_l40_s08_c025,minsup,0.455544,0.603,102.83,131,False,,20260922_012532,2000,300,0.05
Gr_growth,1,syn_n2000_i300_l40_s08_c025,minsup,0.2462535,0.027,0.56,1362,False,,20260922_012532,2000,300,0.12
DefMe,1,syn_n2000_i300_l40_s08_c025,minsup,0.2462535,0.6491,85.64,1362,False,,20260922_012533,2000,300,0.12
Talky_G,1,syn_n2000_i300_l40_s08_c025,minsup,0.2462535,0.4497,92.28,1362,False,,20260922_012533,2000,300,0.12
TalkyG_Diffset,1,syn_n2000_i300_l40_s08_c025,minsup,0.2462535,0.5807,87.88,1362,False,,20260922_012533,2000,300,0.12
Apriori_Gen_Borgelt,1,syn_n2000_i300_l40_s08_c025,minsup,0.14885099999999998,0.0584,3.95,7428,False,,20260922_012533,2000,300,0.25
Pascal,1,syn_n2000_i300_l40_s08_c025,minsup,0.2462535,1.1386,84.57,1361,False,,20260922_012534,2000,300,0.12
Eclat_Gen_Borgelt,1,syn_n2000_i300_l40_s08_c025,minsup,0.14885099999999998,0.0421,8.95,7428,False,,20260922_012534,2000,300,0.25
FPgrowth_Gen_Borgelt,1,syn_n2000_i300_l40_s08_c025,minsup,0.14885099999999998,0.038,3.32,7428,False,,20260922_012534,2000,300,0.25
Gr_growth,1,syn_n2000_i300_l40_s08_c025,minsup,0.14885099999999998,0.0496,15.4,7429,False,,20260922_012534,2000,300,0.25
DefMe,1,syn_n2000_i300_l40_s08_c025,minsup,0.14885099999999998,0.4638,100.1,7429,False,,20260922_012534,2000,300,0.25
Zart,1,syn_n2000_i300_l40_s08_c025,minsup,0.2462535,1.2479,252.8,1362,False,,20260922_012534,2000,300,0.12
TalkyG_Diffset,1,syn_n2000_i300_l40_s08_c025,minsup,0.14885099999999998,0.5042,89.26,7429,False,,20260922_012534,2000,300,0.25
Talky_G,1,syn_n2000_i300_l40_s08_c025,minsup,0.14885099999999998,0.5575,92.29,7429,False,,20260922_012534,2000,300,0.25
Apriori_Gen_Borgelt,1,syn_n2000_i300_l40_s08_c06,minsup,0.693306,0.0079,0.2,11,False,,20260922_012535,2000,300,0.02
Eclat_Gen_Borgelt,1,syn_n2000_i300_l40_s08_c06,minsup,0.693306,0.0124,0.02,11,False,,20260922_012535,2000,300,0.02
FPgrowth_Gen_Borgelt,1,syn_n2000_i300_l40_s08_c06,minsup,0.693306,0.0121,0.46,11,False,,20260922_012535,2000,300,0.02
DefMe,1,syn_n2000_i300_l40_s08_c06,minsup,0.693306,0.4299,81.61,12,False,,20260922_012535,2000,300,0.02
Gr_growth,1,syn_n2000_i300_l40_s08_c06,minsup,0.693306,0.0146,0.26,12,False,,20260922_012535,2000,300,0.02
Pascal,1,syn_n2000_i300_l40_s08_c06,minsup,0.693306,0.3781,77.12,11,False,,20260922_012536,2000,300,0.02
TalkyG_Diffset,1,syn_n2000_i300_l40_s08_c06,minsup,0.693306,0.4014,83.05,12,False,,20260922_012536,2000,300,0.02
Talky_G,1,syn_n2000_i300_l40_s08_c06,minsup,0.693306,0.4337,82.09,12,False,,20260922_012536,2000,300,0.02
Zart,1,syn_n2000_i300_l40_s08_c06,minsup,0.693306,0.3904,92.71,12,False,,20260922_012536,2000,300,0.02
Apriori_Gen_Borgelt,1,syn_n2000_i300_l40_s08_c06,minsup,0.4450545,0.0083,0.23,79,False,,20260922_012536,2000,300,0.05
Pascal,1,syn_n2000_i300_l40_s08_c025,minsup,0.14885099999999998,2.632,110.62,7428,False,,20260922_012537,2000,300,0.25
Eclat_Gen_Borgelt,1,syn_n2000_i300_l40_s08_c06,minsup,0.4450545,0.0129,0.57,79,False,,20260922_012537,2000,300,0.05
FPgrowth_Gen_Borgelt,1,syn_n2000_i300_l40_s08_c06,minsup,0.4450545,0.0186,0.02,79,False,,20260922_012537,2000,300,0.05
Gr_growth,1,syn_n2000_i300_l40_s08_c06,minsup,0.4450545,0.0211,0.22,80,False,,20260922_012537,2000,300,0.05
DefMe,1,syn_n2000_i300_l40_s08_c06,minsup,0.4450545,0.5783,81.58,80,False,,20260922_012537,2000,300,0.05
TalkyG_Diffset,1,syn_n2000_i300_l40_s08_c06,minsup,0.4450545,0.4319,94.22,80,False,,20260922_012538,2000,300,0.05
Pascal,1,syn_n2000_i300_l40_s08_c06,minsup,0.4450545,0.6665,78.64,79,False,,20260922_012538,2000,300,0.05
Talky_G,1,syn_n2000_i300_l40_s08_c06,minsup,0.4450545,0.4944,84.07,80,False,,20260922_012538,2000,300,0.05
Apriori_Gen_Borgelt,1,syn_n2000_i300_l40_s08_c06,minsup,0.2442555,0.0161,0.31,755,False,,20260922_012538,2000,300,0.12
Eclat_Gen_Borgelt,1,syn_n2000_i300_l40_s08_c06,minsup,0.2442555,0.0353,3.23,755,False,,20260922_012538,2000,300,0.12
FPgrowth_Gen_Borgelt,1,syn_n2000_i300_l40_s08_c06,minsup,0.2442555,0.0152,0.25,755,False,,20260922_012538,2000,300,0.12
Zart,1,syn_n2000_i300_l40_s08_c06,minsup,0.4450545,0.5653,101.03,80,False,,20260922_012538,2000,300,0.05
Gr_growth,1,syn_n2000_i300_l40_s08_c06,minsup,0.2442555,0.0339,3.84,756,False,,20260922_012538,2000,300,0.12
DefMe,1,syn_n2000_i300_l40_s08_c06,minsup,0.2442555,0.4845,89.45,756,False,,20260922_012538,2000,300,0.12
Talky_G,1,syn_n2000_i300_l40_s08_c06,minsup,0.2442555,0.4287,87.85,756,False,,20260922_012539,2000,300,0.12
TalkyG_Diffset,1,syn_n2000_i300_l40_s08_c06,minsup,0.2442555,0.5003,94.04,756,False,,20260922_012539,2000,300,0.12
Pascal,1,syn_n2000_i300_l40_s08_c06,minsup,0.2442555,0.8901,86.51,755,False,,20260922_012539,2000,300,0.12
Apriori_Gen_Borgelt,1,syn_n2000_i300_l40_s08_c06,minsup,0.1493505,0.0283,3.73,3854,False,,20260922_012539,2000,300,0.25
Eclat_Gen_Borgelt,1,syn_n2000_i300_l40_s08_c06,minsup,0.1493505,0.0246,5.02,3854,False,,20260922_012539,2000,300,0.25
FPgrowth_Gen_Borgelt,1,syn_n2000_i300_l40_s08_c06,minsup,0.1493505,0.0359,3.36,3854,False,,20260922_012540,2000,300,0.25
Gr_growth,1,syn_n2000_i300_l40_s08_c06,minsup,0.1493505,0.0323,3.84,3855,False,,20260922_012540,2000,300,0.25
DefMe,1,syn_n2000_i300_l40_s08_c06,minsup,0.1493505,0.4601,85.77,3855,False,,20260922_012540,2000,300,0.25
Zart,1,syn_n2000_i300_l40_s08_c06,minsup,0.2442555,1.0112,160.66,756,False,,20260922_012540,2000,300,0.12
Zart,1,syn_n2000_i300_l40_s08_c025,minsup,0.14885099999999998,5.9506,376.65,7429,False,,20260922_012540,2000,300,0.25
TalkyG_Diffset,1,syn_n2000_i300_l40_s08_c06,minsup,0.1493505,0.498,93.16,3855,False,,20260922_012541,2000,300,0.25
Apriori_Gen_Borgelt,1,syn_n2000_i300_l40_s16_c025,minsup,0.996003,0.0079,0.21,7,False,,20260922_012541,2000,300,0.02
Talky_G,1,syn_n2000_i300_l40_s08_c06,minsup,0.1493505,0.542,89.91,3855,False,,20260922_012541,2000,300,0.25
Eclat_Gen_Borgelt,1,syn_n2000_i300_l40_s16_c025,minsup,0.996003,0.0144,0.24,7,False,,20260922_012541,2000,300,0.02
FPgrowth_Gen_Borgelt,1,syn_n2000_i300_l40_s16_c025,minsup,0.996003,0.0078,0.36,7,False,,20260922_012541,2000,300,0.02
Gr_growth,1,syn_n2000_i300_l40_s16_c025,minsup,0.996003,0.0219,3.84,11,False,,20260922_012541,2000,300,0.02
DefMe,1,syn_n2000_i300_l40_s16_c025,minsup,0.996003,0.5028,80.58,8,False,,20260922_012541,2000,300,0.02
Pascal,1,syn_n2000_i300_l40_s16_c025,minsup,0.996003,0.4295,81.68,7,False,,20260922_012542,2000,300,0.02
TalkyG_Diffset,1,syn_n2000_i300_l40_s16_c025,minsup,0.996003,0.3607,78.32,7,False,,20260922_012542,2000,300,0.02
Pascal,1,syn_n2000_i300_l40_s08_c06,minsup,0.1493505,2.2339,89.06,3854,False,,20260922_012542,2000,300,0.25
Apriori_Gen_Borgelt,1,syn_n2000_i300_l40_s16_c025,minsup,0.764235,0.011,0.2,825,False,,20260922_012542,2000,300,0.05
Talky_G,1,syn_n2000_i300_l40_s16_c025,minsup,0.996003,0.5318,81.98,7,False,,20260922_012543,2000,300,0.02
Eclat_Gen_Borgelt,1,syn_n2000_i300_l40_s16_c025,minsup,0.764235,0.0091,0.21,825,False,,20260922_012543,2000,300,0.05
Zart,1,syn_n2000_i300_l40_s16_c025,minsup,0.996003,0.6194,100.75,8,False,,20260922_012543,2000,300,0.02
DefMe,1,syn_n2000_i300_l40_s16_c025,minsup,0.764235,0.429,88.06,826,False,,20260922_012543,2000,300,0.05
FPgrowth_Gen_Borgelt,1,syn_n2000_i300_l40_s16_c025,minsup,0.764235,0.0071,0.25,825,False,,20260922_012543,2000,300,0.05
Gr_growth,1,syn_n2000_i300_l40_s16_c025,minsup,0.764235,0.0173,0.36,836,False,,20260922_012543,2000,300,0.05
TalkyG_Diffset,1,syn_n2000_i300_l40_s16_c025,minsup,0.764235,0.3799,81.3,825,False,,20260922_012544,2000,300,0.05
Talky_G,1,syn_n2000_i300_l40_s16_c025,minsup,0.764235,0.4557,83.57,825,False,,20260922_012544,2000,300,0.05
Pascal,1,syn_n2000_i300_l40_s16_c025,minsup,0.764235,0.6508,82.76,825,False,,20260922_012544,2000,300,0.05
Zart,1,syn_n2000_i300_l40_s08_c06,minsup,0.1493505,3.5673,376.7,3855,False,,20260922_012544,2000,300,0.25
Eclat_Gen_Borgelt,1,syn_n2000_i300_l40_s16_c025,minsup,0.33466500000000005,0.0684,15.95,53395,False,,20260922_012544,2000,300,0.12
Apriori_Gen_Borgelt,1,syn_n2000_i300_l40_s16_c025,minsup,0.33466500000000005,0.5066,5.21,53395,False,,20260922_012544,2000,300,0.12
Gr_growth,1,syn_n2000_i300_l40_s16_c025,minsup,0.33466500000000005,0.0656,15.82,53683,False,,20260922_012545,2000,300,0.12
FPgrowth_Gen_Borgelt,1,syn_n2000_i300_l40_s16_c025,minsup,0.33466500000000005,0.1023,15.86,53395,False,,20260922_012545,2000,300,0.12
DefMe,1,syn_n2000_i300_l40_s16_c025,minsup,0.33466500000000005,0.8367,392.36,53396,False,,20260922_012545,2000,300,0.12
TalkyG_Diffset,1,syn_n2000_i300_l40_s16_c025,minsup,0.33466500000000005,0.5244,116.85,53395,False,,20260922_012545,2000,300,0.12
Talky_G,1,syn_n2000_i300_l40_s16_c025,minsup,0.33466500000000005,0.8143,124.62,53395,False,,20260922_012546,2000,300,0.12
Zart,1,syn_n2000_i300_l40_s16_c025,minsup,0.764235,2.3596,381.55,826,False,,20260922_012546,2000,300,0.05
DefMe,1,syn_n2000_i300_l40_s16_c025,minsup,0.1233765,3.128,765.79,1080416,False,,20260922_012549,2000,300,0.25
Eclat_Gen_Borgelt,1,syn_n2000_i300_l40_s16_c025,minsup,0.1233765,0.806,111.81,1080415,False,,20260922_012550,2000,300,0.25
FPgrowth_Gen_Borgelt,1,syn_n2000_i300_l40_s16_c025,minsup,0.1233765,0.6093,115.36,1080415,False,,20260922_012551,2000,300,0.25
Gr_growth,1,syn_n2000_i300_l40_s16_c025,minsup,0.1233765,0.8115,56.53,1080416,False,,20260922_012552,2000,300,0.25
Apriori_Gen_Borgelt,1,syn_n2000_i300_l40_s16_c025,minsup,0.1233765,6.6516,38.22,1080415,False,,20260922_012553,2000,300,0.25
TalkyG_Diffset,1,syn_n2000_i300_l40_s16_c025,minsup,0.1233765,75.9524,473.02,1080415,False,,20260922_012709,2000,300,0.25
Talky_G,1,syn_n2000_i300_l40_s16_c025,minsup,0.1233765,75.3666,474.73,1080415,False,,20260922_012824,2000,300,0.25
Pascal,1,syn_n2000_i300_l40_s16_c025,minsup,0.33466500000000005,263.0067,372.89,53395,False,,20260922_013008,2000,300,0.12
Apriori_Gen_Borgelt,1,syn_n2000_i300_l40_s16_c06,minsup,0.98901,0.0196,0.2,15,False,,20260922_013008,2000,297,0.02
DefMe,1,syn_n2000_i300_l40_s16_c06,minsup,0.98901,0.3184,82.68,16,False,,20260922_013008,2000,297,0.02
Eclat_Gen_Borgelt,1,syn_n2000_i300_l40_s16_c06,minsup,0.98901,0.0169,2.89,15,False,,20260922_013009,2000,297,0.02
FPgrowth_Gen_Borgelt,1,syn_n2000_i300_l40_s16_c06,minsup,0.98901,0.0197,0.37,15,False,,20260922_013009,2000,297,0.02
Gr_growth,1,syn_n2000_i300_l40_s16_c06,minsup,0.98901,0.0157,0.26,19,False,,20260922_013009,2000,297,0.02
Zart,1,syn_n2000_i300_l20_s16_c025,minsup,0.0554445,300.1541,746.02,0,True,,20260922_013009,2000,263,0.25
Pascal,1,syn_n2000_i300_l40_s16_c06,minsup,0.98901,0.4198,84.38,15,False,,20260922_013010,2000,297,0.02
TalkyG_Diffset,1,syn_n2000_i300_l40_s16_c06,minsup,0.98901,0.3979,89.75,16,False,,20260922_013010,2000,297,0.02
Talky_G,1,syn_n2000_i300_l40_s16_c06,minsup,0.98901,0.3744,92.96,16,False,,20260922_013010,2000,297,0.02
Apriori_Gen_Borgelt,1,syn_n2000_i300_l40_s16_c06,minsup,0.8106885,0.0243,0.02,2193,False,,20260922_013010,2000,297,0.05
Zart,1,syn_n2000_i300_l40_s16_c06,minsup,0.98901,0.4921,93.2,16,False,,20260922_013011,2000,297,0.02
Eclat_Gen_Borgelt,1,syn_n2000_i300_l40_s16_c06,minsup,0.8106885,0.0205,3.31,2193,False,,20260922_013011,2000,297,0.05
DefMe,1,syn_n2000_i300_l40_s16_c06,minsup,0.8106885,0.4497,106.99,2194,False,,20260922_013011,2000,297,0.05
FPgrowth_Gen_Borgelt,1,syn_n2000_i300_l40_s16_c06,minsup,0.8106885,0.0095,0.35,2193,False,,20260922_013011,2000,297,0.05
Gr_growth,1,syn_n2000_i300_l40_s16_c06,minsup,0.8106885,0.0294,6.66,2208,False,,20260922_013011,2000,297,0.05
TalkyG_Diffset,1,syn_n2000_i300_l40_s16_c06,minsup,0.8106885,0.351,96.37,2194,False,,20260922_013012,2000,297,0.05
Pascal,1,syn_n2000_i300_l40_s16_c06,minsup,0.8106885,0.986,83.48,2193,False,,20260922_013012,2000,297,0.05
Talky_G,1,syn_n2000_i300_l40_s16_c06,minsup,0.8106885,0.3936,96.25,2194,False,,20260922_013012,2000,297,0.05
Zart,1,syn_n2000_i300_l40_s16_c06,minsup,0.8106885,0.9702,336.5,2194,False,,20260922_013013,2000,297,0.05
DefMe,1,syn_n2000_i300_l40_s16_c06,minsup,0.313686,1.3288,492.7,708884,False,,20260922_013015,2000,297,0.12
Eclat_Gen_Borgelt,1,syn_n2000_i300_l40_s16_c06,minsup,0.313686,0.4111,69.25,708883,False,,20260922_013015,2000,297,0.12
FPgrowth_Gen_Borgelt,1,syn_n2000_i300_l40_s16_c06,minsup,0.313686,0.356,68.09,708883,False,,20260922_013016,2000,297,0.12
Zart,1,syn_n2000_i300_l20_s16_c06,minsup,0.050948999999999994,300.1532,559.74,0,True,,20260922_013017,2000,271,0.25
Gr_growth,1,syn_n2000_i300_l40_s16_c06,minsup,0.313686,0.561,42.56,712736,False,,20260922_013017,2000,297,0.12
Apriori_Gen_Borgelt,1,syn_n2000_i300_l40_s16_c06,minsup,0.313686,7.5647,26.67,708883,False,,20260922_013020,2000,297,0.12
TalkyG_Diffset,1,syn_n2000_i300_l40_s16_c06,minsup,0.313686,13.7595,361.33,708884,False,,20260922_013031,2000,297,0.12
Talky_G,1,syn_n2000_i300_l40_s16_c06,minsup,0.313686,13.8773,372.2,708884,False,,20260922_013034,2000,297,0.12
Zart,1,syn_n2000_i300_l40_s16_c025,minsup,0.33466500000000005,300.1472,434.92,0,True,,20260922_013046,2000,300,0.12
Pascal,1,syn_n2000_i300_l40_s16_c025,minsup,0.1233765,300.133,208.04,151058,True,,20260922_013053,2000,300,0.25
DefMe,1,syn_n2000_i300_l40_s16_c06,minsup,0.118881,13.3217,782.55,7835745,False,,20260922_013100,2000,297,0.25
Eclat_Gen_Borgelt,1,syn_n2000_i300_l40_s16_c06,minsup,0.118881,6.5039,699.47,7835744,False,,20260922_013100,2000,297,0.25
FPgrowth_Gen_Borgelt,1,syn_n2000_i300_l40_s16_c06,minsup,0.118881,5.5827,703.59,7835744,False,,20260922_013106,2000,297,0.25
Gr_growth,1,syn_n2000_i300_l40_s16_c06,minsup,0.118881,7.6994,379.55,7835745,False,,20260922_013109,2000,297,0.25
Apriori_Gen_Borgelt,1,syn_n2000_i300_l40_s16_c06,minsup,0.118881,60.3443,263.03,7835744,False,,20260922_013135,2000,297,0.25
Zart,1,syn_n2000_i300_l40_s16_c025,minsup,0.1233765,300.1507,573.92,0,True,,20260922_013325,2000,300,0.25
Pascal,1,syn_n2000_i300_l40_s16_c06,minsup,0.313686,300.1467,406.8,446596,True,,20260922_013517,2000,297,0.12
Apriori_Gen_Borgelt,1,syn_n2000_i2000_l8_s00_c025,minsup,0.008990999999999999,0.0111,2.99,45,False,,20260922_013517,2000,1998,0.02
DefMe,1,syn_n2000_i2000_l8_s00_c025,minsup,0.008990999999999999,0.2915,78.04,46,False,,20260922_013518,2000,1998,0.02
Eclat_Gen_Borgelt,1,syn_n2000_i2000_l8_s00_c025,minsup,0.008990999999999999,0.0086,0.32,45,False,,20260922_013518,2000,1998,0.02
FPgrowth_Gen_Borgelt,1,syn_n2000_i2000_l8_s00_c025,minsup,0.008990999999999999,0.0107,3.14,45,False,,20260922_013518,2000,1998,0.02
Gr_growth,1,syn_n2000_i2000_l8_s00_c025,minsup,0.008990999999999999,0.023,3.86,46,False,,20260922_013518,2000,1998,0.02
Pascal,1,syn_n2000_i2000_l8_s00_c025,minsup,0.008990999999999999,0.3288,74.51,45,False,,20260922_013519,2000,1998,0.02
TalkyG_Diffset,1,syn_n2000_i2000_l8_s00_c025,minsup,0.008990999999999999,0.373,89.11,46,False,,20260922_013519,2000,1998,0.02
Talky_G,1,syn_n2000_i2000_l8_s00_c025,minsup,0.008990999999999999,0.3829,87.71,46,False,,20260922_013520,2000,1998,0.02
Zart,1,syn_n2000_i2000_l8_s00_c025,minsup,0.008990999999999999,0.3972,106.82,46,False,,20260922_013520,2000,1998,0.02
Apriori_Gen_Borgelt,1,syn_n2000_i2000_l8_s00_c025,minsup,0.007992,0.0082,0.22,107,False,,20260922_013521,2000,1998,0.05
DefMe,1,syn_n2000_i2000_l8_s00_c025,minsup,0.007992,0.4049,75.78,108,False,,20260922_013521,2000,1998,0.05
Eclat_Gen_Borgelt,1,syn_n2000_i2000_l8_s00_c025,minsup,0.007992,0.0086,0.3,107,False,,20260922_013521,2000,1998,0.05
FPgrowth_Gen_Borgelt,1,syn_n2000_i2000_l8_s00_c025,minsup,0.007992,0.0159,0.38,107,False,,20260922_013521,2000,1998,0.05
Gr_growth,1,syn_n2000_i2000_l8_s00_c025,minsup,0.007992,0.0163,0.27,108,False,,20260922_013522,2000,1998,0.05
Pascal,1,syn_n2000_i2000_l8_s00_c025,minsup,0.007992,0.4561,76.78,107,False,,20260922_013522,2000,1998,0.05
TalkyG_Diffset,1,syn_n2000_i2000_l8_s00_c025,minsup,0.007992,0.321,82.32,108,False,,20260922_013523,2000,1998,0.05
Talky_G,1,syn_n2000_i2000_l8_s00_c025,minsup,0.007992,0.3212,85.19,108,False,,20260922_013523,2000,1998,0.05
Zart,1,syn_n2000_i2000_l8_s00_c025,minsup,0.007992,0.5559,354.89,108,False,,20260922_013524,2000,1998,0.05
Apriori_Gen_Borgelt,1,syn_n2000_i2000_l8_s00_c025,minsup,0.006493499999999999,0.0111,0.47,328,False,,20260922_013524,2000,1998,0.12
DefMe,1,syn_n2000_i2000_l8_s00_c025,minsup,0.006493499999999999,0.3263,83.11,329,False,,20260922_013525,2000,1998,0.12
Eclat_Gen_Borgelt,1,syn_n2000_i2000_l8_s00_c025,minsup,0.006493499999999999,0.0162,0.39,328,False,,20260922_013525,2000,1998,0.12
FPgrowth_Gen_Borgelt,1,syn_n2000_i2000_l8_s00_c025,minsup,0.006493499999999999,0.0086,0.34,328,False,,20260922_013525,2000,1998,0.12
Gr_growth,1,syn_n2000_i2000_l8_s00_c025,minsup,0.006493499999999999,0.0295,0.02,329,False,,20260922_013525,2000,1998,0.12
Pascal,1,syn_n2000_i2000_l8_s00_c025,minsup,0.006493499999999999,1.0943,72.31,328,False,,20260922_013526,2000,1998,0.12
TalkyG_Diffset,1,syn_n2000_i2000_l8_s00_c025,minsup,0.006493499999999999,0.3512,81.21,329,False,,20260922_013527,2000,1998,0.12
Talky_G,1,syn_n2000_i2000_l8_s00_c025,minsup,0.006493499999999999,0.36,93.44,329,False,,20260922_013527,2000,1998,0.12
Zart,1,syn_n2000_i2000_l8_s00_c025,minsup,0.006493499999999999,2.0156,510.52,329,False,,20260922_013530,2000,1998,0.12
Apriori_Gen_Borgelt,1,syn_n2000_i2000_l8_s00_c025,minsup,0.005494499999999999,0.0087,0.23,622,False,,20260922_013530,2000,1998,0.25
DefMe,1,syn_n2000_i2000_l8_s00_c025,minsup,0.005494499999999999,0.379,102.44,623,False,,20260922_013530,2000,1998,0.25
Eclat_Gen_Borgelt,1,syn_n2000_i2000_l8_s00_c025,minsup,0.005494499999999999,0.0099,0.22,622,False,,20260922_013530,2000,1998,0.25
FPgrowth_Gen_Borgelt,1,syn_n2000_i2000_l8_s00_c025,minsup,0.005494499999999999,0.0087,0.38,622,False,,20260922_013531,2000,1998,0.25
Gr_growth,1,syn_n2000_i2000_l8_s00_c025,minsup,0.005494499999999999,0.0199,0.27,623,False,,20260922_013531,2000,1998,0.25
Zart,1,syn_n2000_i300_l40_s16_c06,minsup,0.313686,300.17,533.1,0,True,,20260922_013531,2000,297,0.12
TalkyG_Diffset,1,syn_n2000_i2000_l8_s00_c025,minsup,0.005494499999999999,0.3407,94.21,623,False,,20260922_013532,2000,1998,0.25
Talky_G,1,syn_n2000_i2000_l8_s00_c025,minsup,0.005494499999999999,0.3287,97.09,623,False,,20260922_013532,2000,1998,0.25
Pascal,1,syn_n2000_i2000_l8_s00_c025,minsup,0.005494499999999999,3.577,98.15,622,False,,20260922_013535,2000,1998,0.25
Apriori_Gen_Borgelt,1,syn_n2000_i2000_l8_s00_c06,minsup,0.0084915,0.0258,2.98,45,False,,20260922_013535,2000,1994,0.02
DefMe,1,syn_n2000_i2000_l8_s00_c06,minsup,0.0084915,0.3164,69.73,46,False,,20260922_013535,2000,1994,0.02
Eclat_Gen_Borgelt,1,syn_n2000_i2000_l8_s00_c06,minsup,0.0084915,0.0084,0.38,45,False,,20260922_013535,2000,1994,0.02
FPgrowth_Gen_Borgelt,1,syn_n2000_i2000_l8_s00_c06,minsup,0.0084915,0.0085,0.27,45,False,,20260922_013536,2000,1994,0.02
Gr_growth,1,syn_n2000_i2000_l8_s00_c06,minsup,0.0084915,0.0362,0.28,46,False,,20260922_013536,2000,1994,0.02
Pascal,1,syn_n2000_i2000_l8_s00_c06,minsup,0.0084915,0.3623,71.57,45,False,,20260922_013536,2000,1994,0.02
TalkyG_Diffset,1,syn_n2000_i2000_l8_s00_c06,minsup,0.0084915,0.3879,82.39,46,False,,20260922_013537,2000,1994,0.02
Talky_G,1,syn_n2000_i2000_l8_s00_c06,minsup,0.0084915,0.3032,85.74,46,False,,20260922_013537,2000,1994,0.02
Zart,1,syn_n2000_i2000_l8_s00_c06,minsup,0.0084915,0.3818,99.98,46,False,,20260922_013538,2000,1994,0.02
Apriori_Gen_Borgelt,1,syn_n2000_i2000_l8_s00_c06,minsup,0.0074925,0.0081,0.27,118,False,,20260922_013538,2000,1994,0.05
DefMe,1,syn_n2000_i2000_l8_s00_c06,minsup,0.0074925,0.2944,75.11,119,False,,20260922_013538,2000,1994,0.05
Eclat_Gen_Borgelt,1,syn_n2000_i2000_l8_s00_c06,minsup,0.0074925,0.0088,0.02,118,False,,20260922_013539,2000,1994,0.05
FPgrowth_Gen_Borgelt,1,syn_n2000_i2000_l8_s00_c06,minsup,0.0074925,0.0075,0.25,118,False,,20260922_013539,2000,1994,0.05
Gr_growth,1,syn_n2000_i2000_l8_s00_c06,minsup,0.0074925,0.0393,4.34,119,False,,20260922_013539,2000,1994,0.05
Pascal,1,syn_n2000_i2000_l8_s00_c06,minsup,0.0074925,0.4572,76.7,118,False,,20260922_013540,2000,1994,0.05
TalkyG_Diffset,1,syn_n2000_i2000_l8_s00_c06,minsup,0.0074925,0.3111,80.55,119,False,,20260922_013540,2000,1994,0.05
Talky_G,1,syn_n2000_i2000_l8_s00_c06,minsup,0.0074925,0.3218,80.32,119,False,,20260922_013541,2000,1994,0.05
Zart,1,syn_n2000_i2000_l8_s00_c06,minsup,0.0074925,0.6252,356.27,119,False,,20260922_013541,2000,1994,0.05
Apriori_Gen_Borgelt,1,syn_n2000_i2000_l8_s00_c06,minsup,0.006493499999999999,0.0085,0.2,277,False,,20260922_013542,2000,1994,0.12
DefMe,1,syn_n2000_i2000_l8_s00_c06,minsup,0.006493499999999999,0.2897,87.77,278,False,,20260922_013542,2000,1994,0.12
Eclat_Gen_Borgelt,1,syn_n2000_i2000_l8_s00_c06,minsup,0.006493499999999999,0.0156,0.53,277,False,,20260922_013542,2000,1994,0.12
FPgrowth_Gen_Borgelt,1,syn_n2000_i2000_l8_s00_c06,minsup,0.006493499999999999,0.0111,3.14,277,False,,20260922_013542,2000,1994,0.12
Gr_growth,1,syn_n2000_i2000_l8_s00_c06,minsup,0.006493499999999999,0.023,0.57,278,False,,20260922_013543,2000,1994,0.12
Pascal,1,syn_n2000_i2000_l8_s00_c06,minsup,0.006493499999999999,1.0997,75.8,277,False,,20260922_013544,2000,1994,0.12
TalkyG_Diffset,1,syn_n2000_i2000_l8_s00_c06,minsup,0.006493499999999999,0.3589,81.11,278,False,,20260922_013544,2000,1994,0.12
Talky_G,1,syn_n2000_i2000_l8_s00_c06,minsup,0.006493499999999999,0.3165,80.83,278,False,,20260922_013545,2000,1994,0.12
Zart,1,syn_n2000_i2000_l8_s00_c025,minsup,0.005494499999999999,13.0873,1066.77,623,False,,20260922_013545,2000,1998,0.25
Apriori_Gen_Borgelt,1,syn_n2000_i2000_l8_s00_c06,minsup,0.005494499999999999,0.0123,0.41,559,False,,20260922_013546,2000,1994,0.25
DefMe,1,syn_n2000_i2000_l8_s00_c06,minsup,0.005494499999999999,0.3111,107.51,560,False,,20260922_013546,2000,1994,0.25
Eclat_Gen_Borgelt,1,syn_n2000_i2000_l8_s00_c06,minsup,0.005494499999999999,0.0085,0.2,559,False,,20260922_013546,2000,1994,0.25
FPgrowth_Gen_Borgelt,1,syn_n2000_i2000_l8_s00_c06,minsup,0.005494499999999999,0.0083,0.27,559,False,,20260922_013546,2000,1994,0.25
Gr_growth,1,syn_n2000_i2000_l8_s00_c06,minsup,0.005494499999999999,0.0168,0.27,560,False,,20260922_013547,2000,1994,0.25
Zart,1,syn_n2000_i2000_l8_s00_c06,minsup,0.006493499999999999,1.8145,473.88,278,False,,20260922_013547,2000,1994,0.12
TalkyG_Diffset,1,syn_n2000_i2000_l8_s00_c06,minsup,0.005494499999999999,0.3507,94.25,560,False,,20260922_013547,2000,1994,0.25
Talky_G,1,syn_n2000_i2000_l8_s00_c06,minsup,0.005494499999999999,0.3988,100.3,560,False,,20260922_013548,2000,1994,0.25
Pascal,1,syn_n2000_i2000_l8_s00_c06,minsup,0.005494499999999999,2.8915,94.04,559,False,,20260922_013550,2000,1994,0.25
Apriori_Gen_Borgelt,1,syn_n2000_i2000_l8_s08_c025,minsup,0.029470499999999997,0.0183,1.42,51,False,,20260922_013550,2000,1849,0.02
DefMe,1,syn_n2000_i2000_l8_s08_c025,minsup,0.029470499999999997,0.2918,78.23,52,False,,20260922_013550,2000,1849,0.02
Eclat_Gen_Borgelt,1,syn_n2000_i2000_l8_s08_c025,minsup,0.029470499999999997,0.0112,0.2,51,False,,20260922_013551,2000,1849,0.02
FPgrowth_Gen_Borgelt,1,syn_n2000_i2000_l8_s08_c025,minsup,0.029470499999999997,0.0493,3.02,51,False,,20260922_013551,2000,1849,0.02
Gr_growth,1,syn_n2000_i2000_l8_s08_c025,minsup,0.029470499999999997,0.0153,0.26,52,False,,20260922_013551,2000,1849,0.02
Pascal,1,syn_n2000_i2000_l8_s08_c025,minsup,0.029470499999999997,0.3494,75.8,51,False,,20260922_013551,2000,1849,0.02
TalkyG_Diffset,1,syn_n2000_i2000_l8_s08_c025,minsup,0.029470499999999997,0.3473,93.7,52,False,,20260922_013552,2000,1849,0.02
Talky_G,1,syn_n2000_i2000_l8_s08_c025,minsup,0.029470499999999997,0.4357,86.55,52,False,,20260922_013553,2000,1849,0.02
Zart,1,syn_n2000_i2000_l8_s08_c025,minsup,0.029470499999999997,0.3724,97.65,52,False,,20260922_013553,2000,1849,0.02
Apriori_Gen_Borgelt,1,syn_n2000_i2000_l8_s08_c025,minsup,0.0144855,0.0164,0.02,150,False,,20260922_013553,2000,1849,0.05
DefMe,1,syn_n2000_i2000_l8_s08_c025,minsup,0.0144855,0.3126,82.04,151,False,,20260922_013554,2000,1849,0.05
Eclat_Gen_Borgelt,1,syn_n2000_i2000_l8_s08_c025,minsup,0.0144855,0.0115,0.59,150,False,,20260922_013554,2000,1849,0.05
FPgrowth_Gen_Borgelt,1,syn_n2000_i2000_l8_s08_c025,minsup,0.0144855,0.0272,0.02,150,False,,20260922_013554,2000,1849,0.05
Gr_growth,1,syn_n2000_i2000_l8_s08_c025,minsup,0.0144855,0.0112,0.27,151,False,,20260922_013554,2000,1849,0.05
Pascal,1,syn_n2000_i2000_l8_s08_c025,minsup,0.0144855,0.4532,79.07,150,False,,20260922_013555,2000,1849,0.05
TalkyG_Diffset,1,syn_n2000_i2000_l8_s08_c025,minsup,0.0144855,0.3269,91.52,151,False,,20260922_013555,2000,1849,0.05
Talky_G,1,syn_n2000_i2000_l8_s08_c025,minsup,0.0144855,0.3439,90.23,151,False,,20260922_013556,2000,1849,0.05
Zart,1,syn_n2000_i2000_l8_s00_c06,minsup,0.005494499999999999,7.9087,750.2,560,False,,20260922_013556,2000,1994,0.25
Apriori_Gen_Borgelt,1,syn_n2000_i2000_l8_s08_c025,minsup,0.006993,0.0202,0.26,476,False,,20260922_013556,2000,1849,0.12
DefMe,1,syn_n2000_i2000_l8_s08_c025,minsup,0.006993,0.3274,91.18,477,False,,20260922_013557,2000,1849,0.12
Zart,1,syn_n2000_i2000_l8_s08_c025,minsup,0.0144855,0.7902,329.65,151,False,,20260922_013557,2000,1849,0.05
Eclat_Gen_Borgelt,1,syn_n2000_i2000_l8_s08_c025,minsup,0.006993,0.0368,2.94,476,False,,20260922_013557,2000,1849,0.12
FPgrowth_Gen_Borgelt,1,syn_n2000_i2000_l8_s08_c025,minsup,0.006993,0.01,0.38,476,False,,20260922_013557,2000,1849,0.12
Gr_growth,1,syn_n2000_i2000_l8_s08_c025,minsup,0.006993,0.0261,0.28,477,False,,20260922_013557,2000,1849,0.12
TalkyG_Diffset,1,syn_n2000_i2000_l8_s08_c025,minsup,0.006993,0.2938,87.71,477,False,,20260922_013558,2000,1849,0.12
Talky_G,1,syn_n2000_i2000_l8_s08_c025,minsup,0.006993,0.3494,101.31,477,False,,20260922_013558,2000,1849,0.12
Pascal,1,syn_n2000_i2000_l8_s08_c025,minsup,0.006993,1.1885,75.29,476,False,,20260922_013558,2000,1849,0.12
Apriori_Gen_Borgelt,1,syn_n2000_i2000_l8_s08_c025,minsup,0.003996,0.0119,0.41,1196,False,,20260922_013559,2000,1849,0.25
DefMe,1,syn_n2000_i2000_l8_s08_c025,minsup,0.003996,0.3249,106.72,1197,False,,20260922_013559,2000,1849,0.25
Eclat_Gen_Borgelt,1,syn_n2000_i2000_l8_s08_c025,minsup,0.003996,0.0084,0.24,1196,False,,20260922_013559,2000,1849,0.25
FPgrowth_Gen_Borgelt,1,syn_n2000_i2000_l8_s08_c025,minsup,0.003996,0.0079,0.19,1196,False,,20260922_013559,2000,1849,0.25
Gr_growth,1,syn_n2000_i2000_l8_s08_c025,minsup,0.003996,0.0188,0.28,1197,False,,20260922_013600,2000,1849,0.25
Zart,1,syn_n2000_i2000_l8_s08_c025,minsup,0.006993,2.0598,510.71,477,False,,20260922_013600,2000,1849,0.12
TalkyG_Diffset,1,syn_n2000_i2000_l8_s08_c025,minsup,0.003996,0.3378,102.49,1197,False,,20260922_013601,2000,1849,0.25
Talky_G,1,syn_n2000_i2000_l8_s08_c025,minsup,0.003996,0.3768,98.8,1197,False,,20260922_013601,2000,1849,0.25
Pascal,1,syn_n2000_i2000_l8_s08_c025,minsup,0.003996,2.9168,104.34,1196,False,,20260922_013603,2000,1849,0.25
Apriori_Gen_Borgelt,1,syn_n2000_i2000_l8_s08_c06,minsup,0.0264735,0.0083,0.29,49,False,,20260922_013603,2000,1845,0.02
DefMe,1,syn_n2000_i2000_l8_s08_c06,minsup,0.0264735,0.29,76.71,50,False,,20260922_013603,2000,1845,0.02
Eclat_Gen_Borgelt,1,syn_n2000_i2000_l8_s08_c06,minsup,0.0264735,0.0272,2.99,49,False,,20260922_013603,2000,1845,0.02
FPgrowth_Gen_Borgelt,1,syn_n2000_i2000_l8_s08_c06,minsup,0.0264735,0.0227,0.02,49,False,,20260922_013604,2000,1845,0.02
Gr_growth,1,syn_n2000_i2000_l8_s08_c06,minsup,0.0264735,0.0212,2.12,50,False,,20260922_013604,2000,1845,0.02
Pascal,1,syn_n2000_i2000_l8_s08_c06,minsup,0.0264735,0.3443,78.09,49,False,,20260922_013604,2000,1845,0.02
TalkyG_Diffset,1,syn_n2000_i2000_l8_s08_c06,minsup,0.0264735,0.3134,94.85,50,False,,20260922_013605,2000,1845,0.02
Talky_G,1,syn_n2000_i2000_l8_s08_c06,minsup,0.0264735,0.3291,93.78,50,False,,20260922_013605,2000,1845,0.02
Zart,1,syn_n2000_i2000_l8_s08_c06,minsup,0.0264735,0.3922,103.18,50,False,,20260922_013606,2000,1845,0.02
Apriori_Gen_Borgelt,1,syn_n2000_i2000_l8_s08_c06,minsup,0.0134865,0.0097,0.32,141,False,,20260922_013606,2000,1845,0.05
Pascal,1,syn_n2000_i300_l40_s16_c06,minsup,0.118881,300.1172,307.73,312059,True,,20260922_013606,2000,297,0.25
DefMe,1,syn_n2000_i2000_l8_s08_c06,minsup,0.0134865,0.3043,81.57,142,False,,20260922_013606,2000,1845,0.05
Eclat_Gen_Borgelt,1,syn_n2000_i2000_l8_s08_c06,minsup,0.0134865,0.0083,0.3,141,False,,20260922_013606,2000,1845,0.05
FPgrowth_Gen_Borgelt,1,syn_n2000_i2000_l8_s08_c06,minsup,0.0134865,0.016,3.01,141,False,,20260922_013607,2000,1845,0.05
Gr_growth,1,syn_n2000_i2000_l8_s08_c06,minsup,0.0134865,0.0241,0.27,142,False,,20260922_013607,2000,1845,0.05
TalkyG_Diffset,1,syn_n2000_i2000_l8_s08_c06,minsup,0.0134865,0.336,93.68,142,False,,20260922_013607,2000,1845,0.05
Pascal,1,syn_n2000_i2000_l8_s08_c06,minsup,0.0134865,0.4966,78.81,141,False,,20260922_013607,2000,1845,0.05
Talky_G,1,syn_n2000_i2000_l8_s08_c06,minsup,0.0134865,0.381,89.0,142,False,,20260922_013608,2000,1845,0.05
Apriori_Gen_Borgelt,1,syn_n2000_i2000_l8_s08_c06,minsup,0.006493499999999999,0.0122,0.38,440,False,,20260922_013608,2000,1845,0.12
Zart,1,syn_n2000_i2000_l8_s08_c06,minsup,0.0134865,0.7234,336.05,142,False,,20260922_013608,2000,1845,0.05
Eclat_Gen_Borgelt,1,syn_n2000_i2000_l8_s08_c06,minsup,0.006493499999999999,0.0083,0.35,440,False,,20260922_013608,2000,1845,0.12
DefMe,1,syn_n2000_i2000_l8_s08_c06,minsup,0.006493499999999999,0.4123,94.38,441,False,,20260922_013608,2000,1845,0.12
FPgrowth_Gen_Borgelt,1,syn_n2000_i2000_l8_s08_c06,minsup,0.006493499999999999,0.009,0.46,440,False,,20260922_013609,2000,1845,0.12
Gr_growth,1,syn_n2000_i2000_l8_s08_c06,minsup,0.006493499999999999,0.0169,0.27,441,False,,20260922_013609,2000,1845,0.12
TalkyG_Diffset,1,syn_n2000_i2000_l8_s08_c06,minsup,0.006493499999999999,0.3561,93.27,441,False,,20260922_013609,2000,1845,0.12
TalkyG_Diffset,1,syn_n2000_i300_l40_s16_c06,minsup,0.118881,300.1953,550.66,1915944,True,,20260922_013610,2000,297,0.25
Talky_G,1,syn_n2000_i2000_l8_s08_c06,minsup,0.006493499999999999,0.3156,97.33,441,False,,20260922_013610,2000,1845,0.12
Apriori_Gen_Borgelt,1,syn_n2000_i2000_l8_s08_c06,minsup,0.003996,0.0081,0.41,997,False,,20260922_013610,2000,1845,0.25
Pascal,1,syn_n2000_i2000_l8_s08_c06,minsup,0.006493499999999999,1.1962,80.19,440,False,,20260922_013610,2000,1845,0.12
Eclat_Gen_Borgelt,1,syn_n2000_i2000_l8_s08_c06,minsup,0.003996,0.0188,0.46,997,False,,20260922_013610,2000,1845,0.25
FPgrowth_Gen_Borgelt,1,syn_n2000_i2000_l8_s08_c06,minsup,0.003996,0.0088,0.36,997,False,,20260922_013610,2000,1845,0.25
DefMe,1,syn_n2000_i2000_l8_s08_c06,minsup,0.003996,0.4994,101.01,998,False,,20260922_013611,2000,1845,0.25
Gr_growth,1,syn_n2000_i2000_l8_s08_c06,minsup,0.003996,0.0224,9.65,998,False,,20260922_013611,2000,1845,0.25
TalkyG_Diffset,1,syn_n2000_i2000_l8_s08_c06,minsup,0.003996,0.38,98.47,998,False,,20260922_013611,2000,1845,0.25
Talky_G,1,syn_n2000_i2000_l8_s08_c06,minsup,0.003996,0.3446,96.48,998,False,,20260922_013612,2000,1845,0.25
Zart,1,syn_n2000_i2000_l8_s08_c06,minsup,0.006493499999999999,2.6353,736.06,441,False,,20260922_013612,2000,1845,0.12
Apriori_Gen_Borgelt,1,syn_n2000_i2000_l8_s16_c025,minsup,0.22977,0.0315,0.32,64,False,,20260922_013613,2000,502,0.02
DefMe,1,syn_n2000_i2000_l8_s16_c025,minsup,0.22977,0.3113,81.41,65,False,,20260922_013613,2000,502,0.02
Eclat_Gen_Borgelt,1,syn_n2000_i2000_l8_s16_c025,minsup,0.22977,0.0082,0.24,64,False,,20260922_013613,2000,502,0.02
Pascal,1,syn_n2000_i2000_l8_s08_c06,minsup,0.003996,2.6452,102.95,997,False,,20260922_013613,2000,1845,0.25
FPgrowth_Gen_Borgelt,1,syn_n2000_i2000_l8_s16_c025,minsup,0.22977,0.0106,0.02,64,False,,20260922_013613,2000,502,0.02
Gr_growth,1,syn_n2000_i2000_l8_s16_c025,minsup,0.22977,0.0217,10.56,65,False,,20260922_013614,2000,502,0.02
Pascal,1,syn_n2000_i2000_l8_s16_c025,minsup,0.22977,0.4524,76.19,64,False,,20260922_013614,2000,502,0.02
TalkyG_Diffset,1,syn_n2000_i2000_l8_s16_c025,minsup,0.22977,0.4054,89.57,65,False,,20260922_013614,2000,502,0.02
Talky_G,1,syn_n2000_i2000_l8_s16_c025,minsup,0.22977,0.4574,93.34,65,False,,20260922_013615,2000,502,0.02
Zart,1,syn_n2000_i2000_l8_s16_c025,minsup,0.22977,0.3963,91.91,65,False,,20260922_013615,2000,502,0.02
Apriori_Gen_Borgelt,1,syn_n2000_i2000_l8_s16_c025,minsup,0.048951,0.0186,3.28,667,False,,20260922_013615,2000,502,0.05
Eclat_Gen_Borgelt,1,syn_n2000_i2000_l8_s16_c025,minsup,0.048951,0.0184,0.24,667,False,,20260922_013615,2000,502,0.05
FPgrowth_Gen_Borgelt,1,syn_n2000_i2000_l8_s16_c025,minsup,0.048951,0.0153,0.48,667,False,,20260922_013615,2000,502,0.05
DefMe,1,syn_n2000_i2000_l8_s16_c025,minsup,0.048951,0.4007,84.22,668,False,,20260922_013615,2000,502,0.05
Gr_growth,1,syn_n2000_i2000_l8_s16_c025,minsup,0.048951,0.0242,10.07,668,False,,20260922_013615,2000,502,0.05
TalkyG_Diffset,1,syn_n2000_i2000_l8_s16_c025,minsup,0.048951,0.3561,93.98,668,False,,20260922_013616,2000,502,0.05
Pascal,1,syn_n2000_i2000_l8_s16_c025,minsup,0.048951,0.4557,88.65,667,False,,20260922_013616,2000,502,0.05
Talky_G,1,syn_n2000_i2000_l8_s16_c025,minsup,0.048951,0.4287,92.46,668,False,,20260922_013616,2000,502,0.05
Apriori_Gen_Borgelt,1,syn_n2000_i2000_l8_s16_c025,minsup,0.012986999999999999,0.0156,0.32,2812,False,,20260922_013617,2000,502,0.12
Zart,1,syn_n2000_i2000_l8_s16_c025,minsup,0.048951,0.7056,194.9,668,False,,20260922_013617,2000,502,0.05
Eclat_Gen_Borgelt,1,syn_n2000_i2000_l8_s16_c025,minsup,0.012986999999999999,0.0175,3.78,2812,False,,20260922_013617,2000,502,0.12
FPgrowth_Gen_Borgelt,1,syn_n2000_i2000_l8_s16_c025,minsup,0.012986999999999999,0.0087,0.2,2812,False,,20260922_013617,2000,502,0.12
DefMe,1,syn_n2000_i2000_l8_s16_c025,minsup,0.012986999999999999,0.4488,104.68,2813,False,,20260922_013617,2000,502,0.12
Gr_growth,1,syn_n2000_i2000_l8_s16_c025,minsup,0.012986999999999999,0.0154,0.27,2813,False,,20260922_013617,2000,502,0.12
TalkyG_Diffset,1,syn_n2000_i2000_l8_s16_c025,minsup,0.012986999999999999,0.3454,103.18,2813,False,,20260922_013618,2000,502,0.12
Pascal,1,syn_n2000_i2000_l8_s16_c025,minsup,0.012986999999999999,0.7915,84.67,2812,False,,20260922_013618,2000,502,0.12
Talky_G,1,syn_n2000_i2000_l8_s16_c025,minsup,0.012986999999999999,0.4004,100.23,2813,False,,20260922_013618,2000,502,0.12
Apriori_Gen_Borgelt,1,syn_n2000_i2000_l8_s16_c025,minsup,0.0034965,0.0255,0.32,10108,False,,20260922_013619,2000,502,0.25
Zart,1,syn_n2000_i2000_l8_s08_c025,minsup,0.003996,17.3102,1011.39,1197,False,,20260922_013619,2000,1849,0.25
Eclat_Gen_Borgelt,1,syn_n2000_i2000_l8_s16_c025,minsup,0.0034965,0.0166,6.49,10108,False,,20260922_013619,2000,502,0.25
DefMe,1,syn_n2000_i2000_l8_s16_c025,minsup,0.0034965,0.4875,113.78,10109,False,,20260922_013619,2000,502,0.25
FPgrowth_Gen_Borgelt,1,syn_n2000_i2000_l8_s16_c025,minsup,0.0034965,0.0224,0.47,10108,False,,20260922_013619,2000,502,0.25
Gr_growth,1,syn_n2000_i2000_l8_s16_c025,minsup,0.0034965,0.0383,14.3,10109,False,,20260922_013619,2000,502,0.25
TalkyG_Diffset,1,syn_n2000_i2000_l8_s16_c025,minsup,0.0034965,0.4793,119.06,10140,False,,20260922_013620,2000,502,0.25
Zart,1,syn_n2000_i2000_l8_s16_c025,minsup,0.012986999999999999,2.1291,381.79,2813,False,,20260922_013621,2000,502,0.12
Talky_G,1,syn_n2000_i2000_l8_s16_c025,minsup,0.0034965,0.4161,110.72,10140,False,,20260922_013621,2000,502,0.25
Apriori_Gen_Borgelt,1,syn_n2000_i2000_l8_s16_c06,minsup,0.214785,0.0082,0.31,45,False,,20260922_013621,2000,482,0.02
Pascal,1,syn_n2000_i2000_l8_s16_c025,minsup,0.0034965,1.7175,101.94,10108,False,,20260922_013621,2000,502,0.25
Eclat_Gen_Borgelt,1,syn_n2000_i2000_l8_s16_c06,minsup,0.214785,0.0083,0.21,45,False,,20260922_013621,2000,482,0.02
DefMe,1,syn_n2000_i2000_l8_s16_c06,minsup,0.214785,0.3435,75.24,46,False,,20260922_013621,2000,482,0.02
FPgrowth_Gen_Borgelt,1,syn_n2000_i2000_l8_s16_c06,minsup,0.214785,0.0085,0.34,45,False,,20260922_013622,2000,482,0.02
Gr_growth,1,syn_n2000_i2000_l8_s16_c06,minsup,0.214785,0.019,0.36,46,False,,20260922_013622,2000,482,0.02
Pascal,1,syn_n2000_i2000_l8_s16_c06,minsup,0.214785,0.4777,77.82,45,False,,20260922_013622,2000,482,0.02
TalkyG_Diffset,1,syn_n2000_i2000_l8_s16_c06,minsup,0.214785,0.3562,90.8,46,False,,20260922_013622,2000,482,0.02
Zart,1,syn_n2000_i2000_l8_s16_c06,minsup,0.214785,0.2939,87.93,46,False,,20260922_013623,2000,482,0.02
Talky_G,1,syn_n2000_i2000_l8_s16_c06,minsup,0.214785,0.4776,88.63,46,False,,20260922_013623,2000,482,0.02
Apriori_Gen_Borgelt,1,syn_n2000_i2000_l8_s16_c06,minsup,0.053946,0.0079,0.24,460,False,,20260922_013623,2000,482,0.05
Eclat_Gen_Borgelt,1,syn_n2000_i2000_l8_s16_c06,minsup,0.053946,0.0142,0.59,460,False,,20260922_013623,2000,482,0.05
FPgrowth_Gen_Borgelt,1,syn_n2000_i2000_l8_s16_c06,minsup,0.053946,0.0119,0.37,460,False,,20260922_013623,2000,482,0.05
DefMe,1,syn_n2000_i2000_l8_s16_c06,minsup,0.053946,0.3568,81.73,461,False,,20260922_013623,2000,482,0.05
Gr_growth,1,syn_n2000_i2000_l8_s16_c06,minsup,0.053946,0.0237,0.02,461,False,,20260922_013623,2000,482,0.05
TalkyG_Diffset,1,syn_n2000_i2000_l8_s16_c06,minsup,0.053946,0.3569,91.08,461,False,,20260922_013624,2000,482,0.05
Pascal,1,syn_n2000_i2000_l8_s16_c06,minsup,0.053946,0.5162,78.22,460,False,,20260922_013624,2000,482,0.05
Talky_G,1,syn_n2000_i2000_l8_s16_c06,minsup,0.053946,0.3794,83.7,461,False,,20260922_013625,2000,482,0.05
Apriori_Gen_Borgelt,1,syn_n2000_i2000_l8_s16_c06,minsup,0.010988999999999999,0.0111,0.3,3526,False,,20260922_013625,2000,482,0.12
Zart,1,syn_n2000_i2000_l8_s16_c06,minsup,0.053946,0.5066,128.39,461,False,,20260922_013625,2000,482,0.05
Eclat_Gen_Borgelt,1,syn_n2000_i2000_l8_s16_c06,minsup,0.010988999999999999,0.021,2.91,3526,False,,20260922_013625,2000,482,0.12
FPgrowth_Gen_Borgelt,1,syn_n2000_i2000_l8_s16_c06,minsup,0.010988999999999999,0.0325,3.04,3526,False,,20260922_013625,2000,482,0.12
DefMe,1,syn_n2000_i2000_l8_s16_c06,minsup,0.010988999999999999,0.4414,100.23,3527,False,,20260922_013625,2000,482,0.12
Gr_growth,1,syn_n2000_i2000_l8_s16_c06,minsup,0.010988999999999999,0.0187,0.37,3527,False,,20260922_013625,2000,482,0.12
TalkyG_Diffset,1,syn_n2000_i2000_l8_s16_c06,minsup,0.010988999999999999,0.3943,99.93,3527,False,,20260922_013626,2000,482,0.12
Pascal,1,syn_n2000_i2000_l8_s16_c06,minsup,0.010988999999999999,0.7167,85.04,3526,False,,20260922_013626,2000,482,0.12
Talky_G,1,syn_n2000_i2000_l8_s16_c06,minsup,0.010988999999999999,0.4672,98.63,3527,False,,20260922_013627,2000,482,0.12
Apriori_Gen_Borgelt,1,syn_n2000_i2000_l8_s16_c06,minsup,0.003996,0.0148,0.21,9905,False,,20260922_013627,2000,482,0.25
DefMe,1,syn_n2000_i2000_l8_s16_c06,minsup,0.003996,0.3634,103.57,9906,False,,20260922_013627,2000,482,0.25
Eclat_Gen_Borgelt,1,syn_n2000_i2000_l8_s16_c06,minsup,0.003996,0.0272,2.8,9905,False,,20260922_013627,2000,482,0.25
FPgrowth_Gen_Borgelt,1,syn_n2000_i2000_l8_s16_c06,minsup,0.003996,0.0191,2.28,9905,False,,20260922_013628,2000,482,0.25
Gr_growth,1,syn_n2000_i2000_l8_s16_c06,minsup,0.003996,0.0222,13.99,9906,False,,20260922_013628,2000,482,0.25
Zart,1,syn_n2000_i2000_l8_s08_c06,minsup,0.003996,16.5369,1059.54,998,False,,20260922_013628,2000,1845,0.25
Zart,1,syn_n2000_i2000_l8_s16_c06,minsup,0.010988999999999999,2.244,388.17,3527,False,,20260922_013629,2000,482,0.12
TalkyG_Diffset,1,syn_n2000_i2000_l8_s16_c06,minsup,0.003996,0.4632,114.67,9910,False,,20260922_013629,2000,482,0.25
Talky_G,1,syn_n2000_i2000_l8_s16_c06,minsup,0.003996,0.5329,118.38,9910,False,,20260922_013629,2000,482,0.25
Apriori_Gen_Borgelt,1,syn_n2000_i2000_l20_s00_c025,minsup,0.017981999999999998,0.0123,2.99,46,False,,20260922_013629,2000,2000,0.02
Pascal,1,syn_n2000_i2000_l8_s16_c06,minsup,0.003996,1.4996,106.82,9905,False,,20260922_013630,2000,482,0.25
Eclat_Gen_Borgelt,1,syn_n2000_i2000_l20_s00_c025,minsup,0.017981999999999998,0.0121,0.02,46,False,,20260922_013630,2000,2000,0.02
FPgrowth_Gen_Borgelt,1,syn_n2000_i2000_l20_s00_c025,minsup,0.017981999999999998,0.0083,0.37,46,False,,20260922_013630,2000,2000,0.02
Gr_growth,1,syn_n2000_i2000_l20_s00_c025,minsup,0.017981999999999998,0.0159,0.57,47,False,,20260922_013630,2000,2000,0.02
DefMe,1,syn_n2000_i2000_l20_s00_c025,minsup,0.017981999999999998,0.451,88.89,47,False,,20260922_013630,2000,2000,0.02
TalkyG_Diffset,1,syn_n2000_i2000_l20_s00_c025,minsup,0.017981999999999998,0.3702,103.66,47,False,,20260922_013631,2000,2000,0.02
Pascal,1,syn_n2000_i2000_l20_s00_c025,minsup,0.017981999999999998,0.4444,82.66,46,False,,20260922_013631,2000,2000,0.02
Talky_G,1,syn_n2000_i2000_l20_s00_c025,minsup,0.017981999999999998,0.4163,98.19,47,False,,20260922_013631,2000,2000,0.02
Zart,1,syn_n2000_i2000_l20_s00_c025,minsup,0.017981999999999998,0.4546,122.36,47,False,,20260922_013631,2000,2000,0.02
Apriori_Gen_Borgelt,1,syn_n2000_i2000_l20_s00_c025,minsup,0.0164835,0.0081,0.23,111,False,,20260922_013631,2000,2000,0.05
Eclat_Gen_Borgelt,1,syn_n2000_i2000_l20_s00_c025,minsup,0.0164835,0.0122,0.46,111,False,,20260922_013632,2000,2000,0.05
FPgrowth_Gen_Borgelt,1,syn_n2000_i2000_l20_s00_c025,minsup,0.0164835,0.008,0.35,111,False,,20260922_013632,2000,2000,0.05
Gr_growth,1,syn_n2000_i2000_l20_s00_c025,minsup,0.0164835,0.0147,0.27,112,False,,20260922_013632,2000,2000,0.05
DefMe,1,syn_n2000_i2000_l20_s00_c025,minsup,0.0164835,0.438,90.43,112,False,,20260922_013632,2000,2000,0.05
TalkyG_Diffset,1,syn_n2000_i2000_l20_s00_c025,minsup,0.0164835,0.3677,99.7,112,False,,20260922_013632,2000,2000,0.05
Pascal,1,syn_n2000_i2000_l20_s00_c025,minsup,0.0164835,0.761,79.34,111,False,,20260922_013633,2000,2000,0.05
Talky_G,1,syn_n2000_i2000_l20_s00_c025,minsup,0.0164835,0.4168,104.53,112,False,,20260922_013633,2000,2000,0.05
Apriori_Gen_Borgelt,1,syn_n2000_i2000_l20_s00_c025,minsup,0.014985,0.0215,0.33,260,False,,20260922_013633,2000,2000,0.12
Zart,1,syn_n2000_i2000_l20_s00_c025,minsup,0.0164835,0.8095,367.52,112,False,,20260922_013634,2000,2000,0.05
DefMe,1,syn_n2000_i2000_l20_s00_c025,minsup,0.014985,0.3306,94.08,261,False,,20260922_013634,2000,2000,0.12
Eclat_Gen_Borgelt,1,syn_n2000_i2000_l20_s00_c025,minsup,0.014985,0.0072,0.3,260,False,,20260922_013634,2000,2000,0.12
FPgrowth_Gen_Borgelt,1,syn_n2000_i2000_l20_s00_c025,minsup,0.014985,0.0125,0.02,260,False,,20260922_013634,2000,2000,0.12
Gr_growth,1,syn_n2000_i2000_l20_s00_c025,minsup,0.014985,0.0164,13.98,261,False,,20260922_013634,2000,2000,0.12
TalkyG_Diffset,1,syn_n2000_i2000_l20_s00_c025,minsup,0.014985,0.3357,98.5,261,False,,20260922_013635,2000,2000,0.12
Talky_G,1,syn_n2000_i2000_l20_s00_c025,minsup,0.014985,0.3449,98.23,261,False,,20260922_013635,2000,2000,0.12
Talky_G,1,syn_n2000_i300_l40_s16_c06,minsup,0.118881,300.1588,549.27,1914434,True,,20260922_013636,2000,297,0.25
Apriori_Gen_Borgelt,1,syn_n2000_i2000_l20_s00_c025,minsup,0.012986999999999999,0.018,0.21,569,False,,20260922_013636,2000,2000,0.25
DefMe,1,syn_n2000_i2000_l20_s00_c025,minsup,0.012986999999999999,0.3736,111.39,570,False,,20260922_013636,2000,2000,0.25
Eclat_Gen_Borgelt,1,syn_n2000_i2000_l20_s00_c025,minsup,0.012986999999999999,0.0077,0.24,569,False,,20260922_013636,2000,2000,0.25
Pascal,1,syn_n2000_i2000_l20_s00_c025,minsup,0.014985,2.3709,83.8,260,False,,20260922_013637,2000,2000,0.12
FPgrowth_Gen_Borgelt,1,syn_n2000_i2000_l20_s00_c025,minsup,0.012986999999999999,0.0076,0.25,569,False,,20260922_013637,2000,2000,0.25
Gr_growth,1,syn_n2000_i2000_l20_s00_c025,minsup,0.012986999999999999,0.019,0.27,570,False,,20260922_013637,2000,2000,0.25
TalkyG_Diffset,1,syn_n2000_i2000_l20_s00_c025,minsup,0.012986999999999999,0.3653,100.2,570,False,,20260922_013637,2000,2000,0.25
Zart,1,syn_n2000_i2000_l20_s00_c025,minsup,0.014985,2.2587,466.62,261,False,,20260922_013638,2000,2000,0.12
Talky_G,1,syn_n2000_i2000_l20_s00_c025,minsup,0.012986999999999999,0.453,103.13,570,False,,20260922_013638,2000,2000,0.25
Apriori_Gen_Borgelt,1,syn_n2000_i2000_l20_s00_c06,minsup,0.016983,0.0152,0.41,41,False,,20260922_013638,2000,2000,0.02
DefMe,1,syn_n2000_i2000_l20_s00_c06,minsup,0.016983,0.3107,86.11,42,False,,20260922_013639,2000,2000,0.02
Eclat_Gen_Borgelt,1,syn_n2000_i2000_l20_s00_c06,minsup,0.016983,0.0074,0.2,41,False,,20260922_013639,2000,2000,0.02
FPgrowth_Gen_Borgelt,1,syn_n2000_i2000_l20_s00_c06,minsup,0.016983,0.017,0.2,41,False,,20260922_013639,2000,2000,0.02
Gr_growth,1,syn_n2000_i2000_l20_s00_c06,minsup,0.016983,0.0211,0.25,42,False,,20260922_013639,2000,2000,0.02
Pascal,1,syn_n2000_i2000_l20_s00_c06,minsup,0.016983,0.365,81.6,41,False,,20260922_013640,2000,2000,0.02
TalkyG_Diffset,1,syn_n2000_i2000_l20_s00_c06,minsup,0.016983,0.3887,92.0,42,False,,20260922_013640,2000,2000,0.02
Talky_G,1,syn_n2000_i2000_l20_s00_c06,minsup,0.016983,0.3761,95.73,42,False,,20260922_013641,2000,2000,0.02
Zart,1,syn_n2000_i2000_l20_s00_c06,minsup,0.016983,0.3806,105.09,42,False,,20260922_013641,2000,2000,0.02
Apriori_Gen_Borgelt,1,syn_n2000_i2000_l20_s00_c06,minsup,0.0154845,0.0077,0.2,120,False,,20260922_013641,2000,2000,0.05
DefMe,1,syn_n2000_i2000_l20_s00_c06,minsup,0.0154845,0.3397,78.93,121,False,,20260922_013642,2000,2000,0.05
Eclat_Gen_Borgelt,1,syn_n2000_i2000_l20_s00_c06,minsup,0.0154845,0.0074,0.2,120,False,,20260922_013642,2000,2000,0.05
FPgrowth_Gen_Borgelt,1,syn_n2000_i2000_l20_s00_c06,minsup,0.0154845,0.0073,0.2,120,False,,20260922_013642,2000,2000,0.05
Gr_growth,1,syn_n2000_i2000_l20_s00_c06,minsup,0.0154845,0.015,11.89,121,False,,20260922_013642,2000,2000,0.05
Pascal,1,syn_n2000_i2000_l20_s00_c06,minsup,0.0154845,0.663,79.13,120,False,,20260922_013643,2000,2000,0.05
TalkyG_Diffset,1,syn_n2000_i2000_l20_s00_c06,minsup,0.0154845,0.3218,92.93,121,False,,20260922_013644,2000,2000,0.05
Talky_G,1,syn_n2000_i2000_l20_s00_c06,minsup,0.0154845,0.3412,98.54,121,False,,20260922_013644,2000,2000,0.05
Pascal,1,syn_n2000_i2000_l20_s00_c025,minsup,0.012986999999999999,7.5553,93.58,569,False,,20260922_013644,2000,2000,0.25
Apriori_Gen_Borgelt,1,syn_n2000_i2000_l20_s00_c06,minsup,0.013986,0.0238,0.39,287,False,,20260922_013645,2000,2000,0.12
DefMe,1,syn_n2000_i2000_l20_s00_c06,minsup,0.013986,0.3363,86.92,288,False,,20260922_013645,2000,2000,0.12
Zart,1,syn_n2000_i2000_l20_s00_c06,minsup,0.0154845,0.8931,361.48,121,False,,20260922_013645,2000,2000,0.05
Eclat_Gen_Borgelt,1,syn_n2000_i2000_l20_s00_c06,minsup,0.013986,0.0184,2.98,287,False,,20260922_013645,2000,2000,0.12
FPgrowth_Gen_Borgelt,1,syn_n2000_i2000_l20_s00_c06,minsup,0.013986,0.0077,0.26,287,False,,20260922_013645,2000,2000,0.12
Gr_growth,1,syn_n2000_i2000_l20_s00_c06,minsup,0.013986,0.0194,0.25,288,False,,20260922_013645,2000,2000,0.12
TalkyG_Diffset,1,syn_n2000_i2000_l20_s00_c06,minsup,0.013986,0.3657,100.18,288,False,,20260922_013646,2000,2000,0.12
Zart,1,syn_n2000_i2000_l8_s16_c06,minsup,0.003996,17.1812,980.02,9906,False,,20260922_013646,2000,482,0.25
Talky_G,1,syn_n2000_i2000_l20_s00_c06,minsup,0.013986,0.4027,102.86,288,False,,20260922_013647,2000,2000,0.12
Apriori_Gen_Borgelt,1,syn_n2000_i2000_l20_s00_c06,minsup,0.0124875,0.0191,0.38,569,False,,20260922_013647,2000,2000,0.25
DefMe,1,syn_n2000_i2000_l20_s00_c06,minsup,0.0124875,0.4078,106.54,570,False,,20260922_013647,2000,2000,0.25
Eclat_Gen_Borgelt,1,syn_n2000_i2000_l20_s00_c06,minsup,0.0124875,0.0077,0.2,569,False,,20260922_013648,2000,2000,0.25
FPgrowth_Gen_Borgelt,1,syn_n2000_i2000_l20_s00_c06,minsup,0.0124875,0.023,3.16,569,False,,20260922_013648,2000,2000,0.25
Gr_growth,1,syn_n2000_i2000_l20_s00_c06,minsup,0.0124875,0.0147,0.25,570,False,,20260922_013648,2000,2000,0.25
Pascal,1,syn_n2000_i2000_l20_s00_c06,minsup,0.013986,2.4407,81.91,287,False,,20260922_013648,2000,2000,0.12
TalkyG_Diffset,1,syn_n2000_i2000_l20_s00_c06,minsup,0.0124875,0.4088,97.89,570,False,,20260922_013648,2000,2000,0.25
Talky_G,1,syn_n2000_i2000_l20_s00_c06,minsup,0.0124875,0.3285,98.96,570,False,,20260922_013649,2000,2000,0.25
Zart,1,syn_n2000_i2000_l20_s00_c06,minsup,0.013986,2.857,470.16,288,False,,20260922_013649,2000,2000,0.12
Apriori_Gen_Borgelt,1,syn_n2000_i2000_l20_s08_c025,minsup,0.0654345,0.0075,0.22,115,False,,20260922_013649,2000,1991,0.02
DefMe,1,syn_n2000_i2000_l20_s08_c025,minsup,0.0654345,0.3182,86.05,116,False,,20260922_013650,2000,1991,0.02
Eclat_Gen_Borgelt,1,syn_n2000_i2000_l20_s08_c025,minsup,0.0654345,0.0075,0.46,115,False,,20260922_013650,2000,1991,0.02
FPgrowth_Gen_Borgelt,1,syn_n2000_i2000_l20_s08_c025,minsup,0.0654345,0.0196,0.02,115,False,,20260922_013650,2000,1991,0.02
Gr_growth,1,syn_n2000_i2000_l20_s08_c025,minsup,0.0654345,0.0272,3.84,116,False,,20260922_013650,2000,1991,0.02
Pascal,1,syn_n2000_i2000_l20_s08_c025,minsup,0.0654345,0.3923,79.33,115,False,,20260922_013651,2000,1991,0.02
TalkyG_Diffset,1,syn_n2000_i2000_l20_s08_c025,minsup,0.0654345,0.3147,102.68,116,False,,20260922_013651,2000,1991,0.02
Talky_G,1,syn_n2000_i2000_l20_s08_c025,minsup,0.0654345,0.3142,96.9,116,False,,20260922_013652,2000,1991,0.02
Zart,1,syn_n2000_i2000_l20_s00_c025,minsup,0.012986999999999999,14.5192,892.6,570,False,,20260922_013652,2000,2000,0.25
Apriori_Gen_Borgelt,1,syn_n2000_i2000_l20_s08_c025,minsup,0.0324675,0.0152,0.39,407,False,,20260922_013652,2000,1991,0.05
Zart,1,syn_n2000_i2000_l20_s08_c025,minsup,0.0654345,0.5586,129.51,116,False,,20260922_013653,2000,1991,0.02
Eclat_Gen_Borgelt,1,syn_n2000_i2000_l20_s08_c025,minsup,0.0324675,0.0287,3.02,407,False,,20260922_013653,2000,1991,0.05
DefMe,1,syn_n2000_i2000_l20_s08_c025,minsup,0.0324675,0.402,86.05,408,False,,20260922_013653,2000,1991,0.05
FPgrowth_Gen_Borgelt,1,syn_n2000_i2000_l20_s08_c025,minsup,0.0324675,0.0267,3.1,407,False,,20260922_013653,2000,1991,0.05
Gr_growth,1,syn_n2000_i2000_l20_s08_c025,minsup,0.0324675,0.0138,0.21,408,False,,20260922_013653,2000,1991,0.05
TalkyG_Diffset,1,syn_n2000_i2000_l20_s08_c025,minsup,0.0324675,0.3775,111.86,408,False,,20260922_013654,2000,1991,0.05
Pascal,1,syn_n2000_i2000_l20_s08_c025,minsup,0.0324675,0.775,78.34,407,False,,20260922_013654,2000,1991,0.05
Talky_G,1,syn_n2000_i2000_l20_s08_c025,minsup,0.0324675,0.5014,103.84,408,False,,20260922_013654,2000,1991,0.05
Apriori_Gen_Borgelt,1,syn_n2000_i2000_l20_s08_c025,minsup,0.0164835,0.0137,0.21,1410,False,,20260922_013654,2000,1991,0.12
DefMe,1,syn_n2000_i2000_l20_s08_c025,minsup,0.0164835,0.3447,114.09,1411,False,,20260922_013655,2000,1991,0.12
Eclat_Gen_Borgelt,1,syn_n2000_i2000_l20_s08_c025,minsup,0.0164835,0.0335,5.04,1410,False,,20260922_013655,2000,1991,0.12
FPgrowth_Gen_Borgelt,1,syn_n2000_i2000_l20_s08_c025,minsup,0.0164835,0.0262,3.2,1410,False,,20260922_013655,2000,1991,0.12
Zart,1,syn_n2000_i2000_l20_s08_c025,minsup,0.0324675,1.1156,376.41,408,False,,20260922_013655,2000,1991,0.05
Gr_growth,1,syn_n2000_i2000_l20_s08_c025,minsup,0.0164835,0.022,0.02,1411,False,,20260922_013655,2000,1991,0.12
TalkyG_Diffset,1,syn_n2000_i2000_l20_s08_c025,minsup,0.0164835,0.3651,99.03,1411,False,,20260922_013656,2000,1991,0.12
Zart,1,syn_n2000_i2000_l8_s16_c025,minsup,0.0034965,35.5575,771.23,10109,False,,20260922_013656,2000,502,0.25
Pascal,1,syn_n2000_i2000_l20_s00_c06,minsup,0.0124875,8.3702,96.12,569,False,,20260922_013656,2000,2000,0.25
Talky_G,1,syn_n2000_i2000_l20_s08_c025,minsup,0.0164835,0.449,105.41,1411,False,,20260922_013657,2000,1991,0.12
Apriori_Gen_Borgelt,1,syn_n2000_i2000_l20_s08_c025,minsup,0.009490499999999999,0.0244,3.44,3933,False,,20260922_013657,2000,1991,0.25
Eclat_Gen_Borgelt,1,syn_n2000_i2000_l20_s08_c025,minsup,0.009490499999999999,0.0207,4.3,3933,False,,20260922_013657,2000,1991,0.25
FPgrowth_Gen_Borgelt,1,syn_n2000_i2000_l20_s08_c025,minsup,0.009490499999999999,0.0225,3.06,3933,False,,20260922_013657,2000,1991,0.25
Gr_growth,1,syn_n2000_i2000_l20_s08_c025,minsup,0.009490499999999999,0.0183,13.98,3934,False,,20260922_013657,2000,1991,0.25
DefMe,1,syn_n2000_i2000_l20_s08_c025,minsup,0.009490499999999999,0.5324,105.02,3934,False,,20260922_013657,2000,1991,0.25
Pascal,1,syn_n2000_i2000_l20_s08_c025,minsup,0.0164835,2.4285,84.5,1410,False,,20260922_013658,2000,1991,0.12
TalkyG_Diffset,1,syn_n2000_i2000_l20_s08_c025,minsup,0.009490499999999999,0.5025,104.22,3934,False,,20260922_013658,2000,1991,0.25
Talky_G,1,syn_n2000_i2000_l20_s08_c025,minsup,0.009490499999999999,0.5029,101.65,3934,False,,20260922_013659,2000,1991,0.25
Apriori_Gen_Borgelt,1,syn_n2000_i2000_l20_s08_c06,minsup,0.0654345,0.0116,0.32,95,False,,20260922_013659,2000,1990,0.02
DefMe,1,syn_n2000_i2000_l20_s08_c06,minsup,0.0654345,0.3579,87.86,96,False,,20260922_013659,2000,1990,0.02
Eclat_Gen_Borgelt,1,syn_n2000_i2000_l20_s08_c06,minsup,0.0654345,0.0073,0.2,95,False,,20260922_013659,2000,1990,0.02
FPgrowth_Gen_Borgelt,1,syn_n2000_i2000_l20_s08_c06,minsup,0.0654345,0.0073,0.23,95,False,,20260922_013700,2000,1990,0.02
Gr_growth,1,syn_n2000_i2000_l20_s08_c06,minsup,0.0654345,0.0232,3.86,96,False,,20260922_013700,2000,1990,0.02
Pascal,1,syn_n2000_i2000_l20_s08_c06,minsup,0.0654345,0.5364,83.4,95,False,,20260922_013700,2000,1990,0.02
TalkyG_Diffset,1,syn_n2000_i2000_l20_s08_c06,minsup,0.0654345,0.3877,96.45,96,False,,20260922_013701,2000,1990,0.02
Talky_G,1,syn_n2000_i2000_l20_s08_c06,minsup,0.0654345,0.3881,93.49,96,False,,20260922_013701,2000,1990,0.02
Zart,1,syn_n2000_i2000_l20_s08_c06,minsup,0.0654345,0.4311,108.38,96,False,,20260922_013702,2000,1990,0.02
Zart,1,syn_n2000_i2000_l20_s08_c025,minsup,0.0164835,5.6276,608.62,1411,False,,20260922_013702,2000,1991,0.12
Apriori_Gen_Borgelt,1,syn_n2000_i2000_l20_s08_c06,minsup,0.0314685,0.0153,0.48,370,False,,20260922_013702,2000,1990,0.05
Eclat_Gen_Borgelt,1,syn_n2000_i2000_l20_s08_c06,minsup,0.0314685,0.0078,0.24,370,False,,20260922_013702,2000,1990,0.05
FPgrowth_Gen_Borgelt,1,syn_n2000_i2000_l20_s08_c06,minsup,0.0314685,0.0093,0.32,370,False,,20260922_013703,2000,1990,0.05
DefMe,1,syn_n2000_i2000_l20_s08_c06,minsup,0.0314685,0.4147,82.98,371,False,,20260922_013703,2000,1990,0.05
Gr_growth,1,syn_n2000_i2000_l20_s08_c06,minsup,0.0314685,0.015,14.17,371,False,,20260922_013703,2000,1990,0.05
TalkyG_Diffset,1,syn_n2000_i2000_l20_s08_c06,minsup,0.0314685,0.3516,102.84,371,False,,20260922_013703,2000,1990,0.05
Pascal,1,syn_n2000_i2000_l20_s08_c06,minsup,0.0314685,0.7199,84.96,370,False,,20260922_013704,2000,1990,0.05
Talky_G,1,syn_n2000_i2000_l20_s08_c06,minsup,0.0314685,0.4214,95.79,371,False,,20260922_013704,2000,1990,0.05
Apriori_Gen_Borgelt,1,syn_n2000_i2000_l20_s08_c06,minsup,0.015984,0.0147,3.57,1224,False,,20260922_013704,2000,1990,0.12
Pascal,1,syn_n2000_i2000_l20_s08_c025,minsup,0.009490499999999999,6.7599,122.7,3933,False,,20260922_013704,2000,1991,0.25
Eclat_Gen_Borgelt,1,syn_n2000_i2000_l20_s08_c06,minsup,0.015984,0.0145,0.39,1224,False,,20260922_013704,2000,1990,0.12
FPgrowth_Gen_Borgelt,1,syn_n2000_i2000_l20_s08_c06,minsup,0.015984,0.0182,0.37,1224,False,,20260922_013704,2000,1990,0.12
Gr_growth,1,syn_n2000_i2000_l20_s08_c06,minsup,0.015984,0.0221,10.64,1225,False,,20260922_013705,2000,1990,0.12
DefMe,1,syn_n2000_i2000_l20_s08_c06,minsup,0.015984,0.4697,104.34,1225,False,,20260922_013705,2000,1990,0.12
Zart,1,syn_n2000_i2000_l20_s08_c06,minsup,0.0314685,1.2345,366.09,371,False,,20260922_013705,2000,1990,0.05
TalkyG_Diffset,1,syn_n2000_i2000_l20_s08_c06,minsup,0.015984,0.426,96.63,1225,False,,20260922_013705,2000,1990,0.12
Zart,1,syn_n2000_i2000_l20_s00_c06,minsup,0.0124875,16.3433,940.75,570,False,,20260922_013705,2000,2000,0.25
Talky_G,1,syn_n2000_i2000_l20_s08_c06,minsup,0.015984,0.4138,104.39,1225,False,,20260922_013706,2000,1990,0.12
Apriori_Gen_Borgelt,1,syn_n2000_i2000_l20_s08_c06,minsup,0.008990999999999999,0.0305,0.28,3536,False,,20260922_013706,2000,1990,0.25
Eclat_Gen_Borgelt,1,syn_n2000_i2000_l20_s08_c06,minsup,0.008990999999999999,0.0363,3.27,3536,False,,20260922_013706,2000,1990,0.25
FPgrowth_Gen_Borgelt,1,syn_n2000_i2000_l20_s08_c06,minsup,0.008990999999999999,0.0143,0.24,3536,False,,20260922_013706,2000,1990,0.25
Gr_growth,1,syn_n2000_i2000_l20_s08_c06,minsup,0.008990999999999999,0.0194,14.02,3537,False,,20260922_013706,2000,1990,0.25
DefMe,1,syn_n2000_i2000_l20_s08_c06,minsup,0.008990999999999999,0.6011,107.54,3537,False,,20260922_013706,2000,1990,0.25
Pascal,1,syn_n2000_i2000_l20_s08_c06,minsup,0.015984,2.2409,92.86,1224,False,,20260922_013707,2000,1990,0.12
TalkyG_Diffset,1,syn_n2000_i2000_l20_s08_c06,minsup,0.008990999999999999,0.4539,111.31,3537,False,,20260922_013707,2000,1990,0.25
Talky_G,1,syn_n2000_i2000_l20_s08_c06,minsup,0.008990999999999999,0.4604,100.82,3537,False,,20260922_013708,2000,1990,0.25
Apriori_Gen_Borgelt,1,syn_n2000_i2000_l20_s16_c025,minsup,0.29770199999999997,0.0286,2.92,1147,False,,20260922_013708,2000,964,0.02
DefMe,1,syn_n2000_i2000_l20_s16_c025,minsup,0.29770199999999997,0.3327,88.49,1148,False,,20260922_013708,2000,964,0.02
Eclat_Gen_Borgelt,1,syn_n2000_i2000_l20_s16_c025,minsup,0.29770199999999997,0.0146,0.21,1147,False,,20260922_013708,2000,964,0.02
FPgrowth_Gen_Borgelt,1,syn_n2000_i2000_l20_s16_c025,minsup,0.29770199999999997,0.0146,4.35,1147,False,,20260922_013709,2000,964,0.02
Gr_growth,1,syn_n2000_i2000_l20_s16_c025,minsup,0.29770199999999997,0.0142,0.27,1155,False,,20260922_013709,2000,964,0.02
Pascal,1,syn_n2000_i2000_l20_s16_c025,minsup,0.29770199999999997,0.5491,82.99,1147,False,,20260922_013709,2000,964,0.02
Zart,1,syn_n2000_i2000_l20_s08_c06,minsup,0.015984,4.4758,494.39,1225,False,,20260922_013710,2000,1990,0.12
TalkyG_Diffset,1,syn_n2000_i2000_l20_s16_c025,minsup,0.29770199999999997,0.3936,99.71,1148,False,,20260922_013710,2000,964,0.02
Talky_G,1,syn_n2000_i2000_l20_s16_c025,minsup,0.29770199999999997,0.4383,100.47,1148,False,,20260922_013710,2000,964,0.02
Apriori_Gen_Borgelt,1,syn_n2000_i2000_l20_s16_c025,minsup,0.07492499999999999,0.0666,3.86,15564,False,,20260922_013711,2000,964,0.05
Zart,1,syn_n2000_i2000_l20_s16_c025,minsup,0.29770199999999997,1.0549,396.67,1148,False,,20260922_013711,2000,964,0.02
Eclat_Gen_Borgelt,1,syn_n2000_i2000_l20_s16_c025,minsup,0.07492499999999999,0.047,6.6,15564,False,,20260922_013711,2000,964,0.05
DefMe,1,syn_n2000_i2000_l20_s16_c025,minsup,0.07492499999999999,0.4551,119.02,15565,False,,20260922_013711,2000,964,0.05
FPgrowth_Gen_Borgelt,1,syn_n2000_i2000_l20_s16_c025,minsup,0.07492499999999999,0.0321,12.31,15564,False,,20260922_013712,2000,964,0.05
Gr_growth,1,syn_n2000_i2000_l20_s16_c025,minsup,0.07492499999999999,0.0408,14.32,15565,False,,20260922_013712,2000,964,0.05
TalkyG_Diffset,1,syn_n2000_i2000_l20_s16_c025,minsup,0.07492499999999999,0.4431,118.97,15565,False,,20260922_013712,2000,964,0.05
Talky_G,1,syn_n2000_i2000_l20_s16_c025,minsup,0.07492499999999999,0.471,118.14,15565,False,,20260922_013713,2000,964,0.05
Pascal,1,syn_n2000_i2000_l20_s08_c06,minsup,0.008990999999999999,6.663,112.21,3536,False,,20260922_013713,2000,1990,0.25
Apriori_Gen_Borgelt,1,syn_n2000_i2000_l20_s16_c025,minsup,0.017981999999999998,0.2714,7.9,129419,False,,20260922_013714,2000,964,0.12
DefMe,1,syn_n2000_i2000_l20_s16_c025,minsup,0.017981999999999998,0.8164,392.95,129420,False,,20260922_013715,2000,964,0.12
Eclat_Gen_Borgelt,1,syn_n2000_i2000_l20_s16_c025,minsup,0.017981999999999998,0.1088,19.45,129419,False,,20260922_013715,2000,964,0.12
FPgrowth_Gen_Borgelt,1,syn_n2000_i2000_l20_s16_c025,minsup,0.017981999999999998,0.1006,21.14,129419,False,,20260922_013715,2000,964,0.12
Pascal,1,syn_n2000_i2000_l20_s16_c025,minsup,0.07492499999999999,3.6325,111.86,15564,False,,20260922_013715,2000,964,0.05
Gr_growth,1,syn_n2000_i2000_l20_s16_c025,minsup,0.017981999999999998,0.1595,18.73,129420,False,,20260922_013715,2000,964,0.12
TalkyG_Diffset,1,syn_n2000_i2000_l20_s16_c025,minsup,0.017981999999999998,2.5594,196.33,129437,False,,20260922_013718,2000,964,0.12
Talky_G,1,syn_n2000_i2000_l20_s16_c025,minsup,0.017981999999999998,2.6102,189.55,129437,False,,20260922_013721,2000,964,0.12
Zart,1,syn_n2000_i2000_l20_s08_c025,minsup,0.009490499999999999,52.5741,1177.06,3934,False,,20260922_013751,2000,1991,0.25
Apriori_Gen_Borgelt,1,syn_n2000_i2000_l20_s16_c025,minsup,0.005494499999999999,0.6933,23.07,535604,False,,20260922_013752,2000,964,0.25
DefMe,1,syn_n2000_i2000_l20_s16_c025,minsup,0.005494499999999999,1.5593,607.12,535605,False,,20260922_013753,2000,964,0.25
Eclat_Gen_Borgelt,1,syn_n2000_i2000_l20_s16_c025,minsup,0.005494499999999999,0.4109,50.46,535604,False,,20260922_013754,2000,964,0.25
FPgrowth_Gen_Borgelt,1,syn_n2000_i2000_l20_s16_c025,minsup,0.005494499999999999,0.2723,51.83,535604,False,,20260922_013755,2000,964,0.25
Gr_growth,1,syn_n2000_i2000_l20_s16_c025,minsup,0.005494499999999999,0.4112,33.21,535605,False,,20260922_013755,2000,964,0.25
Zart,1,syn_n2000_i2000_l20_s08_c06,minsup,0.008990999999999999,48.7931,832.27,3537,False,,20260922_013756,2000,1990,0.25
Zart,1,syn_n2000_i2000_l20_s16_c025,minsup,0.07492499999999999,53.6287,958.32,15565,False,,20260922_013807,2000,964,0.05
Zart,1,syn_n2000_i300_l40_s16_c06,minsup,0.118881,300.1773,679.35,0,True,,20260922_013825,2000,297,0.25
TalkyG_Diffset,1,syn_n2000_i2000_l20_s16_c025,minsup,0.005494499999999999,124.8741,431.0,537570,False,,20260922_014001,2000,964,0.25
Apriori_Gen_Borgelt,1,syn_n2000_i2000_l20_s16_c06,minsup,0.2982015,0.0279,0.38,1299,False,,20260922_014001,2000,950,0.02
DefMe,1,syn_n2000_i2000_l20_s16_c06,minsup,0.2982015,0.3691,89.05,1300,False,,20260922_014002,2000,950,0.02
Eclat_Gen_Borgelt,1,syn_n2000_i2000_l20_s16_c06,minsup,0.2982015,0.0151,0.34,1299,False,,20260922_014002,2000,950,0.02
FPgrowth_Gen_Borgelt,1,syn_n2000_i2000_l20_s16_c06,minsup,0.2982015,0.0127,2.93,1299,False,,20260922_014002,2000,950,0.02
Gr_growth,1,syn_n2000_i2000_l20_s16_c06,minsup,0.2982015,0.0195,0.26,1305,False,,20260922_014002,2000,950,0.02
Pascal,1,syn_n2000_i2000_l20_s16_c06,minsup,0.2982015,0.5667,83.38,1299,False,,20260922_014003,2000,950,0.02
TalkyG_Diffset,1,syn_n2000_i2000_l20_s16_c06,minsup,0.2982015,0.4294,103.72,1300,False,,20260922_014004,2000,950,0.02
Talky_G,1,syn_n2000_i2000_l20_s16_c06,minsup,0.2982015,0.3532,105.6,1300,False,,20260922_014004,2000,950,0.02
Zart,1,syn_n2000_i2000_l20_s16_c06,minsup,0.2982015,0.87,368.56,1300,False,,20260922_014005,2000,950,0.02
Apriori_Gen_Borgelt,1,syn_n2000_i2000_l20_s16_c06,minsup,0.07092899999999999,0.1238,4.08,24875,False,,20260922_014006,2000,950,0.05
DefMe,1,syn_n2000_i2000_l20_s16_c06,minsup,0.07092899999999999,0.3884,132.74,24876,False,,20260922_014006,2000,950,0.05
Eclat_Gen_Borgelt,1,syn_n2000_i2000_l20_s16_c06,minsup,0.07092899999999999,0.0489,12.37,24875,False,,20260922_014006,2000,950,0.05
FPgrowth_Gen_Borgelt,1,syn_n2000_i2000_l20_s16_c06,minsup,0.07092899999999999,0.0493,13.47,24875,False,,20260922_014007,2000,950,0.05
Gr_growth,1,syn_n2000_i2000_l20_s16_c06,minsup,0.07092899999999999,0.0507,14.93,24876,False,,20260922_014007,2000,950,0.05
Pascal,1,syn_n2000_i2000_l20_s16_c06,minsup,0.07092899999999999,2.8206,97.31,24875,False,,20260922_014010,2000,950,0.05
TalkyG_Diffset,1,syn_n2000_i2000_l20_s16_c06,minsup,0.07092899999999999,0.4598,128.75,24878,False,,20260922_014010,2000,950,0.05
Talky_G,1,syn_n2000_i2000_l20_s16_c06,minsup,0.07092899999999999,0.4577,131.7,24878,False,,20260922_014011,2000,950,0.05
Talky_G,1,syn_n2000_i2000_l20_s16_c025,minsup,0.005494499999999999,125.5647,404.61,537570,False,,20260922_014013,2000,964,0.25
Apriori_Gen_Borgelt,1,syn_n2000_i2000_l20_s16_c06,minsup,0.018980999999999998,0.3598,7.89,130509,False,,20260922_014013,2000,950,0.12
DefMe,1,syn_n2000_i2000_l20_s16_c06,minsup,0.018980999999999998,0.6586,404.25,130510,False,,20260922_014014,2000,950,0.12
Eclat_Gen_Borgelt,1,syn_n2000_i2000_l20_s16_c06,minsup,0.018980999999999998,0.1065,19.71,130509,False,,20260922_014014,2000,950,0.12
FPgrowth_Gen_Borgelt,1,syn_n2000_i2000_l20_s16_c06,minsup,0.018980999999999998,0.0901,20.34,130509,False,,20260922_014014,2000,950,0.12
Gr_growth,1,syn_n2000_i2000_l20_s16_c06,minsup,0.018980999999999998,0.1492,18.54,130510,False,,20260922_014015,2000,950,0.12
Zart,1,syn_n2000_i2000_l20_s16_c06,minsup,0.07092899999999999,44.4484,782.78,24876,False,,20260922_014056,2000,950,0.05
TalkyG_Diffset,1,syn_n2000_i2000_l20_s16_c06,minsup,0.018980999999999998,2.0549,208.78,130518,False,,20260922_014058,2000,950,0.12
Talky_G,1,syn_n2000_i2000_l20_s16_c06,minsup,0.018980999999999998,2.4066,185.25,130518,False,,20260922_014100,2000,950,0.12
Pascal,1,syn_n2000_i2000_l20_s16_c025,minsup,0.017981999999999998,300.1289,241.28,127858,True,,20260922_014216,2000,964,0.12
Apriori_Gen_Borgelt,1,syn_n2000_i2000_l20_s16_c06,minsup,0.005994,0.6931,18.91,424558,False,,20260922_014217,2000,950,0.25
DefMe,1,syn_n2000_i2000_l20_s16_c06,minsup,0.005994,1.1809,594.06,424559,False,,20260922_014218,2000,950,0.25
Eclat_Gen_Borgelt,1,syn_n2000_i2000_l20_s16_c06,minsup,0.005994,0.3103,42.29,424558,False,,20260922_014218,2000,950,0.25
FPgrowth_Gen_Borgelt,1,syn_n2000_i2000_l20_s16_c06,minsup,0.005994,0.2341,44.13,424558,False,,20260922_014219,2000,950,0.25
Gr_growth,1,syn_n2000_i2000_l20_s16_c06,minsup,0.005994,0.3896,29.32,424559,False,,20260922_014219,2000,950,0.25
Zart,1,syn_n2000_i2000_l20_s16_c025,minsup,0.017981999999999998,300.1796,990.21,0,True,,20260922_014221,2000,964,0.12
Pascal,1,syn_n2000_i2000_l20_s16_c025,minsup,0.005494499999999999,300.142,241.37,246621,True,,20260922_014256,2000,964,0.25
TalkyG_Diffset,1,syn_n2000_i2000_l20_s16_c06,minsup,0.005994,63.1638,418.02,425029,False,,20260922_014325,2000,950,0.25
Zart,1,syn_n2000_i2000_l20_s16_c025,minsup,0.005494499999999999,300.1685,1026.36,0,True,,20260922_014325,2000,964,0.25
Apriori_Gen_Borgelt,1,syn_n2000_i2000_l40_s00_c025,minsup,0.0324675,0.0111,0.25,42,False,,20260922_014326,2000,2000,0.02
DefMe,1,syn_n2000_i2000_l40_s00_c025,minsup,0.0324675,0.3613,92.94,43,False,,20260922_014326,2000,2000,0.02
Eclat_Gen_Borgelt,1,syn_n2000_i2000_l40_s00_c025,minsup,0.0324675,0.0308,0.02,42,False,,20260922_014326,2000,2000,0.02
FPgrowth_Gen_Borgelt,1,syn_n2000_i2000_l40_s00_c025,minsup,0.0324675,0.012,0.44,42,False,,20260922_014327,2000,2000,0.02
Gr_growth,1,syn_n2000_i2000_l40_s00_c025,minsup,0.0324675,0.0187,13.92,43,False,,20260922_014327,2000,2000,0.02
Pascal,1,syn_n2000_i2000_l40_s00_c025,minsup,0.0324675,0.5034,80.29,42,False,,20260922_014327,2000,2000,0.02
TalkyG_Diffset,1,syn_n2000_i2000_l40_s00_c025,minsup,0.0324675,0.4138,98.94,43,False,,20260922_014328,2000,2000,0.02
Talky_G,1,syn_n2000_i2000_l40_s00_c025,minsup,0.0324675,0.4227,98.11,43,False,,20260922_014329,2000,2000,0.02
Zart,1,syn_n2000_i2000_l40_s00_c025,minsup,0.0324675,0.4793,108.4,43,False,,20260922_014329,2000,2000,0.02
Apriori_Gen_Borgelt,1,syn_n2000_i2000_l40_s00_c025,minsup,0.02997,0.0121,0.38,100,False,,20260922_014329,2000,2000,0.05
DefMe,1,syn_n2000_i2000_l40_s00_c025,minsup,0.02997,0.3342,95.08,101,False,,20260922_014330,2000,2000,0.05
Eclat_Gen_Borgelt,1,syn_n2000_i2000_l40_s00_c025,minsup,0.02997,0.0187,0.19,100,False,,20260922_014330,2000,2000,0.05
FPgrowth_Gen_Borgelt,1,syn_n2000_i2000_l40_s00_c025,minsup,0.02997,0.0079,0.36,100,False,,20260922_014330,2000,2000,0.05
Gr_growth,1,syn_n2000_i2000_l40_s00_c025,minsup,0.02997,0.0146,0.2,101,False,,20260922_014331,2000,2000,0.05
Pascal,1,syn_n2000_i2000_l40_s00_c025,minsup,0.02997,0.8124,81.41,100,False,,20260922_014331,2000,2000,0.05
TalkyG_Diffset,1,syn_n2000_i2000_l40_s00_c025,minsup,0.02997,0.349,99.29,101,False,,20260922_014332,2000,2000,0.05
Talky_G,1,syn_n2000_i2000_l40_s00_c025,minsup,0.02997,0.405,99.81,101,False,,20260922_014333,2000,2000,0.05
Zart,1,syn_n2000_i2000_l40_s00_c025,minsup,0.02997,0.8117,337.33,101,False,,20260922_014334,2000,2000,0.05
Apriori_Gen_Borgelt,1,syn_n2000_i2000_l40_s00_c025,minsup,0.0274725,0.0198,0.28,265,False,,20260922_014334,2000,2000,0.12
DefMe,1,syn_n2000_i2000_l40_s00_c025,minsup,0.0274725,0.3662,95.83,266,False,,20260922_014334,2000,2000,0.12
Eclat_Gen_Borgelt,1,syn_n2000_i2000_l40_s00_c025,minsup,0.0274725,0.0369,3.01,265,False,,20260922_014334,2000,2000,0.12
FPgrowth_Gen_Borgelt,1,syn_n2000_i2000_l40_s00_c025,minsup,0.0274725,0.0303,3.02,265,False,,20260922_014335,2000,2000,0.12
Gr_growth,1,syn_n2000_i2000_l40_s00_c025,minsup,0.0274725,0.0336,7.11,266,False,,20260922_014335,2000,2000,0.12
Pascal,1,syn_n2000_i2000_l40_s00_c025,minsup,0.0274725,2.9584,88.62,265,False,,20260922_014338,2000,2000,0.12
TalkyG_Diffset,1,syn_n2000_i2000_l40_s00_c025,minsup,0.0274725,0.4778,98.81,266,False,,20260922_014339,2000,2000,0.12
Talky_G,1,syn_n2000_i2000_l40_s00_c025,minsup,0.0274725,0.3596,95.47,266,False,,20260922_014339,2000,2000,0.12
Zart,1,syn_n2000_i2000_l40_s00_c025,minsup,0.0274725,2.4344,471.39,266,False,,20260922_014342,2000,2000,0.12
Apriori_Gen_Borgelt,1,syn_n2000_i2000_l40_s00_c025,minsup,0.024975,0.0245,3.29,560,False,,20260922_014342,2000,2000,0.25
DefMe,1,syn_n2000_i2000_l40_s00_c025,minsup,0.024975,0.4184,110.66,561,False,,20260922_014343,2000,2000,0.25
Eclat_Gen_Borgelt,1,syn_n2000_i2000_l40_s00_c025,minsup,0.024975,0.0187,0.46,560,False,,20260922_014343,2000,2000,0.25
FPgrowth_Gen_Borgelt,1,syn_n2000_i2000_l40_s00_c025,minsup,0.024975,0.0213,0.44,560,False,,20260922_014343,2000,2000,0.25
Gr_growth,1,syn_n2000_i2000_l40_s00_c025,minsup,0.024975,0.037,14.03,561,False,,20260922_014343,2000,2000,0.25
Pascal,1,syn_n2000_i2000_l40_s00_c025,minsup,0.024975,9.188,92.14,560,False,,20260922_014353,2000,2000,0.25
TalkyG_Diffset,1,syn_n2000_i2000_l40_s00_c025,minsup,0.024975,0.4326,96.9,561,False,,20260922_014353,2000,2000,0.25
Talky_G,1,syn_n2000_i2000_l40_s00_c025,minsup,0.024975,0.4584,101.25,561,False,,20260922_014354,2000,2000,0.25
Talky_G,1,syn_n2000_i2000_l20_s16_c06,minsup,0.005994,67.7976,411.23,425029,False,,20260922_014404,2000,950,0.25
Apriori_Gen_Borgelt,1,syn_n2000_i2000_l40_s00_c06,minsup,0.0304695,0.0083,0.29,42,False,,20260922_014404,2000,2000,0.02
DefMe,1,syn_n2000_i2000_l40_s00_c06,minsup,0.0304695,0.4073,95.97,43,False,,20260922_014404,2000,2000,0.02
Eclat_Gen_Borgelt,1,syn_n2000_i2000_l40_s00_c06,minsup,0.0304695,0.0211,3.07,42,False,,20260922_014405,2000,2000,0.02
FPgrowth_Gen_Borgelt,1,syn_n2000_i2000_l40_s00_c06,minsup,0.0304695,0.0209,0.55,42,False,,20260922_014405,2000,2000,0.02
Zart,1,syn_n2000_i2000_l40_s00_c025,minsup,0.024975,10.7824,739.87,561,False,,20260922_014405,2000,2000,0.25
Gr_growth,1,syn_n2000_i2000_l40_s00_c06,minsup,0.0304695,0.0337,13.91,43,False,,20260922_014405,2000,2000,0.02
Pascal,1,syn_n2000_i2000_l40_s00_c06,minsup,0.0304695,0.5624,81.75,42,False,,20260922_014406,2000,2000,0.02
TalkyG_Diffset,1,syn_n2000_i2000_l40_s00_c06,minsup,0.0304695,0.431,100.62,43,False,,20260922_014406,2000,2000,0.02
Talky_G,1,syn_n2000_i2000_l40_s00_c06,minsup,0.0304695,0.4815,100.16,43,False,,20260922_014406,2000,2000,0.02
Zart,1,syn_n2000_i2000_l40_s00_c06,minsup,0.0304695,0.4972,114.22,43,False,,20260922_014406,2000,2000,0.02
Apriori_Gen_Borgelt,1,syn_n2000_i2000_l40_s00_c06,minsup,0.0284715,0.0153,0.3,102,False,,20260922_014406,2000,2000,0.05
Eclat_Gen_Borgelt,1,syn_n2000_i2000_l40_s00_c06,minsup,0.0284715,0.0245,0.16,102,False,,20260922_014406,2000,2000,0.05
FPgrowth_Gen_Borgelt,1,syn_n2000_i2000_l40_s00_c06,minsup,0.0284715,0.0187,0.24,102,False,,20260922_014407,2000,2000,0.05
Gr_growth,1,syn_n2000_i2000_l40_s00_c06,minsup,0.0284715,0.0149,0.26,103,False,,20260922_014407,2000,2000,0.05
DefMe,1,syn_n2000_i2000_l40_s00_c06,minsup,0.0284715,0.4785,95.2,103,False,,20260922_014407,2000,2000,0.05
TalkyG_Diffset,1,syn_n2000_i2000_l40_s00_c06,minsup,0.0284715,0.4192,102.28,103,False,,20260922_014408,2000,2000,0.05
Pascal,1,syn_n2000_i2000_l40_s00_c06,minsup,0.0284715,0.8059,83.29,102,False,,20260922_014408,2000,2000,0.05
Talky_G,1,syn_n2000_i2000_l40_s00_c06,minsup,0.0284715,0.4148,96.7,103,False,,20260922_014408,2000,2000,0.05
Apriori_Gen_Borgelt,1,syn_n2000_i2000_l40_s00_c06,minsup,0.0264735,0.0142,0.51,248,False,,20260922_014408,2000,2000,0.12
Zart,1,syn_n2000_i2000_l40_s00_c06,minsup,0.0284715,0.7673,366.02,103,False,,20260922_014409,2000,2000,0.05
DefMe,1,syn_n2000_i2000_l40_s00_c06,minsup,0.0264735,0.368,97.19,249,False,,20260922_014409,2000,2000,0.12
Eclat_Gen_Borgelt,1,syn_n2000_i2000_l40_s00_c06,minsup,0.0264735,0.0179,0.32,248,False,,20260922_014409,2000,2000,0.12
FPgrowth_Gen_Borgelt,1,syn_n2000_i2000_l40_s00_c06,minsup,0.0264735,0.0266,3.67,248,False,,20260922_014409,2000,2000,0.12
Gr_growth,1,syn_n2000_i2000_l40_s00_c06,minsup,0.0264735,0.0328,13.73,249,False,,20260922_014409,2000,2000,0.12
TalkyG_Diffset,1,syn_n2000_i2000_l40_s00_c06,minsup,0.0264735,0.3805,97.66,249,False,,20260922_014410,2000,2000,0.12
Talky_G,1,syn_n2000_i2000_l40_s00_c06,minsup,0.0264735,0.3751,98.85,249,False,,20260922_014410,2000,2000,0.12
Pascal,1,syn_n2000_i2000_l40_s00_c06,minsup,0.0264735,2.847,86.58,248,False,,20260922_014412,2000,2000,0.12
Apriori_Gen_Borgelt,1,syn_n2000_i2000_l40_s00_c06,minsup,0.023976,0.0193,0.29,561,False,,20260922_014412,2000,2000,0.25
Zart,1,syn_n2000_i2000_l40_s00_c06,minsup,0.0264735,2.0976,370.55,249,False,,20260922_014413,2000,2000,0.12
Eclat_Gen_Borgelt,1,syn_n2000_i2000_l40_s00_c06,minsup,0.023976,0.0235,3.03,561,False,,20260922_014413,2000,2000,0.25
FPgrowth_Gen_Borgelt,1,syn_n2000_i2000_l40_s00_c06,minsup,0.023976,0.0248,0.02,561,False,,20260922_014413,2000,2000,0.25
DefMe,1,syn_n2000_i2000_l40_s00_c06,minsup,0.023976,0.547,115.29,562,False,,20260922_014413,2000,2000,0.25
Gr_growth,1,syn_n2000_i2000_l40_s00_c06,minsup,0.023976,0.0364,13.89,562,False,,20260922_014413,2000,2000,0.25
TalkyG_Diffset,1,syn_n2000_i2000_l40_s00_c06,minsup,0.023976,0.4875,100.41,562,False,,20260922_014414,2000,2000,0.25
Talky_G,1,syn_n2000_i2000_l40_s00_c06,minsup,0.023976,0.4187,98.22,562,False,,20260922_014414,2000,2000,0.25
Pascal,1,syn_n2000_i2000_l20_s16_c06,minsup,0.018980999999999998,247.56,372.62,130509,False,,20260922_014423,2000,950,0.12
Apriori_Gen_Borgelt,1,syn_n2000_i2000_l40_s08_c025,minsup,0.1283715,0.0202,3.27,307,False,,20260922_014423,2000,2000,0.02
Pascal,1,syn_n2000_i2000_l40_s00_c06,minsup,0.023976,9.7775,88.91,561,False,,20260922_014423,2000,2000,0.25
Eclat_Gen_Borgelt,1,syn_n2000_i2000_l40_s08_c025,minsup,0.1283715,0.0156,0.23,307,False,,20260922_014423,2000,2000,0.02
DefMe,1,syn_n2000_i2000_l40_s08_c025,minsup,0.1283715,0.4298,100.66,308,False,,20260922_014423,2000,2000,0.02
FPgrowth_Gen_Borgelt,1,syn_n2000_i2000_l40_s08_c025,minsup,0.1283715,0.0244,3.05,307,False,,20260922_014423,2000,2000,0.02
Gr_growth,1,syn_n2000_i2000_l40_s08_c025,minsup,0.1283715,0.0387,3.84,308,False,,20260922_014424,2000,2000,0.02
TalkyG_Diffset,1,syn_n2000_i2000_l40_s08_c025,minsup,0.1283715,0.4016,97.72,308,False,,20260922_014424,2000,2000,0.02
Pascal,1,syn_n2000_i2000_l40_s08_c025,minsup,0.1283715,0.6826,85.93,307,False,,20260922_014424,2000,2000,0.02
Talky_G,1,syn_n2000_i2000_l40_s08_c025,minsup,0.1283715,0.5129,98.09,308,False,,20260922_014425,2000,2000,0.02
Apriori_Gen_Borgelt,1,syn_n2000_i2000_l40_s08_c025,minsup,0.0694305,0.0156,0.29,1320,False,,20260922_014425,2000,2000,0.05
Zart,1,syn_n2000_i2000_l40_s08_c025,minsup,0.1283715,0.62,143.46,308,False,,20260922_014425,2000,2000,0.02
Eclat_Gen_Borgelt,1,syn_n2000_i2000_l40_s08_c025,minsup,0.0694305,0.0278,0.35,1320,False,,20260922_014425,2000,2000,0.05
Zart,1,syn_n2000_i2000_l40_s00_c06,minsup,0.023976,10.9069,674.55,562,False,,20260922_014425,2000,2000,0.25
FPgrowth_Gen_Borgelt,1,syn_n2000_i2000_l40_s08_c025,minsup,0.0694305,0.018,3.72,1320,False,,20260922_014426,2000,2000,0.05
Gr_growth,1,syn_n2000_i2000_l40_s08_c025,minsup,0.0694305,0.0267,12.32,1321,False,,20260922_014426,2000,2000,0.05
DefMe,1,syn_n2000_i2000_l40_s08_c025,minsup,0.0694305,0.6135,98.5,1321,False,,20260922_014426,2000,2000,0.05
TalkyG_Diffset,1,syn_n2000_i2000_l40_s08_c025,minsup,0.0694305,0.4686,95.14,1321,False,,20260922_014426,2000,2000,0.05
Talky_G,1,syn_n2000_i2000_l40_s08_c025,minsup,0.0694305,0.4248,99.28,1321,False,,20260922_014426,2000,2000,0.05
Apriori_Gen_Borgelt,1,syn_n2000_i2000_l40_s08_c025,minsup,0.0344655,0.034,3.82,6506,False,,20260922_014427,2000,2000,0.12
Pascal,1,syn_n2000_i2000_l40_s08_c025,minsup,0.0694305,1.3237,95.53,1320,False,,20260922_014427,2000,2000,0.05
Eclat_Gen_Borgelt,1,syn_n2000_i2000_l40_s08_c025,minsup,0.0344655,0.0321,3.42,6506,False,,20260922_014427,2000,2000,0.12
DefMe,1,syn_n2000_i2000_l40_s08_c025,minsup,0.0344655,0.5065,107.33,6507,False,,20260922_014427,2000,2000,0.12
FPgrowth_Gen_Borgelt,1,syn_n2000_i2000_l40_s08_c025,minsup,0.0344655,0.0352,0.24,6506,False,,20260922_014427,2000,2000,0.12
Gr_growth,1,syn_n2000_i2000_l40_s08_c025,minsup,0.0344655,0.0482,9.82,6507,False,,20260922_014428,2000,2000,0.12
TalkyG_Diffset,1,syn_n2000_i2000_l40_s08_c025,minsup,0.0344655,0.443,107.73,6507,False,,20260922_014428,2000,2000,0.12
Zart,1,syn_n2000_i2000_l40_s08_c025,minsup,0.0694305,1.9991,392.6,1321,False,,20260922_014429,2000,2000,0.05
Talky_G,1,syn_n2000_i2000_l40_s08_c025,minsup,0.0344655,0.5008,104.9,6507,False,,20260922_014429,2000,2000,0.12
Apriori_Gen_Borgelt,1,syn_n2000_i2000_l40_s08_c025,minsup,0.018980999999999998,0.0605,5.13,24453,False,,20260922_014429,2000,2000,0.25
DefMe,1,syn_n2000_i2000_l40_s08_c025,minsup,0.018980999999999998,0.4226,142.43,24454,False,,20260922_014430,2000,2000,0.25
Eclat_Gen_Borgelt,1,syn_n2000_i2000_l40_s08_c025,minsup,0.018980999999999998,0.0803,13.48,24453,False,,20260922_014430,2000,2000,0.25
FPgrowth_Gen_Borgelt,1,syn_n2000_i2000_l40_s08_c025,minsup,0.018980999999999998,0.0345,17.79,24453,False,,20260922_014430,2000,2000,0.25
Gr_growth,1,syn_n2000_i2000_l40_s08_c025,minsup,0.018980999999999998,0.0765,16.42,24454,False,,20260922_014431,2000,2000,0.25
Pascal,1,syn_n2000_i2000_l40_s08_c025,minsup,0.0344655,4.2421,108.27,6506,False,,20260922_014432,2000,2000,0.12
TalkyG_Diffset,1,syn_n2000_i2000_l40_s08_c025,minsup,0.018980999999999998,0.6419,147.69,24454,False,,20260922_014433,2000,2000,0.25
Talky_G,1,syn_n2000_i2000_l40_s08_c025,minsup,0.018980999999999998,0.6285,140.64,24454,False,,20260922_014434,2000,2000,0.25
Zart,1,syn_n2000_i2000_l40_s08_c025,minsup,0.0344655,13.3025,853.44,6507,False,,20260922_014442,2000,2000,0.12
Apriori_Gen_Borgelt,1,syn_n2000_i2000_l40_s08_c06,minsup,0.1243755,0.0152,0.28,252,False,,20260922_014442,2000,2000,0.02
DefMe,1,syn_n2000_i2000_l40_s08_c06,minsup,0.1243755,0.3501,91.82,253,False,,20260922_014443,2000,2000,0.02
Eclat_Gen_Borgelt,1,syn_n2000_i2000_l40_s08_c06,minsup,0.1243755,0.0195,0.2,252,False,,20260922_014443,2000,2000,0.02
FPgrowth_Gen_Borgelt,1,syn_n2000_i2000_l40_s08_c06,minsup,0.1243755,0.0159,0.2,252,False,,20260922_014443,2000,2000,0.02
Gr_growth,1,syn_n2000_i2000_l40_s08_c06,minsup,0.1243755,0.0161,0.26,253,False,,20260922_014443,2000,2000,0.02
Pascal,1,syn_n2000_i2000_l40_s08_c025,minsup,0.018980999999999998,13.1898,129.09,24453,False,,20260922_014444,2000,2000,0.25
Pascal,1,syn_n2000_i2000_l40_s08_c06,minsup,0.1243755,0.6561,84.88,252,False,,20260922_014444,2000,2000,0.02
TalkyG_Diffset,1,syn_n2000_i2000_l40_s08_c06,minsup,0.1243755,0.4676,92.4,253,False,,20260922_014445,2000,2000,0.02
Talky_G,1,syn_n2000_i2000_l40_s08_c06,minsup,0.1243755,0.502,94.31,253,False,,20260922_014445,2000,2000,0.02
Apriori_Gen_Borgelt,1,syn_n2000_i2000_l40_s08_c06,minsup,0.0644355,0.0172,3.35,1191,False,,20260922_014445,2000,2000,0.05
Zart,1,syn_n2000_i2000_l40_s08_c06,minsup,0.1243755,0.6387,130.29,253,False,,20260922_014445,2000,2000,0.02
Eclat_Gen_Borgelt,1,syn_n2000_i2000_l40_s08_c06,minsup,0.0644355,0.0233,3.04,1191,False,,20260922_014446,2000,2000,0.05
DefMe,1,syn_n2000_i2000_l40_s08_c06,minsup,0.0644355,0.4473,95.64,1192,False,,20260922_014446,2000,2000,0.05
FPgrowth_Gen_Borgelt,1,syn_n2000_i2000_l40_s08_c06,minsup,0.0644355,0.0146,0.39,1191,False,,20260922_014446,2000,2000,0.05
Gr_growth,1,syn_n2000_i2000_l40_s08_c06,minsup,0.0644355,0.0342,14.47,1192,False,,20260922_014446,2000,2000,0.05
TalkyG_Diffset,1,syn_n2000_i2000_l40_s08_c06,minsup,0.0644355,0.4414,102.13,1192,False,,20260922_014446,2000,2000,0.05
Talky_G,1,syn_n2000_i2000_l40_s08_c06,minsup,0.0644355,0.4022,95.13,1192,False,,20260922_014447,2000,2000,0.05
Pascal,1,syn_n2000_i2000_l40_s08_c06,minsup,0.0644355,1.1954,88.46,1191,False,,20260922_014447,2000,2000,0.05
Apriori_Gen_Borgelt,1,syn_n2000_i2000_l40_s08_c06,minsup,0.0314685,0.0275,3.98,5871,False,,20260922_014447,2000,2000,0.12
DefMe,1,syn_n2000_i2000_l40_s08_c06,minsup,0.0314685,0.3253,111.17,5872,False,,20260922_014448,2000,2000,0.12
Eclat_Gen_Borgelt,1,syn_n2000_i2000_l40_s08_c06,minsup,0.0314685,0.0275,5.73,5871,False,,20260922_014448,2000,2000,0.12
FPgrowth_Gen_Borgelt,1,syn_n2000_i2000_l40_s08_c06,minsup,0.0314685,0.0237,3.49,5871,False,,20260922_014448,2000,2000,0.12
Gr_growth,1,syn_n2000_i2000_l40_s08_c06,minsup,0.0314685,0.0322,13.15,5872,False,,20260922_014448,2000,2000,0.12
Zart,1,syn_n2000_i2000_l40_s08_c06,minsup,0.0644355,1.6934,395.09,1192,False,,20260922_014449,2000,2000,0.05
TalkyG_Diffset,1,syn_n2000_i2000_l40_s08_c06,minsup,0.0314685,0.4325,106.11,5872,False,,20260922_014449,2000,2000,0.12
Talky_G,1,syn_n2000_i2000_l40_s08_c06,minsup,0.0314685,0.4142,98.77,5872,False,,20260922_014450,2000,2000,0.12
Pascal,1,syn_n2000_i2000_l40_s08_c06,minsup,0.0314685,3.6021,110.18,5871,False,,20260922_014452,2000,2000,0.12
Apriori_Gen_Borgelt,1,syn_n2000_i2000_l40_s08_c06,minsup,0.017981999999999998,0.0405,5.09,20092,False,,20260922_014452,2000,2000,0.25
DefMe,1,syn_n2000_i2000_l40_s08_c06,minsup,0.017981999999999998,0.359,134.49,20093,False,,20260922_014453,2000,2000,0.25
Eclat_Gen_Borgelt,1,syn_n2000_i2000_l40_s08_c06,minsup,0.017981999999999998,0.0582,12.13,20092,False,,20260922_014453,2000,2000,0.25
FPgrowth_Gen_Borgelt,1,syn_n2000_i2000_l40_s08_c06,minsup,0.017981999999999998,0.0539,17.2,20092,False,,20260922_014453,2000,2000,0.25
Gr_growth,1,syn_n2000_i2000_l40_s08_c06,minsup,0.017981999999999998,0.0521,16.3,20093,False,,20260922_014454,2000,2000,0.25
Zart,1,syn_n2000_i2000_l40_s08_c06,minsup,0.0314685,10.0418,674.38,5872,False,,20260922_014500,2000,2000,0.12
TalkyG_Diffset,1,syn_n2000_i2000_l40_s08_c06,minsup,0.017981999999999998,0.4857,137.8,20093,False,,20260922_014501,2000,2000,0.25
Talky_G,1,syn_n2000_i2000_l40_s08_c06,minsup,0.017981999999999998,0.468,132.32,20093,False,,20260922_014501,2000,2000,0.25
Pascal,1,syn_n2000_i2000_l40_s08_c06,minsup,0.017981999999999998,11.543,116.77,20092,False,,20260922_014505,2000,2000,0.25
Apriori_Gen_Borgelt,1,syn_n2000_i2000_l40_s16_c025,minsup,0.3831165,0.1874,4.3,22741,False,,20260922_014506,2000,1445,0.02
DefMe,1,syn_n2000_i2000_l40_s16_c025,minsup,0.3831165,0.4677,234.46,22742,False,,20260922_014506,2000,1445,0.02
Eclat_Gen_Borgelt,1,syn_n2000_i2000_l40_s16_c025,minsup,0.3831165,0.0446,11.95,22741,False,,20260922_014506,2000,1445,0.02
FPgrowth_Gen_Borgelt,1,syn_n2000_i2000_l40_s16_c025,minsup,0.3831165,0.0349,3.6,22741,False,,20260922_014507,2000,1445,0.02
Gr_growth,1,syn_n2000_i2000_l40_s16_c025,minsup,0.3831165,0.0522,14.73,22850,False,,20260922_014507,2000,1445,0.02
Pascal,1,syn_n2000_i2000_l40_s16_c025,minsup,0.3831165,8.2834,113.23,22741,False,,20260922_014515,2000,1445,0.02
TalkyG_Diffset,1,syn_n2000_i2000_l40_s16_c025,minsup,0.3831165,0.4456,131.69,22741,False,,20260922_014516,2000,1445,0.02
Talky_G,1,syn_n2000_i2000_l40_s16_c025,minsup,0.3831165,0.4151,123.3,22741,False,,20260922_014516,2000,1445,0.02
Zart,1,syn_n2000_i2000_l20_s16_c06,minsup,0.018980999999999998,300.193,993.03,0,True,,20260922_014601,2000,950,0.12
Apriori_Gen_Borgelt,1,syn_n2000_i2000_l40_s16_c025,minsup,0.1263735,3.8377,20.54,527272,False,,20260922_014605,2000,1445,0.05
DefMe,1,syn_n2000_i2000_l40_s16_c025,minsup,0.1263735,1.7399,785.32,527273,False,,20260922_014607,2000,1445,0.05
Eclat_Gen_Borgelt,1,syn_n2000_i2000_l40_s16_c025,minsup,0.1263735,0.3713,52.25,527272,False,,20260922_014607,2000,1445,0.05
FPgrowth_Gen_Borgelt,1,syn_n2000_i2000_l40_s16_c025,minsup,0.1263735,0.2972,53.92,527272,False,,20260922_014608,2000,1445,0.05
Gr_growth,1,syn_n2000_i2000_l40_s16_c025,minsup,0.1263735,0.4444,34.07,527273,False,,20260922_014609,2000,1445,0.05
Pascal,1,syn_n2000_i2000_l20_s16_c06,minsup,0.005994,300.1403,220.3,205629,True,,20260922_014720,2000,950,0.25
Zart,1,syn_n2000_i2000_l40_s08_c06,minsup,0.017981999999999998,142.9236,829.82,20093,False,,20260922_014725,2000,2000,0.25
TalkyG_Diffset,1,syn_n2000_i2000_l40_s16_c025,minsup,0.1263735,12.7394,426.34,527277,False,,20260922_014733,2000,1445,0.05
Talky_G,1,syn_n2000_i2000_l40_s16_c025,minsup,0.1263735,12.2921,412.45,527277,False,,20260922_014737,2000,1445,0.05
Zart,1,syn_n2000_i2000_l40_s08_c025,minsup,0.018980999999999998,202.4153,1026.27,24454,False,,20260922_014756,2000,2000,0.25
Apriori_Gen_Borgelt,1,syn_n2000_i2000_l40_s16_c025,minsup,0.028971,28.4126,299.98,8637132,False,,20260922_014806,2000,1445,0.12
Eclat_Gen_Borgelt,1,syn_n2000_i2000_l40_s16_c025,minsup,0.028971,7.1258,730.15,8637132,False,,20260922_014814,2000,1445,0.12
DefMe,1,syn_n2000_i2000_l40_s16_c025,minsup,0.028971,23.5957,925.12,8637133,False,,20260922_014821,2000,1445,0.12
FPgrowth_Gen_Borgelt,1,syn_n2000_i2000_l40_s16_c025,minsup,0.028971,5.9701,738.6,8637132,False,,20260922_014821,2000,1445,0.12
Zart,1,syn_n2000_i2000_l20_s16_c06,minsup,0.005994,300.2176,1061.21,0,True,,20260922_014825,2000,950,0.25
Gr_growth,1,syn_n2000_i2000_l40_s16_c025,minsup,0.028971,8.0547,415.01,8637133,False,,20260922_014830,2000,1445,0.12
Zart,1,syn_n2000_i2000_l40_s16_c025,minsup,0.3831165,300.1679,808.76,0,True,,20260922_015017,2000,1445,0.02
Pascal,1,syn_n2000_i2000_l40_s16_c025,minsup,0.1263735,300.1463,362.48,203012,True,,20260922_015109,2000,1445,0.05
Zart,1,syn_n2000_i2000_l40_s16_c025,minsup,0.1263735,300.1642,820.62,0,True,,20260922_015233,2000,1445,0.05
Apriori_Gen_Borgelt,1,syn_n2000_i2000_l40_s16_c025,minsup,0.007992,108.994,1967.94,52495100,False,,20260922_015302,2000,1445,0.25
Pascal,1,syn_n2000_i2000_l40_s16_c025,minsup,0.028971,300.1402,194.8,240283,True,,20260922_015322,2000,1445,0.12
TalkyG_Diffset,1,syn_n2000_i2000_l40_s16_c025,minsup,0.028971,300.1589,460.11,1035866,True,,20260922_015325,2000,1445,0.12
Talky_G,1,syn_n2000_i2000_l40_s16_c025,minsup,0.028971,300.1475,450.2,1045978,True,,20260922_015331,2000,1445,0.12
Gr_growth,1,syn_n2000_i2000_l40_s16_c025,minsup,0.007992,55.3037,2394.15,52495101,False,,20260922_015429,2000,1445,0.25
Eclat_Gen_Borgelt,1,syn_n2000_i2000_l40_s16_c025,minsup,0.007992,103.8365,4300.85,52495100,False,,20260922_015451,2000,1445,0.25
FPgrowth_Gen_Borgelt,1,syn_n2000_i2000_l40_s16_c025,minsup,0.007992,97.2701,4312.83,52495100,False,,20260922_015503,2000,1445,0.25
Zart,1,syn_n2000_i2000_l40_s16_c025,minsup,0.028971,300.2,1061.29,0,True,,20260922_015517,2000,1445,0.12
Apriori_Gen_Borgelt,1,syn_n2000_i2000_l40_s16_c06,minsup,0.420579,0.1833,4.38,25767,False,,20260922_015518,2000,1438,0.02
DefMe,1,syn_n2000_i2000_l40_s16_c06,minsup,0.420579,0.401,137.16,25768,False,,20260922_015518,2000,1438,0.02
Eclat_Gen_Borgelt,1,syn_n2000_i2000_l40_s16_c06,minsup,0.420579,0.0384,6.82,25767,False,,20260922_015518,2000,1438,0.02
FPgrowth_Gen_Borgelt,1,syn_n2000_i2000_l40_s16_c06,minsup,0.420579,0.0331,5.01,25767,False,,20260922_015518,2000,1438,0.02
Gr_growth,1,syn_n2000_i2000_l40_s16_c06,minsup,0.420579,0.0418,13.91,25885,False,,20260922_015519,2000,1438,0.02
Pascal,1,syn_n2000_i2000_l40_s16_c06,minsup,0.420579,5.1112,94.57,25767,False,,20260922_015524,2000,1438,0.02
TalkyG_Diffset,1,syn_n2000_i2000_l40_s16_c06,minsup,0.420579,0.4193,128.72,25768,False,,20260922_015525,2000,1438,0.02
Talky_G,1,syn_n2000_i2000_l40_s16_c06,minsup,0.420579,0.4336,123.11,25768,False,,20260922_015525,2000,1438,0.02
DefMe,1,syn_n2000_i2000_l40_s16_c025,minsup,0.007992,178.1711,1201.09,52495101,False,,20260922_015536,2000,1445,0.25
Apriori_Gen_Borgelt,1,syn_n2000_i2000_l40_s16_c06,minsup,0.1073925,8.6986,39.47,1116052,False,,20260922_015545,2000,1438,0.05
DefMe,1,syn_n2000_i2000_l40_s16_c06,minsup,0.1073925,2.2749,768.27,1116053,False,,20260922_015547,2000,1438,0.05
Eclat_Gen_Borgelt,1,syn_n2000_i2000_l40_s16_c06,minsup,0.1073925,0.7975,111.12,1116052,False,,20260922_015548,2000,1438,0.05
FPgrowth_Gen_Borgelt,1,syn_n2000_i2000_l40_s16_c06,minsup,0.1073925,0.666,114.48,1116052,False,,20260922_015549,2000,1438,0.05
Gr_growth,1,syn_n2000_i2000_l40_s16_c06,minsup,0.1073925,0.8972,57.32,1116053,False,,20260922_015550,2000,1438,0.05
Zart,1,syn_n2000_i2000_l40_s16_c06,minsup,0.420579,36.7411,786.89,25768,False,,20260922_015602,2000,1438,0.02
TalkyG_Diffset,1,syn_n2000_i2000_l40_s16_c06,minsup,0.1073925,73.8365,480.09,1116053,False,,20260922_015716,2000,1438,0.05
Talky_G,1,syn_n2000_i2000_l40_s16_c06,minsup,0.1073925,73.8223,491.89,1116053,False,,20260922_015830,2000,1438,0.05
Pascal,1,syn_n2000_i2000_l40_s16_c025,minsup,0.007992,300.1577,465.95,973283,True,,20260922_015831,2000,1445,0.25
Apriori_Gen_Borgelt,1,syn_n2000_i2000_l40_s16_c06,minsup,0.029470499999999997,43.3909,393.02,11694876,False,,20260922_015916,2000,1438,0.12
TalkyG_Diffset,1,syn_n2000_i2000_l40_s16_c025,minsup,0.007992,300.1451,417.07,544907,True,,20260922_015929,2000,1445,0.25
Eclat_Gen_Borgelt,1,syn_n2000_i2000_l40_s16_c06,minsup,0.029470499999999997,11.0823,981.64,11694876,False,,20260922_015941,2000,1438,0.12
DefMe,1,syn_n2000_i2000_l40_s16_c06,minsup,0.029470499999999997,29.5326,867.65,11694877,False,,20260922_015946,2000,1438,0.12
Talky_G,1,syn_n2000_i2000_l40_s16_c025,minsup,0.007992,300.0741,401.9,547474,True,,20260922_015951,2000,1445,0.25
FPgrowth_Gen_Borgelt,1,syn_n2000_i2000_l40_s16_c06,minsup,0.029470499999999997,9.244,991.12,11694876,False,,20260922_015952,2000,1438,0.12
Gr_growth,1,syn_n2000_i2000_l40_s16_c06,minsup,0.029470499999999997,11.4473,548.77,11694877,False,,20260922_020000,2000,1438,0.12
Zart,1,syn_n2000_i2000_l40_s16_c025,minsup,0.007992,300.203,1061.91,0,True,,20260922_020004,2000,1445,0.25
Pascal,1,syn_n2000_i2000_l40_s16_c06,minsup,0.1073925,300.1445,321.94,388886,True,,20260922_020051,2000,1438,0.05
Apriori_Gen_Borgelt,1,syn_n2000_i2000_l40_s16_c06,minsup,0.0084915,136.5617,2334.9,64378541,False,,20260922_020313,2000,1438,0.25
Zart,1,syn_n2000_i2000_l40_s16_c06,minsup,0.1073925,300.1827,840.92,0,True,,20260922_020331,2000,1438,0.05
Pascal,1,syn_n2000_i2000_l40_s16_c06,minsup,0.029470499999999997,300.1395,219.34,258251,True,,20260922_020451,2000,1438,0.12
TalkyG_Diffset,1,syn_n2000_i2000_l40_s16_c06,minsup,0.029470499999999997,300.1528,464.88,1008951,True,,20260922_020452,2000,1438,0.12
Talky_G,1,syn_n2000_i2000_l40_s16_c06,minsup,0.029470499999999997,300.1634,452.49,1043132,True,,20260922_020500,2000,1438,0.12
Zart,1,syn_n2000_i2000_l40_s16_c06,minsup,0.029470499999999997,300.2071,1060.99,0,True,,20260922_020504,2000,1438,0.12
Gr_growth,1,syn_n2000_i2000_l40_s16_c06,minsup,0.0084915,73.496,2944.3,64378542,False,,20260922_020615,2000,1438,0.25
Eclat_Gen_Borgelt,1,syn_n2000_i2000_l40_s16_c06,minsup,0.0084915,162.017,5304.0,64378541,False,,20260922_020618,2000,1438,0.25
DefMe,1,syn_n2000_i2000_l40_s16_c06,minsup,0.0084915,205.3237,1199.17,64378542,False,,20260922_020643,2000,1438,0.25
Apriori_Gen_Borgelt,1,syn_n10000_i80_l8_s00_c025,minsup,0.1641357,0.008,0.27,2,False,,20260922_020643,10000,80,0.02
DefMe,1,syn_n10000_i80_l8_s00_c025,minsup,0.1641357,0.3722,89.89,3,False,,20260922_020644,10000,80,0.02
Eclat_Gen_Borgelt,1,syn_n10000_i80_l8_s00_c025,minsup,0.1641357,0.019,2.9,2,False,,20260922_020644,10000,80,0.02
FPgrowth_Gen_Borgelt,1,syn_n10000_i80_l8_s00_c025,minsup,0.1641357,0.0081,0.2,2,False,,20260922_020644,10000,80,0.02
Gr_growth,1,syn_n10000_i80_l8_s00_c025,minsup,0.1641357,0.015,0.2,3,False,,20260922_020644,10000,80,0.02
Pascal,1,syn_n10000_i80_l8_s00_c025,minsup,0.1641357,0.3124,85.13,2,False,,20260922_020645,10000,80,0.02
TalkyG_Diffset,1,syn_n10000_i80_l8_s00_c025,minsup,0.1641357,0.3227,91.45,3,False,,20260922_020645,10000,80,0.02
Talky_G,1,syn_n10000_i80_l8_s00_c025,minsup,0.1641357,0.3238,92.56,3,False,,20260922_020646,10000,80,0.02
Zart,1,syn_n10000_i80_l8_s00_c025,minsup,0.1641357,0.3304,100.29,3,False,,20260922_020646,10000,80,0.02
Apriori_Gen_Borgelt,1,syn_n10000_i80_l8_s00_c025,minsup,0.1545453,0.0081,0.26,4,False,,20260922_020646,10000,80,0.05
DefMe,1,syn_n10000_i80_l8_s00_c025,minsup,0.1545453,0.3228,91.88,5,False,,20260922_020647,10000,80,0.05
Eclat_Gen_Borgelt,1,syn_n10000_i80_l8_s00_c025,minsup,0.1545453,0.0077,0.34,4,False,,20260922_020647,10000,80,0.05
FPgrowth_Gen_Borgelt,1,syn_n10000_i80_l8_s00_c025,minsup,0.1545453,0.014,0.34,4,False,,20260922_020647,10000,80,0.05
Gr_growth,1,syn_n10000_i80_l8_s00_c025,minsup,0.1545453,0.0233,0.02,5,False,,20260922_020647,10000,80,0.05
Pascal,1,syn_n10000_i80_l8_s00_c025,minsup,0.1545453,0.3617,91.02,4,False,,20260922_020648,10000,80,0.05
TalkyG_Diffset,1,syn_n10000_i80_l8_s00_c025,minsup,0.1545453,0.3444,94.55,5,False,,20260922_020648,10000,80,0.05
Talky_G,1,syn_n10000_i80_l8_s00_c025,minsup,0.1545453,0.3411,92.25,5,False,,20260922_020649,10000,80,0.05
Zart,1,syn_n10000_i80_l8_s00_c025,minsup,0.1545453,0.3734,97.6,5,False,,20260922_020649,10000,80,0.05
Apriori_Gen_Borgelt,1,syn_n10000_i80_l8_s00_c025,minsup,0.1417581,0.0137,2.91,10,False,,20260922_020650,10000,80,0.12
DefMe,1,syn_n10000_i80_l8_s00_c025,minsup,0.1417581,0.3258,92.23,11,False,,20260922_020650,10000,80,0.12
Eclat_Gen_Borgelt,1,syn_n10000_i80_l8_s00_c025,minsup,0.1417581,0.0079,0.35,10,False,,20260922_020650,10000,80,0.12
FPgrowth_Gen_Borgelt,1,syn_n10000_i80_l8_s00_c025,minsup,0.1417581,0.0081,0.36,10,False,,20260922_020650,10000,80,0.12
Gr_growth,1,syn_n10000_i80_l8_s00_c025,minsup,0.1417581,0.0177,0.27,11,False,,20260922_020651,10000,80,0.12
Pascal,1,syn_n10000_i80_l8_s00_c025,minsup,0.1417581,0.3407,83.95,10,False,,20260922_020651,10000,80,0.12
TalkyG_Diffset,1,syn_n10000_i80_l8_s00_c025,minsup,0.1417581,0.3397,96.06,11,False,,20260922_020652,10000,80,0.12
Talky_G,1,syn_n10000_i80_l8_s00_c025,minsup,0.1417581,0.354,91.01,11,False,,20260922_020652,10000,80,0.12
Zart,1,syn_n10000_i80_l8_s00_c025,minsup,0.1417581,0.3845,96.57,11,False,,20260922_020653,10000,80,0.12
Apriori_Gen_Borgelt,1,syn_n10000_i80_l8_s00_c025,minsup,0.1279719,0.0181,0.26,20,False,,20260922_020653,10000,80,0.25
DefMe,1,syn_n10000_i80_l8_s00_c025,minsup,0.1279719,0.2862,91.62,21,False,,20260922_020653,10000,80,0.25
Eclat_Gen_Borgelt,1,syn_n10000_i80_l8_s00_c025,minsup,0.1279719,0.0184,0.2,20,False,,20260922_020653,10000,80,0.25
FPgrowth_Gen_Borgelt,1,syn_n10000_i80_l8_s00_c025,minsup,0.1279719,0.0082,0.34,20,False,,20260922_020654,10000,80,0.25
Gr_growth,1,syn_n10000_i80_l8_s00_c025,minsup,0.1279719,0.0142,0.27,21,False,,20260922_020654,10000,80,0.25
Pascal,1,syn_n10000_i80_l8_s00_c025,minsup,0.1279719,0.3592,88.18,20,False,,20260922_020654,10000,80,0.25
TalkyG_Diffset,1,syn_n10000_i80_l8_s00_c025,minsup,0.1279719,0.3847,95.6,21,False,,20260922_020655,10000,80,0.25
Talky_G,1,syn_n10000_i80_l8_s00_c025,minsup,0.1279719,0.3434,87.99,21,False,,20260922_020655,10000,80,0.25
Zart,1,syn_n10000_i80_l8_s00_c025,minsup,0.1279719,0.4411,99.2,21,False,,20260922_020656,10000,80,0.25
Apriori_Gen_Borgelt,1,syn_n10000_i80_l8_s00_c06,minsup,0.16353630000000002,0.0187,0.27,2,False,,20260922_020656,10000,80,0.02
DefMe,1,syn_n10000_i80_l8_s00_c06,minsup,0.16353630000000002,0.3574,94.33,3,False,,20260922_020656,10000,80,0.02
Eclat_Gen_Borgelt,1,syn_n10000_i80_l8_s00_c06,minsup,0.16353630000000002,0.0081,0.2,2,False,,20260922_020657,10000,80,0.02
FPgrowth_Gen_Borgelt,1,syn_n10000_i80_l8_s00_c06,minsup,0.16353630000000002,0.0078,0.25,2,False,,20260922_020657,10000,80,0.02
Gr_growth,1,syn_n10000_i80_l8_s00_c06,minsup,0.16353630000000002,0.0186,10.45,3,False,,20260922_020657,10000,80,0.02
Pascal,1,syn_n10000_i80_l8_s00_c06,minsup,0.16353630000000002,0.3517,90.33,2,False,,20260922_020657,10000,80,0.02
TalkyG_Diffset,1,syn_n10000_i80_l8_s00_c06,minsup,0.16353630000000002,0.3559,96.84,3,False,,20260922_020658,10000,80,0.02
Talky_G,1,syn_n10000_i80_l8_s00_c06,minsup,0.16353630000000002,0.3227,93.41,3,False,,20260922_020658,10000,80,0.02
Zart,1,syn_n10000_i80_l8_s00_c06,minsup,0.16353630000000002,0.323,98.41,3,False,,20260922_020659,10000,80,0.02
Apriori_Gen_Borgelt,1,syn_n10000_i80_l8_s00_c06,minsup,0.15664319999999998,0.0083,0.19,4,False,,20260922_020659,10000,80,0.05
DefMe,1,syn_n10000_i80_l8_s00_c06,minsup,0.15664319999999998,0.3646,96.84,5,False,,20260922_020700,10000,80,0.05
Eclat_Gen_Borgelt,1,syn_n10000_i80_l8_s00_c06,minsup,0.15664319999999998,0.0077,0.22,4,False,,20260922_020700,10000,80,0.05
FPgrowth_Gen_Borgelt,1,syn_n10000_i80_l8_s00_c06,minsup,0.15664319999999998,0.0081,0.24,4,False,,20260922_020700,10000,80,0.05
Gr_growth,1,syn_n10000_i80_l8_s00_c06,minsup,0.15664319999999998,0.0191,0.36,6,False,,20260922_020700,10000,80,0.05
Pascal,1,syn_n10000_i80_l8_s00_c06,minsup,0.15664319999999998,0.3179,91.96,4,False,,20260922_020701,10000,80,0.05
TalkyG_Diffset,1,syn_n10000_i80_l8_s00_c06,minsup,0.15664319999999998,0.3781,92.03,5,False,,20260922_020701,10000,80,0.05
Talky_G,1,syn_n10000_i80_l8_s00_c06,minsup,0.15664319999999998,0.3251,91.49,5,False,,20260922_020702,10000,80,0.05
Zart,1,syn_n10000_i80_l8_s00_c06,minsup,0.15664319999999998,0.3297,104.68,5,False,,20260922_020702,10000,80,0.05
Apriori_Gen_Borgelt,1,syn_n10000_i80_l8_s00_c06,minsup,0.13526459999999998,0.0085,0.29,10,False,,20260922_020702,10000,80,0.12
DefMe,1,syn_n10000_i80_l8_s00_c06,minsup,0.13526459999999998,0.3319,88.55,11,False,,20260922_020703,10000,80,0.12
Eclat_Gen_Borgelt,1,syn_n10000_i80_l8_s00_c06,minsup,0.13526459999999998,0.0079,0.19,10,False,,20260922_020703,10000,80,0.12
FPgrowth_Gen_Borgelt,1,syn_n10000_i80_l8_s00_c06,minsup,0.13526459999999998,0.0103,0.23,10,False,,20260922_020703,10000,80,0.12
Gr_growth,1,syn_n10000_i80_l8_s00_c06,minsup,0.13526459999999998,0.0142,0.22,11,False,,20260922_020703,10000,80,0.12
Pascal,1,syn_n10000_i80_l8_s00_c06,minsup,0.13526459999999998,0.3626,88.16,10,False,,20260922_020704,10000,80,0.12
TalkyG_Diffset,1,syn_n10000_i80_l8_s00_c06,minsup,0.13526459999999998,0.3552,95.2,11,False,,20260922_020704,10000,80,0.12
Talky_G,1,syn_n10000_i80_l8_s00_c06,minsup,0.13526459999999998,0.3393,90.52,11,False,,20260922_020705,10000,80,0.12
Zart,1,syn_n10000_i80_l8_s00_c06,minsup,0.13526459999999998,0.3602,98.21,11,False,,20260922_020705,10000,80,0.12
Apriori_Gen_Borgelt,1,syn_n10000_i80_l8_s00_c06,minsup,0.1219779,0.021,2.91,20,False,,20260922_020705,10000,80,0.25
DefMe,1,syn_n10000_i80_l8_s00_c06,minsup,0.1219779,0.3032,92.13,21,False,,20260922_020706,10000,80,0.25
Eclat_Gen_Borgelt,1,syn_n10000_i80_l8_s00_c06,minsup,0.1219779,0.0152,0.38,20,False,,20260922_020706,10000,80,0.25
FPgrowth_Gen_Borgelt,1,syn_n10000_i80_l8_s00_c06,minsup,0.1219779,0.0179,0.2,20,False,,20260922_020706,10000,80,0.25
Gr_growth,1,syn_n10000_i80_l8_s00_c06,minsup,0.1219779,0.0266,0.02,21,False,,20260922_020706,10000,80,0.25
Pascal,1,syn_n10000_i80_l8_s00_c06,minsup,0.1219779,0.421,84.76,20,False,,20260922_020707,10000,80,0.25
TalkyG_Diffset,1,syn_n10000_i80_l8_s00_c06,minsup,0.1219779,0.3527,93.25,21,False,,20260922_020707,10000,80,0.25
Talky_G,1,syn_n10000_i80_l8_s00_c06,minsup,0.1219779,0.3542,92.25,21,False,,20260922_020708,10000,80,0.25
Zart,1,syn_n10000_i80_l8_s00_c06,minsup,0.1219779,0.4004,106.37,21,False,,20260922_020708,10000,80,0.25
Apriori_Gen_Borgelt,1,syn_n10000_i80_l8_s08_c025,minsup,0.5777217,0.0179,0.32,2,False,,20260922_020709,10000,80,0.02
DefMe,1,syn_n10000_i80_l8_s08_c025,minsup,0.5777217,0.3356,91.88,3,False,,20260922_020709,10000,80,0.02
Eclat_Gen_Borgelt,1,syn_n10000_i80_l8_s08_c025,minsup,0.5777217,0.0076,0.23,2,False,,20260922_020709,10000,80,0.02
FPgrowth_Gen_Borgelt,1,syn_n10000_i80_l8_s08_c025,minsup,0.5777217,0.0183,0.34,2,False,,20260922_020709,10000,80,0.02
Gr_growth,1,syn_n10000_i80_l8_s08_c025,minsup,0.5777217,0.0155,0.28,3,False,,20260922_020710,10000,80,0.02
Pascal,1,syn_n10000_i80_l8_s08_c025,minsup,0.5777217,0.3024,91.2,2,False,,20260922_020710,10000,80,0.02
TalkyG_Diffset,1,syn_n10000_i80_l8_s08_c025,minsup,0.5777217,0.3447,92.28,3,False,,20260922_020711,10000,80,0.02
Talky_G,1,syn_n10000_i80_l8_s08_c025,minsup,0.5777217,0.3052,93.79,3,False,,20260922_020711,10000,80,0.02
Zart,1,syn_n10000_i80_l8_s08_c025,minsup,0.5777217,0.3076,98.56,3,False,,20260922_020711,10000,80,0.02
Apriori_Gen_Borgelt,1,syn_n10000_i80_l8_s08_c025,minsup,0.361638,0.008,0.19,5,False,,20260922_020712,10000,80,0.05
DefMe,1,syn_n10000_i80_l8_s08_c025,minsup,0.361638,0.289,91.66,6,False,,20260922_020712,10000,80,0.05
Eclat_Gen_Borgelt,1,syn_n10000_i80_l8_s08_c025,minsup,0.361638,0.0083,0.36,5,False,,20260922_020712,10000,80,0.05
FPgrowth_Gen_Borgelt,1,syn_n10000_i80_l8_s08_c025,minsup,0.361638,0.0217,0.19,5,False,,20260922_020712,10000,80,0.05
Gr_growth,1,syn_n10000_i80_l8_s08_c025,minsup,0.361638,0.0259,0.02,6,False,,20260922_020713,10000,80,0.05
Pascal,1,syn_n10000_i80_l8_s08_c025,minsup,0.361638,0.3295,86.26,5,False,,20260922_020713,10000,80,0.05
TalkyG_Diffset,1,syn_n10000_i80_l8_s08_c025,minsup,0.361638,0.3449,93.98,6,False,,20260922_020714,10000,80,0.05
Talky_G,1,syn_n10000_i80_l8_s08_c025,minsup,0.361638,0.3536,92.26,6,False,,20260922_020714,10000,80,0.05
Zart,1,syn_n10000_i80_l8_s08_c025,minsup,0.361638,0.3988,100.02,6,False,,20260922_020715,10000,80,0.05
Apriori_Gen_Borgelt,1,syn_n10000_i80_l8_s08_c025,minsup,0.2123874,0.0081,0.28,17,False,,20260922_020715,10000,80,0.12
DefMe,1,syn_n10000_i80_l8_s08_c025,minsup,0.2123874,0.3342,94.03,18,False,,20260922_020715,10000,80,0.12
Eclat_Gen_Borgelt,1,syn_n10000_i80_l8_s08_c025,minsup,0.2123874,0.0177,0.38,17,False,,20260922_020715,10000,80,0.12
FPgrowth_Gen_Borgelt,1,syn_n10000_i80_l8_s08_c025,minsup,0.2123874,0.0077,0.43,17,False,,20260922_020716,10000,80,0.12
Gr_growth,1,syn_n10000_i80_l8_s08_c025,minsup,0.2123874,0.0145,0.27,18,False,,20260922_020716,10000,80,0.12
Pascal,1,syn_n10000_i80_l8_s08_c025,minsup,0.2123874,0.3517,90.6,17,False,,20260922_020716,10000,80,0.12
TalkyG_Diffset,1,syn_n10000_i80_l8_s08_c025,minsup,0.2123874,0.3101,94.66,18,False,,20260922_020717,10000,80,0.12
Talky_G,1,syn_n10000_i80_l8_s08_c025,minsup,0.2123874,0.2897,91.21,18,False,,20260922_020717,10000,80,0.12
Zart,1,syn_n10000_i80_l8_s08_c025,minsup,0.2123874,0.3729,102.84,18,False,,20260922_020718,10000,80,0.12
Apriori_Gen_Borgelt,1,syn_n10000_i80_l8_s08_c025,minsup,0.1212786,0.0312,2.83,49,False,,20260922_020718,10000,80,0.25
DefMe,1,syn_n10000_i80_l8_s08_c025,minsup,0.1212786,0.3286,92.36,50,False,,20260922_020718,10000,80,0.25
Eclat_Gen_Borgelt,1,syn_n10000_i80_l8_s08_c025,minsup,0.1212786,0.0181,0.29,49,False,,20260922_020719,10000,80,0.25
FPgrowth_Gen_Borgelt,1,syn_n10000_i80_l8_s08_c025,minsup,0.1212786,0.0083,0.25,49,False,,20260922_020719,10000,80,0.25
Gr_growth,1,syn_n10000_i80_l8_s08_c025,minsup,0.1212786,0.0212,0.25,50,False,,20260922_020719,10000,80,0.25
Pascal,1,syn_n10000_i80_l8_s08_c025,minsup,0.1212786,0.3865,94.09,49,False,,20260922_020719,10000,80,0.25
TalkyG_Diffset,1,syn_n10000_i80_l8_s08_c025,minsup,0.1212786,0.3316,94.94,50,False,,20260922_020720,10000,80,0.25
Talky_G,1,syn_n10000_i80_l8_s08_c025,minsup,0.1212786,0.3374,93.38,50,False,,20260922_020720,10000,80,0.25
Zart,1,syn_n10000_i80_l8_s08_c025,minsup,0.1212786,0.4744,109.15,50,False,,20260922_020721,10000,80,0.25
Apriori_Gen_Borgelt,1,syn_n10000_i80_l8_s08_c06,minsup,0.47572380000000003,0.0186,3.14,2,False,,20260922_020721,10000,80,0.02
DefMe,1,syn_n10000_i80_l8_s08_c06,minsup,0.47572380000000003,0.3181,89.74,3,False,,20260922_020722,10000,80,0.02
Eclat_Gen_Borgelt,1,syn_n10000_i80_l8_s08_c06,minsup,0.47572380000000003,0.0076,0.2,2,False,,20260922_020722,10000,80,0.02
FPgrowth_Gen_Borgelt,1,syn_n10000_i80_l8_s08_c06,minsup,0.47572380000000003,0.0076,0.33,2,False,,20260922_020722,10000,80,0.02
Gr_growth,1,syn_n10000_i80_l8_s08_c06,minsup,0.47572380000000003,0.0184,0.02,3,False,,20260922_020722,10000,80,0.02
Pascal,1,syn_n10000_i80_l8_s08_c06,minsup,0.47572380000000003,0.2906,88.29,2,False,,20260922_020723,10000,80,0.02
TalkyG_Diffset,1,syn_n10000_i80_l8_s08_c06,minsup,0.47572380000000003,0.3638,92.78,3,False,,20260922_020723,10000,80,0.02
Talky_G,1,syn_n10000_i80_l8_s08_c06,minsup,0.47572380000000003,0.3274,97.56,3,False,,20260922_020724,10000,80,0.02
Zart,1,syn_n10000_i80_l8_s08_c06,minsup,0.47572380000000003,0.3436,100.32,3,False,,20260922_020724,10000,80,0.02
Apriori_Gen_Borgelt,1,syn_n10000_i80_l8_s08_c06,minsup,0.38841119999999996,0.0075,0.28,4,False,,20260922_020724,10000,80,0.05
DefMe,1,syn_n10000_i80_l8_s08_c06,minsup,0.38841119999999996,0.3024,90.97,5,False,,20260922_020725,10000,80,0.05
Eclat_Gen_Borgelt,1,syn_n10000_i80_l8_s08_c06,minsup,0.38841119999999996,0.0082,0.38,4,False,,20260922_020725,10000,80,0.05
FPgrowth_Gen_Borgelt,1,syn_n10000_i80_l8_s08_c06,minsup,0.38841119999999996,0.0085,0.24,4,False,,20260922_020725,10000,80,0.05
Gr_growth,1,syn_n10000_i80_l8_s08_c06,minsup,0.38841119999999996,0.018,0.26,5,False,,20260922_020725,10000,80,0.05
Pascal,1,syn_n10000_i80_l8_s08_c06,minsup,0.38841119999999996,0.3137,89.79,4,False,,20260922_020726,10000,80,0.05
TalkyG_Diffset,1,syn_n10000_i80_l8_s08_c06,minsup,0.38841119999999996,0.3578,92.54,5,False,,20260922_020726,10000,80,0.05
Talky_G,1,syn_n10000_i80_l8_s08_c06,minsup,0.38841119999999996,0.348,91.5,5,False,,20260922_020727,10000,80,0.05
Zart,1,syn_n10000_i80_l8_s08_c06,minsup,0.38841119999999996,0.3547,98.95,5,False,,20260922_020727,10000,80,0.05
Apriori_Gen_Borgelt,1,syn_n10000_i80_l8_s08_c06,minsup,0.2031966,0.0241,0.02,15,False,,20260922_020727,10000,80,0.12
DefMe,1,syn_n10000_i80_l8_s08_c06,minsup,0.2031966,0.3315,88.7,16,False,,20260922_020728,10000,80,0.12
Eclat_Gen_Borgelt,1,syn_n10000_i80_l8_s08_c06,minsup,0.2031966,0.0083,0.32,15,False,,20260922_020728,10000,80,0.12
FPgrowth_Gen_Borgelt,1,syn_n10000_i80_l8_s08_c06,minsup,0.2031966,0.019,0.37,15,False,,20260922_020728,10000,80,0.12
Gr_growth,1,syn_n10000_i80_l8_s08_c06,minsup,0.2031966,0.0187,0.36,16,False,,20260922_020729,10000,80,0.12
Pascal,1,syn_n10000_i80_l8_s08_c06,minsup,0.2031966,0.3558,86.28,15,False,,20260922_020729,10000,80,0.12
TalkyG_Diffset,1,syn_n10000_i80_l8_s08_c06,minsup,0.2031966,0.3335,92.91,16,False,,20260922_020730,10000,80,0.12
Talky_G,1,syn_n10000_i80_l8_s08_c06,minsup,0.2031966,0.3463,92.67,16,False,,20260922_020730,10000,80,0.12
Zart,1,syn_n10000_i80_l8_s08_c06,minsup,0.2031966,0.3709,107.1,16,False,,20260922_020730,10000,80,0.12
Apriori_Gen_Borgelt,1,syn_n10000_i80_l8_s08_c06,minsup,0.1259739,0.018,0.24,42,False,,20260922_020731,10000,80,0.25
DefMe,1,syn_n10000_i80_l8_s08_c06,minsup,0.1259739,0.3507,90.68,43,False,,20260922_020731,10000,80,0.25
Eclat_Gen_Borgelt,1,syn_n10000_i80_l8_s08_c06,minsup,0.1259739,0.0191,0.19,42,False,,20260922_020731,10000,80,0.25
FPgrowth_Gen_Borgelt,1,syn_n10000_i80_l8_s08_c06,minsup,0.1259739,0.0188,0.2,42,False,,20260922_020732,10000,80,0.25
Gr_growth,1,syn_n10000_i80_l8_s08_c06,minsup,0.1259739,0.0191,0.27,43,False,,20260922_020732,10000,80,0.25
Pascal,1,syn_n10000_i80_l8_s08_c06,minsup,0.1259739,0.4083,85.14,42,False,,20260922_020732,10000,80,0.25
TalkyG_Diffset,1,syn_n10000_i80_l8_s08_c06,minsup,0.1259739,0.3339,94.68,43,False,,20260922_020733,10000,80,0.25
Talky_G,1,syn_n10000_i80_l8_s08_c06,minsup,0.1259739,0.3512,93.28,43,False,,20260922_020733,10000,80,0.25
FPgrowth_Gen_Borgelt,1,syn_n2000_i2000_l40_s16_c06,minsup,0.0084915,155.4833,5314.72,64378541,False,,20260922_020734,2000,1438,0.25
Apriori_Gen_Borgelt,1,syn_n10000_i80_l8_s16_c025,minsup,0.9735255,0.0283,0.02,1,False,,20260922_020734,10000,70,0.02
Zart,1,syn_n10000_i80_l8_s08_c06,minsup,0.1259739,0.4764,101.54,43,False,,20260922_020734,10000,80,0.25
Eclat_Gen_Borgelt,1,syn_n10000_i80_l8_s16_c025,minsup,0.9735255,0.0158,0.34,1,False,,20260922_020734,10000,70,0.02
FPgrowth_Gen_Borgelt,1,syn_n10000_i80_l8_s16_c025,minsup,0.9735255,0.0084,0.26,1,False,,20260922_020734,10000,70,0.02
Gr_growth,1,syn_n10000_i80_l8_s16_c025,minsup,0.9735255,0.0118,3.82,2,False,,20260922_020734,10000,70,0.02
DefMe,1,syn_n10000_i80_l8_s16_c025,minsup,0.9735255,0.5524,94.4,2,False,,20260922_020735,10000,70,0.02
TalkyG_Diffset,1,syn_n10000_i80_l8_s16_c025,minsup,0.9735255,0.3602,93.07,2,False,,20260922_020735,10000,70,0.02
Pascal,1,syn_n10000_i80_l8_s16_c025,minsup,0.9735255,0.4574,88.3,1,False,,20260922_020735,10000,70,0.02
Talky_G,1,syn_n10000_i80_l8_s16_c025,minsup,0.9735255,0.398,91.54,2,False,,20260922_020736,10000,70,0.02
Zart,1,syn_n10000_i80_l8_s16_c025,minsup,0.9735255,0.394,96.63,2,False,,20260922_020736,10000,70,0.02
Apriori_Gen_Borgelt,1,syn_n10000_i80_l8_s16_c025,minsup,0.6982011,0.0081,0.24,8,False,,20260922_020736,10000,70,0.05
Eclat_Gen_Borgelt,1,syn_n10000_i80_l8_s16_c025,minsup,0.6982011,0.0077,0.38,8,False,,20260922_020736,10000,70,0.05
FPgrowth_Gen_Borgelt,1,syn_n10000_i80_l8_s16_c025,minsup,0.6982011,0.0185,0.46,8,False,,20260922_020736,10000,70,0.05
Gr_growth,1,syn_n10000_i80_l8_s16_c025,minsup,0.6982011,0.0276,3.81,9,False,,20260922_020736,10000,70,0.05
DefMe,1,syn_n10000_i80_l8_s16_c025,minsup,0.6982011,0.4789,89.61,9,False,,20260922_020736,10000,70,0.05
Pascal,1,syn_n10000_i80_l8_s16_c025,minsup,0.6982011,0.3786,91.8,8,False,,20260922_020737,10000,70,0.05
TalkyG_Diffset,1,syn_n10000_i80_l8_s16_c025,minsup,0.6982011,0.3939,91.95,9,False,,20260922_020737,10000,70,0.05
Talky_G,1,syn_n10000_i80_l8_s16_c025,minsup,0.6982011,0.4373,101.02,9,False,,20260922_020737,10000,70,0.05
Zart,1,syn_n10000_i80_l8_s16_c025,minsup,0.6982011,0.3714,99.12,9,False,,20260922_020738,10000,70,0.05
Apriori_Gen_Borgelt,1,syn_n10000_i80_l8_s16_c025,minsup,0.33676290000000003,0.0082,0.2,29,False,,20260922_020738,10000,70,0.12
Eclat_Gen_Borgelt,1,syn_n10000_i80_l8_s16_c025,minsup,0.33676290000000003,0.0073,1.12,29,False,,20260922_020738,10000,70,0.12
FPgrowth_Gen_Borgelt,1,syn_n10000_i80_l8_s16_c025,minsup,0.33676290000000003,0.0187,0.32,29,False,,20260922_020738,10000,70,0.12
Gr_growth,1,syn_n10000_i80_l8_s16_c025,minsup,0.33676290000000003,0.0157,0.26,30,False,,20260922_020738,10000,70,0.12
DefMe,1,syn_n10000_i80_l8_s16_c025,minsup,0.33676290000000003,0.5445,94.21,30,False,,20260922_020738,10000,70,0.12
Pascal,1,syn_n10000_i80_l8_s16_c025,minsup,0.33676290000000003,0.4392,90.59,29,False,,20260922_020739,10000,70,0.12
TalkyG_Diffset,1,syn_n10000_i80_l8_s16_c025,minsup,0.33676290000000003,0.405,92.97,30,False,,20260922_020739,10000,70,0.12
Talky_G,1,syn_n10000_i80_l8_s16_c025,minsup,0.33676290000000003,0.4336,93.29,30,False,,20260922_020739,10000,70,0.12
Zart,1,syn_n10000_i80_l8_s16_c025,minsup,0.33676290000000003,0.4052,106.32,30,False,,20260922_020740,10000,70,0.12
Apriori_Gen_Borgelt,1,syn_n10000_i80_l8_s16_c025,minsup,0.1210788,0.0192,0.27,262,False,,20260922_020740,10000,70,0.25
Eclat_Gen_Borgelt,1,syn_n10000_i80_l8_s16_c025,minsup,0.1210788,0.0372,0.45,262,False,,20260922_020740,10000,70,0.25
FPgrowth_Gen_Borgelt,1,syn_n10000_i80_l8_s16_c025,minsup,0.1210788,0.0154,0.36,262,False,,20260922_020740,10000,70,0.25
Gr_growth,1,syn_n10000_i80_l8_s16_c025,minsup,0.1210788,0.0161,10.88,263,False,,20260922_020740,10000,70,0.25
DefMe,1,syn_n10000_i80_l8_s16_c025,minsup,0.1210788,0.4609,93.77,263,False,,20260922_020740,10000,70,0.25
TalkyG_Diffset,1,syn_n10000_i80_l8_s16_c025,minsup,0.1210788,0.4375,94.85,263,False,,20260922_020741,10000,70,0.25
Pascal,1,syn_n10000_i80_l8_s16_c025,minsup,0.1210788,0.6999,92.18,262,False,,20260922_020741,10000,70,0.25
Talky_G,1,syn_n10000_i80_l8_s16_c025,minsup,0.1210788,0.4226,93.12,263,False,,20260922_020741,10000,70,0.25
Apriori_Gen_Borgelt,1,syn_n10000_i80_l8_s16_c06,minsup,0.9684306,0.0187,0.3,1,False,,20260922_020742,10000,63,0.02
Zart,1,syn_n10000_i80_l8_s16_c025,minsup,0.1210788,0.6947,119.29,263,False,,20260922_020742,10000,70,0.25
Eclat_Gen_Borgelt,1,syn_n10000_i80_l8_s16_c06,minsup,0.9684306,0.0188,0.45,1,False,,20260922_020742,10000,63,0.02
DefMe,1,syn_n10000_i80_l8_s16_c06,minsup,0.9684306,0.3742,95.7,2,False,,20260922_020742,10000,63,0.02
Gr_growth,1,syn_n10000_i80_l8_s16_c06,minsup,0.9684306,0.0075,0.23,2,False,,20260922_020742,10000,63,0.02
FPgrowth_Gen_Borgelt,1,syn_n10000_i80_l8_s16_c06,minsup,0.9684306,0.0144,0.2,1,False,,20260922_020742,10000,63,0.02
TalkyG_Diffset,1,syn_n10000_i80_l8_s16_c06,minsup,0.9684306,0.3479,92.29,2,False,,20260922_020743,10000,63,0.02
Pascal,1,syn_n10000_i80_l8_s16_c06,minsup,0.9684306,0.4432,85.31,1,False,,20260922_020743,10000,63,0.02
Talky_G,1,syn_n10000_i80_l8_s16_c06,minsup,0.9684306,0.4528,95.88,2,False,,20260922_020743,10000,63,0.02
Zart,1,syn_n10000_i80_l8_s16_c06,minsup,0.9684306,0.3617,95.41,2,False,,20260922_020743,10000,63,0.02
Apriori_Gen_Borgelt,1,syn_n10000_i80_l8_s16_c06,minsup,0.7444548,0.0084,0.2,4,False,,20260922_020744,10000,63,0.05
Eclat_Gen_Borgelt,1,syn_n10000_i80_l8_s16_c06,minsup,0.7444548,0.0183,0.43,4,False,,20260922_020744,10000,63,0.05
FPgrowth_Gen_Borgelt,1,syn_n10000_i80_l8_s16_c06,minsup,0.7444548,0.0062,0.38,4,False,,20260922_020744,10000,63,0.05
DefMe,1,syn_n10000_i80_l8_s16_c06,minsup,0.7444548,0.4138,90.14,5,False,,20260922_020744,10000,63,0.05
Gr_growth,1,syn_n10000_i80_l8_s16_c06,minsup,0.7444548,0.0146,13.89,5,False,,20260922_020744,10000,63,0.05
Pascal,1,syn_n10000_i80_l8_s16_c06,minsup,0.7444548,0.3972,89.8,4,False,,20260922_020745,10000,63,0.05
TalkyG_Diffset,1,syn_n10000_i80_l8_s16_c06,minsup,0.7444548,0.354,94.12,5,False,,20260922_020745,10000,63,0.05
Talky_G,1,syn_n10000_i80_l8_s16_c06,minsup,0.7444548,0.3791,97.0,5,False,,20260922_020745,10000,63,0.05
Apriori_Gen_Borgelt,1,syn_n10000_i80_l8_s16_c06,minsup,0.3289707,0.0077,0.29,32,False,,20260922_020745,10000,63,0.12
Zart,1,syn_n10000_i80_l8_s16_c06,minsup,0.7444548,0.4981,96.1,5,False,,20260922_020745,10000,63,0.05
Eclat_Gen_Borgelt,1,syn_n10000_i80_l8_s16_c06,minsup,0.3289707,0.0249,0.02,32,False,,20260922_020746,10000,63,0.12
FPgrowth_Gen_Borgelt,1,syn_n10000_i80_l8_s16_c06,minsup,0.3289707,0.0081,0.3,32,False,,20260922_020746,10000,63,0.12
Gr_growth,1,syn_n10000_i80_l8_s16_c06,minsup,0.3289707,0.0148,0.21,33,False,,20260922_020746,10000,63,0.12
DefMe,1,syn_n10000_i80_l8_s16_c06,minsup,0.3289707,0.4829,86.16,33,False,,20260922_020746,10000,63,0.12
TalkyG_Diffset,1,syn_n10000_i80_l8_s16_c06,minsup,0.3289707,0.3852,92.2,33,False,,20260922_020747,10000,63,0.12
Pascal,1,syn_n10000_i80_l8_s16_c06,minsup,0.3289707,0.4815,92.41,32,False,,20260922_020747,10000,63,0.12
Talky_G,1,syn_n10000_i80_l8_s16_c06,minsup,0.3289707,0.4271,95.59,33,False,,20260922_020747,10000,63,0.12
Apriori_Gen_Borgelt,1,syn_n10000_i80_l8_s16_c06,minsup,0.1477521,0.0142,0.3,151,False,,20260922_020747,10000,63,0.25
Zart,1,syn_n10000_i80_l8_s16_c06,minsup,0.3289707,0.4995,102.07,33,False,,20260922_020747,10000,63,0.12
Eclat_Gen_Borgelt,1,syn_n10000_i80_l8_s16_c06,minsup,0.1477521,0.0211,3.57,151,False,,20260922_020747,10000,63,0.25
FPgrowth_Gen_Borgelt,1,syn_n10000_i80_l8_s16_c06,minsup,0.1477521,0.0083,0.39,151,False,,20260922_020748,10000,63,0.25
Gr_growth,1,syn_n10000_i80_l8_s16_c06,minsup,0.1477521,0.0171,0.35,152,False,,20260922_020748,10000,63,0.25
DefMe,1,syn_n10000_i80_l8_s16_c06,minsup,0.1477521,0.5264,91.18,152,False,,20260922_020748,10000,63,0.25
Pascal,1,syn_n10000_i80_l8_s16_c06,minsup,0.1477521,0.5286,90.59,151,False,,20260922_020748,10000,63,0.25
TalkyG_Diffset,1,syn_n10000_i80_l8_s16_c06,minsup,0.1477521,0.4389,94.89,152,False,,20260922_020749,10000,63,0.25
Talky_G,1,syn_n10000_i80_l8_s16_c06,minsup,0.1477521,0.4579,96.34,152,False,,20260922_020749,10000,63,0.25
Apriori_Gen_Borgelt,1,syn_n10000_i80_l20_s00_c025,minsup,0.361638,0.0219,3.0,2,False,,20260922_020749,10000,80,0.02
Zart,1,syn_n10000_i80_l8_s16_c06,minsup,0.1477521,0.5277,117.43,152,False,,20260922_020749,10000,63,0.25
Eclat_Gen_Borgelt,1,syn_n10000_i80_l20_s00_c025,minsup,0.361638,0.0121,0.43,2,False,,20260922_020749,10000,80,0.02
FPgrowth_Gen_Borgelt,1,syn_n10000_i80_l20_s00_c025,minsup,0.361638,0.014,0.38,2,False,,20260922_020750,10000,80,0.02
Gr_growth,1,syn_n10000_i80_l20_s00_c025,minsup,0.361638,0.023,5.02,3,False,,20260922_020750,10000,80,0.02
DefMe,1,syn_n10000_i80_l20_s00_c025,minsup,0.361638,0.4724,98.16,3,False,,20260922_020750,10000,80,0.02
TalkyG_Diffset,1,syn_n10000_i80_l20_s00_c025,minsup,0.361638,0.3772,95.64,3,False,,20260922_020750,10000,80,0.02
Pascal,1,syn_n10000_i80_l20_s00_c025,minsup,0.361638,0.454,103.69,2,False,,20260922_020750,10000,80,0.02
Zart,1,syn_n10000_i80_l20_s00_c025,minsup,0.361638,0.3934,94.94,3,False,,20260922_020751,10000,80,0.02
Talky_G,1,syn_n10000_i80_l20_s00_c025,minsup,0.361638,0.5166,98.28,3,False,,20260922_020751,10000,80,0.02
Apriori_Gen_Borgelt,1,syn_n10000_i80_l20_s00_c025,minsup,0.3475521,0.018,0.3,4,False,,20260922_020751,10000,80,0.05
Eclat_Gen_Borgelt,1,syn_n10000_i80_l20_s00_c025,minsup,0.3475521,0.0188,2.95,4,False,,20260922_020751,10000,80,0.05
FPgrowth_Gen_Borgelt,1,syn_n10000_i80_l20_s00_c025,minsup,0.3475521,0.019,0.2,4,False,,20260922_020752,10000,80,0.05
Gr_growth,1,syn_n10000_i80_l20_s00_c025,minsup,0.3475521,0.0151,0.27,5,False,,20260922_020752,10000,80,0.05
DefMe,1,syn_n10000_i80_l20_s00_c025,minsup,0.3475521,0.4921,105.62,5,False,,20260922_020752,10000,80,0.05
Pascal,1,syn_n10000_i80_l20_s00_c025,minsup,0.3475521,0.4341,97.91,4,False,,20260922_020752,10000,80,0.05
TalkyG_Diffset,1,syn_n10000_i80_l20_s00_c025,minsup,0.3475521,0.4188,96.36,5,False,,20260922_020752,10000,80,0.05
Talky_G,1,syn_n10000_i80_l20_s00_c025,minsup,0.3475521,0.4437,101.13,5,False,,20260922_020753,10000,80,0.05
Zart,1,syn_n10000_i80_l20_s00_c025,minsup,0.3475521,0.4365,100.57,5,False,,20260922_020753,10000,80,0.05
Apriori_Gen_Borgelt,1,syn_n10000_i80_l20_s00_c025,minsup,0.3273723,0.0258,2.86,10,False,,20260922_020753,10000,80,0.12
Eclat_Gen_Borgelt,1,syn_n10000_i80_l20_s00_c025,minsup,0.3273723,0.0292,0.02,10,False,,20260922_020753,10000,80,0.12
FPgrowth_Gen_Borgelt,1,syn_n10000_i80_l20_s00_c025,minsup,0.3273723,0.0148,0.31,10,False,,20260922_020753,10000,80,0.12
Gr_growth,1,syn_n10000_i80_l20_s00_c025,minsup,0.3273723,0.0169,8.1,11,False,,20260922_020754,10000,80,0.12
DefMe,1,syn_n10000_i80_l20_s00_c025,minsup,0.3273723,0.5211,97.87,11,False,,20260922_020754,10000,80,0.12
Pascal,1,syn_n10000_i80_l20_s00_c025,minsup,0.3273723,0.4266,96.7,10,False,,20260922_020754,10000,80,0.12
TalkyG_Diffset,1,syn_n10000_i80_l20_s00_c025,minsup,0.3273723,0.3885,96.87,11,False,,20260922_020754,10000,80,0.12
Talky_G,1,syn_n10000_i80_l20_s00_c025,minsup,0.3273723,0.4358,98.14,11,False,,20260922_020755,10000,80,0.12
Zart,1,syn_n10000_i80_l20_s00_c025,minsup,0.3273723,0.4618,95.63,11,False,,20260922_020755,10000,80,0.12
Apriori_Gen_Borgelt,1,syn_n10000_i80_l20_s00_c025,minsup,0.3014982,0.0165,3.72,20,False,,20260922_020755,10000,80,0.25
Eclat_Gen_Borgelt,1,syn_n10000_i80_l20_s00_c025,minsup,0.3014982,0.0429,3.45,20,False,,20260922_020755,10000,80,0.25
FPgrowth_Gen_Borgelt,1,syn_n10000_i80_l20_s00_c025,minsup,0.3014982,0.0149,3.86,20,False,,20260922_020755,10000,80,0.25
DefMe,1,syn_n10000_i80_l20_s00_c025,minsup,0.3014982,0.4287,97.96,21,False,,20260922_020756,10000,80,0.25
Gr_growth,1,syn_n10000_i80_l20_s00_c025,minsup,0.3014982,0.0185,9.24,21,False,,20260922_020756,10000,80,0.25
TalkyG_Diffset,1,syn_n10000_i80_l20_s00_c025,minsup,0.3014982,0.4252,91.95,21,False,,20260922_020756,10000,80,0.25
Pascal,1,syn_n10000_i80_l20_s00_c025,minsup,0.3014982,0.5893,93.54,20,False,,20260922_020756,10000,80,0.25
Talky_G,1,syn_n10000_i80_l20_s00_c025,minsup,0.3014982,0.4939,90.03,21,False,,20260922_020757,10000,80,0.25
Apriori_Gen_Borgelt,1,syn_n10000_i80_l20_s00_c06,minsup,0.3353643,0.0219,3.0,2,False,,20260922_020757,10000,80,0.02
Zart,1,syn_n10000_i80_l20_s00_c025,minsup,0.3014982,0.5642,96.57,21,False,,20260922_020757,10000,80,0.25
Eclat_Gen_Borgelt,1,syn_n10000_i80_l20_s00_c06,minsup,0.3353643,0.0234,0.02,2,False,,20260922_020757,10000,80,0.02
FPgrowth_Gen_Borgelt,1,syn_n10000_i80_l20_s00_c06,minsup,0.3353643,0.0175,0.34,2,False,,20260922_020757,10000,80,0.02
Gr_growth,1,syn_n10000_i80_l20_s00_c06,minsup,0.3353643,0.028,10.16,3,False,,20260922_020758,10000,80,0.02
DefMe,1,syn_n10000_i80_l20_s00_c06,minsup,0.3353643,0.5043,94.45,3,False,,20260922_020758,10000,80,0.02
Pascal,1,syn_n10000_i80_l20_s00_c06,minsup,0.3353643,0.3855,104.14,2,False,,20260922_020758,10000,80,0.02
TalkyG_Diffset,1,syn_n10000_i80_l20_s00_c06,minsup,0.3353643,0.3926,97.86,3,False,,20260922_020758,10000,80,0.02
Talky_G,1,syn_n10000_i80_l20_s00_c06,minsup,0.3353643,0.3972,96.23,3,False,,20260922_020759,10000,80,0.02
Apriori_Gen_Borgelt,1,syn_n10000_i80_l20_s00_c06,minsup,0.3254742,0.0187,0.29,5,False,,20260922_020759,10000,80,0.05
Zart,1,syn_n10000_i80_l20_s00_c06,minsup,0.3353643,0.516,96.36,3,False,,20260922_020759,10000,80,0.02
Eclat_Gen_Borgelt,1,syn_n10000_i80_l20_s00_c06,minsup,0.3254742,0.0172,0.36,5,False,,20260922_020759,10000,80,0.05
FPgrowth_Gen_Borgelt,1,syn_n10000_i80_l20_s00_c06,minsup,0.3254742,0.0146,0.32,5,False,,20260922_020759,10000,80,0.05
Gr_growth,1,syn_n10000_i80_l20_s00_c06,minsup,0.3254742,0.0233,3.83,6,False,,20260922_020759,10000,80,0.05
DefMe,1,syn_n10000_i80_l20_s00_c06,minsup,0.3254742,0.5348,103.08,6,False,,20260922_020800,10000,80,0.05
Pascal,1,syn_n10000_i80_l20_s00_c06,minsup,0.3254742,0.4061,105.16,5,False,,20260922_020800,10000,80,0.05
TalkyG_Diffset,1,syn_n10000_i80_l20_s00_c06,minsup,0.3254742,0.3934,97.75,6,False,,20260922_020800,10000,80,0.05
Talky_G,1,syn_n10000_i80_l20_s00_c06,minsup,0.3254742,0.4435,94.88,6,False,,20260922_020801,10000,80,0.05
Apriori_Gen_Borgelt,1,syn_n10000_i80_l20_s00_c06,minsup,0.31758210000000003,0.0245,0.02,10,False,,20260922_020801,10000,80,0.12
Zart,1,syn_n10000_i80_l20_s00_c06,minsup,0.3254742,0.5155,99.07,6,False,,20260922_020801,10000,80,0.05
Eclat_Gen_Borgelt,1,syn_n10000_i80_l20_s00_c06,minsup,0.31758210000000003,0.0141,0.19,10,False,,20260922_020801,10000,80,0.12
FPgrowth_Gen_Borgelt,1,syn_n10000_i80_l20_s00_c06,minsup,0.31758210000000003,0.0226,2.95,10,False,,20260922_020801,10000,80,0.12
Gr_growth,1,syn_n10000_i80_l20_s00_c06,minsup,0.31758210000000003,0.0215,8.93,11,False,,20260922_020801,10000,80,0.12
DefMe,1,syn_n10000_i80_l20_s00_c06,minsup,0.31758210000000003,0.513,92.82,11,False,,20260922_020801,10000,80,0.12
Pascal,1,syn_n10000_i80_l20_s00_c06,minsup,0.31758210000000003,0.4938,99.08,10,False,,20260922_020802,10000,80,0.12
TalkyG_Diffset,1,syn_n10000_i80_l20_s00_c06,minsup,0.31758210000000003,0.384,93.34,11,False,,20260922_020802,10000,80,0.12
Talky_G,1,syn_n10000_i80_l20_s00_c06,minsup,0.31758210000000003,0.4364,96.88,11,False,,20260922_020803,10000,80,0.12
Zart,1,syn_n10000_i80_l20_s00_c06,minsup,0.31758210000000003,0.4844,98.94,11,False,,20260922_020803,10000,80,0.12
Apriori_Gen_Borgelt,1,syn_n10000_i80_l20_s00_c06,minsup,0.286713,0.0146,3.68,21,False,,20260922_020803,10000,80,0.25
Eclat_Gen_Borgelt,1,syn_n10000_i80_l20_s00_c06,minsup,0.286713,0.0241,3.98,21,False,,20260922_020803,10000,80,0.25
FPgrowth_Gen_Borgelt,1,syn_n10000_i80_l20_s00_c06,minsup,0.286713,0.0142,0.34,21,False,,20260922_020803,10000,80,0.25
Gr_growth,1,syn_n10000_i80_l20_s00_c06,minsup,0.286713,0.0353,0.27,22,False,,20260922_020803,10000,80,0.25
DefMe,1,syn_n10000_i80_l20_s00_c06,minsup,0.286713,0.5386,98.55,22,False,,20260922_020803,10000,80,0.25
TalkyG_Diffset,1,syn_n10000_i80_l20_s00_c06,minsup,0.286713,0.4128,98.53,22,False,,20260922_020804,10000,80,0.25
Pascal,1,syn_n10000_i80_l20_s00_c06,minsup,0.286713,0.5506,93.37,21,False,,20260922_020804,10000,80,0.25
Talky_G,1,syn_n10000_i80_l20_s00_c06,minsup,0.286713,0.4393,96.55,22,False,,20260922_020805,10000,80,0.25
Zart,1,syn_n10000_i80_l20_s00_c06,minsup,0.286713,0.5798,97.85,22,False,,20260922_020805,10000,80,0.25
Apriori_Gen_Borgelt,1,syn_n10000_i80_l20_s08_c025,minsup,0.8707284000000001,0.0111,0.67,2,False,,20260922_020805,10000,80,0.02
Eclat_Gen_Borgelt,1,syn_n10000_i80_l20_s08_c025,minsup,0.8707284000000001,0.0131,0.47,2,False,,20260922_020805,10000,80,0.02
FPgrowth_Gen_Borgelt,1,syn_n10000_i80_l20_s08_c025,minsup,0.8707284000000001,0.0142,0.31,2,False,,20260922_020805,10000,80,0.02
Gr_growth,1,syn_n10000_i80_l20_s08_c025,minsup,0.8707284000000001,0.0219,0.21,3,False,,20260922_020805,10000,80,0.02
DefMe,1,syn_n10000_i80_l20_s08_c025,minsup,0.8707284000000001,0.4743,94.23,3,False,,20260922_020805,10000,80,0.02
Pascal,1,syn_n10000_i80_l20_s08_c025,minsup,0.8707284000000001,0.3916,97.1,2,False,,20260922_020806,10000,80,0.02
TalkyG_Diffset,1,syn_n10000_i80_l20_s08_c025,minsup,0.8707284000000001,0.4513,97.7,3,False,,20260922_020806,10000,80,0.02
Talky_G,1,syn_n10000_i80_l20_s08_c025,minsup,0.8707284000000001,0.4655,96.12,3,False,,20260922_020807,10000,80,0.02
Zart,1,syn_n10000_i80_l20_s08_c025,minsup,0.8707284000000001,0.3873,98.2,3,False,,20260922_020807,10000,80,0.02
Apriori_Gen_Borgelt,1,syn_n10000_i80_l20_s08_c025,minsup,0.7781211,0.0155,0.31,5,False,,20260922_020807,10000,80,0.05
Eclat_Gen_Borgelt,1,syn_n10000_i80_l20_s08_c025,minsup,0.7781211,0.0155,0.37,5,False,,20260922_020807,10000,80,0.05
FPgrowth_Gen_Borgelt,1,syn_n10000_i80_l20_s08_c025,minsup,0.7781211,0.0154,0.34,5,False,,20260922_020807,10000,80,0.05
Gr_growth,1,syn_n10000_i80_l20_s08_c025,minsup,0.7781211,0.0155,9.56,6,False,,20260922_020807,10000,80,0.05
DefMe,1,syn_n10000_i80_l20_s08_c025,minsup,0.7781211,0.4645,99.37,6,False,,20260922_020807,10000,80,0.05
Pascal,1,syn_n10000_i80_l20_s08_c025,minsup,0.7781211,0.4415,101.41,5,False,,20260922_020808,10000,80,0.05
TalkyG_Diffset,1,syn_n10000_i80_l20_s08_c025,minsup,0.7781211,0.4265,99.28,6,False,,20260922_020808,10000,80,0.05
Talky_G,1,syn_n10000_i80_l20_s08_c025,minsup,0.7781211,0.4697,99.34,6,False,,20260922_020809,10000,80,0.05
Apriori_Gen_Borgelt,1,syn_n10000_i80_l20_s08_c025,minsup,0.468531,0.014,0.3,37,False,,20260922_020809,10000,80,0.12
Zart,1,syn_n10000_i80_l20_s08_c025,minsup,0.7781211,0.5215,96.64,6,False,,20260922_020809,10000,80,0.05
Eclat_Gen_Borgelt,1,syn_n10000_i80_l20_s08_c025,minsup,0.468531,0.0207,3.78,37,False,,20260922_020809,10000,80,0.12
FPgrowth_Gen_Borgelt,1,syn_n10000_i80_l20_s08_c025,minsup,0.468531,0.0188,3.48,37,False,,20260922_020809,10000,80,0.12
Gr_growth,1,syn_n10000_i80_l20_s08_c025,minsup,0.468531,0.0164,9.03,38,False,,20260922_020809,10000,80,0.12
DefMe,1,syn_n10000_i80_l20_s08_c025,minsup,0.468531,0.5273,99.73,38,False,,20260922_020809,10000,80,0.12
TalkyG_Diffset,1,syn_n10000_i80_l20_s08_c025,minsup,0.468531,0.3488,99.33,38,False,,20260922_020810,10000,80,0.12
Pascal,1,syn_n10000_i80_l20_s08_c025,minsup,0.468531,0.5272,96.43,37,False,,20260922_020810,10000,80,0.12
Talky_G,1,syn_n10000_i80_l20_s08_c025,minsup,0.468531,0.4474,101.57,38,False,,20260922_020811,10000,80,0.12
Apriori_Gen_Borgelt,1,syn_n10000_i80_l20_s08_c025,minsup,0.3278718,0.0563,4.03,156,False,,20260922_020811,10000,80,0.25
Zart,1,syn_n10000_i80_l20_s08_c025,minsup,0.468531,0.5403,117.01,38,False,,20260922_020811,10000,80,0.12
Eclat_Gen_Borgelt,1,syn_n10000_i80_l20_s08_c025,minsup,0.3278718,0.0462,4.62,156,False,,20260922_020811,10000,80,0.25
FPgrowth_Gen_Borgelt,1,syn_n10000_i80_l20_s08_c025,minsup,0.3278718,0.0229,3.84,156,False,,20260922_020811,10000,80,0.25
Gr_growth,1,syn_n10000_i80_l20_s08_c025,minsup,0.3278718,0.0216,10.67,157,False,,20260922_020811,10000,80,0.25
DefMe,1,syn_n10000_i80_l20_s08_c025,minsup,0.3278718,0.4646,99.81,157,False,,20260922_020811,10000,80,0.25
TalkyG_Diffset,1,syn_n10000_i80_l20_s08_c025,minsup,0.3278718,0.4592,97.32,157,False,,20260922_020812,10000,80,0.25
Pascal,1,syn_n10000_i80_l20_s08_c025,minsup,0.3278718,0.5963,97.07,156,False,,20260922_020812,10000,80,0.25
Talky_G,1,syn_n10000_i80_l20_s08_c025,minsup,0.3278718,0.4371,96.0,157,False,,20260922_020813,10000,80,0.25
Apriori_Gen_Borgelt,1,syn_n10000_i80_l20_s08_c06,minsup,0.8339652,0.0203,2.98,2,False,,20260922_020813,10000,80,0.02
Zart,1,syn_n10000_i80_l20_s08_c025,minsup,0.3278718,0.7095,118.91,157,False,,20260922_020813,10000,80,0.25
Eclat_Gen_Borgelt,1,syn_n10000_i80_l20_s08_c06,minsup,0.8339652,0.0135,0.25,2,False,,20260922_020813,10000,80,0.02
FPgrowth_Gen_Borgelt,1,syn_n10000_i80_l20_s08_c06,minsup,0.8339652,0.0141,3.09,2,False,,20260922_020813,10000,80,0.02
DefMe,1,syn_n10000_i80_l20_s08_c06,minsup,0.8339652,0.505,96.94,3,False,,20260922_020813,10000,80,0.02
Gr_growth,1,syn_n10000_i80_l20_s08_c06,minsup,0.8339652,0.0309,5.29,3,False,,20260922_020814,10000,80,0.02
Pascal,1,syn_n10000_i80_l20_s08_c06,minsup,0.8339652,0.3982,103.97,2,False,,20260922_020814,10000,80,0.02
TalkyG_Diffset,1,syn_n10000_i80_l20_s08_c06,minsup,0.8339652,0.4495,97.3,3,False,,20260922_020814,10000,80,0.02
Talky_G,1,syn_n10000_i80_l20_s08_c06,minsup,0.8339652,0.4515,91.52,3,False,,20260922_020815,10000,80,0.02
Apriori_Gen_Borgelt,1,syn_n10000_i80_l20_s08_c06,minsup,0.7030962,0.0181,0.25,5,False,,20260922_020815,10000,80,0.05
Zart,1,syn_n10000_i80_l20_s08_c06,minsup,0.8339652,0.4125,100.24,3,False,,20260922_020815,10000,80,0.02
Eclat_Gen_Borgelt,1,syn_n10000_i80_l20_s08_c06,minsup,0.7030962,0.0199,0.38,5,False,,20260922_020815,10000,80,0.05
FPgrowth_Gen_Borgelt,1,syn_n10000_i80_l20_s08_c06,minsup,0.7030962,0.0142,0.26,5,False,,20260922_020815,10000,80,0.05
Gr_growth,1,syn_n10000_i80_l20_s08_c06,minsup,0.7030962,0.0219,0.36,6,False,,20260922_020815,10000,80,0.05
DefMe,1,syn_n10000_i80_l20_s08_c06,minsup,0.7030962,0.5167,98.37,6,False,,20260922_020815,10000,80,0.05
Pascal,1,syn_n10000_i80_l20_s08_c06,minsup,0.7030962,0.3783,97.87,5,False,,20260922_020816,10000,80,0.05
TalkyG_Diffset,1,syn_n10000_i80_l20_s08_c06,minsup,0.7030962,0.4088,97.93,6,False,,20260922_020816,10000,80,0.05
Talky_G,1,syn_n10000_i80_l20_s08_c06,minsup,0.7030962,0.4206,100.98,6,False,,20260922_020816,10000,80,0.05
Zart,1,syn_n10000_i80_l20_s08_c06,minsup,0.7030962,0.4652,100.71,6,False,,20260922_020817,10000,80,0.05
Apriori_Gen_Borgelt,1,syn_n10000_i80_l20_s08_c06,minsup,0.44625329999999996,0.018,0.26,33,False,,20260922_020817,10000,80,0.12
Eclat_Gen_Borgelt,1,syn_n10000_i80_l20_s08_c06,minsup,0.44625329999999996,0.016,3.78,33,False,,20260922_020817,10000,80,0.12
FPgrowth_Gen_Borgelt,1,syn_n10000_i80_l20_s08_c06,minsup,0.44625329999999996,0.0181,0.35,33,False,,20260922_020817,10000,80,0.12
Gr_growth,1,syn_n10000_i80_l20_s08_c06,minsup,0.44625329999999996,0.0154,10.43,34,False,,20260922_020817,10000,80,0.12
DefMe,1,syn_n10000_i80_l20_s08_c06,minsup,0.44625329999999996,0.5115,95.43,34,False,,20260922_020817,10000,80,0.12
Pascal,1,syn_n10000_i80_l20_s08_c06,minsup,0.44625329999999996,0.4588,99.67,33,False,,20260922_020818,10000,80,0.12
TalkyG_Diffset,1,syn_n10000_i80_l20_s08_c06,minsup,0.44625329999999996,0.4776,95.3,34,False,,20260922_020818,10000,80,0.12
Talky_G,1,syn_n10000_i80_l20_s08_c06,minsup,0.44625329999999996,0.4495,96.43,34,False,,20260922_020818,10000,80,0.12
Zart,1,syn_n10000_i80_l20_s08_c06,minsup,0.44625329999999996,0.5456,117.03,34,False,,20260922_020819,10000,80,0.12
Apriori_Gen_Borgelt,1,syn_n10000_i80_l20_s08_c06,minsup,0.3131865,0.0266,5.0,112,False,,20260922_020819,10000,80,0.25
Eclat_Gen_Borgelt,1,syn_n10000_i80_l20_s08_c06,minsup,0.3131865,0.0325,4.0,112,False,,20260922_020819,10000,80,0.25
FPgrowth_Gen_Borgelt,1,syn_n10000_i80_l20_s08_c06,minsup,0.3131865,0.0154,4.05,112,False,,20260922_020819,10000,80,0.25
Gr_growth,1,syn_n10000_i80_l20_s08_c06,minsup,0.3131865,0.0207,10.5,113,False,,20260922_020819,10000,80,0.25
DefMe,1,syn_n10000_i80_l20_s08_c06,minsup,0.3131865,0.4834,98.33,113,False,,20260922_020819,10000,80,0.25
TalkyG_Diffset,1,syn_n10000_i80_l20_s08_c06,minsup,0.3131865,0.4075,100.11,113,False,,20260922_020820,10000,80,0.25
Pascal,1,syn_n10000_i80_l20_s08_c06,minsup,0.3131865,0.7567,98.7,112,False,,20260922_020820,10000,80,0.25
Talky_G,1,syn_n10000_i80_l20_s08_c06,minsup,0.3131865,0.4802,98.09,113,False,,20260922_020820,10000,80,0.25
Apriori_Gen_Borgelt,1,syn_n10000_i80_l20_s16_c025,minsup,0.9962027999999999,0.0213,2.96,3,False,,20260922_020821,10000,80,0.02
Zart,1,syn_n10000_i80_l20_s08_c06,minsup,0.3131865,0.6391,110.29,113,False,,20260922_020821,10000,80,0.25
Eclat_Gen_Borgelt,1,syn_n10000_i80_l20_s16_c025,minsup,0.9962027999999999,0.014,0.2,3,False,,20260922_020821,10000,80,0.02
FPgrowth_Gen_Borgelt,1,syn_n10000_i80_l20_s16_c025,minsup,0.9962027999999999,0.015,0.21,3,False,,20260922_020821,10000,80,0.02
DefMe,1,syn_n10000_i80_l20_s16_c025,minsup,0.9962027999999999,0.4575,93.21,4,False,,20260922_020821,10000,80,0.02
Gr_growth,1,syn_n10000_i80_l20_s16_c025,minsup,0.9962027999999999,0.0207,3.83,4,False,,20260922_020821,10000,80,0.02
Pascal,1,syn_n10000_i80_l20_s16_c025,minsup,0.9962027999999999,0.4187,103.43,3,False,,20260922_020822,10000,80,0.02
TalkyG_Diffset,1,syn_n10000_i80_l20_s16_c025,minsup,0.9962027999999999,0.4348,99.44,4,False,,20260922_020822,10000,80,0.02
Talky_G,1,syn_n10000_i80_l20_s16_c025,minsup,0.9962027999999999,0.4638,97.69,4,False,,20260922_020823,10000,80,0.02
Zart,1,syn_n10000_i80_l20_s16_c025,minsup,0.9962027999999999,0.3558,98.27,4,False,,20260922_020823,10000,80,0.02
Apriori_Gen_Borgelt,1,syn_n10000_i80_l20_s16_c025,minsup,0.9573417000000001,0.0183,0.25,9,False,,20260922_020823,10000,80,0.05
Eclat_Gen_Borgelt,1,syn_n10000_i80_l20_s16_c025,minsup,0.9573417000000001,0.025,0.02,9,False,,20260922_020823,10000,80,0.05
FPgrowth_Gen_Borgelt,1,syn_n10000_i80_l20_s16_c025,minsup,0.9573417000000001,0.0138,0.3,9,False,,20260922_020823,10000,80,0.05
Gr_growth,1,syn_n10000_i80_l20_s16_c025,minsup,0.9573417000000001,0.0152,8.43,10,False,,20260922_020823,10000,80,0.05
DefMe,1,syn_n10000_i80_l20_s16_c025,minsup,0.9573417000000001,0.5101,99.78,10,False,,20260922_020823,10000,80,0.05
Pascal,1,syn_n10000_i80_l20_s16_c025,minsup,0.9573417000000001,0.4145,94.64,9,False,,20260922_020824,10000,80,0.05
TalkyG_Diffset,1,syn_n10000_i80_l20_s16_c025,minsup,0.9573417000000001,0.3621,92.94,10,False,,20260922_020824,10000,80,0.05
Talky_G,1,syn_n10000_i80_l20_s16_c025,minsup,0.9573417000000001,0.4141,102.04,10,False,,20260922_020824,10000,80,0.05
Zart,1,syn_n10000_i80_l20_s16_c025,minsup,0.9573417000000001,0.3954,97.46,10,False,,20260922_020824,10000,80,0.05
Apriori_Gen_Borgelt,1,syn_n10000_i80_l20_s16_c025,minsup,0.6047946000000001,0.0174,0.27,289,False,,20260922_020824,10000,80,0.12
Eclat_Gen_Borgelt,1,syn_n10000_i80_l20_s16_c025,minsup,0.6047946000000001,0.0183,0.48,289,False,,20260922_020825,10000,80,0.12
FPgrowth_Gen_Borgelt,1,syn_n10000_i80_l20_s16_c025,minsup,0.6047946000000001,0.0194,3.95,289,False,,20260922_020825,10000,80,0.12
Gr_growth,1,syn_n10000_i80_l20_s16_c025,minsup,0.6047946000000001,0.0244,0.2,290,False,,20260922_020825,10000,80,0.12
DefMe,1,syn_n10000_i80_l20_s16_c025,minsup,0.6047946000000001,0.597,97.71,290,False,,20260922_020825,10000,80,0.12
TalkyG_Diffset,1,syn_n10000_i80_l20_s16_c025,minsup,0.6047946000000001,0.3634,100.14,290,False,,20260922_020826,10000,80,0.12
Pascal,1,syn_n10000_i80_l20_s16_c025,minsup,0.6047946000000001,0.8093,102.34,289,False,,20260922_020826,10000,80,0.12
Talky_G,1,syn_n10000_i80_l20_s16_c025,minsup,0.6047946000000001,0.4628,99.87,290,False,,20260922_020826,10000,80,0.12
Apriori_Gen_Borgelt,1,syn_n10000_i80_l20_s16_c025,minsup,0.3732264,0.0791,4.34,2049,False,,20260922_020827,10000,80,0.25
Zart,1,syn_n10000_i80_l20_s16_c025,minsup,0.6047946000000001,0.762,146.68,290,False,,20260922_020827,10000,80,0.12
Eclat_Gen_Borgelt,1,syn_n10000_i80_l20_s16_c025,minsup,0.3732264,0.0217,3.48,2049,False,,20260922_020827,10000,80,0.25
DefMe,1,syn_n10000_i80_l20_s16_c025,minsup,0.3732264,0.449,106.52,2050,False,,20260922_020827,10000,80,0.25
FPgrowth_Gen_Borgelt,1,syn_n10000_i80_l20_s16_c025,minsup,0.3732264,0.0207,0.39,2049,False,,20260922_020827,10000,80,0.25
Gr_growth,1,syn_n10000_i80_l20_s16_c025,minsup,0.3732264,0.0439,6.17,2051,False,,20260922_020827,10000,80,0.25
TalkyG_Diffset,1,syn_n10000_i80_l20_s16_c025,minsup,0.3732264,0.4239,98.84,2050,False,,20260922_020828,10000,80,0.25
Talky_G,1,syn_n10000_i80_l20_s16_c025,minsup,0.3732264,0.3795,97.77,2050,False,,20260922_020829,10000,80,0.25
Pascal,1,syn_n10000_i80_l20_s16_c025,minsup,0.3732264,2.0765,100.2,2049,False,,20260922_020830,10000,80,0.25
Apriori_Gen_Borgelt,1,syn_n10000_i80_l20_s16_c06,minsup,0.9937053,0.022,2.97,2,False,,20260922_020830,10000,80,0.02
DefMe,1,syn_n10000_i80_l20_s16_c06,minsup,0.9937053,0.373,97.31,3,False,,20260922_020830,10000,80,0.02
Eclat_Gen_Borgelt,1,syn_n10000_i80_l20_s16_c06,minsup,0.9937053,0.0244,0.34,2,False,,20260922_020831,10000,80,0.02
FPgrowth_Gen_Borgelt,1,syn_n10000_i80_l20_s16_c06,minsup,0.9937053,0.0192,0.35,2,False,,20260922_020831,10000,80,0.02
Gr_growth,1,syn_n10000_i80_l20_s16_c06,minsup,0.9937053,0.0266,0.26,3,False,,20260922_020831,10000,80,0.02
Pascal,1,syn_n10000_i80_l20_s16_c06,minsup,0.9937053,0.3975,100.3,2,False,,20260922_020831,10000,80,0.02
Zart,1,syn_n10000_i80_l20_s16_c025,minsup,0.3732264,3.0939,264.99,2050,False,,20260922_020832,10000,80,0.25
TalkyG_Diffset,1,syn_n10000_i80_l20_s16_c06,minsup,0.9937053,0.4363,95.36,3,False,,20260922_020832,10000,80,0.02
Talky_G,1,syn_n10000_i80_l20_s16_c06,minsup,0.9937053,0.4631,98.94,3,False,,20260922_020832,10000,80,0.02
Apriori_Gen_Borgelt,1,syn_n10000_i80_l20_s16_c06,minsup,0.9573417000000001,0.0132,0.5,8,False,,20260922_020833,10000,80,0.05
Zart,1,syn_n10000_i80_l20_s16_c06,minsup,0.9937053,0.5423,97.92,3,False,,20260922_020833,10000,80,0.02
Eclat_Gen_Borgelt,1,syn_n10000_i80_l20_s16_c06,minsup,0.9573417000000001,0.0238,0.02,8,False,,20260922_020833,10000,80,0.05
FPgrowth_Gen_Borgelt,1,syn_n10000_i80_l20_s16_c06,minsup,0.9573417000000001,0.0114,0.45,8,False,,20260922_020833,10000,80,0.05
DefMe,1,syn_n10000_i80_l20_s16_c06,minsup,0.9573417000000001,0.4826,94.4,9,False,,20260922_020833,10000,80,0.05
Gr_growth,1,syn_n10000_i80_l20_s16_c06,minsup,0.9573417000000001,0.0228,0.34,9,False,,20260922_020833,10000,80,0.05
Pascal,1,syn_n10000_i80_l20_s16_c06,minsup,0.9573417000000001,0.4177,98.39,8,False,,20260922_020834,10000,80,0.05
TalkyG_Diffset,1,syn_n10000_i80_l20_s16_c06,minsup,0.9573417000000001,0.4051,100.29,9,False,,20260922_020834,10000,80,0.05
Talky_G,1,syn_n10000_i80_l20_s16_c06,minsup,0.9573417000000001,0.527,93.18,9,False,,20260922_020835,10000,80,0.05
Zart,1,syn_n10000_i80_l20_s16_c06,minsup,0.9573417000000001,0.3689,108.9,9,False,,20260922_020835,10000,80,0.05
Apriori_Gen_Borgelt,1,syn_n10000_i80_l20_s16_c06,minsup,0.5823170999999999,0.0216,0.3,280,False,,20260922_020835,10000,80,0.12
Eclat_Gen_Borgelt,1,syn_n10000_i80_l20_s16_c06,minsup,0.5823170999999999,0.0221,0.21,280,False,,20260922_020835,10000,80,0.12
FPgrowth_Gen_Borgelt,1,syn_n10000_i80_l20_s16_c06,minsup,0.5823170999999999,0.0182,0.45,280,False,,20260922_020835,10000,80,0.12
DefMe,1,syn_n10000_i80_l20_s16_c06,minsup,0.5823170999999999,0.4587,102.45,281,False,,20260922_020835,10000,80,0.12
Gr_growth,1,syn_n10000_i80_l20_s16_c06,minsup,0.5823170999999999,0.0234,10.12,281,False,,20260922_020835,10000,80,0.12
TalkyG_Diffset,1,syn_n10000_i80_l20_s16_c06,minsup,0.5823170999999999,0.4727,103.14,281,False,,20260922_020836,10000,80,0.12
Pascal,1,syn_n10000_i80_l20_s16_c06,minsup,0.5823170999999999,0.6443,113.31,280,False,,20260922_020836,10000,80,0.12
Talky_G,1,syn_n10000_i80_l20_s16_c06,minsup,0.5823170999999999,0.4698,97.0,281,False,,20260922_020837,10000,80,0.12
Apriori_Gen_Borgelt,1,syn_n10000_i80_l20_s16_c06,minsup,0.39230729999999997,0.0677,4.52,1265,False,,20260922_020837,10000,80,0.25
Zart,1,syn_n10000_i80_l20_s16_c06,minsup,0.5823170999999999,0.7028,142.11,281,False,,20260922_020837,10000,80,0.12
Eclat_Gen_Borgelt,1,syn_n10000_i80_l20_s16_c06,minsup,0.39230729999999997,0.0309,3.67,1265,False,,20260922_020837,10000,80,0.25
FPgrowth_Gen_Borgelt,1,syn_n10000_i80_l20_s16_c06,minsup,0.39230729999999997,0.032,4.02,1265,False,,20260922_020837,10000,80,0.25
DefMe,1,syn_n10000_i80_l20_s16_c06,minsup,0.39230729999999997,0.4663,98.22,1266,False,,20260922_020837,10000,80,0.25
Gr_growth,1,syn_n10000_i80_l20_s16_c06,minsup,0.39230729999999997,0.0506,14.36,1266,False,,20260922_020838,10000,80,0.25
TalkyG_Diffset,1,syn_n10000_i80_l20_s16_c06,minsup,0.39230729999999997,0.4276,100.18,1266,False,,20260922_020838,10000,80,0.25
Talky_G,1,syn_n10000_i80_l20_s16_c06,minsup,0.39230729999999997,0.4297,96.69,1266,False,,20260922_020839,10000,80,0.25
Pascal,1,syn_n10000_i80_l20_s16_c06,minsup,0.39230729999999997,1.2955,100.34,1265,False,,20260922_020839,10000,80,0.25
Apriori_Gen_Borgelt,1,syn_n10000_i80_l40_s00_c025,minsup,0.6145847999999999,0.0329,2.83,2,False,,20260922_020839,10000,80,0.02
DefMe,1,syn_n10000_i80_l40_s00_c025,minsup,0.6145847999999999,0.3586,100.67,3,False,,20260922_020840,10000,80,0.02
Eclat_Gen_Borgelt,1,syn_n10000_i80_l40_s00_c025,minsup,0.6145847999999999,0.0205,3.68,2,False,,20260922_020840,10000,80,0.02
FPgrowth_Gen_Borgelt,1,syn_n10000_i80_l40_s00_c025,minsup,0.6145847999999999,0.0167,3.84,2,False,,20260922_020840,10000,80,0.02
Gr_growth,1,syn_n10000_i80_l40_s00_c025,minsup,0.6145847999999999,0.0441,3.84,3,False,,20260922_020840,10000,80,0.02
Pascal,1,syn_n10000_i80_l40_s00_c025,minsup,0.6145847999999999,0.3839,108.5,2,False,,20260922_020841,10000,80,0.02
Zart,1,syn_n10000_i80_l20_s16_c06,minsup,0.39230729999999997,2.0715,165.3,1266,False,,20260922_020841,10000,80,0.25
TalkyG_Diffset,1,syn_n10000_i80_l40_s00_c025,minsup,0.6145847999999999,0.5225,100.5,3,False,,20260922_020841,10000,80,0.02
Talky_G,1,syn_n10000_i80_l40_s00_c025,minsup,0.6145847999999999,0.4715,102.32,3,False,,20260922_020842,10000,80,0.02
Apriori_Gen_Borgelt,1,syn_n10000_i80_l40_s00_c025,minsup,0.6017976,0.0244,0.38,4,False,,20260922_020842,10000,80,0.05
Zart,1,syn_n10000_i80_l40_s00_c025,minsup,0.6145847999999999,0.5287,105.23,3,False,,20260922_020842,10000,80,0.02
Eclat_Gen_Borgelt,1,syn_n10000_i80_l40_s00_c025,minsup,0.6017976,0.0237,0.32,4,False,,20260922_020842,10000,80,0.05
FPgrowth_Gen_Borgelt,1,syn_n10000_i80_l40_s00_c025,minsup,0.6017976,0.0216,3.83,4,False,,20260922_020843,10000,80,0.05
DefMe,1,syn_n10000_i80_l40_s00_c025,minsup,0.6017976,0.4976,105.06,5,False,,20260922_020843,10000,80,0.05
Gr_growth,1,syn_n10000_i80_l40_s00_c025,minsup,0.6017976,0.0287,5.9,5,False,,20260922_020843,10000,80,0.05
Pascal,1,syn_n10000_i80_l40_s00_c025,minsup,0.6017976,0.4989,108.96,4,False,,20260922_020843,10000,80,0.05
TalkyG_Diffset,1,syn_n10000_i80_l40_s00_c025,minsup,0.6017976,0.4416,101.36,5,False,,20260922_020843,10000,80,0.05
Talky_G,1,syn_n10000_i80_l40_s00_c025,minsup,0.6017976,0.4871,102.05,5,False,,20260922_020844,10000,80,0.05
Zart,1,syn_n10000_i80_l40_s00_c025,minsup,0.6017976,0.455,109.09,5,False,,20260922_020844,10000,80,0.05
Apriori_Gen_Borgelt,1,syn_n10000_i80_l40_s00_c025,minsup,0.5798196,0.0266,2.97,10,False,,20260922_020844,10000,80,0.12
Eclat_Gen_Borgelt,1,syn_n10000_i80_l40_s00_c025,minsup,0.5798196,0.0217,0.57,10,False,,20260922_020844,10000,80,0.12
FPgrowth_Gen_Borgelt,1,syn_n10000_i80_l40_s00_c025,minsup,0.5798196,0.0196,3.82,10,False,,20260922_020844,10000,80,0.12
Gr_growth,1,syn_n10000_i80_l40_s00_c025,minsup,0.5798196,0.0217,3.83,11,False,,20260922_020845,10000,80,0.12
DefMe,1,syn_n10000_i80_l40_s00_c025,minsup,0.5798196,0.5095,94.25,11,False,,20260922_020845,10000,80,0.12
Pascal,1,syn_n10000_i80_l40_s00_c025,minsup,0.5798196,0.4711,107.05,10,False,,20260922_020845,10000,80,0.12
TalkyG_Diffset,1,syn_n10000_i80_l40_s00_c025,minsup,0.5798196,0.4428,100.04,11,False,,20260922_020845,10000,80,0.12
Talky_G,1,syn_n10000_i80_l40_s00_c025,minsup,0.5798196,0.5169,103.14,11,False,,20260922_020846,10000,80,0.12
Zart,1,syn_n10000_i80_l40_s00_c025,minsup,0.5798196,0.4722,106.05,11,False,,20260922_020846,10000,80,0.12
Apriori_Gen_Borgelt,1,syn_n10000_i80_l40_s00_c025,minsup,0.5588406,0.0555,3.68,20,False,,20260922_020846,10000,80,0.25
Eclat_Gen_Borgelt,1,syn_n10000_i80_l40_s00_c025,minsup,0.5588406,0.0397,3.94,20,False,,20260922_020846,10000,80,0.25
FPgrowth_Gen_Borgelt,1,syn_n10000_i80_l40_s00_c025,minsup,0.5588406,0.0365,4.92,20,False,,20260922_020847,10000,80,0.25
DefMe,1,syn_n10000_i80_l40_s00_c025,minsup,0.5588406,0.4818,101.27,21,False,,20260922_020847,10000,80,0.25
Gr_growth,1,syn_n10000_i80_l40_s00_c025,minsup,0.5588406,0.0288,14.27,21,False,,20260922_020847,10000,80,0.25
TalkyG_Diffset,1,syn_n10000_i80_l40_s00_c025,minsup,0.5588406,0.4192,99.55,21,False,,20260922_020847,10000,80,0.25
Pascal,1,syn_n10000_i80_l40_s00_c025,minsup,0.5588406,0.7789,105.0,20,False,,20260922_020848,10000,80,0.25
Talky_G,1,syn_n10000_i80_l40_s00_c025,minsup,0.5588406,0.5456,100.05,21,False,,20260922_020848,10000,80,0.25
Apriori_Gen_Borgelt,1,syn_n10000_i80_l40_s00_c06,minsup,0.6038955,0.0283,2.91,2,False,,20260922_020848,10000,80,0.02
Zart,1,syn_n10000_i80_l40_s00_c025,minsup,0.5588406,0.6299,120.94,21,False,,20260922_020848,10000,80,0.25
Eclat_Gen_Borgelt,1,syn_n10000_i80_l40_s00_c06,minsup,0.6038955,0.0274,0.01,2,False,,20260922_020849,10000,80,0.02
FPgrowth_Gen_Borgelt,1,syn_n10000_i80_l40_s00_c06,minsup,0.6038955,0.0291,3.84,2,False,,20260922_020849,10000,80,0.02
Gr_growth,1,syn_n10000_i80_l40_s00_c06,minsup,0.6038955,0.0306,4.14,3,False,,20260922_020849,10000,80,0.02
DefMe,1,syn_n10000_i80_l40_s00_c06,minsup,0.6038955,0.6181,98.92,3,False,,20260922_020849,10000,80,0.02
Pascal,1,syn_n10000_i80_l40_s00_c06,minsup,0.6038955,0.4699,108.34,2,False,,20260922_020850,10000,80,0.02
TalkyG_Diffset,1,syn_n10000_i80_l40_s00_c06,minsup,0.6038955,0.4843,99.12,3,False,,20260922_020850,10000,80,0.02
Talky_G,1,syn_n10000_i80_l40_s00_c06,minsup,0.6038955,0.5009,99.82,3,False,,20260922_020850,10000,80,0.02
Zart,1,syn_n10000_i80_l40_s00_c06,minsup,0.6038955,0.4251,106.12,3,False,,20260922_020850,10000,80,0.02
Apriori_Gen_Borgelt,1,syn_n10000_i80_l40_s00_c06,minsup,0.5921073,0.0345,4.06,4,False,,20260922_020851,10000,80,0.05
Eclat_Gen_Borgelt,1,syn_n10000_i80_l40_s00_c06,minsup,0.5921073,0.0206,3.58,4,False,,20260922_020851,10000,80,0.05
FPgrowth_Gen_Borgelt,1,syn_n10000_i80_l40_s00_c06,minsup,0.5921073,0.0345,4.54,4,False,,20260922_020851,10000,80,0.05
DefMe,1,syn_n10000_i80_l40_s00_c06,minsup,0.5921073,0.5164,97.57,5,False,,20260922_020851,10000,80,0.05
Gr_growth,1,syn_n10000_i80_l40_s00_c06,minsup,0.5921073,0.0292,9.6,5,False,,20260922_020851,10000,80,0.05
Pascal,1,syn_n10000_i80_l40_s00_c06,minsup,0.5921073,0.4463,102.04,4,False,,20260922_020852,10000,80,0.05
TalkyG_Diffset,1,syn_n10000_i80_l40_s00_c06,minsup,0.5921073,0.4919,98.07,5,False,,20260922_020852,10000,80,0.05
Talky_G,1,syn_n10000_i80_l40_s00_c06,minsup,0.5921073,0.4646,96.84,5,False,,20260922_020852,10000,80,0.05
Zart,1,syn_n10000_i80_l40_s00_c06,minsup,0.5921073,0.4708,106.16,5,False,,20260922_020853,10000,80,0.05
Apriori_Gen_Borgelt,1,syn_n10000_i80_l40_s00_c06,minsup,0.5546448,0.0179,3.92,10,False,,20260922_020853,10000,80,0.12
Eclat_Gen_Borgelt,1,syn_n10000_i80_l40_s00_c06,minsup,0.5546448,0.0185,0.46,10,False,,20260922_020853,10000,80,0.12
FPgrowth_Gen_Borgelt,1,syn_n10000_i80_l40_s00_c06,minsup,0.5546448,0.0423,3.45,10,False,,20260922_020853,10000,80,0.12
DefMe,1,syn_n10000_i80_l40_s00_c06,minsup,0.5546448,0.4157,94.43,11,False,,20260922_020853,10000,80,0.12
Gr_growth,1,syn_n10000_i80_l40_s00_c06,minsup,0.5546448,0.0222,4.85,11,False,,20260922_020853,10000,80,0.12
TalkyG_Diffset,1,syn_n10000_i80_l40_s00_c06,minsup,0.5546448,0.4531,98.06,11,False,,20260922_020854,10000,80,0.12
Pascal,1,syn_n10000_i80_l40_s00_c06,minsup,0.5546448,0.5269,99.67,10,False,,20260922_020854,10000,80,0.12
Talky_G,1,syn_n10000_i80_l40_s00_c06,minsup,0.5546448,0.4393,98.34,11,False,,20260922_020854,10000,80,0.12
Zart,1,syn_n10000_i80_l40_s00_c06,minsup,0.5546448,0.5262,108.88,11,False,,20260922_020855,10000,80,0.12
Apriori_Gen_Borgelt,1,syn_n10000_i80_l40_s00_c06,minsup,0.540459,0.0318,3.63,20,False,,20260922_020855,10000,80,0.25
Eclat_Gen_Borgelt,1,syn_n10000_i80_l40_s00_c06,minsup,0.540459,0.0326,4.61,20,False,,20260922_020855,10000,80,0.25
FPgrowth_Gen_Borgelt,1,syn_n10000_i80_l40_s00_c06,minsup,0.540459,0.0334,3.84,20,False,,20260922_020855,10000,80,0.25
DefMe,1,syn_n10000_i80_l40_s00_c06,minsup,0.540459,0.5266,99.99,21,False,,20260922_020855,10000,80,0.25
Gr_growth,1,syn_n10000_i80_l40_s00_c06,minsup,0.540459,0.0436,9.2,21,False,,20260922_020855,10000,80,0.25
TalkyG_Diffset,1,syn_n10000_i80_l40_s00_c06,minsup,0.540459,0.3794,100.05,21,False,,20260922_020856,10000,80,0.25
Pascal,1,syn_n10000_i80_l40_s00_c06,minsup,0.540459,0.7075,102.62,20,False,,20260922_020856,10000,80,0.25
Talky_G,1,syn_n10000_i80_l40_s00_c06,minsup,0.540459,0.5203,98.84,21,False,,20260922_020857,10000,80,0.25
Apriori_Gen_Borgelt,1,syn_n10000_i80_l40_s08_c025,minsup,0.9864126000000001,0.0288,2.92,2,False,,20260922_020857,10000,80,0.02
Zart,1,syn_n10000_i80_l40_s00_c06,minsup,0.540459,0.5437,113.04,21,False,,20260922_020857,10000,80,0.25
Eclat_Gen_Borgelt,1,syn_n10000_i80_l40_s08_c025,minsup,0.9864126000000001,0.026,3.76,2,False,,20260922_020857,10000,80,0.02
FPgrowth_Gen_Borgelt,1,syn_n10000_i80_l40_s08_c025,minsup,0.9864126000000001,0.0184,0.36,2,False,,20260922_020857,10000,80,0.02
Gr_growth,1,syn_n10000_i80_l40_s08_c025,minsup,0.9864126000000001,0.0243,0.28,3,False,,20260922_020857,10000,80,0.02
DefMe,1,syn_n10000_i80_l40_s08_c025,minsup,0.9864126000000001,0.5334,97.21,3,False,,20260922_020857,10000,80,0.02
Pascal,1,syn_n10000_i80_l40_s08_c025,minsup,0.9864126000000001,0.4212,110.94,2,False,,20260922_020858,10000,80,0.02
TalkyG_Diffset,1,syn_n10000_i80_l40_s08_c025,minsup,0.9864126000000001,0.5436,103.62,3,False,,20260922_020858,10000,80,0.02
Talky_G,1,syn_n10000_i80_l40_s08_c025,minsup,0.9864126000000001,0.5117,104.44,3,False,,20260922_020859,10000,80,0.02
Apriori_Gen_Borgelt,1,syn_n10000_i80_l40_s08_c025,minsup,0.9582408,0.0234,3.19,8,False,,20260922_020859,10000,80,0.05
Zart,1,syn_n10000_i80_l40_s08_c025,minsup,0.9864126000000001,0.5125,107.47,3,False,,20260922_020859,10000,80,0.02
Eclat_Gen_Borgelt,1,syn_n10000_i80_l40_s08_c025,minsup,0.9582408,0.0208,3.59,8,False,,20260922_020859,10000,80,0.05
FPgrowth_Gen_Borgelt,1,syn_n10000_i80_l40_s08_c025,minsup,0.9582408,0.0192,0.25,8,False,,20260922_020859,10000,80,0.05
Gr_growth,1,syn_n10000_i80_l40_s08_c025,minsup,0.9582408,0.0332,0.27,9,False,,20260922_020859,10000,80,0.05
DefMe,1,syn_n10000_i80_l40_s08_c025,minsup,0.9582408,0.5105,104.89,9,False,,20260922_020900,10000,80,0.05
Pascal,1,syn_n10000_i80_l40_s08_c025,minsup,0.9582408,0.4585,104.72,8,False,,20260922_020900,10000,80,0.05
TalkyG_Diffset,1,syn_n10000_i80_l40_s08_c025,minsup,0.9582408,0.4364,97.87,9,False,,20260922_020900,10000,80,0.05
Talky_G,1,syn_n10000_i80_l40_s08_c025,minsup,0.9582408,0.5173,99.63,9,False,,20260922_020901,10000,80,0.05
Zart,1,syn_n10000_i80_l40_s08_c025,minsup,0.9582408,0.4585,109.18,9,False,,20260922_020901,10000,80,0.05
Apriori_Gen_Borgelt,1,syn_n10000_i80_l40_s08_c025,minsup,0.8076915,0.0233,3.61,97,False,,20260922_020901,10000,80,0.12
Eclat_Gen_Borgelt,1,syn_n10000_i80_l40_s08_c025,minsup,0.8076915,0.0267,3.79,97,False,,20260922_020901,10000,80,0.12
FPgrowth_Gen_Borgelt,1,syn_n10000_i80_l40_s08_c025,minsup,0.8076915,0.0416,3.29,97,False,,20260922_020901,10000,80,0.12
Gr_growth,1,syn_n10000_i80_l40_s08_c025,minsup,0.8076915,0.0219,3.84,98,False,,20260922_020902,10000,80,0.12
DefMe,1,syn_n10000_i80_l40_s08_c025,minsup,0.8076915,0.5739,96.6,98,False,,20260922_020902,10000,80,0.12
TalkyG_Diffset,1,syn_n10000_i80_l40_s08_c025,minsup,0.8076915,0.4781,99.08,98,False,,20260922_020902,10000,80,0.12
Pascal,1,syn_n10000_i80_l40_s08_c025,minsup,0.8076915,0.5856,100.67,97,False,,20260922_020902,10000,80,0.12
Talky_G,1,syn_n10000_i80_l40_s08_c025,minsup,0.8076915,0.5054,97.61,98,False,,20260922_020903,10000,80,0.12
Apriori_Gen_Borgelt,1,syn_n10000_i80_l40_s08_c025,minsup,0.693306,0.0424,5.06,546,False,,20260922_020903,10000,80,0.25
Zart,1,syn_n10000_i80_l40_s08_c025,minsup,0.8076915,0.6121,134.66,98,False,,20260922_020903,10000,80,0.12
Eclat_Gen_Borgelt,1,syn_n10000_i80_l40_s08_c025,minsup,0.693306,0.0378,4.79,546,False,,20260922_020903,10000,80,0.25
FPgrowth_Gen_Borgelt,1,syn_n10000_i80_l40_s08_c025,minsup,0.693306,0.0444,3.89,546,False,,20260922_020904,10000,80,0.25
DefMe,1,syn_n10000_i80_l40_s08_c025,minsup,0.693306,0.448,101.26,547,False,,20260922_020904,10000,80,0.25
Gr_growth,1,syn_n10000_i80_l40_s08_c025,minsup,0.693306,0.0317,3.83,547,False,,20260922_020904,10000,80,0.25
TalkyG_Diffset,1,syn_n10000_i80_l40_s08_c025,minsup,0.693306,0.4729,104.6,547,False,,20260922_020904,10000,80,0.25
Talky_G,1,syn_n10000_i80_l40_s08_c025,minsup,0.693306,0.411,105.55,547,False,,20260922_020905,10000,80,0.25
Pascal,1,syn_n10000_i80_l40_s08_c025,minsup,0.693306,1.399,104.89,546,False,,20260922_020905,10000,80,0.25
Apriori_Gen_Borgelt,1,syn_n10000_i80_l40_s08_c06,minsup,0.9723267000000001,0.0482,2.91,2,False,,20260922_020905,10000,80,0.02
DefMe,1,syn_n10000_i80_l40_s08_c06,minsup,0.9723267000000001,0.4005,96.18,3,False,,20260922_020906,10000,80,0.02
Eclat_Gen_Borgelt,1,syn_n10000_i80_l40_s08_c06,minsup,0.9723267000000001,0.0326,3.62,2,False,,20260922_020906,10000,80,0.02
FPgrowth_Gen_Borgelt,1,syn_n10000_i80_l40_s08_c06,minsup,0.9723267000000001,0.0443,4.23,2,False,,20260922_020906,10000,80,0.02
Gr_growth,1,syn_n10000_i80_l40_s08_c06,minsup,0.9723267000000001,0.022,3.83,3,False,,20260922_020907,10000,80,0.02
Zart,1,syn_n10000_i80_l40_s08_c025,minsup,0.693306,1.5366,185.16,547,False,,20260922_020907,10000,80,0.25
Pascal,1,syn_n10000_i80_l40_s08_c06,minsup,0.9723267000000001,0.4553,104.02,2,False,,20260922_020907,10000,80,0.02
TalkyG_Diffset,1,syn_n10000_i80_l40_s08_c06,minsup,0.9723267000000001,0.4405,101.16,3,False,,20260922_020907,10000,80,0.02
Talky_G,1,syn_n10000_i80_l40_s08_c06,minsup,0.9723267000000001,0.5018,102.91,3,False,,20260922_020908,10000,80,0.02
Zart,1,syn_n10000_i80_l40_s08_c06,minsup,0.9723267000000001,0.4749,105.72,3,False,,20260922_020908,10000,80,0.02
Apriori_Gen_Borgelt,1,syn_n10000_i80_l40_s08_c06,minsup,0.9181809000000001,0.0454,4.34,8,False,,20260922_020908,10000,80,0.05
Eclat_Gen_Borgelt,1,syn_n10000_i80_l40_s08_c06,minsup,0.9181809000000001,0.0328,3.89,8,False,,20260922_020908,10000,80,0.05
FPgrowth_Gen_Borgelt,1,syn_n10000_i80_l40_s08_c06,minsup,0.9181809000000001,0.038,3.5,8,False,,20260922_020909,10000,80,0.05
Gr_growth,1,syn_n10000_i80_l40_s08_c06,minsup,0.9181809000000001,0.0287,3.84,9,False,,20260922_020909,10000,80,0.05
DefMe,1,syn_n10000_i80_l40_s08_c06,minsup,0.9181809000000001,0.5673,103.04,9,False,,20260922_020909,10000,80,0.05
Pascal,1,syn_n10000_i80_l40_s08_c06,minsup,0.9181809000000001,0.4674,110.11,8,False,,20260922_020909,10000,80,0.05
TalkyG_Diffset,1,syn_n10000_i80_l40_s08_c06,minsup,0.9181809000000001,0.4737,102.06,9,False,,20260922_020909,10000,80,0.05
Talky_G,1,syn_n10000_i80_l40_s08_c06,minsup,0.9181809000000001,0.504,97.5,9,False,,20260922_020910,10000,80,0.05
Zart,1,syn_n10000_i80_l40_s08_c06,minsup,0.9181809000000001,0.4699,107.64,9,False,,20260922_020910,10000,80,0.05
Apriori_Gen_Borgelt,1,syn_n10000_i80_l40_s08_c06,minsup,0.7864128,0.0185,0.32,70,False,,20260922_020910,10000,80,0.12
Eclat_Gen_Borgelt,1,syn_n10000_i80_l40_s08_c06,minsup,0.7864128,0.0266,3.78,70,False,,20260922_020910,10000,80,0.12
FPgrowth_Gen_Borgelt,1,syn_n10000_i80_l40_s08_c06,minsup,0.7864128,0.0196,3.93,70,False,,20260922_020911,10000,80,0.12
Gr_growth,1,syn_n10000_i80_l40_s08_c06,minsup,0.7864128,0.0209,4.61,71,False,,20260922_020911,10000,80,0.12
DefMe,1,syn_n10000_i80_l40_s08_c06,minsup,0.7864128,0.5453,99.15,71,False,,20260922_020911,10000,80,0.12
TalkyG_Diffset,1,syn_n10000_i80_l40_s08_c06,minsup,0.7864128,0.4464,102.8,71,False,,20260922_020911,10000,80,0.12
Pascal,1,syn_n10000_i80_l40_s08_c06,minsup,0.7864128,0.66,106.9,70,False,,20260922_020912,10000,80,0.12
Talky_G,1,syn_n10000_i80_l40_s08_c06,minsup,0.7864128,0.4544,100.74,71,False,,20260922_020912,10000,80,0.12
Apriori_Gen_Borgelt,1,syn_n10000_i80_l40_s08_c06,minsup,0.6455538,0.0519,5.04,459,False,,20260922_020912,10000,80,0.25
Zart,1,syn_n10000_i80_l40_s08_c06,minsup,0.7864128,0.6205,134.84,71,False,,20260922_020912,10000,80,0.12
Eclat_Gen_Borgelt,1,syn_n10000_i80_l40_s08_c06,minsup,0.6455538,0.0485,3.78,459,False,,20260922_020913,10000,80,0.25
FPgrowth_Gen_Borgelt,1,syn_n10000_i80_l40_s08_c06,minsup,0.6455538,0.0327,3.89,459,False,,20260922_020913,10000,80,0.25
Gr_growth,1,syn_n10000_i80_l40_s08_c06,minsup,0.6455538,0.0324,4.29,460,False,,20260922_020913,10000,80,0.25
DefMe,1,syn_n10000_i80_l40_s08_c06,minsup,0.6455538,0.5644,102.68,460,False,,20260922_020913,10000,80,0.25
TalkyG_Diffset,1,syn_n10000_i80_l40_s08_c06,minsup,0.6455538,0.4162,102.19,460,False,,20260922_020914,10000,80,0.25
Talky_G,1,syn_n10000_i80_l40_s08_c06,minsup,0.6455538,0.4003,103.04,460,False,,20260922_020914,10000,80,0.25
Pascal,1,syn_n10000_i80_l40_s08_c06,minsup,0.6455538,1.409,102.21,459,False,,20260922_020914,10000,80,0.25
Apriori_Gen_Borgelt,1,syn_n10000_i80_l40_s16_c025,minsup,0.9989001,0.0266,2.98,23,False,,20260922_020915,10000,80,0.02
DefMe,1,syn_n10000_i80_l40_s16_c025,minsup,0.9989001,0.3653,98.89,23,False,,20260922_020915,10000,80,0.02
Eclat_Gen_Borgelt,1,syn_n10000_i80_l40_s16_c025,minsup,0.9989001,0.0256,3.43,23,False,,20260922_020915,10000,80,0.02
Zart,1,syn_n10000_i80_l40_s08_c06,minsup,0.6455538,1.159,158.42,460,False,,20260922_020915,10000,80,0.25
FPgrowth_Gen_Borgelt,1,syn_n10000_i80_l40_s16_c025,minsup,0.9989001,0.0167,3.84,23,False,,20260922_020916,10000,80,0.02
Gr_growth,1,syn_n10000_i80_l40_s16_c025,minsup,0.9989001,0.0194,5.02,24,False,,20260922_020916,10000,80,0.02
Pascal,1,syn_n10000_i80_l40_s16_c025,minsup,0.9989001,0.4619,108.09,22,False,,20260922_020916,10000,80,0.02
TalkyG_Diffset,1,syn_n10000_i80_l40_s16_c025,minsup,0.9989001,0.4687,101.11,23,False,,20260922_020916,10000,80,0.02
Talky_G,1,syn_n10000_i80_l40_s16_c025,minsup,0.9989001,0.5692,100.54,23,False,,20260922_020917,10000,80,0.02
Zart,1,syn_n10000_i80_l40_s16_c025,minsup,0.9989001,0.4541,113.48,23,False,,20260922_020917,10000,80,0.02
Apriori_Gen_Borgelt,1,syn_n10000_i80_l40_s16_c025,minsup,0.9985005,0.0347,3.99,35,False,,20260922_020917,10000,80,0.05
Eclat_Gen_Borgelt,1,syn_n10000_i80_l40_s16_c025,minsup,0.9985005,0.0176,3.83,35,False,,20260922_020917,10000,80,0.05
FPgrowth_Gen_Borgelt,1,syn_n10000_i80_l40_s16_c025,minsup,0.9985005,0.0211,0.21,35,False,,20260922_020917,10000,80,0.05
DefMe,1,syn_n10000_i80_l40_s16_c025,minsup,0.9985005,0.5098,100.27,32,False,,20260922_020918,10000,80,0.05
Gr_growth,1,syn_n10000_i80_l40_s16_c025,minsup,0.9985005,0.0217,4.29,36,False,,20260922_020918,10000,80,0.05
TalkyG_Diffset,1,syn_n10000_i80_l40_s16_c025,minsup,0.9985005,0.4146,100.61,32,False,,20260922_020918,10000,80,0.05
Pascal,1,syn_n10000_i80_l40_s16_c025,minsup,0.9985005,0.4866,103.63,31,False,,20260922_020918,10000,80,0.05
Talky_G,1,syn_n10000_i80_l40_s16_c025,minsup,0.9985005,0.4945,98.82,32,False,,20260922_020919,10000,80,0.05
Zart,1,syn_n10000_i80_l40_s16_c025,minsup,0.9985005,0.4343,119.71,32,False,,20260922_020919,10000,80,0.05
Apriori_Gen_Borgelt,1,syn_n10000_i80_l40_s16_c025,minsup,0.9693297000000001,0.0465,3.39,286,False,,20260922_020919,10000,80,0.12
Eclat_Gen_Borgelt,1,syn_n10000_i80_l40_s16_c025,minsup,0.9693297000000001,0.0197,3.75,286,False,,20260922_020919,10000,80,0.12
FPgrowth_Gen_Borgelt,1,syn_n10000_i80_l40_s16_c025,minsup,0.9693297000000001,0.0201,3.77,286,False,,20260922_020919,10000,80,0.12
Gr_growth,1,syn_n10000_i80_l40_s16_c025,minsup,0.9693297000000001,0.0215,3.84,291,False,,20260922_020920,10000,80,0.12
DefMe,1,syn_n10000_i80_l40_s16_c025,minsup,0.9693297000000001,0.5893,107.03,287,False,,20260922_020920,10000,80,0.12
TalkyG_Diffset,1,syn_n10000_i80_l40_s16_c025,minsup,0.9693297000000001,0.4721,100.66,287,False,,20260922_020920,10000,80,0.12
Pascal,1,syn_n10000_i80_l40_s16_c025,minsup,0.9693297000000001,0.9119,105.31,286,False,,20260922_020921,10000,80,0.12
Talky_G,1,syn_n10000_i80_l40_s16_c025,minsup,0.9693297000000001,0.475,102.7,287,False,,20260922_020921,10000,80,0.12
Apriori_Gen_Borgelt,1,syn_n10000_i80_l40_s16_c025,minsup,0.8593398,0.0839,5.07,8867,False,,20260922_020921,10000,80,0.25
Zart,1,syn_n10000_i80_l40_s16_c025,minsup,0.9693297000000001,0.8577,157.81,287,False,,20260922_020922,10000,80,0.12
Eclat_Gen_Borgelt,1,syn_n10000_i80_l40_s16_c025,minsup,0.8593398,0.0317,3.78,8867,False,,20260922_020922,10000,80,0.25
DefMe,1,syn_n10000_i80_l40_s16_c025,minsup,0.8593398,0.5438,225.77,8868,False,,20260922_020922,10000,80,0.25
FPgrowth_Gen_Borgelt,1,syn_n10000_i80_l40_s16_c025,minsup,0.8593398,0.0283,3.95,8867,False,,20260922_020922,10000,80,0.25
Gr_growth,1,syn_n10000_i80_l40_s16_c025,minsup,0.8593398,0.0403,14.11,8890,False,,20260922_020922,10000,80,0.25
TalkyG_Diffset,1,syn_n10000_i80_l40_s16_c025,minsup,0.8593398,0.4557,118.56,8868,False,,20260922_020923,10000,80,0.25
Talky_G,1,syn_n10000_i80_l40_s16_c025,minsup,0.8593398,0.4606,119.87,8868,False,,20260922_020924,10000,80,0.25
Pascal,1,syn_n10000_i80_l40_s16_c025,minsup,0.8593398,15.0838,116.19,8867,False,,20260922_020937,10000,80,0.25
Apriori_Gen_Borgelt,1,syn_n10000_i80_l40_s16_c06,minsup,0.9983006999999999,0.0346,2.91,5,False,,20260922_020938,10000,80,0.02
DefMe,1,syn_n10000_i80_l40_s16_c06,minsup,0.9983006999999999,0.3574,102.12,6,False,,20260922_020938,10000,80,0.02
Eclat_Gen_Borgelt,1,syn_n10000_i80_l40_s16_c06,minsup,0.9983006999999999,0.0217,3.54,5,False,,20260922_020938,10000,80,0.02
FPgrowth_Gen_Borgelt,1,syn_n10000_i80_l40_s16_c06,minsup,0.9983006999999999,0.0223,3.68,5,False,,20260922_020938,10000,80,0.02
Gr_growth,1,syn_n10000_i80_l40_s16_c06,minsup,0.9983006999999999,0.0214,3.83,6,False,,20260922_020939,10000,80,0.02
Pascal,1,syn_n10000_i80_l40_s16_c06,minsup,0.9983006999999999,0.4281,102.56,5,False,,20260922_020939,10000,80,0.02
TalkyG_Diffset,1,syn_n10000_i80_l40_s16_c06,minsup,0.9983006999999999,0.4151,100.94,6,False,,20260922_020940,10000,80,0.02
Talky_G,1,syn_n10000_i80_l40_s16_c06,minsup,0.9983006999999999,0.398,99.7,6,False,,20260922_020940,10000,80,0.02
Zart,1,syn_n10000_i80_l40_s16_c06,minsup,0.9983006999999999,0.4012,104.31,6,False,,20260922_020941,10000,80,0.02
Apriori_Gen_Borgelt,1,syn_n10000_i80_l40_s16_c06,minsup,0.9974016,0.0175,0.3,9,False,,20260922_020941,10000,80,0.05
DefMe,1,syn_n10000_i80_l40_s16_c06,minsup,0.9974016,0.36,98.53,10,False,,20260922_020942,10000,80,0.05
Eclat_Gen_Borgelt,1,syn_n10000_i80_l40_s16_c06,minsup,0.9974016,0.0184,0.27,9,False,,20260922_020942,10000,80,0.05
FPgrowth_Gen_Borgelt,1,syn_n10000_i80_l40_s16_c06,minsup,0.9974016,0.0192,0.23,9,False,,20260922_020942,10000,80,0.05
Gr_growth,1,syn_n10000_i80_l40_s16_c06,minsup,0.9974016,0.02,3.84,10,False,,20260922_020942,10000,80,0.05
Pascal,1,syn_n10000_i80_l40_s16_c06,minsup,0.9974016,0.3474,104.66,9,False,,20260922_020943,10000,80,0.05
TalkyG_Diffset,1,syn_n10000_i80_l40_s16_c06,minsup,0.9974016,0.4273,100.37,10,False,,20260922_020943,10000,80,0.05
Talky_G,1,syn_n10000_i80_l40_s16_c06,minsup,0.9974016,0.4215,99.12,10,False,,20260922_020944,10000,80,0.05
Zart,1,syn_n10000_i80_l40_s16_c06,minsup,0.9974016,0.4083,119.72,10,False,,20260922_020944,10000,80,0.05
Apriori_Gen_Borgelt,1,syn_n10000_i80_l40_s16_c06,minsup,0.9660329999999999,0.0216,4.49,327,False,,20260922_020944,10000,80,0.12
Zart,1,syn_n10000_i80_l40_s16_c025,minsup,0.8593398,21.2636,387.12,8868,False,,20260922_020945,10000,80,0.25
DefMe,1,syn_n10000_i80_l40_s16_c06,minsup,0.9660329999999999,0.408,100.89,328,False,,20260922_020945,10000,80,0.12
Eclat_Gen_Borgelt,1,syn_n10000_i80_l40_s16_c06,minsup,0.9660329999999999,0.0187,3.66,327,False,,20260922_020945,10000,80,0.12
FPgrowth_Gen_Borgelt,1,syn_n10000_i80_l40_s16_c06,minsup,0.9660329999999999,0.0188,3.91,327,False,,20260922_020945,10000,80,0.12
Gr_growth,1,syn_n10000_i80_l40_s16_c06,minsup,0.9660329999999999,0.0204,3.81,330,False,,20260922_020945,10000,80,0.12
TalkyG_Diffset,1,syn_n10000_i80_l40_s16_c06,minsup,0.9660329999999999,0.3959,97.57,328,False,,20260922_020946,10000,80,0.12
Pascal,1,syn_n10000_i80_l40_s16_c06,minsup,0.9660329999999999,1.0336,98.49,327,False,,20260922_020946,10000,80,0.12
Talky_G,1,syn_n10000_i80_l40_s16_c06,minsup,0.9660329999999999,0.4244,95.49,328,False,,20260922_020947,10000,80,0.12
Apriori_Gen_Borgelt,1,syn_n10000_i80_l40_s16_c06,minsup,0.7700292000000001,0.105,5.02,31223,False,,20260922_020947,10000,80,0.25
Zart,1,syn_n10000_i80_l40_s16_c06,minsup,0.9660329999999999,0.8598,145.91,328,False,,20260922_020947,10000,80,0.12
Eclat_Gen_Borgelt,1,syn_n10000_i80_l40_s16_c06,minsup,0.7700292000000001,0.061,12.66,31223,False,,20260922_020948,10000,80,0.25
DefMe,1,syn_n10000_i80_l40_s16_c06,minsup,0.7700292000000001,0.6898,300.96,31224,False,,20260922_020948,10000,80,0.25
FPgrowth_Gen_Borgelt,1,syn_n10000_i80_l40_s16_c06,minsup,0.7700292000000001,0.0473,13.32,31223,False,,20260922_020948,10000,80,0.25
Gr_growth,1,syn_n10000_i80_l40_s16_c06,minsup,0.7700292000000001,0.0665,14.31,31270,False,,20260922_020948,10000,80,0.25
TalkyG_Diffset,1,syn_n10000_i80_l40_s16_c06,minsup,0.7700292000000001,0.5026,175.81,31224,False,,20260922_020949,10000,80,0.25
Talky_G,1,syn_n10000_i80_l40_s16_c06,minsup,0.7700292000000001,0.515,142.98,31224,False,,20260922_020949,10000,80,0.25
Pascal,1,syn_n2000_i2000_l40_s16_c06,minsup,0.0084915,300.1495,531.82,954799,True,,20260922_021000,2000,1438,0.25
Apriori_Gen_Borgelt,1,syn_n10000_i300_l8_s00_c025,minsup,0.0482517,0.0184,3.05,6,False,,20260922_021001,10000,300,0.02
DefMe,1,syn_n10000_i300_l8_s00_c025,minsup,0.0482517,0.3127,100.6,7,False,,20260922_021001,10000,300,0.02
Eclat_Gen_Borgelt,1,syn_n10000_i300_l8_s00_c025,minsup,0.0482517,0.0083,0.22,6,False,,20260922_021001,10000,300,0.02
FPgrowth_Gen_Borgelt,1,syn_n10000_i300_l8_s00_c025,minsup,0.0482517,0.0139,3.09,6,False,,20260922_021001,10000,300,0.02
Gr_growth,1,syn_n10000_i300_l8_s00_c025,minsup,0.0482517,0.0151,0.21,7,False,,20260922_021002,10000,300,0.02
Pascal,1,syn_n10000_i300_l8_s00_c025,minsup,0.0482517,0.3121,87.11,6,False,,20260922_021002,10000,300,0.02
TalkyG_Diffset,1,syn_n10000_i300_l8_s00_c025,minsup,0.0482517,0.3715,95.25,7,False,,20260922_021003,10000,300,0.02
Talky_G,1,syn_n10000_i300_l8_s00_c025,minsup,0.0482517,0.4,98.05,7,False,,20260922_021003,10000,300,0.02
Zart,1,syn_n10000_i300_l8_s00_c025,minsup,0.0482517,0.343,105.16,7,False,,20260922_021004,10000,300,0.02
Apriori_Gen_Borgelt,1,syn_n10000_i300_l8_s00_c025,minsup,0.0433566,0.0187,0.31,15,False,,20260922_021004,10000,300,0.05
DefMe,1,syn_n10000_i300_l8_s00_c025,minsup,0.0433566,0.3055,103.38,16,False,,20260922_021004,10000,300,0.05
TalkyG_Diffset,1,syn_n2000_i2000_l40_s16_c06,minsup,0.0084915,300.1438,414.96,575497,True,,20260922_021004,2000,1438,0.25
Eclat_Gen_Borgelt,1,syn_n10000_i300_l8_s00_c025,minsup,0.0433566,0.0088,0.35,15,False,,20260922_021004,10000,300,0.05
FPgrowth_Gen_Borgelt,1,syn_n10000_i300_l8_s00_c025,minsup,0.0433566,0.014,3.02,15,False,,20260922_021005,10000,300,0.05
Gr_growth,1,syn_n10000_i300_l8_s00_c025,minsup,0.0433566,0.0252,3.79,16,False,,20260922_021005,10000,300,0.05
TalkyG_Diffset,1,syn_n10000_i300_l8_s00_c025,minsup,0.0433566,0.3754,99.18,16,False,,20260922_021005,10000,300,0.05
Pascal,1,syn_n10000_i300_l8_s00_c025,minsup,0.0433566,0.5062,92.59,15,False,,20260922_021005,10000,300,0.05
Talky_G,1,syn_n10000_i300_l8_s00_c025,minsup,0.0433566,0.412,97.12,16,False,,20260922_021006,10000,300,0.05
Apriori_Gen_Borgelt,1,syn_n10000_i300_l8_s00_c025,minsup,0.0396603,0.0083,0.2,36,False,,20260922_021006,10000,300,0.12
Zart,1,syn_n10000_i300_l8_s00_c025,minsup,0.0433566,0.4842,108.6,16,False,,20260922_021006,10000,300,0.05
Eclat_Gen_Borgelt,1,syn_n10000_i300_l8_s00_c025,minsup,0.0396603,0.0078,0.46,36,False,,20260922_021006,10000,300,0.12
FPgrowth_Gen_Borgelt,1,syn_n10000_i300_l8_s00_c025,minsup,0.0396603,0.0116,0.45,36,False,,20260922_021006,10000,300,0.12
Gr_growth,1,syn_n10000_i300_l8_s00_c025,minsup,0.0396603,0.0192,0.25,37,False,,20260922_021007,10000,300,0.12
DefMe,1,syn_n10000_i300_l8_s00_c025,minsup,0.0396603,0.4782,102.43,37,False,,20260922_021007,10000,300,0.12
TalkyG_Diffset,1,syn_n10000_i300_l8_s00_c025,minsup,0.0396603,0.4121,102.56,37,False,,20260922_021007,10000,300,0.12
Pascal,1,syn_n10000_i300_l8_s00_c025,minsup,0.0396603,0.4916,87.84,36,False,,20260922_021007,10000,300,0.12
Talky_G,1,syn_n10000_i300_l8_s00_c025,minsup,0.0396603,0.3978,104.51,37,False,,20260922_021008,10000,300,0.12
Apriori_Gen_Borgelt,1,syn_n10000_i300_l8_s00_c025,minsup,0.0351648,0.0206,0.29,75,False,,20260922_021008,10000,300,0.25
Zart,1,syn_n10000_i300_l8_s00_c025,minsup,0.0396603,0.5997,140.38,37,False,,20260922_021008,10000,300,0.12
Eclat_Gen_Borgelt,1,syn_n10000_i300_l8_s00_c025,minsup,0.0351648,0.0228,0.43,75,False,,20260922_021008,10000,300,0.25
FPgrowth_Gen_Borgelt,1,syn_n10000_i300_l8_s00_c025,minsup,0.0351648,0.0199,3.45,75,False,,20260922_021008,10000,300,0.25
DefMe,1,syn_n10000_i300_l8_s00_c025,minsup,0.0351648,0.4385,104.17,76,False,,20260922_021008,10000,300,0.25
Gr_growth,1,syn_n10000_i300_l8_s00_c025,minsup,0.0351648,0.0181,0.27,76,False,,20260922_021009,10000,300,0.25
TalkyG_Diffset,1,syn_n10000_i300_l8_s00_c025,minsup,0.0351648,0.4326,96.75,76,False,,20260922_021009,10000,300,0.25
Talky_G,1,syn_n10000_i300_l8_s00_c025,minsup,0.0351648,0.3654,103.25,76,False,,20260922_021010,10000,300,0.25
Pascal,1,syn_n10000_i300_l8_s00_c025,minsup,0.0351648,1.1934,92.96,75,False,,20260922_021010,10000,300,0.25
Apriori_Gen_Borgelt,1,syn_n10000_i300_l8_s00_c06,minsup,0.0447552,0.0185,3.0,6,False,,20260922_021010,10000,300,0.02
DefMe,1,syn_n10000_i300_l8_s00_c06,minsup,0.0447552,0.3827,100.8,7,False,,20260922_021011,10000,300,0.02
Eclat_Gen_Borgelt,1,syn_n10000_i300_l8_s00_c06,minsup,0.0447552,0.0124,0.47,6,False,,20260922_021011,10000,300,0.02
Zart,1,syn_n10000_i300_l8_s00_c025,minsup,0.0351648,1.1349,374.62,76,False,,20260922_021011,10000,300,0.25
FPgrowth_Gen_Borgelt,1,syn_n10000_i300_l8_s00_c06,minsup,0.0447552,0.0182,0.46,6,False,,20260922_021011,10000,300,0.02
Gr_growth,1,syn_n10000_i300_l8_s00_c06,minsup,0.0447552,0.0311,3.83,7,False,,20260922_021011,10000,300,0.02
Pascal,1,syn_n10000_i300_l8_s00_c06,minsup,0.0447552,0.461,89.44,6,False,,20260922_021012,10000,300,0.02
TalkyG_Diffset,1,syn_n10000_i300_l8_s00_c06,minsup,0.0447552,0.3984,102.88,7,False,,20260922_021012,10000,300,0.02
Talky_G,1,syn_n10000_i300_l8_s00_c06,minsup,0.0447552,0.4595,99.56,7,False,,20260922_021012,10000,300,0.02
Zart,1,syn_n10000_i300_l8_s00_c06,minsup,0.0447552,0.3845,103.62,7,False,,20260922_021012,10000,300,0.02
Apriori_Gen_Borgelt,1,syn_n10000_i300_l8_s00_c06,minsup,0.0402597,0.0118,0.4,15,False,,20260922_021012,10000,300,0.05
Eclat_Gen_Borgelt,1,syn_n10000_i300_l8_s00_c06,minsup,0.0402597,0.0254,0.45,15,False,,20260922_021013,10000,300,0.05
FPgrowth_Gen_Borgelt,1,syn_n10000_i300_l8_s00_c06,minsup,0.0402597,0.0201,0.02,15,False,,20260922_021013,10000,300,0.05
DefMe,1,syn_n10000_i300_l8_s00_c06,minsup,0.0402597,0.4311,103.87,16,False,,20260922_021013,10000,300,0.05
Gr_growth,1,syn_n10000_i300_l8_s00_c06,minsup,0.0402597,0.0246,0.28,16,False,,20260922_021013,10000,300,0.05
Pascal,1,syn_n10000_i300_l8_s00_c06,minsup,0.0402597,0.4893,88.72,15,False,,20260922_021014,10000,300,0.05
TalkyG_Diffset,1,syn_n10000_i300_l8_s00_c06,minsup,0.0402597,0.3957,99.57,16,False,,20260922_021014,10000,300,0.05
Talky_G,1,syn_n10000_i300_l8_s00_c06,minsup,0.0402597,0.4007,105.24,16,False,,20260922_021014,10000,300,0.05
Zart,1,syn_n10000_i300_l8_s00_c06,minsup,0.0402597,0.4789,110.84,16,False,,20260922_021014,10000,300,0.05
Apriori_Gen_Borgelt,1,syn_n10000_i300_l8_s00_c06,minsup,0.0372627,0.0188,0.39,36,False,,20260922_021014,10000,300,0.12
Eclat_Gen_Borgelt,1,syn_n10000_i300_l8_s00_c06,minsup,0.0372627,0.0302,0.02,36,False,,20260922_021015,10000,300,0.12
FPgrowth_Gen_Borgelt,1,syn_n10000_i300_l8_s00_c06,minsup,0.0372627,0.0076,0.19,36,False,,20260922_021015,10000,300,0.12
Gr_growth,1,syn_n10000_i300_l8_s00_c06,minsup,0.0372627,0.0135,0.36,37,False,,20260922_021015,10000,300,0.12
DefMe,1,syn_n10000_i300_l8_s00_c06,minsup,0.0372627,0.4861,99.64,37,False,,20260922_021015,10000,300,0.12
TalkyG_Diffset,1,syn_n10000_i300_l8_s00_c06,minsup,0.0372627,0.3736,99.77,37,False,,20260922_021016,10000,300,0.12
Pascal,1,syn_n10000_i300_l8_s00_c06,minsup,0.0372627,0.5977,88.98,36,False,,20260922_021016,10000,300,0.12
Talky_G,1,syn_n10000_i300_l8_s00_c06,minsup,0.0372627,0.4584,99.75,37,False,,20260922_021016,10000,300,0.12
Apriori_Gen_Borgelt,1,syn_n10000_i300_l8_s00_c06,minsup,0.033766199999999996,0.015,0.29,75,False,,20260922_021016,10000,300,0.25
Zart,1,syn_n10000_i300_l8_s00_c06,minsup,0.0372627,0.5866,149.61,37,False,,20260922_021016,10000,300,0.12
Eclat_Gen_Borgelt,1,syn_n10000_i300_l8_s00_c06,minsup,0.033766199999999996,0.0087,0.34,75,False,,20260922_021017,10000,300,0.25
FPgrowth_Gen_Borgelt,1,syn_n10000_i300_l8_s00_c06,minsup,0.033766199999999996,0.018,0.48,75,False,,20260922_021017,10000,300,0.25
DefMe,1,syn_n10000_i300_l8_s00_c06,minsup,0.033766199999999996,0.4501,103.46,76,False,,20260922_021017,10000,300,0.25
Gr_growth,1,syn_n10000_i300_l8_s00_c06,minsup,0.033766199999999996,0.0309,6.03,76,False,,20260922_021017,10000,300,0.25
TalkyG_Diffset,1,syn_n10000_i300_l8_s00_c06,minsup,0.033766199999999996,0.35,104.1,76,False,,20260922_021018,10000,300,0.25
Pascal,1,syn_n10000_i300_l8_s00_c06,minsup,0.033766199999999996,1.0313,89.52,75,False,,20260922_021018,10000,300,0.25
Talky_G,1,syn_n10000_i300_l8_s00_c06,minsup,0.033766199999999996,0.4002,99.61,76,False,,20260922_021018,10000,300,0.25
Apriori_Gen_Borgelt,1,syn_n10000_i300_l8_s08_c025,minsup,0.1637361,0.0178,3.02,8,False,,20260922_021018,10000,300,0.02
DefMe,1,syn_n10000_i300_l8_s08_c025,minsup,0.1637361,0.3594,100.05,9,False,,20260922_021019,10000,300,0.02
Eclat_Gen_Borgelt,1,syn_n10000_i300_l8_s08_c025,minsup,0.1637361,0.0148,0.26,8,False,,20260922_021019,10000,300,0.02
FPgrowth_Gen_Borgelt,1,syn_n10000_i300_l8_s08_c025,minsup,0.1637361,0.0082,0.31,8,False,,20260922_021019,10000,300,0.02
Zart,1,syn_n10000_i300_l8_s00_c06,minsup,0.033766199999999996,1.1223,370.38,76,False,,20260922_021019,10000,300,0.25
Gr_growth,1,syn_n10000_i300_l8_s08_c025,minsup,0.1637361,0.0148,0.27,9,False,,20260922_021019,10000,300,0.02
TalkyG_Diffset,1,syn_n10000_i300_l8_s08_c025,minsup,0.1637361,0.3875,99.99,9,False,,20260922_021020,10000,300,0.02
Pascal,1,syn_n10000_i300_l8_s08_c025,minsup,0.1637361,0.5705,90.88,8,False,,20260922_021020,10000,300,0.02
Talky_G,1,syn_n10000_i300_l8_s08_c025,minsup,0.1637361,0.4385,100.81,9,False,,20260922_021021,10000,300,0.02
Apriori_Gen_Borgelt,1,syn_n10000_i300_l8_s08_c025,minsup,0.0933066,0.0157,0.32,23,False,,20260922_021021,10000,300,0.05
Zart,1,syn_n10000_i300_l8_s08_c025,minsup,0.1637361,0.4771,101.21,9,False,,20260922_021021,10000,300,0.02
Eclat_Gen_Borgelt,1,syn_n10000_i300_l8_s08_c025,minsup,0.0933066,0.0183,0.46,23,False,,20260922_021021,10000,300,0.05
FPgrowth_Gen_Borgelt,1,syn_n10000_i300_l8_s08_c025,minsup,0.0933066,0.015,0.39,23,False,,20260922_021021,10000,300,0.05
Gr_growth,1,syn_n10000_i300_l8_s08_c025,minsup,0.0933066,0.015,12.88,24,False,,20260922_021021,10000,300,0.05
DefMe,1,syn_n10000_i300_l8_s08_c025,minsup,0.0933066,0.4978,94.57,24,False,,20260922_021021,10000,300,0.05
Pascal,1,syn_n10000_i300_l8_s08_c025,minsup,0.0933066,0.4155,87.16,23,False,,20260922_021022,10000,300,0.05
TalkyG_Diffset,1,syn_n10000_i300_l8_s08_c025,minsup,0.0933066,0.4271,97.46,24,False,,20260922_021022,10000,300,0.05
Talky_G,1,syn_n10000_i300_l8_s08_c025,minsup,0.0933066,0.445,102.09,24,False,,20260922_021022,10000,300,0.05
Apriori_Gen_Borgelt,1,syn_n10000_i300_l8_s08_c025,minsup,0.0494505,0.0185,0.28,64,False,,20260922_021023,10000,300,0.12
Zart,1,syn_n10000_i300_l8_s08_c025,minsup,0.0933066,0.5211,103.15,24,False,,20260922_021023,10000,300,0.05
Eclat_Gen_Borgelt,1,syn_n10000_i300_l8_s08_c025,minsup,0.0494505,0.0303,3.03,64,False,,20260922_021023,10000,300,0.12
FPgrowth_Gen_Borgelt,1,syn_n10000_i300_l8_s08_c025,minsup,0.0494505,0.0111,0.45,64,False,,20260922_021023,10000,300,0.12
DefMe,1,syn_n10000_i300_l8_s08_c025,minsup,0.0494505,0.4495,98.97,65,False,,20260922_021023,10000,300,0.12
Gr_growth,1,syn_n10000_i300_l8_s08_c025,minsup,0.0494505,0.0395,7.86,65,False,,20260922_021023,10000,300,0.12
TalkyG_Diffset,1,syn_n10000_i300_l8_s08_c025,minsup,0.0494505,0.3625,102.08,65,False,,20260922_021024,10000,300,0.12
Pascal,1,syn_n10000_i300_l8_s08_c025,minsup,0.0494505,0.557,87.38,64,False,,20260922_021024,10000,300,0.12
Talky_G,1,syn_n10000_i300_l8_s08_c025,minsup,0.0494505,0.4554,103.51,65,False,,20260922_021025,10000,300,0.12
Apriori_Gen_Borgelt,1,syn_n10000_i300_l8_s08_c025,minsup,0.0308691,0.0391,3.47,151,False,,20260922_021025,10000,300,0.25
Zart,1,syn_n10000_i300_l8_s08_c025,minsup,0.0494505,0.582,146.3,65,False,,20260922_021025,10000,300,0.12
Eclat_Gen_Borgelt,1,syn_n10000_i300_l8_s08_c025,minsup,0.0308691,0.0117,0.46,151,False,,20260922_021025,10000,300,0.25
FPgrowth_Gen_Borgelt,1,syn_n10000_i300_l8_s08_c025,minsup,0.0308691,0.0148,0.38,151,False,,20260922_021025,10000,300,0.25
DefMe,1,syn_n10000_i300_l8_s08_c025,minsup,0.0308691,0.4643,104.99,152,False,,20260922_021025,10000,300,0.25
Gr_growth,1,syn_n10000_i300_l8_s08_c025,minsup,0.0308691,0.0163,13.52,152,False,,20260922_021025,10000,300,0.25
TalkyG_Diffset,1,syn_n10000_i300_l8_s08_c025,minsup,0.0308691,0.3793,102.75,152,False,,20260922_021026,10000,300,0.25
Talky_G,1,syn_n10000_i300_l8_s08_c025,minsup,0.0308691,0.3451,94.84,152,False,,20260922_021027,10000,300,0.25
Pascal,1,syn_n10000_i300_l8_s08_c025,minsup,0.0308691,1.0748,90.55,151,False,,20260922_021027,10000,300,0.25
Apriori_Gen_Borgelt,1,syn_n10000_i300_l8_s08_c06,minsup,0.19350630000000002,0.0241,0.4,6,False,,20260922_021027,10000,300,0.02
DefMe,1,syn_n10000_i300_l8_s08_c06,minsup,0.19350630000000002,0.3572,104.45,7,False,,20260922_021027,10000,300,0.02
Eclat_Gen_Borgelt,1,syn_n10000_i300_l8_s08_c06,minsup,0.19350630000000002,0.0234,2.92,6,False,,20260922_021028,10000,300,0.02
FPgrowth_Gen_Borgelt,1,syn_n10000_i300_l8_s08_c06,minsup,0.19350630000000002,0.0083,0.3,6,False,,20260922_021028,10000,300,0.02
Gr_growth,1,syn_n10000_i300_l8_s08_c06,minsup,0.19350630000000002,0.0153,0.25,7,False,,20260922_021028,10000,300,0.02
Zart,1,syn_n10000_i300_l8_s08_c025,minsup,0.0308691,1.2673,376.43,152,False,,20260922_021028,10000,300,0.25
Pascal,1,syn_n10000_i300_l8_s08_c06,minsup,0.19350630000000002,0.3998,92.75,6,False,,20260922_021028,10000,300,0.02
TalkyG_Diffset,1,syn_n10000_i300_l8_s08_c06,minsup,0.19350630000000002,0.3694,96.92,7,False,,20260922_021029,10000,300,0.02
Talky_G,1,syn_n10000_i300_l8_s08_c06,minsup,0.19350630000000002,0.4284,98.67,7,False,,20260922_021029,10000,300,0.02
Zart,1,syn_n10000_i300_l8_s08_c06,minsup,0.19350630000000002,0.4366,100.08,7,False,,20260922_021029,10000,300,0.02
Apriori_Gen_Borgelt,1,syn_n10000_i300_l8_s08_c06,minsup,0.1032966,0.008,0.32,19,False,,20260922_021029,10000,300,0.05
Eclat_Gen_Borgelt,1,syn_n10000_i300_l8_s08_c06,minsup,0.1032966,0.0141,0.35,19,False,,20260922_021029,10000,300,0.05
FPgrowth_Gen_Borgelt,1,syn_n10000_i300_l8_s08_c06,minsup,0.1032966,0.0282,3.05,19,False,,20260922_021030,10000,300,0.05
Gr_growth,1,syn_n10000_i300_l8_s08_c06,minsup,0.1032966,0.015,0.27,20,False,,20260922_021030,10000,300,0.05
DefMe,1,syn_n10000_i300_l8_s08_c06,minsup,0.1032966,0.5023,101.45,20,False,,20260922_021030,10000,300,0.05
Pascal,1,syn_n10000_i300_l8_s08_c06,minsup,0.1032966,0.4299,90.56,19,False,,20260922_021030,10000,300,0.05
TalkyG_Diffset,1,syn_n10000_i300_l8_s08_c06,minsup,0.1032966,0.3901,96.85,20,False,,20260922_021030,10000,300,0.05
Talky_G,1,syn_n10000_i300_l8_s08_c06,minsup,0.1032966,0.3926,102.21,20,False,,20260922_021031,10000,300,0.05
Apriori_Gen_Borgelt,1,syn_n10000_i300_l8_s08_c06,minsup,0.0457542,0.0222,0.02,68,False,,20260922_021031,10000,300,0.12
Zart,1,syn_n10000_i300_l8_s08_c06,minsup,0.1032966,0.4999,104.96,20,False,,20260922_021031,10000,300,0.05
Eclat_Gen_Borgelt,1,syn_n10000_i300_l8_s08_c06,minsup,0.0457542,0.0238,2.87,68,False,,20260922_021031,10000,300,0.12
FPgrowth_Gen_Borgelt,1,syn_n10000_i300_l8_s08_c06,minsup,0.0457542,0.0362,0.02,68,False,,20260922_021031,10000,300,0.12
Gr_growth,1,syn_n10000_i300_l8_s08_c06,minsup,0.0457542,0.0262,3.72,69,False,,20260922_021032,10000,300,0.12
DefMe,1,syn_n10000_i300_l8_s08_c06,minsup,0.0457542,0.5058,98.94,69,False,,20260922_021032,10000,300,0.12
TalkyG_Diffset,1,syn_n10000_i300_l8_s08_c06,minsup,0.0457542,0.3609,104.11,69,False,,20260922_021032,10000,300,0.12
Pascal,1,syn_n10000_i300_l8_s08_c06,minsup,0.0457542,0.5783,84.11,68,False,,20260922_021032,10000,300,0.12
Talky_G,1,syn_n10000_i300_l8_s08_c06,minsup,0.0457542,0.4207,103.36,69,False,,20260922_021033,10000,300,0.12
Apriori_Gen_Borgelt,1,syn_n10000_i300_l8_s08_c06,minsup,0.026573399999999997,0.0157,3.49,158,False,,20260922_021033,10000,300,0.25
Zart,1,syn_n10000_i300_l8_s08_c06,minsup,0.0457542,0.6366,157.71,69,False,,20260922_021033,10000,300,0.12
Eclat_Gen_Borgelt,1,syn_n10000_i300_l8_s08_c06,minsup,0.026573399999999997,0.0228,0.02,158,False,,20260922_021033,10000,300,0.25
FPgrowth_Gen_Borgelt,1,syn_n10000_i300_l8_s08_c06,minsup,0.026573399999999997,0.0174,0.39,158,False,,20260922_021034,10000,300,0.25
Gr_growth,1,syn_n10000_i300_l8_s08_c06,minsup,0.026573399999999997,0.0158,13.4,159,False,,20260922_021034,10000,300,0.25
DefMe,1,syn_n10000_i300_l8_s08_c06,minsup,0.026573399999999997,0.5427,101.58,159,False,,20260922_021034,10000,300,0.25
TalkyG_Diffset,1,syn_n10000_i300_l8_s08_c06,minsup,0.026573399999999997,0.3755,101.9,159,False,,20260922_021034,10000,300,0.25
Talky_G,1,syn_n10000_i300_l8_s08_c06,minsup,0.026573399999999997,0.3775,103.03,159,False,,20260922_021035,10000,300,0.25
Pascal,1,syn_n10000_i300_l8_s08_c06,minsup,0.026573399999999997,1.2307,87.4,158,False,,20260922_021035,10000,300,0.25
Apriori_Gen_Borgelt,1,syn_n10000_i300_l8_s16_c025,minsup,0.6702291,0.0175,2.67,8,False,,20260922_021035,10000,197,0.02
DefMe,1,syn_n10000_i300_l8_s16_c025,minsup,0.6702291,0.3337,94.88,9,False,,20260922_021036,10000,197,0.02
Eclat_Gen_Borgelt,1,syn_n10000_i300_l8_s16_c025,minsup,0.6702291,0.0078,0.25,8,False,,20260922_021036,10000,197,0.02
FPgrowth_Gen_Borgelt,1,syn_n10000_i300_l8_s16_c025,minsup,0.6702291,0.0198,3.0,8,False,,20260922_021036,10000,197,0.02
Zart,1,syn_n10000_i300_l8_s08_c06,minsup,0.026573399999999997,1.2509,372.61,159,False,,20260922_021036,10000,300,0.25
Gr_growth,1,syn_n10000_i300_l8_s16_c025,minsup,0.6702291,0.0269,13.88,9,False,,20260922_021036,10000,197,0.02
TalkyG_Diffset,1,syn_n10000_i300_l8_s16_c025,minsup,0.6702291,0.3717,99.08,9,False,,20260922_021037,10000,197,0.02
Pascal,1,syn_n10000_i300_l8_s16_c025,minsup,0.6702291,0.4484,87.53,8,False,,20260922_021037,10000,197,0.02
Talky_G,1,syn_n10000_i300_l8_s16_c025,minsup,0.6702291,0.4302,99.45,9,False,,20260922_021037,10000,197,0.02
Zart,1,syn_n10000_i300_l8_s16_c025,minsup,0.6702291,0.3787,102.3,9,False,,20260922_021037,10000,197,0.02
Apriori_Gen_Borgelt,1,syn_n10000_i300_l8_s16_c025,minsup,0.2205792,0.0148,2.98,64,False,,20260922_021038,10000,197,0.05
Eclat_Gen_Borgelt,1,syn_n10000_i300_l8_s16_c025,minsup,0.2205792,0.0278,0.54,64,False,,20260922_021038,10000,197,0.05
FPgrowth_Gen_Borgelt,1,syn_n10000_i300_l8_s16_c025,minsup,0.2205792,0.0092,0.46,64,False,,20260922_021038,10000,197,0.05
Gr_growth,1,syn_n10000_i300_l8_s16_c025,minsup,0.2205792,0.015,0.27,65,False,,20260922_021038,10000,197,0.05
DefMe,1,syn_n10000_i300_l8_s16_c025,minsup,0.2205792,0.5839,93.34,65,False,,20260922_021038,10000,197,0.05
TalkyG_Diffset,1,syn_n10000_i300_l8_s16_c025,minsup,0.2205792,0.3668,98.62,65,False,,20260922_021039,10000,197,0.05
Pascal,1,syn_n10000_i300_l8_s16_c025,minsup,0.2205792,0.4473,92.58,64,False,,20260922_021039,10000,197,0.05
Talky_G,1,syn_n10000_i300_l8_s16_c025,minsup,0.2205792,0.4671,100.91,65,False,,20260922_021039,10000,197,0.05
Zart,1,syn_n10000_i300_l8_s16_c025,minsup,0.2205792,0.465,107.83,65,False,,20260922_021039,10000,197,0.05
Apriori_Gen_Borgelt,1,syn_n10000_i300_l8_s16_c025,minsup,0.0713286,0.0164,3.75,439,False,,20260922_021040,10000,197,0.12
Eclat_Gen_Borgelt,1,syn_n10000_i300_l8_s16_c025,minsup,0.0713286,0.0246,0.47,439,False,,20260922_021040,10000,197,0.12
FPgrowth_Gen_Borgelt,1,syn_n10000_i300_l8_s16_c025,minsup,0.0713286,0.0127,0.6,439,False,,20260922_021040,10000,197,0.12
DefMe,1,syn_n10000_i300_l8_s16_c025,minsup,0.0713286,0.3879,103.44,440,False,,20260922_021040,10000,197,0.12
Gr_growth,1,syn_n10000_i300_l8_s16_c025,minsup,0.0713286,0.0146,0.26,440,False,,20260922_021040,10000,197,0.12
TalkyG_Diffset,1,syn_n10000_i300_l8_s16_c025,minsup,0.0713286,0.3853,102.73,440,False,,20260922_021041,10000,197,0.12
Pascal,1,syn_n10000_i300_l8_s16_c025,minsup,0.0713286,0.7413,96.34,439,False,,20260922_021041,10000,197,0.12
Talky_G,1,syn_n10000_i300_l8_s16_c025,minsup,0.0713286,0.492,97.95,440,False,,20260922_021041,10000,197,0.12
Apriori_Gen_Borgelt,1,syn_n10000_i300_l8_s16_c025,minsup,0.015684299999999998,0.0386,4.07,3299,False,,20260922_021042,10000,197,0.25
Zart,1,syn_n10000_i300_l8_s16_c025,minsup,0.0713286,0.912,263.81,440,False,,20260922_021042,10000,197,0.12
DefMe,1,syn_n10000_i300_l8_s16_c025,minsup,0.015684299999999998,0.3907,111.81,3300,False,,20260922_021042,10000,197,0.25
Eclat_Gen_Borgelt,1,syn_n10000_i300_l8_s16_c025,minsup,0.015684299999999998,0.02,3.89,3299,False,,20260922_021042,10000,197,0.25
Pascal,1,syn_n10000_i80_l40_s16_c06,minsup,0.7700292000000001,54.2345,117.7,31223,False,,20260922_021042,10000,80,0.25
FPgrowth_Gen_Borgelt,1,syn_n10000_i300_l8_s16_c025,minsup,0.015684299999999998,0.0407,3.66,3299,False,,20260922_021042,10000,197,0.25
Gr_growth,1,syn_n10000_i300_l8_s16_c025,minsup,0.015684299999999998,0.0204,12.41,3300,False,,20260922_021042,10000,197,0.25
Talky_G,1,syn_n10000_i300_l8_s16_c025,minsup,0.015684299999999998,0.4109,109.37,3300,False,,20260922_021043,10000,197,0.25
TalkyG_Diffset,1,syn_n10000_i300_l8_s16_c025,minsup,0.015684299999999998,0.4894,104.04,3300,False,,20260922_021043,10000,197,0.25
Apriori_Gen_Borgelt,1,syn_n10000_i300_l8_s16_c06,minsup,0.5488506,0.0229,3.02,8,False,,20260922_021043,10000,184,0.02
DefMe,1,syn_n10000_i300_l8_s16_c06,minsup,0.5488506,0.3501,97.15,9,False,,20260922_021044,10000,184,0.02
Eclat_Gen_Borgelt,1,syn_n10000_i300_l8_s16_c06,minsup,0.5488506,0.0159,0.24,8,False,,20260922_021044,10000,184,0.02
FPgrowth_Gen_Borgelt,1,syn_n10000_i300_l8_s16_c06,minsup,0.5488506,0.0081,0.35,8,False,,20260922_021044,10000,184,0.02
Gr_growth,1,syn_n10000_i300_l8_s16_c06,minsup,0.5488506,0.0157,0.28,9,False,,20260922_021044,10000,184,0.02
Pascal,1,syn_n10000_i300_l8_s16_c025,minsup,0.015684299999999998,2.1563,93.19,3299,False,,20260922_021045,10000,197,0.25
Pascal,1,syn_n10000_i300_l8_s16_c06,minsup,0.5488506,0.427,89.43,8,False,,20260922_021045,10000,184,0.02
TalkyG_Diffset,1,syn_n10000_i300_l8_s16_c06,minsup,0.5488506,0.4327,98.89,9,False,,20260922_021045,10000,184,0.02
Talky_G,1,syn_n10000_i300_l8_s16_c06,minsup,0.5488506,0.3911,99.89,9,False,,20260922_021045,10000,184,0.02
Apriori_Gen_Borgelt,1,syn_n10000_i300_l8_s16_c06,minsup,0.19250730000000002,0.0143,0.26,68,False,,20260922_021046,10000,184,0.05
Zart,1,syn_n10000_i300_l8_s16_c06,minsup,0.5488506,0.4325,104.2,9,False,,20260922_021046,10000,184,0.02
Eclat_Gen_Borgelt,1,syn_n10000_i300_l8_s16_c06,minsup,0.19250730000000002,0.0151,0.34,68,False,,20260922_021046,10000,184,0.05
FPgrowth_Gen_Borgelt,1,syn_n10000_i300_l8_s16_c06,minsup,0.19250730000000002,0.0083,0.27,68,False,,20260922_021046,10000,184,0.05
DefMe,1,syn_n10000_i300_l8_s16_c06,minsup,0.19250730000000002,0.4019,101.49,69,False,,20260922_021046,10000,184,0.05
Gr_growth,1,syn_n10000_i300_l8_s16_c06,minsup,0.19250730000000002,0.0291,3.82,69,False,,20260922_021046,10000,184,0.05
Pascal,1,syn_n10000_i300_l8_s16_c06,minsup,0.19250730000000002,0.4979,94.61,68,False,,20260922_021047,10000,184,0.05
TalkyG_Diffset,1,syn_n10000_i300_l8_s16_c06,minsup,0.19250730000000002,0.4141,98.68,69,False,,20260922_021047,10000,184,0.05
Talky_G,1,syn_n10000_i300_l8_s16_c06,minsup,0.19250730000000002,0.4105,99.01,69,False,,20260922_021047,10000,184,0.05
Apriori_Gen_Borgelt,1,syn_n10000_i300_l8_s16_c06,minsup,0.0843156,0.0186,0.29,236,False,,20260922_021048,10000,184,0.12
Zart,1,syn_n10000_i300_l8_s16_c06,minsup,0.19250730000000002,0.4801,127.57,69,False,,20260922_021048,10000,184,0.05
Eclat_Gen_Borgelt,1,syn_n10000_i300_l8_s16_c06,minsup,0.0843156,0.0201,0.39,236,False,,20260922_021048,10000,184,0.12
Zart,1,syn_n10000_i300_l8_s16_c025,minsup,0.015684299999999998,4.7737,379.12,3300,False,,20260922_021048,10000,197,0.25
FPgrowth_Gen_Borgelt,1,syn_n10000_i300_l8_s16_c06,minsup,0.0843156,0.0243,0.39,236,False,,20260922_021048,10000,184,0.12
Gr_growth,1,syn_n10000_i300_l8_s16_c06,minsup,0.0843156,0.0227,0.02,237,False,,20260922_021048,10000,184,0.12
DefMe,1,syn_n10000_i300_l8_s16_c06,minsup,0.0843156,0.5648,104.07,237,False,,20260922_021048,10000,184,0.12
TalkyG_Diffset,1,syn_n10000_i300_l8_s16_c06,minsup,0.0843156,0.4349,101.87,237,False,,20260922_021049,10000,184,0.12
Talky_G,1,syn_n10000_i300_l8_s16_c06,minsup,0.0843156,0.4603,105.47,237,False,,20260922_021049,10000,184,0.12
Pascal,1,syn_n10000_i300_l8_s16_c06,minsup,0.0843156,0.7654,92.72,236,False,,20260922_021049,10000,184,0.12
Apriori_Gen_Borgelt,1,syn_n10000_i300_l8_s16_c06,minsup,0.021378599999999998,0.0311,3.54,2076,False,,20260922_021049,10000,184,0.25
Eclat_Gen_Borgelt,1,syn_n10000_i300_l8_s16_c06,minsup,0.021378599999999998,0.0312,3.64,2076,False,,20260922_021049,10000,184,0.25
FPgrowth_Gen_Borgelt,1,syn_n10000_i300_l8_s16_c06,minsup,0.021378599999999998,0.0193,0.34,2076,False,,20260922_021050,10000,184,0.25
Gr_growth,1,syn_n10000_i300_l8_s16_c06,minsup,0.021378599999999998,0.0317,0.02,2077,False,,20260922_021050,10000,184,0.25
DefMe,1,syn_n10000_i300_l8_s16_c06,minsup,0.021378599999999998,0.4772,110.17,2077,False,,20260922_021050,10000,184,0.25
Zart,1,syn_n10000_i300_l8_s16_c06,minsup,0.0843156,1.0262,223.2,237,False,,20260922_021050,10000,184,0.12
TalkyG_Diffset,1,syn_n10000_i300_l8_s16_c06,minsup,0.021378599999999998,0.5026,103.08,2077,False,,20260922_021050,10000,184,0.25
Talky_G,1,syn_n10000_i300_l8_s16_c06,minsup,0.021378599999999998,0.4715,99.87,2077,False,,20260922_021051,10000,184,0.25
Apriori_Gen_Borgelt,1,syn_n10000_i300_l20_s00_c025,minsup,0.1000998,0.0237,2.93,6,False,,20260922_021051,10000,300,0.02
DefMe,1,syn_n10000_i300_l20_s00_c025,minsup,0.1000998,0.3612,101.92,7,False,,20260922_021051,10000,300,0.02
Eclat_Gen_Borgelt,1,syn_n10000_i300_l20_s00_c025,minsup,0.1000998,0.0231,0.01,6,False,,20260922_021051,10000,300,0.02
Pascal,1,syn_n10000_i300_l8_s16_c06,minsup,0.021378599999999998,1.7012,105.94,2076,False,,20260922_021052,10000,184,0.25
FPgrowth_Gen_Borgelt,1,syn_n10000_i300_l20_s00_c025,minsup,0.1000998,0.0251,3.31,6,False,,20260922_021052,10000,300,0.02
Gr_growth,1,syn_n10000_i300_l20_s00_c025,minsup,0.1000998,0.0236,9.36,7,False,,20260922_021052,10000,300,0.02
Pascal,1,syn_n10000_i300_l20_s00_c025,minsup,0.1000998,0.4036,105.48,6,False,,20260922_021052,10000,300,0.02
TalkyG_Diffset,1,syn_n10000_i300_l20_s00_c025,minsup,0.1000998,0.3999,100.23,7,False,,20260922_021052,10000,300,0.02
Talky_G,1,syn_n10000_i300_l20_s00_c025,minsup,0.1000998,0.4275,97.05,7,False,,20260922_021053,10000,300,0.02
Zart,1,syn_n10000_i300_l20_s00_c025,minsup,0.1000998,0.4648,102.12,7,False,,20260922_021053,10000,300,0.02
Apriori_Gen_Borgelt,1,syn_n10000_i300_l20_s00_c025,minsup,0.0936063,0.0148,0.26,15,False,,20260922_021053,10000,300,0.05
Eclat_Gen_Borgelt,1,syn_n10000_i300_l20_s00_c025,minsup,0.0936063,0.0257,3.01,15,False,,20260922_021053,10000,300,0.05
Zart,1,syn_n10000_i300_l8_s16_c06,minsup,0.021378599999999998,2.7905,377.47,2077,False,,20260922_021053,10000,184,0.25
FPgrowth_Gen_Borgelt,1,syn_n10000_i300_l20_s00_c025,minsup,0.0936063,0.0146,0.24,15,False,,20260922_021053,10000,300,0.05
Gr_growth,1,syn_n10000_i300_l20_s00_c025,minsup,0.0936063,0.0325,9.69,16,False,,20260922_021054,10000,300,0.05
DefMe,1,syn_n10000_i300_l20_s00_c025,minsup,0.0936063,0.6506,98.17,16,False,,20260922_021054,10000,300,0.05
Pascal,1,syn_n10000_i300_l20_s00_c025,minsup,0.0936063,0.5436,100.2,15,False,,20260922_021054,10000,300,0.05
TalkyG_Diffset,1,syn_n10000_i300_l20_s00_c025,minsup,0.0936063,0.5576,102.93,16,False,,20260922_021054,10000,300,0.05
Talky_G,1,syn_n10000_i300_l20_s00_c025,minsup,0.0936063,0.4451,101.04,16,False,,20260922_021054,10000,300,0.05
Apriori_Gen_Borgelt,1,syn_n10000_i300_l20_s00_c025,minsup,0.0875124,0.0171,3.87,36,False,,20260922_021055,10000,300,0.12
Eclat_Gen_Borgelt,1,syn_n10000_i300_l20_s00_c025,minsup,0.0875124,0.0246,3.34,36,False,,20260922_021055,10000,300,0.12
FPgrowth_Gen_Borgelt,1,syn_n10000_i300_l20_s00_c025,minsup,0.0875124,0.0131,0.39,36,False,,20260922_021055,10000,300,0.12
Gr_growth,1,syn_n10000_i300_l20_s00_c025,minsup,0.0875124,0.022,0.25,38,False,,20260922_021055,10000,300,0.12
Zart,1,syn_n10000_i300_l20_s00_c025,minsup,0.0936063,0.813,114.78,16,False,,20260922_021055,10000,300,0.05
DefMe,1,syn_n10000_i300_l20_s00_c025,minsup,0.0875124,0.5283,94.49,37,False,,20260922_021055,10000,300,0.12
TalkyG_Diffset,1,syn_n10000_i300_l20_s00_c025,minsup,0.0875124,0.5007,99.26,37,False,,20260922_021056,10000,300,0.12
Talky_G,1,syn_n10000_i300_l20_s00_c025,minsup,0.0875124,0.4762,100.07,37,False,,20260922_021056,10000,300,0.12
Pascal,1,syn_n10000_i300_l20_s00_c025,minsup,0.0875124,0.8865,102.23,36,False,,20260922_021056,10000,300,0.12
Apriori_Gen_Borgelt,1,syn_n10000_i300_l20_s00_c025,minsup,0.08211779999999999,0.0152,3.39,75,False,,20260922_021056,10000,300,0.25
Eclat_Gen_Borgelt,1,syn_n10000_i300_l20_s00_c025,minsup,0.08211779999999999,0.0193,0.47,75,False,,20260922_021056,10000,300,0.25
FPgrowth_Gen_Borgelt,1,syn_n10000_i300_l20_s00_c025,minsup,0.08211779999999999,0.0487,0.02,75,False,,20260922_021057,10000,300,0.25
Gr_growth,1,syn_n10000_i300_l20_s00_c025,minsup,0.08211779999999999,0.0241,8.55,77,False,,20260922_021057,10000,300,0.25
DefMe,1,syn_n10000_i300_l20_s00_c025,minsup,0.08211779999999999,0.5067,101.79,76,False,,20260922_021057,10000,300,0.25
Zart,1,syn_n10000_i300_l20_s00_c025,minsup,0.0875124,1.0126,185.53,37,False,,20260922_021057,10000,300,0.12
TalkyG_Diffset,1,syn_n10000_i300_l20_s00_c025,minsup,0.08211779999999999,0.4279,101.73,76,False,,20260922_021057,10000,300,0.25
Talky_G,1,syn_n10000_i300_l20_s00_c025,minsup,0.08211779999999999,0.4727,109.02,76,False,,20260922_021058,10000,300,0.25
Apriori_Gen_Borgelt,1,syn_n10000_i300_l20_s00_c06,minsup,0.0968031,0.0242,0.32,6,False,,20260922_021058,10000,300,0.02
DefMe,1,syn_n10000_i300_l20_s00_c06,minsup,0.0968031,0.348,103.45,7,False,,20260922_021058,10000,300,0.02
Eclat_Gen_Borgelt,1,syn_n10000_i300_l20_s00_c06,minsup,0.0968031,0.0191,0.34,6,False,,20260922_021058,10000,300,0.02
Pascal,1,syn_n10000_i300_l20_s00_c025,minsup,0.08211779999999999,1.6779,106.47,75,False,,20260922_021059,10000,300,0.25
FPgrowth_Gen_Borgelt,1,syn_n10000_i300_l20_s00_c06,minsup,0.0968031,0.0249,0.21,6,False,,20260922_021059,10000,300,0.02
Gr_growth,1,syn_n10000_i300_l20_s00_c06,minsup,0.0968031,0.0528,10.11,7,False,,20260922_021059,10000,300,0.02
Zart,1,syn_n10000_i300_l20_s00_c025,minsup,0.08211779999999999,1.4026,375.79,76,False,,20260922_021059,10000,300,0.25
Pascal,1,syn_n10000_i300_l20_s00_c06,minsup,0.0968031,0.5759,108.56,6,False,,20260922_021059,10000,300,0.02
TalkyG_Diffset,1,syn_n10000_i300_l20_s00_c06,minsup,0.0968031,0.5087,98.32,7,False,,20260922_021059,10000,300,0.02
Talky_G,1,syn_n10000_i300_l20_s00_c06,minsup,0.0968031,0.5038,104.77,7,False,,20260922_021100,10000,300,0.02
Apriori_Gen_Borgelt,1,syn_n10000_i300_l20_s00_c06,minsup,0.0916083,0.0263,3.71,15,False,,20260922_021100,10000,300,0.05
Eclat_Gen_Borgelt,1,syn_n10000_i300_l20_s00_c06,minsup,0.0916083,0.0218,3.73,15,False,,20260922_021100,10000,300,0.05
FPgrowth_Gen_Borgelt,1,syn_n10000_i300_l20_s00_c06,minsup,0.0916083,0.0233,3.35,15,False,,20260922_021100,10000,300,0.05
Zart,1,syn_n10000_i300_l20_s00_c06,minsup,0.0968031,0.5877,96.09,7,False,,20260922_021100,10000,300,0.02
Gr_growth,1,syn_n10000_i300_l20_s00_c06,minsup,0.0916083,0.0184,0.27,16,False,,20260922_021100,10000,300,0.05
DefMe,1,syn_n10000_i300_l20_s00_c06,minsup,0.0916083,0.4861,92.82,16,False,,20260922_021100,10000,300,0.05
TalkyG_Diffset,1,syn_n10000_i300_l20_s00_c06,minsup,0.0916083,0.469,105.02,16,False,,20260922_021101,10000,300,0.05
Talky_G,1,syn_n10000_i300_l20_s00_c06,minsup,0.0916083,0.4173,98.3,16,False,,20260922_021101,10000,300,0.05
Pascal,1,syn_n10000_i300_l20_s00_c06,minsup,0.0916083,0.718,104.07,15,False,,20260922_021101,10000,300,0.05
Apriori_Gen_Borgelt,1,syn_n10000_i300_l20_s00_c06,minsup,0.08501489999999999,0.0316,4.21,36,False,,20260922_021101,10000,300,0.12
Eclat_Gen_Borgelt,1,syn_n10000_i300_l20_s00_c06,minsup,0.08501489999999999,0.0161,0.39,36,False,,20260922_021101,10000,300,0.12
FPgrowth_Gen_Borgelt,1,syn_n10000_i300_l20_s00_c06,minsup,0.08501489999999999,0.0217,3.8,36,False,,20260922_021102,10000,300,0.12
Gr_growth,1,syn_n10000_i300_l20_s00_c06,minsup,0.08501489999999999,0.0328,9.39,38,False,,20260922_021102,10000,300,0.12
Zart,1,syn_n10000_i300_l20_s00_c06,minsup,0.0916083,0.7845,101.9,16,False,,20260922_021102,10000,300,0.05
DefMe,1,syn_n10000_i300_l20_s00_c06,minsup,0.08501489999999999,0.7367,101.95,37,False,,20260922_021102,10000,300,0.12
TalkyG_Diffset,1,syn_n10000_i300_l20_s00_c06,minsup,0.08501489999999999,0.3866,99.48,37,False,,20260922_021102,10000,300,0.12
Pascal,1,syn_n10000_i300_l20_s00_c06,minsup,0.08501489999999999,0.749,101.51,36,False,,20260922_021103,10000,300,0.12
Talky_G,1,syn_n10000_i300_l20_s00_c06,minsup,0.08501489999999999,0.5191,98.24,37,False,,20260922_021103,10000,300,0.12
Apriori_Gen_Borgelt,1,syn_n10000_i300_l20_s00_c06,minsup,0.07872119999999999,0.024,3.72,76,False,,20260922_021103,10000,300,0.25
Eclat_Gen_Borgelt,1,syn_n10000_i300_l20_s00_c06,minsup,0.07872119999999999,0.0228,0.35,76,False,,20260922_021103,10000,300,0.25
FPgrowth_Gen_Borgelt,1,syn_n10000_i300_l20_s00_c06,minsup,0.07872119999999999,0.0339,3.56,76,False,,20260922_021103,10000,300,0.25
DefMe,1,syn_n10000_i300_l20_s00_c06,minsup,0.07872119999999999,0.5034,98.07,77,False,,20260922_021103,10000,300,0.25
Gr_growth,1,syn_n10000_i300_l20_s00_c06,minsup,0.07872119999999999,0.0431,3.83,77,False,,20260922_021103,10000,300,0.25
Zart,1,syn_n10000_i300_l20_s00_c06,minsup,0.08501489999999999,0.9183,175.83,37,False,,20260922_021103,10000,300,0.12
Zart,1,syn_n10000_i80_l40_s16_c06,minsup,0.7700292000000001,74.3343,395.61,31224,False,,20260922_021104,10000,80,0.25
TalkyG_Diffset,1,syn_n10000_i300_l20_s00_c06,minsup,0.07872119999999999,0.5176,100.9,77,False,,20260922_021104,10000,300,0.25
Talky_G,1,syn_n10000_i300_l20_s00_c06,minsup,0.07872119999999999,0.5984,99.21,77,False,,20260922_021104,10000,300,0.25
Apriori_Gen_Borgelt,1,syn_n10000_i300_l20_s08_c025,minsup,0.4311684,0.0263,2.91,10,False,,20260922_021104,10000,300,0.02
Eclat_Gen_Borgelt,1,syn_n10000_i300_l20_s08_c025,minsup,0.4311684,0.0226,0.46,10,False,,20260922_021105,10000,300,0.02
FPgrowth_Gen_Borgelt,1,syn_n10000_i300_l20_s08_c025,minsup,0.4311684,0.0314,0.02,10,False,,20260922_021105,10000,300,0.02
DefMe,1,syn_n10000_i300_l20_s08_c025,minsup,0.4311684,0.457,102.89,11,False,,20260922_021105,10000,300,0.02
Gr_growth,1,syn_n10000_i300_l20_s08_c025,minsup,0.4311684,0.0186,0.28,11,False,,20260922_021105,10000,300,0.02
Pascal,1,syn_n10000_i300_l20_s00_c06,minsup,0.07872119999999999,1.7255,102.49,76,False,,20260922_021105,10000,300,0.25
Zart,1,syn_n10000_i300_l20_s00_c06,minsup,0.07872119999999999,1.4708,369.33,77,False,,20260922_021105,10000,300,0.25
Pascal,1,syn_n10000_i300_l20_s08_c025,minsup,0.4311684,0.5202,108.07,10,False,,20260922_021106,10000,300,0.02
TalkyG_Diffset,1,syn_n10000_i300_l20_s08_c025,minsup,0.4311684,0.564,97.19,11,False,,20260922_021106,10000,300,0.02
Apriori_Gen_Borgelt,1,syn_n10000_i300_l20_s08_c025,minsup,0.24055919999999997,0.0155,3.77,40,False,,20260922_021106,10000,300,0.05
Talky_G,1,syn_n10000_i300_l20_s08_c025,minsup,0.4311684,0.5997,98.84,11,False,,20260922_021106,10000,300,0.02
Eclat_Gen_Borgelt,1,syn_n10000_i300_l20_s08_c025,minsup,0.24055919999999997,0.0254,2.83,40,False,,20260922_021106,10000,300,0.05
Zart,1,syn_n10000_i300_l20_s08_c025,minsup,0.4311684,0.595,107.0,11,False,,20260922_021106,10000,300,0.02
FPgrowth_Gen_Borgelt,1,syn_n10000_i300_l20_s08_c025,minsup,0.24055919999999997,0.019,0.48,40,False,,20260922_021106,10000,300,0.05
Gr_growth,1,syn_n10000_i300_l20_s08_c025,minsup,0.24055919999999997,0.0426,3.84,41,False,,20260922_021106,10000,300,0.05
DefMe,1,syn_n10000_i300_l20_s08_c025,minsup,0.24055919999999997,0.5682,99.7,41,False,,20260922_021107,10000,300,0.05
Pascal,1,syn_n10000_i300_l20_s08_c025,minsup,0.24055919999999997,0.6151,100.94,40,False,,20260922_021107,10000,300,0.05
TalkyG_Diffset,1,syn_n10000_i300_l20_s08_c025,minsup,0.24055919999999997,0.6414,104.75,41,False,,20260922_021107,10000,300,0.05
Apriori_Gen_Borgelt,1,syn_n10000_i300_l20_s08_c025,minsup,0.1239759,0.0251,3.78,197,False,,20260922_021107,10000,300,0.12
Talky_G,1,syn_n10000_i300_l20_s08_c025,minsup,0.24055919999999997,0.5967,102.78,41,False,,20260922_021107,10000,300,0.05
Eclat_Gen_Borgelt,1,syn_n10000_i300_l20_s08_c025,minsup,0.1239759,0.0293,0.38,197,False,,20260922_021107,10000,300,0.12
Zart,1,syn_n10000_i300_l20_s08_c025,minsup,0.24055919999999997,0.6837,112.43,41,False,,20260922_021107,10000,300,0.05
FPgrowth_Gen_Borgelt,1,syn_n10000_i300_l20_s08_c025,minsup,0.1239759,0.0345,4.0,197,False,,20260922_021108,10000,300,0.12
Gr_growth,1,syn_n10000_i300_l20_s08_c025,minsup,0.1239759,0.0515,15.23,198,False,,20260922_021108,10000,300,0.12
DefMe,1,syn_n10000_i300_l20_s08_c025,minsup,0.1239759,0.642,102.55,198,False,,20260922_021108,10000,300,0.12
TalkyG_Diffset,1,syn_n10000_i300_l20_s08_c025,minsup,0.1239759,0.5427,103.05,198,False,,20260922_021108,10000,300,0.12
Talky_G,1,syn_n10000_i300_l20_s08_c025,minsup,0.1239759,0.5261,98.5,198,False,,20260922_021108,10000,300,0.12
Apriori_Gen_Borgelt,1,syn_n10000_i300_l20_s08_c025,minsup,0.0733266,0.032,3.73,656,False,,20260922_021108,10000,300,0.25
Eclat_Gen_Borgelt,1,syn_n10000_i300_l20_s08_c025,minsup,0.0733266,0.0304,4.1,656,False,,20260922_021109,10000,300,0.25
Pascal,1,syn_n10000_i300_l20_s08_c025,minsup,0.1239759,1.0736,100.17,197,False,,20260922_021109,10000,300,0.12
FPgrowth_Gen_Borgelt,1,syn_n10000_i300_l20_s08_c025,minsup,0.0733266,0.0439,3.76,656,False,,20260922_021109,10000,300,0.25
Gr_growth,1,syn_n10000_i300_l20_s08_c025,minsup,0.0733266,0.079,16.19,660,False,,20260922_021109,10000,300,0.25
DefMe,1,syn_n10000_i300_l20_s08_c025,minsup,0.0733266,0.5156,103.16,657,False,,20260922_021109,10000,300,0.25
Zart,1,syn_n10000_i300_l20_s08_c025,minsup,0.1239759,1.2811,202.18,198,False,,20260922_021109,10000,300,0.12
TalkyG_Diffset,1,syn_n10000_i300_l20_s08_c025,minsup,0.0733266,0.5925,100.84,657,False,,20260922_021110,10000,300,0.25
Talky_G,1,syn_n10000_i300_l20_s08_c025,minsup,0.0733266,0.4811,99.11,657,False,,20260922_021110,10000,300,0.25
Apriori_Gen_Borgelt,1,syn_n10000_i300_l20_s08_c06,minsup,0.408591,0.0269,2.61,9,False,,20260922_021110,10000,300,0.02
Eclat_Gen_Borgelt,1,syn_n10000_i300_l20_s08_c06,minsup,0.408591,0.0236,3.79,9,False,,20260922_021110,10000,300,0.02
FPgrowth_Gen_Borgelt,1,syn_n10000_i300_l20_s08_c06,minsup,0.408591,0.0288,0.02,9,False,,20260922_021110,10000,300,0.02
DefMe,1,syn_n10000_i300_l20_s08_c06,minsup,0.408591,0.458,100.57,10,False,,20260922_021110,10000,300,0.02
Gr_growth,1,syn_n10000_i300_l20_s08_c06,minsup,0.408591,0.017,7.78,10,False,,20260922_021111,10000,300,0.02
Pascal,1,syn_n10000_i300_l20_s08_c06,minsup,0.408591,0.3866,102.77,9,False,,20260922_021111,10000,300,0.02
Pascal,1,syn_n10000_i300_l20_s08_c025,minsup,0.0733266,2.2375,102.16,656,False,,20260922_021111,10000,300,0.25
TalkyG_Diffset,1,syn_n10000_i300_l20_s08_c06,minsup,0.408591,0.5561,99.86,10,False,,20260922_021111,10000,300,0.02
Apriori_Gen_Borgelt,1,syn_n10000_i300_l20_s08_c06,minsup,0.21668310000000002,0.0299,3.73,41,False,,20260922_021112,10000,300,0.05
Talky_G,1,syn_n10000_i300_l20_s08_c06,minsup,0.408591,0.4568,103.19,10,False,,20260922_021112,10000,300,0.02
Eclat_Gen_Borgelt,1,syn_n10000_i300_l20_s08_c06,minsup,0.21668310000000002,0.0201,3.76,41,False,,20260922_021112,10000,300,0.05
FPgrowth_Gen_Borgelt,1,syn_n10000_i300_l20_s08_c06,minsup,0.21668310000000002,0.0157,0.23,41,False,,20260922_021112,10000,300,0.05
Zart,1,syn_n10000_i300_l20_s08_c06,minsup,0.408591,0.6118,102.77,10,False,,20260922_021112,10000,300,0.02
Gr_growth,1,syn_n10000_i300_l20_s08_c06,minsup,0.21668310000000002,0.0182,13.93,42,False,,20260922_021112,10000,300,0.05
DefMe,1,syn_n10000_i300_l20_s08_c06,minsup,0.21668310000000002,0.6228,97.2,42,False,,20260922_021112,10000,300,0.05
Zart,1,syn_n10000_i300_l20_s08_c025,minsup,0.0733266,2.8796,408.0,657,False,,20260922_021113,10000,300,0.25
Pascal,1,syn_n10000_i300_l20_s08_c06,minsup,0.21668310000000002,0.6236,101.53,41,False,,20260922_021113,10000,300,0.05
TalkyG_Diffset,1,syn_n10000_i300_l20_s08_c06,minsup,0.21668310000000002,0.5026,97.26,42,False,,20260922_021113,10000,300,0.05
Apriori_Gen_Borgelt,1,syn_n10000_i300_l20_s08_c06,minsup,0.1159839,0.0253,3.86,182,False,,20260922_021113,10000,300,0.12
Talky_G,1,syn_n10000_i300_l20_s08_c06,minsup,0.21668310000000002,0.601,96.71,42,False,,20260922_021113,10000,300,0.05
Eclat_Gen_Borgelt,1,syn_n10000_i300_l20_s08_c06,minsup,0.1159839,0.0309,3.82,182,False,,20260922_021113,10000,300,0.12
FPgrowth_Gen_Borgelt,1,syn_n10000_i300_l20_s08_c06,minsup,0.1159839,0.0402,4.06,182,False,,20260922_021113,10000,300,0.12
Zart,1,syn_n10000_i300_l20_s08_c06,minsup,0.21668310000000002,0.6675,108.18,42,False,,20260922_021113,10000,300,0.05
Gr_growth,1,syn_n10000_i300_l20_s08_c06,minsup,0.1159839,0.0314,7.8,183,False,,20260922_021114,10000,300,0.12
DefMe,1,syn_n10000_i300_l20_s08_c06,minsup,0.1159839,0.4768,105.71,183,False,,20260922_021114,10000,300,0.12
TalkyG_Diffset,1,syn_n10000_i300_l20_s08_c06,minsup,0.1159839,0.6188,104.75,183,False,,20260922_021114,10000,300,0.12
Talky_G,1,syn_n10000_i300_l20_s08_c06,minsup,0.1159839,0.5588,99.04,183,False,,20260922_021114,10000,300,0.12
Apriori_Gen_Borgelt,1,syn_n10000_i300_l20_s08_c06,minsup,0.0703296,0.0477,3.71,551,False,,20260922_021114,10000,300,0.25
Eclat_Gen_Borgelt,1,syn_n10000_i300_l20_s08_c06,minsup,0.0703296,0.0411,4.08,551,False,,20260922_021115,10000,300,0.25
Pascal,1,syn_n10000_i300_l20_s08_c06,minsup,0.1159839,1.1417,98.02,182,False,,20260922_021115,10000,300,0.12
Zart,1,syn_n10000_i300_l20_s08_c06,minsup,0.1159839,1.0358,206.82,183,False,,20260922_021115,10000,300,0.12
FPgrowth_Gen_Borgelt,1,syn_n10000_i300_l20_s08_c06,minsup,0.0703296,0.0452,5.42,551,False,,20260922_021115,10000,300,0.25
Gr_growth,1,syn_n10000_i300_l20_s08_c06,minsup,0.0703296,0.0479,15.89,553,False,,20260922_021115,10000,300,0.25
DefMe,1,syn_n10000_i300_l20_s08_c06,minsup,0.0703296,0.459,105.58,552,False,,20260922_021115,10000,300,0.25
Talky_G,1,syn_n10000_i300_l20_s08_c06,minsup,0.0703296,0.5455,100.39,552,False,,20260922_021116,10000,300,0.25
TalkyG_Diffset,1,syn_n10000_i300_l20_s08_c06,minsup,0.0703296,0.6168,101.87,552,False,,20260922_021116,10000,300,0.25
Apriori_Gen_Borgelt,1,syn_n10000_i300_l20_s16_c025,minsup,0.8773217999999999,0.0227,2.94,30,False,,20260922_021116,10000,276,0.02
Talky_G,1,syn_n2000_i2000_l40_s16_c06,minsup,0.0084915,300.1613,415.25,561450,True,,20260922_021116,2000,1438,0.25
Eclat_Gen_Borgelt,1,syn_n10000_i300_l20_s16_c025,minsup,0.8773217999999999,0.0226,2.94,30,False,,20260922_021116,10000,276,0.02
FPgrowth_Gen_Borgelt,1,syn_n10000_i300_l20_s16_c025,minsup,0.8773217999999999,0.0145,0.02,30,False,,20260922_021116,10000,276,0.02
Gr_growth,1,syn_n10000_i300_l20_s16_c025,minsup,0.8773217999999999,0.0277,3.84,31,False,,20260922_021116,10000,276,0.02
DefMe,1,syn_n10000_i300_l20_s16_c025,minsup,0.8773217999999999,0.5666,96.45,31,False,,20260922_021116,10000,276,0.02
Pascal,1,syn_n10000_i300_l20_s16_c025,minsup,0.8773217999999999,0.5339,106.69,30,False,,20260922_021117,10000,276,0.02
TalkyG_Diffset,1,syn_n10000_i300_l20_s16_c025,minsup,0.8773217999999999,0.5588,101.43,31,False,,20260922_021117,10000,276,0.02
Talky_G,1,syn_n10000_i300_l20_s16_c025,minsup,0.8773217999999999,0.4994,102.24,31,False,,20260922_021117,10000,276,0.02
Apriori_Gen_Borgelt,1,syn_n10000_i300_l20_s16_c025,minsup,0.4506489,0.0349,3.84,811,False,,20260922_021117,10000,276,0.05
Eclat_Gen_Borgelt,1,syn_n10000_i300_l20_s16_c025,minsup,0.4506489,0.0311,3.78,811,False,,20260922_021117,10000,276,0.05
Pascal,1,syn_n10000_i300_l20_s08_c06,minsup,0.0703296,2.2614,100.61,551,False,,20260922_021117,10000,300,0.25
FPgrowth_Gen_Borgelt,1,syn_n10000_i300_l20_s16_c025,minsup,0.4506489,0.0334,3.48,811,False,,20260922_021117,10000,276,0.05
Gr_growth,1,syn_n10000_i300_l20_s16_c025,minsup,0.4506489,0.0222,4.33,812,False,,20260922_021117,10000,276,0.05
Zart,1,syn_n10000_i300_l20_s16_c025,minsup,0.8773217999999999,0.7243,100.41,31,False,,20260922_021118,10000,276,0.02
Zart,1,syn_n10000_i300_l20_s08_c06,minsup,0.0703296,2.5518,380.75,552,False,,20260922_021118,10000,300,0.25
DefMe,1,syn_n10000_i300_l20_s16_c025,minsup,0.4506489,0.785,99.26,812,False,,20260922_021118,10000,276,0.05
TalkyG_Diffset,1,syn_n10000_i300_l20_s16_c025,minsup,0.4506489,0.6263,102.29,812,False,,20260922_021118,10000,276,0.05
Talky_G,1,syn_n10000_i300_l20_s16_c025,minsup,0.4506489,0.5666,100.74,812,False,,20260922_021118,10000,276,0.05
Zart,1,syn_n2000_i2000_l40_s16_c06,minsup,0.0084915,300.2697,1423.36,0,True,,20260922_021119,2000,1438,0.25
Eclat_Gen_Borgelt,1,syn_n10000_i300_l20_s16_c025,minsup,0.1251747,0.0581,14.78,20483,False,,20260922_021119,10000,276,0.12
FPgrowth_Gen_Borgelt,1,syn_n10000_i300_l20_s16_c025,minsup,0.1251747,0.0457,11.94,20483,False,,20260922_021119,10000,276,0.12
Apriori_Gen_Borgelt,1,syn_n10000_i300_l20_s16_c025,minsup,0.1251747,0.6151,5.96,20483,False,,20260922_021119,10000,276,0.12
Gr_growth,1,syn_n10000_i300_l20_s16_c025,minsup,0.1251747,0.082,15.93,20484,False,,20260922_021119,10000,276,0.12
DefMe,1,syn_n10000_i300_l20_s16_c025,minsup,0.1251747,0.834,286.89,20484,False,,20260922_021119,10000,276,0.12
Pascal,1,syn_n10000_i300_l20_s16_c025,minsup,0.4506489,1.7291,99.43,811,False,,20260922_021119,10000,276,0.05
Zart,1,syn_n10000_i300_l20_s16_c025,minsup,0.4506489,1.8243,410.0,812,False,,20260922_021120,10000,276,0.05
TalkyG_Diffset,1,syn_n10000_i300_l20_s16_c025,minsup,0.1251747,0.7667,144.62,20484,False,,20260922_021120,10000,276,0.12
Talky_G,1,syn_n10000_i300_l20_s16_c025,minsup,0.1251747,0.8832,137.54,20484,False,,20260922_021120,10000,276,0.12
Eclat_Gen_Borgelt,1,syn_n10000_i300_l20_s16_c025,minsup,0.041558399999999995,0.2251,25.34,141144,False,,20260922_021120,10000,276,0.25
FPgrowth_Gen_Borgelt,1,syn_n10000_i300_l20_s16_c025,minsup,0.041558399999999995,0.1125,27.59,141144,False,,20260922_021120,10000,276,0.25
Gr_growth,1,syn_n10000_i300_l20_s16_c025,minsup,0.041558399999999995,0.1783,21.44,141145,False,,20260922_021121,10000,276,0.25
Apriori_Gen_Borgelt,1,syn_n10000_i300_l20_s16_c025,minsup,0.041558399999999995,1.5877,9.88,141144,False,,20260922_021121,10000,276,0.25
DefMe,1,syn_n10000_i300_l20_s16_c025,minsup,0.041558399999999995,1.3028,854.5,141145,False,,20260922_021121,10000,276,0.25
TalkyG_Diffset,1,syn_n10000_i300_l20_s16_c025,minsup,0.041558399999999995,1.4971,395.89,141145,False,,20260922_021122,10000,276,0.25
Apriori_Gen_Borgelt,1,syn_n10000_i300_l20_s16_c06,minsup,0.8049942,0.033,3.87,32,False,,20260922_021122,10000,277,0.02
Talky_G,1,syn_n10000_i300_l20_s16_c025,minsup,0.041558399999999995,1.3945,301.43,141145,False,,20260922_021123,10000,276,0.25
Eclat_Gen_Borgelt,1,syn_n10000_i300_l20_s16_c06,minsup,0.8049942,0.0178,3.23,32,False,,20260922_021123,10000,277,0.02
FPgrowth_Gen_Borgelt,1,syn_n10000_i300_l20_s16_c06,minsup,0.8049942,0.014,3.79,32,False,,20260922_021123,10000,277,0.02
DefMe,1,syn_n10000_i300_l20_s16_c06,minsup,0.8049942,0.4777,99.12,33,False,,20260922_021123,10000,277,0.02
Gr_growth,1,syn_n10000_i300_l20_s16_c06,minsup,0.8049942,0.0161,8.58,33,False,,20260922_021123,10000,277,0.02
Pascal,1,syn_n10000_i300_l20_s16_c06,minsup,0.8049942,0.3883,96.89,32,False,,20260922_021124,10000,277,0.02
TalkyG_Diffset,1,syn_n10000_i300_l20_s16_c06,minsup,0.8049942,0.4503,101.62,33,False,,20260922_021124,10000,277,0.02
Talky_G,1,syn_n10000_i300_l20_s16_c06,minsup,0.8049942,0.4175,101.99,33,False,,20260922_021124,10000,277,0.02
Zart,1,syn_n10000_i300_l20_s16_c06,minsup,0.8049942,0.4317,108.4,33,False,,20260922_021124,10000,277,0.02
Apriori_Gen_Borgelt,1,syn_n10000_i300_l20_s16_c06,minsup,0.4653342,0.0173,3.65,429,False,,20260922_021124,10000,277,0.05
Eclat_Gen_Borgelt,1,syn_n10000_i300_l20_s16_c06,minsup,0.4653342,0.0169,0.6,429,False,,20260922_021125,10000,277,0.05
FPgrowth_Gen_Borgelt,1,syn_n10000_i300_l20_s16_c06,minsup,0.4653342,0.0175,0.44,429,False,,20260922_021125,10000,277,0.05
Gr_growth,1,syn_n10000_i300_l20_s16_c06,minsup,0.4653342,0.043,4.89,430,False,,20260922_021125,10000,277,0.05
DefMe,1,syn_n10000_i300_l20_s16_c06,minsup,0.4653342,0.5422,96.78,430,False,,20260922_021125,10000,277,0.05
TalkyG_Diffset,1,syn_n10000_i300_l20_s16_c06,minsup,0.4653342,0.3607,103.29,430,False,,20260922_021126,10000,277,0.05
Pascal,1,syn_n10000_i300_l20_s16_c06,minsup,0.4653342,0.7686,106.44,429,False,,20260922_021126,10000,277,0.05
Talky_G,1,syn_n10000_i300_l20_s16_c06,minsup,0.4653342,0.4517,100.28,430,False,,20260922_021126,10000,277,0.05
Apriori_Gen_Borgelt,1,syn_n10000_i300_l20_s16_c06,minsup,0.12567419999999999,0.316,5.89,21398,False,,20260922_021127,10000,277,0.12
Zart,1,syn_n10000_i300_l20_s16_c06,minsup,0.4653342,0.9066,209.31,430,False,,20260922_021127,10000,277,0.05
Eclat_Gen_Borgelt,1,syn_n10000_i300_l20_s16_c06,minsup,0.12567419999999999,0.0894,15.62,21398,False,,20260922_021127,10000,277,0.12
DefMe,1,syn_n10000_i300_l20_s16_c06,minsup,0.12567419999999999,0.4799,188.05,21399,False,,20260922_021127,10000,277,0.12
FPgrowth_Gen_Borgelt,1,syn_n10000_i300_l20_s16_c06,minsup,0.12567419999999999,0.0402,11.93,21398,False,,20260922_021127,10000,277,0.12
Gr_growth,1,syn_n10000_i300_l20_s16_c06,minsup,0.12567419999999999,0.0678,16.14,21399,False,,20260922_021128,10000,277,0.12
TalkyG_Diffset,1,syn_n10000_i300_l20_s16_c06,minsup,0.12567419999999999,0.4837,138.11,21399,False,,20260922_021128,10000,277,0.12
Talky_G,1,syn_n10000_i300_l20_s16_c06,minsup,0.12567419999999999,0.4619,152.14,21399,False,,20260922_021129,10000,277,0.12
Pascal,1,syn_n10000_i300_l20_s16_c025,minsup,0.1251747,13.6981,108.4,20483,False,,20260922_021133,10000,276,0.12
Apriori_Gen_Borgelt,1,syn_n10000_i300_l20_s16_c06,minsup,0.0488511,1.2991,9.88,143910,False,,20260922_021134,10000,277,0.25
DefMe,1,syn_n10000_i300_l20_s16_c06,minsup,0.0488511,0.8337,503.01,143911,False,,20260922_021135,10000,277,0.25
Eclat_Gen_Borgelt,1,syn_n10000_i300_l20_s16_c06,minsup,0.0488511,0.1887,25.49,143910,False,,20260922_021135,10000,277,0.25
FPgrowth_Gen_Borgelt,1,syn_n10000_i300_l20_s16_c06,minsup,0.0488511,0.1197,27.51,143910,False,,20260922_021136,10000,277,0.25
Gr_growth,1,syn_n10000_i300_l20_s16_c06,minsup,0.0488511,0.1547,21.32,143911,False,,20260922_021136,10000,277,0.25
Pascal,1,syn_n10000_i300_l20_s16_c06,minsup,0.12567419999999999,12.0166,103.41,21398,False,,20260922_021140,10000,277,0.12
TalkyG_Diffset,1,syn_n10000_i300_l20_s16_c06,minsup,0.0488511,1.1979,401.32,143911,False,,20260922_021141,10000,277,0.25
Talky_G,1,syn_n10000_i300_l20_s16_c06,minsup,0.0488511,1.0821,300.51,143911,False,,20260922_021142,10000,277,0.25
Zart,1,syn_n10000_i300_l20_s16_c06,minsup,0.12567419999999999,28.4847,406.94,21399,False,,20260922_021158,10000,277,0.12
Apriori_Gen_Borgelt,1,syn_n10000_i300_l40_s00_c025,minsup,0.1813185,0.0318,3.01,6,False,,20260922_021158,10000,300,0.02
DefMe,1,syn_n10000_i300_l40_s00_c025,minsup,0.1813185,0.4487,110.31,7,False,,20260922_021158,10000,300,0.02
Eclat_Gen_Borgelt,1,syn_n10000_i300_l40_s00_c025,minsup,0.1813185,0.0282,3.38,6,False,,20260922_021158,10000,300,0.02
FPgrowth_Gen_Borgelt,1,syn_n10000_i300_l40_s00_c025,minsup,0.1813185,0.0442,4.39,6,False,,20260922_021159,10000,300,0.02
Gr_growth,1,syn_n10000_i300_l40_s00_c025,minsup,0.1813185,0.0418,0.27,7,False,,20260922_021159,10000,300,0.02
Pascal,1,syn_n10000_i300_l40_s00_c025,minsup,0.1813185,0.3939,112.13,6,False,,20260922_021159,10000,300,0.02
TalkyG_Diffset,1,syn_n10000_i300_l40_s00_c025,minsup,0.1813185,0.419,116.91,7,False,,20260922_021200,10000,300,0.02
Talky_G,1,syn_n10000_i300_l40_s00_c025,minsup,0.1813185,0.4102,115.83,7,False,,20260922_021200,10000,300,0.02
Zart,1,syn_n10000_i300_l40_s00_c025,minsup,0.1813185,0.4233,113.71,7,False,,20260922_021201,10000,300,0.02
Apriori_Gen_Borgelt,1,syn_n10000_i300_l40_s00_c025,minsup,0.1763235,0.0308,3.44,15,False,,20260922_021201,10000,300,0.05
DefMe,1,syn_n10000_i300_l40_s00_c025,minsup,0.1763235,0.3941,112.27,16,False,,20260922_021202,10000,300,0.05
Eclat_Gen_Borgelt,1,syn_n10000_i300_l40_s00_c025,minsup,0.1763235,0.0235,3.42,15,False,,20260922_021202,10000,300,0.05
FPgrowth_Gen_Borgelt,1,syn_n10000_i300_l40_s00_c025,minsup,0.1763235,0.0421,4.58,15,False,,20260922_021202,10000,300,0.05
Gr_growth,1,syn_n10000_i300_l40_s00_c025,minsup,0.1763235,0.024,3.83,16,False,,20260922_021202,10000,300,0.05
Pascal,1,syn_n10000_i300_l40_s00_c025,minsup,0.1763235,0.4836,106.34,15,False,,20260922_021203,10000,300,0.05
TalkyG_Diffset,1,syn_n10000_i300_l40_s00_c025,minsup,0.1763235,0.4331,110.24,16,False,,20260922_021204,10000,300,0.05
Talky_G,1,syn_n10000_i300_l40_s00_c025,minsup,0.1763235,0.3961,116.47,16,False,,20260922_021204,10000,300,0.05
Zart,1,syn_n10000_i300_l40_s00_c025,minsup,0.1763235,0.4589,110.82,16,False,,20260922_021205,10000,300,0.05
Apriori_Gen_Borgelt,1,syn_n10000_i300_l40_s00_c025,minsup,0.1667331,0.0237,3.54,36,False,,20260922_021205,10000,300,0.12
DefMe,1,syn_n10000_i300_l40_s00_c025,minsup,0.1667331,0.3769,113.94,37,False,,20260922_021205,10000,300,0.12
Eclat_Gen_Borgelt,1,syn_n10000_i300_l40_s00_c025,minsup,0.1667331,0.0242,3.52,36,False,,20260922_021205,10000,300,0.12
FPgrowth_Gen_Borgelt,1,syn_n10000_i300_l40_s00_c025,minsup,0.1667331,0.0372,3.68,36,False,,20260922_021206,10000,300,0.12
Gr_growth,1,syn_n10000_i300_l40_s00_c025,minsup,0.1667331,0.0477,14.55,37,False,,20260922_021206,10000,300,0.12
Pascal,1,syn_n10000_i300_l40_s00_c025,minsup,0.1667331,0.6962,107.06,36,False,,20260922_021207,10000,300,0.12
TalkyG_Diffset,1,syn_n10000_i300_l40_s00_c025,minsup,0.1667331,0.487,112.81,37,False,,20260922_021207,10000,300,0.12
Talky_G,1,syn_n10000_i300_l40_s00_c025,minsup,0.1667331,0.456,110.21,37,False,,20260922_021208,10000,300,0.12
Zart,1,syn_n10000_i300_l40_s00_c025,minsup,0.1667331,0.6436,160.26,37,False,,20260922_021209,10000,300,0.12
Apriori_Gen_Borgelt,1,syn_n10000_i300_l40_s00_c025,minsup,0.1579419,0.0368,3.45,76,False,,20260922_021209,10000,300,0.25
DefMe,1,syn_n10000_i300_l40_s00_c025,minsup,0.1579419,0.4473,117.75,77,False,,20260922_021209,10000,300,0.25
Eclat_Gen_Borgelt,1,syn_n10000_i300_l40_s00_c025,minsup,0.1579419,0.0366,4.89,76,False,,20260922_021210,10000,300,0.25
FPgrowth_Gen_Borgelt,1,syn_n10000_i300_l40_s00_c025,minsup,0.1579419,0.0351,4.98,76,False,,20260922_021210,10000,300,0.25
Gr_growth,1,syn_n10000_i300_l40_s00_c025,minsup,0.1579419,0.0468,15.66,77,False,,20260922_021210,10000,300,0.25
Pascal,1,syn_n10000_i300_l40_s00_c025,minsup,0.1579419,1.7778,110.46,76,False,,20260922_021212,10000,300,0.25
TalkyG_Diffset,1,syn_n10000_i300_l40_s00_c025,minsup,0.1579419,0.43,117.75,77,False,,20260922_021212,10000,300,0.25
Talky_G,1,syn_n10000_i300_l40_s00_c025,minsup,0.1579419,0.3873,118.72,77,False,,20260922_021213,10000,300,0.25
Zart,1,syn_n10000_i300_l40_s00_c025,minsup,0.1579419,1.1708,371.06,77,False,,20260922_021214,10000,300,0.25
Apriori_Gen_Borgelt,1,syn_n10000_i300_l40_s00_c06,minsup,0.1746252,0.044,2.9,6,False,,20260922_021214,10000,300,0.02
DefMe,1,syn_n10000_i300_l40_s00_c06,minsup,0.1746252,0.3497,112.64,7,False,,20260922_021215,10000,300,0.02
Eclat_Gen_Borgelt,1,syn_n10000_i300_l40_s00_c06,minsup,0.1746252,0.0203,3.46,6,False,,20260922_021215,10000,300,0.02
FPgrowth_Gen_Borgelt,1,syn_n10000_i300_l40_s00_c06,minsup,0.1746252,0.0207,3.42,6,False,,20260922_021215,10000,300,0.02
Gr_growth,1,syn_n10000_i300_l40_s00_c06,minsup,0.1746252,0.0241,3.86,7,False,,20260922_021215,10000,300,0.02
Pascal,1,syn_n10000_i300_l40_s00_c06,minsup,0.1746252,0.3366,111.72,6,False,,20260922_021216,10000,300,0.02
TalkyG_Diffset,1,syn_n10000_i300_l40_s00_c06,minsup,0.1746252,0.4699,111.48,7,False,,20260922_021216,10000,300,0.02
Talky_G,1,syn_n10000_i300_l40_s00_c06,minsup,0.1746252,0.3982,115.9,7,False,,20260922_021217,10000,300,0.02
Zart,1,syn_n10000_i300_l40_s00_c06,minsup,0.1746252,0.3839,117.64,7,False,,20260922_021217,10000,300,0.02
Apriori_Gen_Borgelt,1,syn_n10000_i300_l40_s00_c06,minsup,0.1664334,0.0231,3.4,15,False,,20260922_021218,10000,300,0.05
DefMe,1,syn_n10000_i300_l40_s00_c06,minsup,0.1664334,0.4118,110.89,16,False,,20260922_021218,10000,300,0.05
Eclat_Gen_Borgelt,1,syn_n10000_i300_l40_s00_c06,minsup,0.1664334,0.0219,3.45,15,False,,20260922_021218,10000,300,0.05
FPgrowth_Gen_Borgelt,1,syn_n10000_i300_l40_s00_c06,minsup,0.1664334,0.0199,3.77,15,False,,20260922_021218,10000,300,0.05
Gr_growth,1,syn_n10000_i300_l40_s00_c06,minsup,0.1664334,0.0447,3.83,16,False,,20260922_021219,10000,300,0.05
Pascal,1,syn_n10000_i300_l40_s00_c06,minsup,0.1664334,0.4476,106.02,15,False,,20260922_021219,10000,300,0.05
TalkyG_Diffset,1,syn_n10000_i300_l40_s00_c06,minsup,0.1664334,0.3771,117.55,16,False,,20260922_021220,10000,300,0.05
Talky_G,1,syn_n10000_i300_l40_s00_c06,minsup,0.1664334,0.4034,115.32,16,False,,20260922_021220,10000,300,0.05
Zart,1,syn_n10000_i300_l40_s00_c06,minsup,0.1664334,0.4375,123.64,16,False,,20260922_021221,10000,300,0.05
Apriori_Gen_Borgelt,1,syn_n10000_i300_l40_s00_c06,minsup,0.16153830000000002,0.0374,4.1,36,False,,20260922_021221,10000,300,0.12
Zart,1,syn_n10000_i300_l20_s16_c025,minsup,0.1251747,62.0903,506.23,20484,False,,20260922_021222,10000,276,0.12
DefMe,1,syn_n10000_i300_l40_s00_c06,minsup,0.16153830000000002,0.379,113.12,37,False,,20260922_021222,10000,300,0.12
FPgrowth_Gen_Borgelt,1,syn_n10000_i300_l40_s00_c06,minsup,0.16153830000000002,0.0445,4.28,36,False,,20260922_021222,10000,300,0.12
Eclat_Gen_Borgelt,1,syn_n10000_i300_l40_s00_c06,minsup,0.16153830000000002,0.0493,5.6,36,False,,20260922_021222,10000,300,0.12
Gr_growth,1,syn_n10000_i300_l40_s00_c06,minsup,0.16153830000000002,0.0572,14.35,38,False,,20260922_021222,10000,300,0.12
TalkyG_Diffset,1,syn_n10000_i300_l40_s00_c06,minsup,0.16153830000000002,0.43,116.29,37,False,,20260922_021223,10000,300,0.12
Pascal,1,syn_n10000_i300_l40_s00_c06,minsup,0.16153830000000002,0.8665,107.8,36,False,,20260922_021223,10000,300,0.12
Talky_G,1,syn_n10000_i300_l40_s00_c06,minsup,0.16153830000000002,0.5544,114.28,37,False,,20260922_021223,10000,300,0.12
Apriori_Gen_Borgelt,1,syn_n10000_i300_l40_s00_c06,minsup,0.1515483,0.0366,3.55,77,False,,20260922_021223,10000,300,0.25
Zart,1,syn_n10000_i300_l40_s00_c06,minsup,0.16153830000000002,0.794,162.47,37,False,,20260922_021224,10000,300,0.12
Eclat_Gen_Borgelt,1,syn_n10000_i300_l40_s00_c06,minsup,0.1515483,0.0298,3.57,77,False,,20260922_021224,10000,300,0.25
DefMe,1,syn_n10000_i300_l40_s00_c06,minsup,0.1515483,0.4251,113.34,78,False,,20260922_021224,10000,300,0.25
FPgrowth_Gen_Borgelt,1,syn_n10000_i300_l40_s00_c06,minsup,0.1515483,0.0625,8.85,77,False,,20260922_021224,10000,300,0.25
Gr_growth,1,syn_n10000_i300_l40_s00_c06,minsup,0.1515483,0.0377,16.25,80,False,,20260922_021224,10000,300,0.25
TalkyG_Diffset,1,syn_n10000_i300_l40_s00_c06,minsup,0.1515483,0.4345,115.66,78,False,,20260922_021225,10000,300,0.25
Talky_G,1,syn_n10000_i300_l40_s00_c06,minsup,0.1515483,0.4369,118.96,78,False,,20260922_021225,10000,300,0.25
Pascal,1,syn_n10000_i300_l40_s00_c06,minsup,0.1515483,2.2372,105.96,77,False,,20260922_021227,10000,300,0.25
Apriori_Gen_Borgelt,1,syn_n10000_i300_l40_s08_c025,minsup,0.7196796000000001,0.0219,4.26,14,False,,20260922_021227,10000,300,0.02
Zart,1,syn_n10000_i300_l40_s00_c06,minsup,0.1515483,1.2927,371.72,78,False,,20260922_021227,10000,300,0.25
Eclat_Gen_Borgelt,1,syn_n10000_i300_l40_s08_c025,minsup,0.7196796000000001,0.0276,3.84,14,False,,20260922_021227,10000,300,0.02
FPgrowth_Gen_Borgelt,1,syn_n10000_i300_l40_s08_c025,minsup,0.7196796000000001,0.0195,3.8,14,False,,20260922_021227,10000,300,0.02
Gr_growth,1,syn_n10000_i300_l40_s08_c025,minsup,0.7196796000000001,0.0246,3.8,15,False,,20260922_021227,10000,300,0.02
DefMe,1,syn_n10000_i300_l40_s08_c025,minsup,0.7196796000000001,0.6645,108.58,15,False,,20260922_021228,10000,300,0.02
Pascal,1,syn_n10000_i300_l40_s08_c025,minsup,0.7196796000000001,0.4455,116.35,14,False,,20260922_021228,10000,300,0.02
TalkyG_Diffset,1,syn_n10000_i300_l40_s08_c025,minsup,0.7196796000000001,0.476,112.79,15,False,,20260922_021228,10000,300,0.02
Talky_G,1,syn_n10000_i300_l40_s08_c025,minsup,0.7196796000000001,0.5199,116.54,15,False,,20260922_021229,10000,300,0.02
Apriori_Gen_Borgelt,1,syn_n10000_i300_l40_s08_c025,minsup,0.4398597,0.0518,3.7,132,False,,20260922_021229,10000,300,0.05
Zart,1,syn_n10000_i300_l40_s08_c025,minsup,0.7196796000000001,0.4992,115.34,15,False,,20260922_021229,10000,300,0.02
Eclat_Gen_Borgelt,1,syn_n10000_i300_l40_s08_c025,minsup,0.4398597,0.038,3.88,132,False,,20260922_021229,10000,300,0.05
FPgrowth_Gen_Borgelt,1,syn_n10000_i300_l40_s08_c025,minsup,0.4398597,0.0319,3.53,132,False,,20260922_021229,10000,300,0.05
Gr_growth,1,syn_n10000_i300_l40_s08_c025,minsup,0.4398597,0.0624,14.03,133,False,,20260922_021229,10000,300,0.05
DefMe,1,syn_n10000_i300_l40_s08_c025,minsup,0.4398597,0.5505,110.18,133,False,,20260922_021230,10000,300,0.05
TalkyG_Diffset,1,syn_n10000_i300_l40_s08_c025,minsup,0.4398597,0.4534,111.12,133,False,,20260922_021230,10000,300,0.05
Pascal,1,syn_n10000_i300_l40_s08_c025,minsup,0.4398597,0.7317,112.29,132,False,,20260922_021230,10000,300,0.05
Talky_G,1,syn_n10000_i300_l40_s08_c025,minsup,0.4398597,0.582,113.52,133,False,,20260922_021231,10000,300,0.05
Apriori_Gen_Borgelt,1,syn_n10000_i300_l40_s08_c025,minsup,0.2594403,0.0797,6.16,991,False,,20260922_021231,10000,300,0.12
Zart,1,syn_n10000_i300_l40_s08_c025,minsup,0.4398597,0.6591,166.27,133,False,,20260922_021231,10000,300,0.05
Eclat_Gen_Borgelt,1,syn_n10000_i300_l40_s08_c025,minsup,0.2594403,0.0435,4.98,991,False,,20260922_021231,10000,300,0.12
FPgrowth_Gen_Borgelt,1,syn_n10000_i300_l40_s08_c025,minsup,0.2594403,0.0388,5.09,991,False,,20260922_021232,10000,300,0.12
Gr_growth,1,syn_n10000_i300_l40_s08_c025,minsup,0.2594403,0.0481,15.79,995,False,,20260922_021232,10000,300,0.12
DefMe,1,syn_n10000_i300_l40_s08_c025,minsup,0.2594403,0.6005,113.44,992,False,,20260922_021232,10000,300,0.12
TalkyG_Diffset,1,syn_n10000_i300_l40_s08_c025,minsup,0.2594403,0.4714,117.22,992,False,,20260922_021233,10000,300,0.12
Talky_G,1,syn_n10000_i300_l40_s08_c025,minsup,0.2594403,0.4896,112.37,992,False,,20260922_021233,10000,300,0.12
Pascal,1,syn_n10000_i300_l40_s08_c025,minsup,0.2594403,1.9977,109.95,991,False,,20260922_021234,10000,300,0.12
Apriori_Gen_Borgelt,1,syn_n10000_i300_l40_s08_c025,minsup,0.15644339999999998,0.138,6.59,5520,False,,20260922_021234,10000,300,0.25
DefMe,1,syn_n10000_i300_l40_s08_c025,minsup,0.15644339999999998,0.4188,129.36,5521,False,,20260922_021235,10000,300,0.25
Eclat_Gen_Borgelt,1,syn_n10000_i300_l40_s08_c025,minsup,0.15644339999999998,0.097,12.69,5520,False,,20260922_021235,10000,300,0.25
FPgrowth_Gen_Borgelt,1,syn_n10000_i300_l40_s08_c025,minsup,0.15644339999999998,0.0862,17.37,5520,False,,20260922_021235,10000,300,0.25
Zart,1,syn_n10000_i300_l40_s08_c025,minsup,0.2594403,2.0287,390.7,992,False,,20260922_021235,10000,300,0.12
Gr_growth,1,syn_n10000_i300_l40_s08_c025,minsup,0.15644339999999998,0.1489,20.12,5531,False,,20260922_021236,10000,300,0.25
TalkyG_Diffset,1,syn_n10000_i300_l40_s08_c025,minsup,0.15644339999999998,0.4562,114.63,5521,False,,20260922_021236,10000,300,0.25
Talky_G,1,syn_n10000_i300_l40_s08_c025,minsup,0.15644339999999998,0.4312,115.11,5521,False,,20260922_021237,10000,300,0.25
Zart,1,syn_n10000_i300_l40_s08_c025,minsup,0.15644339999999998,8.1781,389.17,5521,False,,20260922_021245,10000,300,0.25
Pascal,1,syn_n10000_i300_l40_s08_c025,minsup,0.15644339999999998,9.7179,115.07,5520,False,,20260922_021245,10000,300,0.25
Apriori_Gen_Borgelt,1,syn_n10000_i300_l40_s08_c06,minsup,0.6501492000000001,0.019,3.48,14,False,,20260922_021245,10000,300,0.02
Eclat_Gen_Borgelt,1,syn_n10000_i300_l40_s08_c06,minsup,0.6501492000000001,0.0475,2.93,14,False,,20260922_021245,10000,300,0.02
FPgrowth_Gen_Borgelt,1,syn_n10000_i300_l40_s08_c06,minsup,0.6501492000000001,0.018,3.69,14,False,,20260922_021246,10000,300,0.02
Gr_growth,1,syn_n10000_i300_l40_s08_c06,minsup,0.6501492000000001,0.038,3.83,15,False,,20260922_021246,10000,300,0.02
DefMe,1,syn_n10000_i300_l40_s08_c06,minsup,0.6501492000000001,0.6441,115.9,15,False,,20260922_021246,10000,300,0.02
Pascal,1,syn_n10000_i300_l40_s08_c06,minsup,0.6501492000000001,0.5183,106.93,14,False,,20260922_021246,10000,300,0.02
TalkyG_Diffset,1,syn_n10000_i300_l40_s08_c06,minsup,0.6501492000000001,0.5086,114.13,15,False,,20260922_021247,10000,300,0.02
Talky_G,1,syn_n10000_i300_l40_s08_c06,minsup,0.6501492000000001,0.5231,114.86,15,False,,20260922_021247,10000,300,0.02
Apriori_Gen_Borgelt,1,syn_n10000_i300_l40_s08_c06,minsup,0.4016979,0.0376,3.45,108,False,,20260922_021247,10000,300,0.05
Zart,1,syn_n10000_i300_l40_s08_c06,minsup,0.6501492000000001,0.5305,114.14,15,False,,20260922_021247,10000,300,0.02
Eclat_Gen_Borgelt,1,syn_n10000_i300_l40_s08_c06,minsup,0.4016979,0.0462,3.59,108,False,,20260922_021248,10000,300,0.05
FPgrowth_Gen_Borgelt,1,syn_n10000_i300_l40_s08_c06,minsup,0.4016979,0.0329,2.91,108,False,,20260922_021248,10000,300,0.05
DefMe,1,syn_n10000_i300_l40_s08_c06,minsup,0.4016979,0.4361,116.57,109,False,,20260922_021248,10000,300,0.05
Gr_growth,1,syn_n10000_i300_l40_s08_c06,minsup,0.4016979,0.0642,14.03,109,False,,20260922_021248,10000,300,0.05
TalkyG_Diffset,1,syn_n10000_i300_l40_s08_c06,minsup,0.4016979,0.452,113.7,109,False,,20260922_021249,10000,300,0.05
Pascal,1,syn_n10000_i300_l40_s08_c06,minsup,0.4016979,0.633,106.26,108,False,,20260922_021249,10000,300,0.05
Talky_G,1,syn_n10000_i300_l40_s08_c06,minsup,0.4016979,0.483,113.27,109,False,,20260922_021249,10000,300,0.05
Apriori_Gen_Borgelt,1,syn_n10000_i300_l40_s08_c06,minsup,0.2561436,0.0539,6.05,551,False,,20260922_021249,10000,300,0.12
Zart,1,syn_n10000_i300_l40_s08_c06,minsup,0.4016979,0.714,159.35,109,False,,20260922_021250,10000,300,0.05
Eclat_Gen_Borgelt,1,syn_n10000_i300_l40_s08_c06,minsup,0.2561436,0.0634,4.75,551,False,,20260922_021250,10000,300,0.12
DefMe,1,syn_n10000_i300_l40_s08_c06,minsup,0.2561436,0.4117,113.41,552,False,,20260922_021250,10000,300,0.12
FPgrowth_Gen_Borgelt,1,syn_n10000_i300_l40_s08_c06,minsup,0.2561436,0.0335,5.2,551,False,,20260922_021250,10000,300,0.12
Gr_growth,1,syn_n10000_i300_l40_s08_c06,minsup,0.2561436,0.0373,3.83,553,False,,20260922_021250,10000,300,0.12
TalkyG_Diffset,1,syn_n10000_i300_l40_s08_c06,minsup,0.2561436,0.4934,112.12,552,False,,20260922_021251,10000,300,0.12
Talky_G,1,syn_n10000_i300_l40_s08_c06,minsup,0.2561436,0.4362,118.05,552,False,,20260922_021251,10000,300,0.12
Pascal,1,syn_n10000_i300_l40_s08_c06,minsup,0.2561436,1.4356,106.13,551,False,,20260922_021252,10000,300,0.12
Apriori_Gen_Borgelt,1,syn_n10000_i300_l40_s08_c06,minsup,0.1492506,0.1019,6.49,3321,False,,20260922_021252,10000,300,0.25
DefMe,1,syn_n10000_i300_l40_s08_c06,minsup,0.1492506,0.3822,129.05,3322,False,,20260922_021252,10000,300,0.25
Eclat_Gen_Borgelt,1,syn_n10000_i300_l40_s08_c06,minsup,0.1492506,0.0977,11.0,3321,False,,20260922_021253,10000,300,0.25
FPgrowth_Gen_Borgelt,1,syn_n10000_i300_l40_s08_c06,minsup,0.1492506,0.0762,14.24,3321,False,,20260922_021253,10000,300,0.25
Gr_growth,1,syn_n10000_i300_l40_s08_c06,minsup,0.1492506,0.0835,19.8,3322,False,,20260922_021253,10000,300,0.25
Zart,1,syn_n10000_i300_l40_s08_c06,minsup,0.2561436,1.5872,384.61,552,False,,20260922_021253,10000,300,0.12
TalkyG_Diffset,1,syn_n10000_i300_l40_s08_c06,minsup,0.1492506,0.4553,124.12,3322,False,,20260922_021254,10000,300,0.25
Talky_G,1,syn_n10000_i300_l40_s08_c06,minsup,0.1492506,0.4771,115.95,3322,False,,20260922_021254,10000,300,0.25
Pascal,1,syn_n10000_i300_l40_s08_c06,minsup,0.1492506,5.9231,109.36,3321,False,,20260922_021259,10000,300,0.25
Apriori_Gen_Borgelt,1,syn_n10000_i300_l40_s16_c025,minsup,0.9921069,0.0373,2.84,34,False,,20260922_021259,10000,295,0.02
DefMe,1,syn_n10000_i300_l40_s16_c025,minsup,0.9921069,0.4045,116.57,35,False,,20260922_021300,10000,295,0.02
Eclat_Gen_Borgelt,1,syn_n10000_i300_l40_s16_c025,minsup,0.9921069,0.0226,3.57,34,False,,20260922_021300,10000,295,0.02
FPgrowth_Gen_Borgelt,1,syn_n10000_i300_l40_s16_c025,minsup,0.9921069,0.0199,3.75,34,False,,20260922_021300,10000,295,0.02
Gr_growth,1,syn_n10000_i300_l40_s16_c025,minsup,0.9921069,0.0234,3.84,36,False,,20260922_021300,10000,295,0.02
Zart,1,syn_n10000_i300_l40_s08_c06,minsup,0.1492506,5.8603,381.55,3322,False,,20260922_021300,10000,300,0.25
Pascal,1,syn_n10000_i300_l20_s16_c06,minsup,0.0488511,84.7314,178.11,143910,False,,20260922_021301,10000,277,0.25
Pascal,1,syn_n10000_i300_l40_s16_c025,minsup,0.9921069,0.4806,113.69,34,False,,20260922_021301,10000,295,0.02
TalkyG_Diffset,1,syn_n10000_i300_l40_s16_c025,minsup,0.9921069,0.4915,113.07,35,False,,20260922_021301,10000,295,0.02
Apriori_Gen_Borgelt,1,syn_n10000_i300_l40_s16_c025,minsup,0.8203788000000001,0.0405,4.81,1908,False,,20260922_021301,10000,295,0.05
Talky_G,1,syn_n10000_i300_l40_s16_c025,minsup,0.9921069,0.545,113.19,35,False,,20260922_021302,10000,295,0.02
Eclat_Gen_Borgelt,1,syn_n10000_i300_l40_s16_c025,minsup,0.8203788000000001,0.0277,4.18,1908,False,,20260922_021302,10000,295,0.05
Zart,1,syn_n10000_i300_l40_s16_c025,minsup,0.9921069,0.7313,132.54,35,False,,20260922_021302,10000,295,0.02
DefMe,1,syn_n10000_i300_l40_s16_c025,minsup,0.8203788000000001,0.5263,129.02,1909,False,,20260922_021302,10000,295,0.05
FPgrowth_Gen_Borgelt,1,syn_n10000_i300_l40_s16_c025,minsup,0.8203788000000001,0.0514,4.94,1908,False,,20260922_021302,10000,295,0.05
Gr_growth,1,syn_n10000_i300_l40_s16_c025,minsup,0.8203788000000001,0.0383,3.83,1909,False,,20260922_021302,10000,295,0.05
Talky_G,1,syn_n10000_i300_l40_s16_c025,minsup,0.8203788000000001,0.4765,113.85,1909,False,,20260922_021303,10000,295,0.05
TalkyG_Diffset,1,syn_n10000_i300_l40_s16_c025,minsup,0.8203788000000001,0.5994,113.99,1909,False,,20260922_021303,10000,295,0.05
Pascal,1,syn_n10000_i300_l40_s16_c025,minsup,0.8203788000000001,3.2852,110.57,1908,False,,20260922_021306,10000,295,0.05
Zart,1,syn_n10000_i300_l40_s16_c025,minsup,0.8203788000000001,3.0254,400.38,1909,False,,20260922_021306,10000,295,0.05
Eclat_Gen_Borgelt,1,syn_n10000_i300_l40_s16_c025,minsup,0.35784180000000004,0.3418,49.5,440104,False,,20260922_021307,10000,295,0.12
FPgrowth_Gen_Borgelt,1,syn_n10000_i300_l40_s16_c025,minsup,0.35784180000000004,0.2297,49.01,440104,False,,20260922_021307,10000,295,0.12
Gr_growth,1,syn_n10000_i300_l40_s16_c025,minsup,0.35784180000000004,0.3872,32.85,440599,False,,20260922_021308,10000,295,0.12
DefMe,1,syn_n10000_i300_l40_s16_c025,minsup,0.35784180000000004,2.3897,811.68,440105,False,,20260922_021308,10000,295,0.12
TalkyG_Diffset,1,syn_n10000_i300_l40_s16_c025,minsup,0.35784180000000004,4.0352,424.04,440105,False,,20260922_021312,10000,295,0.12
Talky_G,1,syn_n10000_i300_l40_s16_c025,minsup,0.35784180000000004,4.09,428.86,440105,False,,20260922_021317,10000,295,0.12
Apriori_Gen_Borgelt,1,syn_n10000_i300_l40_s16_c025,minsup,0.35784180000000004,15.8277,19.61,440104,False,,20260922_021319,10000,295,0.12
Pascal,1,syn_n10000_i300_l20_s16_c025,minsup,0.041558399999999995,118.6889,281.84,141144,False,,20260922_021319,10000,276,0.25
DefMe,1,syn_n10000_i300_l40_s16_c025,minsup,0.1269729,60.1551,973.81,10152924,False,,20260922_021420,10000,295,0.25
Eclat_Gen_Borgelt,1,syn_n10000_i300_l40_s16_c025,minsup,0.1269729,8.4802,909.75,10152923,False,,20260922_021430,10000,295,0.25
FPgrowth_Gen_Borgelt,1,syn_n10000_i300_l40_s16_c025,minsup,0.1269729,7.4309,922.23,10152923,False,,20260922_021438,10000,295,0.25
Gr_growth,1,syn_n10000_i300_l40_s16_c025,minsup,0.1269729,9.2304,504.25,10152924,False,,20260922_021449,10000,295,0.25
Zart,1,syn_n10000_i300_l20_s16_c025,minsup,0.041558399999999995,300.1612,549.84,0,True,,20260922_021622,10000,276,0.25
Zart,1,syn_n10000_i300_l20_s16_c06,minsup,0.0488511,300.165,545.59,0,True,,20260922_021643,10000,277,0.25
Pascal,1,syn_n10000_i300_l40_s16_c025,minsup,0.35784180000000004,300.1282,273.21,197639,True,,20260922_021808,10000,295,0.12
Zart,1,syn_n10000_i300_l40_s16_c025,minsup,0.35784180000000004,300.1307,795.78,0,True,,20260922_021817,10000,295,0.12
Apriori_Gen_Borgelt,1,syn_n10000_i300_l40_s16_c06,minsup,0.9803187,0.0615,3.65,31,False,,20260922_021817,10000,298,0.02
DefMe,1,syn_n10000_i300_l40_s16_c06,minsup,0.9803187,0.3349,108.25,32,False,,20260922_021818,10000,298,0.02
Eclat_Gen_Borgelt,1,syn_n10000_i300_l40_s16_c06,minsup,0.9803187,0.0187,3.7,31,False,,20260922_021818,10000,298,0.02
FPgrowth_Gen_Borgelt,1,syn_n10000_i300_l40_s16_c06,minsup,0.9803187,0.0428,4.6,31,False,,20260922_021818,10000,298,0.02
Gr_growth,1,syn_n10000_i300_l40_s16_c06,minsup,0.9803187,0.0301,3.82,32,False,,20260922_021818,10000,298,0.02
Pascal,1,syn_n10000_i300_l40_s16_c06,minsup,0.9803187,0.5018,109.32,31,False,,20260922_021819,10000,298,0.02
Apriori_Gen_Borgelt,1,syn_n10000_i300_l40_s16_c025,minsup,0.1269729,300.058,323.61,0,True,,20260922_021819,10000,295,0.25
TalkyG_Diffset,1,syn_n10000_i300_l40_s16_c06,minsup,0.9803187,0.383,112.14,32,False,,20260922_021819,10000,298,0.02
Talky_G,1,syn_n10000_i300_l40_s16_c06,minsup,0.9803187,0.4728,114.54,32,False,,20260922_021820,10000,298,0.02
Apriori_Gen_Borgelt,1,syn_n10000_i300_l40_s16_c06,minsup,0.7839153,0.031,3.61,3230,False,,20260922_021820,10000,298,0.05
Zart,1,syn_n10000_i300_l40_s16_c06,minsup,0.9803187,0.5598,114.19,32,False,,20260922_021820,10000,298,0.02
Eclat_Gen_Borgelt,1,syn_n10000_i300_l40_s16_c06,minsup,0.7839153,0.0334,3.68,3230,False,,20260922_021820,10000,298,0.05
FPgrowth_Gen_Borgelt,1,syn_n10000_i300_l40_s16_c06,minsup,0.7839153,0.0302,3.69,3230,False,,20260922_021820,10000,298,0.05
Gr_growth,1,syn_n10000_i300_l40_s16_c06,minsup,0.7839153,0.0324,3.86,3233,False,,20260922_021821,10000,298,0.05
DefMe,1,syn_n10000_i300_l40_s16_c06,minsup,0.7839153,0.7113,121.45,3231,False,,20260922_021821,10000,298,0.05
TalkyG_Diffset,1,syn_n10000_i300_l40_s16_c06,minsup,0.7839153,0.3981,114.63,3231,False,,20260922_021821,10000,298,0.05
Talky_G,1,syn_n10000_i300_l40_s16_c06,minsup,0.7839153,0.373,113.98,3231,False,,20260922_021822,10000,298,0.05
Zart,1,syn_n10000_i300_l40_s16_c06,minsup,0.7839153,3.5043,398.13,3231,False,,20260922_021826,10000,298,0.05
Pascal,1,syn_n10000_i300_l40_s16_c06,minsup,0.7839153,5.4701,106.32,3230,False,,20260922_021826,10000,298,0.05
DefMe,1,syn_n10000_i300_l40_s16_c06,minsup,0.33916050000000003,2.3816,867.13,917757,False,,20260922_021829,10000,298,0.12
Eclat_Gen_Borgelt,1,syn_n10000_i300_l40_s16_c06,minsup,0.33916050000000003,0.6037,91.11,917756,False,,20260922_021830,10000,298,0.12
FPgrowth_Gen_Borgelt,1,syn_n10000_i300_l40_s16_c06,minsup,0.33916050000000003,0.5564,92.5,917756,False,,20260922_021830,10000,298,0.12
Gr_growth,1,syn_n10000_i300_l40_s16_c06,minsup,0.33916050000000003,0.7952,53.05,917757,False,,20260922_021831,10000,298,0.12
Apriori_Gen_Borgelt,1,syn_n10000_i300_l40_s16_c06,minsup,0.33916050000000003,31.4345,34.46,917756,False,,20260922_021857,10000,298,0.12
TalkyG_Diffset,1,syn_n10000_i300_l40_s16_c06,minsup,0.33916050000000003,20.0789,456.06,917757,False,,20260922_021918,10000,298,0.12
Talky_G,1,syn_n10000_i300_l40_s16_c06,minsup,0.33916050000000003,19.5403,472.43,917757,False,,20260922_021937,10000,298,0.12
Pascal,1,syn_n10000_i300_l40_s16_c025,minsup,0.1269729,300.1418,301.97,331852,True,,20260922_021949,10000,295,0.25
TalkyG_Diffset,1,syn_n10000_i300_l40_s16_c025,minsup,0.1269729,300.1465,702.8,3349383,True,,20260922_022122,10000,295,0.25
Talky_G,1,syn_n10000_i300_l40_s16_c025,minsup,0.1269729,300.0884,658.42,3412314,True,,20260922_022143,10000,295,0.25
Eclat_Gen_Borgelt,1,syn_n10000_i300_l40_s16_c06,minsup,0.1272726,35.1149,2397.07,26581588,False,,20260922_022222,10000,298,0.25
DefMe,1,syn_n10000_i300_l40_s16_c06,minsup,0.1272726,80.8925,1529.82,26581589,False,,20260922_022246,10000,298,0.25
FPgrowth_Gen_Borgelt,1,syn_n10000_i300_l40_s16_c06,minsup,0.1272726,32.5722,2408.47,26581588,False,,20260922_022257,10000,298,0.25
Zart,1,syn_n10000_i300_l40_s16_c025,minsup,0.1269729,300.1742,850.65,0,True,,20260922_022308,10000,295,0.25
Gr_growth,1,syn_n10000_i300_l40_s16_c06,minsup,0.1272726,31.0715,1293.68,26581589,False,,20260922_022322,10000,298,0.25
Pascal,1,syn_n10000_i300_l40_s16_c06,minsup,0.33916050000000003,300.1361,239.94,316982,True,,20260922_022332,10000,298,0.12
Zart,1,syn_n10000_i300_l40_s16_c06,minsup,0.33916050000000003,300.0994,523.05,0,True,,20260922_022438,10000,298,0.12
Apriori_Gen_Borgelt,1,syn_n10000_i2000_l8_s00_c025,minsup,0.0076923,0.0309,2.61,42,False,,20260922_022438,10000,2000,0.02
DefMe,1,syn_n10000_i2000_l8_s00_c025,minsup,0.0076923,0.3155,105.3,43,False,,20260922_022438,10000,2000,0.02
Eclat_Gen_Borgelt,1,syn_n10000_i2000_l8_s00_c025,minsup,0.0076923,0.0364,3.15,42,False,,20260922_022439,10000,2000,0.02
FPgrowth_Gen_Borgelt,1,syn_n10000_i2000_l8_s00_c025,minsup,0.0076923,0.0142,0.2,42,False,,20260922_022439,10000,2000,0.02
Gr_growth,1,syn_n10000_i2000_l8_s00_c025,minsup,0.0076923,0.018,0.27,43,False,,20260922_022439,10000,2000,0.02
Pascal,1,syn_n10000_i2000_l8_s00_c025,minsup,0.0076923,0.5487,93.12,42,False,,20260922_022440,10000,2000,0.02
TalkyG_Diffset,1,syn_n10000_i2000_l8_s00_c025,minsup,0.0076923,0.4377,103.81,43,False,,20260922_022440,10000,2000,0.02
Talky_G,1,syn_n10000_i2000_l8_s00_c025,minsup,0.0076923,0.4227,104.14,43,False,,20260922_022441,10000,2000,0.02
Zart,1,syn_n10000_i2000_l8_s00_c025,minsup,0.0076923,0.5837,295.3,43,False,,20260922_022441,10000,2000,0.02
Apriori_Gen_Borgelt,1,syn_n10000_i2000_l8_s00_c025,minsup,0.006993,0.0254,0.23,101,False,,20260922_022442,10000,2000,0.05
DefMe,1,syn_n10000_i2000_l8_s00_c025,minsup,0.006993,0.38,100.46,102,False,,20260922_022442,10000,2000,0.05
Eclat_Gen_Borgelt,1,syn_n10000_i2000_l8_s00_c025,minsup,0.006993,0.0244,0.57,101,False,,20260922_022442,10000,2000,0.05
FPgrowth_Gen_Borgelt,1,syn_n10000_i2000_l8_s00_c025,minsup,0.006993,0.0082,0.36,101,False,,20260922_022443,10000,2000,0.05
Gr_growth,1,syn_n10000_i2000_l8_s00_c025,minsup,0.006993,0.0216,0.02,102,False,,20260922_022443,10000,2000,0.05
Pascal,1,syn_n10000_i2000_l8_s00_c025,minsup,0.006993,1.4705,90.45,101,False,,20260922_022444,10000,2000,0.05
TalkyG_Diffset,1,syn_n10000_i2000_l8_s00_c025,minsup,0.006993,0.3961,97.69,102,False,,20260922_022445,10000,2000,0.05
Talky_G,1,syn_n10000_i2000_l8_s00_c025,minsup,0.006993,0.4191,99.66,102,False,,20260922_022445,10000,2000,0.05
Zart,1,syn_n10000_i2000_l8_s00_c025,minsup,0.006993,0.9616,372.86,102,False,,20260922_022447,10000,2000,0.05
Apriori_Gen_Borgelt,1,syn_n10000_i2000_l8_s00_c025,minsup,0.0061938,0.0149,0.32,244,False,,20260922_022447,10000,2000,0.12
DefMe,1,syn_n10000_i2000_l8_s00_c025,minsup,0.0061938,0.3708,112.12,245,False,,20260922_022447,10000,2000,0.12
Eclat_Gen_Borgelt,1,syn_n10000_i2000_l8_s00_c025,minsup,0.0061938,0.015,0.36,244,False,,20260922_022447,10000,2000,0.12
FPgrowth_Gen_Borgelt,1,syn_n10000_i2000_l8_s00_c025,minsup,0.0061938,0.0218,3.61,244,False,,20260922_022448,10000,2000,0.12
Gr_growth,1,syn_n10000_i2000_l8_s00_c025,minsup,0.0061938,0.0148,0.27,245,False,,20260922_022448,10000,2000,0.12
Apriori_Gen_Borgelt,1,syn_n10000_i300_l40_s16_c06,minsup,0.1272726,300.0832,643.98,0,True,,20260922_022450,10000,298,0.25
TalkyG_Diffset,1,syn_n10000_i2000_l8_s00_c025,minsup,0.0061938,0.4578,110.44,245,False,,20260922_022450,10000,2000,0.12
Talky_G,1,syn_n10000_i2000_l8_s00_c025,minsup,0.0061938,0.4,103.47,245,False,,20260922_022451,10000,2000,0.12
Pascal,1,syn_n10000_i2000_l8_s00_c025,minsup,0.0061938,7.1559,92.8,244,False,,20260922_022455,10000,2000,0.12
Apriori_Gen_Borgelt,1,syn_n10000_i2000_l8_s00_c025,minsup,0.0053946,0.0234,3.43,509,False,,20260922_022455,10000,2000,0.25
Zart,1,syn_n10000_i2000_l8_s00_c025,minsup,0.0061938,4.7373,629.23,245,False,,20260922_022456,10000,2000,0.12
DefMe,1,syn_n10000_i2000_l8_s00_c025,minsup,0.0053946,0.4672,187.11,510,False,,20260922_022456,10000,2000,0.25
Eclat_Gen_Borgelt,1,syn_n10000_i2000_l8_s00_c025,minsup,0.0053946,0.0328,3.52,509,False,,20260922_022456,10000,2000,0.25
FPgrowth_Gen_Borgelt,1,syn_n10000_i2000_l8_s00_c025,minsup,0.0053946,0.0164,0.24,509,False,,20260922_022456,10000,2000,0.25
Gr_growth,1,syn_n10000_i2000_l8_s00_c025,minsup,0.0053946,0.028,13.4,510,False,,20260922_022456,10000,2000,0.25
TalkyG_Diffset,1,syn_n10000_i2000_l8_s00_c025,minsup,0.0053946,0.4479,98.32,510,False,,20260922_022457,10000,2000,0.25
Talky_G,1,syn_n10000_i2000_l8_s00_c025,minsup,0.0053946,0.4461,99.87,510,False,,20260922_022457,10000,2000,0.25
Zart,1,syn_n10000_i2000_l8_s00_c025,minsup,0.0053946,19.1096,760.76,510,False,,20260922_022517,10000,2000,0.25
Apriori_Gen_Borgelt,1,syn_n10000_i2000_l8_s00_c06,minsup,0.0073926,0.0189,0.51,46,False,,20260922_022517,10000,2000,0.02
DefMe,1,syn_n10000_i2000_l8_s00_c06,minsup,0.0073926,0.3533,103.14,47,False,,20260922_022517,10000,2000,0.02
Eclat_Gen_Borgelt,1,syn_n10000_i2000_l8_s00_c06,minsup,0.0073926,0.008,0.38,46,False,,20260922_022518,10000,2000,0.02
FPgrowth_Gen_Borgelt,1,syn_n10000_i2000_l8_s00_c06,minsup,0.0073926,0.03,2.95,46,False,,20260922_022518,10000,2000,0.02
Gr_growth,1,syn_n10000_i2000_l8_s00_c06,minsup,0.0073926,0.03,0.02,47,False,,20260922_022518,10000,2000,0.02
Pascal,1,syn_n10000_i2000_l8_s00_c025,minsup,0.0053946,21.7847,96.72,509,False,,20260922_022518,10000,2000,0.25
TalkyG_Diffset,1,syn_n10000_i2000_l8_s00_c06,minsup,0.0073926,0.4134,105.92,47,False,,20260922_022519,10000,2000,0.02
Pascal,1,syn_n10000_i2000_l8_s00_c06,minsup,0.0073926,0.7308,91.18,46,False,,20260922_022519,10000,2000,0.02
Talky_G,1,syn_n10000_i2000_l8_s00_c06,minsup,0.0073926,0.546,103.22,47,False,,20260922_022519,10000,2000,0.02
Apriori_Gen_Borgelt,1,syn_n10000_i2000_l8_s00_c06,minsup,0.0066933,0.0216,0.23,101,False,,20260922_022520,10000,2000,0.05
Zart,1,syn_n10000_i2000_l8_s00_c06,minsup,0.0073926,0.75,328.95,47,False,,20260922_022520,10000,2000,0.02
Eclat_Gen_Borgelt,1,syn_n10000_i2000_l8_s00_c06,minsup,0.0066933,0.0091,0.36,101,False,,20260922_022520,10000,2000,0.05
FPgrowth_Gen_Borgelt,1,syn_n10000_i2000_l8_s00_c06,minsup,0.0066933,0.0199,0.27,101,False,,20260922_022520,10000,2000,0.05
DefMe,1,syn_n10000_i2000_l8_s00_c06,minsup,0.0066933,0.4522,105.68,102,False,,20260922_022520,10000,2000,0.05
Gr_growth,1,syn_n10000_i2000_l8_s00_c06,minsup,0.0066933,0.0329,6.92,102,False,,20260922_022520,10000,2000,0.05
TalkyG_Diffset,1,syn_n10000_i2000_l8_s00_c06,minsup,0.0066933,0.4498,101.68,102,False,,20260922_022521,10000,2000,0.05
Talky_G,1,syn_n10000_i2000_l8_s00_c06,minsup,0.0066933,0.3818,105.47,102,False,,20260922_022521,10000,2000,0.05
Pascal,1,syn_n10000_i2000_l8_s00_c06,minsup,0.0066933,1.7373,92.3,101,False,,20260922_022522,10000,2000,0.05
Apriori_Gen_Borgelt,1,syn_n10000_i2000_l8_s00_c06,minsup,0.0058941,0.0188,0.29,263,False,,20260922_022522,10000,2000,0.12
DefMe,1,syn_n10000_i2000_l8_s00_c06,minsup,0.0058941,0.4107,113.26,264,False,,20260922_022523,10000,2000,0.12
Zart,1,syn_n10000_i2000_l8_s00_c06,minsup,0.0066933,1.3004,367.91,102,False,,20260922_022523,10000,2000,0.05
Eclat_Gen_Borgelt,1,syn_n10000_i2000_l8_s00_c06,minsup,0.0058941,0.0566,3.14,263,False,,20260922_022523,10000,2000,0.12
FPgrowth_Gen_Borgelt,1,syn_n10000_i2000_l8_s00_c06,minsup,0.0058941,0.0159,0.36,263,False,,20260922_022523,10000,2000,0.12
Gr_growth,1,syn_n10000_i2000_l8_s00_c06,minsup,0.0058941,0.0308,7.39,264,False,,20260922_022523,10000,2000,0.12
TalkyG_Diffset,1,syn_n10000_i2000_l8_s00_c06,minsup,0.0058941,0.4643,109.25,264,False,,20260922_022524,10000,2000,0.12
Talky_G,1,syn_n10000_i2000_l8_s00_c06,minsup,0.0058941,0.4168,103.04,264,False,,20260922_022525,10000,2000,0.12
Zart,1,syn_n10000_i2000_l8_s00_c06,minsup,0.0058941,5.6322,640.32,264,False,,20260922_022530,10000,2000,0.12
Apriori_Gen_Borgelt,1,syn_n10000_i2000_l8_s00_c06,minsup,0.0050949,0.0154,0.31,540,False,,20260922_022530,10000,2000,0.25
Pascal,1,syn_n10000_i2000_l8_s00_c06,minsup,0.0058941,7.6871,90.68,263,False,,20260922_022531,10000,2000,0.12
DefMe,1,syn_n10000_i2000_l8_s00_c06,minsup,0.0050949,0.4584,207.64,541,False,,20260922_022531,10000,2000,0.25
Eclat_Gen_Borgelt,1,syn_n10000_i2000_l8_s00_c06,minsup,0.0050949,0.0185,0.21,540,False,,20260922_022531,10000,2000,0.25
FPgrowth_Gen_Borgelt,1,syn_n10000_i2000_l8_s00_c06,minsup,0.0050949,0.0146,0.2,540,False,,20260922_022531,10000,2000,0.25
Gr_growth,1,syn_n10000_i2000_l8_s00_c06,minsup,0.0050949,0.0184,11.98,541,False,,20260922_022531,10000,2000,0.25
TalkyG_Diffset,1,syn_n10000_i2000_l8_s00_c06,minsup,0.0050949,0.4306,102.65,541,False,,20260922_022532,10000,2000,0.25
Talky_G,1,syn_n10000_i2000_l8_s00_c06,minsup,0.0050949,0.4366,102.77,541,False,,20260922_022533,10000,2000,0.25
Pascal,1,syn_n10000_i2000_l8_s00_c06,minsup,0.0050949,21.6576,91.39,540,False,,20260922_022553,10000,2000,0.25
Apriori_Gen_Borgelt,1,syn_n10000_i2000_l8_s08_c025,minsup,0.0262737,0.0237,3.12,56,False,,20260922_022553,10000,1982,0.02
DefMe,1,syn_n10000_i2000_l8_s08_c025,minsup,0.0262737,0.3672,100.23,57,False,,20260922_022554,10000,1982,0.02
Eclat_Gen_Borgelt,1,syn_n10000_i2000_l8_s08_c025,minsup,0.0262737,0.0146,0.37,56,False,,20260922_022554,10000,1982,0.02
FPgrowth_Gen_Borgelt,1,syn_n10000_i2000_l8_s08_c025,minsup,0.0262737,0.0142,0.29,56,False,,20260922_022554,10000,1982,0.02
Gr_growth,1,syn_n10000_i2000_l8_s08_c025,minsup,0.0262737,0.0178,0.57,57,False,,20260922_022554,10000,1982,0.02
Pascal,1,syn_n10000_i2000_l8_s08_c025,minsup,0.0262737,0.5771,88.91,56,False,,20260922_022555,10000,1982,0.02
Zart,1,syn_n10000_i2000_l8_s00_c06,minsup,0.0050949,22.5492,748.31,541,False,,20260922_022555,10000,2000,0.25
TalkyG_Diffset,1,syn_n10000_i2000_l8_s08_c025,minsup,0.0262737,0.4708,103.59,57,False,,20260922_022556,10000,1982,0.02
Talky_G,1,syn_n10000_i2000_l8_s08_c025,minsup,0.0262737,0.5579,102.56,57,False,,20260922_022556,10000,1982,0.02
Apriori_Gen_Borgelt,1,syn_n10000_i2000_l8_s08_c025,minsup,0.012986999999999999,0.0152,0.27,157,False,,20260922_022556,10000,1982,0.05
Zart,1,syn_n10000_i2000_l8_s08_c025,minsup,0.0262737,0.7367,266.63,57,False,,20260922_022557,10000,1982,0.02
Eclat_Gen_Borgelt,1,syn_n10000_i2000_l8_s08_c025,minsup,0.012986999999999999,0.0156,0.2,157,False,,20260922_022557,10000,1982,0.05
DefMe,1,syn_n10000_i2000_l8_s08_c025,minsup,0.012986999999999999,0.4941,98.84,158,False,,20260922_022557,10000,1982,0.05
FPgrowth_Gen_Borgelt,1,syn_n10000_i2000_l8_s08_c025,minsup,0.012986999999999999,0.0205,0.38,157,False,,20260922_022557,10000,1982,0.05
Gr_growth,1,syn_n10000_i2000_l8_s08_c025,minsup,0.012986999999999999,0.0298,8.02,158,False,,20260922_022557,10000,1982,0.05
TalkyG_Diffset,1,syn_n10000_i2000_l8_s08_c025,minsup,0.012986999999999999,0.4018,100.07,158,False,,20260922_022558,10000,1982,0.05
Talky_G,1,syn_n10000_i2000_l8_s08_c025,minsup,0.012986999999999999,0.4282,106.29,158,False,,20260922_022558,10000,1982,0.05
Pascal,1,syn_n10000_i2000_l8_s08_c025,minsup,0.012986999999999999,1.6105,88.27,157,False,,20260922_022559,10000,1982,0.05
Apriori_Gen_Borgelt,1,syn_n10000_i2000_l8_s08_c025,minsup,0.0066933,0.0144,0.27,434,False,,20260922_022559,10000,1982,0.12
DefMe,1,syn_n10000_i2000_l8_s08_c025,minsup,0.0066933,0.423,110.84,435,False,,20260922_022600,10000,1982,0.12
Eclat_Gen_Borgelt,1,syn_n10000_i2000_l8_s08_c025,minsup,0.0066933,0.0363,4.87,434,False,,20260922_022600,10000,1982,0.12
Zart,1,syn_n10000_i2000_l8_s08_c025,minsup,0.012986999999999999,1.3927,379.0,158,False,,20260922_022600,10000,1982,0.05
FPgrowth_Gen_Borgelt,1,syn_n10000_i2000_l8_s08_c025,minsup,0.0066933,0.035,0.02,434,False,,20260922_022600,10000,1982,0.12
Gr_growth,1,syn_n10000_i2000_l8_s08_c025,minsup,0.0066933,0.0253,10.84,435,False,,20260922_022600,10000,1982,0.12
TalkyG_Diffset,1,syn_n10000_i2000_l8_s08_c025,minsup,0.0066933,0.4389,104.64,435,False,,20260922_022601,10000,1982,0.12
Talky_G,1,syn_n10000_i2000_l8_s08_c025,minsup,0.0066933,0.382,102.08,435,False,,20260922_022601,10000,1982,0.12
Zart,1,syn_n10000_i2000_l8_s08_c025,minsup,0.0066933,5.7376,385.62,435,False,,20260922_022607,10000,1982,0.12
Apriori_Gen_Borgelt,1,syn_n10000_i2000_l8_s08_c025,minsup,0.0036963,0.0224,0.16,1065,False,,20260922_022607,10000,1982,0.25
Pascal,1,syn_n10000_i2000_l8_s08_c025,minsup,0.0066933,7.1334,89.2,434,False,,20260922_022607,10000,1982,0.12
Eclat_Gen_Borgelt,1,syn_n10000_i2000_l8_s08_c025,minsup,0.0036963,0.0206,5.32,1065,False,,20260922_022608,10000,1982,0.25
FPgrowth_Gen_Borgelt,1,syn_n10000_i2000_l8_s08_c025,minsup,0.0036963,0.0419,3.11,1065,False,,20260922_022608,10000,1982,0.25
Gr_growth,1,syn_n10000_i2000_l8_s08_c025,minsup,0.0036963,0.0293,14.01,1066,False,,20260922_022608,10000,1982,0.25
DefMe,1,syn_n10000_i2000_l8_s08_c025,minsup,0.0036963,0.5626,193.23,1066,False,,20260922_022608,10000,1982,0.25
TalkyG_Diffset,1,syn_n10000_i2000_l8_s08_c025,minsup,0.0036963,0.4539,99.86,1066,False,,20260922_022609,10000,1982,0.25
Talky_G,1,syn_n10000_i2000_l8_s08_c025,minsup,0.0036963,0.4066,104.6,1066,False,,20260922_022609,10000,1982,0.25
Pascal,1,syn_n10000_i2000_l8_s08_c025,minsup,0.0036963,20.9635,96.54,1065,False,,20260922_022629,10000,1982,0.25
Apriori_Gen_Borgelt,1,syn_n10000_i2000_l8_s08_c06,minsup,0.0244755,0.0145,3.25,56,False,,20260922_022629,10000,1981,0.02
DefMe,1,syn_n10000_i2000_l8_s08_c06,minsup,0.0244755,0.3241,106.25,57,False,,20260922_022630,10000,1981,0.02
Eclat_Gen_Borgelt,1,syn_n10000_i2000_l8_s08_c06,minsup,0.0244755,0.0144,0.23,56,False,,20260922_022630,10000,1981,0.02
FPgrowth_Gen_Borgelt,1,syn_n10000_i2000_l8_s08_c06,minsup,0.0244755,0.0249,3.32,56,False,,20260922_022630,10000,1981,0.02
Gr_growth,1,syn_n10000_i2000_l8_s08_c06,minsup,0.0244755,0.0275,3.85,57,False,,20260922_022630,10000,1981,0.02
Pascal,1,syn_n10000_i2000_l8_s08_c06,minsup,0.0244755,0.5215,89.13,56,False,,20260922_022631,10000,1981,0.02
TalkyG_Diffset,1,syn_n10000_i2000_l8_s08_c06,minsup,0.0244755,0.4146,104.47,57,False,,20260922_022632,10000,1981,0.02
Talky_G,1,syn_n10000_i2000_l8_s08_c06,minsup,0.0244755,0.4034,102.28,57,False,,20260922_022632,10000,1981,0.02
Zart,1,syn_n10000_i2000_l8_s08_c06,minsup,0.0244755,0.758,265.38,57,False,,20260922_022633,10000,1981,0.02
Apriori_Gen_Borgelt,1,syn_n10000_i2000_l8_s08_c06,minsup,0.0120879,0.0388,4.04,158,False,,20260922_022633,10000,1981,0.05
DefMe,1,syn_n10000_i2000_l8_s08_c06,minsup,0.0120879,0.3299,101.63,159,False,,20260922_022634,10000,1981,0.05
Eclat_Gen_Borgelt,1,syn_n10000_i2000_l8_s08_c06,minsup,0.0120879,0.019,0.24,158,False,,20260922_022634,10000,1981,0.05
FPgrowth_Gen_Borgelt,1,syn_n10000_i2000_l8_s08_c06,minsup,0.0120879,0.0316,0.02,158,False,,20260922_022634,10000,1981,0.05
Gr_growth,1,syn_n10000_i2000_l8_s08_c06,minsup,0.0120879,0.0194,10.85,159,False,,20260922_022634,10000,1981,0.05
Pascal,1,syn_n10000_i2000_l8_s08_c06,minsup,0.0120879,1.438,82.95,158,False,,20260922_022636,10000,1981,0.05
TalkyG_Diffset,1,syn_n10000_i2000_l8_s08_c06,minsup,0.0120879,0.3814,107.29,159,False,,20260922_022636,10000,1981,0.05
Talky_G,1,syn_n10000_i2000_l8_s08_c06,minsup,0.0120879,0.4108,106.46,159,False,,20260922_022637,10000,1981,0.05
Zart,1,syn_n10000_i2000_l8_s08_c06,minsup,0.0120879,1.2772,371.44,159,False,,20260922_022638,10000,1981,0.05
Apriori_Gen_Borgelt,1,syn_n10000_i2000_l8_s08_c06,minsup,0.0063936,0.0198,3.14,409,False,,20260922_022639,10000,1981,0.12
DefMe,1,syn_n10000_i2000_l8_s08_c06,minsup,0.0063936,0.5024,112.99,410,False,,20260922_022639,10000,1981,0.12
Eclat_Gen_Borgelt,1,syn_n10000_i2000_l8_s08_c06,minsup,0.0063936,0.0161,3.67,409,False,,20260922_022639,10000,1981,0.12
FPgrowth_Gen_Borgelt,1,syn_n10000_i2000_l8_s08_c06,minsup,0.0063936,0.027,0.32,409,False,,20260922_022640,10000,1981,0.12
Gr_growth,1,syn_n10000_i2000_l8_s08_c06,minsup,0.0063936,0.0359,12.4,410,False,,20260922_022640,10000,1981,0.12
Zart,1,syn_n10000_i2000_l8_s08_c025,minsup,0.0036963,33.6464,760.5,1066,False,,20260922_022643,10000,1982,0.25
TalkyG_Diffset,1,syn_n10000_i2000_l8_s08_c06,minsup,0.0063936,0.4041,102.48,410,False,,20260922_022644,10000,1981,0.12
Talky_G,1,syn_n10000_i2000_l8_s08_c06,minsup,0.0063936,0.3725,103.21,410,False,,20260922_022644,10000,1981,0.12
Pascal,1,syn_n10000_i2000_l8_s08_c06,minsup,0.0063936,6.8622,96.38,409,False,,20260922_022647,10000,1981,0.12
Apriori_Gen_Borgelt,1,syn_n10000_i2000_l8_s08_c06,minsup,0.0037962,0.0333,3.64,908,False,,20260922_022647,10000,1981,0.25
DefMe,1,syn_n10000_i2000_l8_s08_c06,minsup,0.0037962,0.4445,179.5,909,False,,20260922_022648,10000,1981,0.25
Eclat_Gen_Borgelt,1,syn_n10000_i2000_l8_s08_c06,minsup,0.0037962,0.0187,0.48,908,False,,20260922_022648,10000,1981,0.25
FPgrowth_Gen_Borgelt,1,syn_n10000_i2000_l8_s08_c06,minsup,0.0037962,0.015,0.26,908,False,,20260922_022648,10000,1981,0.25
Gr_growth,1,syn_n10000_i2000_l8_s08_c06,minsup,0.0037962,0.038,15.02,909,False,,20260922_022648,10000,1981,0.25
Zart,1,syn_n10000_i2000_l8_s08_c06,minsup,0.0063936,5.7303,609.84,410,False,,20260922_022650,10000,1981,0.12
TalkyG_Diffset,1,syn_n10000_i2000_l8_s08_c06,minsup,0.0037962,0.4386,107.03,909,False,,20260922_022651,10000,1981,0.25
Talky_G,1,syn_n10000_i2000_l8_s08_c06,minsup,0.0037962,0.397,103.94,909,False,,20260922_022651,10000,1981,0.25
Pascal,1,syn_n10000_i2000_l8_s08_c06,minsup,0.0037962,18.3496,109.43,908,False,,20260922_022707,10000,1981,0.25
Apriori_Gen_Borgelt,1,syn_n10000_i2000_l8_s16_c025,minsup,0.1383615,0.0274,2.66,130,False,,20260922_022707,10000,699,0.02
DefMe,1,syn_n10000_i2000_l8_s16_c025,minsup,0.1383615,0.3803,103.79,131,False,,20260922_022707,10000,699,0.02
Eclat_Gen_Borgelt,1,syn_n10000_i2000_l8_s16_c025,minsup,0.1383615,0.0241,3.07,130,False,,20260922_022708,10000,699,0.02
FPgrowth_Gen_Borgelt,1,syn_n10000_i2000_l8_s16_c025,minsup,0.1383615,0.0157,0.35,130,False,,20260922_022708,10000,699,0.02
Gr_growth,1,syn_n10000_i2000_l8_s16_c025,minsup,0.1383615,0.0161,0.26,131,False,,20260922_022708,10000,699,0.02
Pascal,1,syn_n10000_i2000_l8_s16_c025,minsup,0.1383615,0.4639,94.72,130,False,,20260922_022709,10000,699,0.02
TalkyG_Diffset,1,syn_n10000_i2000_l8_s16_c025,minsup,0.1383615,0.3671,106.63,131,False,,20260922_022709,10000,699,0.02
Talky_G,1,syn_n10000_i2000_l8_s16_c025,minsup,0.1383615,0.438,101.48,131,False,,20260922_022710,10000,699,0.02
Zart,1,syn_n10000_i2000_l8_s16_c025,minsup,0.1383615,0.4686,134.81,131,False,,20260922_022710,10000,699,0.02
Apriori_Gen_Borgelt,1,syn_n10000_i2000_l8_s16_c025,minsup,0.0301698,0.0293,0.27,1217,False,,20260922_022711,10000,699,0.05
DefMe,1,syn_n10000_i2000_l8_s16_c025,minsup,0.0301698,0.4019,105.46,1218,False,,20260922_022711,10000,699,0.05
Eclat_Gen_Borgelt,1,syn_n10000_i2000_l8_s16_c025,minsup,0.0301698,0.0202,3.6,1217,False,,20260922_022711,10000,699,0.05
FPgrowth_Gen_Borgelt,1,syn_n10000_i2000_l8_s16_c025,minsup,0.0301698,0.0157,0.23,1217,False,,20260922_022712,10000,699,0.05
Gr_growth,1,syn_n10000_i2000_l8_s16_c025,minsup,0.0301698,0.0193,14.3,1218,False,,20260922_022712,10000,699,0.05
Pascal,1,syn_n10000_i2000_l8_s16_c025,minsup,0.0301698,1.0734,92.42,1217,False,,20260922_022713,10000,699,0.05
TalkyG_Diffset,1,syn_n10000_i2000_l8_s16_c025,minsup,0.0301698,0.3652,104.36,1218,False,,20260922_022714,10000,699,0.05
Talky_G,1,syn_n10000_i2000_l8_s16_c025,minsup,0.0301698,0.3578,105.66,1218,False,,20260922_022714,10000,699,0.05
Zart,1,syn_n10000_i2000_l8_s16_c025,minsup,0.0301698,1.5917,381.81,1218,False,,20260922_022716,10000,699,0.05
Apriori_Gen_Borgelt,1,syn_n10000_i2000_l8_s16_c025,minsup,0.008691299999999999,0.0604,4.63,5565,False,,20260922_022716,10000,699,0.12
DefMe,1,syn_n10000_i2000_l8_s16_c025,minsup,0.008691299999999999,0.4258,120.66,5566,False,,20260922_022717,10000,699,0.12
Eclat_Gen_Borgelt,1,syn_n10000_i2000_l8_s16_c025,minsup,0.008691299999999999,0.0314,3.57,5565,False,,20260922_022717,10000,699,0.12
FPgrowth_Gen_Borgelt,1,syn_n10000_i2000_l8_s16_c025,minsup,0.008691299999999999,0.0193,3.75,5565,False,,20260922_022717,10000,699,0.12
Gr_growth,1,syn_n10000_i2000_l8_s16_c025,minsup,0.008691299999999999,0.0329,9.33,5566,False,,20260922_022717,10000,699,0.12
Pascal,1,syn_n10000_i2000_l8_s16_c025,minsup,0.008691299999999999,2.9813,98.93,5565,False,,20260922_022720,10000,699,0.12
TalkyG_Diffset,1,syn_n10000_i2000_l8_s16_c025,minsup,0.008691299999999999,0.4165,121.4,5566,False,,20260922_022721,10000,699,0.12
Talky_G,1,syn_n10000_i2000_l8_s16_c025,minsup,0.008691299999999999,0.3987,104.1,5566,False,,20260922_022722,10000,699,0.12
Zart,1,syn_n10000_i2000_l8_s16_c025,minsup,0.008691299999999999,6.3106,482.66,5566,False,,20260922_022728,10000,699,0.12
Apriori_Gen_Borgelt,1,syn_n10000_i2000_l8_s16_c025,minsup,0.0024975,0.0591,4.82,20228,False,,20260922_022728,10000,699,0.25
DefMe,1,syn_n10000_i2000_l8_s16_c025,minsup,0.0024975,0.5055,335.31,20229,False,,20260922_022729,10000,699,0.25
Eclat_Gen_Borgelt,1,syn_n10000_i2000_l8_s16_c025,minsup,0.0024975,0.0643,11.26,20228,False,,20260922_022729,10000,699,0.25
FPgrowth_Gen_Borgelt,1,syn_n10000_i2000_l8_s16_c025,minsup,0.0024975,0.0673,10.04,20228,False,,20260922_022729,10000,699,0.25
Gr_growth,1,syn_n10000_i2000_l8_s16_c025,minsup,0.0024975,0.0661,15.32,20229,False,,20260922_022730,10000,699,0.25
Zart,1,syn_n10000_i2000_l8_s08_c06,minsup,0.0037962,39.045,636.3,909,False,,20260922_022731,10000,1981,0.25
TalkyG_Diffset,1,syn_n10000_i2000_l8_s16_c025,minsup,0.0024975,0.6141,142.47,20229,False,,20260922_022731,10000,699,0.25
Talky_G,1,syn_n10000_i2000_l8_s16_c025,minsup,0.0024975,0.5306,144.19,20229,False,,20260922_022732,10000,699,0.25
Pascal,1,syn_n10000_i2000_l8_s16_c025,minsup,0.0024975,9.355,100.58,20228,False,,20260922_022739,10000,699,0.25
Apriori_Gen_Borgelt,1,syn_n10000_i2000_l8_s16_c06,minsup,0.1157841,0.021,3.08,136,False,,20260922_022739,10000,732,0.02
DefMe,1,syn_n10000_i2000_l8_s16_c06,minsup,0.1157841,0.35,94.97,137,False,,20260922_022740,10000,732,0.02
Eclat_Gen_Borgelt,1,syn_n10000_i2000_l8_s16_c06,minsup,0.1157841,0.016,0.34,136,False,,20260922_022740,10000,732,0.02
FPgrowth_Gen_Borgelt,1,syn_n10000_i2000_l8_s16_c06,minsup,0.1157841,0.016,0.37,136,False,,20260922_022740,10000,732,0.02
Gr_growth,1,syn_n10000_i2000_l8_s16_c06,minsup,0.1157841,0.0175,9.16,137,False,,20260922_022740,10000,732,0.02
Pascal,1,syn_n10000_i2000_l8_s16_c06,minsup,0.1157841,0.4505,87.96,136,False,,20260922_022741,10000,732,0.02
TalkyG_Diffset,1,syn_n10000_i2000_l8_s16_c06,minsup,0.1157841,0.4033,101.54,137,False,,20260922_022742,10000,732,0.02
Talky_G,1,syn_n10000_i2000_l8_s16_c06,minsup,0.1157841,0.3814,102.69,137,False,,20260922_022742,10000,732,0.02
Zart,1,syn_n10000_i2000_l8_s16_c06,minsup,0.1157841,0.5264,139.03,137,False,,20260922_022743,10000,732,0.02
Apriori_Gen_Borgelt,1,syn_n10000_i2000_l8_s16_c06,minsup,0.0312687,0.0287,3.55,960,False,,20260922_022743,10000,732,0.05
DefMe,1,syn_n10000_i2000_l8_s16_c06,minsup,0.0312687,0.3334,100.77,961,False,,20260922_022744,10000,732,0.05
Eclat_Gen_Borgelt,1,syn_n10000_i2000_l8_s16_c06,minsup,0.0312687,0.015,0.32,960,False,,20260922_022744,10000,732,0.05
FPgrowth_Gen_Borgelt,1,syn_n10000_i2000_l8_s16_c06,minsup,0.0312687,0.0315,0.34,960,False,,20260922_022744,10000,732,0.05
Gr_growth,1,syn_n10000_i2000_l8_s16_c06,minsup,0.0312687,0.0242,0.35,961,False,,20260922_022744,10000,732,0.05
Pascal,1,syn_n10000_i2000_l8_s16_c06,minsup,0.0312687,0.8464,89.7,960,False,,20260922_022745,10000,732,0.05
TalkyG_Diffset,1,syn_n10000_i2000_l8_s16_c06,minsup,0.0312687,0.3852,103.23,961,False,,20260922_022746,10000,732,0.05
Talky_G,1,syn_n10000_i2000_l8_s16_c06,minsup,0.0312687,0.4537,100.27,961,False,,20260922_022746,10000,732,0.05
Zart,1,syn_n10000_i2000_l8_s16_c06,minsup,0.0312687,1.3573,372.32,961,False,,20260922_022748,10000,732,0.05
Apriori_Gen_Borgelt,1,syn_n10000_i2000_l8_s16_c06,minsup,0.0071928,0.0614,4.55,6220,False,,20260922_022748,10000,732,0.12
DefMe,1,syn_n10000_i2000_l8_s16_c06,minsup,0.0071928,0.3653,115.86,6221,False,,20260922_022749,10000,732,0.12
Eclat_Gen_Borgelt,1,syn_n10000_i2000_l8_s16_c06,minsup,0.0071928,0.0418,3.57,6220,False,,20260922_022749,10000,732,0.12
FPgrowth_Gen_Borgelt,1,syn_n10000_i2000_l8_s16_c06,minsup,0.0071928,0.0211,3.8,6220,False,,20260922_022749,10000,732,0.12
Gr_growth,1,syn_n10000_i2000_l8_s16_c06,minsup,0.0071928,0.0322,14.69,6221,False,,20260922_022749,10000,732,0.12
Pascal,1,syn_n10000_i2000_l8_s16_c06,minsup,0.0071928,2.961,97.49,6220,False,,20260922_022752,10000,732,0.12
TalkyG_Diffset,1,syn_n10000_i2000_l8_s16_c06,minsup,0.0071928,0.3889,125.51,6221,False,,20260922_022753,10000,732,0.12
Talky_G,1,syn_n10000_i2000_l8_s16_c06,minsup,0.0071928,0.4618,104.07,6221,False,,20260922_022753,10000,732,0.12
Pascal,1,syn_n10000_i300_l40_s16_c06,minsup,0.1272726,300.1553,343.39,431595,True,,20260922_022758,10000,298,0.25
Apriori_Gen_Borgelt,1,syn_n10000_i2000_l8_s16_c06,minsup,0.0021978,0.0697,5.18,20960,False,,20260922_022758,10000,732,0.25
DefMe,1,syn_n10000_i2000_l8_s16_c06,minsup,0.0021978,0.5069,316.97,20961,False,,20260922_022758,10000,732,0.25
Eclat_Gen_Borgelt,1,syn_n10000_i2000_l8_s16_c06,minsup,0.0021978,0.052,3.58,20960,False,,20260922_022759,10000,732,0.25
FPgrowth_Gen_Borgelt,1,syn_n10000_i2000_l8_s16_c06,minsup,0.0021978,0.0417,13.05,20960,False,,20260922_022759,10000,732,0.25
Gr_growth,1,syn_n10000_i2000_l8_s16_c06,minsup,0.0021978,0.0492,15.11,20961,False,,20260922_022759,10000,732,0.25
Zart,1,syn_n10000_i2000_l8_s16_c06,minsup,0.0071928,6.8532,490.36,6221,False,,20260922_022800,10000,732,0.12
TalkyG_Diffset,1,syn_n10000_i2000_l8_s16_c06,minsup,0.0021978,0.5666,180.12,20961,False,,20260922_022801,10000,732,0.25
Talky_G,1,syn_n10000_i2000_l8_s16_c06,minsup,0.0021978,0.5678,143.06,20961,False,,20260922_022802,10000,732,0.25
TalkyG_Diffset,1,syn_n10000_i300_l40_s16_c06,minsup,0.1272726,300.1786,683.86,3317876,True,,20260922_022809,10000,298,0.25
Apriori_Gen_Borgelt,1,syn_n10000_i2000_l20_s00_c025,minsup,0.016083899999999998,0.0386,3.16,40,False,,20260922_022809,10000,2000,0.02
Pascal,1,syn_n10000_i2000_l8_s16_c06,minsup,0.0021978,9.9685,104.02,20960,False,,20260922_022809,10000,732,0.25
Eclat_Gen_Borgelt,1,syn_n10000_i2000_l20_s00_c025,minsup,0.016083899999999998,0.0157,0.2,40,False,,20260922_022809,10000,2000,0.02
FPgrowth_Gen_Borgelt,1,syn_n10000_i2000_l20_s00_c025,minsup,0.016083899999999998,0.015,0.34,40,False,,20260922_022810,10000,2000,0.02
DefMe,1,syn_n10000_i2000_l20_s00_c025,minsup,0.016083899999999998,0.5113,99.43,41,False,,20260922_022810,10000,2000,0.02
Gr_growth,1,syn_n10000_i2000_l20_s00_c025,minsup,0.016083899999999998,0.0241,0.27,41,False,,20260922_022810,10000,2000,0.02
TalkyG_Diffset,1,syn_n10000_i2000_l20_s00_c025,minsup,0.016083899999999998,0.4075,104.54,41,False,,20260922_022810,10000,2000,0.02
Pascal,1,syn_n10000_i2000_l20_s00_c025,minsup,0.016083899999999998,0.8061,98.32,40,False,,20260922_022811,10000,2000,0.02
Talky_G,1,syn_n10000_i2000_l20_s00_c025,minsup,0.016083899999999998,0.447,125.23,41,False,,20260922_022811,10000,2000,0.02
Apriori_Gen_Borgelt,1,syn_n10000_i2000_l20_s00_c025,minsup,0.0151848,0.0158,0.4,104,False,,20260922_022811,10000,2000,0.05
DefMe,1,syn_n10000_i2000_l20_s00_c025,minsup,0.0151848,0.3394,110.91,105,False,,20260922_022812,10000,2000,0.05
Eclat_Gen_Borgelt,1,syn_n10000_i2000_l20_s00_c025,minsup,0.0151848,0.0208,3.54,104,False,,20260922_022812,10000,2000,0.05
FPgrowth_Gen_Borgelt,1,syn_n10000_i2000_l20_s00_c025,minsup,0.0151848,0.0447,3.39,104,False,,20260922_022812,10000,2000,0.05
Zart,1,syn_n10000_i2000_l20_s00_c025,minsup,0.016083899999999998,1.3558,265.3,41,False,,20260922_022812,10000,2000,0.02
Gr_growth,1,syn_n10000_i2000_l20_s00_c025,minsup,0.0151848,0.0199,6.29,105,False,,20260922_022812,10000,2000,0.05
TalkyG_Diffset,1,syn_n10000_i2000_l20_s00_c025,minsup,0.0151848,0.4837,106.21,105,False,,20260922_022813,10000,2000,0.05
Talky_G,1,syn_n10000_i2000_l20_s00_c025,minsup,0.0151848,0.429,127.16,105,False,,20260922_022814,10000,2000,0.05
Pascal,1,syn_n10000_i2000_l20_s00_c025,minsup,0.0151848,2.0699,100.88,104,False,,20260922_022814,10000,2000,0.05
Apriori_Gen_Borgelt,1,syn_n10000_i2000_l20_s00_c025,minsup,0.0140859,0.0244,3.43,245,False,,20260922_022815,10000,2000,0.12
DefMe,1,syn_n10000_i2000_l20_s00_c025,minsup,0.0140859,0.3907,115.56,246,False,,20260922_022815,10000,2000,0.12
Eclat_Gen_Borgelt,1,syn_n10000_i2000_l20_s00_c025,minsup,0.0140859,0.0242,3.48,245,False,,20260922_022815,10000,2000,0.12
Zart,1,syn_n10000_i2000_l20_s00_c025,minsup,0.0151848,1.7858,369.79,105,False,,20260922_022815,10000,2000,0.05
FPgrowth_Gen_Borgelt,1,syn_n10000_i2000_l20_s00_c025,minsup,0.0140859,0.0262,0.02,245,False,,20260922_022816,10000,2000,0.12
Gr_growth,1,syn_n10000_i2000_l20_s00_c025,minsup,0.0140859,0.0315,4.69,246,False,,20260922_022816,10000,2000,0.12
TalkyG_Diffset,1,syn_n10000_i2000_l20_s00_c025,minsup,0.0140859,0.4149,106.95,246,False,,20260922_022816,10000,2000,0.12
Talky_G,1,syn_n10000_i2000_l20_s00_c025,minsup,0.0140859,0.4648,122.45,246,False,,20260922_022817,10000,2000,0.12
Talky_G,1,syn_n10000_i300_l40_s16_c06,minsup,0.1272726,300.1046,649.95,3333393,True,,20260922_022822,10000,298,0.25
Apriori_Gen_Borgelt,1,syn_n10000_i2000_l20_s00_c025,minsup,0.0126873,0.0418,3.51,518,False,,20260922_022822,10000,2000,0.25
Zart,1,syn_n10000_i2000_l20_s00_c025,minsup,0.0140859,5.3467,487.02,246,False,,20260922_022822,10000,2000,0.12
Eclat_Gen_Borgelt,1,syn_n10000_i2000_l20_s00_c025,minsup,0.0126873,0.0376,3.4,518,False,,20260922_022823,10000,2000,0.25
FPgrowth_Gen_Borgelt,1,syn_n10000_i2000_l20_s00_c025,minsup,0.0126873,0.0471,4.21,518,False,,20260922_022823,10000,2000,0.25
Gr_growth,1,syn_n10000_i2000_l20_s00_c025,minsup,0.0126873,0.0376,15.38,519,False,,20260922_022823,10000,2000,0.25
DefMe,1,syn_n10000_i2000_l20_s00_c025,minsup,0.0126873,0.677,189.04,519,False,,20260922_022823,10000,2000,0.25
TalkyG_Diffset,1,syn_n10000_i2000_l20_s00_c025,minsup,0.0126873,0.412,106.71,519,False,,20260922_022824,10000,2000,0.25
Talky_G,1,syn_n10000_i2000_l20_s00_c025,minsup,0.0126873,0.4787,125.92,519,False,,20260922_022824,10000,2000,0.25
Pascal,1,syn_n10000_i2000_l20_s00_c025,minsup,0.0140859,8.9025,97.16,245,False,,20260922_022825,10000,2000,0.12
Apriori_Gen_Borgelt,1,syn_n10000_i2000_l20_s00_c06,minsup,0.014985,0.0358,3.45,42,False,,20260922_022825,10000,2000,0.02
DefMe,1,syn_n10000_i2000_l20_s00_c06,minsup,0.014985,0.3354,102.2,43,False,,20260922_022825,10000,2000,0.02
Eclat_Gen_Borgelt,1,syn_n10000_i2000_l20_s00_c06,minsup,0.014985,0.0338,0.02,42,False,,20260922_022826,10000,2000,0.02
FPgrowth_Gen_Borgelt,1,syn_n10000_i2000_l20_s00_c06,minsup,0.014985,0.0296,3.53,42,False,,20260922_022826,10000,2000,0.02
Gr_growth,1,syn_n10000_i2000_l20_s00_c06,minsup,0.014985,0.0175,6.84,43,False,,20260922_022826,10000,2000,0.02
Pascal,1,syn_n10000_i2000_l20_s00_c06,minsup,0.014985,0.5993,101.51,42,False,,20260922_022827,10000,2000,0.02
TalkyG_Diffset,1,syn_n10000_i2000_l20_s00_c06,minsup,0.014985,0.3657,102.67,43,False,,20260922_022827,10000,2000,0.02
Talky_G,1,syn_n10000_i2000_l20_s00_c06,minsup,0.014985,0.4296,118.51,43,False,,20260922_022828,10000,2000,0.02
Zart,1,syn_n10000_i2000_l20_s00_c06,minsup,0.014985,1.1426,266.98,43,False,,20260922_022829,10000,2000,0.02
Apriori_Gen_Borgelt,1,syn_n10000_i2000_l20_s00_c06,minsup,0.0140859,0.0206,3.39,105,False,,20260922_022829,10000,2000,0.05
DefMe,1,syn_n10000_i2000_l20_s00_c06,minsup,0.0140859,0.3636,104.66,106,False,,20260922_022830,10000,2000,0.05
Eclat_Gen_Borgelt,1,syn_n10000_i2000_l20_s00_c06,minsup,0.0140859,0.0359,0.2,105,False,,20260922_022830,10000,2000,0.05
FPgrowth_Gen_Borgelt,1,syn_n10000_i2000_l20_s00_c06,minsup,0.0140859,0.0215,0.47,105,False,,20260922_022830,10000,2000,0.05
Gr_growth,1,syn_n10000_i2000_l20_s00_c06,minsup,0.0140859,0.0236,3.86,106,False,,20260922_022830,10000,2000,0.05
Pascal,1,syn_n10000_i2000_l20_s00_c06,minsup,0.0140859,1.8024,101.5,105,False,,20260922_022832,10000,2000,0.05
Zart,1,syn_n10000_i300_l40_s16_c06,minsup,0.1272726,300.1466,678.37,0,True,,20260922_022832,10000,298,0.25
TalkyG_Diffset,1,syn_n10000_i2000_l20_s00_c06,minsup,0.0140859,0.4328,105.48,106,False,,20260922_022833,10000,2000,0.05
Talky_G,1,syn_n10000_i2000_l20_s00_c06,minsup,0.0140859,0.4899,117.83,106,False,,20260922_022833,10000,2000,0.05
Apriori_Gen_Borgelt,1,syn_n10000_i2000_l20_s00_c06,minsup,0.0130869,0.0333,3.0,250,False,,20260922_022833,10000,2000,0.12
DefMe,1,syn_n10000_i2000_l20_s00_c06,minsup,0.0130869,0.3116,115.52,251,False,,20260922_022834,10000,2000,0.12
Eclat_Gen_Borgelt,1,syn_n10000_i2000_l20_s00_c06,minsup,0.0130869,0.0163,3.6,250,False,,20260922_022834,10000,2000,0.12
FPgrowth_Gen_Borgelt,1,syn_n10000_i2000_l20_s00_c06,minsup,0.0130869,0.0305,3.26,250,False,,20260922_022834,10000,2000,0.12
Gr_growth,1,syn_n10000_i2000_l20_s00_c06,minsup,0.0130869,0.0521,7.73,251,False,,20260922_022834,10000,2000,0.12
Zart,1,syn_n10000_i2000_l20_s00_c06,minsup,0.0140859,1.8254,372.77,106,False,,20260922_022835,10000,2000,0.05
TalkyG_Diffset,1,syn_n10000_i2000_l20_s00_c06,minsup,0.0130869,0.3761,108.97,251,False,,20260922_022835,10000,2000,0.12
Zart,1,syn_n10000_i2000_l8_s16_c025,minsup,0.0024975,63.4113,959.14,20229,False,,20260922_022836,10000,699,0.25
Talky_G,1,syn_n10000_i2000_l20_s00_c06,minsup,0.0130869,0.52,127.34,251,False,,20260922_022836,10000,2000,0.12
Apriori_Gen_Borgelt,1,syn_n10000_i2000_l20_s00_c06,minsup,0.0120879,0.0204,3.46,516,False,,20260922_022836,10000,2000,0.25
DefMe,1,syn_n10000_i2000_l20_s00_c06,minsup,0.0120879,0.4203,194.45,517,False,,20260922_022837,10000,2000,0.25
Eclat_Gen_Borgelt,1,syn_n10000_i2000_l20_s00_c06,minsup,0.0120879,0.0255,3.98,516,False,,20260922_022837,10000,2000,0.25
FPgrowth_Gen_Borgelt,1,syn_n10000_i2000_l20_s00_c06,minsup,0.0120879,0.0273,3.68,516,False,,20260922_022837,10000,2000,0.25
Gr_growth,1,syn_n10000_i2000_l20_s00_c06,minsup,0.0120879,0.0402,0.02,517,False,,20260922_022837,10000,2000,0.25
Zart,1,syn_n10000_i2000_l20_s00_c06,minsup,0.0130869,5.4682,606.01,251,False,,20260922_022841,10000,2000,0.12
TalkyG_Diffset,1,syn_n10000_i2000_l20_s00_c06,minsup,0.0120879,0.4101,108.39,517,False,,20260922_022842,10000,2000,0.25
Talky_G,1,syn_n10000_i2000_l20_s00_c06,minsup,0.0120879,0.4442,124.03,517,False,,20260922_022842,10000,2000,0.25
Pascal,1,syn_n10000_i2000_l20_s00_c06,minsup,0.0130869,9.4181,97.86,250,False,,20260922_022844,10000,2000,0.12
Apriori_Gen_Borgelt,1,syn_n10000_i2000_l20_s08_c025,minsup,0.0634365,0.0451,3.14,116,False,,20260922_022844,10000,2000,0.02
DefMe,1,syn_n10000_i2000_l20_s08_c025,minsup,0.0634365,0.3994,97.66,117,False,,20260922_022844,10000,2000,0.02
Eclat_Gen_Borgelt,1,syn_n10000_i2000_l20_s08_c025,minsup,0.0634365,0.0276,3.43,116,False,,20260922_022845,10000,2000,0.02
FPgrowth_Gen_Borgelt,1,syn_n10000_i2000_l20_s08_c025,minsup,0.0634365,0.0259,3.49,116,False,,20260922_022845,10000,2000,0.02
Gr_growth,1,syn_n10000_i2000_l20_s08_c025,minsup,0.0634365,0.0572,14.22,120,False,,20260922_022845,10000,2000,0.02
Pascal,1,syn_n10000_i2000_l20_s08_c025,minsup,0.0634365,0.6818,100.45,116,False,,20260922_022846,10000,2000,0.02
TalkyG_Diffset,1,syn_n10000_i2000_l20_s08_c025,minsup,0.0634365,0.3958,106.41,117,False,,20260922_022846,10000,2000,0.02
Talky_G,1,syn_n10000_i2000_l20_s08_c025,minsup,0.0634365,0.3925,125.04,117,False,,20260922_022847,10000,2000,0.02
Zart,1,syn_n10000_i2000_l20_s08_c025,minsup,0.0634365,0.6097,231.85,117,False,,20260922_022848,10000,2000,0.02
Apriori_Gen_Borgelt,1,syn_n10000_i2000_l20_s08_c025,minsup,0.0332667,0.0387,3.32,393,False,,20260922_022848,10000,2000,0.05
DefMe,1,syn_n10000_i2000_l20_s08_c025,minsup,0.0332667,0.3775,112.37,394,False,,20260922_022848,10000,2000,0.05
Eclat_Gen_Borgelt,1,syn_n10000_i2000_l20_s08_c025,minsup,0.0332667,0.0389,3.49,393,False,,20260922_022848,10000,2000,0.05
FPgrowth_Gen_Borgelt,1,syn_n10000_i2000_l20_s08_c025,minsup,0.0332667,0.0256,3.58,393,False,,20260922_022849,10000,2000,0.05
Gr_growth,1,syn_n10000_i2000_l20_s08_c025,minsup,0.0332667,0.0447,4.41,394,False,,20260922_022849,10000,2000,0.05
Pascal,1,syn_n10000_i2000_l20_s08_c025,minsup,0.0332667,2.2056,97.5,393,False,,20260922_022851,10000,2000,0.05
TalkyG_Diffset,1,syn_n10000_i2000_l20_s08_c025,minsup,0.0332667,0.3847,107.16,394,False,,20260922_022852,10000,2000,0.05
Talky_G,1,syn_n10000_i2000_l20_s08_c025,minsup,0.0332667,0.3949,124.73,394,False,,20260922_022852,10000,2000,0.05
Zart,1,syn_n10000_i2000_l20_s08_c025,minsup,0.0332667,1.7735,377.99,394,False,,20260922_022854,10000,2000,0.05
Apriori_Gen_Borgelt,1,syn_n10000_i2000_l20_s08_c025,minsup,0.016183799999999998,0.0449,3.42,1390,False,,20260922_022854,10000,2000,0.12
DefMe,1,syn_n10000_i2000_l20_s08_c025,minsup,0.016183799999999998,0.4247,130.93,1391,False,,20260922_022855,10000,2000,0.12
Eclat_Gen_Borgelt,1,syn_n10000_i2000_l20_s08_c025,minsup,0.016183799999999998,0.0412,3.75,1390,False,,20260922_022855,10000,2000,0.12
FPgrowth_Gen_Borgelt,1,syn_n10000_i2000_l20_s08_c025,minsup,0.016183799999999998,0.0556,6.98,1390,False,,20260922_022855,10000,2000,0.12
Gr_growth,1,syn_n10000_i2000_l20_s08_c025,minsup,0.016183799999999998,0.061,16.46,1391,False,,20260922_022856,10000,2000,0.12
Zart,1,syn_n10000_i2000_l20_s00_c025,minsup,0.0126873,31.8115,1051.19,519,False,,20260922_022856,10000,2000,0.25
TalkyG_Diffset,1,syn_n10000_i2000_l20_s08_c025,minsup,0.016183799999999998,0.4171,123.86,1391,False,,20260922_022857,10000,2000,0.12
Talky_G,1,syn_n10000_i2000_l20_s08_c025,minsup,0.016183799999999998,0.4532,123.55,1391,False,,20260922_022857,10000,2000,0.12
Pascal,1,syn_n10000_i2000_l20_s00_c025,minsup,0.0126873,38.4835,96.22,518,False,,20260922_022902,10000,2000,0.25
Apriori_Gen_Borgelt,1,syn_n10000_i2000_l20_s08_c025,minsup,0.009290699999999999,0.053,5.93,3734,False,,20260922_022902,10000,2000,0.25
DefMe,1,syn_n10000_i2000_l20_s08_c025,minsup,0.009290699999999999,0.5062,200.1,3735,False,,20260922_022903,10000,2000,0.25
Eclat_Gen_Borgelt,1,syn_n10000_i2000_l20_s08_c025,minsup,0.009290699999999999,0.0383,3.54,3734,False,,20260922_022903,10000,2000,0.25
FPgrowth_Gen_Borgelt,1,syn_n10000_i2000_l20_s08_c025,minsup,0.009290699999999999,0.074,10.79,3734,False,,20260922_022903,10000,2000,0.25
Gr_growth,1,syn_n10000_i2000_l20_s08_c025,minsup,0.009290699999999999,0.0666,18.49,3735,False,,20260922_022903,10000,2000,0.25
Pascal,1,syn_n10000_i2000_l20_s08_c025,minsup,0.016183799999999998,9.751,111.67,1390,False,,20260922_022905,10000,2000,0.12
TalkyG_Diffset,1,syn_n10000_i2000_l20_s08_c025,minsup,0.009290699999999999,0.4152,125.48,3735,False,,20260922_022906,10000,2000,0.25
Talky_G,1,syn_n10000_i2000_l20_s08_c025,minsup,0.009290699999999999,0.4594,122.67,3735,False,,20260922_022907,10000,2000,0.25
Zart,1,syn_n10000_i2000_l20_s08_c025,minsup,0.016183799999999998,10.9545,507.35,1391,False,,20260922_022909,10000,2000,0.12
Apriori_Gen_Borgelt,1,syn_n10000_i2000_l20_s08_c06,minsup,0.06383609999999999,0.0373,3.17,99,False,,20260922_022909,10000,2000,0.02
DefMe,1,syn_n10000_i2000_l20_s08_c06,minsup,0.06383609999999999,0.3506,99.22,100,False,,20260922_022909,10000,2000,0.02
Eclat_Gen_Borgelt,1,syn_n10000_i2000_l20_s08_c06,minsup,0.06383609999999999,0.0191,3.5,99,False,,20260922_022909,10000,2000,0.02
Zart,1,syn_n10000_i2000_l8_s16_c06,minsup,0.0021978,67.4121,789.0,20961,False,,20260922_022909,10000,732,0.25
FPgrowth_Gen_Borgelt,1,syn_n10000_i2000_l20_s08_c06,minsup,0.06383609999999999,0.0178,3.71,99,False,,20260922_022910,10000,2000,0.02
Gr_growth,1,syn_n10000_i2000_l20_s08_c06,minsup,0.06383609999999999,0.0426,4.15,101,False,,20260922_022910,10000,2000,0.02
TalkyG_Diffset,1,syn_n10000_i2000_l20_s08_c06,minsup,0.06383609999999999,0.411,106.74,100,False,,20260922_022910,10000,2000,0.02
Pascal,1,syn_n10000_i2000_l20_s08_c06,minsup,0.06383609999999999,0.9084,103.4,99,False,,20260922_022911,10000,2000,0.02
Talky_G,1,syn_n10000_i2000_l20_s08_c06,minsup,0.06383609999999999,0.4953,123.26,100,False,,20260922_022911,10000,2000,0.02
Apriori_Gen_Borgelt,1,syn_n10000_i2000_l20_s08_c06,minsup,0.032167799999999996,0.0347,3.25,335,False,,20260922_022911,10000,2000,0.05
DefMe,1,syn_n10000_i2000_l20_s08_c06,minsup,0.032167799999999996,0.3364,106.2,336,False,,20260922_022912,10000,2000,0.05
Eclat_Gen_Borgelt,1,syn_n10000_i2000_l20_s08_c06,minsup,0.032167799999999996,0.0261,3.51,335,False,,20260922_022912,10000,2000,0.05
Zart,1,syn_n10000_i2000_l20_s08_c06,minsup,0.06383609999999999,0.9541,214.05,100,False,,20260922_022912,10000,2000,0.02
FPgrowth_Gen_Borgelt,1,syn_n10000_i2000_l20_s08_c06,minsup,0.032167799999999996,0.0319,3.73,335,False,,20260922_022912,10000,2000,0.05
Gr_growth,1,syn_n10000_i2000_l20_s08_c06,minsup,0.032167799999999996,0.0545,15.73,336,False,,20260922_022912,10000,2000,0.05
TalkyG_Diffset,1,syn_n10000_i2000_l20_s08_c06,minsup,0.032167799999999996,0.5278,105.63,336,False,,20260922_022913,10000,2000,0.05
Talky_G,1,syn_n10000_i2000_l20_s08_c06,minsup,0.032167799999999996,0.4293,122.36,336,False,,20260922_022913,10000,2000,0.05
Pascal,1,syn_n10000_i2000_l20_s08_c06,minsup,0.032167799999999996,2.0501,104.36,335,False,,20260922_022914,10000,2000,0.05
Apriori_Gen_Borgelt,1,syn_n10000_i2000_l20_s08_c06,minsup,0.0158841,0.0331,3.79,1152,False,,20260922_022914,10000,2000,0.12
DefMe,1,syn_n10000_i2000_l20_s08_c06,minsup,0.0158841,0.6419,121.13,1153,False,,20260922_022915,10000,2000,0.12
Eclat_Gen_Borgelt,1,syn_n10000_i2000_l20_s08_c06,minsup,0.0158841,0.0304,3.96,1152,False,,20260922_022915,10000,2000,0.12
FPgrowth_Gen_Borgelt,1,syn_n10000_i2000_l20_s08_c06,minsup,0.0158841,0.0763,5.46,1152,False,,20260922_022916,10000,2000,0.12
Gr_growth,1,syn_n10000_i2000_l20_s08_c06,minsup,0.0158841,0.0396,7.55,1153,False,,20260922_022916,10000,2000,0.12
Zart,1,syn_n10000_i2000_l20_s08_c06,minsup,0.032167799999999996,2.8652,482.49,336,False,,20260922_022916,10000,2000,0.05
Pascal,1,syn_n10000_i2000_l20_s00_c06,minsup,0.0120879,39.1443,100.62,516,False,,20260922_022917,10000,2000,0.25
Talky_G,1,syn_n10000_i2000_l20_s08_c06,minsup,0.0158841,0.7186,120.55,1153,False,,20260922_022917,10000,2000,0.12
TalkyG_Diffset,1,syn_n10000_i2000_l20_s08_c06,minsup,0.0158841,0.9393,118.99,1153,False,,20260922_022918,10000,2000,0.12
Apriori_Gen_Borgelt,1,syn_n10000_i2000_l20_s08_c06,minsup,0.008990999999999999,0.0462,4.12,3108,False,,20260922_022918,10000,2000,0.25
DefMe,1,syn_n10000_i2000_l20_s08_c06,minsup,0.008990999999999999,0.6379,196.8,3109,False,,20260922_022919,10000,2000,0.25
Eclat_Gen_Borgelt,1,syn_n10000_i2000_l20_s08_c06,minsup,0.008990999999999999,0.0433,3.65,3108,False,,20260922_022919,10000,2000,0.25
FPgrowth_Gen_Borgelt,1,syn_n10000_i2000_l20_s08_c06,minsup,0.008990999999999999,0.0456,11.45,3108,False,,20260922_022919,10000,2000,0.25
Gr_growth,1,syn_n10000_i2000_l20_s08_c06,minsup,0.008990999999999999,0.0603,17.54,3109,False,,20260922_022919,10000,2000,0.25
Zart,1,syn_n10000_i2000_l20_s00_c06,minsup,0.0120879,37.4278,703.12,517,False,,20260922_022920,10000,2000,0.25
TalkyG_Diffset,1,syn_n10000_i2000_l20_s08_c06,minsup,0.008990999999999999,0.4696,120.88,3109,False,,20260922_022921,10000,2000,0.25
Talky_G,1,syn_n10000_i2000_l20_s08_c06,minsup,0.008990999999999999,0.4996,122.19,3109,False,,20260922_022921,10000,2000,0.25
Pascal,1,syn_n10000_i2000_l20_s08_c06,minsup,0.0158841,10.8973,106.88,1152,False,,20260922_022927,10000,2000,0.12
Apriori_Gen_Borgelt,1,syn_n10000_i2000_l20_s16_c025,minsup,0.1825173,0.1835,5.26,5259,False,,20260922_022927,10000,1275,0.02
DefMe,1,syn_n10000_i2000_l20_s16_c025,minsup,0.1825173,0.4141,127.43,5260,False,,20260922_022928,10000,1275,0.02
Eclat_Gen_Borgelt,1,syn_n10000_i2000_l20_s16_c025,minsup,0.1825173,0.0477,6.39,5259,False,,20260922_022928,10000,1275,0.02
FPgrowth_Gen_Borgelt,1,syn_n10000_i2000_l20_s16_c025,minsup,0.1825173,0.0473,3.59,5259,False,,20260922_022928,10000,1275,0.02
Gr_growth,1,syn_n10000_i2000_l20_s16_c025,minsup,0.1825173,0.0351,14.85,5268,False,,20260922_022929,10000,1275,0.02
Zart,1,syn_n10000_i2000_l20_s08_c06,minsup,0.0158841,12.6052,619.45,1153,False,,20260922_022930,10000,2000,0.12
TalkyG_Diffset,1,syn_n10000_i2000_l20_s16_c025,minsup,0.1825173,0.4378,118.86,5260,False,,20260922_022931,10000,1275,0.02
Talky_G,1,syn_n10000_i2000_l20_s16_c025,minsup,0.1825173,0.4405,119.55,5260,False,,20260922_022931,10000,1275,0.02
Pascal,1,syn_n10000_i2000_l20_s16_c025,minsup,0.1825173,4.1289,107.33,5259,False,,20260922_022933,10000,1275,0.02
Apriori_Gen_Borgelt,1,syn_n10000_i2000_l20_s16_c025,minsup,0.0495504,0.5644,7.25,60870,False,,20260922_022934,10000,1275,0.05
DefMe,1,syn_n10000_i2000_l20_s16_c025,minsup,0.0495504,0.7184,402.8,60871,False,,20260922_022934,10000,1275,0.05
Eclat_Gen_Borgelt,1,syn_n10000_i2000_l20_s16_c025,minsup,0.0495504,0.1158,18.83,60870,False,,20260922_022935,10000,1275,0.05
FPgrowth_Gen_Borgelt,1,syn_n10000_i2000_l20_s16_c025,minsup,0.0495504,0.0982,19.37,60870,False,,20260922_022935,10000,1275,0.05
Gr_growth,1,syn_n10000_i2000_l20_s16_c025,minsup,0.0495504,0.0773,18.45,60871,False,,20260922_022935,10000,1275,0.05
Zart,1,syn_n10000_i2000_l20_s16_c025,minsup,0.1825173,6.9891,381.11,5260,False,,20260922_022939,10000,1275,0.02
TalkyG_Diffset,1,syn_n10000_i2000_l20_s16_c025,minsup,0.0495504,0.7372,237.99,60871,False,,20260922_022939,10000,1275,0.05
Talky_G,1,syn_n10000_i2000_l20_s16_c025,minsup,0.0495504,0.646,185.5,60871,False,,20260922_022940,10000,1275,0.05
Pascal,1,syn_n10000_i2000_l20_s08_c025,minsup,0.009290699999999999,44.1641,118.96,3734,False,,20260922_022948,10000,2000,0.25
Apriori_Gen_Borgelt,1,syn_n10000_i2000_l20_s16_c025,minsup,0.0110889,3.0408,21.59,495203,False,,20260922_022951,10000,1275,0.12
DefMe,1,syn_n10000_i2000_l20_s16_c025,minsup,0.0110889,2.8237,800.68,495204,False,,20260922_022954,10000,1275,0.12
Eclat_Gen_Borgelt,1,syn_n10000_i2000_l20_s16_c025,minsup,0.0110889,0.5042,51.79,495203,False,,20260922_022955,10000,1275,0.12
FPgrowth_Gen_Borgelt,1,syn_n10000_i2000_l20_s16_c025,minsup,0.0110889,0.3219,59.28,495203,False,,20260922_022955,10000,1275,0.12
Gr_growth,1,syn_n10000_i2000_l20_s16_c025,minsup,0.0110889,0.4705,34.79,495204,False,,20260922_022956,10000,1275,0.12
Pascal,1,syn_n10000_i2000_l20_s08_c06,minsup,0.008990999999999999,39.8163,130.96,3108,False,,20260922_022959,10000,2000,0.25
Pascal,1,syn_n10000_i2000_l20_s16_c025,minsup,0.0495504,34.4849,127.23,60870,False,,20260922_023010,10000,1275,0.05
TalkyG_Diffset,1,syn_n10000_i2000_l20_s16_c025,minsup,0.0110889,15.4311,426.77,495220,False,,20260922_023015,10000,1275,0.12
Talky_G,1,syn_n10000_i2000_l20_s16_c025,minsup,0.0110889,15.7115,422.96,495220,False,,20260922_023026,10000,1275,0.12
Zart,1,syn_n10000_i2000_l20_s08_c025,minsup,0.009290699999999999,82.2393,758.63,3735,False,,20260922_023029,10000,2000,0.25
Apriori_Gen_Borgelt,1,syn_n10000_i2000_l20_s16_c025,minsup,0.0031968,8.0047,79.66,2187254,False,,20260922_023034,10000,1275,0.25
Eclat_Gen_Borgelt,1,syn_n10000_i2000_l20_s16_c025,minsup,0.0031968,2.0763,215.03,2187254,False,,20260922_023037,10000,1275,0.25
FPgrowth_Gen_Borgelt,1,syn_n10000_i2000_l20_s16_c025,minsup,0.0031968,1.5473,227.15,2187254,False,,20260922_023039,10000,1275,0.25
Gr_growth,1,syn_n10000_i2000_l20_s16_c025,minsup,0.0031968,2.0067,107.73,2187255,False,,20260922_023041,10000,1275,0.25
Zart,1,syn_n10000_i2000_l20_s08_c06,minsup,0.008990999999999999,80.1291,694.97,3109,False,,20260922_023041,10000,2000,0.25
DefMe,1,syn_n10000_i2000_l20_s16_c025,minsup,0.0031968,13.5526,1129.43,2187255,False,,20260922_023043,10000,1275,0.25
Zart,1,syn_n10000_i2000_l20_s16_c025,minsup,0.0495504,300.1593,803.3,0,True,,20260922_023441,10000,1275,0.05
Pascal,1,syn_n10000_i2000_l20_s16_c025,minsup,0.0110889,300.0892,296.72,173165,True,,20260922_023456,10000,1275,0.12
Apriori_Gen_Borgelt,1,syn_n10000_i2000_l20_s16_c06,minsup,0.217782,0.1252,5.2,3662,False,,20260922_023456,10000,1265,0.02
DefMe,1,syn_n10000_i2000_l20_s16_c06,minsup,0.217782,0.3711,132.48,3663,False,,20260922_023457,10000,1265,0.02
Eclat_Gen_Borgelt,1,syn_n10000_i2000_l20_s16_c06,minsup,0.217782,0.0441,6.59,3662,False,,20260922_023457,10000,1265,0.02
FPgrowth_Gen_Borgelt,1,syn_n10000_i2000_l20_s16_c06,minsup,0.217782,0.0451,3.88,3662,False,,20260922_023457,10000,1265,0.02
Gr_growth,1,syn_n10000_i2000_l20_s16_c06,minsup,0.217782,0.034,3.84,3663,False,,20260922_023457,10000,1265,0.02
Pascal,1,syn_n10000_i2000_l20_s16_c06,minsup,0.217782,2.5422,100.12,3662,False,,20260922_023500,10000,1265,0.02
TalkyG_Diffset,1,syn_n10000_i2000_l20_s16_c06,minsup,0.217782,0.5371,123.2,3663,False,,20260922_023501,10000,1265,0.02
Talky_G,1,syn_n10000_i2000_l20_s16_c06,minsup,0.217782,0.4374,124.74,3663,False,,20260922_023501,10000,1265,0.02
Zart,1,syn_n10000_i2000_l20_s16_c06,minsup,0.217782,4.0677,386.23,3663,False,,20260922_023506,10000,1265,0.02
Apriori_Gen_Borgelt,1,syn_n10000_i2000_l20_s16_c06,minsup,0.0513486,0.5708,7.74,77370,False,,20260922_023506,10000,1265,0.05
DefMe,1,syn_n10000_i2000_l20_s16_c06,minsup,0.0513486,0.6639,400.96,77371,False,,20260922_023507,10000,1265,0.05
Eclat_Gen_Borgelt,1,syn_n10000_i2000_l20_s16_c06,minsup,0.0513486,0.127,19.31,77370,False,,20260922_023508,10000,1265,0.05
FPgrowth_Gen_Borgelt,1,syn_n10000_i2000_l20_s16_c06,minsup,0.0513486,0.0867,19.61,77370,False,,20260922_023508,10000,1265,0.05
Gr_growth,1,syn_n10000_i2000_l20_s16_c06,minsup,0.0513486,0.1209,18.59,77615,False,,20260922_023508,10000,1265,0.05
Zart,1,syn_n10000_i2000_l20_s16_c025,minsup,0.0110889,300.1697,848.41,0,True,,20260922_023515,10000,1275,0.12
TalkyG_Diffset,1,syn_n10000_i2000_l20_s16_c06,minsup,0.0513486,0.7465,282.85,77371,False,,20260922_023516,10000,1265,0.05
Talky_G,1,syn_n10000_i2000_l20_s16_c06,minsup,0.0513486,0.7141,214.14,77371,False,,20260922_023517,10000,1265,0.05
Pascal,1,syn_n10000_i2000_l20_s16_c025,minsup,0.0031968,300.1491,326.5,224567,True,,20260922_023541,10000,1275,0.25
TalkyG_Diffset,1,syn_n10000_i2000_l20_s16_c025,minsup,0.0031968,300.1621,468.72,1037231,True,,20260922_023542,10000,1275,0.25
Talky_G,1,syn_n10000_i2000_l20_s16_c025,minsup,0.0031968,300.1153,470.43,1037679,True,,20260922_023543,10000,1275,0.25
Eclat_Gen_Borgelt,1,syn_n10000_i2000_l20_s16_c06,minsup,0.0113886,0.494,62.19,641857,False,,20260922_023544,10000,1265,0.12
FPgrowth_Gen_Borgelt,1,syn_n10000_i2000_l20_s16_c06,minsup,0.0113886,0.3591,67.99,641857,False,,20260922_023545,10000,1265,0.12
DefMe,1,syn_n10000_i2000_l20_s16_c06,minsup,0.0113886,2.6003,968.07,641858,False,,20260922_023545,10000,1265,0.12
Pascal,1,syn_n10000_i2000_l20_s16_c06,minsup,0.0513486,36.8665,129.22,77370,False,,20260922_023545,10000,1265,0.05
Apriori_Gen_Borgelt,1,syn_n10000_i2000_l20_s16_c06,minsup,0.0113886,3.407,26.54,641857,False,,20260922_023545,10000,1265,0.12
Gr_growth,1,syn_n10000_i2000_l20_s16_c06,minsup,0.0113886,0.7158,40.86,641858,False,,20260922_023546,10000,1265,0.12
TalkyG_Diffset,1,syn_n10000_i2000_l20_s16_c06,minsup,0.0113886,23.468,444.49,641860,False,,20260922_023609,10000,1265,0.12
Talky_G,1,syn_n10000_i2000_l20_s16_c06,minsup,0.0113886,23.8085,434.95,641860,False,,20260922_023609,10000,1265,0.12
Apriori_Gen_Borgelt,1,syn_n10000_i2000_l20_s16_c06,minsup,0.0033965999999999996,10.281,95.13,2638782,False,,20260922_023619,10000,1265,0.25
Eclat_Gen_Borgelt,1,syn_n10000_i2000_l20_s16_c06,minsup,0.0033965999999999996,2.1772,241.48,2638782,False,,20260922_023622,10000,1265,0.25
DefMe,1,syn_n10000_i2000_l20_s16_c06,minsup,0.0033965999999999996,13.2887,937.69,2638783,False,,20260922_023623,10000,1265,0.25
FPgrowth_Gen_Borgelt,1,syn_n10000_i2000_l20_s16_c06,minsup,0.0033965999999999996,1.7564,253.17,2638782,False,,20260922_023624,10000,1265,0.25
Gr_growth,1,syn_n10000_i2000_l20_s16_c06,minsup,0.0033965999999999996,2.5841,136.15,2638783,False,,20260922_023626,10000,1265,0.25
Zart,1,syn_n10000_i2000_l20_s16_c06,minsup,0.0513486,241.6747,825.37,77371,False,,20260922_023919,10000,1265,0.05
Zart,1,syn_n10000_i2000_l20_s16_c025,minsup,0.0031968,300.1941,1047.89,0,True,,20260922_023941,10000,1275,0.25
Pascal,1,syn_n10000_i2000_l20_s16_c06,minsup,0.0113886,300.1471,366.65,339076,True,,20260922_024045,10000,1265,0.12
Apriori_Gen_Borgelt,1,syn_n10000_i2000_l40_s00_c025,minsup,0.0290709,0.036,4.48,40,False,,20260922_024045,10000,2000,0.02
DefMe,1,syn_n10000_i2000_l40_s00_c025,minsup,0.0290709,0.4172,112.48,41,False,,20260922_024046,10000,2000,0.02
Zart,1,syn_n10000_i2000_l20_s16_c06,minsup,0.0113886,300.1639,850.55,0,True,,20260922_024046,10000,1265,0.12
Eclat_Gen_Borgelt,1,syn_n10000_i2000_l40_s00_c025,minsup,0.0290709,0.0248,3.84,40,False,,20260922_024046,10000,2000,0.02
FPgrowth_Gen_Borgelt,1,syn_n10000_i2000_l40_s00_c025,minsup,0.0290709,0.031,3.44,40,False,,20260922_024046,10000,2000,0.02
Gr_growth,1,syn_n10000_i2000_l40_s00_c025,minsup,0.0290709,0.0627,13.96,41,False,,20260922_024046,10000,2000,0.02
TalkyG_Diffset,1,syn_n10000_i2000_l40_s00_c025,minsup,0.0290709,0.5611,106.78,41,False,,20260922_024047,10000,2000,0.02
Pascal,1,syn_n10000_i2000_l40_s00_c025,minsup,0.0290709,1.0196,108.35,40,False,,20260922_024047,10000,2000,0.02
Talky_G,1,syn_n10000_i2000_l40_s00_c025,minsup,0.0290709,0.6329,113.69,41,False,,20260922_024048,10000,2000,0.02
Apriori_Gen_Borgelt,1,syn_n10000_i2000_l40_s00_c025,minsup,0.027772199999999997,0.0355,4.41,100,False,,20260922_024048,10000,2000,0.05
Zart,1,syn_n10000_i2000_l40_s00_c025,minsup,0.0290709,0.8176,243.79,41,False,,20260922_024048,10000,2000,0.02
Eclat_Gen_Borgelt,1,syn_n10000_i2000_l40_s00_c025,minsup,0.027772199999999997,0.0306,3.61,100,False,,20260922_024049,10000,2000,0.05
FPgrowth_Gen_Borgelt,1,syn_n10000_i2000_l40_s00_c025,minsup,0.027772199999999997,0.0319,3.82,100,False,,20260922_024049,10000,2000,0.05
DefMe,1,syn_n10000_i2000_l40_s00_c025,minsup,0.027772199999999997,0.532,111.98,101,False,,20260922_024049,10000,2000,0.05
Gr_growth,1,syn_n10000_i2000_l40_s00_c025,minsup,0.027772199999999997,0.0617,14.14,101,False,,20260922_024049,10000,2000,0.05
TalkyG_Diffset,1,syn_n10000_i2000_l40_s00_c025,minsup,0.027772199999999997,0.5711,110.55,101,False,,20260922_024050,10000,2000,0.05
Talky_G,1,syn_n10000_i2000_l40_s00_c025,minsup,0.027772199999999997,0.5908,112.64,101,False,,20260922_024050,10000,2000,0.05
Zart,1,syn_n10000_i2000_l40_s00_c025,minsup,0.027772199999999997,1.3667,372.64,101,False,,20260922_024052,10000,2000,0.05
Apriori_Gen_Borgelt,1,syn_n10000_i2000_l40_s00_c025,minsup,0.0261738,0.0355,3.78,245,False,,20260922_024052,10000,2000,0.12
Pascal,1,syn_n10000_i2000_l40_s00_c025,minsup,0.027772199999999997,3.4486,112.17,100,False,,20260922_024052,10000,2000,0.05
Eclat_Gen_Borgelt,1,syn_n10000_i2000_l40_s00_c025,minsup,0.0261738,0.0582,3.42,245,False,,20260922_024053,10000,2000,0.12
FPgrowth_Gen_Borgelt,1,syn_n10000_i2000_l40_s00_c025,minsup,0.0261738,0.0526,4.98,245,False,,20260922_024053,10000,2000,0.12
DefMe,1,syn_n10000_i2000_l40_s00_c025,minsup,0.0261738,0.6053,133.72,246,False,,20260922_024053,10000,2000,0.12
Gr_growth,1,syn_n10000_i2000_l40_s00_c025,minsup,0.0261738,0.0414,3.83,246,False,,20260922_024053,10000,2000,0.12
TalkyG_Diffset,1,syn_n10000_i2000_l40_s00_c025,minsup,0.0261738,0.5495,114.86,246,False,,20260922_024054,10000,2000,0.12
Talky_G,1,syn_n10000_i2000_l40_s00_c025,minsup,0.0261738,0.602,111.82,246,False,,20260922_024055,10000,2000,0.12
Zart,1,syn_n10000_i2000_l40_s00_c025,minsup,0.0261738,6.4179,614.05,246,False,,20260922_024101,10000,2000,0.12
Apriori_Gen_Borgelt,1,syn_n10000_i2000_l40_s00_c025,minsup,0.0243756,0.0492,4.85,518,False,,20260922_024101,10000,2000,0.25
DefMe,1,syn_n10000_i2000_l40_s00_c025,minsup,0.0243756,0.5042,209.73,519,False,,20260922_024102,10000,2000,0.25
Eclat_Gen_Borgelt,1,syn_n10000_i2000_l40_s00_c025,minsup,0.0243756,0.0496,4.94,518,False,,20260922_024102,10000,2000,0.25
FPgrowth_Gen_Borgelt,1,syn_n10000_i2000_l40_s00_c025,minsup,0.0243756,0.0546,10.09,518,False,,20260922_024102,10000,2000,0.25
Gr_growth,1,syn_n10000_i2000_l40_s00_c025,minsup,0.0243756,0.0564,15.53,519,False,,20260922_024103,10000,2000,0.25
Pascal,1,syn_n10000_i2000_l40_s00_c025,minsup,0.0261738,19.385,104.77,245,False,,20260922_024113,10000,2000,0.12
TalkyG_Diffset,1,syn_n10000_i2000_l40_s00_c025,minsup,0.0243756,0.4977,112.94,519,False,,20260922_024113,10000,2000,0.25
Talky_G,1,syn_n10000_i2000_l40_s00_c025,minsup,0.0243756,0.5568,113.34,519,False,,20260922_024114,10000,2000,0.25
Pascal,1,syn_n10000_i2000_l20_s16_c06,minsup,0.0033965999999999996,300.1482,279.63,221159,True,,20260922_024124,10000,1265,0.25
Apriori_Gen_Borgelt,1,syn_n10000_i2000_l40_s00_c06,minsup,0.027772199999999997,0.0406,3.21,43,False,,20260922_024125,10000,2000,0.02
DefMe,1,syn_n10000_i2000_l40_s00_c06,minsup,0.027772199999999997,0.4067,114.96,44,False,,20260922_024125,10000,2000,0.02
Eclat_Gen_Borgelt,1,syn_n10000_i2000_l40_s00_c06,minsup,0.027772199999999997,0.0331,3.48,43,False,,20260922_024125,10000,2000,0.02
FPgrowth_Gen_Borgelt,1,syn_n10000_i2000_l40_s00_c06,minsup,0.027772199999999997,0.0328,3.9,43,False,,20260922_024126,10000,2000,0.02
Gr_growth,1,syn_n10000_i2000_l40_s00_c06,minsup,0.027772199999999997,0.0329,3.86,44,False,,20260922_024126,10000,2000,0.02
TalkyG_Diffset,1,syn_n10000_i2000_l20_s16_c06,minsup,0.0033965999999999996,300.1529,471.79,1102676,True,,20260922_024126,10000,1265,0.25
Pascal,1,syn_n10000_i2000_l40_s00_c06,minsup,0.027772199999999997,0.9674,108.96,43,False,,20260922_024127,10000,2000,0.02
TalkyG_Diffset,1,syn_n10000_i2000_l40_s00_c06,minsup,0.027772199999999997,0.5015,111.42,44,False,,20260922_024127,10000,2000,0.02
Talky_G,1,syn_n10000_i2000_l40_s00_c06,minsup,0.027772199999999997,0.551,110.49,44,False,,20260922_024128,10000,2000,0.02
Apriori_Gen_Borgelt,1,syn_n10000_i2000_l40_s00_c06,minsup,0.0263736,0.0317,3.53,107,False,,20260922_024128,10000,2000,0.05
DefMe,1,syn_n10000_i2000_l40_s00_c06,minsup,0.0263736,0.4465,109.89,108,False,,20260922_024129,10000,2000,0.05
Eclat_Gen_Borgelt,1,syn_n10000_i2000_l40_s00_c06,minsup,0.0263736,0.035,4.7,107,False,,20260922_024129,10000,2000,0.05
FPgrowth_Gen_Borgelt,1,syn_n10000_i2000_l40_s00_c06,minsup,0.0263736,0.0351,3.68,107,False,,20260922_024129,10000,2000,0.05
Gr_growth,1,syn_n10000_i2000_l40_s00_c06,minsup,0.0263736,0.0463,14.34,108,False,,20260922_024129,10000,2000,0.05
Zart,1,syn_n10000_i2000_l40_s00_c06,minsup,0.027772199999999997,1.7961,307.74,44,False,,20260922_024129,10000,2000,0.02
TalkyG_Diffset,1,syn_n10000_i2000_l40_s00_c06,minsup,0.0263736,0.5744,111.09,108,False,,20260922_024130,10000,2000,0.05
Talky_G,1,syn_n10000_i2000_l40_s00_c06,minsup,0.0263736,0.5462,109.0,108,False,,20260922_024131,10000,2000,0.05
Zart,1,syn_n10000_i2000_l40_s00_c06,minsup,0.0263736,1.4428,372.69,108,False,,20260922_024132,10000,2000,0.05
Apriori_Gen_Borgelt,1,syn_n10000_i2000_l40_s00_c06,minsup,0.0246753,0.0404,3.31,248,False,,20260922_024132,10000,2000,0.12
DefMe,1,syn_n10000_i2000_l40_s00_c06,minsup,0.0246753,0.4854,138.65,249,False,,20260922_024133,10000,2000,0.12
Eclat_Gen_Borgelt,1,syn_n10000_i2000_l40_s00_c06,minsup,0.0246753,0.0432,3.7,248,False,,20260922_024133,10000,2000,0.12
Pascal,1,syn_n10000_i2000_l40_s00_c06,minsup,0.0263736,4.1327,102.99,107,False,,20260922_024133,10000,2000,0.05
FPgrowth_Gen_Borgelt,1,syn_n10000_i2000_l40_s00_c06,minsup,0.0246753,0.0404,4.68,248,False,,20260922_024133,10000,2000,0.12
Gr_growth,1,syn_n10000_i2000_l40_s00_c06,minsup,0.0246753,0.0847,15.54,249,False,,20260922_024134,10000,2000,0.12
TalkyG_Diffset,1,syn_n10000_i2000_l40_s00_c06,minsup,0.0246753,0.5269,113.48,249,False,,20260922_024134,10000,2000,0.12
Talky_G,1,syn_n10000_i2000_l40_s00_c06,minsup,0.0246753,0.5212,112.92,249,False,,20260922_024135,10000,2000,0.12
Zart,1,syn_n10000_i2000_l40_s00_c06,minsup,0.0246753,9.6077,484.37,249,False,,20260922_024145,10000,2000,0.12
Apriori_Gen_Borgelt,1,syn_n10000_i2000_l40_s00_c06,minsup,0.023176799999999997,0.0555,4.94,514,False,,20260922_024145,10000,2000,0.25
DefMe,1,syn_n10000_i2000_l40_s00_c06,minsup,0.023176799999999997,0.49,215.33,515,False,,20260922_024146,10000,2000,0.25
Eclat_Gen_Borgelt,1,syn_n10000_i2000_l40_s00_c06,minsup,0.023176799999999997,0.0698,4.87,514,False,,20260922_024146,10000,2000,0.25
FPgrowth_Gen_Borgelt,1,syn_n10000_i2000_l40_s00_c06,minsup,0.023176799999999997,0.0679,5.0,514,False,,20260922_024146,10000,2000,0.25
Gr_growth,1,syn_n10000_i2000_l40_s00_c06,minsup,0.023176799999999997,0.083,17.33,515,False,,20260922_024146,10000,2000,0.25
Pascal,1,syn_n10000_i2000_l40_s00_c025,minsup,0.0243756,47.8404,127.67,518,False,,20260922_024151,10000,2000,0.25
TalkyG_Diffset,1,syn_n10000_i2000_l40_s00_c06,minsup,0.023176799999999997,0.4598,108.64,515,False,,20260922_024151,10000,2000,0.25
Pascal,1,syn_n10000_i2000_l40_s00_c06,minsup,0.0246753,17.7811,114.94,248,False,,20260922_024151,10000,2000,0.12
Talky_G,1,syn_n10000_i2000_l40_s00_c06,minsup,0.023176799999999997,0.6459,111.1,515,False,,20260922_024152,10000,2000,0.25
Apriori_Gen_Borgelt,1,syn_n10000_i2000_l40_s08_c025,minsup,0.1295703,0.0587,4.69,296,False,,20260922_024152,10000,2000,0.02
DefMe,1,syn_n10000_i2000_l40_s08_c025,minsup,0.1295703,0.4283,108.88,297,False,,20260922_024153,10000,2000,0.02
Eclat_Gen_Borgelt,1,syn_n10000_i2000_l40_s08_c025,minsup,0.1295703,0.0512,7.37,296,False,,20260922_024153,10000,2000,0.02
FPgrowth_Gen_Borgelt,1,syn_n10000_i2000_l40_s08_c025,minsup,0.1295703,0.0383,5.17,296,False,,20260922_024153,10000,2000,0.02
Gr_growth,1,syn_n10000_i2000_l40_s08_c025,minsup,0.1295703,0.0465,14.99,297,False,,20260922_024154,10000,2000,0.02
Pascal,1,syn_n10000_i2000_l40_s08_c025,minsup,0.1295703,1.2499,112.3,296,False,,20260922_024155,10000,2000,0.02
TalkyG_Diffset,1,syn_n10000_i2000_l40_s08_c025,minsup,0.1295703,0.4559,109.41,297,False,,20260922_024155,10000,2000,0.02
Talky_G,1,syn_n10000_i2000_l40_s08_c025,minsup,0.1295703,0.5032,109.32,297,False,,20260922_024156,10000,2000,0.02
Zart,1,syn_n10000_i2000_l40_s08_c025,minsup,0.1295703,1.0236,309.34,297,False,,20260922_024157,10000,2000,0.02
Apriori_Gen_Borgelt,1,syn_n10000_i2000_l40_s08_c025,minsup,0.0687312,0.0581,5.04,1310,False,,20260922_024158,10000,2000,0.05
DefMe,1,syn_n10000_i2000_l40_s08_c025,minsup,0.0687312,0.4361,114.76,1311,False,,20260922_024158,10000,2000,0.05
Eclat_Gen_Borgelt,1,syn_n10000_i2000_l40_s08_c025,minsup,0.0687312,0.0638,8.06,1310,False,,20260922_024158,10000,2000,0.05
FPgrowth_Gen_Borgelt,1,syn_n10000_i2000_l40_s08_c025,minsup,0.0687312,0.051,10.88,1310,False,,20260922_024158,10000,2000,0.05
Gr_growth,1,syn_n10000_i2000_l40_s08_c025,minsup,0.0687312,0.0783,18.05,1313,False,,20260922_024159,10000,2000,0.05
Pascal,1,syn_n10000_i2000_l40_s08_c025,minsup,0.0687312,3.8299,117.75,1310,False,,20260922_024203,10000,2000,0.05
TalkyG_Diffset,1,syn_n10000_i2000_l40_s08_c025,minsup,0.0687312,0.5163,115.67,1311,False,,20260922_024203,10000,2000,0.05
Talky_G,1,syn_n10000_i2000_l40_s08_c025,minsup,0.0687312,0.4865,115.11,1311,False,,20260922_024204,10000,2000,0.05
Zart,1,syn_n10000_i2000_l40_s08_c025,minsup,0.0687312,3.1057,391.27,1311,False,,20260922_024207,10000,2000,0.05
Apriori_Gen_Borgelt,1,syn_n10000_i2000_l40_s08_c025,minsup,0.033066899999999996,0.1075,6.7,6765,False,,20260922_024207,10000,2000,0.12
DefMe,1,syn_n10000_i2000_l40_s08_c025,minsup,0.033066899999999996,0.4382,166.29,6766,False,,20260922_024208,10000,2000,0.12
Eclat_Gen_Borgelt,1,syn_n10000_i2000_l40_s08_c025,minsup,0.033066899999999996,0.1017,12.71,6765,False,,20260922_024208,10000,2000,0.12
FPgrowth_Gen_Borgelt,1,syn_n10000_i2000_l40_s08_c025,minsup,0.033066899999999996,0.091,21.79,6765,False,,20260922_024209,10000,2000,0.12
Gr_growth,1,syn_n10000_i2000_l40_s08_c025,minsup,0.033066899999999996,0.1315,20.76,6766,False,,20260922_024209,10000,2000,0.12
Pascal,1,syn_n10000_i2000_l40_s08_c025,minsup,0.033066899999999996,21.2405,129.82,6765,False,,20260922_024230,10000,2000,0.12
TalkyG_Diffset,1,syn_n10000_i2000_l40_s08_c025,minsup,0.033066899999999996,0.542,152.1,6766,False,,20260922_024231,10000,2000,0.12
Talky_G,1,syn_n10000_i2000_l40_s08_c025,minsup,0.033066899999999996,0.5177,138.11,6766,False,,20260922_024232,10000,2000,0.12
Pascal,1,syn_n10000_i2000_l40_s00_c06,minsup,0.023176799999999997,45.4264,124.35,514,False,,20260922_024232,10000,2000,0.25
Apriori_Gen_Borgelt,1,syn_n10000_i2000_l40_s08_c025,minsup,0.019080899999999998,0.1481,8.12,22474,False,,20260922_024232,10000,2000,0.25
DefMe,1,syn_n10000_i2000_l40_s08_c025,minsup,0.019080899999999998,0.4985,255.25,22475,False,,20260922_024233,10000,2000,0.25
Eclat_Gen_Borgelt,1,syn_n10000_i2000_l40_s08_c025,minsup,0.019080899999999998,0.1259,18.04,22474,False,,20260922_024233,10000,2000,0.25
FPgrowth_Gen_Borgelt,1,syn_n10000_i2000_l40_s08_c025,minsup,0.019080899999999998,0.1609,35.98,22474,False,,20260922_024233,10000,2000,0.25
Gr_growth,1,syn_n10000_i2000_l40_s08_c025,minsup,0.019080899999999998,0.1952,23.88,22475,False,,20260922_024234,10000,2000,0.25
Zart,1,syn_n10000_i2000_l40_s08_c025,minsup,0.033066899999999996,25.0734,602.69,6766,False,,20260922_024257,10000,2000,0.12
TalkyG_Diffset,1,syn_n10000_i2000_l40_s08_c025,minsup,0.019080899999999998,0.6288,192.66,22475,False,,20260922_024258,10000,2000,0.25
Zart,1,syn_n10000_i2000_l40_s00_c025,minsup,0.0243756,104.1351,795.38,519,False,,20260922_024258,10000,2000,0.25
Talky_G,1,syn_n10000_i2000_l40_s08_c025,minsup,0.019080899999999998,0.6032,189.99,22475,False,,20260922_024258,10000,2000,0.25
Apriori_Gen_Borgelt,1,syn_n10000_i2000_l40_s08_c06,minsup,0.124875,0.0532,4.14,247,False,,20260922_024259,10000,2000,0.02
DefMe,1,syn_n10000_i2000_l40_s08_c06,minsup,0.124875,0.3973,109.32,248,False,,20260922_024259,10000,2000,0.02
Eclat_Gen_Borgelt,1,syn_n10000_i2000_l40_s08_c06,minsup,0.124875,0.0408,4.92,247,False,,20260922_024259,10000,2000,0.02
FPgrowth_Gen_Borgelt,1,syn_n10000_i2000_l40_s08_c06,minsup,0.124875,0.0483,4.7,247,False,,20260922_024300,10000,2000,0.02
Gr_growth,1,syn_n10000_i2000_l40_s08_c06,minsup,0.124875,0.0375,14.92,248,False,,20260922_024300,10000,2000,0.02
Pascal,1,syn_n10000_i2000_l40_s08_c06,minsup,0.124875,1.1914,108.97,247,False,,20260922_024301,10000,2000,0.02
TalkyG_Diffset,1,syn_n10000_i2000_l40_s08_c06,minsup,0.124875,0.5196,111.95,248,False,,20260922_024302,10000,2000,0.02
Talky_G,1,syn_n10000_i2000_l40_s08_c06,minsup,0.124875,0.4471,112.82,248,False,,20260922_024302,10000,2000,0.02
Zart,1,syn_n10000_i2000_l40_s08_c06,minsup,0.124875,0.9587,325.5,248,False,,20260922_024303,10000,2000,0.02
Apriori_Gen_Borgelt,1,syn_n10000_i2000_l40_s08_c06,minsup,0.0636363,0.0608,6.14,1156,False,,20260922_024304,10000,2000,0.05
DefMe,1,syn_n10000_i2000_l40_s08_c06,minsup,0.0636363,0.4241,109.69,1157,False,,20260922_024304,10000,2000,0.05
Eclat_Gen_Borgelt,1,syn_n10000_i2000_l40_s08_c06,minsup,0.0636363,0.0669,8.01,1156,False,,20260922_024304,10000,2000,0.05
FPgrowth_Gen_Borgelt,1,syn_n10000_i2000_l40_s08_c06,minsup,0.0636363,0.0525,4.93,1156,False,,20260922_024305,10000,2000,0.05
Gr_growth,1,syn_n10000_i2000_l40_s08_c06,minsup,0.0636363,0.0635,17.89,1158,False,,20260922_024305,10000,2000,0.05
Pascal,1,syn_n10000_i2000_l40_s08_c06,minsup,0.0636363,3.9406,113.01,1156,False,,20260922_024309,10000,2000,0.05
TalkyG_Diffset,1,syn_n10000_i2000_l40_s08_c06,minsup,0.0636363,0.4933,111.79,1157,False,,20260922_024310,10000,2000,0.05
Talky_G,1,syn_n10000_i2000_l40_s08_c06,minsup,0.0636363,0.4319,110.98,1157,False,,20260922_024310,10000,2000,0.05
Zart,1,syn_n10000_i2000_l40_s08_c06,minsup,0.0636363,2.8837,382.91,1157,False,,20260922_024313,10000,2000,0.05
Apriori_Gen_Borgelt,1,syn_n10000_i2000_l40_s08_c06,minsup,0.031868099999999996,0.0844,6.63,5276,False,,20260922_024314,10000,2000,0.12
DefMe,1,syn_n10000_i2000_l40_s08_c06,minsup,0.031868099999999996,0.4223,161.75,5277,False,,20260922_024314,10000,2000,0.12
Eclat_Gen_Borgelt,1,syn_n10000_i2000_l40_s08_c06,minsup,0.031868099999999996,0.0759,10.43,5276,False,,20260922_024314,10000,2000,0.12
FPgrowth_Gen_Borgelt,1,syn_n10000_i2000_l40_s08_c06,minsup,0.031868099999999996,0.0951,18.73,5276,False,,20260922_024315,10000,2000,0.12
Gr_growth,1,syn_n10000_i2000_l40_s08_c06,minsup,0.031868099999999996,0.1096,20.48,5277,False,,20260922_024315,10000,2000,0.12
Zart,1,syn_n10000_i2000_l40_s00_c06,minsup,0.023176799999999997,95.3856,805.15,515,False,,20260922_024327,10000,2000,0.25
TalkyG_Diffset,1,syn_n10000_i2000_l40_s08_c06,minsup,0.031868099999999996,0.4889,136.35,5277,False,,20260922_024328,10000,2000,0.12
Talky_G,1,syn_n10000_i2000_l40_s08_c06,minsup,0.031868099999999996,0.5323,127.71,5277,False,,20260922_024328,10000,2000,0.12
Pascal,1,syn_n10000_i2000_l40_s08_c025,minsup,0.019080899999999998,56.7974,135.34,22474,False,,20260922_024331,10000,2000,0.25
Apriori_Gen_Borgelt,1,syn_n10000_i2000_l40_s08_c06,minsup,0.0181818,0.134,7.8,17509,False,,20260922_024331,10000,2000,0.25
DefMe,1,syn_n10000_i2000_l40_s08_c06,minsup,0.0181818,0.5734,219.52,17510,False,,20260922_024332,10000,2000,0.25
Eclat_Gen_Borgelt,1,syn_n10000_i2000_l40_s08_c06,minsup,0.0181818,0.1127,16.79,17509,False,,20260922_024332,10000,2000,0.25
FPgrowth_Gen_Borgelt,1,syn_n10000_i2000_l40_s08_c06,minsup,0.0181818,0.1555,33.16,17509,False,,20260922_024332,10000,2000,0.25
Gr_growth,1,syn_n10000_i2000_l40_s08_c06,minsup,0.0181818,0.1539,23.3,17510,False,,20260922_024333,10000,2000,0.25
Pascal,1,syn_n10000_i2000_l40_s08_c06,minsup,0.031868099999999996,20.0069,132.54,5276,False,,20260922_024335,10000,2000,0.12
TalkyG_Diffset,1,syn_n10000_i2000_l40_s08_c06,minsup,0.0181818,0.5733,182.39,17510,False,,20260922_024336,10000,2000,0.25
Talky_G,1,syn_n10000_i2000_l40_s08_c06,minsup,0.0181818,0.5576,181.65,17510,False,,20260922_024336,10000,2000,0.25
Zart,1,syn_n10000_i2000_l40_s08_c06,minsup,0.031868099999999996,23.6706,630.44,5277,False,,20260922_024352,10000,2000,0.12
Apriori_Gen_Borgelt,1,syn_n10000_i2000_l40_s16_c025,minsup,0.29240730000000004,5.1683,11.91,176339,False,,20260922_024357,10000,1740,0.02
DefMe,1,syn_n10000_i2000_l40_s16_c025,minsup,0.29240730000000004,1.0829,768.76,176340,False,,20260922_024359,10000,1740,0.02
Eclat_Gen_Borgelt,1,syn_n10000_i2000_l40_s16_c025,minsup,0.29240730000000004,0.1618,27.49,176339,False,,20260922_024359,10000,1740,0.02
FPgrowth_Gen_Borgelt,1,syn_n10000_i2000_l40_s16_c025,minsup,0.29240730000000004,0.1581,27.8,176339,False,,20260922_024359,10000,1740,0.02
Gr_growth,1,syn_n10000_i2000_l40_s16_c025,minsup,0.29240730000000004,0.1873,22.33,176517,False,,20260922_024400,10000,1740,0.02
Talky_G,1,syn_n10000_i2000_l20_s16_c06,minsup,0.0033965999999999996,300.1585,472.96,1118623,True,,20260922_024419,10000,1265,0.25
TalkyG_Diffset,1,syn_n10000_i2000_l40_s16_c025,minsup,0.29240730000000004,1.2282,416.12,176340,False,,20260922_024421,10000,1740,0.02
Talky_G,1,syn_n10000_i2000_l40_s16_c025,minsup,0.29240730000000004,1.3172,357.15,176340,False,,20260922_024422,10000,1740,0.02
Pascal,1,syn_n10000_i2000_l40_s08_c06,minsup,0.0181818,55.0767,147.95,17509,False,,20260922_024428,10000,2000,0.25
Zart,1,syn_n10000_i2000_l20_s16_c06,minsup,0.0033965999999999996,300.1779,1273.41,0,True,,20260922_024441,10000,1265,0.25
DefMe,1,syn_n10000_i2000_l40_s16_c025,minsup,0.0890109,17.6582,1075.72,3183992,False,,20260922_024459,10000,1740,0.05
Eclat_Gen_Borgelt,1,syn_n10000_i2000_l40_s16_c025,minsup,0.0890109,2.5704,301.52,3183991,False,,20260922_024502,10000,1740,0.05
FPgrowth_Gen_Borgelt,1,syn_n10000_i2000_l40_s16_c025,minsup,0.0890109,2.0834,314.39,3183991,False,,20260922_024505,10000,1740,0.05
Gr_growth,1,syn_n10000_i2000_l40_s16_c025,minsup,0.0890109,3.194,167.32,3191521,False,,20260922_024509,10000,1740,0.05
Apriori_Gen_Borgelt,1,syn_n10000_i2000_l40_s16_c025,minsup,0.0890109,89.7315,107.91,3183991,False,,20260922_024558,10000,1740,0.05
Zart,1,syn_n10000_i2000_l40_s08_c025,minsup,0.019080899999999998,221.8924,888.95,22475,False,,20260922_024640,10000,2000,0.25
Zart,1,syn_n10000_i2000_l40_s08_c06,minsup,0.0181818,191.6702,866.18,17510,False,,20260922_024648,10000,2000,0.25
Pascal,1,syn_n10000_i2000_l40_s16_c025,minsup,0.29240730000000004,195.9112,334.36,176339,False,,20260922_024716,10000,1740,0.02
Zart,1,syn_n10000_i2000_l40_s16_c025,minsup,0.29240730000000004,300.1827,805.85,0,True,,20260922_024923,10000,1740,0.02
Pascal,1,syn_n10000_i2000_l40_s16_c025,minsup,0.0890109,300.134,339.13,250763,True,,20260922_025009,10000,1740,0.05
TalkyG_Diffset,1,syn_n10000_i2000_l40_s16_c025,minsup,0.0890109,266.5564,695.75,3183992,False,,20260922_025025,10000,1740,0.05
Talky_G,1,syn_n10000_i2000_l40_s16_c025,minsup,0.0890109,279.0807,803.88,3183992,False,,20260922_025120,10000,1740,0.05
Eclat_Gen_Borgelt,1,syn_n10000_i2000_l40_s16_c025,minsup,0.0228771,76.5209,3741.24,43669860,False,,20260922_025129,10000,1740,0.12
FPgrowth_Gen_Borgelt,1,syn_n10000_i2000_l40_s16_c025,minsup,0.0228771,69.2794,3779.87,43669860,False,,20260922_025138,10000,1740,0.12
Zart,1,syn_n10000_i2000_l40_s16_c025,minsup,0.0890109,300.1682,965.2,0,True,,20260922_025149,10000,1740,0.05
Apriori_Gen_Borgelt,1,syn_n10000_i2000_l40_s16_c025,minsup,0.0228771,300.1216,1282.42,0,True,,20260922_025216,10000,1740,0.12
Gr_growth,1,syn_n10000_i2000_l40_s16_c025,minsup,0.0228771,49.4719,2081.15,43669861,False,,20260922_025217,10000,1740,0.12
DefMe,1,syn_n10000_i2000_l40_s16_c025,minsup,0.0228771,300.2029,1365.52,32511490,True,,20260922_025426,10000,1740,0.12
Pascal,1,syn_n10000_i2000_l40_s16_c025,minsup,0.0228771,300.135,381.83,382918,True,,20260922_025629,10000,1740,0.12
TalkyG_Diffset,1,syn_n10000_i2000_l40_s16_c025,minsup,0.0228771,300.1432,546.84,1769869,True,,20260922_025638,10000,1740,0.12
Talky_G,1,syn_n10000_i2000_l40_s16_c025,minsup,0.0228771,300.1277,552.82,1780275,True,,20260922_025649,10000,1740,0.12
Zart,1,syn_n10000_i2000_l40_s16_c025,minsup,0.0228771,300.1693,933.55,0,True,,20260922_025716,10000,1740,0.12
Apriori_Gen_Borgelt,1,syn_n10000_i2000_l40_s16_c025,minsup,0.0060939,300.2831,5842.99,0,True,,20260922_025718,10000,1740,0.25
DefMe,1,syn_n10000_i2000_l40_s16_c025,minsup,0.0060939,300.2054,1073.82,28340443,True,,20260922_025929,10000,1740,0.25
Eclat_Gen_Borgelt,1,syn_n10000_i2000_l40_s16_c025,minsup,0.0060939,300.4964,8278.82,91283271,True,,20260922_030138,10000,1740,0.25
FPgrowth_Gen_Borgelt,1,syn_n10000_i2000_l40_s16_c025,minsup,0.0060939,300.5597,8528.49,94083320,True,,20260922_030148,10000,1740,0.25
Apriori_Gen_Borgelt,1,syn_n10000_i2000_l40_s16_c06,minsup,0.2922075,7.0967,15.11,285536,False,,20260922_030156,10000,1732,0.02
DefMe,1,syn_n10000_i2000_l40_s16_c06,minsup,0.2922075,1.2942,680.25,285537,False,,20260922_030157,10000,1732,0.02
Eclat_Gen_Borgelt,1,syn_n10000_i2000_l40_s16_c06,minsup,0.2922075,0.2378,38.86,285536,False,,20260922_030158,10000,1732,0.02
FPgrowth_Gen_Borgelt,1,syn_n10000_i2000_l40_s16_c06,minsup,0.2922075,0.2247,37.53,285536,False,,20260922_030158,10000,1732,0.02
Gr_growth,1,syn_n10000_i2000_l40_s16_c06,minsup,0.2922075,0.2953,27.14,285883,False,,20260922_030158,10000,1732,0.02
Pascal,1,syn_n10000_i2000_l40_s16_c025,minsup,0.0060939,300.163,386.15,205074,True,,20260922_030217,10000,1740,0.25
TalkyG_Diffset,1,syn_n10000_i2000_l40_s16_c025,minsup,0.0060939,300.1751,452.06,984267,True,,20260922_030218,10000,1740,0.25
TalkyG_Diffset,1,syn_n10000_i2000_l40_s16_c06,minsup,0.2922075,2.6519,741.05,285537,False,,20260922_030220,10000,1732,0.02
Talky_G,1,syn_n10000_i2000_l40_s16_c06,minsup,0.2922075,2.4329,417.36,285537,False,,20260922_030221,10000,1732,0.02
Gr_growth,1,syn_n10000_i2000_l40_s16_c025,minsup,0.0060939,300.7766,8410.32,187386199,True,,20260922_030221,10000,1740,0.25
DefMe,1,syn_n10000_i2000_l40_s16_c06,minsup,0.0847152,29.4973,1333.47,9631834,False,,20260922_030252,10000,1732,0.05
Eclat_Gen_Borgelt,1,syn_n10000_i2000_l40_s16_c06,minsup,0.0847152,8.3995,854.18,9631833,False,,20260922_030301,10000,1732,0.05
FPgrowth_Gen_Borgelt,1,syn_n10000_i2000_l40_s16_c06,minsup,0.0847152,7.3039,869.81,9631833,False,,20260922_030310,10000,1732,0.05
Gr_growth,1,syn_n10000_i2000_l40_s16_c06,minsup,0.0847152,9.3288,478.84,9655940,False,,20260922_030321,10000,1732,0.05
Talky_G,1,syn_n10000_i2000_l40_s16_c025,minsup,0.0060939,300.1889,430.5,937477,True,,20260922_030429,10000,1740,0.25
Apriori_Gen_Borgelt,1,syn_n10000_i2000_l40_s16_c06,minsup,0.0847152,228.6857,310.38,9631833,False,,20260922_030610,10000,1732,0.05
Pascal,1,syn_n10000_i2000_l40_s16_c06,minsup,0.2922075,267.1863,246.14,285536,False,,20260922_030626,10000,1732,0.02
Zart,1,syn_n10000_i2000_l40_s16_c025,minsup,0.0060939,300.2387,1702.58,0,True,,20260922_030639,10000,1740,0.25
Zart,1,syn_n10000_i2000_l40_s16_c06,minsup,0.2922075,300.076,660.56,0,True,,20260922_030720,10000,1732,0.02
Pascal,1,syn_n10000_i2000_l40_s16_c06,minsup,0.0847152,300.138,279.98,394381,True,,20260922_030821,10000,1732,0.05
TalkyG_Diffset,1,syn_n10000_i2000_l40_s16_c06,minsup,0.0847152,300.1828,803.3,3339957,True,,20260922_030930,10000,1732,0.05
Talky_G,1,syn_n10000_i2000_l40_s16_c06,minsup,0.0847152,300.175,878.05,3226907,True,,20260922_031111,10000,1732,0.05
Zart,1,syn_n10000_i2000_l40_s16_c06,minsup,0.0847152,300.0963,877.93,0,True,,20260922_031126,10000,1732,0.05
Apriori_Gen_Borgelt,1,syn_n10000_i2000_l40_s16_c06,minsup,0.021378599999999998,300.1531,2384.11,0,True,,20260922_031139,10000,1732,0.12
DefMe,1,syn_n10000_i2000_l40_s16_c06,minsup,0.021378599999999998,300.1833,1322.18,57710620,True,,20260922_031232,10000,1732,0.12
Eclat_Gen_Borgelt,1,syn_n10000_i2000_l40_s16_c06,minsup,0.021378599999999998,300.4228,7756.06,88930872,True,,20260922_031329,10000,1732,0.12
Gr_growth,1,syn_n10000_i2000_l40_s16_c06,minsup,0.021378599999999998,122.782,4711.06,101268020,False,,20260922_031331,10000,1732,0.12
FPgrowth_Gen_Borgelt,1,syn_n10000_i2000_l40_s16_c06,minsup,0.021378599999999998,300.4429,7979.95,91364156,True,,20260922_031439,10000,1732,0.12
Pascal,1,syn_n10000_i2000_l40_s16_c06,minsup,0.021378599999999998,300.1383,246.66,69795,True,,20260922_031626,10000,1732,0.12
TalkyG_Diffset,1,syn_n10000_i2000_l40_s16_c06,minsup,0.021378599999999998,300.1682,585.05,2046908,True,,20260922_031640,10000,1732,0.12
Talky_G,1,syn_n10000_i2000_l40_s16_c06,minsup,0.021378599999999998,300.1472,568.02,1994552,True,,20260922_031733,10000,1732,0.12
Zart,1,syn_n10000_i2000_l40_s16_c06,minsup,0.021378599999999998,300.1554,936.15,0,True,,20260922_031830,10000,1732,0.12
Apriori_Gen_Borgelt,1,syn_n10000_i2000_l40_s16_c06,minsup,0.0061938,300.3188,4317.64,0,True,,20260922_031831,10000,1732,0.25
DefMe,1,syn_n10000_i2000_l40_s16_c06,minsup,0.0061938,302.1041,1023.96,39620511,True,,20260922_031945,10000,1732,0.25
Eclat_Gen_Borgelt,1,syn_n10000_i2000_l40_s16_c06,minsup,0.0061938,300.474,7690.04,84226534,True,,20260922_032136,10000,1732,0.25
FPgrowth_Gen_Borgelt,1,syn_n10000_i2000_l40_s16_c06,minsup,0.0061938,300.5156,8201.19,89879632,True,,20260922_032149,10000,1732,0.25
Apriori_Gen_Borgelt,1,syn_n50000_i80_l8_s00_c025,minsup,0.17218764,0.0391,2.64,2,False,,20260922_032149,50000,80,0.02
DefMe,1,syn_n50000_i80_l8_s00_c025,minsup,0.17218764,0.3704,106.7,3,False,,20260922_032150,50000,80,0.02
Eclat_Gen_Borgelt,1,syn_n50000_i80_l8_s00_c025,minsup,0.17218764,0.0264,4.06,2,False,,20260922_032150,50000,80,0.02
FPgrowth_Gen_Borgelt,1,syn_n50000_i80_l8_s00_c025,minsup,0.17218764,0.024,4.52,2,False,,20260922_032150,50000,80,0.02
Gr_growth,1,syn_n50000_i80_l8_s00_c025,minsup,0.17218764,0.0383,3.8,3,False,,20260922_032150,50000,80,0.02
Pascal,1,syn_n50000_i80_l8_s00_c025,minsup,0.17218764,0.3616,110.73,2,False,,20260922_032151,50000,80,0.02
TalkyG_Diffset,1,syn_n50000_i80_l8_s00_c025,minsup,0.17218764,0.355,103.26,3,False,,20260922_032151,50000,80,0.02
Talky_G,1,syn_n50000_i80_l8_s00_c025,minsup,0.17218764,0.3804,108.05,3,False,,20260922_032152,50000,80,0.02
Zart,1,syn_n50000_i80_l8_s00_c025,minsup,0.17218764,0.4287,116.41,3,False,,20260922_032152,50000,80,0.02
Apriori_Gen_Borgelt,1,syn_n50000_i80_l8_s00_c025,minsup,0.15966017999999998,0.0249,4.12,4,False,,20260922_032152,50000,80,0.05
DefMe,1,syn_n50000_i80_l8_s00_c025,minsup,0.15966017999999998,0.372,102.09,5,False,,20260922_032153,50000,80,0.05
Eclat_Gen_Borgelt,1,syn_n50000_i80_l8_s00_c025,minsup,0.15966017999999998,0.024,4.92,4,False,,20260922_032153,50000,80,0.05
FPgrowth_Gen_Borgelt,1,syn_n50000_i80_l8_s00_c025,minsup,0.15966017999999998,0.049,6.2,4,False,,20260922_032153,50000,80,0.05
Gr_growth,1,syn_n50000_i80_l8_s00_c025,minsup,0.15966017999999998,0.032,3.75,5,False,,20260922_032154,50000,80,0.05
Pascal,1,syn_n50000_i80_l8_s00_c025,minsup,0.15966017999999998,0.4203,111.39,4,False,,20260922_032154,50000,80,0.05
TalkyG_Diffset,1,syn_n50000_i80_l8_s00_c025,minsup,0.15966017999999998,0.4422,108.24,5,False,,20260922_032155,50000,80,0.05
Talky_G,1,syn_n50000_i80_l8_s00_c025,minsup,0.15966017999999998,0.5052,107.21,5,False,,20260922_032155,50000,80,0.05
Zart,1,syn_n50000_i80_l8_s00_c025,minsup,0.15966017999999998,0.4555,116.79,5,False,,20260922_032156,50000,80,0.05
Apriori_Gen_Borgelt,1,syn_n50000_i80_l8_s00_c025,minsup,0.13974012,0.0498,3.66,11,False,,20260922_032156,50000,80,0.12
DefMe,1,syn_n50000_i80_l8_s00_c025,minsup,0.13974012,0.3878,107.23,12,False,,20260922_032157,50000,80,0.12
Eclat_Gen_Borgelt,1,syn_n50000_i80_l8_s00_c025,minsup,0.13974012,0.0397,4.06,11,False,,20260922_032157,50000,80,0.12
FPgrowth_Gen_Borgelt,1,syn_n50000_i80_l8_s00_c025,minsup,0.13974012,0.0397,4.14,11,False,,20260922_032157,50000,80,0.12
Gr_growth,1,syn_n50000_i80_l8_s00_c025,minsup,0.13974012,0.0348,3.8,12,False,,20260922_032157,50000,80,0.12
Pascal,1,syn_n50000_i80_l8_s00_c025,minsup,0.13974012,0.5138,102.34,11,False,,20260922_032158,50000,80,0.12
TalkyG_Diffset,1,syn_n50000_i80_l8_s00_c025,minsup,0.13974012,0.4423,108.37,12,False,,20260922_032158,50000,80,0.12
Talky_G,1,syn_n50000_i80_l8_s00_c025,minsup,0.13974012,0.446,106.14,12,False,,20260922_032159,50000,80,0.12
Zart,1,syn_n50000_i80_l8_s00_c025,minsup,0.13974012,0.5224,114.98,12,False,,20260922_032200,50000,80,0.12
Apriori_Gen_Borgelt,1,syn_n50000_i80_l8_s00_c025,minsup,0.13108878000000002,0.0393,3.94,21,False,,20260922_032200,50000,80,0.25
DefMe,1,syn_n50000_i80_l8_s00_c025,minsup,0.13108878000000002,0.3881,105.96,22,False,,20260922_032200,50000,80,0.25
Eclat_Gen_Borgelt,1,syn_n50000_i80_l8_s00_c025,minsup,0.13108878000000002,0.0383,4.11,21,False,,20260922_032201,50000,80,0.25
FPgrowth_Gen_Borgelt,1,syn_n50000_i80_l8_s00_c025,minsup,0.13108878000000002,0.0318,4.47,21,False,,20260922_032201,50000,80,0.25
Gr_growth,1,syn_n50000_i80_l8_s00_c025,minsup,0.13108878000000002,0.0327,3.8,22,False,,20260922_032201,50000,80,0.25
Pascal,1,syn_n50000_i80_l8_s00_c025,minsup,0.13108878000000002,0.946,110.59,21,False,,20260922_032202,50000,80,0.25
TalkyG_Diffset,1,syn_n50000_i80_l8_s00_c025,minsup,0.13108878000000002,0.4246,107.48,22,False,,20260922_032203,50000,80,0.25
Talky_G,1,syn_n50000_i80_l8_s00_c025,minsup,0.13108878000000002,0.5829,108.52,22,False,,20260922_032203,50000,80,0.25
Zart,1,syn_n50000_i80_l8_s00_c025,minsup,0.13108878000000002,0.6237,118.05,22,False,,20260922_032204,50000,80,0.25
Apriori_Gen_Borgelt,1,syn_n50000_i80_l8_s00_c06,minsup,0.14433552,0.0502,4.58,2,False,,20260922_032204,50000,80,0.02
DefMe,1,syn_n50000_i80_l8_s00_c06,minsup,0.14433552,0.3539,106.62,3,False,,20260922_032205,50000,80,0.02
Eclat_Gen_Borgelt,1,syn_n50000_i80_l8_s00_c06,minsup,0.14433552,0.0242,4.06,2,False,,20260922_032205,50000,80,0.02
FPgrowth_Gen_Borgelt,1,syn_n50000_i80_l8_s00_c06,minsup,0.14433552,0.0259,4.22,2,False,,20260922_032205,50000,80,0.02
Gr_growth,1,syn_n50000_i80_l8_s00_c06,minsup,0.14433552,0.0352,3.79,3,False,,20260922_032206,50000,80,0.02
Pascal,1,syn_n50000_i80_l8_s00_c06,minsup,0.14433552,0.3931,111.29,2,False,,20260922_032206,50000,80,0.02
TalkyG_Diffset,1,syn_n50000_i80_l8_s00_c06,minsup,0.14433552,0.4356,107.33,3,False,,20260922_032207,50000,80,0.02
Talky_G,1,syn_n50000_i80_l8_s00_c06,minsup,0.14433552,0.4325,110.75,3,False,,20260922_032207,50000,80,0.02
Zart,1,syn_n50000_i80_l8_s00_c06,minsup,0.14433552,0.5019,116.47,3,False,,20260922_032208,50000,80,0.02
Apriori_Gen_Borgelt,1,syn_n50000_i80_l8_s00_c06,minsup,0.14283702,0.0518,6.13,4,False,,20260922_032208,50000,80,0.05
DefMe,1,syn_n50000_i80_l8_s00_c06,minsup,0.14283702,0.3931,104.15,5,False,,20260922_032209,50000,80,0.05
Eclat_Gen_Borgelt,1,syn_n50000_i80_l8_s00_c06,minsup,0.14283702,0.0514,3.57,4,False,,20260922_032209,50000,80,0.05
FPgrowth_Gen_Borgelt,1,syn_n50000_i80_l8_s00_c06,minsup,0.14283702,0.0382,4.59,4,False,,20260922_032209,50000,80,0.05
Gr_growth,1,syn_n50000_i80_l8_s00_c06,minsup,0.14283702,0.0509,10.05,5,False,,20260922_032209,50000,80,0.05
Pascal,1,syn_n50000_i80_l8_s00_c06,minsup,0.14283702,0.3978,112.45,4,False,,20260922_032210,50000,80,0.05
TalkyG_Diffset,1,syn_n50000_i80_l8_s00_c06,minsup,0.14283702,0.3657,107.23,5,False,,20260922_032210,50000,80,0.05
Talky_G,1,syn_n50000_i80_l8_s00_c06,minsup,0.14283702,0.4002,107.97,5,False,,20260922_032211,50000,80,0.05
Zart,1,syn_n50000_i80_l8_s00_c06,minsup,0.14283702,0.48,115.89,5,False,,20260922_032211,50000,80,0.05
Apriori_Gen_Borgelt,1,syn_n50000_i80_l8_s00_c06,minsup,0.1349649,0.0284,3.94,10,False,,20260922_032212,50000,80,0.12
DefMe,1,syn_n50000_i80_l8_s00_c06,minsup,0.1349649,0.4093,102.75,11,False,,20260922_032212,50000,80,0.12
Eclat_Gen_Borgelt,1,syn_n50000_i80_l8_s00_c06,minsup,0.1349649,0.032,4.02,10,False,,20260922_032212,50000,80,0.12
FPgrowth_Gen_Borgelt,1,syn_n50000_i80_l8_s00_c06,minsup,0.1349649,0.0298,4.04,10,False,,20260922_032213,50000,80,0.12
Gr_growth,1,syn_n50000_i80_l8_s00_c06,minsup,0.1349649,0.039,3.8,11,False,,20260922_032213,50000,80,0.12
Pascal,1,syn_n50000_i80_l8_s00_c06,minsup,0.1349649,0.5073,107.13,10,False,,20260922_032213,50000,80,0.12
TalkyG_Diffset,1,syn_n50000_i80_l8_s00_c06,minsup,0.1349649,0.3749,105.71,11,False,,20260922_032214,50000,80,0.12
Talky_G,1,syn_n50000_i80_l8_s00_c06,minsup,0.1349649,0.4054,104.86,11,False,,20260922_032215,50000,80,0.12
Zart,1,syn_n50000_i80_l8_s00_c06,minsup,0.1349649,0.5454,116.99,11,False,,20260922_032215,50000,80,0.12
Apriori_Gen_Borgelt,1,syn_n50000_i80_l8_s00_c06,minsup,0.12879108,0.0423,4.45,20,False,,20260922_032215,50000,80,0.25
DefMe,1,syn_n50000_i80_l8_s00_c06,minsup,0.12879108,0.3967,104.39,21,False,,20260922_032216,50000,80,0.25
Eclat_Gen_Borgelt,1,syn_n50000_i80_l8_s00_c06,minsup,0.12879108,0.0603,5.51,20,False,,20260922_032216,50000,80,0.25
FPgrowth_Gen_Borgelt,1,syn_n50000_i80_l8_s00_c06,minsup,0.12879108,0.0376,4.21,20,False,,20260922_032216,50000,80,0.25
Gr_growth,1,syn_n50000_i80_l8_s00_c06,minsup,0.12879108,0.0394,3.8,21,False,,20260922_032217,50000,80,0.25
Pascal,1,syn_n50000_i80_l8_s00_c06,minsup,0.12879108,0.8369,107.92,20,False,,20260922_032218,50000,80,0.25
TalkyG_Diffset,1,syn_n50000_i80_l8_s00_c06,minsup,0.12879108,0.3605,103.88,21,False,,20260922_032218,50000,80,0.25
Talky_G,1,syn_n50000_i80_l8_s00_c06,minsup,0.12879108,0.3985,105.76,21,False,,20260922_032219,50000,80,0.25
Zart,1,syn_n50000_i80_l8_s00_c06,minsup,0.12879108,0.6161,115.66,21,False,,20260922_032219,50000,80,0.25
Apriori_Gen_Borgelt,1,syn_n50000_i80_l8_s08_c025,minsup,0.62269668,0.0499,3.1,2,False,,20260922_032220,50000,80,0.02
DefMe,1,syn_n50000_i80_l8_s08_c025,minsup,0.62269668,0.3874,105.65,3,False,,20260922_032220,50000,80,0.02
Eclat_Gen_Borgelt,1,syn_n50000_i80_l8_s08_c025,minsup,0.62269668,0.0242,4.3,2,False,,20260922_032220,50000,80,0.02
FPgrowth_Gen_Borgelt,1,syn_n50000_i80_l8_s08_c025,minsup,0.62269668,0.0388,4.02,2,False,,20260922_032220,50000,80,0.02
Gr_growth,1,syn_n50000_i80_l8_s08_c025,minsup,0.62269668,0.0397,3.8,3,False,,20260922_032221,50000,80,0.02
Pascal,1,syn_n50000_i80_l8_s08_c025,minsup,0.62269668,0.3592,109.83,2,False,,20260922_032221,50000,80,0.02
TalkyG_Diffset,1,syn_n50000_i80_l8_s08_c025,minsup,0.62269668,0.4032,102.46,3,False,,20260922_032222,50000,80,0.02
Talky_G,1,syn_n50000_i80_l8_s08_c025,minsup,0.62269668,0.4206,102.91,3,False,,20260922_032222,50000,80,0.02
Zart,1,syn_n50000_i80_l8_s08_c025,minsup,0.62269668,0.4055,115.71,3,False,,20260922_032223,50000,80,0.02
Apriori_Gen_Borgelt,1,syn_n50000_i80_l8_s08_c025,minsup,0.38009951999999997,0.0348,4.13,5,False,,20260922_032223,50000,80,0.05
DefMe,1,syn_n50000_i80_l8_s08_c025,minsup,0.38009951999999997,0.3791,101.99,6,False,,20260922_032224,50000,80,0.05
Eclat_Gen_Borgelt,1,syn_n50000_i80_l8_s08_c025,minsup,0.38009951999999997,0.0389,4.07,5,False,,20260922_032224,50000,80,0.05
FPgrowth_Gen_Borgelt,1,syn_n50000_i80_l8_s08_c025,minsup,0.38009951999999997,0.0274,4.36,5,False,,20260922_032224,50000,80,0.05
Gr_growth,1,syn_n50000_i80_l8_s08_c025,minsup,0.38009951999999997,0.0607,13.86,6,False,,20260922_032224,50000,80,0.05
Pascal,1,syn_n50000_i80_l8_s08_c025,minsup,0.38009951999999997,0.3587,111.67,5,False,,20260922_032225,50000,80,0.05
TalkyG_Diffset,1,syn_n50000_i80_l8_s08_c025,minsup,0.38009951999999997,0.3785,106.18,6,False,,20260922_032225,50000,80,0.05
Talky_G,1,syn_n50000_i80_l8_s08_c025,minsup,0.38009951999999997,0.4319,109.7,6,False,,20260922_032226,50000,80,0.05
Zart,1,syn_n50000_i80_l8_s08_c025,minsup,0.38009951999999997,0.4606,114.39,6,False,,20260922_032226,50000,80,0.05
Apriori_Gen_Borgelt,1,syn_n50000_i80_l8_s08_c025,minsup,0.22359617999999998,0.0382,3.82,15,False,,20260922_032227,50000,80,0.12
DefMe,1,syn_n50000_i80_l8_s08_c025,minsup,0.22359617999999998,0.3357,105.29,16,False,,20260922_032227,50000,80,0.12
Eclat_Gen_Borgelt,1,syn_n50000_i80_l8_s08_c025,minsup,0.22359617999999998,0.0379,3.97,15,False,,20260922_032227,50000,80,0.12
FPgrowth_Gen_Borgelt,1,syn_n50000_i80_l8_s08_c025,minsup,0.22359617999999998,0.043,4.4,15,False,,20260922_032227,50000,80,0.12
Gr_growth,1,syn_n50000_i80_l8_s08_c025,minsup,0.22359617999999998,0.0384,3.8,16,False,,20260922_032228,50000,80,0.12
Pascal,1,syn_n50000_i80_l8_s08_c025,minsup,0.22359617999999998,0.5345,110.43,15,False,,20260922_032228,50000,80,0.12
TalkyG_Diffset,1,syn_n50000_i80_l8_s08_c025,minsup,0.22359617999999998,0.4213,105.87,16,False,,20260922_032229,50000,80,0.12
Talky_G,1,syn_n50000_i80_l8_s08_c025,minsup,0.22359617999999998,0.4425,109.7,16,False,,20260922_032229,50000,80,0.12
Zart,1,syn_n50000_i80_l8_s08_c025,minsup,0.22359617999999998,0.4966,118.29,16,False,,20260922_032230,50000,80,0.12
Apriori_Gen_Borgelt,1,syn_n50000_i80_l8_s08_c025,minsup,0.13084902,0.0699,6.84,45,False,,20260922_032230,50000,80,0.25
DefMe,1,syn_n50000_i80_l8_s08_c025,minsup,0.13084902,0.3979,102.63,46,False,,20260922_032231,50000,80,0.25
Eclat_Gen_Borgelt,1,syn_n50000_i80_l8_s08_c025,minsup,0.13084902,0.0494,6.34,45,False,,20260922_032231,50000,80,0.25
FPgrowth_Gen_Borgelt,1,syn_n50000_i80_l8_s08_c025,minsup,0.13084902,0.0353,6.72,45,False,,20260922_032231,50000,80,0.25
Gr_growth,1,syn_n50000_i80_l8_s08_c025,minsup,0.13084902,0.0515,14.46,46,False,,20260922_032231,50000,80,0.25
Pascal,1,syn_n50000_i80_l8_s08_c025,minsup,0.13084902,0.936,107.98,45,False,,20260922_032233,50000,80,0.25
TalkyG_Diffset,1,syn_n50000_i80_l8_s08_c025,minsup,0.13084902,0.4539,107.82,46,False,,20260922_032233,50000,80,0.25
Talky_G,1,syn_n50000_i80_l8_s08_c025,minsup,0.13084902,0.4009,108.14,46,False,,20260922_032234,50000,80,0.25
Zart,1,syn_n50000_i80_l8_s08_c025,minsup,0.13084902,0.6065,126.91,46,False,,20260922_032234,50000,80,0.25
Apriori_Gen_Borgelt,1,syn_n50000_i80_l8_s08_c06,minsup,0.50982966,0.0338,3.96,2,False,,20260922_032235,50000,80,0.02
DefMe,1,syn_n50000_i80_l8_s08_c06,minsup,0.50982966,0.3557,102.68,3,False,,20260922_032235,50000,80,0.02
Eclat_Gen_Borgelt,1,syn_n50000_i80_l8_s08_c06,minsup,0.50982966,0.0313,4.89,2,False,,20260922_032235,50000,80,0.02
FPgrowth_Gen_Borgelt,1,syn_n50000_i80_l8_s08_c06,minsup,0.50982966,0.0321,4.37,2,False,,20260922_032235,50000,80,0.02
Gr_growth,1,syn_n50000_i80_l8_s08_c06,minsup,0.50982966,0.0316,3.81,3,False,,20260922_032236,50000,80,0.02
Pascal,1,syn_n50000_i80_l8_s08_c06,minsup,0.50982966,0.3427,107.1,2,False,,20260922_032236,50000,80,0.02
TalkyG_Diffset,1,syn_n50000_i80_l8_s08_c06,minsup,0.50982966,0.3981,105.34,3,False,,20260922_032237,50000,80,0.02
Talky_G,1,syn_n50000_i80_l8_s08_c06,minsup,0.50982966,0.3933,103.48,3,False,,20260922_032237,50000,80,0.02
Zart,1,syn_n50000_i80_l8_s08_c06,minsup,0.50982966,0.3828,115.5,3,False,,20260922_032238,50000,80,0.02
Apriori_Gen_Borgelt,1,syn_n50000_i80_l8_s08_c06,minsup,0.3065931,0.0329,4.2,5,False,,20260922_032238,50000,80,0.05
DefMe,1,syn_n50000_i80_l8_s08_c06,minsup,0.3065931,0.3443,103.61,6,False,,20260922_032238,50000,80,0.05
Eclat_Gen_Borgelt,1,syn_n50000_i80_l8_s08_c06,minsup,0.3065931,0.0402,4.07,5,False,,20260922_032239,50000,80,0.05
FPgrowth_Gen_Borgelt,1,syn_n50000_i80_l8_s08_c06,minsup,0.3065931,0.0369,6.21,5,False,,20260922_032239,50000,80,0.05
Gr_growth,1,syn_n50000_i80_l8_s08_c06,minsup,0.3065931,0.0241,3.78,6,False,,20260922_032239,50000,80,0.05
Pascal,1,syn_n50000_i80_l8_s08_c06,minsup,0.3065931,0.3491,108.69,5,False,,20260922_032240,50000,80,0.05
TalkyG_Diffset,1,syn_n50000_i80_l8_s08_c06,minsup,0.3065931,0.4614,103.38,6,False,,20260922_032240,50000,80,0.05
Talky_G,1,syn_n50000_i80_l8_s08_c06,minsup,0.3065931,0.4735,104.41,6,False,,20260922_032241,50000,80,0.05
Zart,1,syn_n50000_i80_l8_s08_c06,minsup,0.3065931,0.4519,120.91,6,False,,20260922_032241,50000,80,0.05
Apriori_Gen_Borgelt,1,syn_n50000_i80_l8_s08_c06,minsup,0.19392588,0.0527,3.88,11,False,,20260922_032242,50000,80,0.12
DefMe,1,syn_n50000_i80_l8_s08_c06,minsup,0.19392588,0.3618,103.39,12,False,,20260922_032242,50000,80,0.12
Eclat_Gen_Borgelt,1,syn_n50000_i80_l8_s08_c06,minsup,0.19392588,0.0373,0.18,11,False,,20260922_032242,50000,80,0.12
FPgrowth_Gen_Borgelt,1,syn_n50000_i80_l8_s08_c06,minsup,0.19392588,0.0631,6.25,11,False,,20260922_032243,50000,80,0.12
Gr_growth,1,syn_n50000_i80_l8_s08_c06,minsup,0.19392588,0.0578,13.85,12,False,,20260922_032243,50000,80,0.12
Pascal,1,syn_n50000_i80_l8_s08_c06,minsup,0.19392588,0.5888,106.24,11,False,,20260922_032243,50000,80,0.12
TalkyG_Diffset,1,syn_n50000_i80_l8_s08_c06,minsup,0.19392588,0.379,106.29,12,False,,20260922_032244,50000,80,0.12
Talky_G,1,syn_n50000_i80_l8_s08_c06,minsup,0.19392588,0.4234,107.26,12,False,,20260922_032245,50000,80,0.12
Zart,1,syn_n50000_i80_l8_s08_c06,minsup,0.19392588,0.5128,115.97,12,False,,20260922_032245,50000,80,0.12
Apriori_Gen_Borgelt,1,syn_n50000_i80_l8_s08_c06,minsup,0.12719268,0.0403,6.21,32,False,,20260922_032245,50000,80,0.25
DefMe,1,syn_n50000_i80_l8_s08_c06,minsup,0.12719268,0.3735,103.86,33,False,,20260922_032246,50000,80,0.25
Eclat_Gen_Borgelt,1,syn_n50000_i80_l8_s08_c06,minsup,0.12719268,0.0456,6.62,32,False,,20260922_032246,50000,80,0.25
FPgrowth_Gen_Borgelt,1,syn_n50000_i80_l8_s08_c06,minsup,0.12719268,0.0541,6.32,32,False,,20260922_032246,50000,80,0.25
Gr_growth,1,syn_n50000_i80_l8_s08_c06,minsup,0.12719268,0.0389,3.83,33,False,,20260922_032246,50000,80,0.25
Pascal,1,syn_n50000_i80_l8_s08_c06,minsup,0.12719268,0.7425,111.33,32,False,,20260922_032247,50000,80,0.25
TalkyG_Diffset,1,syn_n50000_i80_l8_s08_c06,minsup,0.12719268,0.4096,107.32,33,False,,20260922_032248,50000,80,0.25
Talky_G,1,syn_n50000_i80_l8_s08_c06,minsup,0.12719268,0.3862,104.79,33,False,,20260922_032248,50000,80,0.25
Zart,1,syn_n50000_i80_l8_s08_c06,minsup,0.12719268,0.5993,119.71,33,False,,20260922_032249,50000,80,0.25
Apriori_Gen_Borgelt,1,syn_n50000_i80_l8_s16_c025,minsup,0.96407496,0.0599,3.07,1,False,,20260922_032249,50000,63,0.02
DefMe,1,syn_n50000_i80_l8_s16_c025,minsup,0.96407496,0.3371,103.77,2,False,,20260922_032250,50000,63,0.02
Eclat_Gen_Borgelt,1,syn_n50000_i80_l8_s16_c025,minsup,0.96407496,0.0278,4.2,1,False,,20260922_032250,50000,63,0.02
FPgrowth_Gen_Borgelt,1,syn_n50000_i80_l8_s16_c025,minsup,0.96407496,0.0298,4.45,1,False,,20260922_032250,50000,63,0.02
Gr_growth,1,syn_n50000_i80_l8_s16_c025,minsup,0.96407496,0.0147,0.23,2,False,,20260922_032250,50000,63,0.02
Pascal,1,syn_n50000_i80_l8_s16_c025,minsup,0.96407496,0.3674,111.04,1,False,,20260922_032251,50000,63,0.02
TalkyG_Diffset,1,syn_n50000_i80_l8_s16_c025,minsup,0.96407496,0.3903,106.93,2,False,,20260922_032251,50000,63,0.02
Talky_G,1,syn_n50000_i80_l8_s16_c025,minsup,0.96407496,0.4054,109.45,2,False,,20260922_032252,50000,63,0.02
Zart,1,syn_n50000_i80_l8_s16_c025,minsup,0.96407496,0.3958,112.12,2,False,,20260922_032253,50000,63,0.02
Apriori_Gen_Borgelt,1,syn_n50000_i80_l8_s16_c025,minsup,0.7653738600000001,0.024,4.25,4,False,,20260922_032253,50000,63,0.05
DefMe,1,syn_n50000_i80_l8_s16_c025,minsup,0.7653738600000001,0.3815,104.57,5,False,,20260922_032253,50000,63,0.05
Eclat_Gen_Borgelt,1,syn_n50000_i80_l8_s16_c025,minsup,0.7653738600000001,0.026,4.91,4,False,,20260922_032253,50000,63,0.05
FPgrowth_Gen_Borgelt,1,syn_n50000_i80_l8_s16_c025,minsup,0.7653738600000001,0.038,4.12,4,False,,20260922_032254,50000,63,0.05
Gr_growth,1,syn_n50000_i80_l8_s16_c025,minsup,0.7653738600000001,0.0226,3.81,5,False,,20260922_032254,50000,63,0.05
Pascal,1,syn_n50000_i80_l8_s16_c025,minsup,0.7653738600000001,0.345,108.98,4,False,,20260922_032254,50000,63,0.05
TalkyG_Diffset,1,syn_n50000_i80_l8_s16_c025,minsup,0.7653738600000001,0.3823,99.64,5,False,,20260922_032255,50000,63,0.05
Talky_G,1,syn_n50000_i80_l8_s16_c025,minsup,0.7653738600000001,0.3867,106.38,5,False,,20260922_032255,50000,63,0.05
Zart,1,syn_n50000_i80_l8_s16_c025,minsup,0.7653738600000001,0.448,117.5,5,False,,20260922_032256,50000,63,0.05
Apriori_Gen_Borgelt,1,syn_n50000_i80_l8_s16_c025,minsup,0.39014946,0.0328,4.09,27,False,,20260922_032256,50000,63,0.12
DefMe,1,syn_n50000_i80_l8_s16_c025,minsup,0.39014946,0.3466,100.62,28,False,,20260922_032257,50000,63,0.12
Eclat_Gen_Borgelt,1,syn_n50000_i80_l8_s16_c025,minsup,0.39014946,0.0445,6.25,27,False,,20260922_032257,50000,63,0.12
FPgrowth_Gen_Borgelt,1,syn_n50000_i80_l8_s16_c025,minsup,0.39014946,0.0392,4.26,27,False,,20260922_032257,50000,63,0.12
Gr_growth,1,syn_n50000_i80_l8_s16_c025,minsup,0.39014946,0.0379,3.8,28,False,,20260922_032257,50000,63,0.12
Pascal,1,syn_n50000_i80_l8_s16_c025,minsup,0.39014946,0.4951,108.54,27,False,,20260922_032258,50000,63,0.12
TalkyG_Diffset,1,syn_n50000_i80_l8_s16_c025,minsup,0.39014946,0.364,105.41,28,False,,20260922_032258,50000,63,0.12
Talky_G,1,syn_n50000_i80_l8_s16_c025,minsup,0.39014946,0.4241,106.47,28,False,,20260922_032259,50000,63,0.12
Zart,1,syn_n50000_i80_l8_s16_c025,minsup,0.39014946,0.4873,125.36,28,False,,20260922_032300,50000,63,0.12
Apriori_Gen_Borgelt,1,syn_n50000_i80_l8_s16_c025,minsup,0.1357641,0.0732,6.9,224,False,,20260922_032300,50000,63,0.25
DefMe,1,syn_n50000_i80_l8_s16_c025,minsup,0.1357641,0.3969,110.64,225,False,,20260922_032300,50000,63,0.25
Eclat_Gen_Borgelt,1,syn_n50000_i80_l8_s16_c025,minsup,0.1357641,0.039,4.18,224,False,,20260922_032301,50000,63,0.25
FPgrowth_Gen_Borgelt,1,syn_n50000_i80_l8_s16_c025,minsup,0.1357641,0.0399,4.32,224,False,,20260922_032301,50000,63,0.25
Gr_growth,1,syn_n50000_i80_l8_s16_c025,minsup,0.1357641,0.0415,3.8,225,False,,20260922_032301,50000,63,0.25
Pascal,1,syn_n50000_i80_l8_s16_c025,minsup,0.1357641,1.1693,100.88,224,False,,20260922_032302,50000,63,0.25
TalkyG_Diffset,1,syn_n50000_i80_l8_s16_c025,minsup,0.1357641,0.4493,96.64,225,False,,20260922_032303,50000,63,0.25
Talky_G,1,syn_n50000_i80_l8_s16_c025,minsup,0.1357641,0.4646,92.94,225,False,,20260922_032303,50000,63,0.25
Zart,1,syn_n50000_i80_l8_s16_c025,minsup,0.1357641,1.0254,130.56,225,False,,20260922_032305,50000,63,0.25
Apriori_Gen_Borgelt,1,syn_n50000_i80_l8_s16_c06,minsup,0.96027876,0.0549,5.43,1,False,,20260922_032305,50000,68,0.02
DefMe,1,syn_n50000_i80_l8_s16_c06,minsup,0.96027876,0.4181,103.09,2,False,,20260922_032305,50000,68,0.02
Eclat_Gen_Borgelt,1,syn_n50000_i80_l8_s16_c06,minsup,0.96027876,0.0218,4.32,1,False,,20260922_032306,50000,68,0.02
FPgrowth_Gen_Borgelt,1,syn_n50000_i80_l8_s16_c06,minsup,0.96027876,0.0252,4.16,1,False,,20260922_032306,50000,68,0.02
Gr_growth,1,syn_n50000_i80_l8_s16_c06,minsup,0.96027876,0.0165,0.26,2,False,,20260922_032306,50000,68,0.02
Pascal,1,syn_n50000_i80_l8_s16_c06,minsup,0.96027876,0.3867,108.79,1,False,,20260922_032307,50000,68,0.02
TalkyG_Diffset,1,syn_n50000_i80_l8_s16_c06,minsup,0.96027876,0.4342,105.83,2,False,,20260922_032307,50000,68,0.02
Talky_G,1,syn_n50000_i80_l8_s16_c06,minsup,0.96027876,0.4229,104.62,2,False,,20260922_032308,50000,68,0.02
Zart,1,syn_n50000_i80_l8_s16_c06,minsup,0.96027876,0.397,110.49,2,False,,20260922_032308,50000,68,0.02
Apriori_Gen_Borgelt,1,syn_n50000_i80_l8_s16_c06,minsup,0.6447546,0.0251,4.15,4,False,,20260922_032308,50000,68,0.05
DefMe,1,syn_n50000_i80_l8_s16_c06,minsup,0.6447546,0.436,102.88,5,False,,20260922_032309,50000,68,0.05
Eclat_Gen_Borgelt,1,syn_n50000_i80_l8_s16_c06,minsup,0.6447546,0.034,4.26,4,False,,20260922_032309,50000,68,0.05
FPgrowth_Gen_Borgelt,1,syn_n50000_i80_l8_s16_c06,minsup,0.6447546,0.0238,4.46,4,False,,20260922_032309,50000,68,0.05
Gr_growth,1,syn_n50000_i80_l8_s16_c06,minsup,0.6447546,0.0232,3.8,5,False,,20260922_032310,50000,68,0.05
Pascal,1,syn_n50000_i80_l8_s16_c06,minsup,0.6447546,0.3693,106.93,4,False,,20260922_032310,50000,68,0.05
TalkyG_Diffset,1,syn_n50000_i80_l8_s16_c06,minsup,0.6447546,0.3805,106.25,5,False,,20260922_032311,50000,68,0.05
Talky_G,1,syn_n50000_i80_l8_s16_c06,minsup,0.6447546,0.3685,103.18,5,False,,20260922_032311,50000,68,0.05
Zart,1,syn_n50000_i80_l8_s16_c06,minsup,0.6447546,0.4422,120.98,5,False,,20260922_032312,50000,68,0.05
Apriori_Gen_Borgelt,1,syn_n50000_i80_l8_s16_c06,minsup,0.39074886,0.034,6.17,23,False,,20260922_032312,50000,68,0.12
DefMe,1,syn_n50000_i80_l8_s16_c06,minsup,0.39074886,0.392,104.59,24,False,,20260922_032312,50000,68,0.12
Eclat_Gen_Borgelt,1,syn_n50000_i80_l8_s16_c06,minsup,0.39074886,0.0395,3.91,23,False,,20260922_032313,50000,68,0.12
FPgrowth_Gen_Borgelt,1,syn_n50000_i80_l8_s16_c06,minsup,0.39074886,0.0351,6.25,23,False,,20260922_032313,50000,68,0.12
Gr_growth,1,syn_n50000_i80_l8_s16_c06,minsup,0.39074886,0.0479,4.16,24,False,,20260922_032313,50000,68,0.12
Pascal,1,syn_n50000_i80_l8_s16_c06,minsup,0.39074886,0.4933,110.93,23,False,,20260922_032314,50000,68,0.12
Gr_growth,1,syn_n10000_i2000_l40_s16_c06,minsup,0.0061938,300.7543,7466.48,165198155,True,,20260922_032314,10000,1732,0.25
TalkyG_Diffset,1,syn_n50000_i80_l8_s16_c06,minsup,0.39074886,0.3986,105.52,24,False,,20260922_032314,50000,68,0.12
Talky_G,1,syn_n50000_i80_l8_s16_c06,minsup,0.39074886,0.4811,108.8,24,False,,20260922_032315,50000,68,0.12
Zart,1,syn_n50000_i80_l8_s16_c06,minsup,0.39074886,0.5002,112.89,24,False,,20260922_032315,50000,68,0.12
Apriori_Gen_Borgelt,1,syn_n50000_i80_l8_s16_c06,minsup,0.11730257999999999,0.0497,6.53,288,False,,20260922_032315,50000,68,0.25
Eclat_Gen_Borgelt,1,syn_n50000_i80_l8_s16_c06,minsup,0.11730257999999999,0.039,6.23,288,False,,20260922_032315,50000,68,0.25
FPgrowth_Gen_Borgelt,1,syn_n50000_i80_l8_s16_c06,minsup,0.11730257999999999,0.0464,4.6,288,False,,20260922_032316,50000,68,0.25
DefMe,1,syn_n50000_i80_l8_s16_c06,minsup,0.11730257999999999,0.5267,112.75,289,False,,20260922_032316,50000,68,0.25
Gr_growth,1,syn_n50000_i80_l8_s16_c06,minsup,0.11730257999999999,0.0723,14.28,289,False,,20260922_032316,50000,68,0.25
TalkyG_Diffset,1,syn_n50000_i80_l8_s16_c06,minsup,0.11730257999999999,0.4407,111.64,289,False,,20260922_032316,50000,68,0.25
Talky_G,1,syn_n50000_i80_l8_s16_c06,minsup,0.11730257999999999,0.4233,106.34,289,False,,20260922_032317,50000,68,0.25
Pascal,1,syn_n50000_i80_l8_s16_c06,minsup,0.11730257999999999,1.655,104.31,288,False,,20260922_032318,50000,68,0.25
Apriori_Gen_Borgelt,1,syn_n50000_i80_l20_s00_c025,minsup,0.35962002000000004,0.0667,8.02,2,False,,20260922_032318,50000,80,0.02
DefMe,1,syn_n50000_i80_l20_s00_c025,minsup,0.35962002000000004,0.4938,123.48,3,False,,20260922_032318,50000,80,0.02
Eclat_Gen_Borgelt,1,syn_n50000_i80_l20_s00_c025,minsup,0.35962002000000004,0.0759,7.29,2,False,,20260922_032319,50000,80,0.02
Zart,1,syn_n50000_i80_l8_s16_c06,minsup,0.11730257999999999,1.5333,162.19,289,False,,20260922_032319,50000,68,0.25
FPgrowth_Gen_Borgelt,1,syn_n50000_i80_l20_s00_c025,minsup,0.35962002000000004,0.0504,7.02,2,False,,20260922_032319,50000,80,0.02
Gr_growth,1,syn_n50000_i80_l20_s00_c025,minsup,0.35962002000000004,0.0424,13.86,3,False,,20260922_032319,50000,80,0.02
Pascal,1,syn_n50000_i80_l20_s00_c025,minsup,0.35962002000000004,0.5427,125.19,2,False,,20260922_032320,50000,80,0.02
TalkyG_Diffset,1,syn_n50000_i80_l20_s00_c025,minsup,0.35962002000000004,0.5123,124.54,3,False,,20260922_032320,50000,80,0.02
Talky_G,1,syn_n50000_i80_l20_s00_c025,minsup,0.35962002000000004,0.6115,123.89,3,False,,20260922_032320,50000,80,0.02
Zart,1,syn_n50000_i80_l20_s00_c025,minsup,0.35962002000000004,0.5953,144.84,3,False,,20260922_032320,50000,80,0.02
Apriori_Gen_Borgelt,1,syn_n50000_i80_l20_s00_c025,minsup,0.3330666,0.055,8.79,4,False,,20260922_032321,50000,80,0.05
Eclat_Gen_Borgelt,1,syn_n50000_i80_l20_s00_c025,minsup,0.3330666,0.0691,5.85,4,False,,20260922_032321,50000,80,0.05
FPgrowth_Gen_Borgelt,1,syn_n50000_i80_l20_s00_c025,minsup,0.3330666,0.0583,7.13,4,False,,20260922_032321,50000,80,0.05
DefMe,1,syn_n50000_i80_l20_s00_c025,minsup,0.3330666,0.5061,120.5,5,False,,20260922_032321,50000,80,0.05
Gr_growth,1,syn_n50000_i80_l20_s00_c025,minsup,0.3330666,0.0456,3.8,5,False,,20260922_032321,50000,80,0.05
Pascal,1,syn_n50000_i80_l20_s00_c025,minsup,0.3330666,0.4824,129.98,4,False,,20260922_032322,50000,80,0.05
TalkyG_Diffset,1,syn_n50000_i80_l20_s00_c025,minsup,0.3330666,0.5484,124.99,5,False,,20260922_032322,50000,80,0.05
Talky_G,1,syn_n50000_i80_l20_s00_c025,minsup,0.3330666,0.5503,127.89,5,False,,20260922_032323,50000,80,0.05
Apriori_Gen_Borgelt,1,syn_n50000_i80_l20_s00_c025,minsup,0.32221746,0.0573,8.47,10,False,,20260922_032323,50000,80,0.12
Zart,1,syn_n50000_i80_l20_s00_c025,minsup,0.3330666,0.6355,140.58,5,False,,20260922_032323,50000,80,0.05
Eclat_Gen_Borgelt,1,syn_n50000_i80_l20_s00_c025,minsup,0.32221746,0.0515,7.65,10,False,,20260922_032323,50000,80,0.12
FPgrowth_Gen_Borgelt,1,syn_n50000_i80_l20_s00_c025,minsup,0.32221746,0.0649,8.09,10,False,,20260922_032323,50000,80,0.12
Gr_growth,1,syn_n50000_i80_l20_s00_c025,minsup,0.32221746,0.0526,13.84,11,False,,20260922_032324,50000,80,0.12
DefMe,1,syn_n50000_i80_l20_s00_c025,minsup,0.32221746,0.6536,122.61,11,False,,20260922_032324,50000,80,0.12
TalkyG_Diffset,1,syn_n50000_i80_l20_s00_c025,minsup,0.32221746,0.5007,125.79,11,False,,20260922_032324,50000,80,0.12
Pascal,1,syn_n50000_i80_l20_s00_c025,minsup,0.32221746,0.5912,121.04,10,False,,20260922_032324,50000,80,0.12
Talky_G,1,syn_n50000_i80_l20_s00_c025,minsup,0.32221746,0.5635,123.2,11,False,,20260922_032325,50000,80,0.12
Apriori_Gen_Borgelt,1,syn_n50000_i80_l20_s00_c025,minsup,0.30817152,0.0892,9.71,20,False,,20260922_032325,50000,80,0.25
Zart,1,syn_n50000_i80_l20_s00_c025,minsup,0.32221746,0.7085,144.37,11,False,,20260922_032325,50000,80,0.12
Eclat_Gen_Borgelt,1,syn_n50000_i80_l20_s00_c025,minsup,0.30817152,0.0922,9.21,20,False,,20260922_032325,50000,80,0.25
FPgrowth_Gen_Borgelt,1,syn_n50000_i80_l20_s00_c025,minsup,0.30817152,0.0619,8.85,20,False,,20260922_032326,50000,80,0.25
DefMe,1,syn_n50000_i80_l20_s00_c025,minsup,0.30817152,0.4859,120.57,21,False,,20260922_032326,50000,80,0.25
Gr_growth,1,syn_n50000_i80_l20_s00_c025,minsup,0.30817152,0.08,15.35,21,False,,20260922_032326,50000,80,0.25
TalkyG_Diffset,1,syn_n50000_i80_l20_s00_c025,minsup,0.30817152,0.5055,127.87,21,False,,20260922_032327,50000,80,0.25
Pascal,1,syn_n50000_i80_l20_s00_c025,minsup,0.30817152,1.1704,124.67,20,False,,20260922_032327,50000,80,0.25
Talky_G,1,syn_n50000_i80_l20_s00_c025,minsup,0.30817152,0.4641,127.14,21,False,,20260922_032327,50000,80,0.25
Apriori_Gen_Borgelt,1,syn_n50000_i80_l20_s00_c06,minsup,0.33700265999999995,0.0652,6.55,2,False,,20260922_032328,50000,80,0.02
DefMe,1,syn_n50000_i80_l20_s00_c06,minsup,0.33700265999999995,0.4361,119.17,3,False,,20260922_032328,50000,80,0.02
Zart,1,syn_n50000_i80_l20_s00_c025,minsup,0.30817152,0.9138,155.53,21,False,,20260922_032328,50000,80,0.25
Eclat_Gen_Borgelt,1,syn_n50000_i80_l20_s00_c06,minsup,0.33700265999999995,0.0571,3.92,2,False,,20260922_032328,50000,80,0.02
FPgrowth_Gen_Borgelt,1,syn_n50000_i80_l20_s00_c06,minsup,0.33700265999999995,0.0493,4.14,2,False,,20260922_032329,50000,80,0.02
Gr_growth,1,syn_n50000_i80_l20_s00_c06,minsup,0.33700265999999995,0.0547,13.39,3,False,,20260922_032329,50000,80,0.02
Pascal,1,syn_n50000_i80_l20_s00_c06,minsup,0.33700265999999995,0.5641,122.05,2,False,,20260922_032329,50000,80,0.02
TalkyG_Diffset,1,syn_n50000_i80_l20_s00_c06,minsup,0.33700265999999995,0.4769,119.87,3,False,,20260922_032329,50000,80,0.02
Talky_G,1,syn_n50000_i80_l20_s00_c06,minsup,0.33700265999999995,0.545,121.44,3,False,,20260922_032330,50000,80,0.02
Zart,1,syn_n50000_i80_l20_s00_c06,minsup,0.33700265999999995,0.5146,140.37,3,False,,20260922_032330,50000,80,0.02
Pascal,1,syn_n10000_i2000_l40_s16_c06,minsup,0.0061938,300.1688,347.04,212954,True,,20260922_032330,10000,1732,0.25
Apriori_Gen_Borgelt,1,syn_n50000_i80_l20_s00_c06,minsup,0.33032934,0.0561,4.07,4,False,,20260922_032330,50000,80,0.05
Eclat_Gen_Borgelt,1,syn_n50000_i80_l20_s00_c06,minsup,0.33032934,0.0923,8.61,4,False,,20260922_032330,50000,80,0.05
FPgrowth_Gen_Borgelt,1,syn_n50000_i80_l20_s00_c06,minsup,0.33032934,0.0502,7.24,4,False,,20260922_032331,50000,80,0.05
Gr_growth,1,syn_n50000_i80_l20_s00_c06,minsup,0.33032934,0.0585,13.87,5,False,,20260922_032331,50000,80,0.05
DefMe,1,syn_n50000_i80_l20_s00_c06,minsup,0.33032934,0.558,116.1,5,False,,20260922_032331,50000,80,0.05
Pascal,1,syn_n50000_i80_l20_s00_c06,minsup,0.33032934,0.6006,121.52,4,False,,20260922_032331,50000,80,0.05
TalkyG_Diffset,1,syn_n50000_i80_l20_s00_c06,minsup,0.33032934,0.6304,122.55,5,False,,20260922_032331,50000,80,0.05
Talky_G,1,syn_n50000_i80_l20_s00_c06,minsup,0.33032934,0.5629,122.05,5,False,,20260922_032332,50000,80,0.05
TalkyG_Diffset,1,syn_n10000_i2000_l40_s16_c06,minsup,0.0061938,300.1706,421.83,1039098,True,,20260922_032332,10000,1732,0.25
Apriori_Gen_Borgelt,1,syn_n50000_i80_l20_s00_c06,minsup,0.3109887,0.0687,6.33,10,False,,20260922_032332,50000,80,0.12
Eclat_Gen_Borgelt,1,syn_n50000_i80_l20_s00_c06,minsup,0.3109887,0.0514,8.1,10,False,,20260922_032332,50000,80,0.12
FPgrowth_Gen_Borgelt,1,syn_n50000_i80_l20_s00_c06,minsup,0.3109887,0.068,7.46,10,False,,20260922_032332,50000,80,0.12
Gr_growth,1,syn_n50000_i80_l20_s00_c06,minsup,0.3109887,0.0496,13.89,11,False,,20260922_032332,50000,80,0.12
Zart,1,syn_n50000_i80_l20_s00_c06,minsup,0.33032934,0.7709,142.64,5,False,,20260922_032332,50000,80,0.05
DefMe,1,syn_n50000_i80_l20_s00_c06,minsup,0.3109887,0.7124,121.8,11,False,,20260922_032332,50000,80,0.12
Pascal,1,syn_n50000_i80_l20_s00_c06,minsup,0.3109887,0.7811,119.73,10,False,,20260922_032333,50000,80,0.12
Talky_G,1,syn_n50000_i80_l20_s00_c06,minsup,0.3109887,0.6328,120.66,11,False,,20260922_032333,50000,80,0.12
TalkyG_Diffset,1,syn_n50000_i80_l20_s00_c06,minsup,0.3109887,0.8495,122.39,11,False,,20260922_032333,50000,80,0.12
Apriori_Gen_Borgelt,1,syn_n50000_i80_l20_s00_c06,minsup,0.28909062,0.1004,9.27,20,False,,20260922_032333,50000,80,0.25
Zart,1,syn_n50000_i80_l20_s00_c06,minsup,0.3109887,0.7357,138.89,11,False,,20260922_032333,50000,80,0.12
Eclat_Gen_Borgelt,1,syn_n50000_i80_l20_s00_c06,minsup,0.28909062,0.081,8.89,20,False,,20260922_032333,50000,80,0.25
FPgrowth_Gen_Borgelt,1,syn_n50000_i80_l20_s00_c06,minsup,0.28909062,0.0741,8.96,20,False,,20260922_032333,50000,80,0.25
Gr_growth,1,syn_n50000_i80_l20_s00_c06,minsup,0.28909062,0.0708,16.43,21,False,,20260922_032334,50000,80,0.25
DefMe,1,syn_n50000_i80_l20_s00_c06,minsup,0.28909062,0.7726,119.94,21,False,,20260922_032334,50000,80,0.25
TalkyG_Diffset,1,syn_n50000_i80_l20_s00_c06,minsup,0.28909062,0.6724,121.68,21,False,,20260922_032334,50000,80,0.25
Talky_G,1,syn_n50000_i80_l20_s00_c06,minsup,0.28909062,0.6844,125.97,21,False,,20260922_032334,50000,80,0.25
Apriori_Gen_Borgelt,1,syn_n50000_i80_l20_s08_c025,minsup,0.885114,0.056,6.52,2,False,,20260922_032335,50000,80,0.02
Eclat_Gen_Borgelt,1,syn_n50000_i80_l20_s08_c025,minsup,0.885114,0.0802,6.52,2,False,,20260922_032335,50000,80,0.02
Pascal,1,syn_n50000_i80_l20_s00_c06,minsup,0.28909062,1.2353,119.74,20,False,,20260922_032335,50000,80,0.25
FPgrowth_Gen_Borgelt,1,syn_n50000_i80_l20_s08_c025,minsup,0.885114,0.061,4.16,2,False,,20260922_032335,50000,80,0.02
Gr_growth,1,syn_n50000_i80_l20_s08_c025,minsup,0.885114,0.0593,13.84,3,False,,20260922_032335,50000,80,0.02
Zart,1,syn_n50000_i80_l20_s00_c06,minsup,0.28909062,1.1472,151.34,21,False,,20260922_032335,50000,80,0.25
DefMe,1,syn_n50000_i80_l20_s08_c025,minsup,0.885114,0.7193,121.04,3,False,,20260922_032335,50000,80,0.02
Pascal,1,syn_n50000_i80_l20_s08_c025,minsup,0.885114,0.6811,122.46,2,False,,20260922_032336,50000,80,0.02
TalkyG_Diffset,1,syn_n50000_i80_l20_s08_c025,minsup,0.885114,0.6658,123.28,3,False,,20260922_032336,50000,80,0.02
Apriori_Gen_Borgelt,1,syn_n50000_i80_l20_s08_c025,minsup,0.70197732,0.0618,6.96,8,False,,20260922_032336,50000,80,0.05
Talky_G,1,syn_n50000_i80_l20_s08_c025,minsup,0.885114,0.6152,128.02,3,False,,20260922_032336,50000,80,0.02
Zart,1,syn_n50000_i80_l20_s08_c025,minsup,0.885114,0.6813,139.76,3,False,,20260922_032336,50000,80,0.02
FPgrowth_Gen_Borgelt,1,syn_n50000_i80_l20_s08_c025,minsup,0.70197732,0.0509,8.79,8,False,,20260922_032336,50000,80,0.05
Eclat_Gen_Borgelt,1,syn_n50000_i80_l20_s08_c025,minsup,0.70197732,0.0768,7.02,8,False,,20260922_032336,50000,80,0.05
Gr_growth,1,syn_n50000_i80_l20_s08_c025,minsup,0.70197732,0.0516,13.84,9,False,,20260922_032336,50000,80,0.05
DefMe,1,syn_n50000_i80_l20_s08_c025,minsup,0.70197732,0.69,120.75,9,False,,20260922_032337,50000,80,0.05
Pascal,1,syn_n50000_i80_l20_s08_c025,minsup,0.70197732,0.6261,126.74,8,False,,20260922_032337,50000,80,0.05
TalkyG_Diffset,1,syn_n50000_i80_l20_s08_c025,minsup,0.70197732,0.6663,124.59,9,False,,20260922_032337,50000,80,0.05
Apriori_Gen_Borgelt,1,syn_n50000_i80_l20_s08_c025,minsup,0.51810138,0.0573,8.68,40,False,,20260922_032337,50000,80,0.12
Talky_G,1,syn_n50000_i80_l20_s08_c025,minsup,0.70197732,0.7984,119.05,9,False,,20260922_032337,50000,80,0.05
Eclat_Gen_Borgelt,1,syn_n50000_i80_l20_s08_c025,minsup,0.51810138,0.0553,4.53,40,False,,20260922_032338,50000,80,0.12
Zart,1,syn_n50000_i80_l20_s08_c025,minsup,0.70197732,0.733,145.62,9,False,,20260922_032338,50000,80,0.05
FPgrowth_Gen_Borgelt,1,syn_n50000_i80_l20_s08_c025,minsup,0.51810138,0.0577,7.61,40,False,,20260922_032338,50000,80,0.12
Gr_growth,1,syn_n50000_i80_l20_s08_c025,minsup,0.51810138,0.0507,13.89,41,False,,20260922_032338,50000,80,0.12
DefMe,1,syn_n50000_i80_l20_s08_c025,minsup,0.51810138,0.6752,120.95,41,False,,20260922_032338,50000,80,0.12
TalkyG_Diffset,1,syn_n50000_i80_l20_s08_c025,minsup,0.51810138,0.5851,127.88,41,False,,20260922_032339,50000,80,0.12
Talky_G,1,syn_n50000_i80_l20_s08_c025,minsup,0.51810138,0.6285,125.82,41,False,,20260922_032339,50000,80,0.12
Apriori_Gen_Borgelt,1,syn_n50000_i80_l20_s08_c025,minsup,0.31650318,0.1427,10.84,208,False,,20260922_032339,50000,80,0.25
Pascal,1,syn_n50000_i80_l20_s08_c025,minsup,0.51810138,0.9889,123.52,40,False,,20260922_032339,50000,80,0.12
Zart,1,syn_n50000_i80_l20_s08_c025,minsup,0.51810138,0.8247,176.93,41,False,,20260922_032339,50000,80,0.12
FPgrowth_Gen_Borgelt,1,syn_n50000_i80_l20_s08_c025,minsup,0.31650318,0.0916,10.14,208,False,,20260922_032339,50000,80,0.25
Eclat_Gen_Borgelt,1,syn_n50000_i80_l20_s08_c025,minsup,0.31650318,0.1382,15.77,208,False,,20260922_032339,50000,80,0.25
Gr_growth,1,syn_n50000_i80_l20_s08_c025,minsup,0.31650318,0.076,15.08,209,False,,20260922_032339,50000,80,0.25
DefMe,1,syn_n50000_i80_l20_s08_c025,minsup,0.31650318,0.6682,128.5,209,False,,20260922_032340,50000,80,0.25
TalkyG_Diffset,1,syn_n50000_i80_l20_s08_c025,minsup,0.31650318,0.7574,128.95,209,False,,20260922_032340,50000,80,0.25
Talky_G,1,syn_n50000_i80_l20_s08_c025,minsup,0.31650318,0.6972,128.12,209,False,,20260922_032340,50000,80,0.25
Apriori_Gen_Borgelt,1,syn_n50000_i80_l20_s08_c06,minsup,0.8771020199999999,0.0751,8.22,2,False,,20260922_032340,50000,80,0.02
Eclat_Gen_Borgelt,1,syn_n50000_i80_l20_s08_c06,minsup,0.8771020199999999,0.0712,6.7,2,False,,20260922_032341,50000,80,0.02
FPgrowth_Gen_Borgelt,1,syn_n50000_i80_l20_s08_c06,minsup,0.8771020199999999,0.0476,4.75,2,False,,20260922_032341,50000,80,0.02
DefMe,1,syn_n50000_i80_l20_s08_c06,minsup,0.8771020199999999,0.5371,119.3,3,False,,20260922_032341,50000,80,0.02
Gr_growth,1,syn_n50000_i80_l20_s08_c06,minsup,0.8771020199999999,0.0467,13.86,3,False,,20260922_032341,50000,80,0.02
Zart,1,syn_n50000_i80_l20_s08_c025,minsup,0.31650318,1.8953,248.62,209,False,,20260922_032342,50000,80,0.25
Pascal,1,syn_n50000_i80_l20_s08_c025,minsup,0.31650318,2.347,125.45,208,False,,20260922_032342,50000,80,0.25
Pascal,1,syn_n50000_i80_l20_s08_c06,minsup,0.8771020199999999,0.6414,122.86,2,False,,20260922_032342,50000,80,0.02
TalkyG_Diffset,1,syn_n50000_i80_l20_s08_c06,minsup,0.8771020199999999,0.621,122.57,3,False,,20260922_032342,50000,80,0.02
Apriori_Gen_Borgelt,1,syn_n50000_i80_l20_s08_c06,minsup,0.76085838,0.0515,8.55,5,False,,20260922_032342,50000,80,0.05
Eclat_Gen_Borgelt,1,syn_n50000_i80_l20_s08_c06,minsup,0.76085838,0.052,8.61,5,False,,20260922_032342,50000,80,0.05
FPgrowth_Gen_Borgelt,1,syn_n50000_i80_l20_s08_c06,minsup,0.76085838,0.0649,8.43,5,False,,20260922_032343,50000,80,0.05
Talky_G,1,syn_n50000_i80_l20_s08_c06,minsup,0.8771020199999999,0.8577,122.41,3,False,,20260922_032343,50000,80,0.02
Zart,1,syn_n50000_i80_l20_s08_c06,minsup,0.8771020199999999,0.7934,137.71,3,False,,20260922_032343,50000,80,0.02
Gr_growth,1,syn_n50000_i80_l20_s08_c06,minsup,0.76085838,0.0751,4.62,6,False,,20260922_032343,50000,80,0.05
DefMe,1,syn_n50000_i80_l20_s08_c06,minsup,0.76085838,0.7129,122.36,6,False,,20260922_032343,50000,80,0.05
Pascal,1,syn_n50000_i80_l20_s08_c06,minsup,0.76085838,0.6573,119.7,5,False,,20260922_032344,50000,80,0.05
Talky_G,1,syn_n50000_i80_l20_s08_c06,minsup,0.76085838,0.5858,120.5,6,False,,20260922_032344,50000,80,0.05
Apriori_Gen_Borgelt,1,syn_n50000_i80_l20_s08_c06,minsup,0.44013942,0.0564,7.72,52,False,,20260922_032344,50000,80,0.12
Zart,1,syn_n50000_i80_l20_s08_c06,minsup,0.76085838,0.665,137.46,6,False,,20260922_032344,50000,80,0.05
Eclat_Gen_Borgelt,1,syn_n50000_i80_l20_s08_c06,minsup,0.44013942,0.0553,8.63,52,False,,20260922_032344,50000,80,0.12
FPgrowth_Gen_Borgelt,1,syn_n50000_i80_l20_s08_c06,minsup,0.44013942,0.0687,8.64,52,False,,20260922_032344,50000,80,0.12
TalkyG_Diffset,1,syn_n50000_i80_l20_s08_c06,minsup,0.76085838,1.0613,121.91,6,False,,20260922_032344,50000,80,0.05
Gr_growth,1,syn_n50000_i80_l20_s08_c06,minsup,0.44013942,0.0588,13.9,53,False,,20260922_032344,50000,80,0.12
DefMe,1,syn_n50000_i80_l20_s08_c06,minsup,0.44013942,0.5577,124.56,53,False,,20260922_032344,50000,80,0.12
TalkyG_Diffset,1,syn_n50000_i80_l20_s08_c06,minsup,0.44013942,0.7056,122.75,53,False,,20260922_032345,50000,80,0.12
Talky_G,1,syn_n50000_i80_l20_s08_c06,minsup,0.44013942,0.5316,119.74,53,False,,20260922_032345,50000,80,0.12
Apriori_Gen_Borgelt,1,syn_n50000_i80_l20_s08_c06,minsup,0.31532435999999997,0.17,11.16,160,False,,20260922_032345,50000,80,0.25
Pascal,1,syn_n50000_i80_l20_s08_c06,minsup,0.44013942,1.0606,122.41,52,False,,20260922_032345,50000,80,0.12
Zart,1,syn_n50000_i80_l20_s08_c06,minsup,0.44013942,0.7816,170.98,53,False,,20260922_032345,50000,80,0.12
Eclat_Gen_Borgelt,1,syn_n50000_i80_l20_s08_c06,minsup,0.31532435999999997,0.123,12.71,160,False,,20260922_032346,50000,80,0.25
FPgrowth_Gen_Borgelt,1,syn_n50000_i80_l20_s08_c06,minsup,0.31532435999999997,0.1156,8.94,160,False,,20260922_032346,50000,80,0.25
Gr_growth,1,syn_n50000_i80_l20_s08_c06,minsup,0.31532435999999997,0.0783,15.88,161,False,,20260922_032346,50000,80,0.25
DefMe,1,syn_n50000_i80_l20_s08_c06,minsup,0.31532435999999997,0.6081,117.7,161,False,,20260922_032346,50000,80,0.25
TalkyG_Diffset,1,syn_n50000_i80_l20_s08_c06,minsup,0.31532435999999997,0.5914,120.27,161,False,,20260922_032346,50000,80,0.25
Talky_G,1,syn_n50000_i80_l20_s08_c06,minsup,0.31532435999999997,0.6056,121.46,161,False,,20260922_032346,50000,80,0.25
Apriori_Gen_Borgelt,1,syn_n50000_i80_l20_s16_c025,minsup,0.99508392,0.068,7.84,2,False,,20260922_032347,50000,79,0.02
Eclat_Gen_Borgelt,1,syn_n50000_i80_l20_s16_c025,minsup,0.99508392,0.0514,6.73,2,False,,20260922_032347,50000,79,0.02
FPgrowth_Gen_Borgelt,1,syn_n50000_i80_l20_s16_c025,minsup,0.99508392,0.0708,6.41,2,False,,20260922_032347,50000,79,0.02
Gr_growth,1,syn_n50000_i80_l20_s16_c025,minsup,0.99508392,0.0632,13.13,3,False,,20260922_032347,50000,79,0.02
DefMe,1,syn_n50000_i80_l20_s16_c025,minsup,0.99508392,0.6364,118.61,3,False,,20260922_032347,50000,79,0.02
Pascal,1,syn_n50000_i80_l20_s08_c06,minsup,0.31532435999999997,1.7863,120.06,160,False,,20260922_032348,50000,80,0.25
Zart,1,syn_n50000_i80_l20_s08_c06,minsup,0.31532435999999997,1.6104,220.94,161,False,,20260922_032348,50000,80,0.25
Pascal,1,syn_n50000_i80_l20_s16_c025,minsup,0.99508392,0.5886,122.62,2,False,,20260922_032348,50000,79,0.02
TalkyG_Diffset,1,syn_n50000_i80_l20_s16_c025,minsup,0.99508392,0.6497,121.43,3,False,,20260922_032348,50000,79,0.02
Apriori_Gen_Borgelt,1,syn_n50000_i80_l20_s16_c025,minsup,0.97114788,0.05,6.66,8,False,,20260922_032348,50000,79,0.05
Talky_G,1,syn_n50000_i80_l20_s16_c025,minsup,0.99508392,0.7798,119.18,3,False,,20260922_032348,50000,79,0.02
Eclat_Gen_Borgelt,1,syn_n50000_i80_l20_s16_c025,minsup,0.97114788,0.0493,6.62,8,False,,20260922_032348,50000,79,0.05
Zart,1,syn_n50000_i80_l20_s16_c025,minsup,0.99508392,0.7796,136.37,3,False,,20260922_032349,50000,79,0.02
FPgrowth_Gen_Borgelt,1,syn_n50000_i80_l20_s16_c025,minsup,0.97114788,0.0837,8.52,8,False,,20260922_032349,50000,79,0.05
Gr_growth,1,syn_n50000_i80_l20_s16_c025,minsup,0.97114788,0.0865,8.38,9,False,,20260922_032349,50000,79,0.05
DefMe,1,syn_n50000_i80_l20_s16_c025,minsup,0.97114788,0.6957,118.36,9,False,,20260922_032349,50000,79,0.05
Pascal,1,syn_n50000_i80_l20_s16_c025,minsup,0.97114788,0.649,124.53,8,False,,20260922_032349,50000,79,0.05
TalkyG_Diffset,1,syn_n50000_i80_l20_s16_c025,minsup,0.97114788,0.6058,122.23,9,False,,20260922_032349,50000,79,0.05
Apriori_Gen_Borgelt,1,syn_n50000_i80_l20_s16_c025,minsup,0.7323469199999999,0.0708,7.74,240,False,,20260922_032350,50000,79,0.12
Talky_G,1,syn_n50000_i80_l20_s16_c025,minsup,0.97114788,0.7464,119.09,9,False,,20260922_032350,50000,79,0.05
Eclat_Gen_Borgelt,1,syn_n50000_i80_l20_s16_c025,minsup,0.7323469199999999,0.0547,8.6,240,False,,20260922_032350,50000,79,0.12
FPgrowth_Gen_Borgelt,1,syn_n50000_i80_l20_s16_c025,minsup,0.7323469199999999,0.0581,7.63,240,False,,20260922_032350,50000,79,0.12
Zart,1,syn_n50000_i80_l20_s16_c025,minsup,0.97114788,0.7244,149.04,9,False,,20260922_032350,50000,79,0.05
Gr_growth,1,syn_n50000_i80_l20_s16_c025,minsup,0.7323469199999999,0.0823,13.88,241,False,,20260922_032350,50000,79,0.12
DefMe,1,syn_n50000_i80_l20_s16_c025,minsup,0.7323469199999999,0.7698,122.53,241,False,,20260922_032350,50000,79,0.12
TalkyG_Diffset,1,syn_n50000_i80_l20_s16_c025,minsup,0.7323469199999999,0.6313,125.62,241,False,,20260922_032351,50000,79,0.12
Talky_G,1,syn_n50000_i80_l20_s16_c025,minsup,0.7323469199999999,0.7229,124.61,241,False,,20260922_032351,50000,79,0.12
Apriori_Gen_Borgelt,1,syn_n50000_i80_l20_s16_c025,minsup,0.43838118,0.1891,9.17,2193,False,,20260922_032351,50000,79,0.25
Eclat_Gen_Borgelt,1,syn_n50000_i80_l20_s16_c025,minsup,0.43838118,0.1058,10.62,2193,False,,20260922_032351,50000,79,0.25
FPgrowth_Gen_Borgelt,1,syn_n50000_i80_l20_s16_c025,minsup,0.43838118,0.082,8.71,2193,False,,20260922_032352,50000,79,0.25
DefMe,1,syn_n50000_i80_l20_s16_c025,minsup,0.43838118,0.6892,204.81,2194,False,,20260922_032352,50000,79,0.25
Gr_growth,1,syn_n50000_i80_l20_s16_c025,minsup,0.43838118,0.0761,14.59,2195,False,,20260922_032352,50000,79,0.25
Pascal,1,syn_n50000_i80_l20_s16_c025,minsup,0.7323469199999999,1.851,125.36,240,False,,20260922_032352,50000,79,0.12
Zart,1,syn_n50000_i80_l20_s16_c025,minsup,0.7323469199999999,1.4297,252.67,241,False,,20260922_032352,50000,79,0.12
TalkyG_Diffset,1,syn_n50000_i80_l20_s16_c025,minsup,0.43838118,0.6835,150.64,2194,False,,20260922_032353,50000,79,0.25
Talky_G,1,syn_n50000_i80_l20_s16_c025,minsup,0.43838118,0.6592,133.54,2194,False,,20260922_032353,50000,79,0.25
Apriori_Gen_Borgelt,1,syn_n50000_i80_l20_s16_c06,minsup,0.9929061,0.0658,7.4,2,False,,20260922_032353,50000,80,0.02
Eclat_Gen_Borgelt,1,syn_n50000_i80_l20_s16_c06,minsup,0.9929061,0.0637,7.3,2,False,,20260922_032353,50000,80,0.02
FPgrowth_Gen_Borgelt,1,syn_n50000_i80_l20_s16_c06,minsup,0.9929061,0.0574,6.89,2,False,,20260922_032353,50000,80,0.02
Gr_growth,1,syn_n50000_i80_l20_s16_c06,minsup,0.9929061,0.0482,13.86,3,False,,20260922_032354,50000,80,0.02
DefMe,1,syn_n50000_i80_l20_s16_c06,minsup,0.9929061,0.5829,118.12,3,False,,20260922_032354,50000,80,0.02
Pascal,1,syn_n50000_i80_l20_s16_c06,minsup,0.9929061,0.5198,121.38,2,False,,20260922_032354,50000,80,0.02
TalkyG_Diffset,1,syn_n50000_i80_l20_s16_c06,minsup,0.9929061,0.6119,121.02,3,False,,20260922_032354,50000,80,0.02
Talky_G,1,syn_n50000_i80_l20_s16_c06,minsup,0.9929061,0.6179,121.82,3,False,,20260922_032355,50000,80,0.02
Zart,1,syn_n50000_i80_l20_s16_c06,minsup,0.9929061,0.5704,135.52,3,False,,20260922_032355,50000,80,0.02
Apriori_Gen_Borgelt,1,syn_n50000_i80_l20_s16_c06,minsup,0.95500404,0.0397,8.22,8,False,,20260922_032355,50000,80,0.05
Eclat_Gen_Borgelt,1,syn_n50000_i80_l20_s16_c06,minsup,0.95500404,0.0636,6.8,8,False,,20260922_032355,50000,80,0.05
FPgrowth_Gen_Borgelt,1,syn_n50000_i80_l20_s16_c06,minsup,0.95500404,0.0472,7.55,8,False,,20260922_032356,50000,80,0.05
Gr_growth,1,syn_n50000_i80_l20_s16_c06,minsup,0.95500404,0.051,13.86,9,False,,20260922_032356,50000,80,0.05
DefMe,1,syn_n50000_i80_l20_s16_c06,minsup,0.95500404,0.5544,119.86,9,False,,20260922_032356,50000,80,0.05
Pascal,1,syn_n50000_i80_l20_s16_c06,minsup,0.95500404,0.5163,124.16,8,False,,20260922_032357,50000,80,0.05
TalkyG_Diffset,1,syn_n50000_i80_l20_s16_c06,minsup,0.95500404,0.474,120.03,9,False,,20260922_032357,50000,80,0.05
Talky_G,1,syn_n50000_i80_l20_s16_c06,minsup,0.95500404,0.5218,122.32,9,False,,20260922_032357,50000,80,0.05
Zart,1,syn_n50000_i80_l20_s16_c06,minsup,0.95500404,0.5026,136.97,9,False,,20260922_032357,50000,80,0.05
Apriori_Gen_Borgelt,1,syn_n50000_i80_l20_s16_c06,minsup,0.6763429799999999,0.0644,8.46,252,False,,20260922_032357,50000,80,0.12
Eclat_Gen_Borgelt,1,syn_n50000_i80_l20_s16_c06,minsup,0.6763429799999999,0.0721,7.75,252,False,,20260922_032358,50000,80,0.12
FPgrowth_Gen_Borgelt,1,syn_n50000_i80_l20_s16_c06,minsup,0.6763429799999999,0.0565,7.45,252,False,,20260922_032358,50000,80,0.12
DefMe,1,syn_n50000_i80_l20_s16_c06,minsup,0.6763429799999999,0.5032,124.16,253,False,,20260922_032358,50000,80,0.12
Gr_growth,1,syn_n50000_i80_l20_s16_c06,minsup,0.6763429799999999,0.054,13.88,253,False,,20260922_032358,50000,80,0.12
TalkyG_Diffset,1,syn_n50000_i80_l20_s16_c06,minsup,0.6763429799999999,0.5343,123.87,253,False,,20260922_032359,50000,80,0.12
Talky_G,1,syn_n50000_i80_l20_s16_c06,minsup,0.6763429799999999,0.5271,127.12,253,False,,20260922_032400,50000,80,0.12
Pascal,1,syn_n50000_i80_l20_s16_c06,minsup,0.6763429799999999,1.8049,122.67,252,False,,20260922_032400,50000,80,0.12
Apriori_Gen_Borgelt,1,syn_n50000_i80_l20_s16_c06,minsup,0.3530466,0.2483,9.04,4867,False,,20260922_032400,50000,80,0.25
Zart,1,syn_n50000_i80_l20_s16_c06,minsup,0.6763429799999999,1.183,252.13,253,False,,20260922_032401,50000,80,0.12
Eclat_Gen_Borgelt,1,syn_n50000_i80_l20_s16_c06,minsup,0.3530466,0.1022,10.57,4867,False,,20260922_032401,50000,80,0.25
DefMe,1,syn_n50000_i80_l20_s16_c06,minsup,0.3530466,0.5808,248.3,4868,False,,20260922_032401,50000,80,0.25
Gr_growth,1,syn_n50000_i80_l20_s16_c06,minsup,0.3530466,0.0642,14.5,4869,False,,20260922_032401,50000,80,0.25
FPgrowth_Gen_Borgelt,1,syn_n50000_i80_l20_s16_c06,minsup,0.3530466,0.1005,9.25,4867,False,,20260922_032401,50000,80,0.25
TalkyG_Diffset,1,syn_n50000_i80_l20_s16_c06,minsup,0.3530466,0.5665,184.16,4868,False,,20260922_032402,50000,80,0.25
Talky_G,1,syn_n50000_i80_l20_s16_c06,minsup,0.3530466,0.5463,154.1,4868,False,,20260922_032403,50000,80,0.25
Pascal,1,syn_n50000_i80_l20_s16_c025,minsup,0.43838118,12.0041,120.93,2193,False,,20260922_032404,50000,79,0.25
Apriori_Gen_Borgelt,1,syn_n50000_i80_l40_s00_c025,minsup,0.61020918,0.087,12.81,3,False,,20260922_032404,50000,80,0.02
Zart,1,syn_n50000_i80_l20_s16_c025,minsup,0.43838118,12.1172,387.21,2194,False,,20260922_032404,50000,79,0.25
Eclat_Gen_Borgelt,1,syn_n50000_i80_l40_s00_c025,minsup,0.61020918,0.076,11.5,3,False,,20260922_032405,50000,80,0.02
FPgrowth_Gen_Borgelt,1,syn_n50000_i80_l40_s00_c025,minsup,0.61020918,0.0739,11.92,3,False,,20260922_032405,50000,80,0.02
Gr_growth,1,syn_n50000_i80_l40_s00_c025,minsup,0.61020918,0.101,13.86,4,False,,20260922_032405,50000,80,0.02
DefMe,1,syn_n50000_i80_l40_s00_c025,minsup,0.61020918,0.6886,205.01,4,False,,20260922_032405,50000,80,0.02
Pascal,1,syn_n50000_i80_l40_s00_c025,minsup,0.61020918,0.5539,219.33,3,False,,20260922_032406,50000,80,0.02
TalkyG_Diffset,1,syn_n50000_i80_l40_s00_c025,minsup,0.61020918,0.7498,210.49,4,False,,20260922_032406,50000,80,0.02
Talky_G,1,syn_n50000_i80_l40_s00_c025,minsup,0.61020918,0.7467,211.95,4,False,,20260922_032407,50000,80,0.02
Zart,1,syn_n50000_i80_l40_s00_c025,minsup,0.61020918,0.6713,240.81,4,False,,20260922_032407,50000,80,0.02
Apriori_Gen_Borgelt,1,syn_n50000_i80_l40_s00_c025,minsup,0.6038155799999999,0.0765,11.95,4,False,,20260922_032407,50000,80,0.05
Eclat_Gen_Borgelt,1,syn_n50000_i80_l40_s00_c025,minsup,0.6038155799999999,0.1159,11.65,4,False,,20260922_032407,50000,80,0.05
FPgrowth_Gen_Borgelt,1,syn_n50000_i80_l40_s00_c025,minsup,0.6038155799999999,0.0742,11.75,4,False,,20260922_032407,50000,80,0.05
DefMe,1,syn_n50000_i80_l40_s00_c025,minsup,0.6038155799999999,0.6364,204.79,5,False,,20260922_032408,50000,80,0.05
Gr_growth,1,syn_n50000_i80_l40_s00_c025,minsup,0.6038155799999999,0.0781,13.84,5,False,,20260922_032408,50000,80,0.05
Pascal,1,syn_n50000_i80_l40_s00_c025,minsup,0.6038155799999999,0.6232,218.95,4,False,,20260922_032408,50000,80,0.05
TalkyG_Diffset,1,syn_n50000_i80_l40_s00_c025,minsup,0.6038155799999999,0.6897,211.93,5,False,,20260922_032409,50000,80,0.05
Zart,1,syn_n50000_i80_l40_s00_c025,minsup,0.6038155799999999,0.628,243.37,5,False,,20260922_032409,50000,80,0.05
Talky_G,1,syn_n50000_i80_l40_s00_c025,minsup,0.6038155799999999,0.8009,211.89,5,False,,20260922_032409,50000,80,0.05
Apriori_Gen_Borgelt,1,syn_n50000_i80_l40_s00_c025,minsup,0.5812182,0.1016,12.39,11,False,,20260922_032410,50000,80,0.12
Eclat_Gen_Borgelt,1,syn_n50000_i80_l40_s00_c025,minsup,0.5812182,0.0989,12.79,11,False,,20260922_032410,50000,80,0.12
FPgrowth_Gen_Borgelt,1,syn_n50000_i80_l40_s00_c025,minsup,0.5812182,0.0816,13.23,11,False,,20260922_032410,50000,80,0.12
DefMe,1,syn_n50000_i80_l40_s00_c025,minsup,0.5812182,0.6983,205.52,12,False,,20260922_032410,50000,80,0.12
Gr_growth,1,syn_n50000_i80_l40_s00_c025,minsup,0.5812182,0.1079,13.93,12,False,,20260922_032410,50000,80,0.12
TalkyG_Diffset,1,syn_n50000_i80_l40_s00_c025,minsup,0.5812182,0.6654,213.14,12,False,,20260922_032411,50000,80,0.12
Pascal,1,syn_n50000_i80_l40_s00_c025,minsup,0.5812182,0.9511,216.53,11,False,,20260922_032411,50000,80,0.12
Talky_G,1,syn_n50000_i80_l40_s00_c025,minsup,0.5812182,0.7002,212.04,12,False,,20260922_032412,50000,80,0.12
Apriori_Gen_Borgelt,1,syn_n50000_i80_l40_s00_c025,minsup,0.56367576,0.1354,13.11,20,False,,20260922_032412,50000,80,0.25
Zart,1,syn_n50000_i80_l40_s00_c025,minsup,0.5812182,0.7865,256.66,12,False,,20260922_032412,50000,80,0.12
Eclat_Gen_Borgelt,1,syn_n50000_i80_l40_s00_c025,minsup,0.56367576,0.1129,13.18,20,False,,20260922_032413,50000,80,0.25
FPgrowth_Gen_Borgelt,1,syn_n50000_i80_l40_s00_c025,minsup,0.56367576,0.1371,17.96,20,False,,20260922_032413,50000,80,0.25
DefMe,1,syn_n50000_i80_l40_s00_c025,minsup,0.56367576,0.5966,209.62,21,False,,20260922_032413,50000,80,0.25
Gr_growth,1,syn_n50000_i80_l40_s00_c025,minsup,0.56367576,0.1534,18.98,21,False,,20260922_032413,50000,80,0.25
TalkyG_Diffset,1,syn_n50000_i80_l40_s00_c025,minsup,0.56367576,0.6391,215.71,21,False,,20260922_032414,50000,80,0.25
Talky_G,1,syn_n50000_i80_l40_s00_c025,minsup,0.56367576,0.6627,217.21,21,False,,20260922_032415,50000,80,0.25
Pascal,1,syn_n50000_i80_l40_s00_c025,minsup,0.56367576,1.9404,218.72,20,False,,20260922_032415,50000,80,0.25
Apriori_Gen_Borgelt,1,syn_n50000_i80_l40_s00_c06,minsup,0.60663276,0.0968,10.77,2,False,,20260922_032415,50000,80,0.02
DefMe,1,syn_n50000_i80_l40_s00_c06,minsup,0.60663276,0.4768,206.51,3,False,,20260922_032416,50000,80,0.02
Zart,1,syn_n50000_i80_l40_s00_c025,minsup,0.56367576,1.0845,265.3,21,False,,20260922_032416,50000,80,0.25
Eclat_Gen_Borgelt,1,syn_n50000_i80_l40_s00_c06,minsup,0.60663276,0.0799,11.4,2,False,,20260922_032416,50000,80,0.02
FPgrowth_Gen_Borgelt,1,syn_n50000_i80_l40_s00_c06,minsup,0.60663276,0.066,11.93,2,False,,20260922_032416,50000,80,0.02
Gr_growth,1,syn_n50000_i80_l40_s00_c06,minsup,0.60663276,0.0663,13.86,3,False,,20260922_032417,50000,80,0.02
Pascal,1,syn_n50000_i80_l40_s00_c06,minsup,0.60663276,0.6355,217.03,2,False,,20260922_032417,50000,80,0.02
TalkyG_Diffset,1,syn_n50000_i80_l40_s00_c06,minsup,0.60663276,0.7571,205.38,3,False,,20260922_032417,50000,80,0.02
Talky_G,1,syn_n50000_i80_l40_s00_c06,minsup,0.60663276,0.7208,208.17,3,False,,20260922_032418,50000,80,0.02
Zart,1,syn_n50000_i80_l40_s00_c06,minsup,0.60663276,0.6297,246.2,3,False,,20260922_032418,50000,80,0.02
Apriori_Gen_Borgelt,1,syn_n50000_i80_l40_s00_c06,minsup,0.59032908,0.0957,10.14,4,False,,20260922_032418,50000,80,0.05
Eclat_Gen_Borgelt,1,syn_n50000_i80_l40_s00_c06,minsup,0.59032908,0.0839,12.52,4,False,,20260922_032419,50000,80,0.05
FPgrowth_Gen_Borgelt,1,syn_n50000_i80_l40_s00_c06,minsup,0.59032908,0.0957,9.21,4,False,,20260922_032419,50000,80,0.05
Gr_growth,1,syn_n50000_i80_l40_s00_c06,minsup,0.59032908,0.088,13.86,5,False,,20260922_032419,50000,80,0.05
DefMe,1,syn_n50000_i80_l40_s00_c06,minsup,0.59032908,0.684,206.45,5,False,,20260922_032419,50000,80,0.05
Pascal,1,syn_n50000_i80_l40_s00_c06,minsup,0.59032908,0.5846,211.14,4,False,,20260922_032420,50000,80,0.05
TalkyG_Diffset,1,syn_n50000_i80_l40_s00_c06,minsup,0.59032908,0.6652,211.92,5,False,,20260922_032420,50000,80,0.05
Talky_G,1,syn_n50000_i80_l40_s00_c06,minsup,0.59032908,0.7242,206.47,5,False,,20260922_032421,50000,80,0.05
Zart,1,syn_n50000_i80_l40_s00_c06,minsup,0.59032908,0.6539,240.95,5,False,,20260922_032421,50000,80,0.05
Apriori_Gen_Borgelt,1,syn_n50000_i80_l40_s00_c06,minsup,0.5728665599999999,0.1062,12.5,10,False,,20260922_032421,50000,80,0.12
Eclat_Gen_Borgelt,1,syn_n50000_i80_l40_s00_c06,minsup,0.5728665599999999,0.0936,12.94,10,False,,20260922_032421,50000,80,0.12
FPgrowth_Gen_Borgelt,1,syn_n50000_i80_l40_s00_c06,minsup,0.5728665599999999,0.1188,13.05,10,False,,20260922_032422,50000,80,0.12
DefMe,1,syn_n50000_i80_l40_s00_c06,minsup,0.5728665599999999,0.5821,201.54,11,False,,20260922_032422,50000,80,0.12
Gr_growth,1,syn_n50000_i80_l40_s00_c06,minsup,0.5728665599999999,0.121,13.89,11,False,,20260922_032422,50000,80,0.12
Pascal,1,syn_n50000_i80_l40_s00_c06,minsup,0.5728665599999999,0.8183,209.15,10,False,,20260922_032423,50000,80,0.12
TalkyG_Diffset,1,syn_n50000_i80_l40_s00_c06,minsup,0.5728665599999999,0.6374,206.92,11,False,,20260922_032423,50000,80,0.12
Zart,1,syn_n50000_i80_l40_s00_c06,minsup,0.5728665599999999,0.6639,243.75,11,False,,20260922_032423,50000,80,0.12
Talky_G,1,syn_n50000_i80_l40_s00_c06,minsup,0.5728665599999999,0.7791,206.64,11,False,,20260922_032423,50000,80,0.12
Apriori_Gen_Borgelt,1,syn_n50000_i80_l40_s00_c06,minsup,0.5469125399999999,0.1371,12.93,20,False,,20260922_032424,50000,80,0.25
Eclat_Gen_Borgelt,1,syn_n50000_i80_l40_s00_c06,minsup,0.5469125399999999,0.1525,18.04,20,False,,20260922_032424,50000,80,0.25
DefMe,1,syn_n50000_i80_l40_s00_c06,minsup,0.5469125399999999,0.6179,200.6,21,False,,20260922_032424,50000,80,0.25
FPgrowth_Gen_Borgelt,1,syn_n50000_i80_l40_s00_c06,minsup,0.5469125399999999,0.1204,12.97,20,False,,20260922_032424,50000,80,0.25
Gr_growth,1,syn_n50000_i80_l40_s00_c06,minsup,0.5469125399999999,0.1494,19.16,21,False,,20260922_032425,50000,80,0.25
Pascal,1,syn_n50000_i80_l20_s16_c06,minsup,0.3530466,23.4582,123.77,4867,False,,20260922_032425,50000,80,0.25
TalkyG_Diffset,1,syn_n50000_i80_l40_s00_c06,minsup,0.5469125399999999,0.6896,205.26,21,False,,20260922_032425,50000,80,0.25
Talky_G,1,syn_n50000_i80_l40_s00_c06,minsup,0.5469125399999999,0.7085,207.18,21,False,,20260922_032426,50000,80,0.25
Apriori_Gen_Borgelt,1,syn_n50000_i80_l40_s08_c025,minsup,0.9915075000000001,0.0945,11.88,2,False,,20260922_032426,50000,80,0.02
Pascal,1,syn_n50000_i80_l40_s00_c06,minsup,0.5469125399999999,1.7473,209.1,20,False,,20260922_032426,50000,80,0.25
Eclat_Gen_Borgelt,1,syn_n50000_i80_l40_s08_c025,minsup,0.9915075000000001,0.0726,11.2,2,False,,20260922_032426,50000,80,0.02
FPgrowth_Gen_Borgelt,1,syn_n50000_i80_l40_s08_c025,minsup,0.9915075000000001,0.0721,11.69,2,False,,20260922_032427,50000,80,0.02
Zart,1,syn_n50000_i80_l40_s00_c06,minsup,0.5469125399999999,1.2427,263.07,21,False,,20260922_032427,50000,80,0.25
Gr_growth,1,syn_n50000_i80_l40_s08_c025,minsup,0.9915075000000001,0.0655,13.86,3,False,,20260922_032427,50000,80,0.02
DefMe,1,syn_n50000_i80_l40_s08_c025,minsup,0.9915075000000001,0.6704,203.95,3,False,,20260922_032427,50000,80,0.02
Pascal,1,syn_n50000_i80_l40_s08_c025,minsup,0.9915075000000001,0.6437,213.13,2,False,,20260922_032428,50000,80,0.02
Talky_G,1,syn_n50000_i80_l40_s08_c025,minsup,0.9915075000000001,0.7553,209.29,3,False,,20260922_032428,50000,80,0.02
TalkyG_Diffset,1,syn_n50000_i80_l40_s08_c025,minsup,0.9915075000000001,0.995,209.76,3,False,,20260922_032428,50000,80,0.02
Apriori_Gen_Borgelt,1,syn_n50000_i80_l40_s08_c025,minsup,0.9579411,0.0854,12.59,8,False,,20260922_032428,50000,80,0.05
Eclat_Gen_Borgelt,1,syn_n50000_i80_l40_s08_c025,minsup,0.9579411,0.086,12.25,8,False,,20260922_032428,50000,80,0.05
Zart,1,syn_n50000_i80_l40_s08_c025,minsup,0.9915075000000001,0.7915,246.79,3,False,,20260922_032429,50000,80,0.02
FPgrowth_Gen_Borgelt,1,syn_n50000_i80_l40_s08_c025,minsup,0.9579411,0.0928,12.68,8,False,,20260922_032429,50000,80,0.05
Gr_growth,1,syn_n50000_i80_l40_s08_c025,minsup,0.9579411,0.0833,10.23,9,False,,20260922_032429,50000,80,0.05
DefMe,1,syn_n50000_i80_l40_s08_c025,minsup,0.9579411,0.7504,203.04,9,False,,20260922_032429,50000,80,0.05
Zart,1,syn_n50000_i80_l20_s16_c06,minsup,0.3530466,26.1924,394.2,4868,False,,20260922_032429,50000,80,0.25
Pascal,1,syn_n50000_i80_l40_s08_c025,minsup,0.9579411,0.831,209.51,8,False,,20260922_032430,50000,80,0.05
TalkyG_Diffset,1,syn_n50000_i80_l40_s08_c025,minsup,0.9579411,0.8508,207.73,9,False,,20260922_032430,50000,80,0.05
Talky_G,1,syn_n50000_i80_l40_s08_c025,minsup,0.9579411,0.8407,212.77,9,False,,20260922_032430,50000,80,0.05
Apriori_Gen_Borgelt,1,syn_n50000_i80_l40_s08_c025,minsup,0.84641274,0.089,11.41,67,False,,20260922_032430,50000,80,0.12
Eclat_Gen_Borgelt,1,syn_n50000_i80_l40_s08_c025,minsup,0.84641274,0.091,12.65,67,False,,20260922_032430,50000,80,0.12
Zart,1,syn_n50000_i80_l40_s08_c025,minsup,0.9579411,0.9048,245.41,9,False,,20260922_032430,50000,80,0.05
FPgrowth_Gen_Borgelt,1,syn_n50000_i80_l40_s08_c025,minsup,0.84641274,0.0977,12.65,67,False,,20260922_032430,50000,80,0.12
Gr_growth,1,syn_n50000_i80_l40_s08_c025,minsup,0.84641274,0.0811,13.88,68,False,,20260922_032430,50000,80,0.12
DefMe,1,syn_n50000_i80_l40_s08_c025,minsup,0.84641274,0.6861,205.55,68,False,,20260922_032431,50000,80,0.12
TalkyG_Diffset,1,syn_n50000_i80_l40_s08_c025,minsup,0.84641274,0.8571,209.45,68,False,,20260922_032431,50000,80,0.12
Talky_G,1,syn_n50000_i80_l40_s08_c025,minsup,0.84641274,0.8155,210.58,68,False,,20260922_032431,50000,80,0.12
Apriori_Gen_Borgelt,1,syn_n50000_i80_l40_s08_c025,minsup,0.6274519199999999,0.2192,13.01,1919,False,,20260922_032432,50000,80,0.25
Pascal,1,syn_n50000_i80_l40_s08_c025,minsup,0.84641274,1.5294,212.57,67,False,,20260922_032432,50000,80,0.12
Eclat_Gen_Borgelt,1,syn_n50000_i80_l40_s08_c025,minsup,0.6274519199999999,0.1242,15.62,1919,False,,20260922_032432,50000,80,0.25
Zart,1,syn_n50000_i80_l40_s08_c025,minsup,0.84641274,1.0372,275.33,68,False,,20260922_032432,50000,80,0.12
FPgrowth_Gen_Borgelt,1,syn_n50000_i80_l40_s08_c025,minsup,0.6274519199999999,0.1181,13.05,1919,False,,20260922_032432,50000,80,0.25
Gr_growth,1,syn_n50000_i80_l40_s08_c025,minsup,0.6274519199999999,0.0925,14.55,1920,False,,20260922_032432,50000,80,0.25
DefMe,1,syn_n50000_i80_l40_s08_c025,minsup,0.6274519199999999,0.9124,262.68,1920,False,,20260922_032432,50000,80,0.25
Talky_G,1,syn_n50000_i80_l40_s08_c025,minsup,0.6274519199999999,0.7552,228.51,1920,False,,20260922_032433,50000,80,0.25
TalkyG_Diffset,1,syn_n50000_i80_l40_s08_c025,minsup,0.6274519199999999,0.9138,238.2,1920,False,,20260922_032433,50000,80,0.25
Apriori_Gen_Borgelt,1,syn_n50000_i80_l40_s08_c06,minsup,0.9791198999999999,0.0819,12.04,2,False,,20260922_032433,50000,80,0.02
Eclat_Gen_Borgelt,1,syn_n50000_i80_l40_s08_c06,minsup,0.9791198999999999,0.0712,11.41,2,False,,20260922_032434,50000,80,0.02
FPgrowth_Gen_Borgelt,1,syn_n50000_i80_l40_s08_c06,minsup,0.9791198999999999,0.0592,9.07,2,False,,20260922_032434,50000,80,0.02
DefMe,1,syn_n50000_i80_l40_s08_c06,minsup,0.9791198999999999,0.6215,199.2,3,False,,20260922_032434,50000,80,0.02
Gr_growth,1,syn_n50000_i80_l40_s08_c06,minsup,0.9791198999999999,0.065,13.87,3,False,,20260922_032434,50000,80,0.02
Pascal,1,syn_n50000_i80_l40_s08_c06,minsup,0.9791198999999999,0.5502,211.31,2,False,,20260922_032435,50000,80,0.02
TalkyG_Diffset,1,syn_n50000_i80_l40_s08_c06,minsup,0.9791198999999999,0.7558,202.58,3,False,,20260922_032435,50000,80,0.02
Talky_G,1,syn_n50000_i80_l40_s08_c06,minsup,0.9791198999999999,0.7267,207.41,3,False,,20260922_032436,50000,80,0.02
Apriori_Gen_Borgelt,1,syn_n50000_i80_l40_s08_c06,minsup,0.93814092,0.0762,11.28,6,False,,20260922_032436,50000,80,0.05
Zart,1,syn_n50000_i80_l40_s08_c06,minsup,0.9791198999999999,0.6929,240.12,3,False,,20260922_032436,50000,80,0.02
Eclat_Gen_Borgelt,1,syn_n50000_i80_l40_s08_c06,minsup,0.93814092,0.0659,12.12,6,False,,20260922_032436,50000,80,0.05
FPgrowth_Gen_Borgelt,1,syn_n50000_i80_l40_s08_c06,minsup,0.93814092,0.0985,11.02,6,False,,20260922_032436,50000,80,0.05
Gr_growth,1,syn_n50000_i80_l40_s08_c06,minsup,0.93814092,0.0812,13.86,7,False,,20260922_032437,50000,80,0.05
DefMe,1,syn_n50000_i80_l40_s08_c06,minsup,0.93814092,0.6704,197.09,7,False,,20260922_032437,50000,80,0.05
Pascal,1,syn_n50000_i80_l40_s08_c06,minsup,0.93814092,0.6028,209.01,6,False,,20260922_032437,50000,80,0.05
TalkyG_Diffset,1,syn_n50000_i80_l40_s08_c06,minsup,0.93814092,0.749,204.19,7,False,,20260922_032438,50000,80,0.05
Talky_G,1,syn_n50000_i80_l40_s08_c06,minsup,0.93814092,0.7341,212.91,7,False,,20260922_032438,50000,80,0.05
Zart,1,syn_n50000_i80_l40_s08_c06,minsup,0.93814092,0.7063,240.24,7,False,,20260922_032438,50000,80,0.05
Apriori_Gen_Borgelt,1,syn_n50000_i80_l40_s08_c06,minsup,0.81214704,0.0806,12.45,68,False,,20260922_032439,50000,80,0.12
Eclat_Gen_Borgelt,1,syn_n50000_i80_l40_s08_c06,minsup,0.81214704,0.0922,12.47,68,False,,20260922_032439,50000,80,0.12
FPgrowth_Gen_Borgelt,1,syn_n50000_i80_l40_s08_c06,minsup,0.81214704,0.0905,12.52,68,False,,20260922_032439,50000,80,0.12
DefMe,1,syn_n50000_i80_l40_s08_c06,minsup,0.81214704,0.5203,202.67,69,False,,20260922_032439,50000,80,0.12
Gr_growth,1,syn_n50000_i80_l40_s08_c06,minsup,0.81214704,0.0692,13.88,69,False,,20260922_032439,50000,80,0.12
TalkyG_Diffset,1,syn_n50000_i80_l40_s08_c06,minsup,0.81214704,0.697,205.3,69,False,,20260922_032440,50000,80,0.12
Pascal,1,syn_n50000_i80_l40_s08_c06,minsup,0.81214704,1.2626,211.1,68,False,,20260922_032441,50000,80,0.12
Talky_G,1,syn_n50000_i80_l40_s08_c06,minsup,0.81214704,0.6367,207.17,69,False,,20260922_032441,50000,80,0.12
Apriori_Gen_Borgelt,1,syn_n50000_i80_l40_s08_c06,minsup,0.67588344,0.1448,12.91,455,False,,20260922_032441,50000,80,0.25
Zart,1,syn_n50000_i80_l40_s08_c06,minsup,0.81214704,1.0086,275.33,69,False,,20260922_032442,50000,80,0.12
DefMe,1,syn_n50000_i80_l40_s08_c06,minsup,0.67588344,0.6258,212.89,456,False,,20260922_032442,50000,80,0.25
Eclat_Gen_Borgelt,1,syn_n50000_i80_l40_s08_c06,minsup,0.67588344,0.1199,12.56,455,False,,20260922_032442,50000,80,0.25
Gr_growth,1,syn_n50000_i80_l40_s08_c06,minsup,0.67588344,0.0895,14.82,456,False,,20260922_032442,50000,80,0.25
FPgrowth_Gen_Borgelt,1,syn_n50000_i80_l40_s08_c06,minsup,0.67588344,0.1133,12.85,455,False,,20260922_032442,50000,80,0.25
TalkyG_Diffset,1,syn_n50000_i80_l40_s08_c06,minsup,0.67588344,0.6139,215.95,456,False,,20260922_032443,50000,80,0.25
Zart,1,syn_n50000_i80_l40_s08_c025,minsup,0.6274519199999999,11.2566,493.75,1920,False,,20260922_032444,50000,80,0.25
Talky_G,1,syn_n50000_i80_l40_s08_c06,minsup,0.67588344,0.6591,208.84,456,False,,20260922_032444,50000,80,0.25
Apriori_Gen_Borgelt,1,syn_n50000_i80_l40_s16_c025,minsup,0.9988002,0.0847,9.85,29,False,,20260922_032444,50000,80,0.02
DefMe,1,syn_n50000_i80_l40_s16_c025,minsup,0.9988002,0.49,202.23,29,False,,20260922_032445,50000,80,0.02
Eclat_Gen_Borgelt,1,syn_n50000_i80_l40_s16_c025,minsup,0.9988002,0.0849,10.83,29,False,,20260922_032445,50000,80,0.02
Talky_G,1,syn_n10000_i2000_l40_s16_c06,minsup,0.0061938,300.2083,463.98,985550,True,,20260922_032445,10000,1732,0.25
FPgrowth_Gen_Borgelt,1,syn_n50000_i80_l40_s16_c025,minsup,0.9988002,0.0692,11.06,29,False,,20260922_032445,50000,80,0.02
Gr_growth,1,syn_n50000_i80_l40_s16_c025,minsup,0.9988002,0.0763,13.86,30,False,,20260922_032445,50000,80,0.02
TalkyG_Diffset,1,syn_n50000_i80_l40_s16_c025,minsup,0.9988002,0.6485,211.02,29,False,,20260922_032446,50000,80,0.02
Pascal,1,syn_n50000_i80_l40_s16_c025,minsup,0.9988002,0.8767,210.23,28,False,,20260922_032446,50000,80,0.02
Talky_G,1,syn_n50000_i80_l40_s16_c025,minsup,0.9988002,0.6942,208.15,29,False,,20260922_032447,50000,80,0.02
Zart,1,syn_n50000_i80_l40_s08_c06,minsup,0.67588344,3.138,351.06,456,False,,20260922_032447,50000,80,0.25
Zart,1,syn_n50000_i80_l40_s16_c025,minsup,0.9988002,0.7952,258.86,29,False,,20260922_032447,50000,80,0.02
Apriori_Gen_Borgelt,1,syn_n50000_i80_l40_s16_c025,minsup,0.99864036,0.0987,12.38,30,False,,20260922_032447,50000,80,0.05
Eclat_Gen_Borgelt,1,syn_n50000_i80_l40_s16_c025,minsup,0.99864036,0.0746,10.67,30,False,,20260922_032448,50000,80,0.05
FPgrowth_Gen_Borgelt,1,syn_n50000_i80_l40_s16_c025,minsup,0.99864036,0.0881,12.37,30,False,,20260922_032448,50000,80,0.05
Gr_growth,1,syn_n50000_i80_l40_s16_c025,minsup,0.99864036,0.0743,13.86,31,False,,20260922_032448,50000,80,0.05
Pascal,1,syn_n50000_i80_l40_s08_c06,minsup,0.67588344,5.3872,203.12,455,False,,20260922_032448,50000,80,0.25
DefMe,1,syn_n50000_i80_l40_s16_c025,minsup,0.99864036,0.6297,200.8,31,False,,20260922_032448,50000,80,0.05
Pascal,1,syn_n50000_i80_l40_s16_c025,minsup,0.99864036,0.9031,211.38,30,False,,20260922_032449,50000,80,0.05
TalkyG_Diffset,1,syn_n50000_i80_l40_s16_c025,minsup,0.99864036,0.8738,207.34,31,False,,20260922_032449,50000,80,0.05
Apriori_Gen_Borgelt,1,syn_n50000_i80_l40_s16_c025,minsup,0.99036864,0.0984,12.38,281,False,,20260922_032449,50000,80,0.12
Zart,1,syn_n50000_i80_l40_s16_c025,minsup,0.99864036,0.8318,275.94,31,False,,20260922_032449,50000,80,0.05
Talky_G,1,syn_n50000_i80_l40_s16_c025,minsup,0.99864036,0.9204,208.06,31,False,,20260922_032449,50000,80,0.05
Eclat_Gen_Borgelt,1,syn_n50000_i80_l40_s16_c025,minsup,0.99036864,0.1223,12.51,281,False,,20260922_032449,50000,80,0.12
FPgrowth_Gen_Borgelt,1,syn_n50000_i80_l40_s16_c025,minsup,0.99036864,0.0931,8.98,281,False,,20260922_032449,50000,80,0.12
Gr_growth,1,syn_n50000_i80_l40_s16_c025,minsup,0.99036864,0.0802,3.79,283,False,,20260922_032449,50000,80,0.12
DefMe,1,syn_n50000_i80_l40_s16_c025,minsup,0.99036864,0.6388,211.54,282,False,,20260922_032450,50000,80,0.12
TalkyG_Diffset,1,syn_n50000_i80_l40_s16_c025,minsup,0.99036864,0.8039,207.72,282,False,,20260922_032450,50000,80,0.12
Talky_G,1,syn_n50000_i80_l40_s16_c025,minsup,0.99036864,0.8774,206.42,282,False,,20260922_032450,50000,80,0.12
Apriori_Gen_Borgelt,1,syn_n50000_i80_l40_s16_c025,minsup,0.794205,0.2307,12.81,44304,False,,20260922_032451,50000,80,0.25
Eclat_Gen_Borgelt,1,syn_n50000_i80_l40_s16_c025,minsup,0.794205,0.1191,20.18,44304,False,,20260922_032451,50000,80,0.25
FPgrowth_Gen_Borgelt,1,syn_n50000_i80_l40_s16_c025,minsup,0.794205,0.1588,20.0,44304,False,,20260922_032451,50000,80,0.25
Zart,1,syn_n50000_i80_l40_s16_c025,minsup,0.99036864,1.4269,307.09,282,False,,20260922_032451,50000,80,0.12
Gr_growth,1,syn_n50000_i80_l40_s16_c025,minsup,0.794205,0.1178,14.55,44321,False,,20260922_032452,50000,80,0.25
Pascal,1,syn_n50000_i80_l40_s08_c025,minsup,0.6274519199999999,19.4192,210.91,1919,False,,20260922_032452,50000,80,0.25
DefMe,1,syn_n50000_i80_l40_s16_c025,minsup,0.794205,1.2876,693.82,44305,False,,20260922_032452,50000,80,0.25
Pascal,1,syn_n50000_i80_l40_s16_c025,minsup,0.99036864,2.6817,211.07,281,False,,20260922_032452,50000,80,0.12
Apriori_Gen_Borgelt,1,syn_n50000_i80_l40_s16_c06,minsup,0.9982807199999999,0.1012,11.16,8,False,,20260922_032452,50000,80,0.02
Talky_G,1,syn_n50000_i80_l40_s16_c025,minsup,0.794205,1.0279,331.38,44305,False,,20260922_032453,50000,80,0.25
TalkyG_Diffset,1,syn_n50000_i80_l40_s16_c025,minsup,0.794205,1.1264,332.94,44305,False,,20260922_032453,50000,80,0.25
Eclat_Gen_Borgelt,1,syn_n50000_i80_l40_s16_c06,minsup,0.9982807199999999,0.0825,10.76,8,False,,20260922_032453,50000,80,0.02
FPgrowth_Gen_Borgelt,1,syn_n50000_i80_l40_s16_c06,minsup,0.9982807199999999,0.0798,11.01,8,False,,20260922_032453,50000,80,0.02
DefMe,1,syn_n50000_i80_l40_s16_c06,minsup,0.9982807199999999,0.6361,198.41,9,False,,20260922_032453,50000,80,0.02
Gr_growth,1,syn_n50000_i80_l40_s16_c06,minsup,0.9982807199999999,0.0963,13.86,9,False,,20260922_032453,50000,80,0.02
Pascal,1,syn_n50000_i80_l40_s16_c06,minsup,0.9982807199999999,0.7784,206.85,8,False,,20260922_032454,50000,80,0.02
TalkyG_Diffset,1,syn_n50000_i80_l40_s16_c06,minsup,0.9982807199999999,0.8108,203.95,9,False,,20260922_032454,50000,80,0.02
Talky_G,1,syn_n50000_i80_l40_s16_c06,minsup,0.9982807199999999,0.7511,202.54,9,False,,20260922_032454,50000,80,0.02
Apriori_Gen_Borgelt,1,syn_n50000_i80_l40_s16_c06,minsup,0.99794106,0.1095,12.25,11,False,,20260922_032454,50000,80,0.05
Eclat_Gen_Borgelt,1,syn_n50000_i80_l40_s16_c06,minsup,0.99794106,0.1116,12.39,11,False,,20260922_032455,50000,80,0.05
FPgrowth_Gen_Borgelt,1,syn_n50000_i80_l40_s16_c06,minsup,0.99794106,0.073,11.48,11,False,,20260922_032455,50000,80,0.05
DefMe,1,syn_n50000_i80_l40_s16_c06,minsup,0.99794106,0.5795,193.32,12,False,,20260922_032455,50000,80,0.05
Gr_growth,1,syn_n50000_i80_l40_s16_c06,minsup,0.99794106,0.0932,3.8,12,False,,20260922_032455,50000,80,0.05
Zart,1,syn_n50000_i80_l40_s16_c06,minsup,0.9982807199999999,0.9727,237.79,9,False,,20260922_032455,50000,80,0.02
TalkyG_Diffset,1,syn_n50000_i80_l40_s16_c06,minsup,0.99794106,0.6796,202.29,12,False,,20260922_032456,50000,80,0.05
Talky_G,1,syn_n50000_i80_l40_s16_c06,minsup,0.99794106,0.7324,201.6,12,False,,20260922_032456,50000,80,0.05
Pascal,1,syn_n50000_i80_l40_s16_c06,minsup,0.99794106,1.0102,205.79,11,False,,20260922_032456,50000,80,0.05
Apriori_Gen_Borgelt,1,syn_n50000_i80_l40_s16_c06,minsup,0.95888016,0.0787,12.29,471,False,,20260922_032456,50000,80,0.12
Eclat_Gen_Borgelt,1,syn_n50000_i80_l40_s16_c06,minsup,0.95888016,0.074,12.2,471,False,,20260922_032457,50000,80,0.12
FPgrowth_Gen_Borgelt,1,syn_n50000_i80_l40_s16_c06,minsup,0.95888016,0.0943,12.74,471,False,,20260922_032457,50000,80,0.12
Gr_growth,1,syn_n50000_i80_l40_s16_c06,minsup,0.95888016,0.1017,13.86,472,False,,20260922_032457,50000,80,0.12
DefMe,1,syn_n50000_i80_l40_s16_c06,minsup,0.95888016,0.6558,218.75,472,False,,20260922_032457,50000,80,0.12
Zart,1,syn_n50000_i80_l40_s16_c06,minsup,0.99794106,0.9996,255.39,12,False,,20260922_032457,50000,80,0.05
TalkyG_Diffset,1,syn_n50000_i80_l40_s16_c06,minsup,0.95888016,0.696,206.93,472,False,,20260922_032458,50000,80,0.12
Talky_G,1,syn_n50000_i80_l40_s16_c06,minsup,0.95888016,0.669,209.38,472,False,,20260922_032458,50000,80,0.12
Apriori_Gen_Borgelt,1,syn_n50000_i80_l40_s16_c06,minsup,0.8067124800000001,0.2077,12.71,17899,False,,20260922_032458,50000,80,0.25
DefMe,1,syn_n50000_i80_l40_s16_c06,minsup,0.8067124800000001,0.7329,405.67,17900,False,,20260922_032459,50000,80,0.25
Eclat_Gen_Borgelt,1,syn_n50000_i80_l40_s16_c06,minsup,0.8067124800000001,0.1196,13.27,17899,False,,20260922_032459,50000,80,0.25
FPgrowth_Gen_Borgelt,1,syn_n50000_i80_l40_s16_c06,minsup,0.8067124800000001,0.1086,12.8,17899,False,,20260922_032500,50000,80,0.25
Zart,1,syn_n50000_i80_l40_s16_c06,minsup,0.95888016,1.8437,340.32,472,False,,20260922_032500,50000,80,0.12
Gr_growth,1,syn_n50000_i80_l40_s16_c06,minsup,0.8067124800000001,0.0832,14.04,17900,False,,20260922_032500,50000,80,0.25
TalkyG_Diffset,1,syn_n50000_i80_l40_s16_c06,minsup,0.8067124800000001,0.7286,278.26,17900,False,,20260922_032501,50000,80,0.25
Pascal,1,syn_n50000_i80_l40_s16_c06,minsup,0.95888016,4.3364,204.95,471,False,,20260922_032502,50000,80,0.12
Talky_G,1,syn_n50000_i80_l40_s16_c06,minsup,0.8067124800000001,0.7087,276.84,17900,False,,20260922_032502,50000,80,0.25
Apriori_Gen_Borgelt,1,syn_n50000_i300_l8_s00_c025,minsup,0.046873080000000004,0.0382,4.94,6,False,,20260922_032502,50000,300,0.02
DefMe,1,syn_n50000_i300_l8_s00_c025,minsup,0.046873080000000004,0.402,111.49,7,False,,20260922_032502,50000,300,0.02
Eclat_Gen_Borgelt,1,syn_n50000_i300_l8_s00_c025,minsup,0.046873080000000004,0.0302,4.02,6,False,,20260922_032503,50000,300,0.02
FPgrowth_Gen_Borgelt,1,syn_n50000_i300_l8_s00_c025,minsup,0.046873080000000004,0.0407,3.82,6,False,,20260922_032503,50000,300,0.02
Gr_growth,1,syn_n50000_i300_l8_s00_c025,minsup,0.046873080000000004,0.0341,3.83,7,False,,20260922_032503,50000,300,0.02
Pascal,1,syn_n50000_i300_l8_s00_c025,minsup,0.046873080000000004,0.4327,113.55,6,False,,20260922_032504,50000,300,0.02
TalkyG_Diffset,1,syn_n50000_i300_l8_s00_c025,minsup,0.046873080000000004,0.4111,111.37,7,False,,20260922_032504,50000,300,0.02
Talky_G,1,syn_n50000_i300_l8_s00_c025,minsup,0.046873080000000004,0.4214,122.26,7,False,,20260922_032505,50000,300,0.02
Zart,1,syn_n50000_i300_l8_s00_c025,minsup,0.046873080000000004,0.4285,114.84,7,False,,20260922_032505,50000,300,0.02
Apriori_Gen_Borgelt,1,syn_n50000_i300_l8_s00_c025,minsup,0.04353642,0.0689,4.27,15,False,,20260922_032505,50000,300,0.05
DefMe,1,syn_n50000_i300_l8_s00_c025,minsup,0.04353642,0.3693,112.72,16,False,,20260922_032506,50000,300,0.05
Eclat_Gen_Borgelt,1,syn_n50000_i300_l8_s00_c025,minsup,0.04353642,0.0375,3.69,15,False,,20260922_032506,50000,300,0.05
FPgrowth_Gen_Borgelt,1,syn_n50000_i300_l8_s00_c025,minsup,0.04353642,0.038,3.94,15,False,,20260922_032506,50000,300,0.05
Gr_growth,1,syn_n50000_i300_l8_s00_c025,minsup,0.04353642,0.033,3.8,16,False,,20260922_032507,50000,300,0.05
Pascal,1,syn_n50000_i300_l8_s00_c025,minsup,0.04353642,0.6177,111.63,15,False,,20260922_032507,50000,300,0.05
TalkyG_Diffset,1,syn_n50000_i300_l8_s00_c025,minsup,0.04353642,0.4289,117.77,16,False,,20260922_032508,50000,300,0.05
Talky_G,1,syn_n50000_i300_l8_s00_c025,minsup,0.04353642,0.4062,115.11,16,False,,20260922_032508,50000,300,0.05
Zart,1,syn_n50000_i300_l8_s00_c025,minsup,0.04353642,0.7158,145.95,16,False,,20260922_032509,50000,300,0.05
Apriori_Gen_Borgelt,1,syn_n50000_i300_l8_s00_c025,minsup,0.039580380000000005,0.0367,3.68,37,False,,20260922_032509,50000,300,0.12
DefMe,1,syn_n50000_i300_l8_s00_c025,minsup,0.039580380000000005,0.3784,113.66,38,False,,20260922_032510,50000,300,0.12
Eclat_Gen_Borgelt,1,syn_n50000_i300_l8_s00_c025,minsup,0.039580380000000005,0.0359,6.41,37,False,,20260922_032510,50000,300,0.12
FPgrowth_Gen_Borgelt,1,syn_n50000_i300_l8_s00_c025,minsup,0.039580380000000005,0.0369,3.89,37,False,,20260922_032510,50000,300,0.12
Gr_growth,1,syn_n50000_i300_l8_s00_c025,minsup,0.039580380000000005,0.0427,14.02,38,False,,20260922_032511,50000,300,0.12
Pascal,1,syn_n50000_i300_l8_s00_c025,minsup,0.039580380000000005,2.0407,106.86,37,False,,20260922_032513,50000,300,0.12
TalkyG_Diffset,1,syn_n50000_i300_l8_s00_c025,minsup,0.039580380000000005,0.4395,115.47,38,False,,20260922_032513,50000,300,0.12
Talky_G,1,syn_n50000_i300_l8_s00_c025,minsup,0.039580380000000005,0.4557,114.95,38,False,,20260922_032514,50000,300,0.12
Zart,1,syn_n50000_i300_l8_s00_c025,minsup,0.039580380000000005,1.4288,368.18,38,False,,20260922_032515,50000,300,0.12
Apriori_Gen_Borgelt,1,syn_n50000_i300_l8_s00_c025,minsup,0.035264699999999996,0.0624,6.58,76,False,,20260922_032516,50000,300,0.25
DefMe,1,syn_n50000_i300_l8_s00_c025,minsup,0.035264699999999996,0.382,115.05,77,False,,20260922_032516,50000,300,0.25
Eclat_Gen_Borgelt,1,syn_n50000_i300_l8_s00_c025,minsup,0.035264699999999996,0.0376,4.06,76,False,,20260922_032516,50000,300,0.25
FPgrowth_Gen_Borgelt,1,syn_n50000_i300_l8_s00_c025,minsup,0.035264699999999996,0.0421,6.4,76,False,,20260922_032517,50000,300,0.25
Gr_growth,1,syn_n50000_i300_l8_s00_c025,minsup,0.035264699999999996,0.0569,14.54,77,False,,20260922_032517,50000,300,0.25
Pascal,1,syn_n50000_i300_l8_s00_c025,minsup,0.035264699999999996,5.7887,110.2,76,False,,20260922_032523,50000,300,0.25
TalkyG_Diffset,1,syn_n50000_i300_l8_s00_c025,minsup,0.035264699999999996,0.4391,114.9,77,False,,20260922_032523,50000,300,0.25
Talky_G,1,syn_n50000_i300_l8_s00_c025,minsup,0.035264699999999996,0.4001,112.41,77,False,,20260922_032524,50000,300,0.25
Zart,1,syn_n50000_i300_l8_s00_c025,minsup,0.035264699999999996,2.3497,374.98,77,False,,20260922_032526,50000,300,0.25
Apriori_Gen_Borgelt,1,syn_n50000_i300_l8_s00_c06,minsup,0.04519476,0.0476,3.68,6,False,,20260922_032526,50000,300,0.02
DefMe,1,syn_n50000_i300_l8_s00_c06,minsup,0.04519476,0.3587,119.44,7,False,,20260922_032527,50000,300,0.02
Eclat_Gen_Borgelt,1,syn_n50000_i300_l8_s00_c06,minsup,0.04519476,0.0299,0.18,6,False,,20260922_032527,50000,300,0.02
FPgrowth_Gen_Borgelt,1,syn_n50000_i300_l8_s00_c06,minsup,0.04519476,0.0325,4.0,6,False,,20260922_032527,50000,300,0.02
Gr_growth,1,syn_n50000_i300_l8_s00_c06,minsup,0.04519476,0.0373,3.8,7,False,,20260922_032528,50000,300,0.02
Pascal,1,syn_n50000_i300_l8_s00_c06,minsup,0.04519476,0.406,111.15,6,False,,20260922_032528,50000,300,0.02
TalkyG_Diffset,1,syn_n50000_i300_l8_s00_c06,minsup,0.04519476,0.3894,114.36,7,False,,20260922_032529,50000,300,0.02
Talky_G,1,syn_n50000_i300_l8_s00_c06,minsup,0.04519476,0.4607,111.99,7,False,,20260922_032529,50000,300,0.02
Zart,1,syn_n50000_i300_l8_s00_c06,minsup,0.04519476,0.4044,118.83,7,False,,20260922_032530,50000,300,0.02
Apriori_Gen_Borgelt,1,syn_n50000_i300_l8_s00_c06,minsup,0.04303692,0.0386,3.55,15,False,,20260922_032530,50000,300,0.05
DefMe,1,syn_n50000_i300_l8_s00_c06,minsup,0.04303692,0.4152,117.05,16,False,,20260922_032531,50000,300,0.05
Eclat_Gen_Borgelt,1,syn_n50000_i300_l8_s00_c06,minsup,0.04303692,0.0304,3.82,15,False,,20260922_032531,50000,300,0.05
FPgrowth_Gen_Borgelt,1,syn_n50000_i300_l8_s00_c06,minsup,0.04303692,0.0304,4.08,15,False,,20260922_032531,50000,300,0.05
Gr_growth,1,syn_n50000_i300_l8_s00_c06,minsup,0.04303692,0.0377,3.81,16,False,,20260922_032531,50000,300,0.05
Pascal,1,syn_n50000_i300_l8_s00_c06,minsup,0.04303692,0.6145,110.72,15,False,,20260922_032532,50000,300,0.05
TalkyG_Diffset,1,syn_n50000_i300_l8_s00_c06,minsup,0.04303692,0.4205,114.03,16,False,,20260922_032532,50000,300,0.05
Talky_G,1,syn_n50000_i300_l8_s00_c06,minsup,0.04303692,0.4362,112.98,16,False,,20260922_032533,50000,300,0.05
Zart,1,syn_n50000_i300_l8_s00_c06,minsup,0.04303692,0.5667,143.55,16,False,,20260922_032534,50000,300,0.05
Apriori_Gen_Borgelt,1,syn_n50000_i300_l8_s00_c06,minsup,0.03740256,0.0371,3.7,36,False,,20260922_032534,50000,300,0.12
DefMe,1,syn_n50000_i300_l8_s00_c06,minsup,0.03740256,0.4053,117.15,37,False,,20260922_032534,50000,300,0.12
Eclat_Gen_Borgelt,1,syn_n50000_i300_l8_s00_c06,minsup,0.03740256,0.0458,5.79,36,False,,20260922_032535,50000,300,0.12
FPgrowth_Gen_Borgelt,1,syn_n50000_i300_l8_s00_c06,minsup,0.03740256,0.0482,4.18,36,False,,20260922_032535,50000,300,0.12
Gr_growth,1,syn_n50000_i300_l8_s00_c06,minsup,0.03740256,0.0305,3.79,37,False,,20260922_032535,50000,300,0.12
Pascal,1,syn_n50000_i300_l8_s00_c06,minsup,0.03740256,1.7603,111.95,36,False,,20260922_032537,50000,300,0.12
TalkyG_Diffset,1,syn_n50000_i300_l8_s00_c06,minsup,0.03740256,0.438,118.17,37,False,,20260922_032537,50000,300,0.12
Talky_G,1,syn_n50000_i300_l8_s00_c06,minsup,0.03740256,0.4065,113.1,37,False,,20260922_032538,50000,300,0.12
Zart,1,syn_n50000_i300_l8_s00_c06,minsup,0.03740256,0.8613,371.75,37,False,,20260922_032539,50000,300,0.12
Apriori_Gen_Borgelt,1,syn_n50000_i300_l8_s00_c06,minsup,0.032907059999999995,0.0586,4.46,75,False,,20260922_032539,50000,300,0.25
DefMe,1,syn_n50000_i300_l8_s00_c06,minsup,0.032907059999999995,0.3936,116.59,76,False,,20260922_032540,50000,300,0.25
Eclat_Gen_Borgelt,1,syn_n50000_i300_l8_s00_c06,minsup,0.032907059999999995,0.0516,3.77,75,False,,20260922_032540,50000,300,0.25
FPgrowth_Gen_Borgelt,1,syn_n50000_i300_l8_s00_c06,minsup,0.032907059999999995,0.0367,3.98,75,False,,20260922_032540,50000,300,0.25
Gr_growth,1,syn_n50000_i300_l8_s00_c06,minsup,0.032907059999999995,0.0568,14.5,77,False,,20260922_032540,50000,300,0.25
Pascal,1,syn_n50000_i300_l8_s00_c06,minsup,0.032907059999999995,5.5903,105.18,75,False,,20260922_032546,50000,300,0.25
TalkyG_Diffset,1,syn_n50000_i300_l8_s00_c06,minsup,0.032907059999999995,0.4094,113.21,76,False,,20260922_032547,50000,300,0.25
Talky_G,1,syn_n50000_i300_l8_s00_c06,minsup,0.032907059999999995,0.4007,113.83,76,False,,20260922_032547,50000,300,0.25
Zart,1,syn_n50000_i300_l8_s00_c06,minsup,0.032907059999999995,2.2064,369.84,76,False,,20260922_032549,50000,300,0.25
Apriori_Gen_Borgelt,1,syn_n50000_i300_l8_s08_c025,minsup,0.19618362,0.0427,5.3,7,False,,20260922_032550,50000,300,0.02
DefMe,1,syn_n50000_i300_l8_s08_c025,minsup,0.19618362,0.4041,118.51,8,False,,20260922_032550,50000,300,0.02
Eclat_Gen_Borgelt,1,syn_n50000_i300_l8_s08_c025,minsup,0.19618362,0.0458,4.25,7,False,,20260922_032550,50000,300,0.02
FPgrowth_Gen_Borgelt,1,syn_n50000_i300_l8_s08_c025,minsup,0.19618362,0.0364,3.99,7,False,,20260922_032550,50000,300,0.02
Gr_growth,1,syn_n50000_i300_l8_s08_c025,minsup,0.19618362,0.0574,3.79,8,False,,20260922_032551,50000,300,0.02
Pascal,1,syn_n50000_i300_l8_s08_c025,minsup,0.19618362,0.4806,110.76,7,False,,20260922_032551,50000,300,0.02
TalkyG_Diffset,1,syn_n50000_i300_l8_s08_c025,minsup,0.19618362,0.4091,116.98,8,False,,20260922_032552,50000,300,0.02
Talky_G,1,syn_n50000_i300_l8_s08_c025,minsup,0.19618362,0.4498,119.03,8,False,,20260922_032552,50000,300,0.02
Zart,1,syn_n50000_i300_l8_s08_c025,minsup,0.19618362,0.4664,117.18,8,False,,20260922_032553,50000,300,0.02
Apriori_Gen_Borgelt,1,syn_n50000_i300_l8_s08_c025,minsup,0.10865124,0.049,6.29,21,False,,20260922_032553,50000,300,0.05
DefMe,1,syn_n50000_i300_l8_s08_c025,minsup,0.10865124,0.3772,118.07,22,False,,20260922_032554,50000,300,0.05
Eclat_Gen_Borgelt,1,syn_n50000_i300_l8_s08_c025,minsup,0.10865124,0.0457,4.02,21,False,,20260922_032554,50000,300,0.05
FPgrowth_Gen_Borgelt,1,syn_n50000_i300_l8_s08_c025,minsup,0.10865124,0.0228,4.96,21,False,,20260922_032554,50000,300,0.05
Gr_growth,1,syn_n50000_i300_l8_s08_c025,minsup,0.10865124,0.0357,13.95,22,False,,20260922_032554,50000,300,0.05
Pascal,1,syn_n50000_i300_l8_s08_c025,minsup,0.10865124,0.6167,112.15,21,False,,20260922_032555,50000,300,0.05
TalkyG_Diffset,1,syn_n50000_i300_l8_s08_c025,minsup,0.10865124,0.3785,117.79,22,False,,20260922_032556,50000,300,0.05
Talky_G,1,syn_n50000_i300_l8_s08_c025,minsup,0.10865124,0.4593,123.53,22,False,,20260922_032556,50000,300,0.05
Zart,1,syn_n50000_i300_l8_s08_c025,minsup,0.10865124,0.5877,157.32,22,False,,20260922_032557,50000,300,0.05
Apriori_Gen_Borgelt,1,syn_n50000_i300_l8_s08_c025,minsup,0.048011939999999996,0.0564,7.49,75,False,,20260922_032557,50000,300,0.12
DefMe,1,syn_n50000_i300_l8_s08_c025,minsup,0.048011939999999996,0.4299,118.24,76,False,,20260922_032558,50000,300,0.12
Eclat_Gen_Borgelt,1,syn_n50000_i300_l8_s08_c025,minsup,0.048011939999999996,0.0634,6.78,75,False,,20260922_032558,50000,300,0.12
FPgrowth_Gen_Borgelt,1,syn_n50000_i300_l8_s08_c025,minsup,0.048011939999999996,0.0378,6.85,75,False,,20260922_032558,50000,300,0.12
Gr_growth,1,syn_n50000_i300_l8_s08_c025,minsup,0.048011939999999996,0.0677,14.77,76,False,,20260922_032558,50000,300,0.12
Pascal,1,syn_n50000_i300_l8_s08_c025,minsup,0.048011939999999996,1.8703,110.44,75,False,,20260922_032600,50000,300,0.12
TalkyG_Diffset,1,syn_n50000_i300_l8_s08_c025,minsup,0.048011939999999996,0.3951,119.02,76,False,,20260922_032601,50000,300,0.12
Talky_G,1,syn_n50000_i300_l8_s08_c025,minsup,0.048011939999999996,0.4326,117.25,76,False,,20260922_032601,50000,300,0.12
Zart,1,syn_n50000_i300_l8_s08_c025,minsup,0.048011939999999996,1.1258,382.0,76,False,,20260922_032603,50000,300,0.12
Apriori_Gen_Borgelt,1,syn_n50000_i300_l8_s08_c025,minsup,0.027032940000000002,0.071,9.15,192,False,,20260922_032603,50000,300,0.25
DefMe,1,syn_n50000_i300_l8_s08_c025,minsup,0.027032940000000002,0.381,116.94,193,False,,20260922_032603,50000,300,0.25
Eclat_Gen_Borgelt,1,syn_n50000_i300_l8_s08_c025,minsup,0.027032940000000002,0.06,7.02,192,False,,20260922_032604,50000,300,0.25
FPgrowth_Gen_Borgelt,1,syn_n50000_i300_l8_s08_c025,minsup,0.027032940000000002,0.0467,6.43,192,False,,20260922_032604,50000,300,0.25
Gr_growth,1,syn_n50000_i300_l8_s08_c025,minsup,0.027032940000000002,0.0616,17.24,193,False,,20260922_032604,50000,300,0.25
Pascal,1,syn_n50000_i300_l8_s08_c025,minsup,0.027032940000000002,6.2484,112.89,192,False,,20260922_032610,50000,300,0.25
TalkyG_Diffset,1,syn_n50000_i300_l8_s08_c025,minsup,0.027032940000000002,0.4261,119.53,193,False,,20260922_032611,50000,300,0.25
Talky_G,1,syn_n50000_i300_l8_s08_c025,minsup,0.027032940000000002,0.4271,118.87,193,False,,20260922_032612,50000,300,0.25
Zart,1,syn_n50000_i300_l8_s08_c025,minsup,0.027032940000000002,2.9038,387.08,193,False,,20260922_032615,50000,300,0.25
Apriori_Gen_Borgelt,1,syn_n50000_i300_l8_s08_c06,minsup,0.17954028,0.0422,5.26,7,False,,20260922_032615,50000,299,0.02
DefMe,1,syn_n50000_i300_l8_s08_c06,minsup,0.17954028,0.4298,116.19,8,False,,20260922_032615,50000,299,0.02
Eclat_Gen_Borgelt,1,syn_n50000_i300_l8_s08_c06,minsup,0.17954028,0.0365,3.86,7,False,,20260922_032615,50000,299,0.02
FPgrowth_Gen_Borgelt,1,syn_n50000_i300_l8_s08_c06,minsup,0.17954028,0.0372,4.05,7,False,,20260922_032616,50000,299,0.02
Gr_growth,1,syn_n50000_i300_l8_s08_c06,minsup,0.17954028,0.0295,3.8,8,False,,20260922_032616,50000,299,0.02
Pascal,1,syn_n50000_i300_l8_s08_c06,minsup,0.17954028,0.4883,112.22,7,False,,20260922_032616,50000,299,0.02
TalkyG_Diffset,1,syn_n50000_i300_l8_s08_c06,minsup,0.17954028,0.4414,113.48,8,False,,20260922_032617,50000,299,0.02
Talky_G,1,syn_n50000_i300_l8_s08_c06,minsup,0.17954028,0.4169,112.84,8,False,,20260922_032618,50000,299,0.02
Zart,1,syn_n50000_i300_l8_s08_c06,minsup,0.17954028,0.4713,128.5,8,False,,20260922_032618,50000,299,0.02
Apriori_Gen_Borgelt,1,syn_n50000_i300_l8_s08_c06,minsup,0.08799192,0.0373,3.74,21,False,,20260922_032618,50000,299,0.05
DefMe,1,syn_n50000_i300_l8_s08_c06,minsup,0.08799192,0.3921,111.18,22,False,,20260922_032619,50000,299,0.05
Eclat_Gen_Borgelt,1,syn_n50000_i300_l8_s08_c06,minsup,0.08799192,0.0379,3.93,21,False,,20260922_032619,50000,299,0.05
FPgrowth_Gen_Borgelt,1,syn_n50000_i300_l8_s08_c06,minsup,0.08799192,0.0388,6.39,21,False,,20260922_032619,50000,299,0.05
Gr_growth,1,syn_n50000_i300_l8_s08_c06,minsup,0.08799192,0.0337,4.71,22,False,,20260922_032620,50000,299,0.05
Pascal,1,syn_n50000_i300_l8_s08_c06,minsup,0.08799192,0.6098,113.29,21,False,,20260922_032620,50000,299,0.05
TalkyG_Diffset,1,syn_n50000_i300_l8_s08_c06,minsup,0.08799192,0.4428,114.19,22,False,,20260922_032621,50000,299,0.05
Talky_G,1,syn_n50000_i300_l8_s08_c06,minsup,0.08799192,0.4122,110.07,22,False,,20260922_032621,50000,299,0.05
Zart,1,syn_n50000_i300_l8_s08_c06,minsup,0.08799192,0.5446,149.32,22,False,,20260922_032622,50000,299,0.05
Apriori_Gen_Borgelt,1,syn_n50000_i300_l8_s08_c06,minsup,0.04917078,0.0402,6.18,58,False,,20260922_032622,50000,299,0.12
DefMe,1,syn_n50000_i300_l8_s08_c06,minsup,0.04917078,0.3758,113.77,59,False,,20260922_032623,50000,299,0.12
Eclat_Gen_Borgelt,1,syn_n50000_i300_l8_s08_c06,minsup,0.04917078,0.058,6.25,58,False,,20260922_032623,50000,299,0.12
FPgrowth_Gen_Borgelt,1,syn_n50000_i300_l8_s08_c06,minsup,0.04917078,0.0665,6.7,58,False,,20260922_032623,50000,299,0.12
Gr_growth,1,syn_n50000_i300_l8_s08_c06,minsup,0.04917078,0.0451,14.5,59,False,,20260922_032623,50000,299,0.12
Pascal,1,syn_n50000_i300_l8_s08_c06,minsup,0.04917078,1.8611,120.69,58,False,,20260922_032625,50000,299,0.12
TalkyG_Diffset,1,syn_n50000_i300_l8_s08_c06,minsup,0.04917078,0.4094,113.61,59,False,,20260922_032626,50000,299,0.12
Talky_G,1,syn_n50000_i300_l8_s08_c06,minsup,0.04917078,0.3744,113.59,59,False,,20260922_032627,50000,299,0.12
Zart,1,syn_n50000_i300_l8_s08_c06,minsup,0.04917078,1.1644,374.4,59,False,,20260922_032628,50000,299,0.12
Apriori_Gen_Borgelt,1,syn_n50000_i300_l8_s08_c06,minsup,0.02791206,0.059,9.03,155,False,,20260922_032628,50000,299,0.25
DefMe,1,syn_n50000_i300_l8_s08_c06,minsup,0.02791206,0.399,115.19,156,False,,20260922_032629,50000,299,0.25
Eclat_Gen_Borgelt,1,syn_n50000_i300_l8_s08_c06,minsup,0.02791206,0.0613,10.28,155,False,,20260922_032629,50000,299,0.25
FPgrowth_Gen_Borgelt,1,syn_n50000_i300_l8_s08_c06,minsup,0.02791206,0.0551,7.41,155,False,,20260922_032629,50000,299,0.25
Gr_growth,1,syn_n50000_i300_l8_s08_c06,minsup,0.02791206,0.0774,17.05,156,False,,20260922_032629,50000,299,0.25
Pascal,1,syn_n50000_i300_l8_s08_c06,minsup,0.02791206,6.2195,106.57,155,False,,20260922_032635,50000,299,0.25
TalkyG_Diffset,1,syn_n50000_i300_l8_s08_c06,minsup,0.02791206,0.4373,113.69,156,False,,20260922_032636,50000,299,0.25
Zart,1,syn_n10000_i2000_l40_s16_c06,minsup,0.0061938,300.2403,1079.72,0,True,,20260922_032636,10000,1732,0.25
Talky_G,1,syn_n50000_i300_l8_s08_c06,minsup,0.02791206,0.4973,116.46,156,False,,20260922_032637,50000,299,0.25
Apriori_Gen_Borgelt,1,syn_n50000_i300_l8_s16_c025,minsup,0.6528465,0.0379,4.91,6,False,,20260922_032637,50000,183,0.02
DefMe,1,syn_n50000_i300_l8_s16_c025,minsup,0.6528465,0.3915,117.37,7,False,,20260922_032637,50000,183,0.02
Eclat_Gen_Borgelt,1,syn_n50000_i300_l8_s16_c025,minsup,0.6528465,0.036,4.0,6,False,,20260922_032638,50000,183,0.02
FPgrowth_Gen_Borgelt,1,syn_n50000_i300_l8_s16_c025,minsup,0.6528465,0.0357,4.46,6,False,,20260922_032638,50000,183,0.02
Gr_growth,1,syn_n50000_i300_l8_s16_c025,minsup,0.6528465,0.0299,3.8,7,False,,20260922_032638,50000,183,0.02
Pascal,1,syn_n50000_i300_l8_s16_c025,minsup,0.6528465,0.3631,112.2,6,False,,20260922_032638,50000,183,0.02
TalkyG_Diffset,1,syn_n50000_i300_l8_s16_c025,minsup,0.6528465,0.4252,116.3,7,False,,20260922_032639,50000,183,0.02
Talky_G,1,syn_n50000_i300_l8_s16_c025,minsup,0.6528465,0.4176,118.93,7,False,,20260922_032640,50000,183,0.02
Zart,1,syn_n50000_i300_l8_s16_c025,minsup,0.6528465,0.4222,119.62,7,False,,20260922_032640,50000,183,0.02
Apriori_Gen_Borgelt,1,syn_n50000_i300_l8_s16_c025,minsup,0.24861114,0.0469,6.22,56,False,,20260922_032640,50000,183,0.05
DefMe,1,syn_n50000_i300_l8_s16_c025,minsup,0.24861114,0.3812,113.57,57,False,,20260922_032641,50000,183,0.05
Zart,1,syn_n50000_i300_l8_s08_c06,minsup,0.02791206,4.4284,518.8,156,False,,20260922_032641,50000,299,0.25
Eclat_Gen_Borgelt,1,syn_n50000_i300_l8_s16_c025,minsup,0.24861114,0.0351,6.3,56,False,,20260922_032641,50000,183,0.05
FPgrowth_Gen_Borgelt,1,syn_n50000_i300_l8_s16_c025,minsup,0.24861114,0.0391,6.42,56,False,,20260922_032641,50000,183,0.05
Gr_growth,1,syn_n50000_i300_l8_s16_c025,minsup,0.24861114,0.0435,13.88,57,False,,20260922_032641,50000,183,0.05
TalkyG_Diffset,1,syn_n50000_i300_l8_s16_c025,minsup,0.24861114,0.4405,117.86,57,False,,20260922_032642,50000,183,0.05
Pascal,1,syn_n50000_i300_l8_s16_c025,minsup,0.24861114,0.7225,106.88,56,False,,20260922_032642,50000,183,0.05
Talky_G,1,syn_n50000_i300_l8_s16_c025,minsup,0.24861114,0.4441,116.47,57,False,,20260922_032642,50000,183,0.05
Apriori_Gen_Borgelt,1,syn_n50000_i300_l8_s16_c025,minsup,0.07708284,0.0795,7.07,429,False,,20260922_032643,50000,183,0.12
Zart,1,syn_n50000_i300_l8_s16_c025,minsup,0.24861114,0.7247,162.34,57,False,,20260922_032643,50000,183,0.05
Eclat_Gen_Borgelt,1,syn_n50000_i300_l8_s16_c025,minsup,0.07708284,0.0469,6.29,429,False,,20260922_032643,50000,183,0.12
FPgrowth_Gen_Borgelt,1,syn_n50000_i300_l8_s16_c025,minsup,0.07708284,0.0382,6.29,429,False,,20260922_032643,50000,183,0.12
DefMe,1,syn_n50000_i300_l8_s16_c025,minsup,0.07708284,0.5892,122.41,430,False,,20260922_032643,50000,183,0.12
Gr_growth,1,syn_n50000_i300_l8_s16_c025,minsup,0.07708284,0.0377,14.4,430,False,,20260922_032643,50000,183,0.12
TalkyG_Diffset,1,syn_n50000_i300_l8_s16_c025,minsup,0.07708284,0.4376,118.73,430,False,,20260922_032644,50000,183,0.12
Talky_G,1,syn_n50000_i300_l8_s16_c025,minsup,0.07708284,0.4797,113.52,430,False,,20260922_032645,50000,183,0.12
Pascal,1,syn_n50000_i300_l8_s16_c025,minsup,0.07708284,1.9136,115.0,429,False,,20260922_032645,50000,183,0.12
Apriori_Gen_Borgelt,1,syn_n50000_i300_l8_s16_c025,minsup,0.02349648,0.1324,8.78,2489,False,,20260922_032646,50000,183,0.25
DefMe,1,syn_n50000_i300_l8_s16_c025,minsup,0.02349648,0.4604,169.12,2490,False,,20260922_032646,50000,183,0.25
Eclat_Gen_Borgelt,1,syn_n50000_i300_l8_s16_c025,minsup,0.02349648,0.0645,12.0,2489,False,,20260922_032647,50000,183,0.25
FPgrowth_Gen_Borgelt,1,syn_n50000_i300_l8_s16_c025,minsup,0.02349648,0.0639,6.52,2489,False,,20260922_032647,50000,183,0.25
Zart,1,syn_n50000_i300_l8_s16_c025,minsup,0.07708284,2.1295,393.14,430,False,,20260922_032647,50000,183,0.12
Gr_growth,1,syn_n50000_i300_l8_s16_c025,minsup,0.02349648,0.0782,15.55,2490,False,,20260922_032647,50000,183,0.25
Zart,1,syn_n50000_i80_l40_s16_c06,minsup,0.8067124800000001,105.5009,413.34,17900,False,,20260922_032647,50000,80,0.25
TalkyG_Diffset,1,syn_n50000_i300_l8_s16_c025,minsup,0.02349648,0.5006,128.75,2490,False,,20260922_032648,50000,183,0.25
Talky_G,1,syn_n50000_i300_l8_s16_c025,minsup,0.02349648,0.5089,116.89,2490,False,,20260922_032648,50000,183,0.25
Apriori_Gen_Borgelt,1,syn_n50000_i300_l8_s16_c06,minsup,0.63758178,0.0656,5.74,6,False,,20260922_032648,50000,186,0.02
DefMe,1,syn_n50000_i300_l8_s16_c06,minsup,0.63758178,0.3596,112.08,7,False,,20260922_032649,50000,186,0.02
Eclat_Gen_Borgelt,1,syn_n50000_i300_l8_s16_c06,minsup,0.63758178,0.0283,4.16,6,False,,20260922_032649,50000,186,0.02
FPgrowth_Gen_Borgelt,1,syn_n50000_i300_l8_s16_c06,minsup,0.63758178,0.0373,3.96,6,False,,20260922_032649,50000,186,0.02
Gr_growth,1,syn_n50000_i300_l8_s16_c06,minsup,0.63758178,0.0367,3.83,7,False,,20260922_032649,50000,186,0.02
Pascal,1,syn_n50000_i300_l8_s16_c06,minsup,0.63758178,0.438,108.97,6,False,,20260922_032650,50000,186,0.02
TalkyG_Diffset,1,syn_n50000_i300_l8_s16_c06,minsup,0.63758178,0.3927,118.62,7,False,,20260922_032650,50000,186,0.02
Talky_G,1,syn_n50000_i300_l8_s16_c06,minsup,0.63758178,0.3845,112.78,7,False,,20260922_032651,50000,186,0.02
Zart,1,syn_n50000_i300_l8_s16_c06,minsup,0.63758178,0.3897,113.53,7,False,,20260922_032651,50000,186,0.02
Apriori_Gen_Borgelt,1,syn_n50000_i300_l8_s16_c06,minsup,0.3100896,0.0397,3.0,29,False,,20260922_032651,50000,186,0.05
DefMe,1,syn_n50000_i300_l8_s16_c06,minsup,0.3100896,0.4205,115.01,30,False,,20260922_032652,50000,186,0.05
Eclat_Gen_Borgelt,1,syn_n50000_i300_l8_s16_c06,minsup,0.3100896,0.0376,4.03,29,False,,20260922_032652,50000,186,0.05
FPgrowth_Gen_Borgelt,1,syn_n50000_i300_l8_s16_c06,minsup,0.3100896,0.0387,3.89,29,False,,20260922_032652,50000,186,0.05
Gr_growth,1,syn_n50000_i300_l8_s16_c06,minsup,0.3100896,0.0635,13.88,30,False,,20260922_032653,50000,186,0.05
Pascal,1,syn_n50000_i300_l8_s16_c06,minsup,0.3100896,0.4668,109.67,29,False,,20260922_032653,50000,186,0.05
TalkyG_Diffset,1,syn_n50000_i300_l8_s16_c06,minsup,0.3100896,0.4171,114.8,30,False,,20260922_032654,50000,186,0.05
Talky_G,1,syn_n50000_i300_l8_s16_c06,minsup,0.3100896,0.3936,112.14,30,False,,20260922_032654,50000,186,0.05
Zart,1,syn_n50000_i300_l8_s16_c06,minsup,0.3100896,0.4833,152.28,30,False,,20260922_032655,50000,186,0.05
Apriori_Gen_Borgelt,1,syn_n50000_i300_l8_s16_c06,minsup,0.056923020000000005,0.0921,7.03,593,False,,20260922_032655,50000,186,0.12
DefMe,1,syn_n50000_i300_l8_s16_c06,minsup,0.056923020000000005,0.446,117.2,594,False,,20260922_032656,50000,186,0.12
Eclat_Gen_Borgelt,1,syn_n50000_i300_l8_s16_c06,minsup,0.056923020000000005,0.0457,9.96,593,False,,20260922_032656,50000,186,0.12
FPgrowth_Gen_Borgelt,1,syn_n50000_i300_l8_s16_c06,minsup,0.056923020000000005,0.0441,6.18,593,False,,20260922_032656,50000,186,0.12
Gr_growth,1,syn_n50000_i300_l8_s16_c06,minsup,0.056923020000000005,0.0613,14.39,595,False,,20260922_032656,50000,186,0.12
Pascal,1,syn_n50000_i300_l8_s16_c025,minsup,0.02349648,9.6833,121.7,2489,False,,20260922_032657,50000,183,0.25
TalkyG_Diffset,1,syn_n50000_i300_l8_s16_c06,minsup,0.056923020000000005,0.4236,115.62,594,False,,20260922_032657,50000,186,0.12
Zart,1,syn_n50000_i300_l8_s16_c025,minsup,0.02349648,9.8207,638.43,2490,False,,20260922_032658,50000,183,0.25
Talky_G,1,syn_n50000_i300_l8_s16_c06,minsup,0.056923020000000005,0.5323,113.17,594,False,,20260922_032658,50000,186,0.12
Apriori_Gen_Borgelt,1,syn_n50000_i300_l8_s16_c06,minsup,0.01832166,0.136,8.8,2976,False,,20260922_032658,50000,186,0.25
DefMe,1,syn_n50000_i300_l8_s16_c06,minsup,0.01832166,0.4478,162.09,2977,False,,20260922_032659,50000,186,0.25
Eclat_Gen_Borgelt,1,syn_n50000_i300_l8_s16_c06,minsup,0.01832166,0.0806,14.75,2976,False,,20260922_032659,50000,186,0.25
Pascal,1,syn_n50000_i300_l8_s16_c06,minsup,0.056923020000000005,2.6078,110.16,593,False,,20260922_032659,50000,186,0.12
FPgrowth_Gen_Borgelt,1,syn_n50000_i300_l8_s16_c06,minsup,0.01832166,0.075,10.05,2976,False,,20260922_032659,50000,186,0.25
Gr_growth,1,syn_n50000_i300_l8_s16_c06,minsup,0.01832166,0.0736,16.18,2980,False,,20260922_032659,50000,186,0.25
TalkyG_Diffset,1,syn_n50000_i300_l8_s16_c06,minsup,0.01832166,0.4708,143.07,2977,False,,20260922_032700,50000,186,0.25
Zart,1,syn_n50000_i300_l8_s16_c06,minsup,0.056923020000000005,2.7209,398.84,594,False,,20260922_032700,50000,186,0.12
Talky_G,1,syn_n50000_i300_l8_s16_c06,minsup,0.01832166,0.4768,117.41,2977,False,,20260922_032700,50000,186,0.25
Apriori_Gen_Borgelt,1,syn_n50000_i300_l20_s00_c025,minsup,0.10013976,0.0577,8.45,6,False,,20260922_032701,50000,300,0.02
DefMe,1,syn_n50000_i300_l20_s00_c025,minsup,0.10013976,0.4599,173.59,7,False,,20260922_032701,50000,300,0.02
Eclat_Gen_Borgelt,1,syn_n50000_i300_l20_s00_c025,minsup,0.10013976,0.08,7.74,6,False,,20260922_032702,50000,300,0.02
FPgrowth_Gen_Borgelt,1,syn_n50000_i300_l20_s00_c025,minsup,0.10013976,0.0514,4.01,6,False,,20260922_032702,50000,300,0.02
Gr_growth,1,syn_n50000_i300_l20_s00_c025,minsup,0.10013976,0.0882,13.76,7,False,,20260922_032702,50000,300,0.02
Pascal,1,syn_n50000_i300_l20_s00_c025,minsup,0.10013976,0.4778,138.5,6,False,,20260922_032703,50000,300,0.02
TalkyG_Diffset,1,syn_n50000_i300_l20_s00_c025,minsup,0.10013976,0.4741,174.25,7,False,,20260922_032703,50000,300,0.02
Talky_G,1,syn_n50000_i300_l20_s00_c025,minsup,0.10013976,0.5218,175.86,7,False,,20260922_032704,50000,300,0.02
Zart,1,syn_n50000_i300_l20_s00_c025,minsup,0.10013976,0.5454,176.39,7,False,,20260922_032705,50000,300,0.02
Apriori_Gen_Borgelt,1,syn_n50000_i300_l20_s00_c025,minsup,0.0936063,0.0497,8.86,15,False,,20260922_032705,50000,300,0.05
DefMe,1,syn_n50000_i300_l20_s00_c025,minsup,0.0936063,0.4566,178.79,16,False,,20260922_032705,50000,300,0.05
Eclat_Gen_Borgelt,1,syn_n50000_i300_l20_s00_c025,minsup,0.0936063,0.052,8.71,15,False,,20260922_032706,50000,300,0.05
FPgrowth_Gen_Borgelt,1,syn_n50000_i300_l20_s00_c025,minsup,0.0936063,0.0689,8.57,15,False,,20260922_032706,50000,300,0.05
Gr_growth,1,syn_n50000_i300_l20_s00_c025,minsup,0.0936063,0.0641,13.9,16,False,,20260922_032706,50000,300,0.05
Pascal,1,syn_n50000_i300_l20_s00_c025,minsup,0.0936063,0.774,135.16,15,False,,20260922_032707,50000,300,0.05
TalkyG_Diffset,1,syn_n50000_i300_l20_s00_c025,minsup,0.0936063,0.4701,176.34,16,False,,20260922_032708,50000,300,0.05
Talky_G,1,syn_n50000_i300_l20_s00_c025,minsup,0.0936063,0.5412,175.71,16,False,,20260922_032708,50000,300,0.05
Zart,1,syn_n50000_i300_l20_s00_c025,minsup,0.0936063,0.6391,192.97,16,False,,20260922_032709,50000,300,0.05
Apriori_Gen_Borgelt,1,syn_n50000_i300_l20_s00_c025,minsup,0.08847144,0.0692,8.91,37,False,,20260922_032709,50000,300,0.12
Pascal,1,syn_n50000_i300_l8_s16_c06,minsup,0.01832166,10.3275,126.0,2976,False,,20260922_032710,50000,186,0.25
DefMe,1,syn_n50000_i300_l20_s00_c025,minsup,0.08847144,0.4593,176.82,38,False,,20260922_032710,50000,300,0.12
Eclat_Gen_Borgelt,1,syn_n50000_i300_l20_s00_c025,minsup,0.08847144,0.0621,8.41,37,False,,20260922_032710,50000,300,0.12
FPgrowth_Gen_Borgelt,1,syn_n50000_i300_l20_s00_c025,minsup,0.08847144,0.0585,8.98,37,False,,20260922_032710,50000,300,0.12
Gr_growth,1,syn_n50000_i300_l20_s00_c025,minsup,0.08847144,0.0718,15.61,38,False,,20260922_032710,50000,300,0.12
TalkyG_Diffset,1,syn_n50000_i300_l20_s00_c025,minsup,0.08847144,0.5657,176.97,38,False,,20260922_032711,50000,300,0.12
Talky_G,1,syn_n50000_i300_l20_s00_c025,minsup,0.08847144,0.4891,176.14,38,False,,20260922_032711,50000,300,0.12
Zart,1,syn_n50000_i300_l8_s16_c06,minsup,0.01832166,11.5324,404.89,2977,False,,20260922_032712,50000,186,0.25
Apriori_Gen_Borgelt,1,syn_n50000_i300_l20_s00_c025,minsup,0.08277714,0.0777,8.86,75,False,,20260922_032712,50000,300,0.25
Pascal,1,syn_n50000_i300_l20_s00_c025,minsup,0.08847144,2.5819,138.81,37,False,,20260922_032713,50000,300,0.12
Zart,1,syn_n50000_i300_l20_s00_c025,minsup,0.08847144,1.2437,381.59,38,False,,20260922_032713,50000,300,0.12
DefMe,1,syn_n50000_i300_l20_s00_c025,minsup,0.08277714,0.5498,178.4,76,False,,20260922_032713,50000,300,0.25
Eclat_Gen_Borgelt,1,syn_n50000_i300_l20_s00_c025,minsup,0.08277714,0.0862,9.34,75,False,,20260922_032713,50000,300,0.25
FPgrowth_Gen_Borgelt,1,syn_n50000_i300_l20_s00_c025,minsup,0.08277714,0.1181,16.84,75,False,,20260922_032713,50000,300,0.25
Gr_growth,1,syn_n50000_i300_l20_s00_c025,minsup,0.08277714,0.0978,20.19,76,False,,20260922_032713,50000,300,0.25
TalkyG_Diffset,1,syn_n50000_i300_l20_s00_c025,minsup,0.08277714,0.6855,179.71,76,False,,20260922_032714,50000,300,0.25
Talky_G,1,syn_n50000_i300_l20_s00_c025,minsup,0.08277714,0.5946,178.64,76,False,,20260922_032714,50000,300,0.25
Apriori_Gen_Borgelt,1,syn_n50000_i300_l20_s00_c06,minsup,0.0973026,0.07,7.74,6,False,,20260922_032714,50000,300,0.02
DefMe,1,syn_n50000_i300_l20_s00_c06,minsup,0.0973026,0.4171,150.39,7,False,,20260922_032715,50000,300,0.02
Eclat_Gen_Borgelt,1,syn_n50000_i300_l20_s00_c06,minsup,0.0973026,0.0548,7.04,6,False,,20260922_032715,50000,300,0.02
FPgrowth_Gen_Borgelt,1,syn_n50000_i300_l20_s00_c06,minsup,0.0973026,0.0566,6.83,6,False,,20260922_032715,50000,300,0.02
Gr_growth,1,syn_n50000_i300_l20_s00_c06,minsup,0.0973026,0.0621,13.87,7,False,,20260922_032716,50000,300,0.02
Pascal,1,syn_n50000_i300_l20_s00_c06,minsup,0.0973026,0.4776,137.25,6,False,,20260922_032716,50000,300,0.02
TalkyG_Diffset,1,syn_n50000_i300_l20_s00_c06,minsup,0.0973026,0.4989,156.48,7,False,,20260922_032717,50000,300,0.02
Talky_G,1,syn_n50000_i300_l20_s00_c06,minsup,0.0973026,0.463,176.36,7,False,,20260922_032717,50000,300,0.02
Zart,1,syn_n50000_i300_l20_s00_c025,minsup,0.08277714,3.488,556.87,76,False,,20260922_032718,50000,300,0.25
Apriori_Gen_Borgelt,1,syn_n50000_i300_l20_s00_c06,minsup,0.09422568,0.0503,8.64,15,False,,20260922_032718,50000,300,0.05
Zart,1,syn_n50000_i300_l20_s00_c06,minsup,0.0973026,0.6123,182.4,7,False,,20260922_032718,50000,300,0.02
Eclat_Gen_Borgelt,1,syn_n50000_i300_l20_s00_c06,minsup,0.09422568,0.0558,8.13,15,False,,20260922_032718,50000,300,0.05
FPgrowth_Gen_Borgelt,1,syn_n50000_i300_l20_s00_c06,minsup,0.09422568,0.0782,6.47,15,False,,20260922_032719,50000,300,0.05
DefMe,1,syn_n50000_i300_l20_s00_c06,minsup,0.09422568,0.6072,149.3,16,False,,20260922_032719,50000,300,0.05
Gr_growth,1,syn_n50000_i300_l20_s00_c06,minsup,0.09422568,0.064,13.92,16,False,,20260922_032719,50000,300,0.05
TalkyG_Diffset,1,syn_n50000_i300_l20_s00_c06,minsup,0.09422568,0.5214,151.0,16,False,,20260922_032720,50000,300,0.05
Pascal,1,syn_n50000_i300_l20_s00_c06,minsup,0.09422568,0.7776,138.55,15,False,,20260922_032720,50000,300,0.05
Talky_G,1,syn_n50000_i300_l20_s00_c06,minsup,0.09422568,0.5694,175.11,16,False,,20260922_032720,50000,300,0.05
Apriori_Gen_Borgelt,1,syn_n50000_i300_l20_s00_c06,minsup,0.0852147,0.0717,8.48,37,False,,20260922_032720,50000,300,0.12
Zart,1,syn_n50000_i300_l20_s00_c06,minsup,0.09422568,0.7245,188.4,16,False,,20260922_032720,50000,300,0.05
Eclat_Gen_Borgelt,1,syn_n50000_i300_l20_s00_c06,minsup,0.0852147,0.0819,8.75,37,False,,20260922_032721,50000,300,0.12
FPgrowth_Gen_Borgelt,1,syn_n50000_i300_l20_s00_c06,minsup,0.0852147,0.0677,8.75,37,False,,20260922_032721,50000,300,0.12
Gr_growth,1,syn_n50000_i300_l20_s00_c06,minsup,0.0852147,0.0681,15.39,38,False,,20260922_032721,50000,300,0.12
DefMe,1,syn_n50000_i300_l20_s00_c06,minsup,0.0852147,0.5751,173.63,38,False,,20260922_032721,50000,300,0.12
TalkyG_Diffset,1,syn_n50000_i300_l20_s00_c06,minsup,0.0852147,0.5357,170.88,38,False,,20260922_032722,50000,300,0.12
Talky_G,1,syn_n50000_i300_l20_s00_c06,minsup,0.0852147,0.4977,186.31,38,False,,20260922_032722,50000,300,0.12
Pascal,1,syn_n50000_i300_l20_s00_c025,minsup,0.08277714,9.4413,135.78,75,False,,20260922_032723,50000,300,0.25
Apriori_Gen_Borgelt,1,syn_n50000_i300_l20_s00_c06,minsup,0.07806186,0.0831,8.69,75,False,,20260922_032723,50000,300,0.25
DefMe,1,syn_n50000_i300_l20_s00_c06,minsup,0.07806186,0.4925,176.7,76,False,,20260922_032724,50000,300,0.25
Pascal,1,syn_n50000_i300_l20_s00_c06,minsup,0.0852147,2.3378,132.2,37,False,,20260922_032724,50000,300,0.12
Eclat_Gen_Borgelt,1,syn_n50000_i300_l20_s00_c06,minsup,0.07806186,0.0782,9.14,75,False,,20260922_032724,50000,300,0.25
FPgrowth_Gen_Borgelt,1,syn_n50000_i300_l20_s00_c06,minsup,0.07806186,0.0803,16.44,75,False,,20260922_032724,50000,300,0.25
Zart,1,syn_n50000_i300_l20_s00_c06,minsup,0.0852147,1.3138,374.91,38,False,,20260922_032724,50000,300,0.12
Gr_growth,1,syn_n50000_i300_l20_s00_c06,minsup,0.07806186,0.1574,21.19,76,False,,20260922_032724,50000,300,0.25
TalkyG_Diffset,1,syn_n50000_i300_l20_s00_c06,minsup,0.07806186,0.5875,156.47,76,False,,20260922_032725,50000,300,0.25
Talky_G,1,syn_n50000_i300_l20_s00_c06,minsup,0.07806186,0.5649,181.63,76,False,,20260922_032725,50000,300,0.25
Apriori_Gen_Borgelt,1,syn_n50000_i300_l20_s08_c025,minsup,0.42715242000000003,0.0713,8.8,8,False,,20260922_032725,50000,300,0.02
DefMe,1,syn_n50000_i300_l20_s08_c025,minsup,0.42715242000000003,0.4941,174.39,9,False,,20260922_032726,50000,300,0.02
Eclat_Gen_Borgelt,1,syn_n50000_i300_l20_s08_c025,minsup,0.42715242000000003,0.0642,8.73,8,False,,20260922_032726,50000,300,0.02
FPgrowth_Gen_Borgelt,1,syn_n50000_i300_l20_s08_c025,minsup,0.42715242000000003,0.053,8.98,8,False,,20260922_032726,50000,300,0.02
Gr_growth,1,syn_n50000_i300_l20_s08_c025,minsup,0.42715242000000003,0.0645,13.86,9,False,,20260922_032726,50000,300,0.02
Pascal,1,syn_n50000_i300_l20_s08_c025,minsup,0.42715242000000003,0.5205,139.88,8,False,,20260922_032727,50000,300,0.02
TalkyG_Diffset,1,syn_n50000_i300_l20_s08_c025,minsup,0.42715242000000003,0.5648,170.72,9,False,,20260922_032728,50000,300,0.02
Talky_G,1,syn_n50000_i300_l20_s08_c025,minsup,0.42715242000000003,0.5562,176.4,9,False,,20260922_032728,50000,300,0.02
Zart,1,syn_n50000_i300_l20_s00_c06,minsup,0.07806186,3.7251,649.06,76,False,,20260922_032729,50000,300,0.25
Apriori_Gen_Borgelt,1,syn_n50000_i300_l20_s08_c025,minsup,0.2200797,0.0791,8.8,45,False,,20260922_032729,50000,300,0.05
Zart,1,syn_n50000_i300_l20_s08_c025,minsup,0.42715242000000003,0.6484,173.16,9,False,,20260922_032729,50000,300,0.02
Eclat_Gen_Borgelt,1,syn_n50000_i300_l20_s08_c025,minsup,0.2200797,0.0754,9.26,45,False,,20260922_032729,50000,300,0.05
DefMe,1,syn_n50000_i300_l20_s08_c025,minsup,0.2200797,0.5311,174.09,46,False,,20260922_032729,50000,300,0.05
FPgrowth_Gen_Borgelt,1,syn_n50000_i300_l20_s08_c025,minsup,0.2200797,0.0767,9.27,45,False,,20260922_032730,50000,300,0.05
Gr_growth,1,syn_n50000_i300_l20_s08_c025,minsup,0.2200797,0.0815,14.39,46,False,,20260922_032730,50000,300,0.05
TalkyG_Diffset,1,syn_n50000_i300_l20_s08_c025,minsup,0.2200797,0.5048,179.25,46,False,,20260922_032730,50000,300,0.05
Pascal,1,syn_n50000_i300_l20_s08_c025,minsup,0.2200797,0.9553,140.34,45,False,,20260922_032731,50000,300,0.05
Talky_G,1,syn_n50000_i300_l20_s08_c025,minsup,0.2200797,0.5878,167.76,46,False,,20260922_032731,50000,300,0.05
Apriori_Gen_Borgelt,1,syn_n50000_i300_l20_s08_c025,minsup,0.1285713,0.1081,13.01,171,False,,20260922_032731,50000,300,0.12
Zart,1,syn_n50000_i300_l20_s08_c025,minsup,0.2200797,0.8667,198.38,46,False,,20260922_032732,50000,300,0.05
Eclat_Gen_Borgelt,1,syn_n50000_i300_l20_s08_c025,minsup,0.1285713,0.1095,12.67,171,False,,20260922_032732,50000,300,0.12
DefMe,1,syn_n50000_i300_l20_s08_c025,minsup,0.1285713,0.5506,172.2,172,False,,20260922_032732,50000,300,0.12
Pascal,1,syn_n50000_i300_l20_s00_c06,minsup,0.07806186,8.1595,128.69,75,False,,20260922_032732,50000,300,0.25
FPgrowth_Gen_Borgelt,1,syn_n50000_i300_l20_s08_c025,minsup,0.1285713,0.1065,16.61,171,False,,20260922_032732,50000,300,0.12
Gr_growth,1,syn_n50000_i300_l20_s08_c025,minsup,0.1285713,0.1039,20.52,172,False,,20260922_032732,50000,300,0.12
TalkyG_Diffset,1,syn_n50000_i300_l20_s08_c025,minsup,0.1285713,0.6099,168.42,172,False,,20260922_032733,50000,300,0.12
Talky_G,1,syn_n50000_i300_l20_s08_c025,minsup,0.1285713,0.5251,167.52,172,False,,20260922_032733,50000,300,0.12
Apriori_Gen_Borgelt,1,syn_n50000_i300_l20_s08_c025,minsup,0.07416576,0.1393,13.75,579,False,,20260922_032734,50000,300,0.25
DefMe,1,syn_n50000_i300_l20_s08_c025,minsup,0.07416576,0.4935,174.2,580,False,,20260922_032734,50000,300,0.25
Eclat_Gen_Borgelt,1,syn_n50000_i300_l20_s08_c025,minsup,0.07416576,0.112,19.76,579,False,,20260922_032734,50000,300,0.25
FPgrowth_Gen_Borgelt,1,syn_n50000_i300_l20_s08_c025,minsup,0.07416576,0.142,24.2,579,False,,20260922_032735,50000,300,0.25
Gr_growth,1,syn_n50000_i300_l20_s08_c025,minsup,0.07416576,0.1641,27.67,580,False,,20260922_032735,50000,300,0.25
Pascal,1,syn_n50000_i80_l40_s16_c06,minsup,0.8067124800000001,155.3359,221.91,17899,False,,20260922_032735,50000,80,0.25
Zart,1,syn_n50000_i300_l20_s08_c025,minsup,0.1285713,2.3461,421.4,172,False,,20260922_032736,50000,300,0.12
Pascal,1,syn_n50000_i300_l20_s08_c025,minsup,0.1285713,3.4666,142.09,171,False,,20260922_032736,50000,300,0.12
TalkyG_Diffset,1,syn_n50000_i300_l20_s08_c025,minsup,0.07416576,0.6854,178.34,580,False,,20260922_032736,50000,300,0.25
Talky_G,1,syn_n50000_i300_l20_s08_c025,minsup,0.07416576,0.6471,172.99,580,False,,20260922_032736,50000,300,0.25
Apriori_Gen_Borgelt,1,syn_n50000_i300_l20_s08_c06,minsup,0.40341618,0.0534,8.33,10,False,,20260922_032736,50000,300,0.02
Eclat_Gen_Borgelt,1,syn_n50000_i300_l20_s08_c06,minsup,0.40341618,0.0579,7.97,10,False,,20260922_032737,50000,300,0.02
FPgrowth_Gen_Borgelt,1,syn_n50000_i300_l20_s08_c06,minsup,0.40341618,0.0645,8.09,10,False,,20260922_032737,50000,300,0.02
Gr_growth,1,syn_n50000_i300_l20_s08_c06,minsup,0.40341618,0.0557,13.87,11,False,,20260922_032737,50000,300,0.02
DefMe,1,syn_n50000_i300_l20_s08_c06,minsup,0.40341618,0.5567,151.79,11,False,,20260922_032737,50000,300,0.02
Pascal,1,syn_n50000_i300_l20_s08_c06,minsup,0.40341618,0.5153,135.58,10,False,,20260922_032738,50000,300,0.02
TalkyG_Diffset,1,syn_n50000_i300_l20_s08_c06,minsup,0.40341618,0.5508,152.99,11,False,,20260922_032738,50000,300,0.02
Talky_G,1,syn_n50000_i300_l20_s08_c06,minsup,0.40341618,0.5805,155.77,11,False,,20260922_032738,50000,300,0.02
Zart,1,syn_n50000_i300_l20_s08_c06,minsup,0.40341618,0.522,182.06,11,False,,20260922_032739,50000,300,0.02
Apriori_Gen_Borgelt,1,syn_n50000_i300_l20_s08_c06,minsup,0.22043933999999998,0.0885,8.74,43,False,,20260922_032739,50000,300,0.05
Eclat_Gen_Borgelt,1,syn_n50000_i300_l20_s08_c06,minsup,0.22043933999999998,0.0825,9.18,43,False,,20260922_032739,50000,300,0.05
FPgrowth_Gen_Borgelt,1,syn_n50000_i300_l20_s08_c06,minsup,0.22043933999999998,0.0536,9.12,43,False,,20260922_032739,50000,300,0.05
Gr_growth,1,syn_n50000_i300_l20_s08_c06,minsup,0.22043933999999998,0.0662,14.29,44,False,,20260922_032739,50000,300,0.05
DefMe,1,syn_n50000_i300_l20_s08_c06,minsup,0.22043933999999998,0.6756,153.7,44,False,,20260922_032739,50000,300,0.05
TalkyG_Diffset,1,syn_n50000_i300_l20_s08_c06,minsup,0.22043933999999998,0.522,157.92,44,False,,20260922_032740,50000,300,0.05
Pascal,1,syn_n50000_i300_l20_s08_c06,minsup,0.22043933999999998,0.9143,134.64,43,False,,20260922_032740,50000,300,0.05
Talky_G,1,syn_n50000_i300_l20_s08_c06,minsup,0.22043933999999998,0.5535,157.15,44,False,,20260922_032741,50000,300,0.05
Apriori_Gen_Borgelt,1,syn_n50000_i300_l20_s08_c06,minsup,0.11704284,0.104,12.69,191,False,,20260922_032741,50000,300,0.12
Zart,1,syn_n50000_i300_l20_s08_c06,minsup,0.22043933999999998,0.8704,203.05,44,False,,20260922_032741,50000,300,0.05
Eclat_Gen_Borgelt,1,syn_n50000_i300_l20_s08_c06,minsup,0.11704284,0.0961,14.93,191,False,,20260922_032742,50000,300,0.12
DefMe,1,syn_n50000_i300_l20_s08_c06,minsup,0.11704284,0.5486,178.54,192,False,,20260922_032742,50000,300,0.12
FPgrowth_Gen_Borgelt,1,syn_n50000_i300_l20_s08_c06,minsup,0.11704284,0.1234,9.09,191,False,,20260922_032742,50000,300,0.12
Gr_growth,1,syn_n50000_i300_l20_s08_c06,minsup,0.11704284,0.1158,19.92,192,False,,20260922_032742,50000,300,0.12
TalkyG_Diffset,1,syn_n50000_i300_l20_s08_c06,minsup,0.11704284,0.5345,155.61,192,False,,20260922_032743,50000,300,0.12
Talky_G,1,syn_n50000_i300_l20_s08_c06,minsup,0.11704284,0.5073,174.9,192,False,,20260922_032743,50000,300,0.12
Zart,1,syn_n50000_i300_l20_s08_c025,minsup,0.07416576,8.2184,544.57,580,False,,20260922_032744,50000,300,0.25
Apriori_Gen_Borgelt,1,syn_n50000_i300_l20_s08_c06,minsup,0.07696296,0.1327,13.5,487,False,,20260922_032744,50000,300,0.25
Pascal,1,syn_n50000_i300_l20_s08_c06,minsup,0.11704284,2.9077,137.98,191,False,,20260922_032745,50000,300,0.12
DefMe,1,syn_n50000_i300_l20_s08_c06,minsup,0.07696296,0.5186,178.16,488,False,,20260922_032745,50000,300,0.25
Eclat_Gen_Borgelt,1,syn_n50000_i300_l20_s08_c06,minsup,0.07696296,0.1258,19.69,487,False,,20260922_032745,50000,300,0.25
FPgrowth_Gen_Borgelt,1,syn_n50000_i300_l20_s08_c06,minsup,0.07696296,0.1315,23.16,487,False,,20260922_032745,50000,300,0.25
Gr_growth,1,syn_n50000_i300_l20_s08_c06,minsup,0.07696296,0.1648,26.96,489,False,,20260922_032746,50000,300,0.25
Zart,1,syn_n50000_i300_l20_s08_c06,minsup,0.11704284,2.2865,385.22,192,False,,20260922_032746,50000,300,0.12
TalkyG_Diffset,1,syn_n50000_i300_l20_s08_c06,minsup,0.07696296,0.635,178.72,488,False,,20260922_032746,50000,300,0.25
Talky_G,1,syn_n50000_i300_l20_s08_c06,minsup,0.07696296,0.5807,174.75,488,False,,20260922_032746,50000,300,0.25
Apriori_Gen_Borgelt,1,syn_n50000_i300_l20_s16_c025,minsup,0.91762146,0.0827,8.61,16,False,,20260922_032747,50000,264,0.02
Pascal,1,syn_n50000_i300_l20_s08_c025,minsup,0.07416576,12.1222,140.77,579,False,,20260922_032747,50000,300,0.25
DefMe,1,syn_n50000_i300_l20_s16_c025,minsup,0.91762146,0.4485,145.71,17,False,,20260922_032747,50000,264,0.02
Eclat_Gen_Borgelt,1,syn_n50000_i300_l20_s16_c025,minsup,0.91762146,0.0634,7.04,16,False,,20260922_032747,50000,264,0.02
FPgrowth_Gen_Borgelt,1,syn_n50000_i300_l20_s16_c025,minsup,0.91762146,0.0509,8.69,16,False,,20260922_032748,50000,264,0.02
Gr_growth,1,syn_n50000_i300_l20_s16_c025,minsup,0.91762146,0.0534,13.84,17,False,,20260922_032748,50000,264,0.02
Pascal,1,syn_n50000_i300_l20_s16_c025,minsup,0.91762146,0.5612,131.32,16,False,,20260922_032748,50000,264,0.02
TalkyG_Diffset,1,syn_n50000_i300_l20_s16_c025,minsup,0.91762146,0.6367,153.34,17,False,,20260922_032749,50000,264,0.02
Talky_G,1,syn_n50000_i300_l20_s16_c025,minsup,0.91762146,0.5862,153.85,17,False,,20260922_032749,50000,264,0.02
Apriori_Gen_Borgelt,1,syn_n50000_i300_l20_s16_c025,minsup,0.5426767800000001,0.063,8.6,376,False,,20260922_032749,50000,264,0.05
Zart,1,syn_n50000_i300_l20_s16_c025,minsup,0.91762146,0.6347,173.08,17,False,,20260922_032749,50000,264,0.02
Eclat_Gen_Borgelt,1,syn_n50000_i300_l20_s16_c025,minsup,0.5426767800000001,0.0931,8.54,376,False,,20260922_032750,50000,264,0.05
FPgrowth_Gen_Borgelt,1,syn_n50000_i300_l20_s16_c025,minsup,0.5426767800000001,0.0514,8.7,376,False,,20260922_032750,50000,264,0.05
DefMe,1,syn_n50000_i300_l20_s16_c025,minsup,0.5426767800000001,0.605,175.98,377,False,,20260922_032750,50000,264,0.05
Gr_growth,1,syn_n50000_i300_l20_s16_c025,minsup,0.5426767800000001,0.0556,13.84,377,False,,20260922_032750,50000,264,0.05
TalkyG_Diffset,1,syn_n50000_i300_l20_s16_c025,minsup,0.5426767800000001,0.5088,174.94,377,False,,20260922_032751,50000,264,0.05
Talky_G,1,syn_n50000_i300_l20_s16_c025,minsup,0.5426767800000001,0.5139,157.37,377,False,,20260922_032751,50000,264,0.05
Pascal,1,syn_n50000_i300_l20_s16_c025,minsup,0.5426767800000001,2.3489,134.11,376,False,,20260922_032753,50000,264,0.05
Zart,1,syn_n50000_i300_l20_s16_c025,minsup,0.5426767800000001,1.6514,394.18,377,False,,20260922_032753,50000,264,0.05
Zart,1,syn_n50000_i300_l20_s08_c06,minsup,0.07696296,7.0627,493.17,488,False,,20260922_032754,50000,300,0.25
Eclat_Gen_Borgelt,1,syn_n50000_i300_l20_s16_c025,minsup,0.16199784,0.1639,28.88,19782,False,,20260922_032754,50000,264,0.12
FPgrowth_Gen_Borgelt,1,syn_n50000_i300_l20_s16_c025,minsup,0.16199784,0.1233,16.75,19782,False,,20260922_032754,50000,264,0.12
DefMe,1,syn_n50000_i300_l20_s16_c025,minsup,0.16199784,0.8781,564.5,19783,False,,20260922_032754,50000,264,0.12
Apriori_Gen_Borgelt,1,syn_n50000_i300_l20_s16_c025,minsup,0.16199784,1.7201,14.23,19782,False,,20260922_032754,50000,264,0.12
Gr_growth,1,syn_n50000_i300_l20_s16_c025,minsup,0.16199784,0.1461,19.62,19783,False,,20260922_032754,50000,264,0.12
Talky_G,1,syn_n50000_i300_l20_s16_c025,minsup,0.16199784,0.6747,212.59,19783,False,,20260922_032755,50000,264,0.12
TalkyG_Diffset,1,syn_n50000_i300_l20_s16_c025,minsup,0.16199784,0.7884,274.63,19783,False,,20260922_032755,50000,264,0.12
Pascal,1,syn_n50000_i300_l20_s08_c06,minsup,0.07696296,11.1529,131.46,487,False,,20260922_032757,50000,300,0.25
DefMe,1,syn_n50000_i300_l20_s16_c025,minsup,0.05082912,3.0376,1120.96,275231,False,,20260922_032800,50000,264,0.25
Eclat_Gen_Borgelt,1,syn_n50000_i300_l20_s16_c025,minsup,0.05082912,0.4385,51.53,275230,False,,20260922_032800,50000,264,0.25
FPgrowth_Gen_Borgelt,1,syn_n50000_i300_l20_s16_c025,minsup,0.05082912,0.3053,57.07,275230,False,,20260922_032801,50000,264,0.25
Gr_growth,1,syn_n50000_i300_l20_s16_c025,minsup,0.05082912,0.4137,35.55,275461,False,,20260922_032802,50000,264,0.25
Apriori_Gen_Borgelt,1,syn_n50000_i300_l20_s16_c025,minsup,0.05082912,9.84,23.42,275230,False,,20260922_032805,50000,264,0.25
TalkyG_Diffset,1,syn_n50000_i300_l20_s16_c025,minsup,0.05082912,2.458,643.81,275231,False,,20260922_032808,50000,264,0.25
Talky_G,1,syn_n50000_i300_l20_s16_c025,minsup,0.05082912,2.1309,694.91,275231,False,,20260922_032810,50000,264,0.25
Pascal,1,syn_n50000_i300_l20_s16_c025,minsup,0.16199784,76.169,149.95,19782,False,,20260922_032911,50000,264,0.12
Apriori_Gen_Borgelt,1,syn_n50000_i300_l20_s16_c06,minsup,0.91814094,0.0641,7.6,15,False,,20260922_032911,50000,272,0.02
DefMe,1,syn_n50000_i300_l20_s16_c06,minsup,0.91814094,0.4494,151.27,16,False,,20260922_032911,50000,272,0.02
Eclat_Gen_Borgelt,1,syn_n50000_i300_l20_s16_c06,minsup,0.91814094,0.058,6.28,15,False,,20260922_032912,50000,272,0.02
FPgrowth_Gen_Borgelt,1,syn_n50000_i300_l20_s16_c06,minsup,0.91814094,0.0746,7.4,15,False,,20260922_032912,50000,272,0.02
Gr_growth,1,syn_n50000_i300_l20_s16_c06,minsup,0.91814094,0.0613,13.87,16,False,,20260922_032912,50000,272,0.02
Pascal,1,syn_n50000_i300_l20_s16_c06,minsup,0.91814094,0.4989,127.04,15,False,,20260922_032913,50000,272,0.02
TalkyG_Diffset,1,syn_n50000_i300_l20_s16_c06,minsup,0.91814094,0.4914,154.89,16,False,,20260922_032913,50000,272,0.02
Talky_G,1,syn_n50000_i300_l20_s16_c06,minsup,0.91814094,0.4848,180.63,16,False,,20260922_032914,50000,272,0.02
Zart,1,syn_n50000_i300_l20_s16_c06,minsup,0.91814094,0.526,173.27,16,False,,20260922_032914,50000,272,0.02
Apriori_Gen_Borgelt,1,syn_n50000_i300_l20_s16_c06,minsup,0.4167828,0.0712,8.61,665,False,,20260922_032915,50000,272,0.05
DefMe,1,syn_n50000_i300_l20_s16_c06,minsup,0.4167828,0.4193,177.73,666,False,,20260922_032915,50000,272,0.05
Eclat_Gen_Borgelt,1,syn_n50000_i300_l20_s16_c06,minsup,0.4167828,0.0751,8.54,665,False,,20260922_032915,50000,272,0.05
FPgrowth_Gen_Borgelt,1,syn_n50000_i300_l20_s16_c06,minsup,0.4167828,0.0683,9.03,665,False,,20260922_032916,50000,272,0.05
Gr_growth,1,syn_n50000_i300_l20_s16_c06,minsup,0.4167828,0.0573,13.98,666,False,,20260922_032916,50000,272,0.05
Pascal,1,syn_n50000_i300_l20_s16_c06,minsup,0.4167828,3.5553,129.81,665,False,,20260922_032920,50000,272,0.05
TalkyG_Diffset,1,syn_n50000_i300_l20_s16_c06,minsup,0.4167828,0.5001,179.31,666,False,,20260922_032920,50000,272,0.05
Talky_G,1,syn_n50000_i300_l20_s16_c06,minsup,0.4167828,0.495,173.62,666,False,,20260922_032921,50000,272,0.05
Zart,1,syn_n50000_i300_l20_s16_c06,minsup,0.4167828,3.0889,391.86,666,False,,20260922_032924,50000,272,0.05
Apriori_Gen_Borgelt,1,syn_n50000_i300_l20_s16_c06,minsup,0.13254732,1.0999,14.38,16567,False,,20260922_032925,50000,272,0.12
DefMe,1,syn_n50000_i300_l20_s16_c06,minsup,0.13254732,0.6154,412.02,16568,False,,20260922_032926,50000,272,0.12
Eclat_Gen_Borgelt,1,syn_n50000_i300_l20_s16_c06,minsup,0.13254732,0.1534,29.15,16567,False,,20260922_032926,50000,272,0.12
FPgrowth_Gen_Borgelt,1,syn_n50000_i300_l20_s16_c06,minsup,0.13254732,0.1071,23.04,16567,False,,20260922_032927,50000,272,0.12
Gr_growth,1,syn_n50000_i300_l20_s16_c06,minsup,0.13254732,0.113,20.36,16575,False,,20260922_032927,50000,272,0.12
Zart,1,syn_n50000_i300_l20_s16_c025,minsup,0.16199784,99.4844,414.0,19783,False,,20260922_032935,50000,264,0.12
TalkyG_Diffset,1,syn_n50000_i300_l20_s16_c06,minsup,0.13254732,0.5863,243.91,16568,False,,20260922_032936,50000,272,0.12
Talky_G,1,syn_n50000_i300_l20_s16_c06,minsup,0.13254732,0.6123,208.21,16568,False,,20260922_032936,50000,272,0.12
Pascal,1,syn_n50000_i80_l40_s16_c025,minsup,0.794205,300.1415,218.13,26855,True,,20260922_032952,50000,80,0.25
Zart,1,syn_n50000_i80_l40_s16_c025,minsup,0.794205,300.158,414.44,0,True,,20260922_032952,50000,80,0.25
DefMe,1,syn_n50000_i300_l20_s16_c06,minsup,0.04557438,2.3068,1075.44,188818,False,,20260922_032955,50000,272,0.25
Eclat_Gen_Borgelt,1,syn_n50000_i300_l20_s16_c06,minsup,0.04557438,0.3677,44.33,188817,False,,20260922_032955,50000,272,0.25
FPgrowth_Gen_Borgelt,1,syn_n50000_i300_l20_s16_c06,minsup,0.04557438,0.2884,53.25,188817,False,,20260922_032956,50000,272,0.25
Gr_growth,1,syn_n50000_i300_l20_s16_c06,minsup,0.04557438,0.3672,33.2,188818,False,,20260922_032956,50000,272,0.25
Apriori_Gen_Borgelt,1,syn_n50000_i300_l20_s16_c06,minsup,0.04557438,5.748,20.52,188817,False,,20260922_032957,50000,272,0.25
TalkyG_Diffset,1,syn_n50000_i300_l20_s16_c06,minsup,0.04557438,1.827,716.0,188818,False,,20260922_032959,50000,272,0.25
Talky_G,1,syn_n50000_i300_l20_s16_c06,minsup,0.04557438,1.4709,560.24,188818,False,,20260922_033001,50000,272,0.25
Pascal,1,syn_n50000_i300_l20_s16_c06,minsup,0.13254732,65.5014,140.69,16567,False,,20260922_033032,50000,272,0.12
Apriori_Gen_Borgelt,1,syn_n50000_i300_l40_s00_c025,minsup,0.18379602,0.0972,10.09,6,False,,20260922_033033,50000,300,0.02
DefMe,1,syn_n50000_i300_l40_s00_c025,minsup,0.18379602,0.547,210.86,7,False,,20260922_033033,50000,300,0.02
Eclat_Gen_Borgelt,1,syn_n50000_i300_l40_s00_c025,minsup,0.18379602,0.1223,12.94,6,False,,20260922_033034,50000,300,0.02
FPgrowth_Gen_Borgelt,1,syn_n50000_i300_l40_s00_c025,minsup,0.18379602,0.0971,12.76,6,False,,20260922_033034,50000,300,0.02
Gr_growth,1,syn_n50000_i300_l40_s00_c025,minsup,0.18379602,0.0929,13.9,7,False,,20260922_033034,50000,300,0.02
Pascal,1,syn_n50000_i300_l40_s00_c025,minsup,0.18379602,0.6254,247.6,6,False,,20260922_033035,50000,300,0.02
TalkyG_Diffset,1,syn_n50000_i300_l40_s00_c025,minsup,0.18379602,0.6934,211.52,7,False,,20260922_033036,50000,300,0.02
Talky_G,1,syn_n50000_i300_l40_s00_c025,minsup,0.18379602,0.6381,209.36,7,False,,20260922_033036,50000,300,0.02
Zart,1,syn_n50000_i300_l40_s00_c025,minsup,0.18379602,0.6034,210.99,7,False,,20260922_033037,50000,300,0.02
Apriori_Gen_Borgelt,1,syn_n50000_i300_l40_s00_c025,minsup,0.17312670000000002,0.0972,10.53,15,False,,20260922_033037,50000,300,0.05
DefMe,1,syn_n50000_i300_l40_s00_c025,minsup,0.17312670000000002,0.4869,207.77,16,False,,20260922_033038,50000,300,0.05
Eclat_Gen_Borgelt,1,syn_n50000_i300_l40_s00_c025,minsup,0.17312670000000002,0.0866,13.19,15,False,,20260922_033038,50000,300,0.05
FPgrowth_Gen_Borgelt,1,syn_n50000_i300_l40_s00_c025,minsup,0.17312670000000002,0.084,13.08,15,False,,20260922_033038,50000,300,0.05
Gr_growth,1,syn_n50000_i300_l40_s00_c025,minsup,0.17312670000000002,0.0833,14.06,16,False,,20260922_033039,50000,300,0.05
Pascal,1,syn_n50000_i300_l40_s00_c025,minsup,0.17312670000000002,0.9911,247.5,15,False,,20260922_033040,50000,300,0.05
TalkyG_Diffset,1,syn_n50000_i300_l40_s00_c025,minsup,0.17312670000000002,0.643,207.75,16,False,,20260922_033041,50000,300,0.05
Talky_G,1,syn_n50000_i300_l40_s00_c025,minsup,0.17312670000000002,0.6155,210.91,16,False,,20260922_033041,50000,300,0.05
Zart,1,syn_n50000_i300_l40_s00_c025,minsup,0.17312670000000002,0.6959,217.46,16,False,,20260922_033042,50000,300,0.05
Apriori_Gen_Borgelt,1,syn_n50000_i300_l40_s00_c025,minsup,0.16749234,0.1023,13.37,38,False,,20260922_033042,50000,300,0.12
DefMe,1,syn_n50000_i300_l40_s00_c025,minsup,0.16749234,0.5166,210.66,39,False,,20260922_033043,50000,300,0.12
Eclat_Gen_Borgelt,1,syn_n50000_i300_l40_s00_c025,minsup,0.16749234,0.111,13.57,38,False,,20260922_033043,50000,300,0.12
FPgrowth_Gen_Borgelt,1,syn_n50000_i300_l40_s00_c025,minsup,0.16749234,0.1145,13.47,38,False,,20260922_033044,50000,300,0.12
Gr_growth,1,syn_n50000_i300_l40_s00_c025,minsup,0.16749234,0.1112,19.71,39,False,,20260922_033044,50000,300,0.12
Pascal,1,syn_n50000_i300_l40_s00_c025,minsup,0.16749234,3.6199,247.71,38,False,,20260922_033048,50000,300,0.12
TalkyG_Diffset,1,syn_n50000_i300_l40_s00_c025,minsup,0.16749234,0.6395,210.19,39,False,,20260922_033048,50000,300,0.12
Talky_G,1,syn_n50000_i300_l40_s00_c025,minsup,0.16749234,0.7035,208.29,39,False,,20260922_033049,50000,300,0.12
Zart,1,syn_n50000_i300_l40_s00_c025,minsup,0.16749234,1.3321,384.92,39,False,,20260922_033051,50000,300,0.12
Apriori_Gen_Borgelt,1,syn_n50000_i300_l40_s00_c025,minsup,0.15987996,0.1349,15.5,75,False,,20260922_033051,50000,300,0.25
DefMe,1,syn_n50000_i300_l40_s00_c025,minsup,0.15987996,0.4916,211.69,76,False,,20260922_033052,50000,300,0.25
Eclat_Gen_Borgelt,1,syn_n50000_i300_l40_s00_c025,minsup,0.15987996,0.1502,15.52,75,False,,20260922_033052,50000,300,0.25
FPgrowth_Gen_Borgelt,1,syn_n50000_i300_l40_s00_c025,minsup,0.15987996,0.1749,30.88,75,False,,20260922_033052,50000,300,0.25
Gr_growth,1,syn_n50000_i300_l40_s00_c025,minsup,0.15987996,0.178,31.23,76,False,,20260922_033052,50000,300,0.25
Zart,1,syn_n50000_i300_l20_s16_c06,minsup,0.13254732,83.3166,411.68,16568,False,,20260922_033100,50000,272,0.12
TalkyG_Diffset,1,syn_n50000_i300_l40_s00_c025,minsup,0.15987996,0.651,211.78,76,False,,20260922_033101,50000,300,0.25
Talky_G,1,syn_n50000_i300_l40_s00_c025,minsup,0.15987996,0.671,209.93,76,False,,20260922_033102,50000,300,0.25
Zart,1,syn_n50000_i300_l40_s00_c025,minsup,0.15987996,3.8904,391.45,76,False,,20260922_033106,50000,300,0.25
Apriori_Gen_Borgelt,1,syn_n50000_i300_l40_s00_c06,minsup,0.17296686,0.0937,9.45,6,False,,20260922_033106,50000,300,0.02
Pascal,1,syn_n50000_i300_l40_s00_c025,minsup,0.15987996,13.4123,241.54,75,False,,20260922_033106,50000,300,0.25
Eclat_Gen_Borgelt,1,syn_n50000_i300_l40_s00_c06,minsup,0.17296686,0.0957,10.84,6,False,,20260922_033106,50000,300,0.02
FPgrowth_Gen_Borgelt,1,syn_n50000_i300_l40_s00_c06,minsup,0.17296686,0.0874,11.38,6,False,,20260922_033106,50000,300,0.02
Gr_growth,1,syn_n50000_i300_l40_s00_c06,minsup,0.17296686,0.0778,13.86,7,False,,20260922_033107,50000,300,0.02
DefMe,1,syn_n50000_i300_l40_s00_c06,minsup,0.17296686,0.7011,208.53,7,False,,20260922_033107,50000,300,0.02
Pascal,1,syn_n50000_i300_l40_s00_c06,minsup,0.17296686,0.6724,235.21,6,False,,20260922_033108,50000,300,0.02
TalkyG_Diffset,1,syn_n50000_i300_l40_s00_c06,minsup,0.17296686,0.7329,211.66,7,False,,20260922_033108,50000,300,0.02
Talky_G,1,syn_n50000_i300_l40_s00_c06,minsup,0.17296686,0.7058,210.41,7,False,,20260922_033108,50000,300,0.02
Zart,1,syn_n50000_i300_l40_s00_c06,minsup,0.17296686,0.6435,208.51,7,False,,20260922_033108,50000,300,0.02
Apriori_Gen_Borgelt,1,syn_n50000_i300_l40_s00_c06,minsup,0.16705278,0.0853,12.4,15,False,,20260922_033109,50000,300,0.05
Eclat_Gen_Borgelt,1,syn_n50000_i300_l40_s00_c06,minsup,0.16705278,0.0894,12.57,15,False,,20260922_033109,50000,300,0.05
FPgrowth_Gen_Borgelt,1,syn_n50000_i300_l40_s00_c06,minsup,0.16705278,0.0772,12.69,15,False,,20260922_033109,50000,300,0.05
Gr_growth,1,syn_n50000_i300_l40_s00_c06,minsup,0.16705278,0.1,13.97,16,False,,20260922_033109,50000,300,0.05
DefMe,1,syn_n50000_i300_l40_s00_c06,minsup,0.16705278,0.6535,208.86,16,False,,20260922_033109,50000,300,0.05
TalkyG_Diffset,1,syn_n50000_i300_l40_s00_c06,minsup,0.16705278,0.6308,209.48,16,False,,20260922_033110,50000,300,0.05
Pascal,1,syn_n50000_i300_l40_s00_c06,minsup,0.16705278,1.0601,234.52,15,False,,20260922_033110,50000,300,0.05
Talky_G,1,syn_n50000_i300_l40_s00_c06,minsup,0.16705278,0.7159,207.97,16,False,,20260922_033111,50000,300,0.05
Apriori_Gen_Borgelt,1,syn_n50000_i300_l40_s00_c06,minsup,0.15989994000000002,0.1166,14.05,37,False,,20260922_033111,50000,300,0.12
Zart,1,syn_n50000_i300_l40_s00_c06,minsup,0.16705278,0.8301,245.99,16,False,,20260922_033111,50000,300,0.05
Eclat_Gen_Borgelt,1,syn_n50000_i300_l40_s00_c06,minsup,0.15989994000000002,0.1127,15.78,37,False,,20260922_033112,50000,300,0.12
DefMe,1,syn_n50000_i300_l40_s00_c06,minsup,0.15989994000000002,0.6348,207.77,38,False,,20260922_033112,50000,300,0.12
FPgrowth_Gen_Borgelt,1,syn_n50000_i300_l40_s00_c06,minsup,0.15989994000000002,0.1369,12.77,37,False,,20260922_033112,50000,300,0.12
Gr_growth,1,syn_n50000_i300_l40_s00_c06,minsup,0.15989994000000002,0.1347,18.65,38,False,,20260922_033112,50000,300,0.12
TalkyG_Diffset,1,syn_n50000_i300_l40_s00_c06,minsup,0.15989994000000002,0.624,211.36,38,False,,20260922_033113,50000,300,0.12
Talky_G,1,syn_n50000_i300_l40_s00_c06,minsup,0.15989994000000002,0.5931,212.69,38,False,,20260922_033114,50000,300,0.12
Zart,1,syn_n50000_i300_l40_s00_c06,minsup,0.15989994000000002,1.3559,606.59,38,False,,20260922_033115,50000,300,0.12
Apriori_Gen_Borgelt,1,syn_n50000_i300_l40_s00_c06,minsup,0.15192792,0.1344,16.82,77,False,,20260922_033116,50000,300,0.25
Pascal,1,syn_n50000_i300_l40_s00_c06,minsup,0.15989994000000002,3.878,236.39,37,False,,20260922_033116,50000,300,0.12
DefMe,1,syn_n50000_i300_l40_s00_c06,minsup,0.15192792,0.6284,209.65,78,False,,20260922_033116,50000,300,0.25
Eclat_Gen_Borgelt,1,syn_n50000_i300_l40_s00_c06,minsup,0.15192792,0.1455,15.46,77,False,,20260922_033116,50000,300,0.25
FPgrowth_Gen_Borgelt,1,syn_n50000_i300_l40_s00_c06,minsup,0.15192792,0.1795,30.26,77,False,,20260922_033117,50000,300,0.25
Gr_growth,1,syn_n50000_i300_l40_s00_c06,minsup,0.15192792,0.1637,30.95,78,False,,20260922_033117,50000,300,0.25
TalkyG_Diffset,1,syn_n50000_i300_l40_s00_c06,minsup,0.15192792,0.6691,213.39,78,False,,20260922_033117,50000,300,0.25
Talky_G,1,syn_n50000_i300_l40_s00_c06,minsup,0.15192792,0.6217,212.13,78,False,,20260922_033118,50000,300,0.25
Zart,1,syn_n50000_i300_l40_s00_c06,minsup,0.15192792,3.7232,668.22,78,False,,20260922_033122,50000,300,0.25
Apriori_Gen_Borgelt,1,syn_n50000_i300_l40_s08_c025,minsup,0.67176756,0.0952,12.88,16,False,,20260922_033122,50000,300,0.02
DefMe,1,syn_n50000_i300_l40_s08_c025,minsup,0.67176756,0.5252,209.25,17,False,,20260922_033123,50000,300,0.02
Eclat_Gen_Borgelt,1,syn_n50000_i300_l40_s08_c025,minsup,0.67176756,0.1224,12.98,16,False,,20260922_033123,50000,300,0.02
FPgrowth_Gen_Borgelt,1,syn_n50000_i300_l40_s08_c025,minsup,0.67176756,0.1137,13.02,16,False,,20260922_033123,50000,300,0.02
Gr_growth,1,syn_n50000_i300_l40_s08_c025,minsup,0.67176756,0.0819,13.88,17,False,,20260922_033124,50000,300,0.02
Pascal,1,syn_n50000_i300_l40_s08_c025,minsup,0.67176756,0.6824,236.29,16,False,,20260922_033125,50000,300,0.02
TalkyG_Diffset,1,syn_n50000_i300_l40_s08_c025,minsup,0.67176756,0.619,209.99,17,False,,20260922_033125,50000,300,0.02
Talky_G,1,syn_n50000_i300_l40_s08_c025,minsup,0.67176756,0.6246,210.51,17,False,,20260922_033126,50000,300,0.02
Zart,1,syn_n50000_i300_l40_s08_c025,minsup,0.67176756,0.6251,210.42,17,False,,20260922_033127,50000,300,0.02
Apriori_Gen_Borgelt,1,syn_n50000_i300_l40_s08_c025,minsup,0.45756198,0.1122,12.85,103,False,,20260922_033127,50000,300,0.05
DefMe,1,syn_n50000_i300_l40_s08_c025,minsup,0.45756198,0.4996,210.96,104,False,,20260922_033128,50000,300,0.05
Eclat_Gen_Borgelt,1,syn_n50000_i300_l40_s08_c025,minsup,0.45756198,0.115,12.98,103,False,,20260922_033128,50000,300,0.05
FPgrowth_Gen_Borgelt,1,syn_n50000_i300_l40_s08_c025,minsup,0.45756198,0.1176,13.05,103,False,,20260922_033128,50000,300,0.05
Gr_growth,1,syn_n50000_i300_l40_s08_c025,minsup,0.45756198,0.101,14.26,104,False,,20260922_033128,50000,300,0.05
Pascal,1,syn_n50000_i300_l40_s08_c025,minsup,0.45756198,1.5045,239.43,103,False,,20260922_033130,50000,300,0.05
TalkyG_Diffset,1,syn_n50000_i300_l40_s08_c025,minsup,0.45756198,0.6449,211.59,104,False,,20260922_033131,50000,300,0.05
Talky_G,1,syn_n50000_i300_l40_s08_c025,minsup,0.45756198,0.591,209.01,104,False,,20260922_033132,50000,300,0.05
Pascal,1,syn_n50000_i300_l40_s00_c06,minsup,0.15192792,14.9034,232.48,77,False,,20260922_033132,50000,300,0.25
Apriori_Gen_Borgelt,1,syn_n50000_i300_l40_s08_c025,minsup,0.26811162,0.2557,18.43,797,False,,20260922_033132,50000,300,0.12
DefMe,1,syn_n50000_i300_l40_s08_c025,minsup,0.26811162,0.5481,214.65,798,False,,20260922_033133,50000,300,0.12
Zart,1,syn_n50000_i300_l40_s08_c025,minsup,0.45756198,1.2771,255.57,104,False,,20260922_033133,50000,300,0.05
Eclat_Gen_Borgelt,1,syn_n50000_i300_l40_s08_c025,minsup,0.26811162,0.1873,26.14,797,False,,20260922_033133,50000,300,0.12
FPgrowth_Gen_Borgelt,1,syn_n50000_i300_l40_s08_c025,minsup,0.26811162,0.1655,26.56,797,False,,20260922_033133,50000,300,0.12
Gr_growth,1,syn_n50000_i300_l40_s08_c025,minsup,0.26811162,0.2104,25.49,798,False,,20260922_033133,50000,300,0.12
TalkyG_Diffset,1,syn_n50000_i300_l40_s08_c025,minsup,0.26811162,0.6863,209.67,798,False,,20260922_033134,50000,300,0.12
Talky_G,1,syn_n50000_i300_l40_s08_c025,minsup,0.26811162,0.6913,207.77,798,False,,20260922_033135,50000,300,0.12
Zart,1,syn_n50000_i300_l40_s08_c025,minsup,0.26811162,5.4614,411.51,798,False,,20260922_033141,50000,300,0.12
Apriori_Gen_Borgelt,1,syn_n50000_i300_l40_s08_c025,minsup,0.15698286,0.5109,20.11,4991,False,,20260922_033141,50000,300,0.25
DefMe,1,syn_n50000_i300_l40_s08_c025,minsup,0.15698286,0.5873,256.98,4992,False,,20260922_033142,50000,300,0.25
Eclat_Gen_Borgelt,1,syn_n50000_i300_l40_s08_c025,minsup,0.15698286,0.2672,36.02,4991,False,,20260922_033143,50000,300,0.25
FPgrowth_Gen_Borgelt,1,syn_n50000_i300_l40_s08_c025,minsup,0.15698286,0.4137,47.86,4991,False,,20260922_033143,50000,300,0.25
Pascal,1,syn_n50000_i300_l40_s08_c025,minsup,0.26811162,9.8085,239.61,797,False,,20260922_033143,50000,300,0.12
Gr_growth,1,syn_n50000_i300_l40_s08_c025,minsup,0.15698286,0.497,41.27,4995,False,,20260922_033144,50000,300,0.25
TalkyG_Diffset,1,syn_n50000_i300_l40_s08_c025,minsup,0.15698286,0.657,208.21,4992,False,,20260922_033145,50000,300,0.25
Talky_G,1,syn_n50000_i300_l40_s08_c025,minsup,0.15698286,0.6745,210.5,4992,False,,20260922_033145,50000,300,0.25
Zart,1,syn_n50000_i300_l40_s08_c025,minsup,0.15698286,31.1339,758.67,4992,False,,20260922_033217,50000,300,0.25
Apriori_Gen_Borgelt,1,syn_n50000_i300_l40_s08_c06,minsup,0.63282654,0.0987,11.41,14,False,,20260922_033217,50000,300,0.02
DefMe,1,syn_n50000_i300_l40_s08_c06,minsup,0.63282654,0.5056,204.29,15,False,,20260922_033218,50000,300,0.02
Eclat_Gen_Borgelt,1,syn_n50000_i300_l40_s08_c06,minsup,0.63282654,0.0968,11.07,14,False,,20260922_033218,50000,300,0.02
FPgrowth_Gen_Borgelt,1,syn_n50000_i300_l40_s08_c06,minsup,0.63282654,0.1218,12.56,14,False,,20260922_033218,50000,300,0.02
Gr_growth,1,syn_n50000_i300_l40_s08_c06,minsup,0.63282654,0.104,13.85,15,False,,20260922_033218,50000,300,0.02
Pascal,1,syn_n50000_i300_l40_s08_c06,minsup,0.63282654,0.7316,242.35,14,False,,20260922_033219,50000,300,0.02
TalkyG_Diffset,1,syn_n50000_i300_l40_s08_c06,minsup,0.63282654,0.5877,202.44,15,False,,20260922_033220,50000,300,0.02
Talky_G,1,syn_n50000_i300_l40_s08_c06,minsup,0.63282654,0.6274,205.26,15,False,,20260922_033221,50000,300,0.02
Zart,1,syn_n50000_i300_l40_s08_c06,minsup,0.63282654,0.6094,210.46,15,False,,20260922_033221,50000,300,0.02
Apriori_Gen_Borgelt,1,syn_n50000_i300_l40_s08_c06,minsup,0.44873082000000003,0.0923,12.59,62,False,,20260922_033222,50000,300,0.05
DefMe,1,syn_n50000_i300_l40_s08_c06,minsup,0.44873082000000003,0.48,203.73,63,False,,20260922_033222,50000,300,0.05
Eclat_Gen_Borgelt,1,syn_n50000_i300_l40_s08_c06,minsup,0.44873082000000003,0.1153,13.21,62,False,,20260922_033222,50000,300,0.05
FPgrowth_Gen_Borgelt,1,syn_n50000_i300_l40_s08_c06,minsup,0.44873082000000003,0.0955,12.74,62,False,,20260922_033223,50000,300,0.05
Gr_growth,1,syn_n50000_i300_l40_s08_c06,minsup,0.44873082000000003,0.1057,14.32,63,False,,20260922_033223,50000,300,0.05
Pascal,1,syn_n50000_i300_l40_s08_c06,minsup,0.44873082000000003,1.4067,237.64,62,False,,20260922_033225,50000,300,0.05
TalkyG_Diffset,1,syn_n50000_i300_l40_s08_c06,minsup,0.44873082000000003,0.6345,204.07,63,False,,20260922_033225,50000,300,0.05
Talky_G,1,syn_n50000_i300_l40_s08_c06,minsup,0.44873082000000003,0.6288,204.63,63,False,,20260922_033226,50000,300,0.05
Zart,1,syn_n50000_i300_l40_s08_c06,minsup,0.44873082000000003,0.922,297.59,63,False,,20260922_033227,50000,300,0.05
Apriori_Gen_Borgelt,1,syn_n50000_i300_l40_s08_c06,minsup,0.24749226,0.2002,17.94,573,False,,20260922_033228,50000,300,0.12
DefMe,1,syn_n50000_i300_l40_s08_c06,minsup,0.24749226,0.5705,203.53,574,False,,20260922_033228,50000,300,0.12
Eclat_Gen_Borgelt,1,syn_n50000_i300_l40_s08_c06,minsup,0.24749226,0.1706,25.08,573,False,,20260922_033229,50000,300,0.12
FPgrowth_Gen_Borgelt,1,syn_n50000_i300_l40_s08_c06,minsup,0.24749226,0.1741,26.02,573,False,,20260922_033229,50000,300,0.12
Gr_growth,1,syn_n50000_i300_l40_s08_c06,minsup,0.24749226,0.1708,25.82,574,False,,20260922_033229,50000,300,0.12
Pascal,1,syn_n50000_i300_l40_s08_c025,minsup,0.15698286,53.2717,246.77,4991,False,,20260922_033237,50000,300,0.25
TalkyG_Diffset,1,syn_n50000_i300_l40_s08_c06,minsup,0.24749226,0.613,204.66,574,False,,20260922_033237,50000,300,0.12
Pascal,1,syn_n50000_i300_l40_s08_c06,minsup,0.24749226,8.1661,242.42,573,False,,20260922_033237,50000,300,0.12
Talky_G,1,syn_n50000_i300_l40_s08_c06,minsup,0.24749226,0.7128,202.14,574,False,,20260922_033238,50000,300,0.12
Apriori_Gen_Borgelt,1,syn_n50000_i300_l40_s08_c06,minsup,0.15740244,0.3586,19.51,2587,False,,20260922_033239,50000,300,0.25
DefMe,1,syn_n50000_i300_l40_s08_c06,minsup,0.15740244,0.6075,247.57,2588,False,,20260922_033240,50000,300,0.25
Eclat_Gen_Borgelt,1,syn_n50000_i300_l40_s08_c06,minsup,0.15740244,0.2513,32.98,2587,False,,20260922_033240,50000,300,0.25
FPgrowth_Gen_Borgelt,1,syn_n50000_i300_l40_s08_c06,minsup,0.15740244,0.418,45.59,2587,False,,20260922_033240,50000,300,0.25
Gr_growth,1,syn_n50000_i300_l40_s08_c06,minsup,0.15740244,0.4072,41.19,2592,False,,20260922_033241,50000,300,0.25
Zart,1,syn_n50000_i300_l40_s08_c06,minsup,0.24749226,4.7641,688.02,574,False,,20260922_033242,50000,300,0.12
TalkyG_Diffset,1,syn_n50000_i300_l40_s08_c06,minsup,0.15740244,0.7097,200.9,2588,False,,20260922_033243,50000,300,0.25
Talky_G,1,syn_n50000_i300_l40_s08_c06,minsup,0.15740244,0.5689,205.15,2588,False,,20260922_033244,50000,300,0.25
Pascal,1,syn_n50000_i300_l20_s16_c025,minsup,0.05082912,300.144,175.49,60933,True,,20260922_033302,50000,264,0.25
Apriori_Gen_Borgelt,1,syn_n50000_i300_l40_s16_c025,minsup,0.99478422,0.1091,12.54,38,False,,20260922_033302,50000,299,0.02
DefMe,1,syn_n50000_i300_l40_s16_c025,minsup,0.99478422,0.517,206.53,39,False,,20260922_033303,50000,299,0.02
Eclat_Gen_Borgelt,1,syn_n50000_i300_l40_s16_c025,minsup,0.99478422,0.1024,12.6,38,False,,20260922_033303,50000,299,0.02
FPgrowth_Gen_Borgelt,1,syn_n50000_i300_l40_s16_c025,minsup,0.99478422,0.0815,12.64,38,False,,20260922_033303,50000,299,0.02
Zart,1,syn_n50000_i300_l40_s08_c06,minsup,0.15740244,19.1987,832.07,2588,False,,20260922_033303,50000,300,0.25
Gr_growth,1,syn_n50000_i300_l40_s16_c025,minsup,0.99478422,0.0777,13.84,40,False,,20260922_033303,50000,299,0.02
TalkyG_Diffset,1,syn_n50000_i300_l40_s16_c025,minsup,0.99478422,0.6141,204.61,39,False,,20260922_033304,50000,299,0.02
Pascal,1,syn_n50000_i300_l40_s16_c025,minsup,0.99478422,0.9428,231.21,38,False,,20260922_033304,50000,299,0.02
Talky_G,1,syn_n50000_i300_l40_s16_c025,minsup,0.99478422,0.7174,208.87,39,False,,20260922_033305,50000,299,0.02
Apriori_Gen_Borgelt,1,syn_n50000_i300_l40_s16_c025,minsup,0.76635288,0.1131,12.49,5592,False,,20260922_033305,50000,299,0.05
Zart,1,syn_n50000_i300_l40_s16_c025,minsup,0.99478422,0.8102,241.26,39,False,,20260922_033305,50000,299,0.02
Eclat_Gen_Borgelt,1,syn_n50000_i300_l40_s16_c025,minsup,0.76635288,0.1002,12.97,5592,False,,20260922_033306,50000,299,0.05
FPgrowth_Gen_Borgelt,1,syn_n50000_i300_l40_s16_c025,minsup,0.76635288,0.097,12.6,5592,False,,20260922_033306,50000,299,0.05
DefMe,1,syn_n50000_i300_l40_s16_c025,minsup,0.76635288,0.7416,270.08,5593,False,,20260922_033306,50000,299,0.05
Gr_growth,1,syn_n50000_i300_l40_s16_c025,minsup,0.76635288,0.0856,13.9,5593,False,,20260922_033306,50000,299,0.05
TalkyG_Diffset,1,syn_n50000_i300_l40_s16_c025,minsup,0.76635288,0.7834,205.51,5593,False,,20260922_033307,50000,299,0.05
Talky_G,1,syn_n50000_i300_l40_s16_c025,minsup,0.76635288,0.596,211.48,5593,False,,20260922_033308,50000,299,0.05
Zart,1,syn_n50000_i300_l20_s16_c025,minsup,0.05082912,300.1537,526.1,0,True,,20260922_033311,50000,264,0.25
Pascal,1,syn_n50000_i300_l40_s08_c06,minsup,0.15740244,37.2044,234.67,2587,False,,20260922_033318,50000,300,0.25
DefMe,1,syn_n50000_i300_l40_s16_c025,minsup,0.344655,5.5902,1322.82,517460,False,,20260922_033324,50000,299,0.12
Eclat_Gen_Borgelt,1,syn_n50000_i300_l40_s16_c025,minsup,0.344655,0.5179,79.73,517459,False,,20260922_033325,50000,299,0.12
FPgrowth_Gen_Borgelt,1,syn_n50000_i300_l40_s16_c025,minsup,0.344655,0.3801,71.38,517459,False,,20260922_033325,50000,299,0.12
Gr_growth,1,syn_n50000_i300_l40_s16_c025,minsup,0.344655,0.552,41.96,517460,False,,20260922_033326,50000,299,0.12
Zart,1,syn_n50000_i300_l40_s16_c025,minsup,0.76635288,26.7914,811.93,5593,False,,20260922_033335,50000,299,0.05
TalkyG_Diffset,1,syn_n50000_i300_l40_s16_c025,minsup,0.344655,5.1864,748.7,517460,False,,20260922_033340,50000,299,0.12
Talky_G,1,syn_n50000_i300_l40_s16_c025,minsup,0.344655,4.9144,743.15,517460,False,,20260922_033345,50000,299,0.12
Pascal,1,syn_n50000_i300_l40_s16_c025,minsup,0.76635288,48.2409,239.47,5592,False,,20260922_033355,50000,299,0.05
Apriori_Gen_Borgelt,1,syn_n50000_i300_l40_s16_c025,minsup,0.344655,72.5287,35.25,517459,False,,20260922_033423,50000,299,0.12
Pascal,1,syn_n50000_i300_l20_s16_c06,minsup,0.04557438,300.0442,176.48,54624,True,,20260922_033456,50000,272,0.25
Zart,1,syn_n50000_i300_l20_s16_c06,minsup,0.04557438,300.0995,537.39,0,True,,20260922_033501,50000,272,0.25
Eclat_Gen_Borgelt,1,syn_n50000_i300_l40_s16_c025,minsup,0.13592394,9.5932,944.07,10244980,False,,20260922_033507,50000,299,0.25
FPgrowth_Gen_Borgelt,1,syn_n50000_i300_l40_s16_c025,minsup,0.13592394,8.2797,975.55,10244980,False,,20260922_033511,50000,299,0.25
Gr_growth,1,syn_n50000_i300_l40_s16_c025,minsup,0.13592394,10.7749,539.13,10248891,False,,20260922_033519,50000,299,0.25
DefMe,1,syn_n50000_i300_l40_s16_c025,minsup,0.13592394,155.8378,1362.28,10244981,False,,20260922_033700,50000,299,0.25
Pascal,1,syn_n50000_i300_l40_s16_c025,minsup,0.344655,300.0652,246.7,15014,True,,20260922_033826,50000,299,0.12
Zart,1,syn_n50000_i300_l40_s16_c025,minsup,0.344655,300.1599,804.15,0,True,,20260922_033846,50000,299,0.12
Apriori_Gen_Borgelt,1,syn_n50000_i300_l40_s16_c06,minsup,0.98845056,0.1052,10.71,26,False,,20260922_033846,50000,299,0.02
DefMe,1,syn_n50000_i300_l40_s16_c06,minsup,0.98845056,0.5052,207.1,27,False,,20260922_033846,50000,299,0.02
Eclat_Gen_Borgelt,1,syn_n50000_i300_l40_s16_c06,minsup,0.98845056,0.0944,12.46,26,False,,20260922_033847,50000,299,0.02
FPgrowth_Gen_Borgelt,1,syn_n50000_i300_l40_s16_c06,minsup,0.98845056,0.0862,11.47,26,False,,20260922_033847,50000,299,0.02
Gr_growth,1,syn_n50000_i300_l40_s16_c06,minsup,0.98845056,0.0954,13.88,27,False,,20260922_033847,50000,299,0.02
Pascal,1,syn_n50000_i300_l40_s16_c06,minsup,0.98845056,0.7522,236.59,26,False,,20260922_033848,50000,299,0.02
TalkyG_Diffset,1,syn_n50000_i300_l40_s16_c06,minsup,0.98845056,0.635,210.68,27,False,,20260922_033849,50000,299,0.02
Talky_G,1,syn_n50000_i300_l40_s16_c06,minsup,0.98845056,0.6283,202.24,27,False,,20260922_033850,50000,299,0.02
Zart,1,syn_n50000_i300_l40_s16_c06,minsup,0.98845056,0.6885,228.84,27,False,,20260922_033850,50000,299,0.02
Apriori_Gen_Borgelt,1,syn_n50000_i300_l40_s16_c06,minsup,0.8082909,0.1065,12.37,3789,False,,20260922_033851,50000,299,0.05
DefMe,1,syn_n50000_i300_l40_s16_c06,minsup,0.8082909,0.5676,296.45,3790,False,,20260922_033851,50000,299,0.05
Eclat_Gen_Borgelt,1,syn_n50000_i300_l40_s16_c06,minsup,0.8082909,0.1022,12.86,3789,False,,20260922_033852,50000,299,0.05
FPgrowth_Gen_Borgelt,1,syn_n50000_i300_l40_s16_c06,minsup,0.8082909,0.1035,12.87,3789,False,,20260922_033852,50000,299,0.05
Gr_growth,1,syn_n50000_i300_l40_s16_c06,minsup,0.8082909,0.1002,13.93,3790,False,,20260922_033852,50000,299,0.05
Apriori_Gen_Borgelt,1,syn_n50000_i300_l40_s16_c025,minsup,0.13592394,300.0323,195.25,0,True,,20260922_033855,50000,299,0.25
TalkyG_Diffset,1,syn_n50000_i300_l40_s16_c06,minsup,0.8082909,0.6542,206.11,3790,False,,20260922_033856,50000,299,0.05
Talky_G,1,syn_n50000_i300_l40_s16_c06,minsup,0.8082909,0.6318,211.44,3790,False,,20260922_033856,50000,299,0.05
Zart,1,syn_n50000_i300_l40_s16_c06,minsup,0.8082909,18.7298,782.71,3790,False,,20260922_033915,50000,299,0.05
Pascal,1,syn_n50000_i300_l40_s16_c06,minsup,0.8082909,32.9804,228.71,3789,False,,20260922_033925,50000,299,0.05
DefMe,1,syn_n50000_i300_l40_s16_c06,minsup,0.36021942,4.9506,1112.14,492235,False,,20260922_033930,50000,299,0.12
Eclat_Gen_Borgelt,1,syn_n50000_i300_l40_s16_c06,minsup,0.36021942,0.557,77.83,492234,False,,20260922_033931,50000,299,0.12
FPgrowth_Gen_Borgelt,1,syn_n50000_i300_l40_s16_c06,minsup,0.36021942,0.4503,70.15,492234,False,,20260922_033932,50000,299,0.12
Gr_growth,1,syn_n50000_i300_l40_s16_c06,minsup,0.36021942,0.5454,41.38,492235,False,,20260922_033933,50000,299,0.12
Pascal,1,syn_n50000_i300_l40_s16_c025,minsup,0.13592394,300.1391,241.92,13774,True,,20260922_034011,50000,299,0.25
TalkyG_Diffset,1,syn_n50000_i300_l40_s16_c06,minsup,0.36021942,5.8486,769.48,492235,False,,20260922_034017,50000,299,0.12
TalkyG_Diffset,1,syn_n50000_i300_l40_s16_c025,minsup,0.13592394,300.1776,959.42,4230159,True,,20260922_034020,50000,299,0.25
Talky_G,1,syn_n50000_i300_l40_s16_c06,minsup,0.36021942,4.9277,756.43,492235,False,,20260922_034022,50000,299,0.12
Apriori_Gen_Borgelt,1,syn_n50000_i300_l40_s16_c06,minsup,0.36021942,72.1281,33.4,492234,False,,20260922_034028,50000,299,0.12
Talky_G,1,syn_n50000_i300_l40_s16_c025,minsup,0.13592394,300.1768,1046.2,4254475,True,,20260922_034201,50000,299,0.25
Eclat_Gen_Borgelt,1,syn_n50000_i300_l40_s16_c06,minsup,0.11794194,43.4387,2794.8,30635007,False,,20260922_034247,50000,299,0.25
Zart,1,syn_n50000_i300_l40_s16_c025,minsup,0.13592394,300.1638,829.25,0,True,,20260922_034327,50000,299,0.25
FPgrowth_Gen_Borgelt,1,syn_n50000_i300_l40_s16_c06,minsup,0.11794194,38.7091,2835.08,30635007,False,,20260922_034328,50000,299,0.25
Gr_growth,1,syn_n50000_i300_l40_s16_c06,minsup,0.11794194,32.06,1546.75,30651297,False,,20260922_034404,50000,299,0.25
Pascal,1,syn_n50000_i300_l40_s16_c06,minsup,0.36021942,300.1369,232.81,12954,True,,20260922_034433,50000,299,0.12
Zart,1,syn_n50000_i300_l40_s16_c06,minsup,0.36021942,300.1755,850.95,0,True,,20260922_034520,50000,299,0.12
Apriori_Gen_Borgelt,1,syn_n50000_i300_l40_s16_c06,minsup,0.11794194,300.1341,201.5,0,True,,20260922_034522,50000,299,0.25
Apriori_Gen_Borgelt,1,syn_n50000_i2000_l8_s00_c025,minsup,0.00741258,0.0691,3.88,40,False,,20260922_034523,50000,2000,0.02
DefMe,1,syn_n50000_i2000_l8_s00_c025,minsup,0.00741258,0.4168,169.8,41,False,,20260922_034523,50000,2000,0.02
Eclat_Gen_Borgelt,1,syn_n50000_i2000_l8_s00_c025,minsup,0.00741258,0.0317,3.94,40,False,,20260922_034523,50000,2000,0.02
FPgrowth_Gen_Borgelt,1,syn_n50000_i2000_l8_s00_c025,minsup,0.00741258,0.0359,4.01,40,False,,20260922_034523,50000,2000,0.02
Gr_growth,1,syn_n50000_i2000_l8_s00_c025,minsup,0.00741258,0.0319,3.84,41,False,,20260922_034524,50000,2000,0.02
Pascal,1,syn_n50000_i2000_l8_s00_c025,minsup,0.00741258,2.2876,114.58,40,False,,20260922_034526,50000,2000,0.02
TalkyG_Diffset,1,syn_n50000_i2000_l8_s00_c025,minsup,0.00741258,0.4332,121.62,41,False,,20260922_034527,50000,2000,0.02
Talky_G,1,syn_n50000_i2000_l8_s00_c025,minsup,0.00741258,0.4968,171.41,41,False,,20260922_034527,50000,2000,0.02
Zart,1,syn_n50000_i2000_l8_s00_c025,minsup,0.00741258,0.8509,407.02,41,False,,20260922_034528,50000,2000,0.02
Apriori_Gen_Borgelt,1,syn_n50000_i2000_l8_s00_c025,minsup,0.00677322,0.044,5.73,100,False,,20260922_034529,50000,2000,0.05
DefMe,1,syn_n50000_i2000_l8_s00_c025,minsup,0.00677322,0.4221,165.99,101,False,,20260922_034529,50000,2000,0.05
Eclat_Gen_Borgelt,1,syn_n50000_i2000_l8_s00_c025,minsup,0.00677322,0.0429,5.76,100,False,,20260922_034529,50000,2000,0.05
FPgrowth_Gen_Borgelt,1,syn_n50000_i2000_l8_s00_c025,minsup,0.00677322,0.0493,5.45,100,False,,20260922_034529,50000,2000,0.05
Gr_growth,1,syn_n50000_i2000_l8_s00_c025,minsup,0.00677322,0.0388,3.82,101,False,,20260922_034530,50000,2000,0.05
DefMe,1,syn_n50000_i300_l40_s16_c06,minsup,0.11794194,300.2074,1436.97,29362468,True,,20260922_034531,50000,299,0.25
TalkyG_Diffset,1,syn_n50000_i2000_l8_s00_c025,minsup,0.00677322,0.4361,120.36,101,False,,20260922_034531,50000,2000,0.05
Talky_G,1,syn_n50000_i2000_l8_s00_c025,minsup,0.00677322,0.4437,172.03,101,False,,20260922_034532,50000,2000,0.05
Zart,1,syn_n50000_i2000_l8_s00_c025,minsup,0.00677322,2.6104,677.99,101,False,,20260922_034535,50000,2000,0.05
Apriori_Gen_Borgelt,1,syn_n50000_i2000_l8_s00_c025,minsup,0.005994,0.0578,5.68,241,False,,20260922_034535,50000,2000,0.12
DefMe,1,syn_n50000_i2000_l8_s00_c025,minsup,0.005994,0.5019,200.55,242,False,,20260922_034536,50000,2000,0.12
Eclat_Gen_Borgelt,1,syn_n50000_i2000_l8_s00_c025,minsup,0.005994,0.0493,5.55,241,False,,20260922_034536,50000,2000,0.12
FPgrowth_Gen_Borgelt,1,syn_n50000_i2000_l8_s00_c025,minsup,0.005994,0.039,3.82,241,False,,20260922_034536,50000,2000,0.12
Gr_growth,1,syn_n50000_i2000_l8_s00_c025,minsup,0.005994,0.0438,14.55,242,False,,20260922_034536,50000,2000,0.12
Pascal,1,syn_n50000_i2000_l8_s00_c025,minsup,0.00677322,10.5952,110.0,100,False,,20260922_034540,50000,2000,0.05
TalkyG_Diffset,1,syn_n50000_i2000_l8_s00_c025,minsup,0.005994,0.4628,121.59,242,False,,20260922_034541,50000,2000,0.12
Talky_G,1,syn_n50000_i2000_l8_s00_c025,minsup,0.005994,0.4884,170.61,242,False,,20260922_034542,50000,2000,0.12
Zart,1,syn_n50000_i2000_l8_s00_c025,minsup,0.005994,18.6882,673.68,242,False,,20260922_034601,50000,2000,0.12
Apriori_Gen_Borgelt,1,syn_n50000_i2000_l8_s00_c025,minsup,0.0053146800000000004,0.0577,6.44,505,False,,20260922_034601,50000,2000,0.25
DefMe,1,syn_n50000_i2000_l8_s00_c025,minsup,0.0053146800000000004,0.7134,604.48,506,False,,20260922_034602,50000,2000,0.25
Eclat_Gen_Borgelt,1,syn_n50000_i2000_l8_s00_c025,minsup,0.0053146800000000004,0.0584,6.99,505,False,,20260922_034602,50000,2000,0.25
FPgrowth_Gen_Borgelt,1,syn_n50000_i2000_l8_s00_c025,minsup,0.0053146800000000004,0.0423,6.52,505,False,,20260922_034602,50000,2000,0.25
Gr_growth,1,syn_n50000_i2000_l8_s00_c025,minsup,0.0053146800000000004,0.0717,16.52,506,False,,20260922_034602,50000,2000,0.25
Pascal,1,syn_n50000_i2000_l8_s00_c025,minsup,0.005994,59.0512,112.79,241,False,,20260922_034636,50000,2000,0.12
TalkyG_Diffset,1,syn_n50000_i2000_l8_s00_c025,minsup,0.0053146800000000004,0.4939,122.95,506,False,,20260922_034636,50000,2000,0.25
Talky_G,1,syn_n50000_i2000_l8_s00_c025,minsup,0.0053146800000000004,0.4562,174.61,506,False,,20260922_034637,50000,2000,0.25
Pascal,1,syn_n50000_i2000_l8_s00_c025,minsup,0.0053146800000000004,102.541,118.84,505,False,,20260922_034745,50000,2000,0.25
Apriori_Gen_Borgelt,1,syn_n50000_i2000_l8_s00_c06,minsup,0.00695304,0.0593,4.82,42,False,,20260922_034745,50000,2000,0.02
DefMe,1,syn_n50000_i2000_l8_s00_c06,minsup,0.00695304,0.3928,161.08,43,False,,20260922_034746,50000,2000,0.02
Eclat_Gen_Borgelt,1,syn_n50000_i2000_l8_s00_c06,minsup,0.00695304,0.0391,3.79,42,False,,20260922_034746,50000,2000,0.02
FPgrowth_Gen_Borgelt,1,syn_n50000_i2000_l8_s00_c06,minsup,0.00695304,0.0432,3.73,42,False,,20260922_034746,50000,2000,0.02
Gr_growth,1,syn_n50000_i2000_l8_s00_c06,minsup,0.00695304,0.0621,13.85,43,False,,20260922_034746,50000,2000,0.02
Pascal,1,syn_n50000_i2000_l8_s00_c06,minsup,0.00695304,2.2625,109.92,42,False,,20260922_034749,50000,2000,0.02
TalkyG_Diffset,1,syn_n50000_i2000_l8_s00_c06,minsup,0.00695304,0.4693,115.78,43,False,,20260922_034749,50000,2000,0.02
Talky_G,1,syn_n50000_i2000_l8_s00_c06,minsup,0.00695304,0.4791,162.99,43,False,,20260922_034750,50000,2000,0.02
Zart,1,syn_n50000_i2000_l8_s00_c06,minsup,0.00695304,0.8856,469.37,43,False,,20260922_034751,50000,2000,0.02
Apriori_Gen_Borgelt,1,syn_n50000_i2000_l8_s00_c06,minsup,0.00637362,0.0388,4.09,100,False,,20260922_034751,50000,2000,0.05
DefMe,1,syn_n50000_i2000_l8_s00_c06,minsup,0.00637362,0.4306,156.83,101,False,,20260922_034752,50000,2000,0.05
Eclat_Gen_Borgelt,1,syn_n50000_i2000_l8_s00_c06,minsup,0.00637362,0.0419,5.92,100,False,,20260922_034752,50000,2000,0.05
FPgrowth_Gen_Borgelt,1,syn_n50000_i2000_l8_s00_c06,minsup,0.00637362,0.0415,5.57,100,False,,20260922_034752,50000,2000,0.05
Gr_growth,1,syn_n50000_i2000_l8_s00_c06,minsup,0.00637362,0.0381,13.99,101,False,,20260922_034752,50000,2000,0.05
Pascal,1,syn_n50000_i2000_l8_s00_c06,minsup,0.00637362,11.1167,105.2,100,False,,20260922_034804,50000,2000,0.05
TalkyG_Diffset,1,syn_n50000_i2000_l8_s00_c06,minsup,0.00637362,0.5148,115.98,101,False,,20260922_034804,50000,2000,0.05
Talky_G,1,syn_n50000_i2000_l8_s00_c06,minsup,0.00637362,0.4774,164.44,101,False,,20260922_034805,50000,2000,0.05
Zart,1,syn_n50000_i2000_l8_s00_c06,minsup,0.00637362,2.692,611.94,101,False,,20260922_034808,50000,2000,0.05
Apriori_Gen_Borgelt,1,syn_n50000_i2000_l8_s00_c06,minsup,0.00567432,0.045,5.8,244,False,,20260922_034808,50000,2000,0.12
DefMe,1,syn_n50000_i2000_l8_s00_c06,minsup,0.00567432,0.4763,211.35,245,False,,20260922_034808,50000,2000,0.12
Eclat_Gen_Borgelt,1,syn_n50000_i2000_l8_s00_c06,minsup,0.00567432,0.0468,5.94,244,False,,20260922_034809,50000,2000,0.12
FPgrowth_Gen_Borgelt,1,syn_n50000_i2000_l8_s00_c06,minsup,0.00567432,0.0237,5.33,244,False,,20260922_034809,50000,2000,0.12
Gr_growth,1,syn_n50000_i2000_l8_s00_c06,minsup,0.00567432,0.0587,14.36,245,False,,20260922_034809,50000,2000,0.12
Pascal,1,syn_n50000_i300_l40_s16_c06,minsup,0.11794194,300.1446,246.32,15392,True,,20260922_034829,50000,299,0.25
TalkyG_Diffset,1,syn_n50000_i2000_l8_s00_c06,minsup,0.00567432,0.4752,119.1,245,False,,20260922_034829,50000,2000,0.12
Talky_G,1,syn_n50000_i2000_l8_s00_c06,minsup,0.00567432,0.509,165.44,245,False,,20260922_034830,50000,2000,0.12
Zart,1,syn_n50000_i2000_l8_s00_c025,minsup,0.0053146800000000004,121.4441,778.05,506,False,,20260922_034838,50000,2000,0.25
Apriori_Gen_Borgelt,1,syn_n50000_i2000_l8_s00_c06,minsup,0.00503496,0.0771,6.37,507,False,,20260922_034839,50000,2000,0.25
DefMe,1,syn_n50000_i2000_l8_s00_c06,minsup,0.00503496,0.6559,409.05,508,False,,20260922_034839,50000,2000,0.25
Eclat_Gen_Borgelt,1,syn_n50000_i2000_l8_s00_c06,minsup,0.00503496,0.0409,6.44,507,False,,20260922_034840,50000,2000,0.25
FPgrowth_Gen_Borgelt,1,syn_n50000_i2000_l8_s00_c06,minsup,0.00503496,0.0646,6.47,507,False,,20260922_034840,50000,2000,0.25
Gr_growth,1,syn_n50000_i2000_l8_s00_c06,minsup,0.00503496,0.0913,16.34,508,False,,20260922_034840,50000,2000,0.25
Zart,1,syn_n50000_i2000_l8_s00_c06,minsup,0.00567432,17.2712,715.93,245,False,,20260922_034847,50000,2000,0.12
TalkyG_Diffset,1,syn_n50000_i2000_l8_s00_c06,minsup,0.00503496,0.447,114.0,508,False,,20260922_034848,50000,2000,0.25
Talky_G,1,syn_n50000_i2000_l8_s00_c06,minsup,0.00503496,0.5484,164.55,508,False,,20260922_034849,50000,2000,0.25
TalkyG_Diffset,1,syn_n50000_i300_l40_s16_c06,minsup,0.11794194,300.1877,1036.88,3781132,True,,20260922_034905,50000,299,0.25
Apriori_Gen_Borgelt,1,syn_n50000_i2000_l8_s08_c025,minsup,0.02695302,0.0747,6.45,54,False,,20260922_034905,50000,1989,0.02
DefMe,1,syn_n50000_i2000_l8_s08_c025,minsup,0.02695302,0.4443,160.35,55,False,,20260922_034906,50000,1989,0.02
Eclat_Gen_Borgelt,1,syn_n50000_i2000_l8_s08_c025,minsup,0.02695302,0.0394,4.26,54,False,,20260922_034906,50000,1989,0.02
FPgrowth_Gen_Borgelt,1,syn_n50000_i2000_l8_s08_c025,minsup,0.02695302,0.0491,5.9,54,False,,20260922_034906,50000,1989,0.02
Gr_growth,1,syn_n50000_i2000_l8_s08_c025,minsup,0.02695302,0.0487,14.24,55,False,,20260922_034906,50000,1989,0.02
Pascal,1,syn_n50000_i2000_l8_s08_c025,minsup,0.02695302,2.1994,117.37,54,False,,20260922_034909,50000,1989,0.02
TalkyG_Diffset,1,syn_n50000_i2000_l8_s08_c025,minsup,0.02695302,0.4768,121.92,55,False,,20260922_034909,50000,1989,0.02
Talky_G,1,syn_n50000_i2000_l8_s08_c025,minsup,0.02695302,0.4774,173.34,55,False,,20260922_034910,50000,1989,0.02
Zart,1,syn_n50000_i2000_l8_s08_c025,minsup,0.02695302,1.1377,375.61,55,False,,20260922_034911,50000,1989,0.02
Apriori_Gen_Borgelt,1,syn_n50000_i2000_l8_s08_c025,minsup,0.01256742,0.0623,7.0,155,False,,20260922_034911,50000,1989,0.05
Pascal,1,syn_n50000_i2000_l8_s00_c06,minsup,0.00567432,62.3463,106.78,244,False,,20260922_034912,50000,2000,0.12
Eclat_Gen_Borgelt,1,syn_n50000_i2000_l8_s08_c025,minsup,0.01256742,0.0635,6.48,155,False,,20260922_034912,50000,1989,0.05
DefMe,1,syn_n50000_i2000_l8_s08_c025,minsup,0.01256742,0.4798,165.02,156,False,,20260922_034912,50000,1989,0.05
FPgrowth_Gen_Borgelt,1,syn_n50000_i2000_l8_s08_c025,minsup,0.01256742,0.0486,4.25,155,False,,20260922_034912,50000,1989,0.05
Gr_growth,1,syn_n50000_i2000_l8_s08_c025,minsup,0.01256742,0.0543,15.85,156,False,,20260922_034912,50000,1989,0.05
TalkyG_Diffset,1,syn_n50000_i2000_l8_s08_c025,minsup,0.01256742,0.4648,124.75,156,False,,20260922_034913,50000,1989,0.05
Talky_G,1,syn_n50000_i2000_l8_s08_c025,minsup,0.01256742,0.5053,171.11,156,False,,20260922_034914,50000,1989,0.05
Zart,1,syn_n50000_i2000_l8_s08_c025,minsup,0.01256742,3.874,646.61,156,False,,20260922_034918,50000,1989,0.05
Apriori_Gen_Borgelt,1,syn_n50000_i2000_l8_s08_c025,minsup,0.00645354,0.0583,8.83,426,False,,20260922_034918,50000,1989,0.12
DefMe,1,syn_n50000_i2000_l8_s08_c025,minsup,0.00645354,0.4851,194.18,427,False,,20260922_034918,50000,1989,0.12
Eclat_Gen_Borgelt,1,syn_n50000_i2000_l8_s08_c025,minsup,0.00645354,0.0671,6.81,426,False,,20260922_034919,50000,1989,0.12
FPgrowth_Gen_Borgelt,1,syn_n50000_i2000_l8_s08_c025,minsup,0.00645354,0.0662,6.88,426,False,,20260922_034919,50000,1989,0.12
Gr_growth,1,syn_n50000_i2000_l8_s08_c025,minsup,0.00645354,0.0917,17.7,427,False,,20260922_034919,50000,1989,0.12
Pascal,1,syn_n50000_i2000_l8_s08_c025,minsup,0.01256742,10.7473,111.72,155,False,,20260922_034923,50000,1989,0.05
TalkyG_Diffset,1,syn_n50000_i2000_l8_s08_c025,minsup,0.00645354,0.5023,123.7,427,False,,20260922_034924,50000,1989,0.12
Talky_G,1,syn_n50000_i2000_l8_s08_c025,minsup,0.00645354,0.5235,167.66,427,False,,20260922_034924,50000,1989,0.12
Talky_G,1,syn_n50000_i300_l40_s16_c06,minsup,0.11794194,300.183,956.57,3860918,True,,20260922_034934,50000,299,0.25
Apriori_Gen_Borgelt,1,syn_n50000_i2000_l8_s08_c025,minsup,0.00383616,0.0627,6.47,952,False,,20260922_034934,50000,1989,0.25
DefMe,1,syn_n50000_i2000_l8_s08_c025,minsup,0.00383616,0.7211,406.49,953,False,,20260922_034935,50000,1989,0.25
Eclat_Gen_Borgelt,1,syn_n50000_i2000_l8_s08_c025,minsup,0.00383616,0.08,6.91,952,False,,20260922_034935,50000,1989,0.25
FPgrowth_Gen_Borgelt,1,syn_n50000_i2000_l8_s08_c025,minsup,0.00383616,0.0787,12.19,952,False,,20260922_034935,50000,1989,0.25
Gr_growth,1,syn_n50000_i2000_l8_s08_c025,minsup,0.00383616,0.1086,20.7,953,False,,20260922_034935,50000,1989,0.25
Zart,1,syn_n50000_i2000_l8_s08_c025,minsup,0.00645354,28.1373,806.99,427,False,,20260922_034953,50000,1989,0.12
TalkyG_Diffset,1,syn_n50000_i2000_l8_s08_c025,minsup,0.00383616,0.4628,134.41,953,False,,20260922_034953,50000,1989,0.25
Talky_G,1,syn_n50000_i2000_l8_s08_c025,minsup,0.00383616,0.4752,163.61,953,False,,20260922_034954,50000,1989,0.25
Pascal,1,syn_n50000_i2000_l8_s08_c025,minsup,0.00645354,58.5761,116.43,426,False,,20260922_035018,50000,1989,0.12
Apriori_Gen_Borgelt,1,syn_n50000_i2000_l8_s08_c06,minsup,0.024875099999999997,0.0573,5.2,53,False,,20260922_035018,50000,1990,0.02
DefMe,1,syn_n50000_i2000_l8_s08_c06,minsup,0.024875099999999997,0.4328,135.38,54,False,,20260922_035019,50000,1990,0.02
Eclat_Gen_Borgelt,1,syn_n50000_i2000_l8_s08_c06,minsup,0.024875099999999997,0.0574,5.81,53,False,,20260922_035019,50000,1990,0.02
FPgrowth_Gen_Borgelt,1,syn_n50000_i2000_l8_s08_c06,minsup,0.024875099999999997,0.0371,4.05,53,False,,20260922_035019,50000,1990,0.02
Gr_growth,1,syn_n50000_i2000_l8_s08_c06,minsup,0.024875099999999997,0.0473,14.17,54,False,,20260922_035019,50000,1990,0.02
Pascal,1,syn_n50000_i2000_l8_s00_c06,minsup,0.00503496,100.1647,124.25,507,False,,20260922_035020,50000,2000,0.25
Zart,1,syn_n50000_i300_l40_s16_c06,minsup,0.11794194,300.1923,797.09,0,True,,20260922_035021,50000,299,0.25
TalkyG_Diffset,1,syn_n50000_i2000_l8_s08_c06,minsup,0.024875099999999997,0.5189,117.78,54,False,,20260922_035021,50000,1990,0.02
Talky_G,1,syn_n50000_i2000_l8_s08_c06,minsup,0.024875099999999997,0.51,166.6,54,False,,20260922_035021,50000,1990,0.02
Pascal,1,syn_n50000_i2000_l8_s08_c06,minsup,0.024875099999999997,2.3416,108.45,53,False,,20260922_035022,50000,1990,0.02
Apriori_Gen_Borgelt,1,syn_n50000_i2000_l8_s08_c06,minsup,0.0127872,0.0475,6.17,149,False,,20260922_035022,50000,1990,0.05
Eclat_Gen_Borgelt,1,syn_n50000_i2000_l8_s08_c06,minsup,0.0127872,0.0668,6.37,149,False,,20260922_035022,50000,1990,0.05
FPgrowth_Gen_Borgelt,1,syn_n50000_i2000_l8_s08_c06,minsup,0.0127872,0.0453,6.23,149,False,,20260922_035022,50000,1990,0.05
Gr_growth,1,syn_n50000_i2000_l8_s08_c06,minsup,0.0127872,0.0576,15.83,150,False,,20260922_035022,50000,1990,0.05
DefMe,1,syn_n50000_i2000_l8_s08_c06,minsup,0.0127872,0.7569,161.0,150,False,,20260922_035023,50000,1990,0.05
Zart,1,syn_n50000_i2000_l8_s08_c06,minsup,0.024875099999999997,1.5801,385.52,54,False,,20260922_035023,50000,1990,0.02
TalkyG_Diffset,1,syn_n50000_i2000_l8_s08_c06,minsup,0.0127872,0.5767,120.69,150,False,,20260922_035023,50000,1990,0.05
Talky_G,1,syn_n50000_i2000_l8_s08_c06,minsup,0.0127872,0.6274,170.36,150,False,,20260922_035024,50000,1990,0.05
Apriori_Gen_Borgelt,1,syn_n50000_i2000_l8_s08_c06,minsup,0.00655344,0.0654,6.35,399,False,,20260922_035024,50000,1990,0.12
DefMe,1,syn_n50000_i2000_l8_s08_c06,minsup,0.00655344,0.4415,194.8,400,False,,20260922_035024,50000,1990,0.12
Eclat_Gen_Borgelt,1,syn_n50000_i2000_l8_s08_c06,minsup,0.00655344,0.0575,8.72,399,False,,20260922_035025,50000,1990,0.12
FPgrowth_Gen_Borgelt,1,syn_n50000_i2000_l8_s08_c06,minsup,0.00655344,0.058,6.54,399,False,,20260922_035025,50000,1990,0.12
Gr_growth,1,syn_n50000_i2000_l8_s08_c06,minsup,0.00655344,0.071,18.07,400,False,,20260922_035025,50000,1990,0.12
Zart,1,syn_n50000_i2000_l8_s08_c06,minsup,0.0127872,4.6764,881.45,150,False,,20260922_035028,50000,1990,0.05
TalkyG_Diffset,1,syn_n50000_i2000_l8_s08_c06,minsup,0.00655344,0.4835,122.33,400,False,,20260922_035029,50000,1990,0.12
Talky_G,1,syn_n50000_i2000_l8_s08_c06,minsup,0.00655344,0.546,170.09,400,False,,20260922_035030,50000,1990,0.12
Pascal,1,syn_n50000_i2000_l8_s08_c06,minsup,0.0127872,11.6695,106.43,149,False,,20260922_035034,50000,1990,0.05
Apriori_Gen_Borgelt,1,syn_n50000_i2000_l8_s08_c06,minsup,0.0036163799999999998,0.0849,6.37,921,False,,20260922_035034,50000,1990,0.25
DefMe,1,syn_n50000_i2000_l8_s08_c06,minsup,0.0036163799999999998,0.6722,402.18,922,False,,20260922_035035,50000,1990,0.25
Eclat_Gen_Borgelt,1,syn_n50000_i2000_l8_s08_c06,minsup,0.0036163799999999998,0.0796,6.96,921,False,,20260922_035035,50000,1990,0.25
FPgrowth_Gen_Borgelt,1,syn_n50000_i2000_l8_s08_c06,minsup,0.0036163799999999998,0.083,13.34,921,False,,20260922_035036,50000,1990,0.25
Gr_growth,1,syn_n50000_i2000_l8_s08_c06,minsup,0.0036163799999999998,0.0884,20.51,922,False,,20260922_035036,50000,1990,0.25
Zart,1,syn_n50000_i2000_l8_s00_c06,minsup,0.00503496,110.1024,904.94,508,False,,20260922_035039,50000,2000,0.25
TalkyG_Diffset,1,syn_n50000_i2000_l8_s08_c06,minsup,0.0036163799999999998,0.4586,131.04,922,False,,20260922_035039,50000,1990,0.25
Talky_G,1,syn_n50000_i2000_l8_s08_c06,minsup,0.0036163799999999998,0.482,173.7,922,False,,20260922_035040,50000,1990,0.25
Zart,1,syn_n50000_i2000_l8_s08_c06,minsup,0.00655344,31.6247,568.45,400,False,,20260922_035101,50000,1990,0.12
Apriori_Gen_Borgelt,1,syn_n50000_i2000_l8_s16_c025,minsup,0.16739243999999998,0.0512,6.28,90,False,,20260922_035101,50000,768,0.02
DefMe,1,syn_n50000_i2000_l8_s16_c025,minsup,0.16739243999999998,0.3965,115.21,91,False,,20260922_035102,50000,768,0.02
Eclat_Gen_Borgelt,1,syn_n50000_i2000_l8_s16_c025,minsup,0.16739243999999998,0.0585,6.4,90,False,,20260922_035102,50000,768,0.02
FPgrowth_Gen_Borgelt,1,syn_n50000_i2000_l8_s16_c025,minsup,0.16739243999999998,0.0472,6.41,90,False,,20260922_035102,50000,768,0.02
Gr_growth,1,syn_n50000_i2000_l8_s16_c025,minsup,0.16739243999999998,0.0453,14.02,91,False,,20260922_035103,50000,768,0.02
Pascal,1,syn_n50000_i2000_l8_s16_c025,minsup,0.16739243999999998,0.8467,115.02,90,False,,20260922_035104,50000,768,0.02
TalkyG_Diffset,1,syn_n50000_i2000_l8_s16_c025,minsup,0.16739243999999998,0.4235,114.29,91,False,,20260922_035104,50000,768,0.02
Talky_G,1,syn_n50000_i2000_l8_s16_c025,minsup,0.16739243999999998,0.4093,121.56,91,False,,20260922_035105,50000,768,0.02
Zart,1,syn_n50000_i2000_l8_s16_c025,minsup,0.16739243999999998,0.746,237.61,91,False,,20260922_035106,50000,768,0.02
Apriori_Gen_Borgelt,1,syn_n50000_i2000_l8_s16_c025,minsup,0.03048948,0.1182,8.21,1345,False,,20260922_035106,50000,768,0.05
DefMe,1,syn_n50000_i2000_l8_s16_c025,minsup,0.03048948,0.4356,149.61,1346,False,,20260922_035106,50000,768,0.05
Eclat_Gen_Borgelt,1,syn_n50000_i2000_l8_s16_c025,minsup,0.03048948,0.0649,11.08,1345,False,,20260922_035107,50000,768,0.05
FPgrowth_Gen_Borgelt,1,syn_n50000_i2000_l8_s16_c025,minsup,0.03048948,0.0711,6.78,1345,False,,20260922_035107,50000,768,0.05
Gr_growth,1,syn_n50000_i2000_l8_s16_c025,minsup,0.03048948,0.0515,15.76,1347,False,,20260922_035107,50000,768,0.05
Pascal,1,syn_n50000_i2000_l8_s16_c025,minsup,0.03048948,5.8378,108.81,1345,False,,20260922_035113,50000,768,0.05
TalkyG_Diffset,1,syn_n50000_i2000_l8_s16_c025,minsup,0.03048948,0.4241,135.9,1346,False,,20260922_035114,50000,768,0.05
Talky_G,1,syn_n50000_i2000_l8_s16_c025,minsup,0.03048948,0.4658,125.88,1346,False,,20260922_035114,50000,768,0.05
Pascal,1,syn_n50000_i2000_l8_s08_c025,minsup,0.00383616,100.5996,128.94,952,False,,20260922_035116,50000,1989,0.25
Apriori_Gen_Borgelt,1,syn_n50000_i2000_l8_s16_c025,minsup,0.005794199999999999,0.1767,9.89,12250,False,,20260922_035116,50000,768,0.12
DefMe,1,syn_n50000_i2000_l8_s16_c025,minsup,0.005794199999999999,0.5679,402.28,12251,False,,20260922_035117,50000,768,0.12
Eclat_Gen_Borgelt,1,syn_n50000_i2000_l8_s16_c025,minsup,0.005794199999999999,0.09,19.92,12250,False,,20260922_035117,50000,768,0.12
FPgrowth_Gen_Borgelt,1,syn_n50000_i2000_l8_s16_c025,minsup,0.005794199999999999,0.0799,7.29,12250,False,,20260922_035118,50000,768,0.12
Gr_growth,1,syn_n50000_i2000_l8_s16_c025,minsup,0.005794199999999999,0.1067,17.58,12251,False,,20260922_035118,50000,768,0.12
Zart,1,syn_n50000_i2000_l8_s16_c025,minsup,0.03048948,5.2517,616.72,1346,False,,20260922_035120,50000,768,0.05
TalkyG_Diffset,1,syn_n50000_i2000_l8_s16_c025,minsup,0.005794199999999999,0.5412,233.77,12251,False,,20260922_035120,50000,768,0.12
Talky_G,1,syn_n50000_i2000_l8_s16_c025,minsup,0.005794199999999999,0.5248,187.19,12251,False,,20260922_035121,50000,768,0.12
Pascal,1,syn_n50000_i2000_l8_s08_c06,minsup,0.00655344,58.9565,110.29,399,False,,20260922_035124,50000,1990,0.12
Apriori_Gen_Borgelt,1,syn_n50000_i2000_l8_s16_c025,minsup,0.0016982999999999998,0.2542,11.55,47709,False,,20260922_035125,50000,768,0.25
DefMe,1,syn_n50000_i2000_l8_s16_c025,minsup,0.0016982999999999998,0.89,402.11,47710,False,,20260922_035126,50000,768,0.25
Eclat_Gen_Borgelt,1,syn_n50000_i2000_l8_s16_c025,minsup,0.0016982999999999998,0.1914,24.55,47709,False,,20260922_035126,50000,768,0.25
FPgrowth_Gen_Borgelt,1,syn_n50000_i2000_l8_s16_c025,minsup,0.0016982999999999998,0.0892,22.04,47709,False,,20260922_035126,50000,768,0.25
Gr_growth,1,syn_n50000_i2000_l8_s16_c025,minsup,0.0016982999999999998,0.1583,19.2,47710,False,,20260922_035127,50000,768,0.25
Pascal,1,syn_n50000_i2000_l8_s16_c025,minsup,0.005794199999999999,34.6746,124.34,12250,False,,20260922_035153,50000,768,0.12
TalkyG_Diffset,1,syn_n50000_i2000_l8_s16_c025,minsup,0.0016982999999999998,0.8283,413.52,47710,False,,20260922_035154,50000,768,0.25
Talky_G,1,syn_n50000_i2000_l8_s16_c025,minsup,0.0016982999999999998,0.8011,413.48,47710,False,,20260922_035155,50000,768,0.25
Zart,1,syn_n50000_i2000_l8_s16_c025,minsup,0.005794199999999999,44.0748,564.1,12251,False,,20260922_035205,50000,768,0.12
Apriori_Gen_Borgelt,1,syn_n50000_i2000_l8_s16_c06,minsup,0.1242756,0.0814,6.25,123,False,,20260922_035205,50000,744,0.02
DefMe,1,syn_n50000_i2000_l8_s16_c06,minsup,0.1242756,0.3548,109.57,124,False,,20260922_035206,50000,744,0.02
Eclat_Gen_Borgelt,1,syn_n50000_i2000_l8_s16_c06,minsup,0.1242756,0.0382,6.31,123,False,,20260922_035206,50000,744,0.02
FPgrowth_Gen_Borgelt,1,syn_n50000_i2000_l8_s16_c06,minsup,0.1242756,0.0462,6.36,123,False,,20260922_035206,50000,744,0.02
Gr_growth,1,syn_n50000_i2000_l8_s16_c06,minsup,0.1242756,0.0476,14.03,124,False,,20260922_035206,50000,744,0.02
Pascal,1,syn_n50000_i2000_l8_s16_c06,minsup,0.1242756,0.7939,110.02,123,False,,20260922_035207,50000,744,0.02
TalkyG_Diffset,1,syn_n50000_i2000_l8_s16_c06,minsup,0.1242756,0.4625,115.52,124,False,,20260922_035208,50000,744,0.02
Talky_G,1,syn_n50000_i2000_l8_s16_c06,minsup,0.1242756,0.4223,120.2,124,False,,20260922_035209,50000,744,0.02
Zart,1,syn_n50000_i2000_l8_s16_c06,minsup,0.1242756,0.912,353.26,124,False,,20260922_035210,50000,744,0.02
Apriori_Gen_Borgelt,1,syn_n50000_i2000_l8_s16_c06,minsup,0.02681316,0.1075,8.46,1342,False,,20260922_035210,50000,744,0.05
DefMe,1,syn_n50000_i2000_l8_s16_c06,minsup,0.02681316,0.4712,147.98,1343,False,,20260922_035210,50000,744,0.05
Eclat_Gen_Borgelt,1,syn_n50000_i2000_l8_s16_c06,minsup,0.02681316,0.0632,9.05,1342,False,,20260922_035211,50000,744,0.05
FPgrowth_Gen_Borgelt,1,syn_n50000_i2000_l8_s16_c06,minsup,0.02681316,0.0475,6.32,1342,False,,20260922_035211,50000,744,0.05
Gr_growth,1,syn_n50000_i2000_l8_s16_c06,minsup,0.02681316,0.0578,14.96,1343,False,,20260922_035211,50000,744,0.05
Pascal,1,syn_n50000_i2000_l8_s16_c06,minsup,0.02681316,4.6897,113.85,1342,False,,20260922_035216,50000,744,0.05
TalkyG_Diffset,1,syn_n50000_i2000_l8_s16_c06,minsup,0.02681316,0.4559,134.55,1343,False,,20260922_035216,50000,744,0.05
Talky_G,1,syn_n50000_i2000_l8_s16_c06,minsup,0.02681316,0.4218,128.98,1343,False,,20260922_035217,50000,744,0.05
Zart,1,syn_n50000_i2000_l8_s16_c06,minsup,0.02681316,4.6152,539.35,1343,False,,20260922_035222,50000,744,0.05
Apriori_Gen_Borgelt,1,syn_n50000_i2000_l8_s16_c06,minsup,0.00687312,0.1447,9.82,8190,False,,20260922_035222,50000,744,0.12
DefMe,1,syn_n50000_i2000_l8_s16_c06,minsup,0.00687312,0.5082,297.66,8191,False,,20260922_035223,50000,744,0.12
Eclat_Gen_Borgelt,1,syn_n50000_i2000_l8_s16_c06,minsup,0.00687312,0.097,13.07,8190,False,,20260922_035223,50000,744,0.12
FPgrowth_Gen_Borgelt,1,syn_n50000_i2000_l8_s16_c06,minsup,0.00687312,0.0833,15.96,8190,False,,20260922_035223,50000,744,0.12
Gr_growth,1,syn_n50000_i2000_l8_s16_c06,minsup,0.00687312,0.0784,17.54,8191,False,,20260922_035223,50000,744,0.12
Pascal,1,syn_n50000_i2000_l8_s08_c06,minsup,0.0036163799999999998,111.6465,129.89,921,False,,20260922_035228,50000,1990,0.25
TalkyG_Diffset,1,syn_n50000_i2000_l8_s16_c06,minsup,0.00687312,0.486,162.45,8191,False,,20260922_035228,50000,744,0.12
Talky_G,1,syn_n50000_i2000_l8_s16_c06,minsup,0.00687312,0.5108,165.8,8191,False,,20260922_035229,50000,744,0.12
Zart,1,syn_n50000_i2000_l8_s08_c025,minsup,0.00383616,160.9418,731.36,953,False,,20260922_035235,50000,1989,0.25
Apriori_Gen_Borgelt,1,syn_n50000_i2000_l8_s16_c06,minsup,0.00185814,0.2018,11.19,38800,False,,20260922_035235,50000,744,0.25
DefMe,1,syn_n50000_i2000_l8_s16_c06,minsup,0.00185814,0.8161,722.82,38801,False,,20260922_035236,50000,744,0.25
Eclat_Gen_Borgelt,1,syn_n50000_i2000_l8_s16_c06,minsup,0.00185814,0.1289,23.44,38800,False,,20260922_035236,50000,744,0.25
FPgrowth_Gen_Borgelt,1,syn_n50000_i2000_l8_s16_c06,minsup,0.00185814,0.1187,22.93,38800,False,,20260922_035237,50000,744,0.25
Gr_growth,1,syn_n50000_i2000_l8_s16_c06,minsup,0.00185814,0.1262,19.06,38801,False,,20260922_035237,50000,744,0.25
Zart,1,syn_n50000_i2000_l8_s08_c06,minsup,0.0036163799999999998,119.6671,801.99,922,False,,20260922_035240,50000,1990,0.25
TalkyG_Diffset,1,syn_n50000_i2000_l8_s16_c06,minsup,0.00185814,0.7951,416.25,38801,False,,20260922_035241,50000,744,0.25
Talky_G,1,syn_n50000_i2000_l8_s16_c06,minsup,0.00185814,0.6947,400.68,38801,False,,20260922_035242,50000,744,0.25
Pascal,1,syn_n50000_i2000_l8_s16_c06,minsup,0.00687312,27.0437,130.55,8190,False,,20260922_035251,50000,744,0.12
Apriori_Gen_Borgelt,1,syn_n50000_i2000_l20_s00_c025,minsup,0.01556442,0.0839,7.56,40,False,,20260922_035251,50000,2000,0.02
DefMe,1,syn_n50000_i2000_l20_s00_c025,minsup,0.01556442,0.4984,165.8,41,False,,20260922_035251,50000,2000,0.02
Eclat_Gen_Borgelt,1,syn_n50000_i2000_l20_s00_c025,minsup,0.01556442,0.066,6.19,40,False,,20260922_035252,50000,2000,0.02
FPgrowth_Gen_Borgelt,1,syn_n50000_i2000_l20_s00_c025,minsup,0.01556442,0.0644,7.3,40,False,,20260922_035252,50000,2000,0.02
Gr_growth,1,syn_n50000_i2000_l20_s00_c025,minsup,0.01556442,0.0669,13.96,41,False,,20260922_035252,50000,2000,0.02
Pascal,1,syn_n50000_i2000_l20_s00_c025,minsup,0.01556442,2.5916,146.56,40,False,,20260922_035255,50000,2000,0.02
TalkyG_Diffset,1,syn_n50000_i2000_l20_s00_c025,minsup,0.01556442,0.6007,152.41,41,False,,20260922_035255,50000,2000,0.02
Talky_G,1,syn_n50000_i2000_l20_s00_c025,minsup,0.01556442,0.6501,173.36,41,False,,20260922_035256,50000,2000,0.02
Zart,1,syn_n50000_i2000_l8_s16_c06,minsup,0.00687312,27.9324,614.2,8191,False,,20260922_035257,50000,744,0.12
Apriori_Gen_Borgelt,1,syn_n50000_i2000_l20_s00_c025,minsup,0.01466532,0.088,8.35,101,False,,20260922_035257,50000,2000,0.05
Zart,1,syn_n50000_i2000_l20_s00_c025,minsup,0.01556442,1.1311,604.64,41,False,,20260922_035258,50000,2000,0.02
Eclat_Gen_Borgelt,1,syn_n50000_i2000_l20_s00_c025,minsup,0.01466532,0.0963,8.6,101,False,,20260922_035258,50000,2000,0.05
FPgrowth_Gen_Borgelt,1,syn_n50000_i2000_l20_s00_c025,minsup,0.01466532,0.0871,8.63,101,False,,20260922_035258,50000,2000,0.05
DefMe,1,syn_n50000_i2000_l20_s00_c025,minsup,0.01466532,0.6875,205.52,102,False,,20260922_035258,50000,2000,0.05
Gr_growth,1,syn_n50000_i2000_l20_s00_c025,minsup,0.01466532,0.0775,14.3,103,False,,20260922_035258,50000,2000,0.05
TalkyG_Diffset,1,syn_n50000_i2000_l20_s00_c025,minsup,0.01466532,0.6007,158.0,102,False,,20260922_035259,50000,2000,0.05
Talky_G,1,syn_n50000_i2000_l20_s00_c025,minsup,0.01466532,0.5988,176.96,102,False,,20260922_035300,50000,2000,0.05
Pascal,1,syn_n50000_i2000_l8_s16_c025,minsup,0.0016982999999999998,94.5954,125.01,47709,False,,20260922_035301,50000,768,0.25
Apriori_Gen_Borgelt,1,syn_n50000_i2000_l20_s00_c025,minsup,0.013586399999999998,0.1009,10.36,243,False,,20260922_035302,50000,2000,0.12
DefMe,1,syn_n50000_i2000_l20_s00_c025,minsup,0.013586399999999998,0.5898,222.09,244,False,,20260922_035302,50000,2000,0.12
Eclat_Gen_Borgelt,1,syn_n50000_i2000_l20_s00_c025,minsup,0.013586399999999998,0.1013,9.42,243,False,,20260922_035302,50000,2000,0.12
FPgrowth_Gen_Borgelt,1,syn_n50000_i2000_l20_s00_c025,minsup,0.013586399999999998,0.0873,9.19,243,False,,20260922_035303,50000,2000,0.12
Gr_growth,1,syn_n50000_i2000_l20_s00_c025,minsup,0.013586399999999998,0.1115,17.51,247,False,,20260922_035303,50000,2000,0.12
Zart,1,syn_n50000_i2000_l20_s00_c025,minsup,0.01466532,3.9482,860.07,102,False,,20260922_035304,50000,2000,0.05
TalkyG_Diffset,1,syn_n50000_i2000_l20_s00_c025,minsup,0.013586399999999998,0.6088,157.77,244,False,,20260922_035305,50000,2000,0.12
Talky_G,1,syn_n50000_i2000_l20_s00_c025,minsup,0.013586399999999998,0.6228,189.98,244,False,,20260922_035305,50000,2000,0.12
Pascal,1,syn_n50000_i2000_l20_s00_c025,minsup,0.01466532,15.79,144.61,101,False,,20260922_035314,50000,2000,0.05
Apriori_Gen_Borgelt,1,syn_n50000_i2000_l20_s00_c025,minsup,0.01260738,0.0977,8.8,503,False,,20260922_035314,50000,2000,0.25
DefMe,1,syn_n50000_i2000_l20_s00_c025,minsup,0.01260738,0.8037,576.93,504,False,,20260922_035315,50000,2000,0.25
Eclat_Gen_Borgelt,1,syn_n50000_i2000_l20_s00_c025,minsup,0.01260738,0.1016,9.13,503,False,,20260922_035315,50000,2000,0.25
FPgrowth_Gen_Borgelt,1,syn_n50000_i2000_l20_s00_c025,minsup,0.01260738,0.1078,19.8,503,False,,20260922_035316,50000,2000,0.25
Gr_growth,1,syn_n50000_i2000_l20_s00_c025,minsup,0.01260738,0.1168,24.36,512,False,,20260922_035316,50000,2000,0.25
Zart,1,syn_n50000_i2000_l20_s00_c025,minsup,0.013586399999999998,22.4296,761.98,244,False,,20260922_035328,50000,2000,0.12
TalkyG_Diffset,1,syn_n50000_i2000_l20_s00_c025,minsup,0.01260738,0.5669,159.47,504,False,,20260922_035329,50000,2000,0.25
Talky_G,1,syn_n50000_i2000_l20_s00_c025,minsup,0.01260738,0.616,198.93,504,False,,20260922_035329,50000,2000,0.25
Pascal,1,syn_n50000_i2000_l8_s16_c06,minsup,0.00185814,92.2388,122.79,38800,False,,20260922_035409,50000,744,0.25
Apriori_Gen_Borgelt,1,syn_n50000_i2000_l20_s00_c06,minsup,0.0145854,0.0834,5.91,40,False,,20260922_035410,50000,2000,0.02
DefMe,1,syn_n50000_i2000_l20_s00_c06,minsup,0.0145854,0.5283,157.92,41,False,,20260922_035410,50000,2000,0.02
Eclat_Gen_Borgelt,1,syn_n50000_i2000_l20_s00_c06,minsup,0.0145854,0.0794,6.67,40,False,,20260922_035411,50000,2000,0.02
FPgrowth_Gen_Borgelt,1,syn_n50000_i2000_l20_s00_c06,minsup,0.0145854,0.0839,8.41,40,False,,20260922_035411,50000,2000,0.02
Gr_growth,1,syn_n50000_i2000_l20_s00_c06,minsup,0.0145854,0.0824,13.84,44,False,,20260922_035411,50000,2000,0.02
Pascal,1,syn_n50000_i2000_l20_s00_c06,minsup,0.0145854,2.6918,133.71,40,False,,20260922_035414,50000,2000,0.02
TalkyG_Diffset,1,syn_n50000_i2000_l20_s00_c06,minsup,0.0145854,0.6118,161.21,41,False,,20260922_035415,50000,2000,0.02
Talky_G,1,syn_n50000_i2000_l20_s00_c06,minsup,0.0145854,0.5516,168.97,41,False,,20260922_035415,50000,2000,0.02
Zart,1,syn_n50000_i2000_l20_s00_c06,minsup,0.0145854,0.8788,386.54,41,False,,20260922_035416,50000,2000,0.02
Apriori_Gen_Borgelt,1,syn_n50000_i2000_l20_s00_c06,minsup,0.013846140000000002,0.0788,6.64,100,False,,20260922_035416,50000,2000,0.05
DefMe,1,syn_n50000_i2000_l20_s00_c06,minsup,0.013846140000000002,0.4829,205.43,101,False,,20260922_035417,50000,2000,0.05
Eclat_Gen_Borgelt,1,syn_n50000_i2000_l20_s00_c06,minsup,0.013846140000000002,0.0695,8.87,100,False,,20260922_035417,50000,2000,0.05
FPgrowth_Gen_Borgelt,1,syn_n50000_i2000_l20_s00_c06,minsup,0.013846140000000002,0.0808,8.39,100,False,,20260922_035418,50000,2000,0.05
Gr_growth,1,syn_n50000_i2000_l20_s00_c06,minsup,0.013846140000000002,0.0637,14.26,104,False,,20260922_035418,50000,2000,0.05
Pascal,1,syn_n50000_i2000_l20_s00_c025,minsup,0.013586399999999998,86.7088,142.09,243,False,,20260922_035430,50000,2000,0.12
TalkyG_Diffset,1,syn_n50000_i2000_l20_s00_c06,minsup,0.013846140000000002,0.541,158.7,101,False,,20260922_035431,50000,2000,0.05
Talky_G,1,syn_n50000_i2000_l20_s00_c06,minsup,0.013846140000000002,0.542,166.77,101,False,,20260922_035431,50000,2000,0.05
Pascal,1,syn_n50000_i2000_l20_s00_c06,minsup,0.013846140000000002,14.9681,132.82,100,False,,20260922_035433,50000,2000,0.05
Apriori_Gen_Borgelt,1,syn_n50000_i2000_l20_s00_c06,minsup,0.012867120000000001,0.0845,8.25,241,False,,20260922_035433,50000,2000,0.12
DefMe,1,syn_n50000_i2000_l20_s00_c06,minsup,0.012867120000000001,0.5533,224.75,242,False,,20260922_035434,50000,2000,0.12
Eclat_Gen_Borgelt,1,syn_n50000_i2000_l20_s00_c06,minsup,0.012867120000000001,0.0832,8.54,241,False,,20260922_035434,50000,2000,0.12
FPgrowth_Gen_Borgelt,1,syn_n50000_i2000_l20_s00_c06,minsup,0.012867120000000001,0.0798,8.48,241,False,,20260922_035434,50000,2000,0.12
Gr_growth,1,syn_n50000_i2000_l20_s00_c06,minsup,0.012867120000000001,0.1,16.7,249,False,,20260922_035434,50000,2000,0.12
Zart,1,syn_n50000_i2000_l20_s00_c06,minsup,0.013846140000000002,3.7063,602.12,101,False,,20260922_035435,50000,2000,0.05
TalkyG_Diffset,1,syn_n50000_i2000_l20_s00_c06,minsup,0.012867120000000001,0.577,160.59,242,False,,20260922_035436,50000,2000,0.12
Talky_G,1,syn_n50000_i2000_l20_s00_c06,minsup,0.012867120000000001,0.5199,171.57,242,False,,20260922_035437,50000,2000,0.12
Zart,1,syn_n50000_i2000_l20_s00_c06,minsup,0.012867120000000001,17.7851,643.29,242,False,,20260922_035454,50000,2000,0.12
Apriori_Gen_Borgelt,1,syn_n50000_i2000_l20_s00_c06,minsup,0.01186812,0.0976,8.65,501,False,,20260922_035455,50000,2000,0.25
DefMe,1,syn_n50000_i2000_l20_s00_c06,minsup,0.01186812,0.8007,602.29,502,False,,20260922_035456,50000,2000,0.25
Eclat_Gen_Borgelt,1,syn_n50000_i2000_l20_s00_c06,minsup,0.01186812,0.0817,9.25,501,False,,20260922_035456,50000,2000,0.25
FPgrowth_Gen_Borgelt,1,syn_n50000_i2000_l20_s00_c06,minsup,0.01186812,0.1126,17.15,501,False,,20260922_035456,50000,2000,0.25
Gr_growth,1,syn_n50000_i2000_l20_s00_c06,minsup,0.01186812,0.1622,23.53,506,False,,20260922_035456,50000,2000,0.25
Zart,1,syn_n50000_i2000_l20_s00_c025,minsup,0.01260738,119.117,1020.16,504,False,,20260922_035529,50000,2000,0.25
TalkyG_Diffset,1,syn_n50000_i2000_l20_s00_c06,minsup,0.01186812,0.6106,156.12,502,False,,20260922_035529,50000,2000,0.25
Talky_G,1,syn_n50000_i2000_l20_s00_c06,minsup,0.01186812,0.5588,173.64,502,False,,20260922_035530,50000,2000,0.25
Pascal,1,syn_n50000_i2000_l20_s00_c06,minsup,0.012867120000000001,79.4682,136.55,241,False,,20260922_035554,50000,2000,0.12
Apriori_Gen_Borgelt,1,syn_n50000_i2000_l20_s08_c025,minsup,0.06431562,0.0998,11.6,110,False,,20260922_035554,50000,2000,0.02
Zart,1,syn_n50000_i2000_l8_s16_c06,minsup,0.00185814,192.8509,905.0,38801,False,,20260922_035555,50000,744,0.25
Eclat_Gen_Borgelt,1,syn_n50000_i2000_l20_s08_c025,minsup,0.06431562,0.0997,13.13,110,False,,20260922_035555,50000,2000,0.02
DefMe,1,syn_n50000_i2000_l20_s08_c025,minsup,0.06431562,0.5298,170.58,111,False,,20260922_035555,50000,2000,0.02
FPgrowth_Gen_Borgelt,1,syn_n50000_i2000_l20_s08_c025,minsup,0.06431562,0.0846,11.72,110,False,,20260922_035555,50000,2000,0.02
Gr_growth,1,syn_n50000_i2000_l20_s08_c025,minsup,0.06431562,0.1016,16.71,111,False,,20260922_035555,50000,2000,0.02
TalkyG_Diffset,1,syn_n50000_i2000_l20_s08_c025,minsup,0.06431562,0.6039,153.64,111,False,,20260922_035556,50000,2000,0.02
Talky_G,1,syn_n50000_i2000_l20_s08_c025,minsup,0.06431562,0.5566,197.5,111,False,,20260922_035557,50000,2000,0.02
Zart,1,syn_n50000_i2000_l20_s08_c025,minsup,0.06431562,1.5276,655.7,111,False,,20260922_035558,50000,2000,0.02
Apriori_Gen_Borgelt,1,syn_n50000_i2000_l20_s08_c025,minsup,0.03300696,0.1098,12.89,383,False,,20260922_035559,50000,2000,0.05
Pascal,1,syn_n50000_i2000_l20_s08_c025,minsup,0.06431562,3.434,140.22,110,False,,20260922_035559,50000,2000,0.02
Eclat_Gen_Borgelt,1,syn_n50000_i2000_l20_s08_c025,minsup,0.03300696,0.1196,17.09,383,False,,20260922_035559,50000,2000,0.05
FPgrowth_Gen_Borgelt,1,syn_n50000_i2000_l20_s08_c025,minsup,0.03300696,0.1065,19.0,383,False,,20260922_035559,50000,2000,0.05
DefMe,1,syn_n50000_i2000_l20_s08_c025,minsup,0.03300696,0.6478,207.28,384,False,,20260922_035559,50000,2000,0.05
Gr_growth,1,syn_n50000_i2000_l20_s08_c025,minsup,0.03300696,0.1249,22.73,384,False,,20260922_035600,50000,2000,0.05
TalkyG_Diffset,1,syn_n50000_i2000_l20_s08_c025,minsup,0.03300696,0.6616,155.76,384,False,,20260922_035600,50000,2000,0.05
Talky_G,1,syn_n50000_i2000_l20_s08_c025,minsup,0.03300696,0.5586,219.27,384,False,,20260922_035601,50000,2000,0.05
Zart,1,syn_n50000_i2000_l20_s08_c025,minsup,0.03300696,5.9997,635.08,384,False,,20260922_035607,50000,2000,0.05
Apriori_Gen_Borgelt,1,syn_n50000_i2000_l20_s08_c025,minsup,0.0165834,0.1277,13.71,1287,False,,20260922_035607,50000,2000,0.12
DefMe,1,syn_n50000_i2000_l20_s08_c025,minsup,0.0165834,0.5747,228.5,1288,False,,20260922_035608,50000,2000,0.12
Eclat_Gen_Borgelt,1,syn_n50000_i2000_l20_s08_c025,minsup,0.0165834,0.1518,19.66,1287,False,,20260922_035608,50000,2000,0.12
FPgrowth_Gen_Borgelt,1,syn_n50000_i2000_l20_s08_c025,minsup,0.0165834,0.1657,25.77,1287,False,,20260922_035609,50000,2000,0.12
Gr_growth,1,syn_n50000_i2000_l20_s08_c025,minsup,0.0165834,0.1832,28.85,1289,False,,20260922_035609,50000,2000,0.12
Pascal,1,syn_n50000_i2000_l20_s08_c025,minsup,0.03300696,16.6094,141.76,383,False,,20260922_035616,50000,2000,0.05
TalkyG_Diffset,1,syn_n50000_i2000_l20_s08_c025,minsup,0.0165834,0.6169,191.8,1288,False,,20260922_035617,50000,2000,0.12
Talky_G,1,syn_n50000_i2000_l20_s08_c025,minsup,0.0165834,0.614,213.81,1288,False,,20260922_035618,50000,2000,0.12
Zart,1,syn_n50000_i2000_l8_s16_c025,minsup,0.0016982999999999998,300.1687,932.66,0,True,,20260922_035655,50000,768,0.25
Apriori_Gen_Borgelt,1,syn_n50000_i2000_l20_s08_c025,minsup,0.00907092,0.1442,14.82,3707,False,,20260922_035655,50000,2000,0.25
DefMe,1,syn_n50000_i2000_l20_s08_c025,minsup,0.00907092,0.7989,622.71,3708,False,,20260922_035656,50000,2000,0.25
Eclat_Gen_Borgelt,1,syn_n50000_i2000_l20_s08_c025,minsup,0.00907092,0.1498,22.88,3707,False,,20260922_035656,50000,2000,0.25
FPgrowth_Gen_Borgelt,1,syn_n50000_i2000_l20_s08_c025,minsup,0.00907092,0.2432,37.09,3707,False,,20260922_035657,50000,2000,0.25
Gr_growth,1,syn_n50000_i2000_l20_s08_c025,minsup,0.00907092,0.2752,35.09,3708,False,,20260922_035657,50000,2000,0.25
Zart,1,syn_n50000_i2000_l20_s08_c025,minsup,0.0165834,45.8401,701.33,1288,False,,20260922_035704,50000,2000,0.12
TalkyG_Diffset,1,syn_n50000_i2000_l20_s08_c025,minsup,0.00907092,0.6217,213.46,3708,False,,20260922_035704,50000,2000,0.25
Talky_G,1,syn_n50000_i2000_l20_s08_c025,minsup,0.00907092,0.653,212.94,3708,False,,20260922_035705,50000,2000,0.25
Pascal,1,syn_n50000_i2000_l20_s08_c025,minsup,0.0165834,90.0994,155.34,1287,False,,20260922_035739,50000,2000,0.12
Apriori_Gen_Borgelt,1,syn_n50000_i2000_l20_s08_c06,minsup,0.05970024,0.1056,9.2,109,False,,20260922_035740,50000,2000,0.02
DefMe,1,syn_n50000_i2000_l20_s08_c06,minsup,0.05970024,0.4825,159.66,110,False,,20260922_035740,50000,2000,0.02
Eclat_Gen_Borgelt,1,syn_n50000_i2000_l20_s08_c06,minsup,0.05970024,0.0984,12.01,109,False,,20260922_035740,50000,2000,0.02
FPgrowth_Gen_Borgelt,1,syn_n50000_i2000_l20_s08_c06,minsup,0.05970024,0.0964,8.89,109,False,,20260922_035741,50000,2000,0.02
Gr_growth,1,syn_n50000_i2000_l20_s08_c06,minsup,0.05970024,0.088,16.79,110,False,,20260922_035741,50000,2000,0.02
Pascal,1,syn_n50000_i2000_l20_s08_c06,minsup,0.05970024,2.7076,136.39,109,False,,20260922_035744,50000,2000,0.02
TalkyG_Diffset,1,syn_n50000_i2000_l20_s08_c06,minsup,0.05970024,0.5562,161.27,110,False,,20260922_035744,50000,2000,0.02
Talky_G,1,syn_n50000_i2000_l20_s08_c06,minsup,0.05970024,0.6082,161.54,110,False,,20260922_035745,50000,2000,0.02
Zart,1,syn_n50000_i2000_l20_s08_c06,minsup,0.05970024,1.4036,632.06,110,False,,20260922_035747,50000,2000,0.02
Apriori_Gen_Borgelt,1,syn_n50000_i2000_l20_s08_c06,minsup,0.03020976,0.1052,12.62,375,False,,20260922_035747,50000,2000,0.05
DefMe,1,syn_n50000_i2000_l20_s08_c06,minsup,0.03020976,0.5282,205.82,376,False,,20260922_035748,50000,2000,0.05
Eclat_Gen_Borgelt,1,syn_n50000_i2000_l20_s08_c06,minsup,0.03020976,0.1159,9.58,375,False,,20260922_035748,50000,2000,0.05
FPgrowth_Gen_Borgelt,1,syn_n50000_i2000_l20_s08_c06,minsup,0.03020976,0.0928,18.36,375,False,,20260922_035748,50000,2000,0.05
Gr_growth,1,syn_n50000_i2000_l20_s08_c06,minsup,0.03020976,0.1261,22.29,376,False,,20260922_035748,50000,2000,0.05
Pascal,1,syn_n50000_i2000_l20_s08_c06,minsup,0.03020976,14.1054,135.32,375,False,,20260922_035803,50000,2000,0.05
TalkyG_Diffset,1,syn_n50000_i2000_l20_s08_c06,minsup,0.03020976,0.5202,153.57,376,False,,20260922_035803,50000,2000,0.05
Talky_G,1,syn_n50000_i2000_l20_s08_c06,minsup,0.03020976,0.5823,174.55,376,False,,20260922_035804,50000,2000,0.05
Zart,1,syn_n50000_i2000_l20_s08_c06,minsup,0.03020976,5.4621,523.25,376,False,,20260922_035810,50000,2000,0.05
Apriori_Gen_Borgelt,1,syn_n50000_i2000_l20_s08_c06,minsup,0.01512486,0.1276,13.41,1232,False,,20260922_035810,50000,2000,0.12
DefMe,1,syn_n50000_i2000_l20_s08_c06,minsup,0.01512486,0.5189,321.05,1233,False,,20260922_035811,50000,2000,0.12
Eclat_Gen_Borgelt,1,syn_n50000_i2000_l20_s08_c06,minsup,0.01512486,0.1145,19.3,1232,False,,20260922_035811,50000,2000,0.12
FPgrowth_Gen_Borgelt,1,syn_n50000_i2000_l20_s08_c06,minsup,0.01512486,0.1579,24.73,1232,False,,20260922_035811,50000,2000,0.12
Gr_growth,1,syn_n50000_i2000_l20_s08_c06,minsup,0.01512486,0.1723,28.18,1239,False,,20260922_035811,50000,2000,0.12
Pascal,1,syn_n50000_i2000_l20_s00_c025,minsup,0.01260738,300.1034,146.56,234,True,,20260922_035816,50000,2000,0.25
TalkyG_Diffset,1,syn_n50000_i2000_l20_s08_c06,minsup,0.01512486,0.603,164.43,1233,False,,20260922_035817,50000,2000,0.12
Talky_G,1,syn_n50000_i2000_l20_s08_c06,minsup,0.01512486,0.5814,212.6,1233,False,,20260922_035818,50000,2000,0.12
Zart,1,syn_n50000_i2000_l20_s00_c06,minsup,0.01186812,181.1898,724.96,502,False,,20260922_035831,50000,2000,0.25
Apriori_Gen_Borgelt,1,syn_n50000_i2000_l20_s08_c06,minsup,0.00871128,0.1568,14.47,3226,False,,20260922_035832,50000,2000,0.25
DefMe,1,syn_n50000_i2000_l20_s08_c06,minsup,0.00871128,0.8369,802.94,3227,False,,20260922_035833,50000,2000,0.25
Eclat_Gen_Borgelt,1,syn_n50000_i2000_l20_s08_c06,minsup,0.00871128,0.1976,22.23,3226,False,,20260922_035833,50000,2000,0.25
FPgrowth_Gen_Borgelt,1,syn_n50000_i2000_l20_s08_c06,minsup,0.00871128,0.2075,35.42,3226,False,,20260922_035833,50000,2000,0.25
Gr_growth,1,syn_n50000_i2000_l20_s08_c06,minsup,0.00871128,0.255,33.96,3227,False,,20260922_035834,50000,2000,0.25
Zart,1,syn_n50000_i2000_l20_s08_c06,minsup,0.01512486,43.2698,730.9,1233,False,,20260922_035901,50000,2000,0.12
TalkyG_Diffset,1,syn_n50000_i2000_l20_s08_c06,minsup,0.00871128,0.5985,207.21,3227,False,,20260922_035902,50000,2000,0.25
Talky_G,1,syn_n50000_i2000_l20_s08_c06,minsup,0.00871128,0.6309,208.74,3227,False,,20260922_035903,50000,2000,0.25
Pascal,1,syn_n50000_i2000_l20_s08_c06,minsup,0.01512486,86.4023,145.5,1232,False,,20260922_035938,50000,2000,0.12
Apriori_Gen_Borgelt,1,syn_n50000_i2000_l20_s16_c025,minsup,0.17058924,0.6046,12.13,7360,False,,20260922_035939,50000,1313,0.02
DefMe,1,syn_n50000_i2000_l20_s16_c025,minsup,0.17058924,0.5203,265.49,7361,False,,20260922_035939,50000,1313,0.02
Eclat_Gen_Borgelt,1,syn_n50000_i2000_l20_s16_c025,minsup,0.17058924,0.1499,22.7,7360,False,,20260922_035940,50000,1313,0.02
FPgrowth_Gen_Borgelt,1,syn_n50000_i2000_l20_s16_c025,minsup,0.17058924,0.1005,8.78,7360,False,,20260922_035940,50000,1313,0.02
Gr_growth,1,syn_n50000_i2000_l20_s16_c025,minsup,0.17058924,0.1055,16.83,7362,False,,20260922_035940,50000,1313,0.02
Pascal,1,syn_n50000_i2000_l20_s00_c06,minsup,0.01186812,300.1212,143.28,234,True,,20260922_035957,50000,2000,0.25
TalkyG_Diffset,1,syn_n50000_i2000_l20_s16_c025,minsup,0.17058924,0.5892,208.3,7361,False,,20260922_035957,50000,1313,0.02
Talky_G,1,syn_n50000_i2000_l20_s16_c025,minsup,0.17058924,0.5924,207.36,7361,False,,20260922_035958,50000,1313,0.02
Pascal,1,syn_n50000_i2000_l20_s16_c025,minsup,0.17058924,30.0652,151.1,7360,False,,20260922_040010,50000,1313,0.02
Apriori_Gen_Borgelt,1,syn_n50000_i2000_l20_s16_c025,minsup,0.04393602,3.1828,17.79,102845,False,,20260922_040014,50000,1313,0.05
DefMe,1,syn_n50000_i2000_l20_s16_c025,minsup,0.04393602,1.6827,804.27,102846,False,,20260922_040016,50000,1313,0.05
Eclat_Gen_Borgelt,1,syn_n50000_i2000_l20_s16_c025,minsup,0.04393602,0.2884,37.29,102845,False,,20260922_040016,50000,1313,0.05
FPgrowth_Gen_Borgelt,1,syn_n50000_i2000_l20_s16_c025,minsup,0.04393602,0.2192,38.96,102845,False,,20260922_040016,50000,1313,0.05
Gr_growth,1,syn_n50000_i2000_l20_s16_c025,minsup,0.04393602,0.2851,27.35,102846,False,,20260922_040017,50000,1313,0.05
Zart,1,syn_n50000_i2000_l20_s16_c025,minsup,0.17058924,31.7854,562.89,7361,False,,20260922_040030,50000,1313,0.02
TalkyG_Diffset,1,syn_n50000_i2000_l20_s16_c025,minsup,0.04393602,1.1155,589.34,102846,False,,20260922_040031,50000,1313,0.05
Talky_G,1,syn_n50000_i2000_l20_s16_c025,minsup,0.04393602,1.0635,659.42,102846,False,,20260922_040033,50000,1313,0.05
Pascal,1,syn_n50000_i2000_l20_s08_c025,minsup,0.00907092,300.0426,149.48,232,True,,20260922_040157,50000,2000,0.25
Zart,1,syn_n50000_i2000_l20_s08_c025,minsup,0.00907092,300.0888,767.48,0,True,,20260922_040205,50000,2000,0.25
Apriori_Gen_Borgelt,1,syn_n50000_i2000_l20_s16_c025,minsup,0.01140858,17.607,39.59,781182,False,,20260922_040215,50000,1313,0.12
Eclat_Gen_Borgelt,1,syn_n50000_i2000_l20_s16_c025,minsup,0.01140858,0.9338,89.89,781182,False,,20260922_040216,50000,1313,0.12
FPgrowth_Gen_Borgelt,1,syn_n50000_i2000_l20_s16_c025,minsup,0.01140858,0.6612,114.89,781182,False,,20260922_040217,50000,1313,0.12
DefMe,1,syn_n50000_i2000_l20_s16_c025,minsup,0.01140858,11.7801,956.61,781183,False,,20260922_040217,50000,1313,0.12
Gr_growth,1,syn_n50000_i2000_l20_s16_c025,minsup,0.01140858,1.1885,57.04,783124,False,,20260922_040219,50000,1313,0.12
TalkyG_Diffset,1,syn_n50000_i2000_l20_s16_c025,minsup,0.01140858,19.3339,795.3,781183,False,,20260922_040238,50000,1313,0.12
Talky_G,1,syn_n50000_i2000_l20_s16_c025,minsup,0.01140858,18.6331,754.2,781183,False,,20260922_040257,50000,1313,0.12
Pascal,1,syn_n50000_i2000_l20_s08_c06,minsup,0.00871128,300.1271,136.66,231,True,,20260922_040334,50000,2000,0.25
Zart,1,syn_n50000_i2000_l20_s08_c06,minsup,0.00871128,300.1579,795.73,0,True,,20260922_040403,50000,2000,0.25
Apriori_Gen_Borgelt,1,syn_n50000_i2000_l20_s16_c025,minsup,0.00371628,47.9351,122.07,3356737,False,,20260922_040422,50000,1313,0.25
Eclat_Gen_Borgelt,1,syn_n50000_i2000_l20_s16_c025,minsup,0.00371628,3.2932,315.02,3356737,False,,20260922_040426,50000,1313,0.25
FPgrowth_Gen_Borgelt,1,syn_n50000_i2000_l20_s16_c025,minsup,0.00371628,2.4785,361.7,3356737,False,,20260922_040429,50000,1313,0.25
Gr_growth,1,syn_n50000_i2000_l20_s16_c025,minsup,0.00371628,3.4839,177.3,3356738,False,,20260922_040433,50000,1313,0.25
DefMe,1,syn_n50000_i2000_l20_s16_c025,minsup,0.00371628,66.6046,1105.34,3356738,False,,20260922_040510,50000,1313,0.25
Pascal,1,syn_n50000_i2000_l20_s16_c025,minsup,0.04393602,300.1293,178.12,64820,True,,20260922_040517,50000,1313,0.05
Zart,1,syn_n50000_i2000_l20_s16_c025,minsup,0.04393602,300.1612,780.42,0,True,,20260922_040533,50000,1313,0.05
Pascal,1,syn_n50000_i2000_l20_s16_c025,minsup,0.01140858,300.134,155.73,17836,True,,20260922_040718,50000,1313,0.12
Apriori_Gen_Borgelt,1,syn_n50000_i2000_l20_s16_c06,minsup,0.20045934,0.3789,13.0,3457,False,,20260922_040718,50000,1342,0.02
DefMe,1,syn_n50000_i2000_l20_s16_c06,minsup,0.20045934,0.4733,201.09,3458,False,,20260922_040719,50000,1342,0.02
Eclat_Gen_Borgelt,1,syn_n50000_i2000_l20_s16_c06,minsup,0.20045934,0.1413,21.23,3457,False,,20260922_040719,50000,1342,0.02
FPgrowth_Gen_Borgelt,1,syn_n50000_i2000_l20_s16_c06,minsup,0.20045934,0.111,9.0,3457,False,,20260922_040720,50000,1342,0.02
Gr_growth,1,syn_n50000_i2000_l20_s16_c06,minsup,0.20045934,0.0904,17.88,3458,False,,20260922_040720,50000,1342,0.02
Pascal,1,syn_n50000_i2000_l20_s16_c06,minsup,0.20045934,14.1662,136.82,3457,False,,20260922_040734,50000,1342,0.02
TalkyG_Diffset,1,syn_n50000_i2000_l20_s16_c06,minsup,0.20045934,0.6164,190.41,3458,False,,20260922_040735,50000,1342,0.02
Talky_G,1,syn_n50000_i2000_l20_s16_c06,minsup,0.20045934,0.6136,173.68,3458,False,,20260922_040736,50000,1342,0.02
Zart,1,syn_n50000_i2000_l20_s16_c06,minsup,0.20045934,15.6482,753.64,3458,False,,20260922_040751,50000,1342,0.02
Apriori_Gen_Borgelt,1,syn_n50000_i2000_l20_s16_c06,minsup,0.03852144,3.6409,18.82,143115,False,,20260922_040755,50000,1342,0.05
DefMe,1,syn_n50000_i2000_l20_s16_c06,minsup,0.03852144,1.6453,906.64,143116,False,,20260922_040757,50000,1342,0.05
Zart,1,syn_n50000_i2000_l20_s16_c025,minsup,0.01140858,300.1752,863.88,0,True,,20260922_040757,50000,1313,0.12
Eclat_Gen_Borgelt,1,syn_n50000_i2000_l20_s16_c06,minsup,0.03852144,0.375,40.37,143115,False,,20260922_040758,50000,1342,0.05
FPgrowth_Gen_Borgelt,1,syn_n50000_i2000_l20_s16_c06,minsup,0.03852144,0.3311,50.96,143115,False,,20260922_040758,50000,1342,0.05
Gr_growth,1,syn_n50000_i2000_l20_s16_c06,minsup,0.03852144,0.3761,30.43,143259,False,,20260922_040758,50000,1342,0.05
TalkyG_Diffset,1,syn_n50000_i2000_l20_s16_c06,minsup,0.03852144,1.5464,611.9,143116,False,,20260922_040800,50000,1342,0.05
Talky_G,1,syn_n50000_i2000_l20_s16_c06,minsup,0.03852144,1.4006,824.7,143116,False,,20260922_040801,50000,1342,0.05
Pascal,1,syn_n50000_i2000_l20_s16_c025,minsup,0.00371628,300.1341,165.86,5906,True,,20260922_040933,50000,1313,0.25
Apriori_Gen_Borgelt,1,syn_n50000_i2000_l20_s16_c06,minsup,0.01092906,30.0873,54.53,1266180,False,,20260922_041004,50000,1342,0.12
TalkyG_Diffset,1,syn_n50000_i2000_l20_s16_c025,minsup,0.00371628,300.1876,972.97,2314814,True,,20260922_041010,50000,1313,0.25
Eclat_Gen_Borgelt,1,syn_n50000_i2000_l20_s16_c06,minsup,0.01092906,1.4076,136.07,1266180,False,,20260922_041012,50000,1342,0.12
FPgrowth_Gen_Borgelt,1,syn_n50000_i2000_l20_s16_c06,minsup,0.01092906,1.0835,168.52,1266180,False,,20260922_041013,50000,1342,0.12
Gr_growth,1,syn_n50000_i2000_l20_s16_c06,minsup,0.01092906,1.4481,77.46,1269581,False,,20260922_041015,50000,1342,0.12
DefMe,1,syn_n50000_i2000_l20_s16_c06,minsup,0.01092906,12.4349,998.89,1266181,False,,20260922_041016,50000,1342,0.12
Talky_G,1,syn_n50000_i2000_l20_s16_c025,minsup,0.00371628,300.1154,843.61,2376032,True,,20260922_041018,50000,1313,0.25
Zart,1,syn_n50000_i2000_l20_s16_c025,minsup,0.00371628,300.1698,952.8,0,True,,20260922_041033,50000,1313,0.25
Talky_G,1,syn_n50000_i2000_l20_s16_c06,minsup,0.01092906,52.0552,820.23,1266181,False,,20260922_041110,50000,1342,0.12
TalkyG_Diffset,1,syn_n50000_i2000_l20_s16_c06,minsup,0.01092906,54.4576,763.19,1266181,False,,20260922_041111,50000,1342,0.12
Apriori_Gen_Borgelt,1,syn_n50000_i2000_l20_s16_c06,minsup,0.002997,85.3477,221.68,6466567,False,,20260922_041236,50000,1342,0.25
Eclat_Gen_Borgelt,1,syn_n50000_i2000_l20_s16_c06,minsup,0.002997,6.3319,563.51,6466567,False,,20260922_041243,50000,1342,0.25
DefMe,1,syn_n50000_i2000_l20_s16_c06,minsup,0.002997,93.9092,1202.59,6466568,False,,20260922_041246,50000,1342,0.25
FPgrowth_Gen_Borgelt,1,syn_n50000_i2000_l20_s16_c06,minsup,0.002997,4.9186,620.73,6466567,False,,20260922_041248,50000,1342,0.25
Gr_growth,1,syn_n50000_i2000_l20_s16_c06,minsup,0.002997,6.581,319.93,6466568,False,,20260922_041253,50000,1342,0.25
Pascal,1,syn_n50000_i2000_l20_s16_c06,minsup,0.03852144,300.1252,169.93,48069,True,,20260922_041258,50000,1342,0.05
Zart,1,syn_n50000_i2000_l20_s16_c06,minsup,0.03852144,300.1664,699.91,0,True,,20260922_041302,50000,1342,0.05
Pascal,1,syn_n50000_i2000_l20_s16_c06,minsup,0.01092906,300.1438,164.15,18354,True,,20260922_041516,50000,1342,0.12
Apriori_Gen_Borgelt,1,syn_n50000_i2000_l40_s00_c025,minsup,0.0284715,0.1237,12.35,40,False,,20260922_041516,50000,2000,0.02
DefMe,1,syn_n50000_i2000_l40_s00_c025,minsup,0.0284715,0.6382,247.07,41,False,,20260922_041517,50000,2000,0.02
Eclat_Gen_Borgelt,1,syn_n50000_i2000_l40_s00_c025,minsup,0.0284715,0.1101,12.37,40,False,,20260922_041517,50000,2000,0.02
FPgrowth_Gen_Borgelt,1,syn_n50000_i2000_l40_s00_c025,minsup,0.0284715,0.1087,12.02,40,False,,20260922_041517,50000,2000,0.02
Gr_growth,1,syn_n50000_i2000_l40_s00_c025,minsup,0.0284715,0.1008,13.92,41,False,,20260922_041517,50000,2000,0.02
Pascal,1,syn_n50000_i2000_l40_s00_c025,minsup,0.0284715,4.3915,256.94,40,False,,20260922_041522,50000,2000,0.02
TalkyG_Diffset,1,syn_n50000_i2000_l40_s00_c025,minsup,0.0284715,0.8362,207.48,41,False,,20260922_041523,50000,2000,0.02
Talky_G,1,syn_n50000_i2000_l40_s00_c025,minsup,0.0284715,0.9527,248.51,41,False,,20260922_041524,50000,2000,0.02
Zart,1,syn_n50000_i2000_l40_s00_c025,minsup,0.0284715,1.1074,689.02,41,False,,20260922_041525,50000,2000,0.02
Apriori_Gen_Borgelt,1,syn_n50000_i2000_l40_s00_c025,minsup,0.02721276,0.1256,13.12,104,False,,20260922_041526,50000,2000,0.05
DefMe,1,syn_n50000_i2000_l40_s00_c025,minsup,0.02721276,0.7259,247.27,105,False,,20260922_041526,50000,2000,0.05
Eclat_Gen_Borgelt,1,syn_n50000_i2000_l40_s00_c025,minsup,0.02721276,0.1328,13.43,104,False,,20260922_041527,50000,2000,0.05
FPgrowth_Gen_Borgelt,1,syn_n50000_i2000_l40_s00_c025,minsup,0.02721276,0.1326,13.44,104,False,,20260922_041527,50000,2000,0.05
Gr_growth,1,syn_n50000_i2000_l40_s00_c025,minsup,0.02721276,0.1248,16.14,105,False,,20260922_041527,50000,2000,0.05
Zart,1,syn_n50000_i2000_l20_s16_c06,minsup,0.01092906,300.1425,1004.9,0,True,,20260922_041533,50000,1342,0.12
TalkyG_Diffset,1,syn_n50000_i2000_l40_s00_c025,minsup,0.02721276,0.8907,207.53,105,False,,20260922_041534,50000,2000,0.05
Talky_G,1,syn_n50000_i2000_l40_s00_c025,minsup,0.02721276,0.9028,246.72,105,False,,20260922_041535,50000,2000,0.05
Zart,1,syn_n50000_i2000_l40_s00_c025,minsup,0.02721276,3.6804,729.11,105,False,,20260922_041539,50000,2000,0.05
Apriori_Gen_Borgelt,1,syn_n50000_i2000_l40_s00_c025,minsup,0.02585412,0.1322,13.61,248,False,,20260922_041540,50000,2000,0.12
DefMe,1,syn_n50000_i2000_l40_s00_c025,minsup,0.02585412,0.7247,382.55,249,False,,20260922_041540,50000,2000,0.12
Eclat_Gen_Borgelt,1,syn_n50000_i2000_l40_s00_c025,minsup,0.02585412,0.1463,16.15,248,False,,20260922_041541,50000,2000,0.12
FPgrowth_Gen_Borgelt,1,syn_n50000_i2000_l40_s00_c025,minsup,0.02585412,0.146,23.21,248,False,,20260922_041541,50000,2000,0.12
Gr_growth,1,syn_n50000_i2000_l40_s00_c025,minsup,0.02585412,0.1824,23.32,249,False,,20260922_041541,50000,2000,0.12
Pascal,1,syn_n50000_i2000_l40_s00_c025,minsup,0.02721276,26.8291,255.9,104,False,,20260922_041554,50000,2000,0.05
TalkyG_Diffset,1,syn_n50000_i2000_l40_s00_c025,minsup,0.02585412,0.8317,208.26,249,False,,20260922_041555,50000,2000,0.12
Talky_G,1,syn_n50000_i2000_l40_s00_c025,minsup,0.02585412,0.8809,270.49,249,False,,20260922_041556,50000,2000,0.12
Zart,1,syn_n50000_i2000_l40_s00_c025,minsup,0.02585412,29.6771,830.39,249,False,,20260922_041626,50000,2000,0.12
Apriori_Gen_Borgelt,1,syn_n50000_i2000_l40_s00_c025,minsup,0.024255719999999998,0.17,13.28,506,False,,20260922_041626,50000,2000,0.25
DefMe,1,syn_n50000_i2000_l40_s00_c025,minsup,0.024255719999999998,0.8822,770.2,507,False,,20260922_041627,50000,2000,0.25
Eclat_Gen_Borgelt,1,syn_n50000_i2000_l40_s00_c025,minsup,0.024255719999999998,0.1772,23.42,506,False,,20260922_041628,50000,2000,0.25
FPgrowth_Gen_Borgelt,1,syn_n50000_i2000_l40_s00_c025,minsup,0.024255719999999998,0.2187,35.43,506,False,,20260922_041628,50000,2000,0.25
Gr_growth,1,syn_n50000_i2000_l40_s00_c025,minsup,0.024255719999999998,0.2557,35.61,507,False,,20260922_041629,50000,2000,0.25
Pascal,1,syn_n50000_i2000_l20_s16_c06,minsup,0.002997,300.1195,173.27,6726,True,,20260922_041749,50000,1342,0.25
TalkyG_Diffset,1,syn_n50000_i2000_l40_s00_c025,minsup,0.024255719999999998,0.8475,231.12,507,False,,20260922_041750,50000,2000,0.25
Talky_G,1,syn_n50000_i2000_l40_s00_c025,minsup,0.024255719999999998,0.8216,249.48,507,False,,20260922_041751,50000,2000,0.25
TalkyG_Diffset,1,syn_n50000_i2000_l20_s16_c06,minsup,0.002997,300.1396,945.01,2051019,True,,20260922_041754,50000,1342,0.25
Apriori_Gen_Borgelt,1,syn_n50000_i2000_l40_s00_c06,minsup,0.02705292,0.1164,11.85,41,False,,20260922_041754,50000,2000,0.02
DefMe,1,syn_n50000_i2000_l40_s00_c06,minsup,0.02705292,0.5997,246.65,42,False,,20260922_041755,50000,2000,0.02
Eclat_Gen_Borgelt,1,syn_n50000_i2000_l40_s00_c06,minsup,0.02705292,0.1125,11.54,41,False,,20260922_041755,50000,2000,0.02
FPgrowth_Gen_Borgelt,1,syn_n50000_i2000_l40_s00_c06,minsup,0.02705292,0.1058,11.83,41,False,,20260922_041755,50000,2000,0.02
Gr_growth,1,syn_n50000_i2000_l40_s00_c06,minsup,0.02705292,0.1005,14.08,42,False,,20260922_041756,50000,2000,0.02
Talky_G,1,syn_n50000_i2000_l20_s16_c06,minsup,0.002997,300.1206,836.48,2094165,True,,20260922_041759,50000,1342,0.25
TalkyG_Diffset,1,syn_n50000_i2000_l40_s00_c06,minsup,0.02705292,0.782,203.48,42,False,,20260922_041759,50000,2000,0.02
Pascal,1,syn_n50000_i2000_l40_s00_c06,minsup,0.02705292,4.3641,250.43,41,False,,20260922_041800,50000,2000,0.02
Talky_G,1,syn_n50000_i2000_l40_s00_c06,minsup,0.02705292,0.8162,255.9,42,False,,20260922_041800,50000,2000,0.02
Apriori_Gen_Borgelt,1,syn_n50000_i2000_l40_s00_c06,minsup,0.02589408,0.0887,12.87,102,False,,20260922_041801,50000,2000,0.05
DefMe,1,syn_n50000_i2000_l40_s00_c06,minsup,0.02589408,0.6118,247.77,103,False,,20260922_041801,50000,2000,0.05
Eclat_Gen_Borgelt,1,syn_n50000_i2000_l40_s00_c06,minsup,0.02589408,0.1058,12.4,102,False,,20260922_041802,50000,2000,0.05
FPgrowth_Gen_Borgelt,1,syn_n50000_i2000_l40_s00_c06,minsup,0.02589408,0.1174,12.99,102,False,,20260922_041802,50000,2000,0.05
Zart,1,syn_n50000_i2000_l40_s00_c06,minsup,0.02705292,1.5555,880.5,42,False,,20260922_041802,50000,2000,0.02
Zart,1,syn_n50000_i2000_l20_s16_c06,minsup,0.002997,300.2001,954.68,0,True,,20260922_041802,50000,1342,0.25
Gr_growth,1,syn_n50000_i2000_l40_s00_c06,minsup,0.02589408,0.1819,15.86,103,False,,20260922_041802,50000,2000,0.05
TalkyG_Diffset,1,syn_n50000_i2000_l40_s00_c06,minsup,0.02589408,0.9217,204.04,103,False,,20260922_041803,50000,2000,0.05
Talky_G,1,syn_n50000_i2000_l40_s00_c06,minsup,0.02589408,0.842,253.43,103,False,,20260922_041803,50000,2000,0.05
Apriori_Gen_Borgelt,1,syn_n50000_i2000_l40_s00_c06,minsup,0.0244755,0.1101,13.29,244,False,,20260922_041804,50000,2000,0.12
DefMe,1,syn_n50000_i2000_l40_s00_c06,minsup,0.0244755,0.6583,319.24,245,False,,20260922_041804,50000,2000,0.12
Eclat_Gen_Borgelt,1,syn_n50000_i2000_l40_s00_c06,minsup,0.0244755,0.1466,13.21,244,False,,20260922_041805,50000,2000,0.12
FPgrowth_Gen_Borgelt,1,syn_n50000_i2000_l40_s00_c06,minsup,0.0244755,0.1387,18.61,244,False,,20260922_041805,50000,2000,0.12
Gr_growth,1,syn_n50000_i2000_l40_s00_c06,minsup,0.0244755,0.1449,22.54,245,False,,20260922_041805,50000,2000,0.12
Zart,1,syn_n50000_i2000_l40_s00_c06,minsup,0.02589408,4.4377,890.3,103,False,,20260922_041808,50000,2000,0.05
TalkyG_Diffset,1,syn_n50000_i2000_l40_s00_c06,minsup,0.0244755,0.776,204.93,245,False,,20260922_041809,50000,2000,0.12
Talky_G,1,syn_n50000_i2000_l40_s00_c06,minsup,0.0244755,0.8102,254.35,245,False,,20260922_041810,50000,2000,0.12
Pascal,1,syn_n50000_i2000_l40_s00_c025,minsup,0.02585412,150.0534,262.51,248,False,,20260922_041812,50000,2000,0.12
Apriori_Gen_Borgelt,1,syn_n50000_i2000_l40_s00_c06,minsup,0.023036940000000002,0.1263,17.55,506,False,,20260922_041812,50000,2000,0.25
DefMe,1,syn_n50000_i2000_l40_s00_c06,minsup,0.023036940000000002,0.8471,766.98,507,False,,20260922_041813,50000,2000,0.25
Eclat_Gen_Borgelt,1,syn_n50000_i2000_l40_s00_c06,minsup,0.023036940000000002,0.1513,15.83,506,False,,20260922_041813,50000,2000,0.25
FPgrowth_Gen_Borgelt,1,syn_n50000_i2000_l40_s00_c06,minsup,0.023036940000000002,0.1944,33.83,506,False,,20260922_041813,50000,2000,0.25
Gr_growth,1,syn_n50000_i2000_l40_s00_c06,minsup,0.023036940000000002,0.2399,34.33,507,False,,20260922_041814,50000,2000,0.25
Pascal,1,syn_n50000_i2000_l40_s00_c06,minsup,0.02589408,24.5731,240.33,102,False,,20260922_041827,50000,2000,0.05
TalkyG_Diffset,1,syn_n50000_i2000_l40_s00_c06,minsup,0.023036940000000002,0.8295,203.92,507,False,,20260922_041828,50000,2000,0.25
Talky_G,1,syn_n50000_i2000_l40_s00_c06,minsup,0.023036940000000002,0.7812,254.56,507,False,,20260922_041829,50000,2000,0.25
Zart,1,syn_n50000_i2000_l40_s00_c06,minsup,0.0244755,33.5819,873.34,245,False,,20260922_041843,50000,2000,0.12
Apriori_Gen_Borgelt,1,syn_n50000_i2000_l40_s08_c025,minsup,0.13424562,0.1905,17.6,283,False,,20260922_041844,50000,2000,0.02
DefMe,1,syn_n50000_i2000_l40_s08_c025,minsup,0.13424562,0.5772,247.63,284,False,,20260922_041844,50000,2000,0.02
Eclat_Gen_Borgelt,1,syn_n50000_i2000_l40_s08_c025,minsup,0.13424562,0.1593,22.7,283,False,,20260922_041845,50000,2000,0.02
FPgrowth_Gen_Borgelt,1,syn_n50000_i2000_l40_s08_c025,minsup,0.13424562,0.1702,22.91,283,False,,20260922_041845,50000,2000,0.02
Gr_growth,1,syn_n50000_i2000_l40_s08_c025,minsup,0.13424562,0.1426,22.29,284,False,,20260922_041845,50000,2000,0.02
Pascal,1,syn_n50000_i2000_l40_s08_c025,minsup,0.13424562,6.0919,252.55,283,False,,20260922_041851,50000,2000,0.02
TalkyG_Diffset,1,syn_n50000_i2000_l40_s08_c025,minsup,0.13424562,0.8123,230.57,284,False,,20260922_041852,50000,2000,0.02
Talky_G,1,syn_n50000_i2000_l40_s08_c025,minsup,0.13424562,0.7348,250.86,284,False,,20260922_041853,50000,2000,0.02
Zart,1,syn_n50000_i2000_l40_s08_c025,minsup,0.13424562,2.5229,703.93,284,False,,20260922_041856,50000,2000,0.02
Apriori_Gen_Borgelt,1,syn_n50000_i2000_l40_s08_c025,minsup,0.06591402,0.2343,18.78,1501,False,,20260922_041856,50000,2000,0.05
DefMe,1,syn_n50000_i2000_l40_s08_c025,minsup,0.06591402,0.5839,249.91,1502,False,,20260922_041857,50000,2000,0.05
Eclat_Gen_Borgelt,1,syn_n50000_i2000_l40_s08_c025,minsup,0.06591402,0.2016,27.51,1501,False,,20260922_041857,50000,2000,0.05
FPgrowth_Gen_Borgelt,1,syn_n50000_i2000_l40_s08_c025,minsup,0.06591402,0.2326,34.67,1501,False,,20260922_041858,50000,2000,0.05
Gr_growth,1,syn_n50000_i2000_l40_s08_c025,minsup,0.06591402,0.2855,32.93,1502,False,,20260922_041858,50000,2000,0.05
Pascal,1,syn_n50000_i2000_l40_s08_c025,minsup,0.06591402,35.1703,263.35,1501,False,,20260922_041933,50000,2000,0.05
TalkyG_Diffset,1,syn_n50000_i2000_l40_s08_c025,minsup,0.06591402,0.7646,250.25,1502,False,,20260922_041934,50000,2000,0.05
Talky_G,1,syn_n50000_i2000_l40_s08_c025,minsup,0.06591402,0.7994,250.12,1502,False,,20260922_041935,50000,2000,0.05
Zart,1,syn_n50000_i2000_l40_s08_c025,minsup,0.06591402,13.369,859.54,1502,False,,20260922_041949,50000,2000,0.05
Apriori_Gen_Borgelt,1,syn_n50000_i2000_l40_s08_c025,minsup,0.03408588,0.3113,20.23,6542,False,,20260922_041949,50000,2000,0.12
DefMe,1,syn_n50000_i2000_l40_s08_c025,minsup,0.03408588,0.7056,541.18,6543,False,,20260922_041950,50000,2000,0.12
Eclat_Gen_Borgelt,1,syn_n50000_i2000_l40_s08_c025,minsup,0.03408588,0.3065,35.73,6542,False,,20260922_041950,50000,2000,0.12
FPgrowth_Gen_Borgelt,1,syn_n50000_i2000_l40_s08_c025,minsup,0.03408588,0.5192,64.22,6542,False,,20260922_041951,50000,2000,0.12
Gr_growth,1,syn_n50000_i2000_l40_s08_c025,minsup,0.03408588,0.5586,46.07,6550,False,,20260922_041952,50000,2000,0.12
Pascal,1,syn_n50000_i2000_l40_s00_c06,minsup,0.0244755,134.7795,244.01,244,False,,20260922_042020,50000,2000,0.12
TalkyG_Diffset,1,syn_n50000_i2000_l40_s08_c025,minsup,0.03408588,0.8094,382.68,6543,False,,20260922_042021,50000,2000,0.12
Talky_G,1,syn_n50000_i2000_l40_s08_c025,minsup,0.03408588,0.7878,250.66,6543,False,,20260922_042022,50000,2000,0.12
Zart,1,syn_n50000_i2000_l40_s00_c06,minsup,0.023036940000000002,175.4086,953.98,507,False,,20260922_042124,50000,2000,0.25
Apriori_Gen_Borgelt,1,syn_n50000_i2000_l40_s08_c025,minsup,0.018381599999999998,0.5736,23.02,24900,False,,20260922_042125,50000,2000,0.25
DefMe,1,syn_n50000_i2000_l40_s08_c025,minsup,0.018381599999999998,1.0217,790.55,24901,False,,20260922_042126,50000,2000,0.25
Eclat_Gen_Borgelt,1,syn_n50000_i2000_l40_s08_c025,minsup,0.018381599999999998,0.4336,43.01,24900,False,,20260922_042127,50000,2000,0.25
FPgrowth_Gen_Borgelt,1,syn_n50000_i2000_l40_s08_c025,minsup,0.018381599999999998,0.852,115.73,24900,False,,20260922_042128,50000,2000,0.25
Gr_growth,1,syn_n50000_i2000_l40_s08_c025,minsup,0.018381599999999998,0.9358,59.33,24950,False,,20260922_042129,50000,2000,0.25
Pascal,1,syn_n50000_i2000_l40_s00_c025,minsup,0.024255719999999998,300.1435,266.87,228,True,,20260922_042129,50000,2000,0.25
TalkyG_Diffset,1,syn_n50000_i2000_l40_s08_c025,minsup,0.018381599999999998,1.0601,721.11,24901,False,,20260922_042130,50000,2000,0.25
Talky_G,1,syn_n50000_i2000_l40_s08_c025,minsup,0.018381599999999998,0.9422,452.69,24901,False,,20260922_042131,50000,2000,0.25
Zart,1,syn_n50000_i2000_l40_s08_c025,minsup,0.03408588,85.2426,852.8,6543,False,,20260922_042147,50000,2000,0.12
Apriori_Gen_Borgelt,1,syn_n50000_i2000_l40_s08_c06,minsup,0.12475512000000001,0.1466,17.11,234,False,,20260922_042148,50000,2000,0.02
DefMe,1,syn_n50000_i2000_l40_s08_c06,minsup,0.12475512000000001,0.5939,249.84,235,False,,20260922_042148,50000,2000,0.02
Eclat_Gen_Borgelt,1,syn_n50000_i2000_l40_s08_c06,minsup,0.12475512000000001,0.181,22.11,234,False,,20260922_042149,50000,2000,0.02
FPgrowth_Gen_Borgelt,1,syn_n50000_i2000_l40_s08_c06,minsup,0.12475512000000001,0.1534,13.61,234,False,,20260922_042149,50000,2000,0.02
Gr_growth,1,syn_n50000_i2000_l40_s08_c06,minsup,0.12475512000000001,0.1547,21.86,235,False,,20260922_042149,50000,2000,0.02
Zart,1,syn_n50000_i2000_l40_s00_c025,minsup,0.024255719999999998,243.2301,1030.34,507,False,,20260922_042154,50000,2000,0.25
Pascal,1,syn_n50000_i2000_l40_s08_c06,minsup,0.12475512000000001,5.0736,240.53,234,False,,20260922_042154,50000,2000,0.02
TalkyG_Diffset,1,syn_n50000_i2000_l40_s08_c06,minsup,0.12475512000000001,0.8511,204.49,235,False,,20260922_042155,50000,2000,0.02
Talky_G,1,syn_n50000_i2000_l40_s08_c06,minsup,0.12475512000000001,0.8047,264.89,235,False,,20260922_042155,50000,2000,0.02
Apriori_Gen_Borgelt,1,syn_n50000_i2000_l40_s08_c06,minsup,0.06335658000000001,0.1652,18.08,1103,False,,20260922_042156,50000,2000,0.05
DefMe,1,syn_n50000_i2000_l40_s08_c06,minsup,0.06335658000000001,0.6018,296.92,1104,False,,20260922_042156,50000,2000,0.05
Eclat_Gen_Borgelt,1,syn_n50000_i2000_l40_s08_c06,minsup,0.06335658000000001,0.1958,26.15,1103,False,,20260922_042157,50000,2000,0.05
FPgrowth_Gen_Borgelt,1,syn_n50000_i2000_l40_s08_c06,minsup,0.06335658000000001,0.2386,32.95,1103,False,,20260922_042157,50000,2000,0.05
Gr_growth,1,syn_n50000_i2000_l40_s08_c06,minsup,0.06335658000000001,0.2326,32.18,1104,False,,20260922_042158,50000,2000,0.05
Zart,1,syn_n50000_i2000_l40_s08_c06,minsup,0.12475512000000001,3.1326,732.39,235,False,,20260922_042158,50000,2000,0.02
TalkyG_Diffset,1,syn_n50000_i2000_l40_s08_c06,minsup,0.06335658000000001,0.7677,244.66,1104,False,,20260922_042159,50000,2000,0.05
Talky_G,1,syn_n50000_i2000_l40_s08_c06,minsup,0.06335658000000001,0.7991,254.89,1104,False,,20260922_042200,50000,2000,0.05
Zart,1,syn_n50000_i2000_l40_s08_c06,minsup,0.06335658000000001,10.4988,869.73,1104,False,,20260922_042211,50000,2000,0.05
Apriori_Gen_Borgelt,1,syn_n50000_i2000_l40_s08_c06,minsup,0.03200796,0.2792,19.48,4929,False,,20260922_042211,50000,2000,0.12
DefMe,1,syn_n50000_i2000_l40_s08_c06,minsup,0.03200796,0.7206,484.68,4930,False,,20260922_042212,50000,2000,0.12
Eclat_Gen_Borgelt,1,syn_n50000_i2000_l40_s08_c06,minsup,0.03200796,0.3021,33.36,4929,False,,20260922_042213,50000,2000,0.12
FPgrowth_Gen_Borgelt,1,syn_n50000_i2000_l40_s08_c06,minsup,0.03200796,0.4418,57.62,4929,False,,20260922_042213,50000,2000,0.12
Gr_growth,1,syn_n50000_i2000_l40_s08_c06,minsup,0.03200796,0.4839,44.3,4934,False,,20260922_042214,50000,2000,0.12
Pascal,1,syn_n50000_i2000_l40_s08_c06,minsup,0.06335658000000001,29.9327,239.08,1103,False,,20260922_042228,50000,2000,0.05
TalkyG_Diffset,1,syn_n50000_i2000_l40_s08_c06,minsup,0.03200796,0.8116,337.23,4930,False,,20260922_042229,50000,2000,0.12
Talky_G,1,syn_n50000_i2000_l40_s08_c06,minsup,0.03200796,0.8569,255.05,4930,False,,20260922_042230,50000,2000,0.12
Pascal,1,syn_n50000_i2000_l40_s08_c025,minsup,0.03408588,195.6252,272.61,6542,False,,20260922_042307,50000,2000,0.12
Apriori_Gen_Borgelt,1,syn_n50000_i2000_l40_s08_c06,minsup,0.01852146,0.4048,21.59,15751,False,,20260922_042308,50000,2000,0.25
DefMe,1,syn_n50000_i2000_l40_s08_c06,minsup,0.01852146,0.9318,779.49,15752,False,,20260922_042309,50000,2000,0.25
Eclat_Gen_Borgelt,1,syn_n50000_i2000_l40_s08_c06,minsup,0.01852146,0.3618,40.85,15751,False,,20260922_042310,50000,2000,0.25
FPgrowth_Gen_Borgelt,1,syn_n50000_i2000_l40_s08_c06,minsup,0.01852146,0.7393,99.45,15751,False,,20260922_042310,50000,2000,0.25
Gr_growth,1,syn_n50000_i2000_l40_s08_c06,minsup,0.01852146,0.7961,56.88,15799,False,,20260922_042311,50000,2000,0.25
Pascal,1,syn_n50000_i2000_l40_s00_c06,minsup,0.023036940000000002,300.0593,251.79,228,True,,20260922_042314,50000,2000,0.25
TalkyG_Diffset,1,syn_n50000_i2000_l40_s08_c06,minsup,0.01852146,0.9528,513.27,15752,False,,20260922_042315,50000,2000,0.25
Talky_G,1,syn_n50000_i2000_l40_s08_c06,minsup,0.01852146,0.8726,453.11,15752,False,,20260922_042316,50000,2000,0.25
Zart,1,syn_n50000_i2000_l40_s08_c06,minsup,0.03200796,90.6504,756.8,4930,False,,20260922_042400,50000,2000,0.12
Apriori_Gen_Borgelt,1,syn_n50000_i2000_l40_s16_c025,minsup,0.30235734,39.9422,30.15,365550,False,,20260922_042440,50000,1775,0.02
DefMe,1,syn_n50000_i2000_l40_s16_c025,minsup,0.30235734,3.7069,676.93,365551,False,,20260922_042444,50000,1775,0.02
Eclat_Gen_Borgelt,1,syn_n50000_i2000_l40_s16_c025,minsup,0.30235734,0.4409,66.14,365550,False,,20260922_042445,50000,1775,0.02
FPgrowth_Gen_Borgelt,1,syn_n50000_i2000_l40_s16_c025,minsup,0.30235734,0.3136,59.2,365550,False,,20260922_042445,50000,1775,0.02
Gr_growth,1,syn_n50000_i2000_l40_s16_c025,minsup,0.30235734,0.4163,35.82,365551,False,,20260922_042446,50000,1775,0.02
Pascal,1,syn_n50000_i2000_l40_s08_c06,minsup,0.03200796,172.2133,250.92,4929,False,,20260922_042506,50000,2000,0.12
TalkyG_Diffset,1,syn_n50000_i2000_l40_s16_c025,minsup,0.30235734,3.0744,703.54,365551,False,,20260922_042509,50000,1775,0.02
Talky_G,1,syn_n50000_i2000_l40_s16_c025,minsup,0.30235734,2.9546,720.53,365551,False,,20260922_042512,50000,1775,0.02
Pascal,1,syn_n50000_i2000_l40_s08_c025,minsup,0.018381599999999998,300.1382,261.22,229,True,,20260922_042629,50000,2000,0.25
Zart,1,syn_n50000_i2000_l40_s08_c025,minsup,0.018381599999999998,300.1646,769.03,0,True,,20260922_042631,50000,2000,0.25
Pascal,1,syn_n50000_i2000_l40_s08_c06,minsup,0.01852146,300.14,245.4,228,True,,20260922_042812,50000,2000,0.25
Zart,1,syn_n50000_i2000_l40_s08_c06,minsup,0.01852146,300.1735,837.74,0,True,,20260922_042816,50000,2000,0.25
Eclat_Gen_Borgelt,1,syn_n50000_i2000_l40_s16_c025,minsup,0.08891099999999999,8.777,869.18,9463606,False,,20260922_042821,50000,1775,0.05
FPgrowth_Gen_Borgelt,1,syn_n50000_i2000_l40_s16_c025,minsup,0.08891099999999999,7.3077,910.71,9463606,False,,20260922_042825,50000,1775,0.05
Gr_growth,1,syn_n50000_i2000_l40_s16_c025,minsup,0.08891099999999999,9.3876,492.75,9463607,False,,20260922_042832,50000,1775,0.05
DefMe,1,syn_n50000_i2000_l40_s16_c025,minsup,0.08891099999999999,152.3695,981.26,9463607,False,,20260922_042905,50000,1775,0.05
Pascal,1,syn_n50000_i2000_l40_s16_c025,minsup,0.30235734,300.1264,257.65,12409,True,,20260922_042946,50000,1775,0.02
Zart,1,syn_n50000_i2000_l40_s16_c025,minsup,0.30235734,300.1868,758.0,0,True,,20260922_043013,50000,1775,0.02
Apriori_Gen_Borgelt,1,syn_n50000_i2000_l40_s16_c025,minsup,0.08891099999999999,300.1102,194.04,0,True,,20260922_043129,50000,1775,0.05
Pascal,1,syn_n50000_i2000_l40_s16_c025,minsup,0.08891099999999999,300.14,256.3,15704,True,,20260922_043325,50000,1775,0.05
TalkyG_Diffset,1,syn_n50000_i2000_l40_s16_c025,minsup,0.08891099999999999,300.1725,1024.47,3512365,True,,20260922_043333,50000,1775,0.05
Talky_G,1,syn_n50000_i2000_l40_s16_c025,minsup,0.08891099999999999,300.1819,1027.84,3956499,True,,20260922_043405,50000,1775,0.05
Zart,1,syn_n50000_i2000_l40_s16_c025,minsup,0.08891099999999999,300.0977,1007.56,0,True,,20260922_043447,50000,1775,0.05
Apriori_Gen_Borgelt,1,syn_n50000_i2000_l40_s16_c025,minsup,0.02155842,300.136,471.32,0,True,,20260922_043513,50000,1775,0.12
DefMe,1,syn_n50000_i2000_l40_s16_c025,minsup,0.02155842,300.1697,983.36,11141060,True,,20260922_043630,50000,1775,0.12
